t,x,vx,ax,y,vy,ay,z,vz,az,roll,wx,alphax,pitch,wy,alphay,yaw,wz,alphaz

0,0,0,0,0,0,0,0,0,0,0,0,0,0,0,0,1.16742799551632,0,0
0.010002705271063,1.68080398929157e-12,6.71830785135405e-10,2.0134032189234e-07,4.04790877268643e-12,1.61788378617138e-09,4.84813197177985e-07,0,0,0,0,0,0,0,0,0,1.16742799551632,0,0
0.020005410542126,2.68434488016616e-11,5.36230110051535e-09,8.02894488993457e-07,6.46319123772678e-11,1.29094371868162e-08,1.93253242271002e-06,0,0,0,0,0,0,0,0,0,1.16742799551632,0,0
0.030008115813189,1.35645149324315e-10,1.80561718604233e-08,1.80097406775167e-06,3.26518500563819e-10,4.34560383449686e-08,4.3331103666287e-06,0,0,0,0,0,0,0,0,0,1.16742799551632,0,0
0.040010821084252,4.27917249281965e-10,4.2701388025191e-08,3.19190628758688e-06,1.02981196570279e-09,1.02738786521992e-07,7.67654397332332e-06,0,0,0,0,0,0,0,0,0,1.16742799551632,0,0
0.050013526355315,1.04279774519775e-09,8.3209235130886e-08,4.97203401241808e-06,2.50895355526046e-09,2.00138944358526e-07,1.19528743610934e-05,0,0,0,0,0,0,0,0,0,1.16742799551632,0,0
0.060016231626378,2.15836537465007e-09,1.43454495534197e-07,7.13771571219085e-06,5.19172504405573e-09,3.44938379330748e-07,1.71521867417023e-05,0,0,0,0,0,0,0,0,0,1.16742799551632,0,0
0.070018936897441,3.99127526597659e-09,2.27275604372518e-07,9.68532543440493e-06,9.59825671824937e-09,5.46320004401956e-07,2.32646103399303e-05,0,0,0,0,0,0,0,0,0,1.16742799551632,0,0
0.080021642168504,6.79639614657659e-09,3.38474805239229e-07,1.26112527756417e-05,1.63400397630166e-08,8.13368217869461e-07,3.02803183131285e-05,0,0,0,0,0,0,0,0,0,1.16742799551632,0,0
0.0900243474395671,1.08664491069629e-08,4.80818305574177e-07,1.59119028530916e-05,2.61189430458542e-08,1.15506934240681e-06,3.81895276707722e-05,0,0,0,0,0,0,0,0,0,1.16742799551632,0,0
0.10002705271063,1.65316479177144e-08,6.58036431769354e-07,1.95836962760818e-05,3.97262342874725e-08,1.58031206330131e-06,4.69824991940142e-05,0,0,0,0,0,0,0,0,0,1.16742799551632,0,0
0.110029757981693,2.41593408964812e-08,8.73823783989773e-07,2.36230691176038e-05,5.80416056122246e-08,2.09788786588689e-06,5.66495373552387e-05,0,0,0,0,0,0,0,0,0,1.16742799551632,0,0
0.120032463252756,3.41536543221919e-08,1.13183939070954e-06,2.80264728858406e-05,8.2032203470022e-08,2.71649147217223e-06,6.71809902376142e-05,0,0,0,0,0,0,0,0,0,1.16742799551632,0,0
0.130035168523819,4.69551373936163e-08,1.43570686296314e-06,3.27903744956944e-05,1.12751662921689e-07,3.44472127666432e-06,7.85672494546474e-05,0,0,0,0,0,0,0,0,0,1.16742799551632,0,0
0.140037873794882,6.30404087294333e-08,1.78901454831187e-06,3.79112562403143e-05,1.51339146279708e-07,4.29107978138717e-06,9.07987500697366e-05,0,0,0,0,0,0,0,0,0,1.16742799551632,0,0
0.150040579065945,8.29218044069552e-08,2.19531568452557e-06,4.33856157626236e-05,1.99018386096302e-07,5.26397403009599e-06,0.000103865970515725,0,0,0,0,0,0,0,0,0,1.16742799551632,0,0
0.160043284337008,1.07147027536661e-07,2.65812855297942e-06,4.92099660268473e-05,2.57096732490808e-07,6.37171604168662e-06,0.000117759432514455,0,0,0,0,0,0,0,0,0,1.16742799551632,0,0
0.170045989608071,1.36298799369689e-07,3.18093663176606e-06,5.53808352900397e-05,3.26964204808301e-07,7.62252324280024e-06,0.000132469700996321,0,0,0,0,0,0,0,0,0,1.16742799551632,0,0
0.180048694879134,1.70994511935437e-07,3.76718874852283e-06,6.18947670736119e-05,4.10092547601399e-07,9.02451889962351e-06,0.000147987384019821,0,0,0,0,0,0,0,0,0,1.16742799551632,0,0
0.190051400150197,2.1188588220643e-07,4.42029923297421e-06,6.87483201348593e-05,5.08034290927223e-07,1.05857325488839e-05,0.000164303132691114,0,0,0,0,0,0,0,0,0,1.16742799551632,0,0
0.20005410542126,2.59658607787593e-07,5.14364806918955e-06,7.59380684384892e-05,6.22421814951444e-07,1.23141004280403e-05,0.000181407641083572,0,0,0,0,0,0,0,0,0,1.16742799551632,0,0
0.210056810692323,3.15032024127097e-07,5.94058104755583e-06,8.34606011281481e-05,7.54966418851384e-07,1.42174659046694e-05,0.00019929164615733,0,0,0,0,0,0,0,0,0,1.16742799551632,0,0
0.220059515963386,3.78758763245912e-07,6.8144099164658e-06,9.13125224979496e-05,9.07457394010107e-07,1.63035799050466e-05,0.000217945927678846,0,0,0,0,0,0,0,0,0,1.16742799551632,0,0
0.230062221234449,4.51624413983229e-07,7.76841253372118e-06,9.94904519640013e-05,1.08176110149346e-06,1.85801013419229e-05,0.00023736130814045,0,0,0,0,0,0,0,0,0,1.16742799551632,0,0
0.240064926505512,5.34447183754907e-07,8.80583301765113e-06,0.000107991024035933,1.27982005380203e-06,2.10545975414967e-05,0.000257528652679895,0,0,0,0,0,0,0,0,0,1.16742799551632,0,0
0.250067631776575,6.28077561822074e-07,9.92988189794593e-06,0.000116810888288424,1.50365200088991e-06,2.37345446695814e-05,0.00027843886899992,0,0,0,0,0,0,0,0,0,1.16742799551632,0,0
0.260070337047638,7.33397984067064e-07,1.11437362662058e-05,0.00012594670933273,1.75534902044232e-06,2.66273281569678e-05,0.000300082907287791,0,0,0,0,0,0,0,0,0,1.16742799551632,0,0
0.270073042318701,8.51322499273814e-07,1.24505399262048e-05,0.000135395166788212,2.03707661240393e-06,2.97402431239818e-05,0.000322451760134867,0,0,0,0,0,0,0,0,0,1.16742799551632,0,0
0.280075747589764,9.82796436909891e-07,1.38534035438705e-05,0.000145152955253861,2.35107279774993e-06,3.30804948042382e-05,0.000345536462456141,0,0,0,0,0,0,0,0,0,1.16742799551632,0,0
0.290078452860827,1.12879607640728e-06,1.53554047969779e-05,0.000155216784279831,2.69964722149172e-06,3.66551989675889e-05,0.000369328091409807,0,0,0,0,0,0,0,0,0,1.16742799551632,0,0
0.30008115813189,1.29032831793913e-06,1.69595885245595e-05,0.000165583378338959,3.08518025990921e-06,4.04713823422664e-05,0.000393817766316799,0,0,0,0,0,0,0,0,0,1.16742799551632,0,0
0.310083863402953,1.46843035468953e-06,1.86689668760297e-05,0.0001762494767983,3.51012213200172e-06,4.45359830362241e-05,0.000418996648580357,0,0,0,0,0,0,0,0,0,1.16742799551632,0,0
0.320086568674016,1.66416934661352e-06,2.04865194600253e-05,0.000187211833890648,3.9769920151493e-06,4.88558509576696e-05,0.000444855941605574,0,0,0,0,0,0,0,0,0,1.16742799551632,0,0
0.330089273945079,1.87864209568456e-06,2.24151934929606e-05,0.000198467218686068,4.48837716497663e-06,5.34377482347952e-05,0.00047138689071895,0,0,0,0,0,0,0,0,0,1.16742799551632,0,0
0.340091979216142,2.11297472262639e-06,2.44579039472974e-05,0.000210012415063423,5.04693203941119e-06,5.82883496347029e-05,0.000498580783087947,0,0,0,0,0,0,0,0,0,1.16742799551632,0,0
0.350094684487205,2.36832234512668e-06,2.66175336995314e-05,0.000221844221681899,5.65537742692789e-06,6.34142429815251e-05,0.000526428947640541,0,0,0,0,0,0,0,0,0,1.16742799551632,0,0
0.360097389758268,2.6458687575295e-06,2.88969336778923e-05,0.000233959451952534,6.316499578972e-06,6.88219295737396e-05,0.000554922754984777,0,0,0,0,0,0,0,0,0,1.16742799551632,0,0
0.370100095029331,2.9468261120037e-06,3.12989230097604e-05,0.000246354934009747,7.0331493465523e-06,7.45178246006818e-05,0.000584053617328321,0,0,0,0,0,0,0,0,0,1.16742799551632,0,0
0.380102800300394,3.27243460118452e-06,3.38262891687973e-05,0.000259027510682863,7.80824132099646e-06,8.05082575582502e-05,0.000613812988398016,0,0,0,0,0,0,0,0,0,1.16742799551632,0,0
0.390105505571457,3.62396214228542e-06,3.64817881217928e-05,0.000271974039467642,8.64475297886062e-06,8.67994726638087e-05,0.000644192363359431,0,0,0,0,0,0,0,0,0,1.16742799551632,0,0
0.40010821084252,4.00270406267738e-06,3.92681444752264e-05,0.000285191392497806,9.54572383098503e-06,9.33976292702832e-05,0.00067518327873642,0,0,0,0,0,0,0,0,0,1.16742799551632,0,0
0.410110916113583,4.40998278693275e-06,4.21880516215437e-05,0.000298676456516566,1.05142545756878e-05,0.000100308802279454,0.00070677731233067,0,0,0,0,0,0,0,0,0,1.16742799551632,0,0
0.420113621384646,4.84714752533093e-06,4.52441718851491e-05,0.000312426132848152,1.15535062560886e-05,0.000107538982554445,0.000738966083141258,0,0,0,0,0,0,0,0,0,1.16742799551632,0,0
0.430116326655709,5.3155739638228e-06,4.84391366681125e-05,0.000326437337369337,1.26666994215545e-05,0.000115094077331404,0.000771741251284206,0,0,0,0,0,0,0,0,0,1.16742799551632,0,0
0.440119031926772,5.81666395545133e-06,5.17755465955918e-05,0.000340707000480967,1.38571132932595e-05,0.000122979910630382,0.000805094517912029,0,0,0,0,0,0,0,0,0,1.16742799551632,0,0
0.450121737197835,6.35184521322527e-06,5.52559716609708e-05,0.000355232067079487,1.51280849338501e-05,0.000131202223665408,0.000839017625133293,0,0,0,0,0,0,0,0,0,1.16742799551632,0,0
0.460124442468898,6.92257100444329e-06,5.88829513707118e-05,0.00037000949652847,1.64830084212084e-05,0.000139766675253759,0.000873502355932166,0,0,0,0,0,0,0,0,0,1.16742799551632,0,0
0.470127147739961,7.53031984646555e-06,6.26589948889234e-05,0.000385036262630144,1.79253340263056e-05,0.000148678842224419,0.000908540534087975,0,0,0,0,0,0,0,0,0,1.16742799551632,0,0
0.480129853011024,8.17659520392988e-06,6.65865811816441e-05,0.000400309353596918,1.94585673951367e-05,0.000157944219825744,0.000944124024094755,0,0,0,0,0,0,0,0,0,1.16742799551632,0,0
0.490132558282087,8.86292518740988e-06,7.06681591608406e-05,0.000415825772022912,2.10862687347285e-05,0.000167568222132315,0.000980244731080805,0,0,0,0,0,0,0,0,0,1.16742799551632,0,0
0.50013526355315,9.59086225351184e-06,7.4906147828121e-05,0.000431582534855482,2.28120520032147e-05,0.000177556182450987,0.00101689460072824,0,0,0,0,0,0,0,0,0,1.16742799551632,0,0
0.510137968824213,1.03619829064079e-05,7.93029364181645e-05,0.000447576673366751,2.46395841039666e-05,0.000187913353726138,0.00105406561919255,0,0,0,0,0,0,0,0,0,1.16742799551632,0,0
0.520140674095276,1.11778874008021e-05,8.38608845418642e-05,0.000463805233125131,2.6572584083775e-05,0.000198644908944104,0.00109174981302214,0,0,0,0,0,0,0,0,0,1.16742799551632,0,0
0.530143379366339,1.20401994463277e-05,8.85823223291875e-05,0.000480265273966858,2.86148223350726e-05,0.000209755941536823,0.0011299392490779,0,0,0,0,0,0,0,0,0,1.16742799551632,0,0
0.540146084637402,1.29505659133709e-05,9.34695505717494e-05,0.000496953869967512,3.07701198021901e-05,0.000221251465784659,0.00116862603445276,0,0,0,0,0,0,0,0,0,1.16742799551632,0,0
0.550148789908465,1.39106565403198e-05,9.85248408651031e-05,0.000513868109413549,3.3042347191638e-05,0.000233136417218433,0.00120780231639121,0,0,0,0,0,0,0,0,0,1.16742799551632,0,0
0.560151495179528,1.49221636422359e-05,0.000103750435750744,0.000531005094773827,3.54354241864052e-05,0.000245415653020644,0.00124746028220889,0,0,0,0,0,0,0,0,0,1.16742799551632,0,0
0.570154200450591,1.59868018209432e-05,0.00010914854885783,0.000548361942671135,3.79533186642672e-05,0.000258093952425887,0.00128759215921214,0,0,0,0,0,0,0,0,0,1.16742799551632,0,0
0.580156905721654,1.71063076765348e-05,0.000114721365044617,0.000565935783853719,4.06000459200955e-05,0.000271176017120465,0.00132819021461754,0,0,0,0,0,0,0,0,0,1.16742799551632,0,0
0.590159610992717,1.82824395202916e-05,0.000120471040539609,0.000583723763166809,4.33796678921599e-05,0.000284666471641198,0.00136924675547147,0,0,0,0,0,0,0,0,0,1.16742799551632,0,0
0.60016231626378,1.9516977089013e-05,0.000126399703082423,0.000601723039524147,4.62962923924166e-05,0.000298569863773426,0.00141075412856964,0,0,0,0,0,0,0,0,0,1.16742799551632,0,0
0.610165021534843,2.08117212607532e-05,0.000132509452064371,0.000619930785879519,4.93540723407727e-05,0.000312890664948205,0.0014527047203767,0,0,0,0,0,0,0,0,0,1.16742799551632,0,0
0.620167726805906,2.21684937719642e-05,0.000138802358668755,0.000638344189198274,5.25572050033199e-05,0.000327633270638707,0.00149509095694573,0,0,0,0,0,0,0,0,0,1.16742799551632,0,0
0.630170432076969,2.35891369360395e-05,0.00014528046601088,0.000656960450428857,5.59099312345297e-05,0.000342802000755804,0.00153790530383785,0,0,0,0,0,0,0,0,0,1.16742799551632,0,0
0.640173137348032,2.50755133632575e-05,0.000151945789277777,0.000675776784474337,5.94165347234006e-05,0.000358401100042855,0.00158114026604172,0,0,0,0,0,0,0,0,0,1.16742799551632,0,0
0.650175842619095,2.66295056821205e-05,0.000158800315867648,0.000694790420163931,6.30813412435513e-05,0.000374434738469686,0.00162478838789313,0,0,0,0,0,0,0,0,0,1.16742799551632,0,0
0.660178547890158,2.82530162620877e-05,0.00016584600552902,0.000713998600224536,6.69087179072495e-05,0.000390907011625763,0.00166884225299454,0,0,0,0,0,0,0,0,0,1.16742799551632,0,0
0.670181253161221,2.99479669376982e-05,0.000173084790499619,0.000733398581252252,7.09030724233707e-05,0.000407821941112567,0.00171329448413465,0,0,0,0,0,0,0,0,0,1.16742799551632,0,0
0.680183958432284,3.17162987340825e-05,0.000180518575644958,0.000752987633683913,7.50688523592771e-05,0.000425183474935155,0.00175813774320793,0,0,0,0,0,0,0,0,0,1.16742799551632,0,0
0.690186663703347,3.35599715938573e-05,0.000188149238596636,0.000772763041768611,7.94105444066091e-05,0.000442995487892927,0.00180336473113416,0,0,0,0,0,0,0,0,0,1.16742799551632,0,0
0.70018936897441,3.54809641054042e-05,0.000195978629890357,0.000792722103539228,8.39326736509815e-05,0.000461261781969574,0.00184896818777805,0,0,0,0,0,0,0,0,0,1.16742799551632,0,0
0.710192074245473,3.74812732325259e-05,0.000204008573103664,0.00081286213078396,8.86398028455772e-05,0.000479986086722241,0.00189494089186872,0,0,0,0,0,0,0,0,0,1.16742799551632,0,0
0.720194779516537,3.95629140454794e-05,0.000212240864993387,0.000833180449017846,9.35365316886276e-05,0.000499172059669864,0.0019412756609193,0,0,0,0,0,0,0,0,0,1.16742799551632,0,0
0.730197484787599,4.17279194533828e-05,0.000220677275632804,0.000853674397454294,9.86274961047753e-05,0.000518823286680717,0.00198796535114645,0,0,0,0,0,0,0,0,0,1.16742799551632,0,0
0.740200190058663,4.39783399379922e-05,0.000229319548548521,0.000874341328976612,0.000103917367530309,0.000538943282359153,0.00203500285738994,0,0,0,0,0,0,0,0,0,1.16742799551632,0,0
0.750202895329725,4.63162432888466e-05,0.000238169400857065,0.000895178610109531,0.00010941085220226,0.00055953549043153,0.0020823811130322,0,0,0,0,0,0,0,0,0,1.16742799551632,0,0
0.760205600600788,4.87437143397778e-05,0.000247228523401194,0.000916183620990735,0.000115112690451361,0.000580603284131346,0.00213009308991787,0,0,0,0,0,0,0,0,0,1.16742799551632,0,0
0.770208305871852,5.12628547067817e-05,0.000256498580885919,0.00093735375534239,0.000121027655998846,0.000602149966583558,0.00217813179827333,0,0,0,0,0,0,0,0,0,1.16742799551632,0,0
0.780211011142914,5.38757825272499e-05,0.000265981212014244,0.000958686420442666,0.000127160555257097,0.000624178771188104,0.00222649028662629,0,0,0,0,0,0,0,0,0,1.16742799551632,0,0
0.790213716413978,5.65846322005565e-05,0.000275678029622621,0.000980179037097273,0.000133516226634118,0.000646692862002617,0.00227516164172534,0,0,0,0,0,0,0,0,0,1.16742799551632,0,0
0.800216421685041,5.93915541299988e-05,0.000285590620816118,0.00100182903961098,0.000140099539841836,0.000669695334124334,0.00232413898845946,0,0,0,0,0,0,0,0,0,1.16742799551632,0,0
0.810219126956104,6.22987144660891e-05,0.000295720547103306,0.00102363387575915,0.000146915395208216,0.0006931892140712,0.00237341548977762,0,0,0,0,0,0,0,0,0,1.16742799551632,0,-0.340595851326538
0.820221832227166,6.53082948511939e-05,0.000306069344530856,0.00104559100675926,0.000153968722993186,0.000717177460162173,0.00242298434660834,0,0,0,0,0,0,0,0,0,1.16742799551632,-0.00681375983473234,-0.682243432760307
0.830224537498229,6.84224921655174e-05,0.000316638523817858,0.00106769790724243,0.000161264482708364,0.000741662962896712,0.0024728387977792,0,0,0,0,0,0,0,0,0,1.16729168345349,-0.0136485599620393,-0.343755206956103
0.840227242769293,7.16435182744285e-05,0.000327429570489847,0.00108995206522497,0.000168807662440569,0.000766648545333477,0.0025229721199364,0,0,0,0,0,0,0,0,0,1.16715495047097,-0.0136907238758826,-0.00422360156984793
0.850229948040356,7.49735997771257e-05,0.000338443945012552,0.00111235098207986,0.000176603278179125,0.000792136963468207,0.00257337762746437,0,0,0,0,0,0,0,0,0,1.16701779490173,-0.0137330548454105,-0.00424034255331488
0.860232653311419,7.84149777566392e-05,0.000349683082925355,0.00113489217250833,0.000184656373146934,0.000818130906610808,0.00262404867240525,0,0,0,0,0,0,0,0,0,1.16688021507079,-0.0137755536695009,-0.0042571636282299
0.870235358582482,8.19699075311663e-05,0.000361148394974467,0.00115757316451137,0.000192972017135324,0.000844632997761625,0.00267497864437848,0,0,0,0,0,0,0,0,0,1.16674220929513,-0.0138182211515382,-0.00427406523953625
0.880238063853545,8.56406584067375e-05,0.00037284126724582,0.00118039149936123,0.000201555305842648,0.000871645793986918,0.00272616097050037,0,0,0,0,0,0,0,0,0,1.16660377588369,-0.0138610580993017,-0.00429104783331758
0.890240769124607,8.94295134312102e-05,0.000384763061297673,0.00120334473157299,0.000210411360216644,0.000899171786793529,0.00277758911530361,0,0,0,0,0,0,0,0,0,1.1664649131373,-0.0139040653250996,-0.00430811186120549
0.900243474395671,9.33387691495882e-05,0.000396915114292933,0.00122643042887606,0.000219545325800528,0.000927213402502742,0.00282925658065686,0,0,0,0,0,0,0,0,0,1.16632561934866,-0.0139472436457465,-0.00432525777202722
0.910246179666734,9.73707353606621e-05,0.000409298739131191,0.00124964617218572,0.000228962372082836,0.000955773002623346,0.00288115690568428,0,0,0,0,0,0,0,0,0,1.16618589280224,-0.0139905938825296,-0.00434248602293171
0.920248884937797,0.00010152773487497,0.000421915224580476,0.00127298955557464,0.000238667691850977,0.000984852884223883,0.00293328366668511,0,0,0,0,0,0,0,0,0,1.16604573177431,-0.0140341168614087,-0.00435979707664685
0.93025159020886,0.000105812103274075,0.000434765835408723,0.0012964581862444,0.000248666500548524,0.0010144552803041,0.00298563047705317,0,0,0,0,0,0,0,0,0,1.16590513453283,-0.0140778134129282,-0.00437719139146248
0.940254295479923,0.000110226188671153,0.000447851812514949,0.00132004968449705,0.000258964035636201,0.0010445823601656,0.0030381909871965,0,0,0,0,0,0,0,0,0,1.16576409933745,-0.0141216843722164,-0.00439466942896604
0.950257000750986,0.000114772351472899,0.000461174373060159,0.0013437616837066,0.000269565555956582,0.00107523622978166,0.00309095888445683,0,0,0,0,0,0,0,0,0,1.16562262443942,-0.0141657305790516,-0.0044122316574026
0.960259706022049,0.000119452964142731,0.000474734710597953,0.00136759183029057,0.000280476341102481,0.0011064189321663,0.00314392789302918,0,0,0,0,0,0,0,0,0,1.16548070808158,-0.0142099528779297,-0.00442987855115144
0.970262411293112,0.000124270410965306,0.000488533995204856,0.0013915377836815,0.000291701690789035,0.00113813244774247,0.0031970917738814,0,0,0,0,0,0,0,0,0,1.16533834849831,-0.0142543521181192,-0.00444761058015339
0.980265116564175,0.000129227087812338,0.000502573373610359,0.0014155972162985,0.000303246924229456,0.00117037869470951,0.00325044432467371,0,0,0,0,0,0,0,0,0,1.16519554391545,-0.0142989291535171,-0.00446542821764687
0.990267821835238,0.000134325401909711,0.000516853969326682,0.00143976781351876,0.000315117379514469,0.00120315952940978,0.0033039793796783,0,0,0,0,0,0,0,0,0,1.16505229255028,-0.0143436848428596,-0.00448333194685267
1.0002705271063,0.000139567771605893,0.000531376882778242,0.00146404727364908,0.000327318412995398,0.00123647674669441,0.00335769080969881,0,0,0,0,0,0,0,0,0,1.16490859261148,-0.0143886200497106,-0.00450132224881982
1.01027323237736,0.000144956626141642,0.000546143191430846,0.00148843330789742,0.000339855398670918,0.00127033208028841,0.00341157252198995,0,0,0,0,0,0,0,0,0,1.16476444229905,-0.0144337356424296,-0.00451939960846554
1.02027593764843,0.000150494405421002,0.000561153949920591,0.00151292364034437,0.000352733727577447,0.00130472720315477,0.00346561846017704,0,0,0,0,0,0,0,0,0,1.1646198398043,-0.0144790324942818,-0.00453756451232335
1.03027864291949,0.000156183559783587,0.000576410190182487,0.00153751600791475,0.000365958807183184,0.00133966372785796,0.00351982260417552,0,0,0,0,0,0,0,0,0,1.16447478330975,-0.01452451148336,-0.00455581745196407
1.04028134819055,0.000162026549778152,0.00059191292157879,0.0015622081603491,0.00037953606078577,0.00137514320692646,0.00357417897011056,0,0,0,0,0,0,0,0,0,1.16432927098915,-0.0145701734927634,-0.00457415892339679
1.05028405346162,0.000168025845937445,0.000607663131027049,0.00158699786017519,0.00039347092691358,0.00141116713321459,0.00362868161023657,0,0,0,0,0,0,0,0,0,1.16418330100736,-0.0146160194105075,-0.00459258942263086
1.06028675873268,0.000174183928554338,0.000623661783127874,0.00161188288267958,0.000407768858730623,0.00144773694026347,0.00368332461285679,0,0,0,0,0,0,0,0,0,1.16403687152035,-0.0146620501296145,-0.00461110945177904
1.07028946400374,0.000180503287459235,0.000639909820292415,0.00163686101587915,0.000422435323445052,0.00148485400266121,0.00373810210224282,0,0,0,0,0,0,0,0,0,1.16388998067513,-0.014708266548145,-0.00462971951179518
1.0802921692748,0.000186986421798754,0.000656408162869555,0.00166193006049258,0.000437475801721274,0.00152251963640233,0.00379300823855417,0,0,0,0,0,0,0,0,0,1.16374262660969,-0.0147546695691429,-0.00464842010980093
1.09029487454587,0.000193635839815679,0.000673157709272825,0.00168708782991194,0.00045289578709565,0.00156073509924627,0.00384803721775783,0,0,0,0,0,0,0,0,0,1.16359480745298,-0.0148012601008139,-0.00466721175957629
1.10029757981693,0.000200454058630182,0.000690159336107023,0.00171233215017418,0.000468700785395772,0.00159950159107519,0.00390318327154782,0,0,0,0,0,0,0,0,0,1.16344652132483,-0.0148480390564802,-0.0046860949709519
1.11030028508799,0.000207443604022307,0.000707413898294561,0.00173766085993266,0.000484896314163326,0.00163882025425095,0.00395844066726473,0,0,0,0,0,0,0,0,0,1.16329776633591,-0.0148950073545472,-0.00470507025991036
1.12030299035906,0.000214607010215721,0.000724922229201517,0.00176307181042869,0.000501487902080512,0.00167869217397123,0.0040138037078153,0,0,0,0,0,0,0,0,0,1.16314854058768,-0.0149421659186593,-0.00472413814853719
1.13030569563012,0.000221946819662718,0.000742685140763406,0.00178856286546304,0.000518481088400024,0.00171911837862494,0.00406926673159193,0,0,0,0,0,0,0,0,0,1.16299884217232,-0.0149895156776664,-0.00474329915947303
1.14030840090118,0.000229465582830485,0.00076070342361067,0.0018141319013675,0.000535881422378587,0.00176009984014672,0.00412482411239228,0,0,0,0,0,0,0,0,0,1.16284866917272,-0.0150370575656687,-0.00476255381924237
1.15031110617225,0.00023716585798862,0.000778977847193875,0.00183977680697636,0.000553694462714026,0.00180163747437069,0.0041804702593388,0,0,0,0,0,0,0,0,0,1.16269801966237,-0.0150847925220493,-0.00478190265542895
1.16031381144331,0.000245050210997903,0.000797509159908631,0.00186549548359798,0.000571925776985879,0.00184373214138344,0.00423619961679829,0,0,0,0,0,0,0,0,0,1.16254689170537,-0.015132721491463,-0.00480134620289562
1.17031651671437,0.000253121215100308,0.000816298089220219,0.0018912858449863,0.000590580941099533,0.00188638464587611,0.00429200666430143,0,0,0,0,0,0,0,0,0,1.16239528335632,-0.0151808454239931,-0.00482088499983466
1.18031922198543,0.00026138145071027,0.000835345341787947,0.00191714581731235,0.000609665538733872,0.00192959573749575,0.00434788591646239,0,0,0,0,0,0,0,0,0,1.16224319266029,-0.0152291652750611,-0.00484051958326172
1.1903219272565,0.000269833505207188,0.000854651603589203,0.00194307333913583,0.000629185160792449,0.00197336611119583,0.00440383192289832,0,0,0,0,0,0,0,0,0,1.16209061765278,-0.0152776820054934,-0.00486025049745471
1.20032463252756,0.000278479972729169,0.000874217540043238,0.00196906636137657,0.000649145404858146,0.00201769640758601,0.00445983926814894,0,0,0,0,0,0,0,0,0,1.16193755635964,-0.0153263965816002,-0.00488007828891097
1.21032733779862,0.000287323453968008,0.000894043796134656,0.00199512284728612,0.000669551874651335,0.00206258721328097,0.00451590257159607,0,0,0,0,0,0,0,0,0,1.16178400679703,-0.0153753099751408,-0.00490000350856695
1.22033004306969,0.000296366555965404,0.000914130996536623,0.00202124077241921,0.000690410179491528,0.00210803906124861,0.00457201648738323,0,0,0,0,0,0,0,0,0,1.16162996697137,-0.015424423163447,-0.00492002671179742
1.23033274834075,0.000305611891910406,0.000934479745733791,0.00204741812460536,0.000711725933762497,0.00215405243115733,0.00462817570433513,0,0,0,0,0,0,0,0,0,1.16147543487927,-0.0154737371293886,-0.00494014845281604
1.24033545361181,0.000315062080938087,0.000955090628144934,0.00207365290392034,0.000733504756380871,0.00220062774972249,0.00468437494587727,0,0,0,0,0,0,0,0,0,1.16132040850748,-0.0155232528613846,-0.00496036929200764
1.25033815888288,0.000324719747929439,0.000975964208245302,0.00209994312265771,0.000755752270268192,0.00224776539105217,0.00474060896995548,0,0,0,0,0,0,0,0,0,1.16116488583283,-0.0155729713535157,-0.00498068979697015
1.26034086415394,0.000334587523312502,0.000997101030688692,0.00212628680530038,0.000778474101826425,0.00229546567699206,0.00479687256895547,0,0,0,0,0,0,0,0,0,1.16100886482219,-0.015622893605556,-0.00500111053689711
1.270343569425,0.000344668042864697,0.00101850162042923,0.00215268198849211,0.000801675880416913,0.00234372887746948,0.00485316056962237,0,0,0,0,0,0,0,0,0,1.16085234343239,-0.0156730206229729,-0.00502163207881387
1.28034627469606,0.000354963947516392,0.00104016648284287,0.00217912672100904,0.000825363237842774,0.00239255521083675,0.00490946783298032,0,0,0,0,0,0,0,0,0,1.16069531961019,-0.0157233534168842,-0.00504225499917804
1.29034897996713,0.000365477883155666,0.00106209610384861,0.00220561906373122,0.00084954180783472,0.00244194484421363,0.00496578925425199,0,0,0,0,0,0,0,0,0,1.16053779129219,-0.0157738930042896,-0.00506297987999541
1.30035168523819,0.000376212500434297,0.00108429095002941,0.00223215708961414,0.000874217225540307,0.002491897893829,0.00502211976277816,0,0,0,0,0,0,0,0,0,1.16037975640479,-0.01582464040795,-0.00508380729994333
1.31035439050925,0.000387170454574952,0.00110675146875287,0.00225873888366027,0.00089939512701659,0.00254241442536172,0.00507845432193724,0,0,0,0,0,0,0,0,0,1.16022121286415,-0.015875596656442,-0.00510473784985171
1.32035709578032,0.000398354405179583,0.00112947808829153,0.00228536254289055,0.000925081148726192,0.00259349445428072,0.00513478792906486,0,0,0,0,0,0,0,0,0,1.16006215857608,-0.0159267627843462,-0.00512577211840139
1.33035980105138,0.000409767016039026,0.00115247121794302,0.00231202617631595,0.000951280927036763,0.00264513794618426,0.00519111561537339,0,0,0,0,0,0,0,0,0,1.15990259143604,-0.015978139832016,-0.00514691069482886
1.34036250632244,0.000421410954943797,0.00117573124814979,0.00233872790490899,0.000978000097723832,0.00269734481713834,0.00524743244587152,0,0,0,0,0,0,0,0,0,1.15974250932904,-0.0160297288458199,-0.00516815418383426
1.35036521159351,0.000433288893496093,0.00119925855061864,0.00236546586157527,0.00100524429547704,0.00275011493401442,0.0053037335192838,0,0,0,0,0,0,0,0,0,1.1595819101296,-0.0160815308782086,-0.00518950318573204
1.36036791686457,0.000445403506922975,0.00122305347843994,0.002392238191125,0.00103301915340975,0.00280344811482623,0.0053600139679702,0,0,0,0,0,0,0,0,0,1.15942079170168,-0.0161335469875601,-0.00521095830083663
1.37037062213563,0.000457757473890754,0.00124711636620657,0.0024190430502445,0.00106133030257201,0.00285734412906581,0.00541626895784567,0,0,0,0,0,0,0,0,0,1.15925915189861,-0.0161857782383347,-0.00523252014277848
1.38037332740669,0.000470353476320556,0.00127144753013254,0.00244587860746775,0.00109018337146689,0.00291180269803877,0.00547249368829965,0,0,0,0,0,0,0,0,0,1.15909698856308,-0.0162382257011864,-0.00525418932685242
1.39037603267776,0.000483194199205076,0.00129604726817142,0.00247274304314795,0.00111958398557017,0.00296682349519869,0.0055286833921157,0,0,0,0,0,0,0,0,0,1.15893429952699,-0.0162908904528845,-0.00527596646663485
1.40037873794882,0.000496282330426517,0.00132091586013434,0.00249963454942898,0.00114953776685334,0.0030224061464808,0.00558483333539097,0,0,0,0,0,0,0,0,0,1.15877108261147,-0.0163437735763579,-0.00529785218409612
1.41038144321988,0.000509620560575705,0.00134605356780787,0.00252655133021696,0.00118005033330996,0.00307855023063473,0.00564093881745583,0,0,0,0,0,0,0,0,0,1.15860733562678,-0.0163968761608188,-0.00531984710509048
1.42038414849095,0.000523211582772381,0.00137146063507146,0.0025534916011518,0.00121112729848533,0.00313525527955661,0.00569699517079337,0,0,0,0,0,0,0,0,0,1.15844305637226,-0.0164501993017166,-0.00534195185761897
1.43038685376201,0.000537058092486671,0.00139713728801471,0.0025804535895787,0.00124277427100952,0.00319252077862024,0.00575299776095897,0,0,0,0,0,0,0,0,0,1.15827824263625,-0.0165037441008267,-0.00536416707639481
1.44038955903307,0.000551162787361722,0.0014230837350543,0.00260743553451967,0.00127499685413362,0.00325034616700749,0.00580894198649985,0,0,0,0,0,0,0,0,0,1.15811289219604,-0.0165575116662964,-0.00538649339946027
1.45039226430414,0.000565528367037509,0.00144930016705065,0.00263443568664509,0.0013078006452694,0.00330873083803794,0.00586482327887464,0,0,0,0,0,0,0,0,0,1.15794700281781,-0.0166115031126654,-0.00540893146652152
1.4603949695752,0.000580157532975809,0.00147578675742428,0.00266145230824521,0.00134119123553217,0.00336767413949766,0.00592063710237293,0,0,0,0,0,0,0,0,0,1.15778057225655,-0.0166657195608784,-0.00543148192338813
1.47039767484626,0.000595052988286332,0.00150254366227191,0.00268848367320168,0.00137517420928696,0.0034271753739672,0.00597637895403479,0,0,0,0,0,0,0,0,0,1.15761359825602,-0.0167201621383949,-0.00545414542191788
1.48040038011733,0.000610217437554021,0.00152957102048228,0.00271552806695909,0.00140975514369802,0.00348723379914881,0.00603204436357035,0,0,0,0,0,0,0,0,0,1.15744607854864,-0.0167748319792003,-0.00547692261348665
1.49040308538839,0.000625653586667496,0.00155686895385163,0.0027425837864965,0.00144493960828151,0.00354784862819278,0.00608762889327939,0,0,0,0,0,0,0,0,0,1.1572780108555,-0.0168297302237852,-0.00549981415779263
1.50040579065945,0.000641364142648667,0.00158443756719895,0.00276964914029894,0.0014807331644615,0.00360901903002306,0.0061431281379708,0,0,0,0,0,0,0,0,0,1.1571093928862,-0.0168848580193324,-0.00552282071834367
1.51040849593051,0.000657351813483488,0.00161227694848095,0.00279672244832897,0.00151714136512921,0.00367074412966206,0.00619853772488224,0,0,0,0,0,0,0,0,0,1.15694022233888,-0.0169402165196062,-0.00554594295814889
1.52041120120158,0.00067361930795386,0.00164038716890668,0.00282380204199819,0.00155416975420551,0.00373302300855453,0.00625385331359961,0,0,0,0,0,0,0,0,0,1.15677049690006,-0.0169958068850533,-0.00556918155186795
1.53041390647264,0.000690169335470684,0.00166876828305196,0.00285088626413878,0.00159182386620664,0.00379585470489082,0.00630907059597665,0,0,0,0,0,0,0,0,0,1.15660021424465,-0.0170516302829349,-0.00559253717637973
1.5404166117437,0.000707004605908052,0.00169742032897343,0.002877973468975,0.00163010922581312,0.00385923821392922,0.00636418529605446,0,0,0,0,0,0,0,0,0,1.15642937203583,-0.0171076878872389,-0.00561601050689963
1.55041931701477,0.000724127829438585,0.00172634332832239,0.00290506202209476,0.00166903134744201,0.00392317248831749,0.00641919316998111,0,0,0,0,0,0,0,0,0,1.15625796792503,-0.0171639808787344,-0.00563960222857221
1.56042202228583,0.000741541716369895,0.00175553728645829,0.00293215030042109,0.00170859573482219,0.00398765643841364,0.00647409000593112,0,0,0,0,0,0,0,0,0,1.15608599955182,-0.0172205104451158,-0.00566331303327492
1.57042472755689,0.000759248976982199,0.00178500219256203,0.00295923669218375,0.00174880788057303,0.00405268893260586,0.00652887162402507,0,0,0,0,0,0,0,0,0,1.15591346454383,-0.0172772777809936,-0.00568714361288663
1.58042743282796,0.000777252321367049,0.00181473801974884,0.00298631959689066,0.00178967326578613,0.00411826879763169,0.00658353387624913,0,0,0,0,0,0,0,0,0,1.15574036051676,-0.0173342840879036,-0.00571109466364801
1.59043013809902,0.000795554459267192,0.001844744725181,0.00301339742529951,0.00183119735961033,0.00418439481889635,0.00663807264637461,0,0,0,0,0,0,0,0,0,1.1555666850742,-0.0173915305743848,-0.00573516688851378
1.60043284337008,0.000814158099917568,0.00187502225018023,0.00304046859938924,0.00187338561883982,0.00425106574079025,0.00669248384987753,0,0,0,0,0,0,0,0,0,1.15539243580766,-0.0174490184560359,-0.00575936099432339
1.61043554864114,0.000833065951887418,0.00190557052033975,0.00306753155233157,0.0019162434875055,0.00431828026700576,0.00674676343385815,0,0,0,0,0,0,0,0,0,1.15521761029643,-0.0175067489555366,-0.00578367769235465
1.62043825391221,0.000852280722923515,0.00193638944563612,0.00309458472846258,0.00195977639646945,0.00438603706085311,0.00680090737696055,0,0,0,0,0,0,0,0,0,1.15504220610755,-0.0175647233027148,-0.00580811769943344
1.63044095918327,0.000871805119794517,0.00196747892054079,0.00312162658325415,0.0020039897630226,0.00445433474557553,0.00685491168929218,0,0,0,0,0,0,0,0,0,1.1548662207957,-0.0176229427345907,-0.00583268173565649
1.64044366445433,0.000891641848136425,0.00199883882413131,0.00314865558328556,0.00204888899048549,0.00452317190466353,0.00690877241234338,0,0,0,0,0,0,0,0,0,1.15468965190318,-0.0176814084953982,-0.00585737052619095
1.6504463697254,0.000911793612299163,0.00203046902020231,0.00317567020621498,0.00209447946781224,0.00459254708216845,0.00696248561890697,0,0,0,0,0,0,0,0,0,1.15451249695979,-0.0177401218366645,-0.00588218480119814
1.66044907499646,0.000932263115194259,0.00206236935737618,0.00320266894075102,0.00214076656919758,0.00466245878301517,0.00701604741299779,0,0,0,0,0,0,0,0,0,1.15433475348277,-0.0177990840172308,-0.00590712529575389
1.67045178026752,0.000953053058143633,0.00209453966921344,0.00322965028662423,0.00218775565368708,0.00473290547331397,0.00706945392977226,0,0,0,0,0,0,0,0,0,1.15415641897675,-0.0178582963033299,-0.00593219274943135
1.68045448553859,0.000974166140729487,0.00212697977432289,0.00325661275455867,0.00223545206479042,0.00480388558067165,0.00712270133544791,0,0,0,0,0,0,0,0,0,1.15397749093364,-0.0179177599685982,-0.00595738790624232
1.69045719080965,0.000995605060645306,0.00215968947647137,0.00328355486624339,0.00228386113009783,0.00487539749450187,0.00717578582722299,0,0,0,0,0,0,0,0,0,1.15379796683258,-0.0179774762941529,-0.00598271151630133
1.70045989608071,0.00101737251354793,0.00219266856469338,0.00331047515430399,0.00233298816089958,0.00494743956633454,0.00722870363319594,0,0,0,0,0,0,0,0,0,1.15361784413987,-0.0180374465686369,-0.00600816433416245
1.71046260135177,0.00103947119291076,0.00222591681340023,0.00333737216227412,0.00238283845180859,0.0050200101101246,0.00728145101228502,0,0,0,0,0,0,0,0,0,1.15343712030885,-0.0180976720882624,-0.0060337471182026
1.72046530662284,0.001061903789878,0.00225943398248911,0.00336424444456705,0.00243341728038617,0.00509310740255983,0.00733402425414781,0,0,0,0,0,0,0,0,0,1.15325579277988,-0.0181581541568439,-0.00605946063242633
1.7304680118939,0.00108467299312006,0.00229321981745169,0.00339109056644715,0.00248472990677067,0.00516672968336796,0.00738641967910081,0,0,0,0,0,0,0,0,0,1.15307385898025,-0.018218894085878,-0.00608530564749711
1.74047071716496,0.00110778148868996,0.00232727404948258,0.00341790910400145,0.00253678157330945,0.00524087515562293,0.00743863363803895,0,0,0,0,0,0,0,0,0,1.15289131632407,-0.0182798931945964,-0.00611128293566206
1.75047342243603,0.00113123195988091,0.00236159639558742,0.00344469864411116,0.00258957750419366,0.00531554198605037,0.00749066251235517,0,0,0,0,0,0,0,0,0,1.15270816221223,-0.018341152809945,-0.00613739327644079
1.76047612770709,0.00115502708708488,0.00239618655869067,0.00347145778442319,0.00264312290509624,0.00539072830533223,0.00754250271385996,0,0,0,0,0,0,0,0,0,1.15252439403229,-0.0184026742667501,-0.00616363745656588
1.77047883297815,0.0011791695476523,0.00243104422774322,0.00349818513332166,0.00269742296281288,0.00546643220841065,0.00759415068470094,0,0,0,0,0,0,0,0,0,1.15234000915845,-0.0184644589076964,-0.00619001626332489
1.78048153824921,0.00120366201575285,0.00246616907782963,0.00352487930989949,0.00275248284490609,0.00554265175479103,0.00764560289728236,0,0,0,0,0,0,0,0,0,1.15215500495141,-0.0185265080833604,-0.00621653049232742
1.79048424352028,0.00122850716223726,0.00250156077027505,0.00355153894392986,0.00280830769935216,0.00561938496884423,0.00769685585418472,0,0,0,0,0,0,0,0,0,1.15196937875833,-0.018588823152343,-0.00624318094356001
1.80048694879134,0.0012537076545002,0.002537218952752,0.00357816267583778,0.00286490265419133,0.00569662984010807,0.00774790608808426,0,0,0,0,0,0,0,0,0,1.15178312791275,-0.0186514054812251,-0.00626996842042009
1.8104896540624,0.00127926615634432,0.00257314325938668,0.00360474915667158,0.00292227281718079,0.00577438432358793,0.00779875016167257,0,0,0,0,0,0,0,0,0,1.15159624973449,-0.0187142564446797,-0.00629689373573761
1.82049235933347,0.0013051853278452,0.00260933331086518,0.00363129704807447,0.0029804232754508,0.00585264634005656,0.00784938466757609,0,0,0,0,0,0,0,0,0,1.15140874152958,-0.0187773774255486,-0.00632395770614293
1.83049506460453,0.0013314678252175,0.00264578871453925,0.00365780502225607,0.00303935909516376,0.00593141377635318,0.00789980622827572,0,0,0,0,0,0,0,0,0,1.15122060059019,-0.0188407698148421,-0.00635116115054767
1.84049776987559,0.00135811630068206,0.00268250906453187,0.00368427176196391,0.00309908532117627,0.00601068448568162,0.00795001149602633,0,0,0,0,0,0,0,0,0,1.15103182419451,-0.0189044350117846,-0.00637850489507609
1.85050047514666,0.00138513340233414,0.00271949394184252,0.00371069596045497,0.0031596069767042,0.00609045628790781,0.00799999715277632,0,0,0,0,0,0,0,0,0,1.15084240960671,-0.0189683744239131,-0.00640598977361983
1.86050318041772,0.00141252177401269,0.00275674291445216,0.00373707632146722,0.00322092906299066,0.00617072696985633,0.00804975991008719,0,0,0,0,0,0,0,0,0,1.15065235407684,-0.0190325894671345,-0.00643361662340073
1.87050588568878,0.00144028405517058,0.00279425553742792,0.00376341155919113,0.003283056558977,0.00625149428560628,0.00809929650905308,0,0,0,0,0,0,0,0,0,1.15046165484074,-0.0190970815657349,-0.00646138628712381
1.88050859095985,0.00146842288074604,0.00283203135302752,0.00378970039824121,0.00334599442097676,0.00633275595678624,0.00814860372022033,0,0,0,0,0,0,0,0,0,1.15027030911996,-0.0191618521524797,-0.00648929961368157
1.89051129623091,0.00149694088103497,0.00287006989080338,0.00381594157362752,0.00340974758235252,0.00641450967286846,0.00819767834350704,0,0,0,0,0,0,0,0,0,1.15007831412168,-0.0192269026686374,-0.0065173574575158
1.90051400150197,0.00152584068156444,0.00290837066770649,0.00384213383072723,0.00347432095319574,0.00649675309146231,0.00824651720812261,0,0,0,0,0,0,0,0,0,1.14988566703862,-0.019292234564067,-0.00654556067797625
1.91051670677303,0.00155512490296712,0.00294693318818992,0.0038682759252561,0.00353971942000948,0.00657948383860682,0.00829511717248728,0,0,0,0,0,0,0,0,0,1.14969236504895,-0.0193578492972288,-0.00657391014057879
1.9205194120441,0.0015847961608568,0.00298575694431215,0.00389436662324005,0.00360594784539412,0.00666269950906249,0.00834347512415172,0,0,0,0,0,0,0,0,0,1.14949840531622,-0.0194237483352964,-0.0066024067169422
1.93052211731516,0.0016148570657049,0.00302484141584001,0.00392040470098669,0.00367301106773588,0.00674639766660226,0.00839158797971657,0,0,0,0,0,0,0,0,0,1.14930378498924,-0.0194899331541673,-0.00663105128312462
1.94052482258622,0.00164531022271808,0.0030641860703514,0.00394638894505678,0.00374091390089837,0.00683057584430168,0.00843945268475198,0,0,0,0,0,0,0,0,0,1.14910850120203,-0.0195564052385412,-0.00665984472461617
1.95052752785729,0.00167615823171679,0.00310379036333771,0.00397231815223587,0.00380966113391698,0.0069152315448283,0.00848706621371717,0,0,0,0,0,0,0,0,0,1.14891255107371,-0.01962316608203,-0.00668878792850561
1.96053023312835,0.0017074036870149,0.00314365373830595,0.00399819112950571,0.00387925753069609,0.00700036224073023,0.00853442556988,0,0,0,0,0,0,0,0,0,1.14871593170842,-0.0196902171870801,-0.00671788178751661
1.97053293839941,0.00173904917730034,0.00318377562688059,0.00402400669401586,0.00394970782970933,0.00708596537472388,0.00858152778523648,0,0,0,0,0,0,0,0,0,1.14851864019522,-0.0197575600651628,-0.0067471272043605
1.98053564367048,0.00177109728551672,0.00322415544890515,0.00404976367305519,0.00402101674370255,0.00717203835998096,0.00862836992043038,0,0,0,0,0,0,0,0,0,1.14832067360801,-0.0198251962367833,-0.00677652508498883
1.99053834894154,0.00180355058874604,0.00326479261254342,0.0040754609040234,0.00409318895939977,0.0072585785804146,0.00867494906467276,0,0,0,0,0,0,0,0,0,1.14812202900543,-0.019893127231537,-0.00680607634207724
2.0005410542126,0.00183641165809234,0.00330568651438052,0.00410109723440255,0.00416622913721189,0.00734558339096469,0.00872126233566149,0,0,0,0,0,0,0,0,0,1.14792270343077,-0.0199613545881876,-0.00683578189497033
2.01054375948366,0.00186968305856637,0.00334683653952358,0.00412667152172859,0.00424014191094836,0.00743305011788245,0.00876730687950086,0,0,0,0,0,0,0,0,0,1.14772269391191,-0.0200298798547223,-0.00686564266850481
2.02054646475473,0.00190336734897133,0.00338824206170215,0.00415218263356292,0.0043149318875316,0.00752097605901417,0.0088130798706211,0,0,0,0,0,0,0,0,0,1.14752199746117,-0.0200987045884066,-0.00689565958981497
2.03054917002579,0.00193746708178951,0.00342990244336836,0.00417762944746385,0.00439060364671429,0.0076093584840841,0.00885857851169793,0,0,0,0,0,0,0,0,0,1.14732061107526,-0.0201678303557753,-0.00692583359710928
2.04055187529685,0.00197198480307003,0.00347181703579676,0.00420301085095818,0.00446716174079953,0.00769819463497665,0.00890380003357214,0,0,0,0,0,0,0,0,0,1.14711853173516,-0.0202372587328632,-0.00695616563847111
2.05055458056792,0.0020069230523175,0.00351398517918391,0.00422832574151271,0.00454461069436369,0.00778748172601764,0.00894874169516911,0,0,0,0,0,0,0,0,0,1.14691575640606,-0.0203069913051719,-0.00698665665932091
2.06055728583898,0.00204228436238172,0.00355640620274763,0.00425357302650578,0.00462295500398224,0.00787721694425487,0.0089934007834184,0,0,0,0,0,0,0,0,0,1.14671228203722,-0.0203770296676498,-0.00701730761397876
2.07055999111004,0.00207807125934836,0.00359907942482603,0.00427875162319877,0.00470219913795823,0.00796739744973782,0.00903777461317327,0,0,0,0,0,0,0,0,0,1.14650810556193,-0.02044737542489,-0.00704811946668414
2.08056269638111,0.00211428626243064,0.00364200415297623,0.00430386045870766,0.00478234753605368,0.00805802037579656,0.00908186052713024,0,0,0,0,0,0,0,0,0,1.14630322389734,-0.0205180301911308,-0.00707909318724768
2.09056540165217,0.00215093188386194,0.00368517968407274,0.00432889846997454,0.00486340460922366,0.00814908282931985,0.00912565589574867,0,0,0,0,0,0,0,0,0,1.14609763394444,-0.0205889955903668,-0.00711022975047258
2.10056810692323,0.00218801062878949,0.00372860530440567,0.00435386460373912,0.00494537473935323,0.00824058189103245,0.00916915811717029,0,0,0,0,0,0,0,0,0,1.1458913325879,-0.0206602732563378,-0.00714153013391324
2.11057081219429,0.00222552499516895,0.00377228028977855,0.0043787578165103,0.0050282622789971,0.00833251461577161,0.00921236461713876,0,0,0,0,0,0,0,0,0,1.14568431669603,-0.0207318648325947,-0.00717299532850855
2.12057351746536,0.00226347747366001,0.00381620390560592,0.00440357707453767,0.00511207155112205,0.00842487803276276,0.00925527284891921,0,0,0,0,0,0,0,0,0,1.14547658312063,-0.0208037719727014,-0.00720462633127781
2.13057622273642,0.00230187054752298,0.00386037540701061,0.00442832135378304,0.00519680684885213,0.00851766914589441,0.00929788029321781,0,0,0,0,0,0,0,0,0,1.14526812869689,-0.0208759963401546,-0.00723642413967965
2.14057892800748,0.00234070669251631,0.00390479403892076,0.00445298963989197,0.00528247243521659,0.00861088493399222,0.00934018445810132,0,0,0,0,0,0,0,0,0,1.14505895024336,-0.0209485396084726,-0.00726838976238329
2.15058163327855,0.0023799883767951,0.00394945903616653,0.00447758092816529,0.00536907254290059,0.00870452235109229,0.00938218287891665,0,0,0,0,0,0,0,0,0,1.14484904456177,-0.0210214034613312,-0.00730052421529511
2.16058433854961,0.00241971806081057,0.00399436962357654,0.00450209422353065,0.00545661137399851,0.0087985783267136,0.00942387311821039,0,0,0,0,0,0,0,0,0,1.14463840843695,-0.0210945895925723,-0.00733282852035396
2.17058704382067,0.00245989819721055,0.00403952501607404,0.00452652854051403,0.00554509309977017,0.00889304976612972,0.00946525276564839,0,0,0,0,0,0,0,0,0,1.14442703863675,-0.0211680997063159,-0.00736530370449192
2.18058974909174,0.00250053123074078,0.00408492441877273,0.00455088290321125,0.00563452186039961,0.00898793355063966,0.0095063194379353,0,0,0,0,0,0,0,0,0,1.14421493191193,-0.0212419355169481,-0.00739795080136986
2.1905924543628,0.00254161959814737,0.0041305670270724,0.00457515634525954,0.00572490176475664,0.00908322653783791,0.00954707077873412,0,0,0,0,0,0,0,0,0,1.14400208499603,-0.0213160987492678,-0.00743077085683068
2.20059515963386,0.00258316572808004,0.00417645202675418,0.00459934790980904,0.00581623689016107,0.00917892556188372,0.00958750445858577,0,0,0,0,0,0,0,0,0,1.14378849460529,-0.0213905911385835,-0.00746376491881853
2.21059786490492,0.00262517204099643,0.00422257859407558,0.00462345664949432,0.00590853128214968,0.00927502743376952,0.00962761817482863,0,0,0,0,0,0,0,0,0,1.14357415743856,-0.0214654144306586,-0.00749693404149819
2.22060057017599,0.00266764094906727,0.0042689458958652,0.00464748162640594,0.00600178895424578,0.00937152894158861,0.00966740965151809,0,0,0,0,0,0,0,0,0,1.14335907017715,-0.0215405703818909,-0.00753027929070956
2.23060327544705,0.00271057485608256,0.00431555308961721,0.00467142191206193,0.0060960138877315,0.00946842685080195,0.00970687663934611,0,0,0,0,0,0,0,0,0,1.14314322948476,-0.0216160607593662,-0.00756380173499541
2.24060598071811,0.00275397615735869,0.00436239932358545,0.00469527658737938,0.00619121003142277,0.00956571790450423,0.0097460169155608,0,0,0,0,0,0,0,0,0,1.14292663200735,-0.0216918873408587,-0.00759750245124459
2.25060868598918,0.00279784723964645,0.00440948373687734,0.00471904474264591,0.00628738130144688,0.00966339882368909,0.00978482828388589,0,0,0,0,0,0,0,0,0,1.14270927437307,-0.0217680519149981,-0.00763138252633232
2.26061139126024,0.00284219048104,0.00445680545954747,0.00474272547749122,0.00638453158102275,0.00976146630751353,0.0098233085744404,0,0,0,0,0,0,0,0,0,1.14249115319209,-0.021844556281302,-0.00766544305099322
2.2706140965313,0.00288700825088685,0.0045043636126909,0.00476631790085862,0.00648266472024385,0.00985991703356157,0.0098614556436581,0,0,0,0,0,0,0,0,0,1.14227226505655,-0.0219214022502205,-0.00769968512491205
2.28061680180237,0.00293230290969861,0.00455215730853614,0.00478982113097657,0.00658178453586369,0.00995874765810702,0.00989926737420711,0,0,0,0,0,0,0,0,0,1.14205260654042,-0.021998591643271,-0.00773410985551668
2.29061950707343,0.00297807680906287,0.00460018565053797,0.00481323429533016,0.00668189481108398,0.0100579548163755,0.00993674167490943,0,0,0,0,0,0,0,0,0,1.14183217419938,-0.022076126293058,-0.00776871835455153
2.30062221234449,0.00302433229155579,0.00464844773346981,0.0048365565306327,0.00678299929534541,0.0101575351228058,0.00997387648066051,0,0,0,0,0,0,0,0,0,1.14161096457075,-0.02215400804334,-0.00780351174553331
2.31062491761555,0.00307107169065582,0.0046969426435159,0.00485978698279721,0.00688510170412102,0.0102574851713099,0.0100106697523488,0,0,0,0,0,0,0,0,0,1.14138897417332,-0.0222322387491977,-0.00783849115866151
2.32062762288662,0.00311829733065821,0.00474566945836322,0.00488292480690796,0.00698820571871219,0.0103578015355329,0.0100471194767753,0,0,0,0,0,0,0,0,0,1.1411661995073,-0.0223108202769998,-0.00787365772794647
2.33063032815768,0.00316601152659042,0.00479462724729304,0.00490596916719196,0.00709231498604716,0.010458480769112,0.0100832236665732,0,0,0,0,0,0,0,0,0,1.14094263705415,-0.0223897545045135,-0.00790901259960299
2.34063303342874,0.00321421658412861,0.00484381507127226,0.00492891923699057,0.00719743311848227,0.0105595194059338,0.0101189803601271,0,0,0,0,0,0,0,0,0,1.1407182832765,-0.0224690433210377,-0.00794455692657843
2.35063573869981,0.00326291479951483,0.00489323198304439,0.00495177419873094,0.00730356369360562,0.0106609139603921,0.0101543876214931,0,0,0,0,0,0,0,0,0,1.14049313461802,-0.022548688627405,-0.00798029186678983
2.36063844397087,0.00331210845947524,0.00494287702722037,0.00497453324389759,0.00741071025404341,0.0107626609276442,0.0101894435403178,0,0,0,0,0,0,0,0,0,1.14026718750332,-0.0226286923360788,-0.00801621858856981
2.37064114924193,0.00336179984113925,0.00499274924036893,0.00499719557300392,0.00751887630726877,0.010864756783866,0.0102241462317585,0,0,0,0,0,0,0,0,0,1.14004043833781,-0.0227090563712647,-0.00805233826814252
2.380643854513,0.00341199121195952,0.00504284765110686,0.00501976039556375,0.0076280653254132,0.0109671979865076,0.0102584938364019,0,0,0,0,0,0,0,0,0,1.13981288350759,-0.0227897826689571,-0.00808865208786119
2.39064655978406,0.00346268482963281,0.0050931712801888,0.00504222693006282,0.00773828074508052,0.0110699809745463,0.0102924845201844,0,0,0,0,0,0,0,0,0,1.13958451937935,-0.0228708731770148,-0.00812516123999025
2.40064926505512,0.00351388294202187,0.0051437191405969,0.00506459440393035,0.00784952596716335,0.0111731021687405,0.0103261164743115,0,0,0,0,0,0,0,0,0,1.13935534230022,-0.0229523298552841,-0.0081618669245867
2.41065197032618,0.00356558778707808,0.00519449023763015,0.00508686205351055,0.00796180435666216,0.0112765579718819,0.0103593879151769,0,0,0,0,0,0,0,0,0,1.13912534859769,-0.0230341546756314,-0.0081987703489196
2.42065467559725,0.00361780159276506,0.00524548356899334,0.00510902912403413,0.00807511924250676,0.0113803447690468,0.0103922970842826,0,0,0,0,0,0,0,0,0,1.13889453457945,-0.0231163496220548,-0.00823587272744528
2.43065738086831,0.00367052657698318,0.00529669812488588,0.00513109486958988,0.00818947391738043,0.0114844589278469,0.0104248422481581,0,0,0,0,0,0,0,0,0,1.13866289653327,-0.0231989166907166,-0.00827317528523836
2.44066008613937,0.00372376494749488,0.00534813288809024,0.00515305855309615,0.00830487163754643,0.0115888967986797,0.0104570216982804,0,0,0,0,0,0,0,0,0,1.13843043072692,-0.023281857890123,-0.00831067925511557
2.45066279141044,0.00377751890185094,0.00539978683406009,0.00517491944627238,0.00842131562267703,0.0116936547149769,0.0104888337509929,0,0,0,0,0,0,0,0,0,1.13819713340799,-0.0233651752410991,-0.00834838587531317
2.4606654966815,0.00383179062731766,0.00545165893100824,0.00519667682961067,0.00853880905568512,0.0117987289934533,0.0105202767474255,0,0,0,0,0,0,0,0,0,1.13796300080383,-0.0234488707769227,-0.00838629639806489
2.47066820195256,0.00388658230080477,0.00550374813999424,0.00521832999234726,0.00865735508255818,0.0119041159343541,0.0105513490534138,0,0,0,0,0,0,0,0,0,1.13772802912135,-0.0235329465434704,-0.00842441207951541
2.48067090722363,0.00394189608879442,0.00555605341501169,0.00523987823243407,0.0087769568121948,0.0120098118217017,0.0105820490594189,0,0,0,0,0,0,0,0,0,1.13749221454696,-0.0236174045991495,-0.00846273418294467
2.49067361249469,0.00399773414727087,0.00560857370307527,0.00526132085651024,0.00889761731624361,0.0121158129235415,0.0106123751804469,0,0,0,0,0,0,0,0,0,1.13725555324641,-0.0237022470151091,-0.00850126398550142
2.50067631776575,0.00405409862165113,0.0056613079443075,0.00528265717987365,0.00901933962894476,0.0122221154921873,0.0106423258559684,0,0,0,0,0,0,0,0,0,1.13701804136465,-0.0237874758753064,-0.00854000277107179
2.51067902303681,0.00411099164671648,0.00571425507202524,0.00530388652645245,0.0091421267469737,0.0123287157644651,0.010671899549838,0,0,0,0,0,0,0,0,0,1.13677967502576,-0.0238730932765753,-0.00857895183017376
2.52068172830788,0.00416841534654478,0.00576741401282583,0.00532500822877659,0.0092659816292875,0.0124356099619572,0.0107010947502139,0,0,0,0,0,0,0,0,0,1.13654045033275,-0.0239591013286901,-0.0086181124620694
2.53068443357894,0.00422637183444372,0.005820783686673,0.00534602162794932,0.00939090719697365,0.0125427942912443,0.0107299099694776,0,0,0,0,0,0,0,0,0,1.13630036336746,-0.0240455021544772,-0.00865748597724898
2.54068713885,0.00428486321288489,0.0058743630069825,0.00536692607361878,0.00951690633310114,0.012650264944148,0.0107583437441533,0,0,0,0,0,0,0,0,0,1.13605941019045,-0.0241322978899277,-0.0086970736939976
2.55068984412107,0.0043438915734387,0.00592815088070742,0.00538772092394944,0.00964398188257406,0.0127580180979715,0.0107863946348274,0,0,0,0,0,0,0,0,0,1.13581758684085,-0.0242194906842407,-0.00873687693995199
2.56069254939213,0.00440345899671018,0.00598214620842322,0.00540840554559373,0.00977213665198759,0.0128660499157398,0.0108140612260681,0,0,0,0,0,0,0,0,0,1.13557488933619,-0.0243070826999675,-0.00877689705165233
2.57069525466319,0.00446356755227558,0.00603634788441251,0.00542897931366345,0.00990137340948637,0.0129743565464396,0.0108413421263451,0,0,0,0,0,0,0,0,0,1.13533131367235,-0.024395076113045,-0.00881713537174236
2.58069795993426,0.00452421929861986,0.00609075479674954,0.00544944161170142,0.0100316948846253,0.0130829341252577,0.0108682359679491,0,0,0,0,0,0,0,0,0,1.13508685582335,-0.0244834731128847,-0.00885759325615334
2.59070066520532,0.00458541628307504,0.00614536582738433,0.00546979183165291,0.0101631037682325,0.0131917787738188,0.0108947414069112,0,0,0,0,0,0,0,0,0,1.13484151174123,-0.0245722759025495,-0.00889827206866553
2.60070337047638,0.00464716054175931,0.00620017985222663,0.00549002937383723,0.0102956027122753,0.0133008866004227,0.0109208571229224,0,0,0,0,0,0,0,0,0,1.13459527735596,-0.0246614866987339,-0.00893917318080083
2.61070607574744,0.00470945409951707,0.00625519574122953,0.0055101536469192,0.0104291943297277,0.0134102537002806,0.0109465818192535,0,0,0,0,0,0,0,0,0,1.13434814857525,-0.0247511077319386,-0.00898029797725864
2.62070878101851,0.00477229896985975,0.00631041235847279,0.00553016406788075,0.0105638811944406,0.0135198761557505,0.0109719142226745,0,0,0,0,0,0,0,0,0,1.13410012128441,-0.0248411412465596,-0.00902164784842251
2.63071148628957,0.00483569715490747,0.00636582856224586,0.00555006006199238,0.0106996658410148,0.0136297500365717,0.010996853083374,0,0,0,0,0,0,0,0,0,1.13385119134627,-0.0249315895009128,-0.00906322419358197
2.64071419156063,0.00489965064533154,0.00642144320513072,0.00556984106278473,0.0108365507646756,0.0137398714000989,0.0110213971748789,0,0,0,0,0,0,0,0,0,1.13360135460098,-0.0250224547673875,-0.0091050284235947
2.6507168968317,0.00496416142029781,0.0064772551340843,0.00558950651202009,0.0109745384211504,0.0138502362915353,0.0110455452939738,0,0,0,0,0,0,0,0,0,1.13335060686588,-0.0251137393325245,-0.00914706195985917
2.66071960210276,0.00502923144741074,0.00653326319052067,0.00560905585966393,0.0111136312265479,0.0139608407441643,0.0110692962606208,0,0,0,0,0,0,0,0,0,1.13309894393538,-0.0252054454971487,-0.00918932623106984
2.67072230737382,0.00509486268265846,0.006589466210393,0.00562848856385642,0.0112538315572403,0.0140716807795817,0.0110926489178789,0,0,0,0,0,0,0,0,0,1.13284636158081,-0.0252975755763826,-0.009231822676991
2.68072501264489,0.00516105707035849,0.00664586302427516,0.00564780409088397,0.0113951417497476,0.0141827524079257,0.0111156021318236,0,0,0,0,0,0,0,0,0,1.13259285555026,-0.0253901318998541,-0.00927455274778721
2.69072771791595,0.00522781654310438,0.00670245245744306,0.00566700191515077,0.0115375641006241,0.014294051628107,0.0111381547914663,0,0,0,0,0,0,0,0,0,1.13233842156844,-0.0254831168116967,-0.00931751789986541
2.70073042318701,0.00529514302171307,0.0067592333299557,0.00568608151915028,0.0116811008663469,0.0144055744280379,0.0111603058086743,0,0,0,0,0,0,0,0,0,1.13208305533655,-0.0255765326706745,-0.0093607196057513
2.71073312845807,0.00536303841517318,0.00681620445673598,0.00570504239343678,0.0118257542632076,0.0145173167848603,0.0111820541180896,0,0,0,0,0,0,0,0,0,1.13182675253212,-0.0256703818503795,-0.0094041593428792
2.72073583372914,0.00543150462059397,0.00687336464765114,0.00572388403659691,0.0119715264672053,0.0146292746651731,0.0112033986770491,0,0,0,0,0,0,0,0,0,1.13156950880886,-0.0257646667391323,-0.00944783859703369
2.7307385390002,0.00550054352315522,0.00693071270759299,0.00574260595522116,0.0121184196139423,0.0147414440252592,0.0112243384655041,0,0,0,0,0,0,0,0,0,1.13131131979652,-0.0258593897402489,-0.00949175887230805
2.74074124427126,0.00557015699605784,0.00698824743655782,0.00576120766387546,0.0122664357985224,0.0148538208113108,0.0112448724859395,0,0,0,0,0,0,0,0,0,1.13105218110073,-0.0259545532721397,-0.00953592167665095
2.75074394954233,0.0056403469004753,0.00704596762972603,0.00577968868507262,0.0124155770754505,0.0149664009596547,0.0112649997632936,0,0,0,0,0,0,0,0,0,1.13079208830287,-0.0260501597682878,-0.00958032852863788
2.76074665481339,0.00571111508550587,0.00710387207754149,0.00579804854924394,0.0125658454585357,0.0150791803969765,0.0112847193448776,0,0,0,0,0,0,0,0,0,1.13053103695988,-0.0261462116774836,-0.00962498096013263
2.77074936008445,0.00578246338812561,0.00716195956579061,0.00581628679471069,0.0127172429207954,0.0151921550405435,0.0113040303002951,0,0,0,0,0,0,0,0,0,1.13026902260414,-0.0262427114638554,-0.00966988051006617
2.78075206535552,0.00585439363314221,0.00722022887568107,0.00583440296765566,0.0128697713943625,0.0153053207984282,0.0113229317213619,0,0,0,0,0,0,0,0,0,1.13000604074331,-0.0263396616069808,-0.0097150287291637
2.79075477062658,0.00592690763314957,0.00727867878392039,0.00585239662209466,0.0130234327703945,0.0154186735697293,0.0113414227220252,0,0,0,0,0,0,0,0,0,1.12974208686015,-0.0264370646020109,-0.0097604271798325
2.80075747589764,0.00600000718848315,0.00733730806279406,0.00587026731984808,0.013178228898985,0.0155322092447928,0.0113595024382832,0,0,0,0,0,0,0,0,0,1.12947715641242,-0.0265349229597798,-0.00980607743493388
2.8107601811687,0.00607369408717618,0.00739611548024355,0.00588801463051241,0.0133341615890769,0.0156459237054325,0.0113771700281052,0,0,0,0,0,0,0,0,0,1.12921124483264,-0.0266332392069046,-0.00985198107675951
2.82076288643977,0.00614797010491655,0.00745509979994386,0.00590563813143175,0.0134912326083783,0.0157598128251492,0.0113944246713503,0,0,0,0,0,0,0,0,0,1.12894434752802,-0.0267320158858737,-0.00989813969878624
2.83076559171083,0.00622283700500456,0.00751425978138093,0.00592313740766934,0.0136494436832806,0.015873872469349,0.0114112655696875,0,0,0,0,0,0,0,0,0,1.12867645988022,-0.0268312555551822,-0.00994455490611406
2.84076829698189,0.00629829653831137,0.00757359417992871,0.00594051205197912,0.0138087964987786,0.0159880984955615,0.0114276919465153,0,0,0,0,0,0,0,0,0,1.12840757724527,-0.0269309607894292,-0.00999122831367972
2.85077100225296,0.00637435044323825,0.00763310174692591,0.00595776166477721,0.0139692926983924,0.0161024867536563,0.0114437030468809,0,0,0,0,0,0,0,0,0,1.12813769495334,-0.0270311341794174,-0.0100381615482187
2.86077370752402,0.00645100044567665,0.00769278122975256,0.00597488585411347,0.0141309338840923,0.0162170330860595,0.0114592981373999,0,0,0,0,0,0,0,0,0,1.1278668083086,-0.0271317783322895,-0.0100853562475938
2.87077641279508,0.00652824825896895,0.00775263137190615,0.00599188423564303,0.0142937216162255,0.0163317333279689,0.0114744765061762,0,0,0,0,0,0,0,0,0,1.12759491258906,-0.0272328958716141,-0.0101328140612292
2.88077911806615,0.00660609558386997,0.00781265091307762,0.00600875643259779,0.0144576574134443,0.0164465833075687,0.0114892374627208,0,0,0,0,0,0,0,0,0,1.12732200304643,-0.0273344894375314,-0.0101805366502301
2.89078182333721,0.00668454410850933,0.00787283858922697,0.00602550207575796,0.0146227427526376,0.0165615788462426,0.0115035803378722,0,0,0,0,0,0,0,0,0,1.12704807490591,-0.0274365616868412,-0.0102285256829139
2.90078452860827,0.00676359550835449,0.00793319313265866,0.00604212080342361,0.0147889790688636,0.0166767157587878,0.0115175044837152,0,0,0,0,0,0,0,0,0,1.12677312336602,-0.0275391152930588,-0.0102767828431022
2.91078723387934,0.00684325144617455,0.00799371327209664,0.00605861226138617,0.0149563677552852,0.0167919898536261,0.0115310092735012,0,0,0,0,0,0,0,0,0,1.1264971435985,-0.0276421529466697,-0.0103253098280238
2.9207899391504,0.0069235135720048,0.00805439773275918,0.00607497610289996,0.015124910163107,0.0169073969330158,0.0115440941015671,0,0,0,0,0,0,0,0,0,1.12622013074806,-0.027745677355143,-0.0103741083409808
2.93079264442146,0.00700438352311207,0.00811524523643335,0.00609121198865374,0.0152946076015151,0.0170229327932621,0.0115567583832552,0,0,0,0,0,0,0,0,0,1.12594207993224,-0.0278496912430395,-0.0104231801001007
2.94079534969252,0.00708586292396073,0.00817625450154926,0.00610731958674218,0.0154654613376182,0.0171385932249266,0.0115690015548325,0,0,0,0,0,0,0,0,0,1.12566298624127,-0.0279541973522001,-0.0104725268353152
2.95079805496359,0.0071679533861795,0.00823742424325399,0.00612329857263749,0.0156374725963915,0.0172543740130365,0.0115808230734106,0,0,0,0,0,0,0,0,0,1.12538284473784,-0.0280591984417934,-0.0105221502865743
2.96080076023465,0.00725065650852901,0.00829875317348524,0.00613914862916084,0.0158106425606222,0.0173702709372925,0.0115922224168651,0,0,0,0,0,0,0,0,0,1.12510165045696,-0.0281646972884689,-0.0105720522087156
2.97080346550571,0.00733397387687,0.0083602400010447,0.00615486944645394,0.0159849723708573,0.0174862797722762,0.011603199083755,0,0,0,0,0,0,0,0,0,1.12481939840579,-0.0282706966865016,-0.0106222343665621
2.98080617077678,0.00741790706413238,0.00842188343167113,0.00617046072195058,0.0161604631253534,0.0176023962876565,0.0116137525932425,0,0,0,0,0,0,0,0,0,1.12453608356343,-0.0283771994478467,-0.0106726985361276
2.99080887604784,0.00750245763028493,0.00848368216811317,0.00618592216034813,0.0163371158800287,0.0177186162483953,0.0116238824850123,0,0,0,0,0,0,0,0,0,1.1242517008808,-0.0284842084023091,-0.0107234465072653
3.0008115813189,0.00758762712230574,0.00854563491020183,0.00620125347357907,0.0165149316484169,0.0178349354149526,0.0116335883191915,0,0,0,0,0,0,0,0,0,1.12396624528038,-0.0285917263976511,-0.0107744800807666
3.01081428658996,0.00767341707415343,0.00860774035492275,0.00621645438078252,0.0166939114016231,0.0179513495434901,0.0116428696762686,0,0,0,0,0,0,0,0,0,1.1236797116561,-0.0286997562997028,-0.0108258010714499
3.02081699186103,0.00775982900673897,0.00866999719648811,0.00623152460827579,0.016874056068282,0.018067854386075,0.0116517261570137,0,0,0,0,0,0,0,0,0,1.12339209487314,-0.0288083009925328,-0.0108774113063724
3.03081969713209,0.0078468644278984,0.00873240412640832,0.00624646388952587,0.0170553665345177,0.018184445690882,0.0116601573823977,0,0,0,0,0,0,0,0,0,1.12310338976773,-0.0289173633785224,-0.0109293126235927
3.04082240240315,0.00793452483236609,0.00879495983356335,0.00626127196512099,0.017237843643906,0.0183011192023954,0.0116681629935118,0,0,0,0,0,0,0,0,0,1.12281359114696,-0.029026946378511,-0.0109815068734059
3.05082510767422,0.00802281170174879,0.00885766300427389,0.00627594858274212,0.0174214881974383,0.0184178706616096,0.0116757426514872,0,0,0,0,0,0,0,0,0,1.12252269378864,-0.029137052931896,-0.0110339959194232
3.06082781294528,0.00811172650450041,0.00892051232237208,0.00629049349713452,0.017606300953488,0.0185346958062292,0.0116828960374147,0,0,0,0,0,0,0,0,0,1.12223069244107,-0.0292476859967992,-0.0110867816396486
3.07083051821634,0.00820127069589747,0.00898350646927206,0.00630490647007927,0.0177922826277783,0.0186515903708686,0.0116896228522639,0,0,0,0,0,0,0,0,0,1.12193758182287,-0.0293588485501881,-0.0111398659249431
3.08083322348741,0.00829144571801526,0.00904664412404022,0.00631918727036476,0.0179794338933524,0.0187685500872499,0.0116959228168033,0,0,0,0,0,0,0,0,0,1.12164335662278,-0.0294705435880119,-0.0111932506772338
3.09083592875847,0.00838225299970472,0.00910992396346514,0.00633333567375826,0.0181677553805453,0.018885570684401,0.0117017956715196,0,0,0,0,0,0,0,0,0,1.12134801149949,-0.0295827741252871,-0.0112469378088248
3.10083863402953,0.00847369395656998,0.00917334466212725,0.00634735146297744,0.0183572476769584,0.0190026478888522,0.0117072411765368,0,0,0,0,0,0,0,0,0,1.12105154108143,-0.0296955431962192,-0.0113009292504906
3.1108413393006,0.00856576999094665,0.00923690489246819,0.00636123442766186,0.0185479113274351,0.0191197774248322,0.0117122591115367,0,0,0,0,0,0,0,0,0,1.12075393996658,-0.0298088538544507,-0.0113552269458013
3.12084404457166,0.00865848249188073,0.00930060332485994,0.00637498436434456,0.0187397468340387,0.0192369550144634,0.0117168492756776,0,0,0,0,0,0,0,0,0,1.12045520272228,-0.029922709173069,-0.011409832847105
3.13084674984272,0.00875183283510831,0.00936443862767362,0.00638860107642353,0.0189327546560324,0.0193541763779566,0.0117210114875142,0,0,0,0,0,0,0,0,0,1.12015532388504,-0.0300371122447741,-0.0114647489245032
3.14084945511378,0.00884582238303585,0.00942840946734803,0.00640208437413328,0.0191269352098614,0.0194714372338038,0.0117247455849174,0,0,0,0,0,0,0,0,0,1.11985429796032,-0.0301520661820661,-0.0115199771604034
3.15085216038485,0.00894045248472121,0.00949251450845784,0.00641543407451632,0.0193222888691362,0.0195887332989721,0.0117280514249933,0,0,0,0,0,0,0,0,0,1.11955211942237,-0.0302675741173039,-0.0115755195471667
3.16085486565591,0.00903572447585535,0.00955675241378161,0.00642865000139476,0.0195188159646187,0.0197060602890947,0.0117309288840031,0,0,0,0,0,0,0,0,0,1.11924878271399,-0.0303836392028456,-0.01163137809696
3.17085757092697,0.0091316396787447,0.00962112184436941,0.00644173198534175,0.0197165167842097,0.0198234139186628,0.0117333778572827,0,0,0,0,0,0,0,0,0,1.11894428224635,-0.0305002646113042,-0.0116875548343224
3.18086027619804,0.00922819940229419,0.00968562145961025,0.00645467986365307,0.0199153915729382,0.0199407899012156,0.0117353982591622,0,0,0,0,0,0,0,0,0,1.1186386123988,-0.0306174535355398,-0.0117440517904854
3.1908629814691,0.00932540494199101,0.00975024991729916,0.00646749348031866,0.0201154405329534,0.0200581839495302,0.0117369900228851,0,0,0,0,0,0,0,0,0,1.11833176751862,-0.0307352091888009,-0.0118008710165528
3.20086568674016,0.00942325757988895,0.00981500587370398,0.00648017268599408,0.0203166638235171,0.02017559177581,0.0117381531005285,0,0,0,0,0,0,0,0,0,1.11802374192088,-0.0308535348049806,-0.0118580145830803
3.21086839201123,0.0095217585845935,0.00987988798363194,0.00649271733797213,0.020519061561,0.0202930090918731,0.0117388874629221,0,0,0,0,0,0,0,0,0,1.11771452988817,-0.0309724336387499,-0.0119154845672814
3.22087109728229,0.00962090921124753,0.00994489490049591,0.0065051273001543,0.0207226338188778,0.0204104316093391,0.0117391930995681,0,0,0,0,0,0,0,0,0,1.11740412567045,-0.0310919089655574,-0.0119732830568764
3.23087380255335,0.00972071070151775,0.0100100252763803,0.00651740244302235,0.0209273806277309,0.0205278550398157,0.0117390700185605,0,0,0,0,0,0,0,0,0,1.11709252348478,-0.0312119640818398,-0.0120314121618816
3.24087650782441,0.00982116428358164,0.0100752777621068,0.0065295426436098,0.0211333019752448,0.0206452750950844,0.0117385182465049,0,0,0,0,0,0,0,0,0,1.11677971751516,-0.0313326023052574,-0.0120898740067045
3.25087921309548,0.00992227117211522,0.0101406510072998,0.00654154778547349,0.0213403978062127,0.0207626874872847,0.0117375378284378,0,0,0,0,0,0,0,0,0,1.11646570191231,-0.0314538269747465,-0.0121486707255657
3.26088191836654,0.0100240325682814,0.0102061436604513,0.00655341775866507,0.0215486680225403,0.0208800879290988,0.0117361288277463,0,0,0,0,0,0,0,0,0,1.11615047079341,-0.0315756414506635,-0.0122078044672834
3.2708846236376,0.010126449659719,0.0102717543689861,0.00656515245970258,0.021758112483252,0.0209974721339341,0.0117342913260876,0,0,0,0,0,0,0,0,0,1.11583401824196,-0.0316980491149325,-0.0122672773990201
3.28088732890867,0.0102295236205322,0.0103374817793259,0.00657675179154191,0.021968731004499,0.021114835816106,0.0117320254233089,0,0,0,0,0,0,0,0,0,1.11551633830748,-0.031821053371265,-0.0123270917022589
3.29089003417973,0.0103332556112812,0.0104033245369539,0.0065882156635484,0.0221805233595694,0.0212321746910193,0.0117293312373662,0,0,0,0,0,0,0,0,0,1.11519742500538,-0.0319446576452266,-0.0123872495712436
3.30089273945079,0.0104376467789728,0.0104692812864787,0.00659954399146829,0.0223934892789,0.0213494844753487,0.0117262089042444,0,0,0,0,0,0,0,0,0,1.11487727231666,-0.0320688653844255,-0.012447753215857
3.31089544472186,0.0105426982570522,0.0105353506716977,0.00661073669740035,0.0226076284500897,0.0214667608872193,0.0117226585778771,0,0,0,0,0,0,0,0,0,1.11455587418775,-0.0321936800586369,-0.0125086048598201
3.32089814999292,0.010648411165395,0.0106015313356611,0.00662179370976728,0.0228229405179153,0.0215839996463851,0.0117186804300652,0,0,0,0,0,0,0,0,0,1.11423322453023,-0.0323191051599554,-0.0125698067460928
3.33090085526398,0.0107547866103002,0.0106678219207343,0.00663271496328735,0.0230394250843483,0.0217011964744077,0.0117142746503977,0,0,0,0,0,0,0,0,0,1.11390931722067,-0.0324451442030277,-0.0126313611300171
3.34090356053504,0.0108618256844837,0.0107342210686612,0.00664350039894587,0.0232570817085739,0.0218183470948336,0.01170944144617,0,0,0,0,0,0,0,0,0,1.11358414610035,-0.0325718007250673,-0.0126932702797333
3.35090626580611,0.0109695294670722,0.0108007274206266,0.0066541499639667,0.0234759099070122,0.0219354472333713,0.0117041810423046,0,0,0,0,0,0,0,0,0,1.11325770497506,-0.0326990782860959,-0.0127555364871313
3.36090897107717,0.0110778990235982,0.0108673396173186,0.00666466361178386,0.0236959091533402,0.0220524926180668,0.0116984936812697,0,0,0,0,0,0,0,0,0,1.11292998761489,-0.0328269804691774,-0.0128181620524588
3.37091167634823,0.0111869354059949,0.0109340562989903,0.00667504130201297,0.0239170788785161,0.0221694789794787,0.0116923796229994,0,0,0,0,0,0,0,0,0,1.11260098775392,-0.0329555108803509,-0.0128811492881691
3.3809143816193,0.0112966396525928,0.0110008761055217,0.00668528300042282,0.0241394184708055,0.0222864020508531,0.0116858391448128,0,0,0,0,0,0,0,0,0,1.1122706990901,-0.0330846731489417,-0.0129445005344197
3.39091708689036,0.0114070127881155,0.011067797676481,0.00669538867890688,0.0243629272758093,0.0224032575682961,0.0116788725413342,0,0,0,0,0,0,0,0,0,1.11193911528492,-0.0332144709278047,-0.0130082181403548
3.40091979216142,0.0115180558236777,0.0111348196511858,0.00670535831545485,0.0245876045964925,0.0225200412709476,0.0116714801244117,0,0,0,0,0,0,0,0,0,1.11160622996325,-0.033344907893261,-0.0130723044678433
3.41092249743249,0.0116297697567822,0.0112019406687641,0.00671519189412417,0.0248134496932164,0.0226367489011522,0.0116636622230376,0,0,0,0,0,0,0,0,0,1.11127203671303,-0.0334759877454156,-0.0131367619013171
3.42092520270355,0.0117421555713192,0.0112691593682143,0.00672488940501155,0.0250404617837705,0.0227533762046309,0.0116554191832677,0,0,0,0,0,0,0,0,0,1.1109365290851,-0.033607714208291,-0.013201592839261
3.43092790797461,0.0118552142375642,0.0113364743884661,0.0067344508442245,0.0252686400434079,0.0228699189306512,0.0116467513681405,0,0,0,0,0,0,0,0,0,1.11059970059291,-0.033740091029975,-0.0132667996951788
3.44093061324567,0.0119689467121787,0.0114038843684401,0.00674387621385286,0.0254979836048812,0.0229863728321967,0.0116376591575972,0,0,0,0,0,0,0,0,0,1.11026154471231,-0.0338731219827732,-0.0133323848974425
3.45093331851674,0.0120833539382098,0.0114713879471077,0.00675316552194032,0.0257284915584806,0.0231027336661352,0.0116281429484012,0,0,0,0,0,0,0,0,0,1.1099220548813,-0.034006810863354,-0.0133983508955054
3.4609360237878,0.012198436845091,0.0115389837635502,0.00676231878245595,0.0259601629520738,0.0232189971933876,0.0116182031540573,0,0,0,0,0,0,0,0,0,1.10958122449976,-0.0341411614930252,-0.0134647001561351
3.47093872905886,0.0123141963486439,0.0116066704570184,0.00677133601526574,0.026192996791147,0.023335159179094,0.0116078402047318,0,0,0,0,0,0,0,0,0,1.10923904692925,-0.0342761777178041,-0.0135314351549377
3.48094143432993,0.0124306333510799,0.0116744466669911,0.0067802172461041,0.0264269920388482,0.0234512153927802,0.0115970545471714,0,0,0,0,0,0,0,0,0,1.1088955154927,-0.0344118634085239,-0.0135985583895214
3.49094413960099,0.0125477487410029,0.0117423110332336,0.00678896250654542,0.0266621476160318,0.0235671616085237,0.0115858466446235,0,0,0,0,0,0,0,0,0,1.10855062347424,-0.0345482224611675,-0.013666072378767
3.50094684487205,0.0126655433934126,0.0118102621958564,0.00679757183397558,0.0268984624013053,0.0236829936051175,0.0115742169767551,0,0,0,0,0,0,0,0,0,1.10820436411887,-0.0346852587969596,-0.0137339796515806
3.51094955014312,0.0127840181697078,0.0118782987953726,0.00680604527156348,0.0271359352310765,0.0237987071662346,0.0115621660395726,0,0,0,0,0,0,0,0,0,1.10785673063225,-0.0348229763624746,-0.0138022827550633
3.52095225541418,0.0129031739176914,0.0119464194727561,0.00681438286823255,0.0273745648996039,0.0239142980805906,0.0115496943453416,0,0,0,0,0,0,0,0,0,1.10750771618044,-0.0349613791298931,-0.0138709842574363
3.53095496068524,0.0130230114715745,0.0120146228694988,0.00682258467863232,0.0276143501590477,0.0240297621421065,0.011536802422506,0,0,0,0,0,0,0,0,0,1.10715731388964,-0.035100471097168,-0.0139400867424554
3.5409576659563,0.0131435316519825,0.0120829076276678,0.00683065076310989,0.0278552897195224,0.0241450951500692,0.0115234908156078,0,0,0,0,0,0,0,0,0,1.10680551684592,-0.0352402562881688,-0.0140095928093728
3.55096037122737,0.013264735265961,0.0121512723899621,0.00683858118768154,0.0280973822491518,0.024260292909293,0.0115097600852068,0,0,0,0,0,0,0,0,0,1.10645231809498,-0.0353807387528475,-0.0140795050786399
3.56096307649843,0.0133866231069821,0.0122197157997693,0.00684637602400414,0.0283406263741245,0.0243753512302792,0.0114956108077998,0,0,0,0,0,0,0,0,0,1.10609771064188,-0.0355219225674969,-0.0141498261856502
3.57096578176949,0.013509195954952,0.012288236501222,0.00685403534934681,0.0285850206787522,0.0244902659293748,0.0114810435757404,0,0,0,0,0,0,0,0,0,1.10574168745077,-0.0356638118347912,-0.0142205587822451
3.58096848704056,0.0136324545762181,0.0123568331392534,0.00686155924656234,0.0288305637055284,0.0246050328289308,0.0114660589971585,0,0,0,0,0,0,0,0,0,1.10538424144463,-0.0358064106840742,-0.0142917055437634
3.59097119231162,0.0137563997235783,0.0124255043596535,0.00686894780405879,0.0290772539551896,0.02471964775746,0.0114506576958799,0,0,0,0,0,0,0,0,0,1.105025365505,-0.0359497232715413,-0.0143632691600082
3.60097389758268,0.0138810321362888,0.0124942488091242,0.00687620111577094,0.0293250898867776,0.0248341065497931,0.0114348403113456,0,0,0,0,0,0,0,0,0,1.10466505247171,-0.0360937537803472,-0.0144352523384196
3.61097660285375,0.0140063525400742,0.0125630651353344,0.00688331928113191,0.0295740699177036,0.0249484050472348,0.0114186074985318,0,0,0,0,0,0,0,0,0,1.10430329514262,-0.0362385064208506,-0.0145076578058555
3.62097930812481,0.0141323616471369,0.0126319519869752,0.00689030240504463,0.0298241924238133,0.0250625390977188,0.0114019599278691,0,0,0,0,0,0,0,0,0,1.10394008627333,-0.036383985430758,-0.0145804883053826
3.63098201339587,0.0142590601561683,0.0127009080138141,0.00689715059785337,0.0300754557394546,0.0251765045559615,0.0113848982851621,0,0,0,0,0,0,0,0,0,1.10357541857691,-0.0365301950753044,-0.0146537466038859
3.64098471866693,0.014386448752359,0.0127699318667495,0.00690386397531529,0.0303278581575458,0.0252902972836162,0.011367423271509,0,0,0,0,0,0,0,0,0,1.10320928472366,-0.036677139647549,-0.0147274354841374
3.650987423938,0.0145145281074113,0.0128390221978646,0.00691044265857194,0.030581397929646,0.0254039131494249,0.0113495356032213,0,0,0,0,0,0,0,0,0,1.10284167734075,-0.0368248234683973,-0.0148015577429806
3.66099012920906,0.0146432988795504,0.0129081776604811,0.00691688677412082,0.0308360732660263,0.0255173480293707,0.0113312360117432,0,0,0,0,0,0,0,0,0,1.10247258901203,-0.0369732508868603,-0.0148761162039312
3.67099283448012,0.0147727617135377,0.0129773969092128,0.00692319645378687,0.0310918823357438,0.0256305978068281,0.011312525243571,0,0,0,0,0,0,0,0,0,1.10210201227769,-0.0371224262803293,-0.0149511137053633
3.68099553975119,0.0149029172406837,0.0130466786000187,0.00692937183469404,0.0313488232667153,0.0257436583727139,0.011293404060173,0,0,0,0,0,0,0,0,0,1.10172993963398,-0.0372723540545981,-0.0150265531023356
3.69099824502225,0.0150337660788619,0.0131160213902555,0.00693541305923677,0.0316068941457944,0.0258565256256361,0.0112738732379088,0,0,0,0,0,0,0,0,0,1.10135636353295,-0.0374230386441746,-0.0151024372737644
3.70100095029331,0.0151653088325229,0.0131854239387307,0.00694132027505155,0.0318660930188485,0.0259691954720422,0.0112539335679489,0,0,0,0,0,0,0,0,0,1.10098127638217,-0.0375744845124465,-0.0151787691173868
3.71100365556438,0.0152975460927092,0.0132548849057547,0.00694709363498846,0.0321264178908385,0.0260816638263678,0.0112335858561945,0,0,0,0,0,0,0,0,0,1.10060467054437,-0.037726696151892,-0.0152555515493739
3.72100636083544,0.0154304784370705,0.0133244029531927,0.00695273329708266,0.0323878667258988,0.0261939266111826,0.0112128309231965,0,0,0,0,0,0,0,0,0,1.10022653833725,-0.0378796780842383,-0.0153327875030571
3.7310090661065,0.0155641064298796,0.0133939767445163,0.00695823942452592,0.03265043744742,0.0263059797573373,0.0111916696040757,0,0,0,0,0,0,0,0,0,1.09984687203309,-0.0380334348606459,-0.0154104799337475
3.74101177137756,0.0156984306220485,0.0134636049448554,0.0069636121856382,0.0329141279381322,0.0264178192041083,0.0111701027484418,0,0,0,0,0,0,0,0,0,1.09946566385853,-0.0381879710619641,-0.0154886318180482
3.75101447664863,0.0158334515511456,0.0135332862210491,0.00696885175383911,0.0331789360401901,0.0265294408993428,0.0111481312203133,0,0,0,0,0,0,0,0,0,1.09908290599423,-0.0383432912989018,-0.0155672461509157
3.76101718191969,0.0159691697414127,0.0136030192416963,0.00697395830761947,0.0334448595552591,0.026640840799602,0.0111257558980371,0,0,0,0,0,0,0,0,0,1.09869859057456,-0.0384994002122235,-0.0156463259465975
3.77101988719075,0.016105585703783,0.0136728026772067,0.00697893203051285,0.0337118962446037,0.0267520148703044,0.0111029776742077,0,0,0,0,0,0,0,0,0,1.09831270968736,-0.0386563024729394,-0.0157258742393136
3.78102259246182,0.0162426999358995,0.013742635199851,0.00698377311106707,0.0339800438291765,0.0268629590858679,0.0110797974555871,0,0,0,0,0,0,0,0,0,1.09792525537355,-0.0388140027825148,-0.0158058940844957
3.79102529773288,0.0163805129221339,0.0138125154838107,0.00698848174281574,0.0342492999897089,0.0269736694298507,0.011056216163024,0,0,0,0,0,0,0,0,0,1.09753621962691,-0.0389725058730851,-0.0158863885591706
3.80102800300394,0.0165190251336058,0.013882442205228,0.0069930581242498,0.0345196623668035,0.0270841418950923,0.0110322347313738,0,0,0,0,0,0,0,0,0,1.0971455943937,-0.0391318165076728,-0.0159673607612329
3.81103070827501,0.0166582370282026,0.0139524140422553,0.00699750245878901,0.0347911285610273,0.0271943724838531,0.0110078541094179,0,0,0,0,0,0,0,0,0,1.09675337157241,-0.0392919394803878,-0.0160488138037697
3.82103341354607,0.0167981490506002,0.0140224296751043,0.00700181495475354,0.0350636961330069,0.0273043572079528,0.0109830752597831,0,0,0,0,0,0,0,0,0,1.0963595430134,-0.0394528796165313,-0.0161307508237719
3.83103611881713,0.0169387616322831,0.0140924877860946,0.00700599582533542,0.0353373626035244,0.0274140920889094,0.0109578991588615,0,0,0,0,0,0,0,0,0,1.09596410051862,-0.0396146417729701,-0.0162131749847302
3.84103882408819,0.0170800751915665,0.014162587059703,0.00701004528857014,0.0356121254536158,0.0275235731580755,0.0109323267967298,0,0,0,0,0,0,0,0,0,1.09556703584126,-0.0397772308382922,-0.0162960894651574
3.85104152935926,0.0172220901336177,0.0142327261826109,0.00701396356730811,0.0358879821246695,0.0276327964567756,0.0109063591770689,0,0,0,0,0,0,0,0,0,1.09516834068547,-0.0399406517329517,-0.0163794974613227
3.86104423463032,0.0173648068504786,0.014302903843753,0.00701775088918627,0.0361649300185267,0.0277417580364413,0.0108799973170837,0,0,0,0,0,0,0,0,0,1.09476800670602,-0.0401049094094796,-0.0164634021955252
3.87104693990138,0.0175082257210881,0.0143731187343648,0.00702140748659953,0.0364429664975836,0.0278504539587461,0.0108532422474221,0,0,0,0,0,0,0,0,0,1.09436602550798,-0.0402700088527934,-0.0165478069162728
3.88104964517245,0.0176523471113059,0.01444336954803,0.00702493359667234,0.036722088884894,0.0279588802957401,0.0108260950120951,0,0,0,0,0,0,0,0,0,1.09396238864638,-0.0404359550804115,-0.0166327148859026
3.89105235044351,0.0177971713739358,0.0145136549807277,0.00702832946123025,0.0370022944642744,0.0280670331299824,0.0107985566683962,0,0,0,0,0,0,0,0,0,1.09355708762593,-0.040602753142516,-0.0167181293864992
3.90105505571457,0.0179426988487501,0.0145839737308794,0.00703159532677136,0.037283580480409,0.0281749085546743,0.0107706282868208,0,0,0,0,0,0,0,0,0,1.09315011390063,-0.0407704081222848,-0.0168040537303294
3.91105776098564,0.0180889298625141,0.0146543244993955,0.00703473144443792,0.0375659441389574,0.0282825026737905,0.0107423109509859,0,0,0,0,0,0,0,0,0,1.09274145887347,-0.0409389251361632,-0.016890491246351
3.9210604662567,0.0182358647290114,0.0147247059897214,0.00703773806998781,0.0378493826066628,0.0283898116022101,0.0107136057575495,0,0,0,0,0,0,0,0,0,1.09233111389612,-0.0411083093339263,-0.0169774452839147
3.93106317152776,0.0183835037490696,0.0147951169078839,0.0070406154637661,0.038133893011462,0.0284968314658467,0.0106845138161305,0,0,0,0,0,0,0,0,0,1.09191907026856,-0.0412785658990244,-0.0170649192195569
3.94106587679882,0.0185318472105858,0.0148655559625369,0.00704336389067654,0.0384194724425958,0.0286035584017774,0.0106550362492278,0,0,0,0,0,0,0,0,0,1.09150531923872,-0.0414497000487817,-0.0171529164493684
3.95106858206989,0.0186808953885537,0.0149360218650065,0.00704598362015314,0.0387061179507219,0.0287099885583716,0.0106251741921401,0,0,0,0,0,0,0,0,0,1.09108985200223,-0.0416217170345888,-0.0172414403893691
3.96107128734095,0.0188306485450904,0.0150065133293365,0.00704847492613164,0.0389938265480282,0.0288161180954184,0.0105949287928855,0,0,0,0,0,0,0,0,0,1.09067265970198,-0.0417946221421086,-0.0173304944780955
3.97107399261201,0.0189811069294635,0.0150770290723333,0.00705083808702109,0.0392825952083479,0.0289219431842535,0.0105643012121209,0,0,0,0,0,0,0,0,0,1.09025373342783,-0.0419684206915211,-0.0174200821842732
3.98107669788308,0.0191322707781193,0.0151475678136102,0.00705307338567532,0.0395724208672753,0.029027460007885,0.0105332926230617,0,0,0,0,0,0,0,0,0,1.08983306421624,-0.0421431180378826,-0.0175102069916544
3.99107940315414,0.0192841403147112,0.015218128275632,0.00705518110936454,0.0398633004222834,0.029132664761119,0.0105019042114012,0,0,0,0,0,0,0,0,0,1.08941064304995,-0.0423187195710668,-0.0176008724054907
4.0010821084252,0.0194367157501279,0.0152887091837591,0.00705716154974681,0.0401552307328425,0.0292375536506836,0.0104701371752304,0,0,0,0,0,0,0,0,0,1.0889864608576,-0.042495230716254,-0.0176920819627045
4.01108481369627,0.0195899972825231,0.0153593092662909,0.00705901500283957,0.0404482086205402,0.0293421228953531,0.0104379927249572,0,0,0,0,0,0,0,0,0,1.08856050851339,-0.0426726569340756,-0.0177838392124234
4.02108751896733,0.0197439850973449,0.0154299272545094,0.0070607417689912,0.0407422308692021,0.02944636872607,0.0104054720832262,0,0,0,0,0,0,0,0,0,1.08813277683671,-0.0428510037207137,-0.0178761477331802
4.03109022423839,0.019898679367366,0.0155005618827227,0.00706234215285253,0.0410372942250146,0.0295502873860677,0.0103725764848383,0,0,0,0,0,0,0,0,0,1.08770325659182,-0.0430302766083896,-0.0179690111306932
4.04109292950946,0.0200540802527139,0.0155712118883075,0.00706381646334837,0.0413333953966481,0.0296538751309912,0.01033930717667,0,0,0,0,0,0,0,0,0,1.08727193848742,-0.0432104811654192,-0.0180624330234418
4.05109563478052,0.0202101879009019,0.0156418760117517,0.00706516501364901,0.0416305310553822,0.0297571282290179,0.0103056654175931,0,0,0,0,0,0,0,0,0,1.08683881317638,-0.0433916229964132,-0.0181564170608783
4.06109834005158,0.0203670024468609,0.0157125529966971,0.00706638812114182,0.0419286978352309,0.0298600429609769,0.0102716524783945,0,0,0,0,0,0,0,0,0,1.08640387125529,-0.0435737077426962,-0.0182509669166003
4.07110104532264,0.0205245240129703,0.0157832415899811,0.00706748610740268,0.0422278923330705,0.0299626156204677,0.0102372696416953,0,0,0,0,0,0,0,0,0,1.08596710326414,-0.0437567410823705,-0.0183460862813119
4.08110375059371,0.0206827527090911,0.0158539405416785,0.00706845929816759,0.0425281111087678,0.0300648425139786,0.0102025182018705,0,0,0,0,0,0,0,0,0,1.08552849968595,-0.0439407287305951,-0.0184417788757446
4.09110645586477,0.0208416886325975,0.0159246486051431,0.00706930802330416,0.0428293506853089,0.0301667199610036,0.0101673994649688,0,0,0,0,0,0,0,0,0,1.08508805094637,-0.0441256764399069,-0.0185380484438592
4.10110916113583,0.0210013318684109,0.0159953645370489,0.00707003261678313,0.0431316075489308,0.0302682442941584,0.0101319147486319,0,0,0,0,0,0,0,0,0,1.08464574741332,-0.0443115900003643,-0.0186348987513558
4.1111118664069,0.0211616824890326,0.0160660870974307,0.00707063341664994,0.043434878149253,0.0303694118592967,0.0100960653820141,0,0,0,0,0,0,0,0,0,1.08420157939664,-0.0444984752398387,-0.018732333588608
4.12111457167796,0.0213227405545781,0.016136815049725,0.00707111076499618,0.0437391588994098,0.0304702190156245,0.0100598527057019,0,0,0,0,0,0,0,0,0,1.08375553714765,-0.0446863380242165,-0.0188303567704979
4.13111727694902,0.0214845061128107,0.0162075471608104,0.00707146500793121,0.0440444461761854,0.0305706621358141,0.0100232780716335,0,0,0,0,0,0,0,0,0,1.08330761085884,-0.0448751842576872,-0.0189289721390939
4.14111998222008,0.021646979199177,0.0162782822010474,0.00707169649555362,0.0443507363201487,0.0306707376061172,0.00998634284301854,0,0,0,0,0,0,0,0,0,1.08285779066342,-0.0450650198829995,-0.0190281835581017
4.15112268749115,0.0218101598368412,0.0163490189443183,0.0070718055819228,0.0446580256357895,0.0307704418264775,0.00994904839425725,0,0,0,0,0,0,0,0,0,1.08240606663499,-0.045255850881638,-0.0191279949134194
4.16112539276221,0.0219740480367207,0.0164197561680665,0.00707179262503041,0.0449663103916564,0.0308697712106418,0.00991139611086045,0,0,0,0,0,0,0,0,0,1.0819524287871,-0.0454476832740902,-0.0192284101192407
4.17112809803327,0.0221386437975223,0.0164904926533361,0.00707165798677199,0.0452755868204954,0.0309687221862712,0.00987338738936878,0,0,0,0,0,0,0,0,0,1.0814968670729,-0.0456405231201458,-0.0193294331163907
4.18113080330434,0.0223039471057778,0.0165612271848103,0.00707140203291842,0.045585851119389,0.0310672911950509,0.00983502363727247,0,0,0,0,0,0,0,0,0,1.08103937138473,-0.0458343765191301,-0.0194310678656667
4.1911335085754,0.0224699579358811,0.0166319585508503,0.00707102513308747,0.0458970994498981,0.0311654746927988,0.00979630627293076,0,0,0,0,0,0,0,0,0,1.0805799315537,-0.0460292496100703,-0.0195333183567164
4.20113621384646,0.022636676250125,0.0167026855435338,0.00707052766071534,0.046209327938203,0.0312632691495748,0.0097572367254915,0,0,0,0,0,0,0,0,0,1.08011853734933,-0.0462251485721063,-0.0196361886058194
4.21113891911753,0.0228041019987384,0.0167734069586925,0.00706990999302816,0.0465225326752468,0.0313606710497874,0.00971781643481069,0,0,0,0,0,0,0,0,0,1.07965517847914,-0.0464220796246124,-0.0197396826470082
4.22114162438859,0.0229722351199243,0.0168441215959506,0.00706917251101353,0.0468367097168795,0.0314576768923009,0.00967804685137208,0,0,0,0,0,0,0,0,0,1.07918984458822,-0.046620049027431,-0.0198438045441718
4.23114432965965,0.0231410755398977,0.0169148282587617,0.00706831559939208,0.0471518550840027,0.0315542831905411,0.00963792943620667,0,0,0,0,0,0,0,0,0,1.07872252525885,-0.0468190630812362,-0.0199485583909143
4.24114703493071,0.0233106231729245,0.0169855257544461,0.00706733964658895,0.0474679647627164,0.0316504864726006,0.00959746566081227,0,0,0,0,0,0,0,0,0,1.07825321001008,-0.0470191281277648,-0.0200539483023776
4.25114974020178,0.0234808779213598,0.017056212894228,0.00706624504470531,0.0477850347044659,0.031746283281343,0.00955665700707303,0,0,0,0,0,0,0,0,0,1.07778188829732,-0.0472202505500159,-0.0201599784164833
4.26115244547284,0.0236518396756875,0.0171268884932719,0.00706503218948997,0.0481030608261898,0.0318416701745061,0.0095155049671791,0,0,0,0,0,0,0,0,0,1.07730854951193,-0.0474224367725069,-0.0202666529021841
4.2711551507439,0.0238235083145597,0.0171975513707188,0.00706370148031081,0.0484220390104698,0.0319366437248052,0.00947401104354606,0,0,0,0,0,0,0,0,0,1.07683318298078,-0.0476256932616389,-0.020373975952399
4.28115785601497,0.0239958837048369,0.0172682003497228,0.00706225332012634,0.048741965105681,0.0320312005200342,0.00943217674873456,0,0,0,0,0,0,0,0,0,1.07635577796588,-0.0478300265258101,-0.0204819517841448
4.29116056128603,0.0241689657016281,0.0173388342574862,0.00706068811545726,0.0490628349261427,0.0321253371631676,0.00939000360536982,0,0,0,0,0,0,0,0,0,1.07587632366389,-0.0480354431157847,-0.0205905846445016
4.30116326655709,0.0243427541483315,0.0174094519252955,0.00705900627635798,0.0493846442522713,0.0322190502724599,0.00934749314606118,0,0,0,0,0,0,0,0,0,1.07539480920577,-0.0482419496249257,-0.0206998788032967
4.31116597182816,0.0245172488766757,0.0174800521885561,0.00705720821638807,0.0497073888307333,0.0323123364815457,0.00930464691332169,0,0,0,0,0,0,0,0,0,1.07491122365629,-0.0484495526894169,-0.0208098385586536
4.32116867709922,0.0246924497067609,0.017550633886828,0.00705529435258392,0.0500310643745999,0.0324051924395377,0.00926146645948769,0,0,0,0,0,0,0,0,0,1.07442555601364,-0.0486582589886069,-0.0209204682336619
4.33117138237028,0.0248683564471005,0.0176211958638595,0.00705326510543013,0.0503556665635021,0.0324976148111254,0.00921795334663825,0,0,0,0,0,0,0,0,0,1.07393779520896,-0.0488680752451648,-0.0210317721780416
4.34117408764134,0.0250449688946637,0.0176917369676224,0.00705112089883116,0.0506811910437872,0.0325896002766715,0.00917410914651483,0,0,0,0,0,0,0,0,0,1.07344793010595,-0.0490790082254571,-0.0211437547709186
4.35117679291241,0.0252222868349173,0.0177622560503453,0.00704886216008276,0.0510076334286756,0.0326811455323083,0.00912993544044081,0,0,0,0,0,0,0,0,0,1.07295594950041,-0.0492910647397591,-0.0212564204125013
4.36117949818347,0.0254003100418688,0.0178327519685481,0.00704648931984355,0.0513349892984199,0.0327722472900334,0.00908543381924101,0,0,0,0,0,0,0,0,0,1.07246184211978,-0.0495042516424652,-0.0213697735357318
4.37118220345453,0.0255790382781094,0.017903223583075,0.00704400281210655,0.051663254200463,0.032862902277804,0.0090406058831613,0,0,0,0,0,0,0,0,0,1.07196559662272,-0.0497185758325336,-0.0214838186006271
4.3811849087256,0.0257584712948574,0.0179736697591277,0.00704140307417068,0.0519924236495991,0.0329531072396308,0.00899545324178808,0,0,0,0,0,0,0,0,0,1.07146720159868,-0.0499340442535833,-0.0215985600836249
4.39118761399666,0.0259386088320019,0.0180440893662989,0.00703869054661231,0.052322493128134,0.0330428589356713,0.00894997751396787,0,0,0,0,0,0,0,0,0,1.0709666455674,-0.0501506638941253,-0.0217140025004485
4.40119031926772,0.0261194506181473,0.018114481278604,0.00703586567325675,0.0526534580860479,0.0331321541423216,0.00890418032772692,0,0,0,0,0,0,0,0,0,1.07046391697851,-0.0503684417881176,-0.0218301503940034
4.41119302453879,0.0263009963706569,0.0181848443745145,0.00703292890114985,0.0529853139411576,0.0332209896523082,0.00885806332019064,0,0,0,0,0,0,0,0,0,1.06995900421106,-0.0505873850149537,-0.0219470083205079
4.42119572980985,0.0264832457956985,0.0182551775369892,0.00702988068052945,0.0533180560792804,0.0333093622747784,0.00881162813750327,0,0,0,0,0,0,0,0,0,1.06945189557304,-0.0508075006997408,-0.0220645808773521
4.43119843508091,0.0266661985882888,0.0183254796535065,0.00702672146479696,0.0536516798543993,0.0333972688353902,0.00876487643474742,0,0,0,0,0,0,0,0,0,1.06894257930094,-0.0510287960138451,-0.0221828726865578
4.44120114035197,0.026849854432339,0.0183957496160957,0.00702345171048884,0.0539861805888278,0.0334847061764012,0.00871780987586345,0,0,0,0,0,0,0,0,0,1.06843104355931,-0.0512512781748391,-0.022301888390786
4.45120384562304,0.0270342130007007,0.0184659863213683,0.00702007187724821,0.0543215535733773,0.033571671156757,0.00867043013356932,0,0,0,0,0,0,0,0,0,1.06791727644025,-0.0514749544469675,-0.0224216326698692
4.4612065508941,0.0272192739552115,0.0185361886705487,0.00701658242779627,0.0546577940675236,0.0336581606521782,0.00862273888927991,0,0,0,0,0,0,0,0,0,1.06740126596296,-0.0516998321414246,-0.0225421102241693
4.47120925616516,0.0274050369467414,0.0186063555695054,0.0070129838279039,0.0549948972995757,0.0337441715552477,0.00857473783302666,0,0,0,0,0,0,0,0,0,1.0668830000733,-0.0519259186164878,-0.0226633257845622
4.48121196143623,0.0275915016152398,0.0186764859287807,0.00700927654636317,0.0553328584668446,0.0338297007754956,0.00852642866337714,0,0,0,0,0,0,0,0,0,1.06636246664326,-0.0521532212779947,-0.0227852841091088
4.49121466670729,0.0277786675897817,0.0187465786636213,0.00700546105495887,0.0556716727358135,0.0339147452394849,0.00847781308735453,0,0,0,0,0,0,0,0,0,1.06583965347054,-0.0523817475794095,-0.0229079899802831
4.50121737197835,0.0279665344886155,0.0188166326940076,0.00700153782844004,0.0560113352423084,0.0339993018908953,0.00842889282035725,0,0,0,0,0,0,0,0,0,1.06531454827802,-0.0526115050222452,-0.0230314482177309
4.51122007724942,0.0281551019192103,0.0188866469446836,0.00699750734449146,0.0563518410916697,0.0340833676906067,0.0083796695860785,0,0,0,0,0,0,0,0,0,1.06478713871333,-0.0528425011563849,-0.0231556636594063
4.52122278252048,0.0283443694783035,0.0189566203451863,0.00699337008370523,0.0566931853589248,0.0341669396167817,0.00833014511642578,0,0,0,0,0,0,0,0,0,1.06425741234832,-0.053074743580127,-0.0232806411715586
4.53122548779154,0.0285343367519492,0.0190265518298738,0.00698912652955229,0.0570353630889614,0.0342500146649475,0.00828032115144042,0,0,0,0,0,0,0,0,0,1.06372535667859,-0.0533082399407059,-0.0234063856565009
4.54122819306261,0.0287250033155665,0.0190964403379549,0.00698477716835391,0.0573783692967014,0.0343325898480767,0.00823019943921726,0,0,0,0,0,0,0,0,0,1.06319095912302,-0.0535429979344926,-0.0235329020375101
4.55123089833367,0.0289163687339879,0.019166284813517,0.00698032248925325,0.0577221989672761,0.0344146621966676,0.00817978173582406,0,0,0,0,0,0,0,0,0,1.06265420702325,-0.0537790253072139,-0.0236601952709509
4.56123360360473,0.0291084325615086,0.0192360842055542,0.00697576298418687,0.0580668470562015,0.0344962287588233,0.00812906980522115,0,0,0,0,0,0,0,0,0,1.0621150876432,-0.0540163298543949,-0.0237882703358235
4.57123630887579,0.0293011943419355,0.019305837467995,0.00697109914785629,0.0584123084895552,0.0345772866003306,0.00807806541918086,0,0,0,0,0,0,0,0,0,1.06157358816854,-0.0542549194213691,-0.023917132238267
4.58123901414686,0.0294946536086366,0.0193755435597302,0.00696633147769947,0.0587585781641535,0.0346578328047375,0.00802677035720728,0,0,0,0,0,0,0,0,0,1.06102969570624,-0.0544948019038117,-0.0240467860232959
4.59124171941792,0.0296888098845913,0.0194452014446398,0.00696146047386237,0.0591056509477293,0.03473786447343,0.00797518640645561,0,0,0,0,0,0,0,0,0,1.06048339728404,-0.0547359852479838,-0.0241772367554693
4.60124442468898,0.0298836626824396,0.0195148100916201,0.00695648663917048,0.0594535216791112,0.0348173787257087,0.00792331536165181,0,0,0,0,0,0,0,0,0,1.05993467984993,-0.054978477450879,-0.0243084895261708
4.61124712996005,0.0300792115045332,0.0195843684746101,0.0069514104791003,0.0598021851684029,0.0348963726988637,0.00787115902501217,0,0,0,0,0,0,0,0,0,1.05938353027166,-0.0552222865606138,-0.0244405494579731
4.62124983523111,0.0302754558429857,0.0196538755726183,0.00694623250175094,0.0601516361971634,0.0349748435482493,0.00781871920616278,0,0,0,0,0,0,0,0,0,1.05882993533621,-0.0554674206766609,-0.0245734217061817
4.63125254050217,0.0304723951797233,0.0197233303697484,0.0069409532178156,0.0605018695185883,0.0350527884473576,0.0077659977220592,0,0,0,0,0,0,0,0,0,1.05827388174931,-0.0557138879502708,-0.0247071114499609
4.64125524577324,0.0306700289865363,0.0197927318552254,0.00693557314055312,0.0608528798576917,0.0351302045878916,0.0077129963969059,0,0,0,0,0,0,0,0,0,1.05771535613487,-0.0559616965845275,-0.0248416238934405
4.6512579510443,0.0308683567251301,0.019862079023421,0.00693009278575946,0.061204661911488,0.0352070891798372,0.00765971706207587,0,0,0,0,0,0,0,0,0,1.0571543450345,-0.0562108548347922,-0.0249769642768127
4.66126065631536,0.0310673778471771,0.0199313708738786,0.00692451267173931,0.0615572103491762,0.0352834394515344,0.00760616155603021,0,0,0,0,0,0,0,0,0,1.05659083490697,-0.0564613710089811,-0.0251131378619083
4.67126336158642,0.0312670917943681,0.0200006064113387,0.00691883331927753,0.0619105198123229,0.035359252649748,0.00755233172423757,0,0,0,0,0,0,0,0,0,1.05602481212769,-0.0567132534677206,-0.0252501499421812
4.68126606685749,0.031467497998465,0.0200697846457633,0.00691305525161075,0.0622645849150476,0.0354345260397372,0.00749822941909385,0,0,0,0,0,0,0,0,0,1.05545626298817,-0.0569665106248247,-0.0253880058432657
4.69126877212855,0.0316685958813528,0.0201389045923603,0.00690717899439886,0.0626194002442075,0.0355092569053243,0.00744385649984159,0,0,0,0,0,0,0,0,0,1.05488517369549,-0.0572211509474611,-0.0255267109106405
4.70127147739961,0.031870384855092,0.0202079652716076,0.00690120507569653,0.0629749603595842,0.0355834425489631,0.00738921483248971,0,0,0,0,0,0,0,0,0,1.05431153037177,-0.0574771829563822,-0.0256662705212353
4.71127418267068,0.0320728643219721,0.0202769657092769,0.00689513402592476,0.0633312597940695,0.0356570802918061,0.00733430628973287,0,0,0,0,0,0,0,0,0,1.05373531905364,-0.0577346152263237,-0.0258066900851462
4.72127688794174,0.032276033674564,0.0203459049364574,0.0068889663778424,0.0636882930538538,0.0357301674737709,0.00727913275087119,0,0,0,0,0,0,0,0,0,1.05315652569168,-0.057993456386269,-0.0259479750395677
4.7312795932128,0.0324798922957735,0.0204147819895789,0.00688270266651767,0.0640460546186132,0.0358027014536057,0.00722369610172966,0,0,0,0,0,0,0,0,0,1.05257513614988,-0.0582537151197271,-0.0260901308439668
4.74128229848387,0.0326844395588951,0.0204835959104345,0.0068763434292997,0.0644045389416987,0.0358746796089546,0.00716799823457786,0,0,0,0,0,0,0,0,0,1.05199113620511,-0.0585154001649003,-0.0262331629879049
4.75128500375493,0.0328896748276654,0.0205523457462038,0.00686988920579007,0.0647637404503256,0.0359460993364212,0.00711204104804937,0,0,0,0,0,0,0,0,0,1.05140451154654,-0.0587785203151186,-0.0263770769955093
4.76128770902599,0.0330955974563174,0.0206210305494749,0.00686334053781428,0.065123653545763,0.0360169580516322,0.00705582644706128,0,0,0,0,0,0,0,0,0,1.05081524777514,-0.0590430844190968,-0.0265218784154476
4.77129041429705,0.0333022067896343,0.0206896493782668,0.00685669796939333,0.0654842726035249,0.0360872531892998,0.00699935634273401,0,0,0,0,0,0,0,0,0,1.05022333040307,-0.059309101381168,-0.0266675728196902
4.78129311956812,0.0335095021630046,0.0207582012960507,0.00684996204671526,0.065845591973561,0.0361569822032829,0.00694263265231054,0,0,0,0,0,0,0,0,0,1.04962874485313,-0.0595765801615167,-0.0268141658146047
4.79129582483918,0.0337174829024759,0.0208266853717723,0.00684313331810662,0.0662076059804489,0.0362261425666488,0.00688565729907622,0,0,0,0,0,0,0,0,0,1.04903147645824,-0.0598455297766338,-0.0269616630370736
4.80129853011024,0.0339261483248106,0.0208951006798722,0.00683621233400404,0.0665703089235863,0.0362947317717322,0.00682843221227814,0,0,0,0,0,0,0,0,0,1.04843151046084,-0.0601159592994718,-0.0271100701428437
4.81130123538131,0.0341354977375402,0.0209634463003077,0.00682919964692574,0.0669336950773839,0.0363627473301956,0.00677095932704481,0,0,0,0,0,0,0,0,0,1.04782883201232,-0.0603878778596672,-0.0272593928220592
4.82130394065237,0.0343455304390212,0.0210317213185727,0.0068220958114431,0.0672977586914595,0.0364301867730865,0.0067132405843056,0,0,0,0,0,0,0,0,0,1.04722342617248,-0.0606612946440062,-0.0274096367898313
4.83130664592343,0.0345562457184903,0.0210999248257187,0.00681490138415209,0.0676624939908317,0.0364970476508959,0.0066552779307104,0,0,0,0,0,0,0,0,0,1.04661527790895,-0.0609362188964583,-0.0275608077917859
4.8413093511945,0.0347676428561201,0.0211680559183746,0.0068076169236449,0.0680278951761148,0.0365633275336149,0.00659707331854916,0,0,0,0,0,0,0,0,0,1.04600437209658,-0.0612126599187535,-0.0277129116012892
4.85131205646556,0.0349797211230751,0.0212361136987666,0.00680024299048144,0.0683939564237144,0.0366290240107905,0.00653862870567135,0,0,0,0,0,0,0,0,0,1.0453906935169,-0.0614906270703598,-0.0278659540127901
4.86131476173662,0.0351924797815676,0.0213040972747378,0.0067927801471608,0.068760671886023,0.0366941346915812,0.00647994605540563,0,0,0,0,0,0,0,0,0,1.04477422685754,-0.0617701297689274,-0.0280199408599913
4.87131746700768,0.0354059180849142,0.0213720057597673,0.00678522895809288,0.0691280356916165,0.0367586572048108,0.00642102733647927,0,0,0,0,0,0,0,0,0,1.04415495671163,-0.06205117749063,-0.0281748779980907
4.88132017227875,0.0356200352775919,0.0214398382729893,0.00677758998956986,0.0694960419454511,0.0368225891990226,0.00636187452293789,0,0,0,0,0,0,0,0,0,1.04353286757722,-0.0623337797702535,-0.028330771301572
4.89132287754981,0.0358348305952955,0.0215075939392117,0.00676986380973772,0.0698646847290612,0.036885928342532,0.00630248959406482,0,0,0,0,0,0,0,0,0,1.04290794385668,-0.062617946201493,-0.028487626679732
4.90132558282087,0.0360503032649935,0.0215752718889346,0.00676205098856779,0.0702339581007568,0.0369486723234783,0.00624287453430079,0,0,0,0,0,0,0,0,0,1.04228016985615,-0.0629036864373523,-0.0286454500791736
4.91132828809194,0.0362664525049858,0.0216428712583683,0.00675415209782829,0.0706038560958227,0.0370108188498762,0.00618303133316341,0,0,0,0,0,0,0,0,0,1.04164952978489,-0.0631910101904909,-0.0288042474588483
4.921330993363,0.0364832775249607,0.0217103911894515,0.00674616771105582,0.0709743727267171,0.0370723656496657,0.0061229619851668,0,0,0,0,0,0,0,0,0,1.04101600775472,-0.0634799272331236,-0.0289640248022559
4.93133369863406,0.0367007775260523,0.0217778308298681,0.00673809840352689,0.0713455019832714,0.0371333104707625,0.00606266848974096,0,0,0,0,0,0,0,0,0,1.04037958777941,-0.0637704473976123,-0.02912478813132
4.94133640390513,0.036918951700898,0.0218451893330652,0.00672994475222952,0.07171723783289,0.0371936510811057,0.00600215285115163,0,0,0,0,0,0,0,0,0,1.03974025377408,-0.0640625805766431,-0.0292865434879349
4.95133910917619,0.0371377992336963,0.0219124658582696,0.00672170733583467,0.0720895742207512,0.0372533852687068,0.0059414170784195,0,0,0,0,0,0,0,0,0,1.03909798955459,-0.0643563367234483,-0.029449296942291
4.96134181444725,0.0373573193002645,0.0219796595705048,0.00671338673466779,0.0724625050700081,0.0373125108416962,0.00588046318524006,0,0,0,0,0,0,0,0,0,1.03845277883694,-0.0646517258521506,-0.0296130545900995
4.97134451971831,0.0375775110680972,0.0220467696406073,0.00670498353068042,0.0728360242819895,0.0373710256283695,0.00581929318990295,0,0,0,0,0,0,0,0,0,1.03780460523666,-0.0649487580379296,-0.0297778225525933
4.98134722498938,0.0377983736964241,0.0221137952452425,0.00669649830742164,0.0732101257364029,0.0374289274772338,0.00575790911521165,0,0,0,0,0,0,0,0,0,1.03715345226819,-0.0652474434173658,-0.0299436069793015
4.99134993026044,0.0380199063362687,0.0221807355669211,0.0066879316500096,0.073584803291536,0.0374862142570515,0.00569631298840289,0,0,0,0,0,0,0,0,0,1.03649930334427,-0.0655477921886626,-0.0301104140408344
5.0013526355315,0.0382421081305065,0.0222475897940139,0.0066792841451031,0.0739600507844599,0.0375428838568849,0.00563450684106636,0,0,0,0,0,0,0,0,0,1.03584214177532,-0.0658498146118461,-0.0302782499333251
5.01135534080257,0.038464978213924,0.0223143571207678,0.00667055638087308,0.0743358620312324,0.0375989341861392,0.00557249270906412,0,0,0,0,0,0,0,0,0,1.03518195076883,-0.0661535210090759,-0.030447120883274
5.02135804607363,0.0386885157132773,0.0223810367473201,0.00666174894697414,0.0747122308271015,0.0376543631746045,0.0055102726324503,0,0,0,0,0,0,0,0,0,1.03451871342873,-0.0664589217649417,-0.030617033142031
5.03136075134469,0.0389127197473515,0.0224476278797139,0.00665286243451611,0.0750891509467097,0.0377091687724979,0.00544784865539052,0,0,0,0,0,0,0,0,0,1.03385241275474,-0.0667660273266641,-0.0307879929785612
5.04136345661576,0.0391375894270194,0.0225141297299119,0.00664389743603551,0.0754666161442984,0.0377633489505037,0.00538522282608152,0,0,0,0,0,0,0,0,0,1.03318303164179,-0.0670748482042459,-0.0309600066893823
5.05136616188682,0.0393631238553009,0.0225805415158109,0.00663485454546715,0.075844620153913,0.0378169016998136,0.00532239719667067,0,0,0,0,0,0,0,0,0,1.03251055287936,-0.0673853949708721,-0.0311330805978228
5.06136886715788,0.0395893221274226,0.0226468624612555,0.00662573435811561,0.076223156689608,0.0378698250321657,0.00525937382317561,0,0,0,0,0,0,0,0,0,1.03183495915086,-0.0676976782630465,-0.0313072210495565
5.07137157242894,0.0398161833308773,0.0227130917960516,0.00661653747062679,0.0766022194456528,0.0379221169798829,0.00519615476540364,0,0,0,0,0,0,0,0,0,1.03115623303296,-0.0680117087809016,-0.0314824344186619
5.08137427770001,0.0400437065454834,0.02277922875598,0.00660726448095942,0.076981802096738,0.0379737755959105,0.00513274208687146,0,0,0,0,0,0,0,0,0,1.03047435699502,-0.0683274972884574,-0.0316587270921269
5.09137698297107,0.0402718908434453,0.022845272582809,0.0065979159883566,0.0773618982981815,0.0380247989538525,0.00506913785472461,0,0,0,0,0,0,0,0,0,1.02978931339839,-0.0686450546136207,-0.0318361054819062
5.10137968824213,0.0405007352894129,0.0229112225243071,0.00658849259331733,0.0777425016861355,0.0380751851480079,0.00500534413965699,0,0,0,0,0,0,0,0,0,1.02910108449579,-0.0689643916486853,-0.0320145760321326
5.1113823935132,0.0407302389405416,0.0229770778342559,0.00657899489756803,0.0781236058777937,0.0381249322934057,0.00494136301583059,0,0,0,0,0,0,0,0,0,1.02840965243067,-0.0692855193504757,-0.0321941452019187
5.12138509878426,0.040960400846553,0.0230428377724616,0.00656942350403405,0.078505204471599,0.038174038525839,0.00487719656079482,0,0,0,0,0,0,0,0,0,1.02771499923656,-0.0696084487405025,-0.032374819474235
5.13138780405532,0.0411912200497949,0.0231085016047675,0.00655977901681127,0.0788872910474509,0.0382225020018989,0.00481284685540625,0,0,0,0,0,0,0,0,0,1.02701710683642,-0.0699331909052849,-0.0325566053547982
5.14139050932638,0.0414226955853018,0.0231740686030649,0.0065500620411375,0.0792698591669141,0.0382703208990065,0.00474831598374805,0,0,0,0,0,0,0,0,0,1.02631595704198,-0.0702597569964832,-0.0327395093670793
5.15139321459745,0.0416548264808552,0.0232395380453049,0.00654027318336414,0.079652902373427,0.0383174934154456,0.0046836060330495,0,0,0,0,0,0,0,0,0,1.02561153155311,-0.0705881582311211,-0.0329235380556325
5.16139591986851,0.0418876117570447,0.0233049092155092,0.00653041305092762,0.0800364141925103,0.0383640177703929,0.0046187190936058,0,0,0,0,0,0,0,0,0,1.02490381195715,-0.0709184058917855,-0.0331086979905331
5.17139862513957,0.0421210504273287,0.0233701814037806,0.00652048225232099,0.0804203881319761,0.038409892203949,0.00455365725869729,0,0,0,0,0,0,0,0,0,1.02419277972825,-0.071250511326937,-0.0332949957596112
5.18140133041064,0.0423551414980949,0.023435353906314,0.00651048139706537,0.0808048176821379,0.0384551149771675,0.0044884226245092,0,0,0,0,0,0,0,0,0,1.02347841622672,-0.0715844859509548,-0.0334824379677341
5.1914040356817,0.0425898839687218,0.023500426025406,0.00650041109568156,0.0811896963160198,0.0384996843720838,0.0044230172900512,0,0,0,0,0,0,0,0,0,1.02276070269836,-0.0719203412444328,-0.0336710312413299
5.20140674095276,0.0428252768316394,0.0235653970694648,0.0064902719596615,0.0815750174895665,0.0385435986917425,0.00435744335707685,0,0,0,0,0,0,0,0,0,1.0220396202738,-0.0722580887543144,-0.0338607822238756
5.21140944622383,0.0430613190723906,0.0236302663530201,0.00648006460143986,0.0819607746418539,0.0385868562602254,0.00429170293000334,0,0,0,0,0,0,0,0,0,1.02131514996784,-0.072597740094099,-0.0340516975830073
5.22141215149489,0.0432980096696922,0.0236950331967321,0.00646978963436549,0.0823469611952995,0.0386294554226766,0.00422579811583071,0,0,0,0,0,0,0,0,0,1.02058727267878,-0.0729393069441188,-0.0342437839971426
5.23141485676595,0.0435353475954967,0.0237596969274009,0.00645944767267303,0.0827335705558731,0.0386713945453288,0.00415973102406184,0,0,0,0,0,0,0,0,0,1.01985596918776,-0.0732828010514777,-0.034437048160959
5.24141756203702,0.0437733318150534,0.0238242568779743,0.0064490393314544,0.0831205961133082,0.0387126720155275,0.00409350376662166,0,0,0,0,0,0,0,0,0,1.01912122015807,-0.0736282342304377,-0.0346314967963887
5.25142026730808,0.0440119612869701,0.0238887123875575,0.00643856522663031,0.0835080312413127,0.038753286241755,0.00402711845777677,0,0,0,0,0,0,0,0,0,1.01838300613449,-0.0739756183625778,-0.0348271366332924
5.26142297257914,0.0442512349632747,0.0239530628014202,0.00642802597492179,0.0838958692977814,0.0387932356536533,0.00396057721405522,0,0,0,0,0,0,0,0,0,1.01764130754262,-0.0743249653967935,-0.0350239744165124
5.2714256778502,0.0444911517894769,0.024017307471005,0.00641742219382178,0.0842841036250065,0.0388325187020465,0.00389388215416575,0,0,0,0,0,0,0,0,0,1.0168961046882,-0.074676287349597,-0.0352220169125258
5.28142838312127,0.0447317107046299,0.0240814457539349,0.00640675450156656,0.084672727549891,0.0388711338589618,0.00382703539891752,0,0,0,0,0,0,0,0,0,1.01614737775643,-0.0750295963052502,-0.0354212708933589
5.29143108839233,0.0449729106413923,0.0241454770140203,0.00639602351710735,0.0850617343841597,0.0389090796176509,0.00376003907113961,0,0,0,0,0,0,0,0,0,1.0153951068113,-0.0753849044157425,-0.0356217431510137
5.30143379366339,0.0452147505260903,0.0242094006212666,0.00638522986008184,0.085451117424572,0.0389463544926087,0.00369289529560061,0,0,0,0,0,0,0,0,0,1.01463927179491,-0.0757422239012124,-0.0358234404974612
5.31143649893446,0.0454572292787791,0.0242732159518802,0.00637437415078564,0.0858408699531348,0.0389829570195934,0.0036256061989282,0,0,0,0,0,0,0,0,0,1.01387985252679,-0.0761015670499256,-0.036026369745784
5.32143920420552,0.0457003458133057,0.0243369223882755,0.00636345701014389,0.0862309852373152,0.039018885755644,0.00355817390952851,0,0,0,0,0,0,0,0,0,1.01311682870318,-0.0764629462183193,-0.0362305377246004
5.33144190947658,0.0459440990373703,0.024400519319081,0.00635247905968276,0.0866214565302529,0.0390541392790977,0.00349060055750603,0,0,0,0,0,0,0,0,0,1.01235017989643,-0.0768263738312683,-0.036435951275671
5.34144461474765,0.0461884878525892,0.0244640061391447,0.00634144092150097,0.087012277070974,0.039088716189607,0.00342288827458276,0,0,0,0,0,0,0,0,0,1.01157988555422,-0.077191862382082,-0.0366426172490373
5.35144732001871,0.0464335111545563,0.0245273822495402,0.0063303432182413,0.0874034400846038,0.0391226151081549,0.00335503919401809,0,0,0,0,0,0,0,0,0,1.01080592499896,-0.0775594244326733,-0.0368505425095555
5.36145002528977,0.046679167832906,0.0245906470575719,0.0063191865730622,0.0877949387825804,0.0391558346770702,0.00328705545052809,0,0,0,0,0,0,0,0,0,1.01002827742704,-0.0779290726136857,-0.0370597339284319
5.37145273056083,0.0469254567713752,0.0246537999767797,0.00630797160960918,0.0881867663628688,0.0391883735600417,0.00321893918020536,0,0,0,0,0,0,0,0,0,1.00924692190816,-0.0783008196244935,-0.0372701983871574
5.3814554358319,0.0471723768478659,0.0247168404269442,0.00629669895198647,0.0885789160101736,0.0392202304421312,0.00315069252043828,0,0,0,0,0,0,0,0,0,1.00846183738466,-0.0786746782334073,-0.0374819427696209
5.39145814110296,0.0474199269345077,0.0247797678340908,0.00628536922472847,0.0889713808961538,0.0392514040297865,0.0030823176098308,0,0,0,0,0,0,0,0,0,1.00767300267083,-0.0790506612775162,-0.0376949739697366
5.40146084637402,0.0476681058977199,0.0248425816304938,0.00627398305277132,0.0893641541796361,0.0392818930508529,0.00301381658812182,0,0,0,0,0,0,0,0,0,1.00688039645218,-0.0794287816630466,-0.0379092988899115
5.41146355164509,0.0479169125982743,0.0249052812546808,0.00626254106142437,0.0897572290068294,0.0393116962545842,0.0029451915961048,0,0,0,0,0,0,0,0,0,1.0060839972848,-0.0798090523651731,-0.0381249244408757
5.42146625691615,0.048166345891358,0.0249678661514356,0.00625104387634177,0.0901505985115389,0.0393408124116531,0.00287644477554742,0,0,0,0,0,0,0,0,0,1.00528378359464,-0.0801914864283739,-0.0383418575328031
5.43146896218721,0.0484164046266354,0.0250303357718021,0.00623949212349401,0.0905442558153803,0.0393692403141599,0.002807578269111,0,0,0,0,0,0,0,0,0,1.00447973367682,-0.0805760969660645,-0.0385601050686556
5.44147166745828,0.0486670876483114,0.0250926895730868,0.00622788642913931,0.0909381940279944,0.0393969787756417,0.0027385942202701,0,0,0,0,0,0,0,0,0,1.00367182569495,-0.0809628971608198,-0.0387796739774723
5.45147437272934,0.0489183937951938,0.025154927018862,0.00621622741979535,0.0913324062472611,0.0394240266310799,0.00266949477323208,0,0,0,0,0,0,0,0,0,1.00286003768043,-0.0813519002646736,-0.0390005711744194
5.4614770780004,0.0491703219007559,0.025217047578968,0.00620451572221064,0.0917268855595147,0.0394503827369069,0.00260028207285662,0,0,0,0,0,0,0,0,0,1.00204434753177,-0.0817431195985415,-0.0392228035763304
5.47147978327147,0.0494228707931996,0.0252790507295153,0.0061927519633361,0.0921216250397574,0.0394760459710128,0.00253095826457531,0,0,0,0,0,0,0,0,0,1.00122473301387,-0.0821365685528313,-0.0394463781105792
5.48148248854253,0.0496760392955175,0.0253409359528864,0.00618093677029664,0.0925166177518752,0.0395010152327498,0.00246152549431121,0,0,0,0,0,0,0,0,0,1.00040117175735,-0.0825322605870435,-0.0396713016851206
5.49148519381359,0.0499298262255562,0.0254027027377378,0.00616907077036257,0.0929118567488517,0.0395252894429379,0.00239198590839835,0,0,0,0,0,0,0,0,0,0.999573641257858,-0.0829302092297826,-0.0398975812181745
5.50148789908465,0.050184230396079,0.0254643505790007,0.00615715459092125,0.0933073350729832,0.0395488675438673,0.0023223416535014,0,0,0,0,0,0,0,0,0,0.998742118875366,-0.0833304280789509,-0.0401252236291618
5.51149060435572,0.0504392506148281,0.0255258789778824,0.00614518885944854,0.0937030457560936,0.0395717484993026,0.00225259487653504,0,0,0,0,0,0,0,0,0,0.997906581833487,-0.0837329308015786,-0.0403542358178058
5.52149330962678,0.0506948856845883,0.0255872874418671,0.00613317420348033,0.0940989818197488,0.0395939312944837,0.00218274772458372,0,0,0,0,0,0,0,0,0,0.997067007218784,-0.0841377311335999,-0.040584624689204
5.53149601489784,0.050951134403249,0.0256485754847161,0.00612111125058413,0.0944951362754718,0.0396154149361282,0.00211280234482098,0,0,0,0,0,0,0,0,0,0.996223371980077,-0.0845448428801843,-0.040816397146682
5.54149872016891,0.0512079955638673,0.0257097426264682,0.00610900062833053,0.0948915021249578,0.0396361984524308,0.00204276088442923,0,0,0,0,0,0,0,0,0,0.995375652927747,-0.0849542799153698,-0.0410495600650866
5.55150142543997,0.0514654679547311,0.0257707883934395,0.00609684296426475,0.0952880723602884,0.0396562808930641,0.00197262549051921,0,0,0,0,0,0,0,0,0,0.994523826733059,-0.08536605618186,-0.0412841203286163
5.56150413071103,0.0517235503594212,0.025831712318223,0.00608463888587817,0.0956848399641469,0.0396756613291766,0.00190239831004949,0,0,0,0,0,0,0,0,0,0.993667869927467,-0.0857801856914143,-0.041520084810918
5.57150683598209,0.0519822415568745,0.0258925139396878,0.00607238902057989,0.096081797910033,0.039694338853391,0.00183208148974611,0,0,0,0,0,0,0,0,0,0.992807758901923,-0.0861966825242463,-0.0417574603616921
5.58150954125316,0.052241540321447,0.0259531928029784,0.00606009399566816,0.0964789391624775,0.039712312579802,0.00176167717602211,0,0,0,0,0,0,0,0,0,0.9919434699062,-0.0866155608291465,-0.0419962538306389
5.59151224652422,0.0525014454229761,0.0260137484595133,0.00604775443830206,0.0968762566772572,0.0397295816439718,0.00169118751489697,0,0,0,0,0,0,0,0,0,0.991074979048199,-0.0870368348233596,-0.0422364720436009
5.60151495179528,0.0527619556268434,0.0260741804669835,0.00603537097547287,0.0972737434016094,0.0397461452029267,0.00162061465191641,0,0,0,0,0,0,0,0,0,0.990202262293271,-0.0874605187922297,-0.0424781218178229
5.61151765706635,0.053023069694038,0.0261344883893505,0.00602294423397568,0.097671392274447,0.0397620024351515,0.00154996073207168,0,0,0,0,0,0,0,0,0,0.989325295463533,-0.0878866270893836,-0.0427212099489111
5.62152036233741,0.0532847863812183,0.0261946717968444,0.00601047484038092,0.0980691962265723,0.0397771525405832,0.00147922789971934,0,0,0,0,0,0,0,0,0,0.988444054237185,-0.088315174136114,-0.0429657432105555
5.63152306760847,0.0535471044407754,0.0262547302659616,0.00599796342100588,0.0984671481808927,0.0397915947406053,0.00140841829850064,0,0,0,0,0,0,0,0,0,0.987558514147841,-0.0887461744215583,-0.0432117283700668
5.64152577287954,0.0538100226208958,0.0263146633794619,0.00598541060188621,0.098865241052634,0.0398053282780392,0.00133753407126105,0,0,0,0,0,0,0,0,0,0.986668650583839,-0.0891796425023921,-0.0434591721628539
5.6515284781506,0.0540735396656234,0.0263744707263654,0.00597281700874748,0.0992634677495557,0.0398183524171362,0.00126657735997007,0,0,0,0,0,0,0,0,0,0.98577443878758,-0.0896155930024971,-0.0437080813016581
5.66153118342166,0.0543376543149225,0.0264341519019499,0.00596018326697671,0.0996618211721649,0.0398306664435686,0.00119555030564051,0,0,0,0,0,0,0,0,0,0.984875853854848,-0.0900540406128403,-0.0439584624731823
5.67153388869272,0.0546023653047407,0.0264937065077466,0.00594751000159383,0.10006029421393,0.0398422696644194,0.00112445504824826,0,0,0,0,0,0,0,0,0,0.983972870734143,-0.0904950000910738,-0.0442103223464657
5.68153659396379,0.0548676713670707,0.0265531341515369,0.0059347978372233,0.100458879761497,0.0398531614081716,0.00105329372665153,0,0,0,0,0,0,0,0,0,0.983065464226016,-0.0909384862615812,-0.0444636675565274
5.69153929923485,0.0551335712300135,0.0266124344473477,0.00592204739806563,0.100857570694901,0.0398633410246965,0.000982068478510836,0,0,0,0,0,0,0,0,0,0.982153608982401,-0.0913845140147507,-0.044718504707757
5.70154200450591,0.0554000636178404,0.0266716070154477,0.0059092593078688,0.101256359887779,0.0398728078852419,0.000910781440208123,0,0,0,0,0,0,0,0,0,0.981237279505959,-0.0918330983070898,-0.044974840380344
5.71154470977698,0.0556671472510556,0.0267306514823423,0.00589643418989992,0.101655240207589,0.0398815613824179,0.000839434746766633,0,0,0,0,0,0,0,0,0,0.980316450149412,-0.0922842541606261,-0.0452326811069905
5.72154741504804,0.0559348208464584,0.0267895674807685,0.0058835726669167,0.102054204515818,0.039889600930184,0.000768030531770342,0,0,0,0,0,0,0,0,0,0.979391095114901,-0.0927379966625562,-0.0454920334020144
5.7315501203191,0.0562030831172058,0.0268483546496902,0.00587067536113891,0.102453245668198,0.0398969259638335,0.000696570927283519,0,0,0,0,0,0,0,0,0,0.978461188453323,-0.0931943409652295,-0.0457529037361771
5.74155282559017,0.0564719327728745,0.0269070126342922,0.00585774289422007,0.102852356514921,0.0399035359399781,0.000625058063770188,0,0,0,0,0,0,0,0,0,0.977526704063689,-0.0936533022852928,-0.046015298538911
5.75155553086123,0.0567413685195231,0.0269655410859746,0.00584477588721881,0.103251529900847,0.0399094303365318,0.000553494070013855,0,0,0,0,0,0,0,0,0,0.97658761569248,-0.0941148959037189,-0.0462792242049708
5.76155823613229,0.0570113890597544,0.0270239396623467,0.00583177496057053,0.103650758665723,0.0399146086526933,0.000481881073036979,0,0,0,0,0,0,0,0,0,0.975643896933006,-0.0945791371650844,-0.0465446870838945
5.77156094140335,0.0572819930927775,0.0270822080272206,0.0058187407340588,0.104050035644391,0.0399190704089283,0.000410221198020463,0,0,0,0,0,0,0,0,0,0.974695521224773,-0.095046041477387,-0.0468116934838863
5.78156364667442,0.0575531793144695,0.0271403458506045,0.00580567382678702,0.104449353667004,0.0399228151469501,0.000338516568223324,0,0,0,0,0,0,0,0,0,0.973742461852847,-0.0955156243114017,-0.0470802496496236
5.79156635194548,0.0578249464174378,0.0271983528086957,0.00579257485714985,0.104848705559236,0.0399258424297009,0.000266769304902191,0,0,0,0,0,0,0,0,0,0.972784691947236,-0.0959879012000535,-0.0473503617961036
5.80156905721654,0.0580972930910817,0.0272562285838738,0.00577944444280477,0.105248084142497,0.0399281518413306,0.000194981527230741,0,0,0,0,0,0,0,0,0,0.971822184482263,-0.0964628877384509,-0.0476220360933835
5.81157176248761,0.0583702180216544,0.0273139728646924,0.00576628320064363,0.105647482234141,0.0399297429871757,0.000123155352219572,0,0,0,0,0,0,0,0,0,0.970854912275949,-0.0969405995829535,-0.047895278634677
5.82157446775867,0.0586437198923247,0.027371585345872,0.00575309174676412,0.106046892647682,0.0399306154937378,5.12928946353763e-05,0,0,0,0,0,0,0,0,0,0.969882847989406,-0.0974210524505671,-0.0481700954727571
5.83157717302973,0.0589177973832385,0.0274290657282915,0.00573987069644137,0.106446308193003,0.0399307690086599,-2.06037330792393e-05,0,0,0,0,0,0,0,0,0,0.968905964126229,-0.0979042621187395,-0.0484464926080632
5.8415798783008,0.0591924491715803,0.0274864137189802,0.00572662066409941,0.106845721676569,0.0399302032007032,-9.25324208863499e-05,0,0,0,0,0,0,0,0,0,0.967924233031896,-0.0983902444245175,-0.0487244759625987
5.85158258357186,0.0594676739316352,0.0275436290311088,0.00571334226328275,0.107245125901636,0.039928917759723,-0.00016449106123304,0,0,0,0,0,0,0,0,0,0.966937626893177,-0.0988790152638212,-0.0490040514109434
5.86158528884292,0.0597434703348496,0.0276007113839805,0.00570003610662787,0.107644513668463,0.0399269123966428,-0.00023647754913191,0,0,0,0,0,0,0,0,0,0.965946117737542,-0.0993705905912209,-0.0492852247610718
5.87158799411398,0.0600198370498929,0.027657660503022,0.00568670280583479,0.108043877774525,0.0399241868434283,-0.000308489782241579,0,0,0,0,0,0,0,0,0,0.964949677432586,-0.0998649864188274,-0.0495680017454576
5.88159069938505,0.0602967727427186,0.0277144761197738,0.00567334297163853,0.108443211014717,0.0399207408530613,-0.000380525660947047,0,0,0,0,0,0,0,0,0,0.96394827768545,-0.100362218815892,-0.0498523880384921
5.89159340465611,0.0605742760766254,0.0277711579718804,0.00565995721378071,0.108842506181573,0.0399165741995109,-0.000452583088440137,0,0,0,0,0,0,0,0,0,0.962941890042255,-0.100862303908043,-0.0501383892332281
5.90159610992717,0.0608523457123184,0.0278277058030805,0.00564654614098104,0.109241756065467,0.0399116866777059,-0.000524659970800004,0,0,0,0,0,0,0,0,0,0.961930485887545,-0.101365257876423,-0.0504260108480959
5.91159881519824,0.0611309803079695,0.0278841193631961,0.00563311036090884,0.109640953454829,0.039906078103505,-0.00059675421707352,0,0,0,0,0,0,0,0,0,0.960914036443729,-0.101871096957061,-0.0507152583241299
5.9216015204693,0.0614101785192788,0.0279403984081224,0.0056196504801546,0.110040091136349,0.0398997483136671,-0.000668863739355872,0,0,0,0,0,0,0,0,0,0.959892512770542,-0.102379837439947,-0.0510061370277428
5.93160422574036,0.061689938999535,0.0279965426998165,0.00560616710420147,0.110439161895192,0.0398926971658202,-0.000740986452870647,0,0,0,0,0,0,0,0,0,0.958865885764507,-0.102891495668469,-0.0512986522360207
5.94160693101143,0.0619702603996757,0.0280525520062863,0.00559266083739679,0.1108381585152,0.0398849245384294,-0.000813120276050789,0,0,0,0,0,0,0,0,0,0.957834126158401,-0.103406088038187,-0.0515928091383923
5.95160963628249,0.0622511413683485,0.0281084261015792,0.0055791322829237,0.111237073779104,0.0398764303307652,-0.000885263130618597,0,0,0,0,0,0,0,0,0,0.956797204520747,-0.103923630996304,-0.0518886128407858
5.96161234155355,0.062532580551971,0.02816416476577,0.00556558204277254,0.111635900468734,0.0398672144628694,-0.000957412941666439,0,0,0,0,0,0,0,0,0,0.955755091255292,-0.104444141040528,-0.0521860683481526
5.97161504682461,0.0628145765947908,0.0282197677849489,0.00555201071771247,0.11203463136522,0.0398572768755215,-0.00102956763773702,0,0,0,0,0,0,0,0,0,0.954707756600512,-0.104967634718188,-0.0524851805753332
5.98161775209568,0.0630971281389461,0.0282752349512092,0.00553841890726292,0.112433259249207,0.0398466175302031,-0.00110172515090395,0,0,0,0,0,0,0,0,0,0.953655170629118,-0.105494128625315,-0.0527859543335601
5.99162045736674,0.0633802338245253,0.0283305660626347,0.00552480720966523,0.112831776901054,0.0398352364090634,-0.00117388341685227,0,0,0,0,0,0,0,0,0,0.952597303247579,-0.106023639405489,-0.0530883943420237
6.0016231626378,0.0636638922896271,0.0283857609232866,0.00551117622185403,0.113230177101049,0.0398231335148815,-0.00124604037495868,0,0,0,0,0,0,0,0,0,0.951534124195641,-0.10655618374915,-0.0533925052155385
6.01162586790887,0.0639481021704202,0.0284408193431908,0.00549752653942894,0.113628452629608,0.0398103088710295,-0.00131819396837206,0,0,0,0,0,0,0,0,0,0.950465603045875,-0.107091778392198,-0.0536982914405333
6.02162857317993,0.0642328621012023,0.0284957411383234,0.00548385875662595,0.114026596267484,0.0397967625214343,-0.00139034214409406,0,0,0,0,0,0,0,0,0,0.949391709203219,-0.107630440114828,-0.0540057574057636
6.03163127845099,0.0645181707144609,0.028550526130598,0.00547017346628901,0.114424600795973,0.0397824945305392,-0.0014624828530593,0,0,0,0,0,0,0,0,0,0.948312411904548,-0.108172185740739,-0.054314907391641
6.04163398372206,0.0648040266409311,0.0286051741478511,0.00545647125984155,0.114822458997117,0.0397675049832632,-0.00153461405021615,0,0,0,0,0,0,0,0,0,0.947227680218236,-0.108717032135756,-0.0546257455423271
6.05163668899312,0.0650904285096558,0.0286596850238275,0.00544275272725802,0.11522016365391,0.039751793984961,-0.00160673369460674,0,0,0,0,0,0,0,0,0,0.946137483043751,-0.109264996206483,-0.054938275892688
6.06163939426418,0.0653773749480442,0.0287140585981663,0.00542901845703541,0.115617707550502,0.0397353616613819,-0.00167883974944783,0,0,0,0,0,0,0,0,0,0.945041789111242,-0.109816094899465,-0.0552525023488728
6.07164209953524,0.065664864581931,0.0287682947163856,0.00541526903616473,0.116015083472402,0.039718208158627,-0.00175093018221096,0,0,0,0,0,0,0,0,0,0.943940566981154,-0.110370345199452,-0.0555684286772165
6.08164480480631,0.0659528960356351,0.0288223932298672,0.00540150505010265,0.116412284206684,0.0397003336431068,-0.00182300296470311,0,0,0,0,0,0,0,0,0,0.942833785043851,-0.110927764128334,-0.0558860585261593
6.09164751007737,0.0662414679320179,0.0288763539958415,0.0053877270827429,0.116809302542186,0.039681738301497,-0.00189505607314697,0,0,0,0,0,0,0,0,0,0.941721411519246,-0.111488368743849,-0.0562053953932322
6.10165021534843,0.066530578892542,0.0289301768773712,0.00537393571638788,0.117206131269715,0.0396624223406943,-0.00196708748826138,0,0,0,0,0,0,0,0,0,0.940603414456458,-0.112052176137858,-0.0565264426378156
6.1116529206195,0.0668202275373291,0.0289838617433357,0.00536013153172017,0.117602763182248,0.0396423859877707,-0.0020390951953421,0,0,0,0,0,0,0,0,0,0.93947976173347,-0.112619203435304,-0.0568492034769845
6.12165562589056,0.0671104124852188,0.0290374084684146,0.00534631510777405,0.117999191075135,0.0396216294899277,-0.00211107718434185,0,0,0,0,0,0,0,0,0,0.938350421056808,-0.113189467792408,-0.0571736809730193
6.13165833116162,0.0674011323538257,0.0290908169330709,0.00533248702190702,0.118395407746298,0.0396001531144487,-0.00218303144995091,0,0,0,0,0,0,0,0,0,0.937215359961238,-0.113762986395374,-0.0574998780431168
6.14166103643269,0.067692385759598,0.0291440870235344,0.00531864784977133,0.118791405996435,0.039577957148652,-0.00225495599167759,0,0,0,0,0,0,0,0,0,0.93607454580947,-0.114339776458783,-0.0578277974311198
6.15166374170375,0.0679841713178741,0.0291972186317842,0.00530479816528551,0.119187178629215,0.0395550418998415,-0.00232684881392869,0,0,0,0,0,0,0,0,0,0.934927945791885,-0.114919855223731,-0.0581574417282257
6.16166644697481,0.068276487642941,0.0292502116555313,0.00529093854060595,0.119582718451483,0.0395314076952578,-0.00239870792609001,0,0,0,0,0,0,0,0,0,0.933775526926277,-0.115503239956636,-0.0584888133617201
6.17166915224588,0.0685693333480911,0.0293030659982011,0.00527706954609829,0.119978018273454,0.0395070548820277,-0.00247053134260644,0,0,0,0,0,0,0,0,0,0.932617256057607,-0.116089947947154,-0.0588219145697983
6.18167185751694,0.0688627070456791,0.029355781568915,0.00526319175030913,0.120373070908919,0.0394819838271132,-0.00254231708306299,0,0,0,0,0,0,0,0,0,0.93145309985778,-0.116679996506478,-0.0591567474360251
6.191674562788,0.0691566073471792,0.0294083582824721,0.00524930571993742,0.120767869175434,0.0394561949172599,-0.00261406317226474,0,0,0,0,0,0,0,0,0,0.930283024825441,-0.117273402965948,-0.0594933138594808
6.20167726805906,0.0694510328632417,0.0294607960593309,0.00523541201980599,0.121162405894525,0.0394296885589443,-0.00268576764031747,0,0,0,0,0,0,0,0,0,0.929106997285775,-0.117870184674749,-0.0598316155295858
6.21167997333013,0.0697459822037493,0.0295130948255899,0.00522151121283321,0.121556673891881,0.0394024651783201,-0.00275742852270821,0,0,0,0,0,0,0,0,0,0.927924983390346,-0.118470358998016,-0.0601716539684668
6.22168267860119,0.070041453977874,0.0295652545129688,0.00520760386000436,0.121950665997552,0.0393745252211643,-0.00282904386038536,0,0,0,0,0,0,0,0,0,0.926736949116946,-0.119073943315387,-0.0605134305043404
6.23168538387225,0.0703374467941324,0.0296172750587888,0.00519369052034324,0.122344375046146,0.0393458691528222,-0.00290061169983966,0,0,0,0,0,0,0,0,0,0.925542860269452,-0.119680955018568,-0.0608569462479391
6.24168808914332,0.0706339592604424,0.029669156405953,0.00517977175088367,0.122737793877023,0.0393164974581514,-0.00297213009318412,0,0,0,0,0,0,0,0,0,0.924342682477726,-0.120291411509417,-0.0612022021185869
6.25169079441438,0.0709309899841786,0.0297208985029262,0.00516584810664106,0.123130915334488,0.0392864106414648,-0.00304359709823472,0,0,0,0,0,0,0,0,0,0.923136381197515,-0.120905330198032,-0.061549198818672
6.26169349968544,0.0712285375722275,0.0297725013037149,0.0051519201405839,0.123523732267991,0.0392556092264741,-0.00311501077859081,0,0,0,0,0,0,0,0,0,0.921923921710383,-0.121522728500323,-0.0618979368269985
6.2716962049565,0.0715266006310436,0.029823964767846,0.00513798840360525,0.123916237532315,0.0392240937562305,-0.00318636920371558,0,0,0,0,0,0,0,0,0,0.920705269123666,-0.122143623835967,-0.0622484164126498
6.28169891022757,0.0718251777667038,0.0298752888603466,0.00512405344449436,0.124308423987772,0.0391918647930666,-0.00325767044901655,0,0,0,0,0,0,0,0,0,0.919480388370442,-0.122768033626256,-0.0626006376158488
6.29170161549863,0.0721242675849627,0.0299264735517225,0.00511011580990812,0.124700284500395,0.0391589229185356,-0.00332891259592588,0,0,0,0,0,0,0,0,0,0.918249244209523,-0.123395975291671,-0.0629546002393629
6.30170432076969,0.0724238686913072,0.0299775188179367,0.00509617604434264,0.125091811942131,0.0391252687333515,-0.00340009373198086,0,0,0,0,0,0,0,0,0,0.917011801225486,-0.12402746624956,-0.0633103038512629
6.31170702604076,0.0727239796910109,0.0300284246403877,0.00508223469010474,0.12548299919103,0.0390909028573268,-0.0034712119509045,0,0,0,0,0,0,0,0,0,0.915768023828701,-0.124662523911762,-0.0636677477652551
6.32170973131182,0.0730245991891886,0.0300791910058877,0.00506829228728349,0.125873839131438,0.0390558259293111,-0.00354226535268571,0,0,0,0,0,0,0,0,0,0.914517876255413,-0.125301165681896,-0.0640269310542551
6.33171243658288,0.0733257257908499,0.0301298179066396,0.00505434937372173,0.126264324654185,0.0390200386071275,-0.0036132520436601,0,0,0,0,0,0,0,0,0,0.913261322567828,-0.125943408953255,-0.0643878525453811
6.34171514185395,0.0736273581009535,0.0301803053402153,0.00504040648498765,0.126654448656776,0.0389835415675083,-0.00368417013658998,0,0,0,0,0,0,0,0,0,0.911998326654228,-0.126589271105992,-0.064750510779206
6.35171784712501,0.0739294947244604,0.0302306533095321,0.00502646415434621,0.127044204043581,0.0389463355060314,-0.00375501775074534,0,0,0,0,0,0,0,0,0,0.910728852229124,-0.127238769504205,-0.0651149040374792
6.36172055239607,0.0742321342663876,0.0302808618228296,0.00501252291273079,0.12743358372602,0.038908421137054,-0.00382579301198381,0,0,0,0,0,0,0,0,0,0.909452862833422,-0.127891921493673,-0.0654810303400792
6.37172325766713,0.0745352753318609,0.0303309308936468,0.00499858328871463,0.127822580622752,0.0388697991936465,-0.00389649405283133,0,0,0,0,0,0,0,0,0,0.908170321834622,-0.12854874439888,-0.0658488874175496
6.3817259629382,0.074838916526168,0.0303808605407975,0.00498464580848237,0.128211187659864,0.0388304704275253,-0.00396711901256261,0,0,0,0,0,0,0,0,0,0.906881192427047,-0.129209255520203,-0.0662184727041667
6.39172866820926,0.075143056454811,0.0304306507883471,0.00497071099580162,0.128599397771052,0.0387904356089851,-0.0040376660372816,0,0,0,0,0,0,0,0,0,0.905585437632098,-0.1298734721308,-0.066589783340156
6.40173137348032,0.075447693723559,0.0304803016655875,0.00495677937199446,0.128987203897813,0.0387496955268302,-0.00410813328000174,0,0,0,0,0,0,0,0,0,0.904283020298539,-0.130541411473835,-0.0669628161861165
6.41173407875139,0.0757528269385,0.0305298132070133,0.00494285145590897,0.129374598989623,0.0387082509883046,-0.0041785189007266,0,0,0,0,0,0,0,0,0,0.902973903102815,-0.13121309075966,-0.0673375677803043
6.42173678402245,0.0760584547060931,0.030579185452296,0.00492892776389075,0.129761576004129,0.0386661028190223,-0.00424882106653037,0,0,0,0,0,0,0,0,0,0.901658048549391,-0.131888527162188,-0.067714034338352
6.43173948929351,0.0763645756332198,0.0306284184462599,0.00491500880975443,0.130148127907323,0.0386232518628954,-0.00431903795163813,0,0,0,0,0,0,0,0,0,0.900335418971139,-0.132567737816062,-0.0680922117676925
6.44174219456458,0.0766711883272359,0.0306775122388555,0.00490109510475529,0.130534247673734,0.0385796989820629,-0.00438916773750623,0,0,0,0,0,0,0,0,0,0.89900597652974,-0.133250739813322,-0.0684720956417639
6.45174489983564,0.0769782913960221,0.0307264668851347,0.00488718715756065,0.130919928286602,0.0385354450568175,-0.00445920861290312,0,0,0,0,0,0,0,0,0,0.897669683216132,-0.133937550200055,-0.0688536811972355
6.4617476051067,0.0772858834480353,0.0307752824452242,0.00487328547422148,0.131305162738066,0.0384904909855324,-0.00452915877398948,0,0,0,0,0,0,0,0,0,0.896326500850981,-0.134628185973009,-0.0692369633337042
6.47175031037777,0.0775939630923594,0.0308239589842994,0.00485939055814393,0.131689944029338,0.0384448376845866,-0.0045990164243987,0,0,0,0,0,0,0,0,0,0.8949763910852,-0.135322664076236,-0.0696219366062911
6.48175301564883,0.0779025289387547,0.0308724965725579,0.00484550291006087,0.132074265170888,0.0383984860882899,-0.00466877977531724,0,0,0,0,0,0,0,0,0,0.893619315400482,-0.136021001397556,-0.0700085951872944
6.49175572091989,0.0782115795977093,0.0309208952851923,0.00483162302800332,0.132458119182622,0.0383514371488069,-0.00473844704556555,0,0,0,0,0,0,0,0,0,0.892255235109891,-0.136723214764436,-0.0703969328896414
6.50175842619095,0.0785211136804878,0.0309691552023634,0.00481775140727209,0.132841499094057,0.0383036918360807,-0.00480801646167783,0,0,0,0,0,0,0,0,0,0.89088411135848,-0.13742932094092,-0.0707869431865429
6.51176113146202,0.0788311297991818,0.0310172764091724,0.00480388854040928,0.133224397944501,0.0382552511377546,-0.004877486257983,0,0,0,0,0,0,0,0,0,0.889505905123942,-0.138139336623904,-0.0711786191401399
6.52176383673308,0.0791416265667586,0.0310652589956336,0.00479003491716975,0.13360680878323,0.0382061160590939,-0.00494685467668492,0,0,0,0,0,0,0,0,0,0.888120577217302,-0.13885327843864,-0.0715719534074788
6.53176654200414,0.0794526025971101,0.0311131030566459,0.00477619102449272,0.133988724669664,0.0381562876229073,-0.00501611996794294,0,0,0,0,0,0,0,0,0,0.886728088283657,-0.139571162935123,-0.0719669382861162
6.54176924727521,0.0797640565051019,0.0311608086919646,0.00476235734647325,0.13437013867354,0.0381057668694663,-0.00508528038995221,0,0,0,0,0,0,0,0,0,0.885328398802943,-0.140293006584513,-0.0723635656522275
6.55177195254627,0.0800759869066218,0.0312083760061733,0.00474853436433378,0.134751043875087,0.0380545548564246,-0.00515433420902414,0,0,0,0,0,0,0,0,0,0.883921469090745,-0.141018825774288,-0.0727618269572795
6.56177465781733,0.0803883924186275,0.0312558051086542,0.00473472255639569,0.1351314333652,0.0380026526587368,-0.00522327969966705,0,0,0,0,0,0,0,0,0,0.88250725929916,-0.141748636804589,-0.0731617132516122
6.5717773630884,0.0807012716591948,0.0313030961135598,0.00472092239805075,0.135511300245616,0.0379500613685754,-0.00529211514466655,0,0,0,0,0,0,0,0,0,0.881085729417682,-0.142482455883852,-0.0735632151311723
6.58178006835946,0.081014623247565,0.0313502491397828,0.0047071343617328,0.135890637629078,0.0378967820952482,-0.00536083883516558,0,0,0,0,0,0,0,0,0,0.879656839274153,-0.143220299124087,-0.0739663227647063
6.59178277363052,0.0813284458041923,0.0313972643109265,0.00469335891688901,0.136269438639513,0.037842815965114,-0.00542944907074554,0,0,0,0,0,0,0,0,0,0.878220548535739,-0.143962182537051,-0.0743710258851527
6.60178547890158,0.0816427379507907,0.0314441417552752,0.00467959652995169,0.136647696412199,0.0377881641214979,-0.00549794415950623,0,0,0,0,0,0,0,0,0,0.876776816709959,-0.144708122029358,-0.0747773137485909
6.61178818417265,0.0819574983103806,0.0314908816057632,0.00466584766430972,0.137025404093934,0.0377328277246055,-0.00556632241814645,0,0,0,0,0,0,0,0,0,0.875325603145761,-0.145458133397829,-0.0751851751461219
6.62179088944371,0.0822727255073353,0.031537483999945,0.00465211278027997,0.137402554843206,0.0376768079514367,-0.00563458217204449,0,0,0,0,0,0,0,0,0,0.873866867034644,-0.146212232324838,-0.0755945984076551
6.63179359471477,0.082588418167427,0.0315839490799638,0.00463839233507895,0.13777914183036,0.0376201059956985,-0.00570272175533844,0,0,0,0,0,0,0,0,0,0.872400567411822,-0.146970434373741,-0.0760055713704014
6.64179629998584,0.0829045749178725,0.0316302769925205,0.00462468678279434,0.138155158237764,0.0375627230677166,-0.00577073951100696,0,0,0,0,0,0,0,0,0,0.870926663157442,-0.147732754983592,-0.0764180813725422
6.6517990052569,0.0832211943873787,0.0316764678888426,0.00461099657435641,0.138530597259977,0.0375046603943472,-0.00583863379094924,0,0,0,0,0,0,0,0,0,0.869445112997856,-0.148499209464441,-0.0768321152614793
6.66180171052796,0.0835382752061877,0.0317225219246521,0.00459732215750967,0.138905452103909,0.0374459192188868,-0.00590640295606584,0,0,0,0,0,0,0,0,0,0.867955875506925,-0.149269812992218,-0.0772476593567797
6.67180441579903,0.0838558160061215,0.0317684392601335,0.00458366397678431,0.139279715988991,0.037386500800982,-0.00597404537633901,0,0,0,0,0,0,0,0,0,0.8664589091074,-0.150044580603291,-0.0776646994660442
6.68180712107009,0.0841738154206266,0.0318142200599016,0.00457002247346784,0.139653382147333,0.0373264064165383,-0.00604155943091312,0,0,0,0,0,0,0,0,0,0.864954172072335,-0.150823527189667,-0.0780832208704082
6.69180982634115,0.0844922720848182,0.0318598644929692,0.00455639808557638,0.140026443823891,0.0372656373576279,-0.00610894350817498,0,0,0,0,0,0,0,0,0,0.86344162252656,-0.151606667493255,-0.0785032082939742
6.70181253161221,0.0848111846355239,0.0319053727327136,0.00454279124782652,0.140398894276623,0.0372041949323969,-0.00617619600583467,0,0,0,0,0,0,0,0,0,0.861921218448209,-0.152394016100462,-0.0789246459226763
6.71181523688328,0.0851305517113272,0.0319507449568441,0.00452920239160659,0.140770726776654,0.037142080464972,-0.00624331533100557,0,0,0,0,0,0,0,0,0,0.860392917670306,-0.15318558743683,-0.0793475173651727
6.72181794215434,0.0854503719526107,0.0319959813473683,0.00451563194494824,0.141141934608433,0.0370792952953651,-0.00631029990028502,0,0,0,0,0,0,0,0,0,0.858856677882399,-0.15398139576085,-0.0797718056675401
6.7318206474254,0.0857706440015989,0.032041082090558,0.00450208033249809,0.141512511069891,0.0370158407793793,-0.00637714813983461,0,0,0,0,0,0,0,0,0,0.857312456632261,-0.154781455158896,-0.0801974933043978
6.74182335269647,0.0860913665024008,0.032086047376916,0.0044885479754891,0.141882449472599,0.0369517182885116,-0.00644385848546108,0,0,0,0,0,0,0,0,0,0.855760211327637,-0.155585779538854,-0.0806245621250943
6.75182605796753,0.0864125381010521,0.0321308774011413,0.00447503529171217,0.142251743141927,0.036886929209857,-0.00651042938269588,0,0,0,0,0,0,0,0,0,0.85419989923807,-0.156394382623988,-0.0810529934078007
6.76182876323859,0.0867341574455563,0.0321755723620943,0.00446154269548769,0.142620385417196,0.0368214749460104,-0.00657685928687669,0,0,0,0,0,0,0,0,0,0.852631477496762,-0.157207277947646,-0.0814827678073583
6.77183146850966,0.0870562231859273,0.0322201324627625,0.00444807059763702,0.142988369651831,0.0367553569149676,-0.00664314666322706,0,0,0,0,0,0,0,0,0,0.851054903102517,-0.158024478846083,-0.0819138653416834
6.78183417378072,0.0873787339742296,0.0322645579102252,0.00443461940545406,0.143355689213523,0.0366885765500275,-0.00670928998693722,0,0,0,0,0,0,0,0,0,0.849470132921741,-0.158845998452898,-0.082346265407503
6.79183687905178,0.0877016884646195,0.0323088489156177,0.00442118952267671,0.143722337484372,0.0366211352996899,-0.00677528774324437,0,0,0,0,0,0,0,0,0,0.847877123690493,-0.159671849692171,-0.0827799467443195
6.80183958432284,0.0880250853133856,0.032353005694096,0.00440778134945849,0.144088307861043,0.0365530346275567,-0.00684113842751317,0,0,0,0,0,0,0,0,0,0.846275832016628,-0.160502045272174,-0.0832148874463326
6.81184228959391,0.0883489231789879,0.0323970284648008,0.00439439528233997,0.144453593754918,0.0364842760122286,-0.00690684054531646,0,0,0,0,0,0,0,0,0,0.844666214381972,-0.161336597678751,-0.0836510649227017
6.82184499486497,0.0886732007220989,0.032440917450821,0.0043810317142204,0.144818188592241,0.0364148609472037,-0.00697239261251516,0,0,0,0,0,0,0,0,0,0.843048227144595,-0.162175519168239,-0.0840884559119178
6.83184770013603,0.0889979166056416,0.032484672879157,0.00436769103432916,0.145182085814271,0.0363447909407734,-0.00703779315533919,0,0,0,0,0,0,0,0,0,0.841421826541129,-0.163018821761123,-0.0845270364704338
6.8418504054071,0.0893230694948296,0.0325282949806845,0.00435437362819732,0.145545278877427,0.0362740675159187,-0.00710304071046772,0,0,0,0,0,0,0,0,0,0.83978696868917,-0.163866517234739,-0.0849667819401376
6.85185311067816,0.0896486580572048,0.0325717839901166,0.00434107987762912,0.145907761253434,0.0362026922102052,-0.00716813382510953,0,0,0,0,0,0,0,0,0,0.83814360958974,-0.164718617116279,-0.0854076669475652
6.86185581594922,0.089974680962676,0.0326151401459668,0.00432781016067359,0.146269526429471,0.0361306665756772,-0.0072330710570837,0,0,0,0,0,0,0,0,0,0.836491705129828,-0.16557513267547,-0.0858496653930075
6.87185852122029,0.0903011368835563,0.0326583636905112,0.004314564851596,0.146630567908313,0.0360579921787514,-0.00729785097489988,0,0,0,0,0,0,0,0,0,0.834831211085,-0.16643607491737,-0.0862927504466238
6.88186122649135,0.0906280244946012,0.0327014548697508,0.00430134432084944,0.146990879208474,0.0359846706001097,-0.00736247215783879,0,0,0,0,0,0,0,0,0,0.833162083122086,-0.167301454574964,-0.086736894534013
6.89186393176241,0.0909553424730454,0.0327444139333725,0.00428814893504625,0.147350453864351,0.0359107034345904,-0.0074269331960326,0,0,0,0,0,0,0,0,0,0.831484276801933,-0.168171282101672,-0.087182069309868
6.90186663703347,0.0912830894986393,0.0327872411347112,0.00427497905692971,0.147709285426364,0.0358360922910799,-0.00749123269054553,0,0,0,0,0,0,0,0,0,0.829797747582246,-0.16904556766342,-0.0876282456565832
6.91186934230454,0.0916112642536854,0.0328299367307109,0.0042618350453454,0.148067367461095,0.0357608387924029,-0.00755536925345406,0,0,0,0,0,0,0,0,0,0.828102450820499,-0.169924321131118,-0.0880753936781518
6.9218720475756,0.0919398654230743,0.0328725009818851,0.00424871725521283,0.148424693551429,0.0356849445752114,-0.00761934150792762,0,0,0,0,0,0,0,0,0,0.826398341776926,-0.170807552072611,-0.0885234826779756
6.93187475284666,0.09226889169432,0.0329149341522779,0.00423562603749696,0.148781257296691,0.0356084112898737,-0.00768314808830903,0,0,0,0,0,0,0,0,0,0.824685375617591,-0.17169526974471,-0.0889724811576453
6.94187745811773,0.0925983417575952,0.0329572365094242,0.00422256173917968,0.149137052312779,0.0355312406003624,-0.00774678764019462,0,0,0,0,0,0,0,0,0,0.822963507417542,-0.172587483085121,-0.0894223567837987
6.95188016338879,0.092928214305766,0.0329994083243093,0.00420952470323135,0.149492072232308,0.0354534341841406,-0.00781025882051502,0,0,0,0,0,0,0,0,0,0.821232692164041,-0.173484200703814,-0.0898730764068592
6.96188286865985,0.0932585080344262,0.0330414498713292,0.0041965152685824,0.149846310704735,0.0353749937320495,-0.00787356029761554,0,0,0,0,0,0,0,0,0,0.819492884759889,-0.174385430875324,-0.0903246060378259
6.97188557393092,0.0935892216419311,0.0330833614282498,0.00418353377009476,0.150199761396499,0.0352959209481921,-0.00793669075133643,0,0,0,0,0,0,0,0,0,0.817744040026815,-0.175291181529657,-0.0907769107980271
6.98188827920198,0.0939203538294312,0.0331251432761659,0.00417058053853341,0.150552417991148,0.0352162175498196,-0.0079996488730936,0,0,0,0,0,0,0,0,0,0.815986112708974,-0.176201460243585,-0.0912299549603337
6.99189098447304,0.0942519033009051,0.0331667956994603,0.00415765590053794,0.150904274189474,0.0351358852672138,-0.00806243336595886,0,0,0,0,0,0,0,0,0,0.81421905747652,-0.177116274232378,-0.0916837019331687
7.0018936897441,0.0945838687631923,0.0332083189857624,0.00414476017859412,0.151255323709642,0.0350549258435711,-0.00812504294474053,0,0,0,0,0,0,0,0,0,0.812442828929264,-0.17803563034078,-0.0921381142160047
7.01189639501517,0.0949162489260253,0.0332497134259064,0.00413189369100528,0.151605560287317,0.0349733410348836,-0.00818747633606362,0,0,0,0,0,0,0,0,0,0.810657381600426,-0.178959535033846,-0.0925931533901042
7.02189910028623,0.0952490425020621,0.0332909793138893,0.00411905675186399,0.15195497767579,0.034891132609822,-0.00824973227845064,0,0,0,0,0,0,0,0,0,0.808862669960484,-0.179887994387739,-0.0930487801290544
7.03190180555729,0.0955822482069164,0.0333321169468288,0.00410624967102349,0.15230356964611,0.0348083023496145,-0.00831180952240175,0,0,0,0,0,0,0,0,0,0.8070586484211,-0.180821014080772,-0.0935049541860114
7.04190451082836,0.0959158647591897,0.0333731266249206,0.00409347275406925,0.152651329987203,0.0347248520479282,-0.00837370683047528,0,0,0,0,0,0,0,0,0,0.805245271339154,-0.181758599383953,-0.0939616343590259
7.05190721609942,0.0962498908805015,0.0334140086513955,0.00408072630229053,0.152998252505999,0.0346407835107468,-0.00843542297736836,0,0,0,0,0,0,0,0,0,0.803422493020862,-0.182700755151333,-0.0944187784918691
7.06190992137048,0.0965843252955192,0.0334547633324766,0.00406801061265187,0.153344331027555,0.0345560985562496,-0.00849695674999701,0,0,0,0,0,0,0,0,0,0.801590267725996,-0.183647485810568,-0.094876343466829
7.07191262664155,0.0969191667319883,0.0334953909773357,0.00405532597776463,0.153689559395172,0.0344707990146882,-0.00855830694757701,0,0,0,0,0,0,0,0,0,0.799748549672192,-0.184598795353123,-0.0953342851794598
7.08191533191261,0.0972544139207614,0.0335358918980493,0.00404267268585845,0.154033931470522,0.0343848867282639,-0.00861947238170397,0,0,0,0,0,0,0,0,0,0.797897293039374,-0.185554687324324,-0.0957925585410807
7.09191803718367,0.0975900655958268,0.0335762664095554,0.00403005102075292,0.154377441133761,0.0342983635510027,-0.00868045187643396,0,0,0,0,0,0,0,0,0,0.796036451974254,-0.186515164813618,-0.0962511174479823
7.10192074245473,0.0979261204943375,0.0336165148296084,0.00401746126182903,0.154720082283649,0.0342112313486307,-0.00874124426836403,0,0,0,0,0,0,0,0,0,0.794165980594946,-0.187480230444009,-0.0967099147957127
7.1119234477258,0.0982625773566384,0.0336566374787352,0.00400490368400061,0.155061848837667,0.0341234919984483,-0.00880184840671249,0,0,0,0,0,0,0,0,0,0.792285832995689,-0.1884498863626,-0.0971689024593847
7.12192615299686,0.0985994349262947,0.03369663468019,0.00399237855768603,0.155402734732131,0.0340351473892027,-0.00886226315339945,0,0,0,0,0,0,0,0,0,0.790395963251645,-0.189424134229637,-0.0976280312207336
7.13192885826792,0.0989366919501181,0.0337365067599093,0.00397988614877958,0.155742733922308,0.0339461994209619,-0.00892248738312709,0,0,0,0,0,0,0,0,0,0.788496325423838,-0.190402975207591,-0.0980872508562886
7.14193156353899,0.0992743471781939,0.0337762540464667,0.00396742671862311,0.156081840382523,0.0338566500049852,-0.00898251998346061,0,0,0,0,0,0,0,0,0,0.786586873564175,-0.191386409951965,-0.0985465100894076
7.15193426881005,0.0996123993639069,0.0338158768710267,0.00395500052397745,0.156420048106279,0.0337665010635947,-0.00904235985490796,0,0,0,0,0,0,0,0,0,0.784667561720565,-0.192374438599423,-0.0990057565242833
7.16193697408111,0.0999508472639676,0.0338553755672994,0.00394260781699405,0.156757351106358,0.0336757545300455,-0.00910200591100071,0,0,0,0,0,0,0,0,0,0.782738343942182,-0.193367060757267,-0.0994649367149688
7.17193967935218,0.100289689638437,0.0338947504714938,0.00393024884518641,0.157093743414936,0.0335844123483946,-0.00916145707837476,0,0,0,0,0,0,0,0,0,0.780799174284792,-0.194364275492952,-0.0999239960985478
7.18194238462324,0.10062892525075,0.0339340019222713,0.00391792385140165,0.157429219083689,0.0334924764733698,-0.00922071229685006,0,0,0,0,0,0,0,0,0,0.778850006816223,-0.195366081322229,-0.100382878992217
7.1919450898943,0.100968552867743,0.0339731302606991,0.00390563307379206,0.157763772183897,0.0333999488702371,-0.00927977051951178,0,0,0,0,0,0,0,0,0,0.776890795621934,-0.196372476198592,-0.100841528611872
7.20194779516536,0.101308571259675,0.034012135830203,0.00389337674578658,0.15809739680655,0.0333068315146682,-0.00933863071279012,0,0,0,0,0,0,0,0,0,0.774921494810696,-0.197383457501805,-0.101299887034385
7.21195050043643,0.101648979200253,0.0340510189765199,0.00388115509606235,0.158430087062452,0.033213126392606,-0.00939729185654134,0,0,0,0,0,0,0,0,0,0.772942058520387,-0.198399022026586,-0.101757895177069
7.22195320570749,0.101989775466651,0.0340897800476501,0.00386896834851627,0.158761837082324,0.0331188355001297,-0.00945575294412787,0,0,0,0,0,0,0,0,0,0.770952440923898,-0.199419165970724,-0.102215492811829
7.23195591097855,0.102330958839537,0.0341284193938095,0.00385681672223644,0.159092641016901,0.0330239608433206,-0.00951401298249876,0,0,0,0,0,0,0,0,0,0.768952596235174,-0.200443884924052,-0.102672618569879
7.24195861624962,0.102672528103093,0.0341669373673816,0.00384470043147382,0.159422493037035,0.0329285044381241,-0.00957207099227025,0,0,0,0,0,0,0,0,0,0.766942478715334,-0.20147317385665,-0.103129209872941
7.25196132152068,0.103014482045036,0.0342053343228682,0.00383261968561355,0.159751387333791,0.0328324683102138,-0.00962992600780621,0,0,0,0,0,0,0,0,0,0.764922042678946,-0.202507027106446,-0.103585202950281
7.26196402679174,0.103356819456638,0.0342436106168416,0.00382057468914679,0.160079318118545,0.0327358544948531,-0.00968757707729843,0,0,0,0,0,0,0,0,0,0.762891242500404,-0.20354543836776,-0.104040532860746
7.27196673206281,0.103699539132752,0.0342817666078943,0.00380856564164193,0.160406279623078,0.0326386650367567,-0.0097450232628472,0,0,0,0,0,0,0,0,0,0.760850032620422,-0.204588400679347,-0.104495133459646
7.28196943733387,0.104042639871823,0.0343198026565909,0.00379659273771625,0.160732266099672,0.0325409019899507,-0.0098022636405417,0,0,0,0,0,0,0,0,0,0.758798367552656,-0.205635906412274,-0.104948937369442
7.29197214260493,0.104386120475914,0.0343577191254176,0.00378465616700754,0.161057271821197,0.0324425674176326,-0.00985929730054072,0,0,0,0,0,0,0,0,0,0.756736201890443,-0.206687947257382,-0.105401875982886
7.30197484787599,0.104729979750725,0.0343955163787324,0.00377275611414547,0.16138129108121,0.03234366339203,-0.00991612334715256,0,0,0,0,0,0,0,0,0,0.754663490313663,-0.207744514213222,-0.105853879464022
7.31197755314706,0.105074216505607,0.0344331947827149,0.0037608927587232,0.161704318194038,0.0322441919942589,-0.00997274089891584,0,0,0,0,0,0,0,0,0,0.752580187595733,-0.208805597573537,-0.106304876736906
7.32198025841812,0.105418829553585,0.034470754705316,0.0037490662752689,0.162026347494869,0.0321441553141807,-0.01002914908868,0,0,0,0,0,0,0,0,0,0.750486248610711,-0.209871186914974,-0.106754795476895
7.33198296368918,0.105763817711372,0.0345081965162066,0.00373727683321727,0.16234737333984,0.0320435554502586,-0.0100853470636856,0,0,0,0,0,0,0,0,0,0.748381628340535,-0.210941271084393,-0.107203562098814
7.34198566896025,0.106109179799386,0.0345455205867272,0.00372552459688109,0.162667390106118,0.0319423945094138,-0.0101413339856446,0,0,0,0,0,0,0,0,0,0.74626628188239,-0.212015838186339,-0.107651101743919
7.35198837423131,0.10645491464177,0.0345827272898358,0.00371380972542265,0.162986392191988,0.0318406746068796,-0.0101971090308213,0,0,0,0,0,0,0,0,0,0.744140164456185,-0.213094875570092,-0.108097338281557
7.36199107950237,0.106801021066403,0.0346198170000569,0.00370213237282545,0.163304374016936,0.0317383978660559,-0.0102526713901125,0,0,0,0,0,0,0,0,0,0.742003231412187,-0.214178369817173,-0.108542194303346
7.37199378477344,0.107147497904921,0.0346567900934289,0.00369049268786556,0.163621330021724,0.031635566418362,-0.0103080202691277,0,0,0,0,0,0,0,0,0,0.739855438238749,-0.215266306728273,-0.108985591091553
7.3819964900445,0.107494343992725,0.0346936469474523,0.00367889081408321,0.163937254668477,0.0315321824030898,-0.0103631548882697,0,0,0,0,0,0,0,0,0,0.7376967405702,-0.216358671310136,-0.109427448652101
7.39199919531556,0.107841558169002,0.0347303879410373,0.00366732688975446,0.164252142440755,0.0314282479672547,-0.0104180744828156,0,0,0,0,0,0,0,0,0,0.735527094194841,-0.217455447763136,-0.109867685699586
7.40200190058662,0.108189139276735,0.0347670134544504,0.00365580104786239,0.164565987843633,0.0313237652654468,-0.0104727783029964,0,0,0,0,0,0,0,0,0,0.733346455063077,-0.218556619467869,-0.110306219620943
7.41200460585769,0.108537086162716,0.0348035238692621,0.00364431341606898,0.164878785403775,0.0312187364596806,-0.010527265614078,0,0,0,0,0,0,0,0,0,0.731154779295687,-0.219662168972003,-0.110742966496802
7.42200731112875,0.108885397677563,0.0348399195682929,0.00363286411668643,0.165190529669508,0.0311131637192445,-0.0105815356964413,0,0,0,0,0,0,0,0,0,0.728952023192218,-0.22077207797729,-0.111177841094899
7.43201001639981,0.109234072675726,0.0348762009355599,0.00362145326664874,0.165501215210893,0.0310070492205491,-0.0106355878456629,0,0,0,0,0,0,0,0,0,0.726738143239513,-0.221886327326294,-0.111610756860101
7.44201272167088,0.109583110015503,0.0349123683562229,0.00361008097748327,0.165810836619795,0.0309003951469749,-0.0106894213725956,0,0,0,0,0,0,0,0,0,0.724513096120371,-0.223004896989194,-0.112041625916355
7.45201542694194,0.109932508559053,0.0349484222165302,0.00359874735528226,0.166119388509954,0.0307932036887189,-0.0107430356034483,0,0,0,0,0,0,0,0,0,0.722276838722339,-0.224127766050558,-0.112470359053583
7.462018132213,0.110282267172399,0.0349843629037637,0.00358745250067428,0.166426865517053,0.0306854770426407,-0.0107964298798676,0,0,0,0,0,0,0,0,0,0.72002932814664,-0.225254912695881,-0.112896865757853
7.47202083748407,0.110632384725446,0.0350201908061846,0.00357619650879582,0.166733262298777,0.0305772174121079,-0.0108496035590168,0,0,0,0,0,0,0,0,0,0.717770521717227,-0.226386314198963,-0.113321054165614
7.48202354275513,0.110982860091987,0.0350559063129783,0.00356497946926286,0.167038573534889,0.0304684270068396,-0.0109025560136572,0,0,0,0,0,0,0,0,0,0.715500376989971,-0.227521946907531,-0.113742831046994
7.49202624802619,0.11133369214971,0.0350915098141987,0.00355380146614234,0.167342793927282,0.0303591080427514,-0.0109552866322288,0,0,0,0,0,0,0,0,0,0.713218851761999,-0.228661786230282,-0.114162101895717
7.50202895329726,0.111684879780213,0.0351270017007126,0.00354266257792367,0.167645918200046,0.0302492627417971,-0.0110077948189298,0,0,0,0,0,0,0,0,0,0.710925904081138,-0.229805806624307,-0.114578770869518
7.51203165856832,0.112036421869003,0.0351623823641442,0.00353156287749028,0.167947941099525,0.0301388933318109,-0.011060079993798,0,0,0,0,0,0,0,0,0,0.708621492255515,-0.230953981580939,-0.114992740755198
7.52203436383938,0.112388317305511,0.0351976521968183,0.00352050243209126,0.168248857394378,0.0300280020463487,-0.0111121415927904,0,0,0,0,0,0,0,0,0,0.706305574863273,-0.232106283612479,-0.115403913024094
7.53203706911044,0.112740564983094,0.0352328115917042,0.00350948130331258,0.168548661875632,0.0299165911245285,-0.0111639790678647,0,0,0,0,0,0,0,0,0,0.70397811076244,-0.233262684239153,-0.115812187837917
7.54203977438151,0.113093163799043,0.0352678609423588,0.003498499547049,0.168847349356738,0.0298046628108697,-0.0112155918870587,0,0,0,0,0,0,0,0,0,0.701639059100911,-0.234423153975958,-0.11621746403182
7.55204247965257,0.113446112654589,0.0353028006428695,0.00348755721347534,0.169144914673627,0.0296922193551322,-0.0112669795345711,0,0,0,0,0,0,0,0,0,0.699288379326571,-0.235587662319275,-0.11661963909249
7.56204518492363,0.113799410454907,0.0353376310877968,0.0034766543470181,0.169441352684757,0.0295792630121537,-0.0113181415108423,0,0,0,0,0,0,0,0,0,0.696926031197554,-0.236756177733278,-0.11701860919088
7.5720478901947,0.11415305610912,0.0353723526721168,0.00346579098632691,0.169736658271166,0.0294657960416879,-0.0113690773326342,0,0,0,0,0,0,0,0,0,0.694551974792632,-0.237928667637207,-0.117414269217178
7.58205059546576,0.114507048530304,0.0354069657911631,0.00345496716424627,0.17003082633652,0.0293518207082398,-0.0114197865331117,0,0,0,0,0,0,0,0,0,0.69216617052173,-0.239105098392471,-0.117806512738832
7.59205330073682,0.114861386635493,0.0354414708405689,0.00344418290778673,0.170323851807157,0.0292373392809017,-0.0114702686619218,0,0,0,0,0,0,0,0,0,0.689768579136575,-0.240285435289083,-0.118195232018416
7.60205600600789,0.115216069345677,0.0354758682162079,0.0034334382380968,0.170615729632138,0.0291223540331881,-0.011520523285275,0,0,0,0,0,0,0,0,0,0.687359161741479,-0.241469642533122,-0.118580318026173
7.61205871127895,0.115571095585808,0.0355101583141362,0.00342273317043411,0.170906454783282,0.029006867242869,-0.0115705499860253,0,0,0,0,0,0,0,0,0,0.68493787980424,-0.242657683233413,-0.118961660443664
7.62206141655001,0.115926464284799,0.0355443415305329,0.0034120677141373,0.171196022255219,0.0288908811918039,-0.0116203483637509,0,0,0,0,0,0,0,0,0,0.682504695167193,-0.24384951938907,-0.119339147720496
7.63206412182107,0.116282174375529,0.0355784182616406,0.0034014418725972,0.171484427065417,0.0287743981657733,-0.0116699180348348,0,0,0,0,0,0,0,0,0,0.680059570058361,-0.245045111877309,-0.119712667009738
7.64206682709214,0.116638224794837,0.0356123889037063,0.00339085564322864,0.17177166425423,0.0286574204543105,-0.0117192586325443,0,0,0,0,0,0,0,0,0,0.677602467102746,-0.246244420439693,-0.120082104182268
7.6520695323632,0.116994614483528,0.0356462538529208,0.0033803090174418,0.172057728884931,0.0285399503505325,-0.011768369807113,0,0,0,0,0,0,0,0,0,0.675133349333757,-0.247447403670237,-0.120447343925556
7.66207223763426,0.117351342386369,0.035680013505359,0.00336980198061388,0.172342616043749,0.0284219901509696,-0.0118172512258197,0,0,0,0,0,0,0,0,0,0.67265218020474,-0.248654019003632,-0.12080826967902
7.67207494290533,0.117708407452087,0.0357136682569192,0.00335933451206038,0.172626320839899,0.0283035421553946,-0.01186590257307,0,0,0,0,0,0,0,0,0,0.67015892360064,-0.24986422270205,-0.121164763663991
7.68207764817639,0.118065808633369,0.0357472185032625,0.00334890658500699,0.172908838405615,0.0281846086666515,-0.0119143235504758,0,0,0,0,0,0,0,0,0,0.667653543849796,-0.25107796984397,-0.121516706927263
7.69208035344745,0.118423544886858,0.0357806646397512,0.00333851816656082,0.173190163896184,0.028065191990482,-0.0119625138769368,0,0,0,0,0,0,0,0,0,0.665136005735828,-0.252295214311857,-0.121863979326115
7.70208305871852,0.118781615173148,0.0358140070613883,0.00332816921768198,0.173470292489965,0.0279452944353533,-0.0120104732887199,0,0,0,0,0,0,0,0,0,0.662606274509674,-0.253515908780686,-0.122206459549119
7.71208576398958,0.119140018456785,0.0358472461627554,0.00331785969315523,0.173749219388425,0.0278249183122828,-0.0120582015395405,0,0,0,0,0,0,0,0,0,0.66006431590171,-0.254740004706037,-0.122544025143873
7.72208846926064,0.119498753706259,0.0358803823379504,0.0033075895415615,0.174026939816158,0.0277040659346648,-0.0121056984006422,0,0,0,0,0,0,0,0,0,0.657510096134027,-0.255967452313174,-0.12287655255696
7.7320911745317,0.119857819893997,0.0359134159805262,0.0032973587052492,0.17430344902091,0.0275827396180926,-0.0121529636608778,0,0,0,0,0,0,0,0,0,0.654943581932763,-0.25719820058594,-0.12320391712339
7.74209387980277,0.120217215996362,0.0359463474834276,0.00328716712030592,0.174578742273598,0.0274609416801842,-0.0121999971267895,0,0,0,0,0,0,0,0,0,0.652364740540609,-0.258432197255625,-0.123525993093773
7.75209658507383,0.120576940993643,0.0359791772389284,0.00327701471653008,0.174852814868333,0.027338674440403,-0.0122467986226897,0,0,0,0,0,0,0,0,0,0.649773539729361,-0.259669388790405,-0.123842653663252
7.76209929034489,0.12093699387005,0.0360119056385691,0.00326690141740221,0.175125662122432,0.0272159402198813,-0.0122933679907406,0,0,0,0,0,0,0,0,0,0.647169947812634,-0.260909720384785,-0.124153771014442
7.77210199561596,0.121297373613705,0.0360445330730928,0.0032568271400565,0.175397279376442,0.0270927413412401,-0.0123397050910358,0,0,0,0,0,0,0,0,0,0.644553933658632,-0.262153135949902,-0.124459216322292
7.78210470088702,0.121658079216635,0.0360770599323816,0.00324679179525258,0.175667661994145,0.02696908012841,-0.0123858098016796,0,0,0,0,0,0,0,0,0,0.64192546670305,-0.263399578103064,-0.124758859781491
7.79210740615808,0.122019109674761,0.0361094866053936,0.00323679528734678,0.175936805362575,0.0268449589064506,-0.0124316820188683,0,0,0,0,0,0,0,0,0,0.639284516962057,-0.264648988158598,-0.125052570645545
7.80211011142915,0.122380463987891,0.0361418134800976,0.00322683751426377,0.176204704892031,0.0267203800013688,-0.0124773216569703,0,0,0,0,0,0,0,0,0,0.636631055045379,-0.265901306118176,-0.125340217268533
7.81211281670021,0.122742141159707,0.036174040943409,0.003216918367468,0.176471356016079,0.0265953457399369,-0.0125227286486066,0,0,0,0,0,0,0,0,0,0.633965052169476,-0.267156470662494,-0.125621667110474
7.82211552197127,0.123104140197757,0.0362061693811256,0.00320703773193547,0.176736754191563,0.0264698584495095,-0.0125679029447313,0,0,0,0,0,0,0,0,0,0.631286480170791,-0.268414419141707,-0.125896786757558
7.83211822724233,0.123466460113442,0.0362381991778615,0.00319719548612491,0.17700089489861,0.0263439204578398,-0.0126128445147117,0,0,0,0,0,0,0,0,0,0.628595311519119,-0.269675087567514,-0.126165442019527
7.8421209325134,0.123829099922003,0.036270130716983,0.00318739150194959,0.17726377364063,0.0262175340928949,-0.0126575533464092,0,0,0,0,0,0,0,0,0,0.625891519331019,-0.270938410605537,-0.126427497895813
7.85212363778446,0.124192058642511,0.0363019643805416,0.00317762564474874,0.17752538594432,0.0260907016826706,-0.0127020294462597,0,0,0,0,0,0,0,0,0,0.623175077383325,-0.272204321566733,-0.126682818663763
7.86212634305552,0.124555335297851,0.0363337005492094,0.00316789777325892,0.177785727359665,0.0259634255550054,-0.0127462728393536,0,0,0,0,0,0,0,0,0,0.620445960126735,-0.273472752401539,-0.126931267924129
7.87212904832659,0.124918928914707,0.0363653396022121,0.00315820773958598,0.178044793459931,0.0258357080373924,-0.0127902835695171,0,0,0,0,0,0,0,0,0,0.617704142699447,-0.274743633692188,-0.127172708570279
7.88213175359765,0.12528283852355,0.0363968819172627,0.00314855538917612,0.178302579841661,0.0257075514567931,-0.0128340616993914,0,0,0,0,0,0,0,0,0,0.614949600940888,-0.276016894646242,-0.127407002890564
7.89213445886871,0.125647063158622,0.0364283278704951,0.00313894056078767,0.178559082124674,0.0255789581394474,-0.0128776073105145,0,0,0,0,0,0,0,0,0,0.612182311405486,-0.277292463090956,-0.12763401260764
7.90213716413978,0.126011601857918,0.0364596778363966,0.00312936308646247,0.178814295952051,0.0254499304106851,-0.0129209205034006,0,0,0,0,0,0,0,0,0,0.609402251376516,-0.278570265467596,-0.127853598903123
7.91213986941084,0.126376453663172,0.0364909321877407,0.00311982279149768,0.179068216990127,0.0253204705947352,-0.012964001397621,0,0,0,0,0,0,0,0,0,0.606609398879977,-0.279850226826301,-0.128065622493389
7.9221425746819,0.126741617619835,0.0365220912955196,0.00311031949441692,0.179320840928483,0.0251905810145352,-0.0130068501318846,0,0,0,0,0,0,0,0,0,0.603803732698548,-0.28113227082191,-0.128269943646458
7.93214527995296,0.127107092777062,0.0365531555288764,0.00310085300694206,0.179572163479924,0.0250602639915384,-0.0130494668641185,0,0,0,0,0,0,0,0,0,0.600985232385545,-0.282416319709164,-0.128466422227028
7.94214798522403,0.127472878187691,0.0365841252550363,0.00309142313396475,0.179822180380468,0.024929521845523,-0.0130918517715475,0,0,0,0,0,0,0,0,0,0.59815387827897,-0.283702294339439,-0.128654917793918
7.95215069049509,0.127838972908222,0.0366150008392394,0.00308202967351779,0.180070887389331,0.0247983568943969,-0.013134005050776,0,0,0,0,0,0,0,0,0,0.595309651515541,-0.284990114157895,-0.128835289628894
7.96215339576615,0.1282053759988,0.0366457826446704,0.00307267241674675,0.180318280288901,0.0246667714540046,-0.0131759269178671,0,0,0,0,0,0,0,0,0,0.592452534044794,-0.286279697200779,-0.129007396784638
7.97215610103722,0.12857208652319,0.0366764710323908,0.00306335114788151,0.180564354884721,0.0245347678379311,-0.013217617608424,0,0,0,0,0,0,0,0,0,0.589582508643164,-0.287570960093542,-0.129171098101344
7.98215880630828,0.12893910354876,0.0367070663612688,0.0030540656442078,0.180809107005464,0.0244023483573072,-0.01325907737767,0,0,0,0,0,0,0,0,0,0.58669955892813,-0.288863818048474,-0.129326252352638
7.99216151157934,0.129306426146454,0.0367375689879103,0.00304481567603865,0.181052532502908,0.0242695153206125,-0.0133003065005287,0,0,0,0,0,0,0,0,0,0.583803669372339,-0.290158184865731,-0.129472718290775
8.0021642168504,0.129674053390773,0.0367679792665884,0.00303560100668594,0.181294627251907,0.0241362710334771,-0.0133413052717051,0,0,0,0,0,0,0,0,0,0.580894825317733,-0.291453972931886,-0.129610354600046
8.01216692212147,0.13004198435975,0.0367982975491739,0.00302642139243214,0.181535387150361,0.0240026177984843,-0.0133820740057659,0,0,0,0,0,0,0,0,0,0.577973012989703,-0.292751093220016,-0.129739020070442
8.02216962739253,0.130410218134924,0.036828524185064,0.0030172765825013,0.181774808119189,0.0238685579149713,-0.0134226130372192,0,0,0,0,0,0,0,0,0,0.57503821951121,-0.294049455291728,-0.129858573660886
8.03217233266359,0.130778753801318,0.0368586595211127,0.00300816631903121,0.182012886102292,0.0237340936788292,-0.0134629227205959,0,0,0,0,0,0,0,0,0,0.572090432916903,-0.295348967298517,-0.129968874505623
8.04217503793466,0.131147590447409,0.0368887039015586,0.00299909033704464,0.182249617066516,0.0235992273823023,-0.0135030034305299,0,0,0,0,0,0,0,0,0,0.56912964216721,-0.296649535983911,-0.130069781991896
8.05217774320572,0.131516727165107,0.0369186576679542,0.00299004836442065,0.182484997001619,0.0234639613137867,-0.0135428555618379,0,0,0,0,0,0,0,0,0,0.566155837162414,-0.297951066686389,-0.130161155875334
8.06218044847678,0.131886163049723,0.0369485211590945,0.0029810401218666,0.182719021920227,0.0233282977576281,-0.0135824795296009,0,0,0,0,0,0,0,0,0,0.563169008756685,-0.299253463343835,-0.130242856342944
8.07218315374785,0.132255897199941,0.0369782947109443,0.00297206532288924,0.182951687857795,0.0231922389939185,-0.0136218757692434,0,0,0,0,0,0,0,0,0,0.560169148772067,-0.300556628497709,-0.130314744033896
8.08218585901891,0.132625928717795,0.0370079786565671,0.00296312367376649,0.183182990872564,0.0230557872982921,-0.0136610447366153,0,0,0,0,0,0,0,0,0,0.557156250012431,-0.301860463297925,-0.130376680143834
8.09218856428997,0.132996256708633,0.0370375733260517,0.00295421487351886,0.183412927045514,0.0229189449417214,-0.0136999869080711,0,0,0,0,0,0,0,0,0,0.554130306277356,-0.303164867509106,-0.130428526525029
8.10219126956104,0.13336688028109,0.0370670790464404,0.00294533861388105,0.183641492480317,0.0227817141903108,-0.0137387027805511,0,0,0,0,0,0,0,0,0,0.551091312375962,-0.304469739517463,-0.130470145738515
8.1121939748321,0.133737798547057,0.0370964961416546,0.00293649457927339,0.183868683303284,0.0226440973050907,-0.0137771928716613,0,0,0,0,0,0,0,0,0,0.548039264140655,-0.305774976338096,-0.130501401120123
8.12219668010316,0.13410901062165,0.0371258249324233,0.00292768244677341,0.184094495663322,0.0225060965418106,-0.0138154577197544,0,0,0,0,0,0,0,0,0,0.54497415844081,-0.307080473623193,-0.130522156902264
8.13219938537422,0.134480515623176,0.037155065736208,0.00291890188608748,0.184318925731868,0.0223677141507307,-0.0138534978840098,0,0,0,0,0,0,0,0,0,0.541895993196353,-0.308386125671769,-0.130532278273576
8.14220209064529,0.134852312673101,0.0371842188671294,0.00291015255952206,0.184541969702844,0.0222289523764134,-0.0138913139445144,0,0,0,0,0,0,0,0,0,0.53880476739125,-0.309691825439055,-0.13053163143822
8.15220479591635,0.135224400896016,0.0372132846358935,0.0029014341219555,0.184763623792591,0.0220898134575139,-0.0139289065023425,0,0,0,0,0,0,0,0,0,0.535700481086903,-0.310997464547425,-0.130520083739731
8.16220750118741,0.135596779419602,0.0372422633497165,0.00289274622080944,0.184983884239816,0.0219502996265695,-0.0139662761796372,0,0,0,0,0,0,0,0,0,0.532583135435418,-0.312302933298262,-0.130497503733096
8.17221020645848,0.135969447374596,0.0372711553122509,0.00288408849602045,0.185202747305522,0.0218104131097891,-0.0140034236196897,0,0,0,0,0,0,0,0,0,0.529452732692761,-0.313608120684328,-0.130463761293658
8.18221291172954,0.136342403894755,0.0372999608235096,0.00287546058001129,0.18542020927295,0.0216701561268405,-0.0140403494870206,0,0,0,0,0,0,0,0,0,0.526309276231784,-0.314912914403811,-0.130418727655821
8.1922156170006,0.136715648116815,0.0373286801797912,0.00286686209766277,0.185636266447509,0.0215295308906376,-0.0140770544674601,0,0,0,0,0,0,0,0,0,0.523152770555096,-0.316217200873464,-0.130362275497898
8.20221832227167,0.137089179180462,0.0373573136736046,0.00285829266628497,0.18585091515671,0.0213885396071281,-0.014113539268228,0,0,0,0,0,0,0,0,0,0.519983221307828,-0.317520865244352,-0.130294279128771
8.21222102754273,0.137462996228284,0.0373858615935921,0.0028497518955892,0.186064151750091,0.0212471844750777,-0.0141498046180152,0,0,0,0,0,0,0,0,0,0.516800635290192,-0.318823791418726,-0.130214614532584
8.22222373281379,0.137837098405739,0.0374143242244546,0.00284123938765893,0.186275972599149,0.0211054676858559,-0.0141858512670626,0,0,0,0,0,0,0,0,0,0.513605020469899,-0.320125862066661,-0.130123159421999
8.23222643808485,0.138211484861113,0.037442701846874,0.00283275473692179,0.186486374097262,0.0209633914232191,-0.0142216799872436,0,0,0,0,0,0,0,0,0,0.510396385994396,-0.321426958644001,-0.130019793326119
8.24222914335592,0.138586154745477,0.0374709947374374,0.002824297530121,0.186695352659613,0.0208209578630947,-0.0142572915721422,0,0,0,0,0,0,0,0,0,0.507174742202919,-0.322726961410753,-0.129904397800226
8.25223184862698,0.13896110721265,0.0374992031685589,0.00281586734628671,0.186902904723109,0.0206781691733636,-0.0142926868371357,0,0,0,0,0,0,0,0,0,0.503940100638361,-0.324025749453223,-0.129776856438114
8.26223455389804,0.139336341419153,0.0375273274084043,0.00280746375670774,0.187109026746301,0.0205350275136402,-0.014327866619473,0,0,0,0,0,0,0,0,0,0.500692474058888,-0.325323200702664,-0.129637054907049
8.27223725916911,0.13971185652417,0.0375553677208111,0.00279908632490302,0.187313715209301,0.0203915350350558,-0.014362831778357,0,0,0,0,0,0,0,0,0,0.497431876449426,-0.32661919195811,-0.129484881187301
8.28223996444017,0.140087651689501,0.0375833243652125,0.00279073460659312,0.187516966613693,0.0202476938800359,-0.014397583195024,0,0,0,0,0,0,0,0,0,0.494158323032828,-0.327913598909814,-0.12932022559351
8.29224266971123,0.140463726079516,0.0376111975965584,0.00278240814967171,0.187718777482448,0.0201035061820821,-0.0144321217728238,0,0,0,0,0,0,0,0,0,0.490871830280889,-0.329206296162509,-0.129142980897718
8.3022453749823,0.140840078861117,0.0376389876652371,0.00277410649417735,0.187919144359831,0.0199589740655479,-0.0144664484373013,0,0,0,0,0,0,0,0,0,0.487572415925044,-0.330497157261307,-0.128953042415908
8.31224808025336,0.141216709203685,0.0376666948169968,0.0027658291722646,0.188118063811309,0.0198140996454183,-0.014500564136276,0,0,0,0,0,0,0,0,0,0.484260098966871,-0.331786054716695,-0.128750308103027
8.32225078552442,0.141593616279036,0.0376943192928662,0.00275757570817588,0.18831553242346,0.0196688850270855,-0.0145344698399226,0,0,0,0,0,0,0,0,0,0.480934899688285,-0.333072860032333,-0.128534678718179
8.33225349079548,0.141970799261372,0.0377218613290756,0.00274934561821295,0.18851154680387,0.0195233323061253,-0.0145681665408523,0,0,0,0,0,0,0,0,0,0.477596839661484,-0.334357443733353,-0.128306057838074
8.34225619606655,0.142348257327236,0.0377493211569771,0.00274113841070827,0.188706103581036,0.0193774435680717,-0.0146016552541916,0,0,0,0,0,0,0,0,0,0.474245941758583,-0.335639675394425,-0.128064351994205
8.35225890133761,0.142725989655458,0.0377766990029649,0.00273295358599673,0.188899199404267,0.0192312208881926,-0.0146349370176642,0,0,0,0,0,0,0,0,0,0.470882230160993,-0.336919423670808,-0.127809470847209
8.36226160660867,0.143103995427108,0.0378039950883951,0.00272479063638692,0.189090830943576,0.0190846663312617,-0.0146680128916711,0,0,0,0,0,0,0,0,0,0.467505730368432,-0.338196556329896,-0.127541327209325
8.37226431187974,0.143482273825446,0.0378312096295052,0.00271664904613315,0.189280994889577,0.0189377819513326,-0.0147008839593707,0,0,0,0,0,0,0,0,0,0.46411646920768,-0.339470940282718,-0.127259837143013
8.3822670171508,0.143860824035868,0.0378583428373333,0.00270852829140627,0.189469687953375,0.0187905697915096,-0.0147335513267593,0,0,0,0,0,0,0,0,0,0.460714474840955,-0.340742441617466,-0.126964920119632
8.39226972242186,0.144239645245854,0.0378853949176376,0.00270042784026578,0.189656906866457,0.0186430318837204,-0.0147660161227519,0,0,0,0,0,0,0,0,0,0.457299776773996,-0.34201092563416,-0.126656499125411
8.40227242769292,0.144618736644916,0.0379123660708144,0.00269234715263122,0.189842648380577,0.0184951702484848,-0.0147982794992621,0,0,0,0,0,0,0,0,0,0.453872405863751,-0.343276256880298,-0.126334500712076
8.41227513296399,0.144998097424545,0.037939256491817,0.00268428568025339,0.190026909267641,0.0183469868946852,-0.0148303426312836,0,0,0,0,0,0,0,0,0,0.450432394325742,-0.344538299186539,-0.125998855146093
8.42227783823505,0.145377726778151,0.037966066370074,0.00267624286668635,0.190209686319591,0.0181984838193354,-0.0148622067169692,0,0,0,0,0,0,0,0,0,0.446979775741039,-0.345796915705333,-0.125649496535011
8.43228054350612,0.145757623901013,0.0379927958894065,0.00266821814725864,0.190390976348283,0.0180496630073479,-0.014893872977712,0,0,0,0,0,0,0,0,0,0.443514585062856,-0.347051968949133,-0.125286362818618
8.44228324877718,0.14613778799022,0.0380194452279465,0.00266021094904486,0.19057077618537,0.0179005264313013,-0.0149253426582263,0,0,0,0,0,0,0,0,0,0.440036858622758,-0.34830332082885,-0.124909396008733
8.45228595404824,0.146518218244615,0.0380460145580536,0.00265222069083727,0.190749082682167,0.0177510760512074,-0.0149566170266271,0,0,0,0,0,0,0,0,0,0.436546634136489,-0.349550832696857,-0.124518542259112
8.4622886593193,0.146898913864735,0.0380725040462324,0.00264424678311717,0.190925892709536,0.017601313814275,-0.0149876973745114,0,0,0,0,0,0,0,0,0,0.433043950709315,-0.35079436538685,-0.124113751872359
8.47229136459037,0.147279874052751,0.0380989138530485,0.00263628862802664,0.191101203157749,0.0174512416546767,-0.015018585017038,0,0,0,0,0,0,0,0,0,0.42952884884106,-0.352033779256987,-0.123694979531133
8.48229406986143,0.147661098012414,0.0381252441330462,0.00262834561933993,0.191275010936358,0.0173008614933109,-0.0150492812930081,0,0,0,0,0,0,0,0,0,0.426001370430583,-0.353268934234371,-0.123262184306388
8.49229677513249,0.148042584948986,0.0381514950346634,0.00262041714243496,0.191447312974066,0.0171501752375667,-0.0150797875649464,0,0,0,0,0,0,0,0,0,0.422461558779922,-0.354499689858356,-0.122815329838677
8.50229948040356,0.148424334069187,0.0381776667001481,0.00261250257426494,0.19161810621858,0.0169991847810846,-0.0151101052191803,0,0,0,0,0,0,0,0,0,0.41890945859791,-0.35572590532866,-0.122354384373384
8.51230218567462,0.148806344581125,0.0382037592654742,0.00260460128332987,0.191787387636485,0.0168478920035187,-0.015140235665921,0,0,0,0,0,0,0,0,0,0.415345116003352,-0.356947439549375,-0.121879320828751
8.52230489094568,0.14918861569424,0.0382297728602562,0.00259671262964798,0.191955154213092,0.016696298770298,-0.0151701803393452,0,0,0,0,0,0,0,0,0,0.411768578527764,-0.358164151178435,-0.121390117014221
8.53230759621674,0.149571146619232,0.0382557076076646,0.00258883596472746,0.192121402952302,0.0165444069323848,-0.0151999406976726,0,0,0,0,0,0,0,0,0,0.408179895117556,-0.359375898676001,-0.120886755566694
8.54231030148781,0.149953936568004,0.0382815636243405,0.00258097063153778,0.192286130876456,0.0163922183260351,-0.0152295182232495,0,0,0,0,0,0,0,0,0,0.404579116135805,-0.360582540352652,-0.120369224181708
8.55231300675887,0.150336984753592,0.0383073410203101,0.00257311596448125,0.192449335026189,0.0162397347725568,-0.0152589144226272,0,0,0,0,0,0,0,0,0,0.400966293363478,-0.361783934422393,-0.119837515671685
8.56231571202993,0.150720290390098,0.0383330398988989,0.00256527128936472,0.192611012460277,0.016086958078066,-0.015288130826643,0,0,0,0,0,0,0,0,0,0.39734148000014,-0.362979939052012,-0.119291627938322
8.572318417301,0.151103852692625,0.0383586603566454,0.00255743592337086,0.192771160255486,0.0159338900332452,-0.0153171689905008,0,0,0,0,0,0,0,0,0,0.393704730664187,-0.364170412413538,-0.118731564233514
8.58232112257206,0.151487670877205,0.0383842024832153,0.00254960917502981,0.192929775506415,0.0157805324130982,-0.0153460304938516,0,0,0,0,0,0,0,0,0,0.390056101392512,-0.365355212738813,-0.118157333147123
8.59232382784312,0.151871744160736,0.0384096663613136,0.00254179034419089,0.193086855325338,0.0156268869767053,-0.015374716940874,0,0,0,0,0,0,0,0,0,0.386395649639641,-0.366534198371709,-0.117568948673982
8.60232653311419,0.152256071760903,0.0384350520665991,0.00253397872199383,0.193242396842045,0.015472955466978,-0.0154032299603541,0,0,0,0,0,0,0,0,0,0.382723434276357,-0.367707227824042,-0.116966430371754
8.61232923838525,0.152640652896118,0.0384603596675959,0.00252617359084021,0.193396397203678,0.0153187396104117,-0.0154315712057661,0,0,0,0,0,0,0,0,0,0.379039515587714,-0.368874159830943,-0.116349803351191
8.62233194365631,0.153025486785439,0.0384855892256063,0.00251837422436549,0.193548853574563,0.015164241116839,-0.0154597423553537,0,0,0,0,0,0,0,0,0,0.375343955270557,-0.370034853406578,-0.115719098389339
8.63233464892737,0.1534105726485,0.0385107407946236,0.00251057988741018,0.193699763136048,0.0150094616791811,-0.0154877451122089,0,0,0,0,0,0,0,0,0,0.37163681643042,-0.371189167901786,-0.115074352000969
8.64233735419844,0.153795909705439,0.0385358144212427,0.00250278983599131,0.193849123086327,0.0148544029731993,-0.0155155812043543,0,0,0,0,0,0,0,0,0,0.367918163577891,-0.372336963061226,-0.114415606564782
8.6523400594695,0.154181497176825,0.038560810144573,0.00249500331727409,0.19399693064027,0.0146990666572454,-0.015543252384822,0,0,0,0,0,0,0,0,0,0.364188062624372,-0.373478099083541,-0.113742910315103
8.66234276474056,0.154567334283576,0.038585727996149,0.00248721956954357,0.194143183029247,0.0145434543720096,-0.0155707604317347,0,0,0,0,0,0,0,0,0,0.360446580877232,-0.374612436678336,-0.113056317325641
8.67234547001163,0.154953420246892,0.0386105679998408,0.00247943782217583,0.19428787750095,0.014387567740271,-0.0155981071483859,0,0,0,0,0,0,0,0,0,0.356693787034436,-0.375739837126021,-0.112355887782467
8.68234817528269,0.155339754288169,0.0386353301717666,0.00247165729560975,0.19443101131921,0.0142314083666451,-0.0156252943633209,0,0,0,0,0,0,0,0,0,0.352929751178495,-0.37686016234025,-0.111641687932819
8.69235088055375,0.155726335628928,0.0386600145202013,0.0024638772013186,0.194572581763822,0.0140749778373293,-0.0156523239304171,0,0,0,0,0,0,0,0,0,0.349154544769847,-0.377973274926733,-0.110913790047666
8.70235358582481,0.156113163490731,0.0386846210454875,0.00245609674178132,0.194712586130349,0.0139182777198507,-0.0156791977289635,0,0,0,0,0,0,0,0,0,0.345368240639634,-0.379079038244936,-0.110172272548058
8.71235629109588,0.156500237095104,0.0387091497399457,0.00244831511045419,0.194851021729942,0.0137613095628109,-0.0157059176637422,0,0,0,0,0,0,0,0,0,0.341570912981843,-0.380177316469416,-0.109417220108323
8.72235899636694,0.156887555663457,0.0387336005877834,0.00244053149174234,0.194987885889145,0.0136040748956313,-0.0157324856651087,0,0,0,0,0,0,0,0,0,0.337762637344859,-0.381267974653581,-0.108648723666055
8.73236170163801,0.157275118416999,0.038757973565004,0.00243274506097142,0.195123175949705,0.0134465752282951,-0.0157589036890722,0,0,0,0,0,0,0,0,0,0.333943490622333,-0.382350878791233,-0.10786688036815
8.74236440690907,0.15766292457666,0.0387822686393173,0.0024249549843588,0.195256889268371,0.0132888120510927,-0.0157851737173756,0,0,0,0,0,0,0,0,0,0.330113551043498,-0.383425895879245,-0.107071793698569
8.75236711218013,0.158050973363003,0.0388064857700467,0.00241716041898537,0.195389023216705,0.0131307868343618,-0.0158112977575765,0,0,0,0,0,0,0,0,0,0.326272898162786,-0.384492893981655,-0.106263573471388
8.76236981745119,0.158439263996142,0.0388306249080387,0.00240936051276709,0.195519575180869,0.01297250102823,-0.015837277843128,0,0,0,0,0,0,0,0,0,0.322421612848865,-0.385551742292213,-0.105442335841482
8.77237252272226,0.158827795695658,0.0388546859955703,0.00240155440442622,0.195648542561435,0.012813956062355,-0.0158631160334577,0,0,0,0,0,0,0,0,0,0.318559777272999,-0.386602311198685,-0.104608203425555
8.78237522799332,0.15921656768051,0.0388786689662577,0.00239374122346305,0.195775922773166,0.0126551533456649,-0.01588881441405,0,0,0,0,0,0,0,0,0,0.314687474896801,-0.387644472347816,-0.103761305220801
8.79237793326438,0.15960557916895,0.0389025737449633,0.00238592009012771,0.195901713244817,0.0124960942660954,-0.0159143750965256,0,0,0,0,0,0,0,0,0,0.310804790459294,-0.388678098708014,-0.102901776519426
8.80238063853545,0.159994829378434,0.0389264002477031,0.00237809011539097,0.196025911418918,0.0123367801903303,-0.015939800218721,0,0,0,0,0,0,0,0,0,0.306911809963413,-0.389703064632601,-0.102029759108492
8.81238334380651,0.160384317525533,0.0389501483815542,0.00237025040091656,0.196148514751563,0.0121772124635375,-0.0159650919447711,0,0,0,0,0,0,0,0,0,0.303008620661794,-0.390719245926493,-0.101145401229719
8.82238604907757,0.160774042825844,0.0389738180445611,0.00236240003903216,0.196269520712192,0.0120173924091056,-0.0159902524651876,0,0,0,0,0,0,0,0,0,0.299095311041944,-0.39172651990865,-0.100248857455889
8.83238875434864,0.161164004493899,0.0389974091256423,0.00235453811270125,0.196388926783375,0.0118573213283804,-0.0160152839969413,0,0,0,0,0,0,0,0,0,0.295171970810784,-0.392724765476277,-0.0993402888303504
8.8423914596197,0.161554201743071,0.0390209215044964,0.00234666369549421,0.196506730460583,0.0116970005003991,-0.0160401887835406,0,0,0,0,0,0,0,0,0,0.291238690878531,-0.393713863170074,-0.098419862747295
8.85239416489076,0.161944633785485,0.0390443550515082,0.00233877585156044,0.196622929251972,0.0115364311816243,-0.0160649690951135,0,0,0,0,0,0,0,0,0,0.28729556334194,-0.394693695236037,-0.0974877529865191
8.86239687016182,0.162335299831923,0.0390677096276541,0.00233087363559947,0.196737520678151,0.0113756146056787,-0.0160896272284872,0,0,0,0,0,0,0,0,0,0.283342681466945,-0.395664145691399,-0.0965441397035679
8.87239957543289,0.162726199091726,0.039090985084408,0.00232295609283262,0.196850502271953,0.0112145519830752,-0.0161141655072687,0,0,0,0,0,0,0,0,0,0.279380139670584,-0.396625100386243,-0.0955892092483211
8.88240228070395,0.163117330772704,0.0391141812636453,0.00231502225897433,0.196961871578202,0.0110532445009513,-0.0161385862819261,0,0,0,0,0,0,0,0,0,0.275408033502406,-0.397576447065809,-0.0946231543910704
8.89240498597501,0.163508694081036,0.0391372979975487,0.00230707116020414,0.19707162615348,0.0108916933227984,-0.0161628919298676,0,0,0,0,0,0,0,0,0,0.271426459625153,-0.398518075436627,-0.0936461741440108
8.90240769124608,0.163900288221174,0.0391603351085121,0.0022991018131378,0.197179763565886,0.010729899588192,-0.0161870848555228,0,0,0,0,0,0,0,0,0,0.267435515794839,-0.399449877225259,-0.0926584735777395
8.91241039651714,0.164292112395743,0.0391832924090449,0.00229111322479888,0.197286281394799,0.0105678644125216,-0.016211167490423,0,0,0,0,0,0,0,0,0,0.26343530084026,-0.400371746240757,-0.0916602640498393
8.9224131017882,0.164684165805445,0.039206169701676,0.0022831043925905,0.197391177230631,0.0104055888867193,-0.0162351422932815,0,0,0,0,0,0,0,0,0,0.259425914641825,-0.401283578437976,-0.0906517629923753
8.93241580705926,0.165076447648953,0.0392289667788574,0.00227507430426657,0.197494448674584,0.0102430740769862,-0.0162590117500749,0,0,0,0,0,0,0,0,0,0.255407458109794,-0.402185271975787,-0.0896331937858273
8.94241851233033,0.165468957122817,0.0392516834228675,0.00226702193790355,0.1975960933384,0.0100803210245213,-0.0162827783741219,0,0,0,0,0,0,0,0,0,0.251380033161952,-0.403076727277863,-0.0886047858801739
8.95242121760139,0.165861693421355,0.0392743194057143,0.00225894626187186,0.197696108844109,0.00991733074524575,-0.0163064447061654,0,0,0,0,0,0,0,0,0,0.247343742700624,-0.403957847093317,-0.0875667745407119
8.96242392287245,0.166254655736554,0.0392968744890378,0.00225084623480749,0.197794492823776,0.00975410422952897,-0.0163300133144519,0,0,0,0,0,0,0,0,0,0.243298690589137,-0.4048285365524,-0.0865194008821198
8.97242662814352,0.166647843257964,0.0393193484240132,0.00224272080558328,0.197891242919243,0.00959064244191398,-0.0163534867948119,0,0,0,0,0,0,0,0,0,0.239244981627726,-0.405688703227822,-0.0854629118004113
8.98242933341458,0.167041255172594,0.0393417409512518,0.00223456891328092,0.197986356781869,0.00942694632083834,-0.0163768677707419,0,0,0,0,0,0,0,0,0,0.235182721528762,-0.406538257189093,-0.084397559698937
8.99243203868564,0.167434890664804,0.0393640518007048,0.00222638948716206,0.198079832072271,0.00926301677836074,-0.0164001588934825,0,0,0,0,0,0,0,0,0,0.231112016891577,-0.407377111058353,-0.0833236026379074
9.00243474395671,0.167828748916201,0.0393862806915632,0.00221818144663991,0.198171666460052,0.00909885469988008,-0.0164233628421007,0,0,0,0,0,0,0,0,0,0.227032975176575,-0.408205180067713,-0.0822413041517778
9.01243744922777,0.168222829105526,0.0394084273321599,0.0022099437012509,0.19826185762354,0.00893446094385849,-0.0164464823235691,0,0,0,0,0,0,0,0,0,0.2229457046789,-0.409022382111429,-0.0811509330654168
9.02244015449883,0.168617130408551,0.0394304914198709,0.00220167515062611,0.198350403249514,0.00876983634154066,-0.0164695200728475,0,0,0,0,0,0,0,0,0,0.218850314501517,-0.409828637799563,-0.0800527634888205
9.03244285976989,0.169011651997963,0.0394524726410158,0.00219337468446305,0.198437301032928,0.00860498169667445,-0.0164924788529626,0,0,0,0,0,0,0,0,0,0.2147469145278,-0.410623870510055,-0.0789470746380462
9.04244556504096,0.169406393043258,0.0394743706707582,0.00218504118249653,0.198522548676638,0.00843989778522849,-0.016515361455088,0,0,0,0,0,0,0,0,0,0.210635615393567,-0.411408006438797,-0.0778341506983305
9.05244827031202,0.169801352710624,0.0394961851730065,0.00217667351447102,0.198606143891123,0.00827458535511179,-0.0165381706986263,0,0,0,0,0,0,0,0,0,0.206516528458674,-0.412180974648973,-0.0767142807812082
9.06245097558308,0.170196530162834,0.0395179158003129,0.00216827054011159,0.1986880843942,0.00810904512588972,-0.0165609094312878,0,0,0,0,0,0,0,0,0,0.20238976577806,-0.412942707120269,-0.075587758756278
9.07245368085415,0.170591924559125,0.0395395621937739,0.0021598311090956,0.198768367910742,0.00794327778850126,-0.0165835805291717,0,0,0,0,0,0,0,0,0,0.198255440072356,-0.413693138794851,-0.0744548831102147
9.08245638612521,0.170987535055087,0.0395611239829291,0.0021513540610244,0.198846992172388,0.00777728400497413,-0.0166061868968467,0,0,0,0,0,0,0,0,0,0.194113664698009,-0.414432207623755,-0.0733159567959168
9.09245909139627,0.171383360802548,0.0395826007856604,0.00214283822539468,0.198923954917253,0.0076110644081396,-0.0166287314674312,0,0,0,0,0,0,0,0,0,0.189964553616964,-0.415159854609842,-0.0721712870820928
9.10246179666734,0.171779400949453,0.0396039922080912,0.00213428242156986,0.198999253889636,0.00744461960134724,-0.0166512172026737,0,0,0,0,0,0,0,0,0,0.18580822136593,-0.415876023851186,-0.0710211855020322
9.1124645019384,0.172175654639748,0.0396252978444842,0.00212568545875195,0.19907288683972,0.00727795015817722,-0.016673647093033,0,0,0,0,0,0,0,0,0,0.181644783025194,-0.416580662582999,-0.0698659675481492
9.12246720720946,0.172572121013263,0.0396465172771399,0.00211704613595296,0.19914485152328,0.00711105662215281,-0.0166960241577601,0,0,0,0,0,0,0,0,0,0.177474354187045,-0.417273721214909,-0.0687059526301517
9.13246991248053,0.172968799205588,0.0396676500762951,0.00210836324196625,0.199215145701371,0.00694393950645341,-0.016718351444976,0,0,0,0,0,0,0,0,0,0.173297050923848,-0.417955153372053,-0.0675414639354821
9.14247261775159,0.173365688347953,0.0396886958000193,0.00209963555533819,0.199283767140031,0.00677659929362241,-0.016740632031755,0,0,0,0,0,0,0,0,0,0.16911298975564,-0.418624915929555,-0.0663728280204777
9.15247532302265,0.173762787567106,0.0397096539941136,0.00209086184433979,0.19935071360997,0.00660903643528033,-0.0167628690242029,0,0,0,0,0,0,0,0,0,0.164922287617514,-0.419282969045445,-0.0652003749543388
9.16247802829371,0.174160095985192,0.0397305241920062,0.00208204086693813,0.19941598288626,0.0064412513518327,-0.0167850655575386,0,0,0,0,0,0,0,0,0,0.160725061826564,-0.419929276198017,-0.0640244380893441
9.17248073356478,0.174557612719625,0.0397513059146502,0.00207317137076777,0.199479572748018,0.00627324443217777,-0.0168072247961752,0,0,0,0,0,0,0,0,0,0.156521430048515,-0.420563804214151,-0.0628453536822629
9.18248343883584,0.174955336882965,0.0397719986704204,0.00206425209310245,0.199541480978097,0.00610501603341541,-0.016829349933798,0,0,0,0,0,0,0,0,0,0.152311510264102,-0.421186523299096,-0.0616634609028983
9.1924861441069,0.175353267582791,0.0397926019550084,0.00205528176082659,0.199601705362757,0.00593656648055278,-0.0168514441934475,0,0,0,0,0,0,0,0,0,0.148095420735106,-0.421797407064962,-0.0604791015712466
9.20248884937797,0.175751403921574,0.0398131152513191,0.00204625909040664,0.199660243691351,0.0057678960662109,-0.0168735108275989,0,0,0,0,0,0,0,0,0,0.143873279970163,-0.422396432555248,-0.0592926199973684
9.21249155464903,0.176149744996547,0.0398335380293665,0.00203718278786304,0.199717093755993,0.0055990050503299,-0.0168955531182417,0,0,0,0,0,0,0,0,0,0.139645206690309,-0.422983580270127,-0.0581043628078693
9.22249425992009,0.176548289899579,0.0398538697461693,0.00202805154874132,0.199772253351233,0.00542989365987282,-0.0169175743769624,0,0,0,0,0,0,0,0,0,0.135411319794281,-0.423558834187508,-0.056914678667173
9.23249696519115,0.176947037717039,0.0398741098456451,0.00201886405808348,0.199825720273727,0.00526056208852987,-0.0169395779450215,0,0,0,0,0,0,0,0,0,0.131171738323644,-0.424122181782737,-0.0557239182805515
9.24249967046222,0.177345987529672,0.0398942577585059,0.00200961899040027,0.199877492321899,0.00509101049642103,-0.0169615671934379,0,0,0,0,0,0,0,0,0,0.126926581427695,-0.424673614049726,-0.0545324339414513
9.25250237573328,0.177745138412459,0.0399143129021525,0.00200031500964209,0.199927567295606,0.00492123900979629,-0.0169835455230661,0,0,0,0,0,0,0,0,0,0.122675968328171,-0.425213125511597,-0.0533405793492777
9.26250508100434,0.178144489434486,0.0399342746805684,0.00199095076917046,0.199975942995797,0.00475124772074087,-0.0170055163646781,0,0,0,0,0,0,0,0,0,0.118420018283935,-0.425740714238163,-0.0521487098243613
9.27250778627541,0.178544039658813,0.0399541424842144,0.00198152491173004,0.20002261722417,0.00458103668687136,-0.0170274831790445,0,0,0,0,0,0,0,0,0,0.114158850555338,-0.426256381860876,-0.0509571816309642
9.28251049154647,0.178943788142331,0.0399739156899218,0.0019720360694198,0.200067587782825,0.00441060593103686,-0.0170494494570129,0,0,0,0,0,0,0,0,0,0.109892584368607,-0.42676013357676,-0.0497663517426443
9.29251319681753,0.179343733935633,0.0399935936607854,0.00196248286366471,0.200110852473918,0.00423995544101835,-0.0170714187195909,0,0,0,0,0,0,0,0,0,0.105621338880123,-0.427251978158671,-0.0485765781417157
9.3025159020886,0.179743876082867,0.0400131757460575,0.00195286390518691,0.200152409099303,0.00406908516922653,-0.0170933945180239,0,0,0,0,0,0,0,0,0,0.101345233140608,-0.427731927965217,-0.0473882191401172
9.31251860735966,0.180144213621607,0.0400326612810398,0.0019431777939779,0.200192255460182,0.00389799503239621,-0.0171153804338776,0,0,0,0,0,0,0,0,0,0.0970643860592035,-0.42819999893743,-0.0462016332024218
9.32252131263072,0.180544745582705,0.0400520495869768,0.00193342311926941,0.200230389356742,0.00372668491128838,-0.017137380079118,0,0,0,0,0,0,0,0,0,0.0927789163677265,-0.428656210605148,-0.045017179159174
9.33252401790178,0.180945470990154,0.0400713399709471,0.00192359845950525,0.200266808587799,0.00355515465037907,-0.0171593970961906,0,0,0,0,0,0,0,0,0,0.0884889425846155,-0.429100586087957,-0.0438352154831435
9.34252672317285,0.181346388860946,0.040090531725756,0.001913702382313,0.20030151095043,0.0033834040575588,-0.0171814351581026,0,0,0,0,0,0,0,0,0,0.0841945829791701,-0.429533152087091,-0.0426561002407265
9.35252942844391,0.181747498204923,0.0401096241298273,0.0019037334444751,0.200334494239603,0.00321143290382436,-0.0172034979685024,0,0,0,0,0,0,0,0,0,0.0798959555356599,-0.429953938885399,-0.0414801910435479
9.36253213371497,0.182148798024642,0.040128616447094,0.00189369019190056,0.200365756247813,0.00303924092297283,-0.0172255892617603,0,0,0,0,0,0,0,0,0,0.0755931779175636,-0.430362980338283,-0.0403078447263614
9.37253483898604,0.182550287315221,0.0401475079268897,0.00188357115959675,0.200395294764705,0.00286682781129365,-0.0172477128030476,0,0,0,0,0,0,0,0,0,0.0712863674318597,-0.430760313867218,-0.0391394171196046
9.3825375442571,0.182951965064197,0.0401662978038397,0.00187337487164063,0.200423107576696,0.0026941932272591,-0.0172698723884206,0,0,0,0,0,0,0,0,0,0.0669756409933949,-0.43114598044614,-0.0379752627708523
9.39254024952816,0.183353830251376,0.0401849852977514,0.00186309984115031,0.200449192466594,0.00252133679121691,-0.0172920718448966,0,0,0,0,0,0,0,0,0,0.0626611150894472,-0.431520024589394,-0.0368157349003532
9.40254295479923,0.183755881848689,0.0402035696135037,0.00185274457025655,0.200473547213223,0.00234825808507819,-0.0173143150305378,0,0,0,0,0,0,0,0,0,0.0583429057443358,-0.431882494337232,-0.0356611850261508
9.41254566007029,0.184158118820034,0.0402220499409388,0.00184230755007465,0.200496169591026,0.00217495665200793,-0.0173366058345298,0,0,0,0,0,0,0,0,0,0.0540211284842736,-0.432233441236261,-0.0345119629506782
9.42254836534135,0.184560540121132,0.04024042545475,0.00183178726067539,0.200517057369684,0.00200143199611312,-0.0173589481772625,0,0,0,0,0,0,0,0,0,0.0496958983023685,-0.432572920324675,-0.0333684163757033
9.43255107061242,0.184963144699372,0.0402586953143718,0.00182118217105694,0.200536208313722,0.00182768358212784,-0.0173813460104117,0,0,0,0,0,0,0,0,0,0.0453673296237714,-0.432900990104998,-0.0322308905634375
9.44255377588348,0.185365931493658,0.0402768586638696,0.00181049073911643,0.200553620182111,0.00165371083510464,-0.0174038033170178,0,0,0,0,0,0,0,0,0,0.0410355362712245,-0.433217712522535,-0.0310997286249554
9.45255648115454,0.185768899434256,0.0402949146318273,0.0017997114116213,0.200569290727872,0.00147951314009626,-0.0174263241115665,0,0,0,0,0,0,0,0,0,0.0367006314306374,-0.433523152943889,-0.0299752709488414
9.4625591864256,0.186172047442636,0.0403128623312372,0.00178884262418077,0.200583217697671,0.00130508984184208,-0.0174489124400711,0,0,0,0,0,0,0,0,0,0.0323627276170651,-0.433817380123978,-0.0288578549216773
9.47256189169667,0.18657537443132,0.0403307008593869,0.0017778828012175,0.200595398831422,0.00113044024445277,-0.0174715723801508,0,0,0,0,0,0,0,0,0,0.0280219366409477,-0.434100466178962,-0.0277478149826005
9.48256459696773,0.186978879303717,0.0403484292977479,0.00176683035593928,0.200605831861868,0.000955563611093001,-0.0174943080411118,0,0,0,0,0,0,0,0,0,0.0236783695746268,-0.434372486554352,-0.0266454822875776
9.49256730223879,0.187382560953972,0.0403660467118641,0.00175568369031025,0.20061451451418,0.000780459163664826,-0.0175171235640284,0,0,0,0,0,0,0,0,0,0.0193321367192239,-0.434633519991218,-0.0255511845547726
9.50257000750986,0.187786418266802,0.0403835521512374,0.0017444411950224,0.200621444505535,0.000605126082488941,-0.0175400231218225,0,0,0,0,0,0,0,0,0,0.0149833475718332,-0.434883648491207,-0.0244652459027062
9.51257271278092,0.188190450117335,0.0404009446492161,0.00173310124946755,0.200626619544703,0.000429563505986104,-0.0175630109193449,0,0,0,0,0,0,0,0,0,0.0106321107930997,-0.435122957279515,-0.023387986578974
9.52257541805198,0.188594655370951,0.0404182232228819,0.00172166222170836,0.200630037331626,0.000253770530356613,-0.0175860911934553,0,0,0,0,0,0,0,0,0,0.00627853417515256,-0.435351534764473,-0.0223197227951208
9.53257812332305,0.188999032883112,0.0404353868729352,0.0017101224684501,0.200631695556991,7.77462092610292e-05,-0.017609268213102,0,0,0,0,0,0,0,0,0,0.00192272460999179,-0.435569472497218,-0.0212607666639019
9.54258082859411,0.189403581499206,0.0404524345835824,0.00169848033501229,0.200631591901807,-9.8510446502509e-05,-0.0176325462794042,0,0,0,0,0,0,0,0,0,-0.00243521194177151,-0.435776865130025,-0.020211425809792
9.55258353386517,0.189808300054375,0.0404693653224214,0.00168673415529991,0.200629724036971,-0.000275000469320107,-0.0176559297257311,0,0,0,0,0,0,0,0,0,-0.00679517048169499,-0.435973810368185,-0.0191720032981666
9.56258623913623,0.190213187373353,0.0404861780403278,0.00167488225177517,0.200626089622836,-0.000451724935083591,-0.0176794229177821,0,0,0,0,0,0,0,0,0,-0.011157047003802,-0.43616040892692,-0.0181427977443876
9.5725889444073,0.190618242270292,0.0405028716713395,0.00166292293542906,0.200620686308776,-0.000628684963516567,-0.0177030302536684,0,0,0,0,0,0,0,0,0,-0.0155207385244995,-0.436336764485444,-0.0171241026084589
9.58259164967836,0.1910234635486,0.0405194451325427,0.00165085450575263,0.200613511732742,-0.00080588171849923,-0.0177267561639925,0,0,0,0,0,0,0,0,0,-0.0198861431119562,-0.436502983629768,-0.0161162062419233
9.59259435494942,0.191428850000767,0.0405358973239559,0.00163867525070883,0.200604563520822,-0.000983316408389958,-0.0177506051119289,0,0,0,0,0,0,0,0,0,-0.0242531599148759,-0.436659175807695,-0.0151193921013201
9.60259706022049,0.191834400408194,0.0405522271284149,0.00162638344670384,0.200593839286795,-0.00116099028635686,-0.017774581593305,0,0,0,0,0,0,0,0,0,-0.0286216891909755,-0.436805453275902,-0.0141339379719327
9.61259976549155,0.192240113541021,0.0405684334114573,0.0016139773585586,0.200581336631675,-0.00133890465070097,-0.0177986901366804,0,0,0,0,0,0,0,0,0,-0.0329916323346997,-0.436941931039401,-0.013160116156828
9.62260247076261,0.192645988157954,0.0405845150212055,0.00160145523948037,0.200567053143267,-0.00151706084518447,-0.0178229353034293,0,0,0,0,0,0,0,0,0,-0.037362891904488,-0.437068726802401,-0.0121981935285177
9.63260517603367,0.193052023006086,0.0406004707882517,0.00158881533103434,0.200550986395703,-0.00169546025936099,-0.0178473216878185,0,0,0,0,0,0,0,0,0,-0.041735371649506,-0.437185960908811,-0.0112484310478153
9.64260788130474,0.193458216820731,0.0406162995255403,0.00157605586311513,0.200533133948988,-0.00187410432890375,-0.0178718539170896,0,0,0,0,0,0,0,0,0,-0.0461089765357225,-0.437293756283468,-0.0103110835517435
9.6526105865758,0.193864568325235,0.0406320000282516,0.00156317505391819,0.20051349334853,-0.0020529945359375,-0.0178965366515393,0,0,0,0,0,0,0,0,0,-0.0504836127714651,-0.437392238368398,-0.0093863998554084
9.66261329184687,0.194271076230805,0.040647571073684,0.00155017110991129,0.200492062124683,-0.00223213240936533,-0.0179213745845991,0,0,0,0,0,0,0,0,0,-0.0548591878322217,-0.437481535066088,-0.00847462283032154
9.67261599711793,0.194677739236328,0.0406630114211376,0.00153704222580633,0.200468837792269,-0.00241151952520608,-0.0179463724429163,0,0,0,0,0,0,0,0,0,-0.0592356104850617,-0.437561776677308,-0.00757598875410974
9.68261870238899,0.195084556028191,0.040678319811795,0.00152378658453088,0.20044381785011,-0.00259115750692317,-0.0179715349864342,0,0,0,0,0,0,0,0,0,-0.0636127908121933,-0.437633095831376,-0.00669072752339006
9.69262140766005,0.195491525280096,0.0406934949686049,0.00151040235719912,0.200416999780551,-0.00277104802575897,-0.0179968670084721,0,0,0,0,0,0,0,0,0,-0.0679906402339899,-0.437695627428239,-0.00581906246085134
9.70262411293112,0.195898645652882,0.0407085355961624,0.00149688770308401,0.200388381048977,-0.00295119280107107,-0.0180223733358076,0,0,0,0,0,0,0,0,0,-0.0723690715313886,-0.437749508564876,-0.00496121011625616
9.71262681820218,0.196305915794335,0.0407234403805913,0.00148324076958867,0.200357959103337,-0.0031315936006622,-0.0180480588287546,0,0,0,0,0,0,0,0,0,-0.0767479988674441,-0.437794878473401,-0.00411738055097504
9.72262952347324,0.19671333433901,0.040738207989425,0.00146945969221766,0.200325731373649,-0.0033122522411226,-0.018073928381245,0,0,0,0,0,0,0,0,0,-0.0811273378084891,-0.437831878453156,-0.00328777676144547
9.73263222874431,0.197120899908035,0.040752837071487,0.00145554259454878,0.200291695271517,-0.00349317058816175,-0.0180999869209096,0,0,0,0,0,0,0,0,0,-0.0855070053443296,-0.437860651797284,-0.00247259464244727
9.74263493401537,0.197528611108934,0.0407673262567717,0.00144148758820446,0.200255848189635,-0.00367435055694904,-0.0181262394091572,0,0,0,0,0,0,0,0,0,-0.0898869199079366,-0.437881343724083,-0.00167202323846406
9.75263763928643,0.197936466535429,0.0407816741563254,0.00142729277282329,0.200218187501294,-0.00385579411244845,-0.0181526908412565,0,0,0,0,0,0,0,0,0,-0.0942670013942677,-0.437894101308606,-0.000886244428673191
9.76264034455749,0.198344464767254,0.0407958793621249,0.00141295623603156,0.200178710559876,-0.00403750326976285,-0.0181793462464155,0,0,0,0,0,0,0,0,0,-0.0986471711785913,-0.437899073407719,-0.000115432771659661
9.77264304982856,0.198752604369965,0.0408099404469578,0.00139847605341495,0.200137414698358,-0.00421948009446764,-0.0182062106878621,0,0,0,0,0,0,0,0,0,-0.103027352133806,-0.437896410588593,0.000640244408507376
9.78264575509962,0.199160883894741,0.0408238559643024,0.00138385028848973,0.200094297228797,-0.00440172670295793,-0.0182332892629253,0,0,0,0,0,0,0,0,0,-0.107407468647339,-0.437886265055479,0.00138062721510912
9.79264846037068,0.199569301878201,0.0408376244482066,0.00136907699267457,0.200049355441827,-0.00458424526278373,-0.0182605871031147,0,0,0,0,0,0,0,0,0,-0.111787446636999,-0.437868790574349,0.00219254145720024
9.80265116564175,0.199977856842198,0.0408512444131658,0.00135415420526194,0.200002586606145,-0.00476703799299736,-0.0182881093742012,0,0,0,0,0,0,0,0,0,-0.116167213566363,-0.437842402363498,0.00357198627828828
9.81265387091281,0.200386547294784,0.0408647148439471,0.00133923530273045,0.199953987971258,-0.0049501057804612,-0.0183154224616441,0,0,0,0,0,0,0,0,0,-0.120546663649032,-0.437797331522401,0.00596048976614935
9.82265657618387,0.200795371744989,0.0408780370107219,0.00132450952048629,0.199903556809247,-0.0051334430547553,-0.0183419919586883,0,0,0,0,0,0,0,0,0,-0.124925528917716,-0.437723160318694,0.00898013993889015
9.83265928145494,0.201204328719413,0.040891212838421,0.00130997501199978,0.199851290461657,-0.00531704239923637,-0.0183678234979363,0,0,0,0,0,0,0,0,0,-0.129303495175004,-0.437617680136198,0.0120997608563918
9.842661986726,0.201613416763801,0.0409042442285926,0.00129562943975346,0.199797186343879,-0.00550089646748393,-0.018392924099256,0,0,0,0,0,0,0,0,0,-0.133680250269334,-0.4374810996353,0.0151981278776716
9.85266469199706,0.202022634442798,0.0409171330594992,0.00128147048531213,0.199741241944436,-0.00568499798302535,-0.0184173007285998,0,0,0,0,0,0,0,0,0,-0.138055484177629,-0.437313635348533,0.0182744763960664
9.86266739726812,0.202431980339725,0.0409298811863076,0.0012674958492501,0.199683454824288,-0.00586933973879758,-0.0184409602982103,0,0,0,0,0,0,0,0,0,-0.142428889080151,-0.437115511232554,0.0213280702403882
9.87267010253919,0.202841453056342,0.0409424904412789,0.0012537032510785,0.19962382261614,-0.00605391459661093,-0.0184639096668261,0,0,0,0,0,0,0,0,0,-0.146800159434167,-0.436886958547303,0.0243581856331598
9.88267280781025,0.203251051212624,0.0409549626339577,0.00124009042917245,0.199562343023758,-0.00623871548661492,-0.018486155639887,0,0,0,0,0,0,0,0,0,-0.15116899204639,-0.436628215728902,0.027364111808412
9.89267551308131,0.203660773446534,0.04096729955136,0.00122665514069836,0.199499013821285,-0.00642373540676616,-0.0185077049697398,0,0,0,0,0,0,0,0,0,-0.1555350861441,-0.436339528256455,0.0303451516077649
9.90267821835238,0.204070618413798,0.0409795029581614,0.00121339516154115,0.199433832852564,-0.00660896742229831,-0.0185285643558436,0,0,0,0,0,0,0,0,0,-0.159898143444918,-0.436021148513025,0.0333006220492245
9.91268092362344,0.204480584787681,0.0409915745968833,0.00120030828623156,0.199366798030473,-0.0067944046651941,-0.0185487404449756,0,0,0,0,0,0,0,0,0,-0.164257868225152,-0.435673335641052,0.0362298548822851
9.9226836288945,0.20489067125877,0.0410035161880798,0.00118739232787331,0.199297907336257,-0.00698004033365943,-0.0185682398314365,0,0,0,0,0,0,0,0,0,-0.168613967386675,-0.435296355392223,0.0391321971044661
9.93268633416557,0.205300876534752,0.0410153294305223,0.00117464511807044,0.199227158818867,-0.00716586769159934,-0.018587069057256,0,0,0,0,0,0,0,0,0,-0.172966150522265,-0.434890479972562,0.0420070114534201
9.94268903943663,0.205711199340198,0.0410270160013849,0.00116206450685449,0.199154550594308,-0.00735188006809639,-0.0186052346123985,0,0,0,0,0,0,0,0,0,-0.177314129979388,-0.43445598788245,0.0448536768912098
9.95269174470769,0.206121638416348,0.0410385775564279,0.00114964836261181,0.199080080844987,-0.00753807085689074,-0.0186227429349686,0,0,0,0,0,0,0,0,0,-0.181657620922338,-0.433993163752029,0.0476715890534405
9.96269444997875,0.206532192520899,0.0410500157301812,0.00113739457201075,0.199003747819072,-0.00772443351586261,-0.0186396004114166,0,0,0,0,0,0,0,0,0,-0.185996341392723,-0.43350229817224,0.050460160670562
9.97269715524982,0.206942860427791,0.0410613321361269,0.00112530103992898,0.198925549829849,-0.00791096156651641,-0.018655813376744,0,0,0,0,0,0,0,0,0,-0.190330012368229,-0.432983687521793,0.0532188219512358
9.98269986052088,0.207353640926999,0.0410725283668809,0.00111336568938067,0.198845485255093,-0.00809764859346727,-0.0186713881147092,0,0,0,0,0,0,0,0,0,-0.19465835781964,-0.432437633790538,0.0559470209581661
9.99270256579194,0.207764532824325,0.041083605994374,0.00110158646144379,0.198763552536435,-0.00828448824392948,-0.0186863308580329,0,0,0,0,0,0,0,0,0,-0.198981104766074,-0.431864444398916,0.0586442239570734
10.002705271063,0.208175534941191,0.0410945665700323,0.00108996131518734,0.198679750178741,-0.008471474227207,-0.0187006477886038,0,0,0,0,0,0,0,0,0,-0.203297983328388,-0.431264432014352,0.0613099157320237
10.0127079763341,0.208586646114438,0.0411054116249567,0.00107848822759862,0.198594076749491,-0.00865860031418606,-0.0187143450376838,0,0,0,0,0,0,0,0,0,-0.207608726780738,-0.430637914364394,0.0639435998701178
10.0227106816051,0.208997865196119,0.0411161426701019,0.00106716519351045,0.198506530878169,-0.00884586033682966,-0.0187274286861141,0,0,0,0,0,0,0,0,0,-0.211913071600252,-0.429985214047409,0.0665447990169987
10.0327133868762,0.2094091910533,0.0411267611964544,0.00105599022552844,0.198417111255652,-0.00903324818767442,-0.0187399047645203,0,0,0,0,0,0,0,0,0,-0.2162107575148,-0.429306658340615,0.0691130551317033
10.0427160921473,0.209820622567865,0.0411372686752099,0.00104496135395824,0.198325816633606,-0.00922075781932925,-0.0187517792535182,0,0,0,0,0,0,0,0,0,-0.220501527548825,-0.428602579005678,0.0716479296893736
10.0527187974183,0.210232158636313,0.0411476665579502,0.00103407662673279,0.198232645823892,-0.00940838324397609,-0.0187630580839189,0,0,0,0,0,0,0,0,0,-0.224785128067223,-0.427873312092686,0.0741490038600066
10.0627215026894,0.210643798169566,0.0411579562768188,0.00102333410933958,0.198137597697966,-0.00959611853287284,-0.0187737471369352,0,0,0,0,0,0,0,0,0,-0.229061308817258,-0.427119197742169,0.0766158786646054
10.0727242079604,0.211055540092775,0.0411681392446965,0.00101273188474786,0.198040671186297,-0.00978395781585821,-0.0187838522443862,0,0,0,0,0,0,0,0,0,-0.233329822968479,-0.426340579985955,0.0790481751127592
10.0827269132315,0.211467383345128,0.0411782168553757,0.00100226805333594,0.197941865277778,-0.00997189528085872,-0.0187933791889036,0,0,0,0,0,0,0,0,0,-0.237590427150646,-0.425537806546433,0.0814455343175176
10.0927296185026,0.21187932687966,0.0411881904837342,0.000991940732818435,0.197841179019151,-0.0101599251733977,-0.0188023337041366,0,0,0,0,0,0,0,0,0,-0.241842881489636,-0.42471122863511,0.0838076175558654
10.1027323237736,0.212291369663064,0.0411980614859083,0.000981748058173479,0.197738611514434,-0.0103480417961063,-0.0188107214749581,0,0,0,0,0,0,0,0,0,-0.246086949641342,-0.42386120075067,0.0861341063326653
10.1127350290447,0.212703510675507,0.0412078311994649,0.000971688181570007,0.197634161924348,-0.0105362395082368,-0.0188185481376697,0,0,0,0,0,0,0,0,0,-0.250322398823532,-0.422988080476246,0.0884247024187031
10.1227377343158,0.213115748910441,0.0412175009435735,0.000961759272295001,0.197527829465757,-0.0107245127251777,-0.0188258192802075,0,0,0,0,0,0,0,0,0,-0.254548999845695,-0.422092228276719,0.0906791278515072
10.1327404395868,0.213528083374422,0.0412270720191767,0.000951959516680732,0.197419613411107,-0.0109128559179706,-0.0188325404423477,0,0,0,0,0,0,0,0,0,-0.258766527136848,-0.421174007295975,0.0928971249202624
10.1427431448579,0.213940513086929,0.0412365457091604,0.00094228711803202,0.197309513087872,-0.0111012636128304,-0.018838717115912,0,0,0,0,0,0,0,0,0,-0.262974758771323,-0.420233783154506,0.0950784561251725
10.152745850129,0.214353037080186,0.0412459232785234,0.000932740296553479,0.197197527878005,-0.0112897303906656,-0.0188443547449732,0,0,0,0,0,0,0,0,0,-0.267173476492525,-0.419271923747479,0.0972229041165537
10.1627485554,0.214765654398977,0.0412552059745459,0.000923317289276769,0.197083657217394,-0.0114782508866025,-0.0188494587260608,0,0,0,0,0,0,0,0,0,-0.271362465734678,-0.418288799043556,0.0993302716103081
10.1727512606711,0.215178364100479,0.0412643950269575,0.00091401634998785,0.196967900595319,-0.0116668197895102,-0.0188540344083664,0,0,0,0,0,0,0,0,0,-0.275541515642564,-0.417284780884654,0.10140038128237
10.1827539659421,0.215591165254078,0.0412734916481045,0.000904835749154226,0.19685025755392,-0.0118554318415284,-0.0188580870939494,0,0,0,0,0,0,0,0,0,-0.279710419089257,-0.416260242786874,0.103433075641226
10.1927566712132,0.216004056941205,0.0412824970331161,0.000895773773852201,0.196730727687666,-0.0120440818375969,-0.0188616220379425,0,0,0,0,0,0,0,0,0,-0.283868972691881,-0.415215559742816,0.105428216882718
10.2027593764843,0.216417038255157,0.0412914123600707,0.000886828727694131,0.196609310642828,-0.012232764624987,-0.0188646444487574,0,0,0,0,0,0,0,0,0,-0.288016976825391,-0.414151108025411,0.107385686724129
10.2127620817553,0.216830108300931,0.0413002387901604,0.000877998930755669,0.196486006116958,-0.0124214751028355,-0.0188671594882899,0,0,0,0,0,0,0,0,0,-0.292154235634405,-0.413067264993552,0.109305386216661
10.2227647870264,0.217243266195057,0.0413089774678556,0.00086928271950302,0.196360813858372,-0.0126102082216805,-0.0188691722721258,0,0,0,0,0,0,0,0,0,-0.2962805570431,-0.411964408899681,0.111187235544198
10.2327674922975,0.217656511065427,0.0413176295210686,0.000860678446720189,0.196233733665643,-0.0127989589829989,-0.0188706878697466,0,0,0,0,0,0,0,0,0,-0.300395752763188,-0.410842918699446,0.113031173804551
10.2427701975685,0.218069842051135,0.0413261960613163,0.000852184481436235,0.196104765387085,-0.0129877224387463,-0.0188717113047346,0,0,0,0,0,0,0,0,0,-0.304499638300007,-0.409703173863663,0.114837158769507
10.2527729028396,0.218483258302311,0.0413346781838826,0.00084379920885252,0.195973908920259,-0.0131764936908991,-0.0188722475549787,0,0,0,0,0,0,0,0,0,-0.308592032956742,-0.408545554192771,0.116605166631138
10.2627756081106,0.218896758979962,0.0413430769679793,0.000835521030269958,0.195841164211469,-0.0133652678909986,-0.01887230155288,0,0,0,0,0,0,0,0,0,-0.312672759836794,-0.407370439633874,0.118335191736058
10.2727783133817,0.219310343255807,0.0413513934769075,0.000827348363016269,0.195706531255272,-0.0135540402396964,-0.0188718781855573,0,0,0,0,0,0,0,0,0,-0.316741645844344,-0.40617821010051,0.120027246300935
10.2827810186528,0.219724010312126,0.0413596287582168,0.000819279640373227,0.195570010093988,-0.0137428059863033,-0.0188709822950524,0,0,0,0,0,0,0,0,0,-0.320798521683121,-0.404969245295383,0.121681360120105
10.2927837239238,0.220137759341596,0.0413677838438651,0.000811313311503912,0.195431600817213,-0.0139315604283387,-0.0188696186785362,0,0,0,0,0,0,0,0,0,-0.324843221853413,-0.403743924535983,0.123297580250444
10.3027864291949,0.22055158954714,0.0413758597503768,0.000803447841379962,0.195291303561344,-0.0141202989110832,-0.0188677920885135,0,0,0,0,0,0,0,0,0,-0.328875584647352,-0.402502626583622,0.124875970684855
10.312789134466,0.220965500141774,0.0413838574790005,0.00079568171070882,0.195149118509099,-0.014309016827133,-0.0188655072330293,0,0,0,0,0,0,0,0,0,-0.332895452142502,-0.401245729475586,0.12641661203395
10.322791839737,0.221379490348451,0.0413917780158663,0.000788013415860988,0.195005045889048,-0.0144977096159557,-0.0188627687758739,0,0,0,0,0,0,0,0,0,-0.336902670193786,-0.399973610360538,0.127919601176663
10.3327945450081,0.221793559399914,0.0413996223321419,0.000780441468797277,0.194859085975147,-0.0146863727634491,-0.0188595813367884,0,0,0,0,0,0,0,0,0,-0.340897088423781,-0.398686645337662,0.129385050900574
10.3427972502791,0.222207706538547,0.0414073913841884,0.000772964396996056,0.194711239086274,-0.0148750018015014,-0.0188559494916706,0,0,0,0,0,0,0,0,0,-0.344878560211429,-0.397385209299258,0.130813089546019
10.3527999555502,0.222621931016226,0.0414150861137147,0.000765580743380506,0.194561505585773,-0.0150635923075538,-0.0188518777727802,0,0,0,0,0,0,0,0,0,-0.348846942679182,-0.39606967577701,0.132203860627839
10.3628026608213,0.223036232094174,0.0414227074479323,0.000758289066245868,0.194409885880998,-0.0152521399041649,-0.0188473706689445,0,0,0,0,0,0,0,0,0,-0.352802096678635,-0.394740416792144,0.13355752246185
10.3728053660923,0.223450609042816,0.0414302562997081,0.000751087939186693,0.194256380422866,-0.0154406402585773,-0.0188424326257641,0,0,0,0,0,0,0,0,0,-0.356743886774678,-0.393397802709171,0.134874247793261
10.3828080713634,0.22386506114164,0.0414377335677174,0.000743975951024095,0.194100989705412,-0.0156290890822866,-0.0188370680458181,0,0,0,0,0,0,0,0,0,-0.360672181228202,-0.39204220209348,0.136154223382027
10.3928107766345,0.224279587679048,0.0414451401365955,0.000736951705733005,0.193943714265348,-0.0158174821306113,-0.0188312812888698,0,0,0,0,0,0,0,0,0,-0.364586851977398,-0.39067398157337,0.13739764959795
10.4028134819055,0.224694187952225,0.0414524768770896,0.000730013822369412,0.193784554681627,-0.0160058152022664,-0.0188250766720725,0,0,0,0,0,0,0,0,0,-0.368487774617705,-0.389293505705749,0.13860474005236
10.4128161871766,0.225108861266997,0.0414597446462084,0.000723160934997621,0.193623511575011,-0.0161940841389378,-0.0188184584701746,0,0,0,0,0,0,0,0,0,-0.372374828380425,-0.387901136845537,0.139775721183154
10.4228188924477,0.225523606937691,0.0414669442873726,0.000716391692617504,0.193460585607643,-0.0163822848248592,-0.0188114309157254,0,0,0,0,0,0,0,0,0,-0.376247896110057,-0.386497235019659,0.140910831822756
10.4328215977187,0.225938424287007,0.0414740766305636,0.000709704759091748,0.193295777482623,-0.0165704131863911,-0.0188039981992807,0,0,0,0,0,0,0,0,0,-0.38010686424039,-0.385082157805091,0.142010322801238
10.4428243029898,0.226353312645879,0.0414811424924717,0.000703098813073105,0.193129087943591,-0.0167584651916015,-0.0187961644696082,0,0,0,0,0,0,0,0,0,-0.383951622769396,-0.3836562602108,0.143074456536081
10.4528270082608,0.226768271353342,0.041488142676644,0.000696572547931646,0.192960517774309,-0.0169464368498494,-0.0187879338338932,0,0,0,0,0,0,0,0,0,-0.387782065232964,-0.382219894563995,0.144103506609726
10.4628297135319,0.227183299756407,0.0414950779736308,0.000690124671682009,0.192790067798253,-0.0171343242113697,-0.018779310357944,0,0,0,0,0,0,0,0,0,-0.391598088677516,-0.380773410400513,0.145097757353663
10.472832418803,0.227598397209927,0.0415019491611324,0.000683753906910652,0.192617738878203,-0.0173221233668601,-0.0187702980663974,0,0,0,0,0,0,0,0,0,-0.395399593631551,-0.379317154359393,0.14605750343344
10.482835124074,0.22801356307647,0.0415087570041437,0.000677458990703101,0.192443531915843,-0.0175098304470705,-0.0187609009429244,0,0,0,0,0,0,0,0,0,-0.399186484076147,-0.377851470081569,0.146983049430192
10.4928378293451,0.228428796726193,0.0415155022550995,0.000671238674571202,0.19226744785136,-0.0176974416223944,-0.0187511229304358,0,0,0,0,0,0,0,0,0,-0.402958667414479,-0.376376698112808,0.14787470942439
10.5028405346162,0.228844097536718,0.041522185654018,0.000665091724380373,0.192089487663053,-0.017884953102462,-0.0187409679312876,0,0,0,0,0,0,0,0,0,-0.406716054440384,-0.374893175810736,0.148732806582379
10.5128432398872,0.229259464893007,0.0415288079286443,0.000659016920276853,0.191909652366939,-0.0180723611357358,-0.0187304398074866,0,0,0,0,0,0,0,0,0,-0.410458559306014,-0.373401237256045,0.149557672741916
10.5228459451583,0.22967489818724,0.0415353697945929,0.000653013056614953,0.191727943016368,-0.0182596620091075,-0.0187195423808957,0,0,0,0,0,0,0,0,0,-0.414186099488629,-0.371901213167809,0.150349648003851
10.5328486504293,0.230090396818697,0.041541871955489,0.000647078941884309,0.19154436070164,-0.0184468520474982,-0.0187082794334401,0,0,0,0,0,0,0,0,0,-0.417898595756551,-0.370393430822864,0.151109080321967
10.5428513557004,0.230505960193636,0.0415483151031103,0.000641213398637127,0.19135890654963,-0.0186339276134595,-0.018696654707312,0,0,0,0,0,0,0,0,0,-0.421595972134346,-0.368878213979325,0.15183632509853
10.5528540609715,0.230921587725173,0.0415546999175265,0.00063541526341544,0.191171581723407,-0.0188208851067772,-0.018684671905177,0,0,0,0,0,0,0,0,0,-0.425278155867253,-0.36735588280406,0.152531744783846
10.5628567662425,0.231337278833174,0.0415610270672395,0.000629683386678357,0.19098238742187,-0.0190077209640767,-0.0186723346903788,0,0,0,0,0,0,0,0,0,-0.428945077384907,-0.365826753804218,0.153195708483596
10.5728594715136,0.23175303294413,0.0415672972093218,0.000624016632729308,0.190791324879377,-0.0191944316584314,-0.0186596466871455,0,0,0,0,0,0,0,0,0,-0.4325966702644,-0.364291139762554,0.15382859155939
10.5828621767847,0.232168849491051,0.0415735109895548,0.000618413879643307,0.190598395365386,-0.0193810136989716,-0.0186466114807947,0,0,0,0,0,0,0,0,0,-0.436232871192716,-0.362749349676955,0.154430775236485
10.5928648820557,0.232584727913348,0.0415796690425663,0.00061287401919419,0.190403600184093,-0.0195674636304969,-0.0186332326179391,0,0,0,0,0,0,0,0,0,-0.439853619928577,-0.36120168870361,0.155002646237349
10.6028675873268,0.233000667656726,0.041585771991967,0.000607395956781873,0.190206940674079,-0.01975377803309,-0.0186195136066921,0,0,0,0,0,0,0,0,0,-0.443458859263741,-0.359648458103861,0.155544596397459
10.6128702925979,0.233416668173074,0.0415918204504866,0.000601978611359598,0.190008418207959,-0.0199399535217322,-0.0186054579168735,0,0,0,0,0,0,0,0,0,-0.447048534983787,-0.358089955195069,0.156057022281082
10.6228729978689,0.233832728920355,0.0415978150201086,0.000596620915361192,0.189808034192033,-0.0201259867459221,-0.0185910689802148,0,0,0,0,0,0,0,0,0,-0.450622595828429,-0.356526473305146,0.156540324829948
10.63287570314,0.234248849362501,0.0416037562922053,0.000591321814628305,0.189605790065946,-0.0203118743892952,-0.018576350190565,0,0,0,0,0,0,0,0,0,-0.454180993451393,-0.354958301730448,0.156994909009688
10.642878408411,0.234665028969307,0.0416096448476713,0.000586080268337674,0.189401687302344,-0.0204976131692457,-0.0185613049040956,0,0,0,0,0,0,0,0,0,-0.457723682379883,-0.353385725697384,0.15742118343674
10.6528811136821,0.235081267216325,0.0416154812570565,0.000580895248928364,0.189195727406544,-0.0206831998365515,-0.018545936439507,0,0,0,0,0,0,0,0,0,-0.461250619973696,-0.351809026327769,0.157819560044892
10.6628838189532,0.235497563584765,0.0416212660806984,0.000575765742029024,0.188987911916196,-0.0208686311749996,-0.0185302480782333,0,0,0,0,0,0,0,0,0,-0.464761766383995,-0.350228480607108,0.158190453749907
10.6728865242242,0.235913917561389,0.0416269998688537,0.000570690746385136,0.188778242400957,-0.0210539040010149,-0.0185142430646483,0,0,0,0,0,0,0,0,0,-0.468257084511786,-0.348644361356657,0.158534282102067
10.6828892294953,0.236330328638416,0.0416326831618294,0.000565669273786264,0.188566720462169,-0.0212390151632901,-0.0184979246062708,0,0,0,0,0,0,0,0,0,-0.471736539966133,-0.347056937208655,0.158851464977974
10.6928919347664,0.236746796313419,0.0416383164901122,0.00056070034899331,0.188353347732534,-0.0214239615424184,-0.0184812958739702,0,0,0,0,0,0,0,0,0,-0.475200101022138,-0.345466472584554,0.159142424259604
10.7028946400374,0.237163320089227,0.0416439003744987,0.000555783009665758,0.188138125875799,-0.0216087400505281,-0.0184643600021722,0,0,0,0,0,0,0,0,0,-0.478647738578727,-0.343873227676672,0.159407583511372
10.7128973453085,0.237579899473834,0.0416494353262237,0.000550916306288928,0.187921056586442,-0.0217933476309183,-0.018447120089064,0,0,0,0,0,0,0,0,0,-0.482079426116256,-0.342277458432881,0.15964736769325
10.7229000505795,0.237996533980297,0.0416549218470878,0.000546099302101228,0.187702141589361,-0.0219777812576984,-0.0184295791968004,0,0,0,0,0,0,0,0,0,-0.485495139653992,-0.340679416543999,0.159862202866729
10.7329027558506,0.238413223126649,0.0416603604295852,0.000541331073021403,0.18748138263957,-0.0221620379354281,-0.0184117403517088,0,0,0,0,0,0,0,0,0,-0.488894857707471,-0.339079349434363,0.160052515892343
10.7429054611217,0.238829966435799,0.04166575155703,0.000536610707575785,0.187258781521893,-0.0223461146987603,-0.0183936065444948,0,0,0,0,0,0,0,0,0,-0.492278561245784,-0.337477500255272,0.160218734163032
10.7529081663927,0.239246763435449,0.0416710957036815,0.000531937306825548,0.187034340050668,-0.0225300086120855,-0.0183751807304484,0,0,0,0,0,0,0,0,0,-0.495646233648808,-0.335874107880892,0.160361285332877
10.7629108716638,0.239663613657999,0.0416763933348699,0.000527309984293951,0.186808060069449,-0.0227137167691793,-0.0183564658296485,0,0,0,0,0,0,0,0,0,-0.498997860664411,-0.334269406907125,0.160480597051121
10.7729135769349,0.240080516640458,0.0416816449071201,0.000522727865893596,0.186579943450714,-0.0228972362928504,-0.0183374647271694,0,0,0,0,0,0,0,0,0,-0.502333430365658,-0.332663627652839,0.160577096711505
10.7829162822059,0.24049747192436,0.0416868508682754,0.000518190089853675,0.186349992095579,-0.0230805643345918,-0.0183181802732858,0,0,0,0,0,0,0,0,0,-0.505652933108039,-0.331056996163749,0.16065121119762
10.792918987477,0.240914479055674,0.0416920116576205,0.000513695806647222,0.186118207933509,-0.0232636980742339,-0.0182986152836785,0,0,0,0,0,0,0,0,0,-0.508956361486757,-0.329449734218741,0.16070336665142
10.802921692748,0.241331537584721,0.0416971277060032,0.000509244178918363,0.185884592922038,-0.0234466347195994,-0.01827877253964,0,0,0,0,0,0,0,0,0,-0.51224371029408,-0.327842059338385,0.160733988240749
10.8129243980191,0.241748647066093,0.0417021994359564,0.000504834381409568,0.185649149046491,-0.0236293715061602,-0.0182586547882799,0,0,0,0,0,0,0,0,0,-0.515514976476797,-0.326234184795911,0.160743499933251
10.8229271032902,0.242165807058562,0.0417072272618181,0.0005004656008889,0.185411878319711,-0.0238119056966968,-0.0182382647427305,0,0,0,0,0,0,0,0,0,-0.518770159093798,-0.324626319630243,0.160732324285408
10.8329298085612,0.242583017125008,0.0417122115898517,0.000496137036077266,0.185172782781781,-0.023994234580959,-0.0182176050823527,0,0,0,0,0,0,0,0,0,-0.52200925927378,-0.323018668661192,0.160700882230606
10.8429325138323,0.243000276832334,0.0417171528183652,0.000491847897575669,0.184931864499764,-0.0241763554753298,-0.0181966784529408,0,0,0,0,0,0,0,0,0,-0.525232280173136,-0.321411432506737,0.160649592889099
10.8529352191034,0.243417585751387,0.0417220513378296,0.000487597407792457,0.184689125567435,-0.0243582657224898,-0.0181754874669287,0,0,0,0,0,0,0,0,0,-0.52843922693401,-0.31980480760202,0.160578873370517
10.8629379243744,0.243834943456882,0.0417269075309965,0.000483384800870577,0.184444568105016,-0.0245399626910855,-0.0181540347035952,0,0,0,0,0,0,0,0,0,-0.53163010664256,-0.318198986220568,0.160489138576609
10.8729406296455,0.244252349527323,0.0417317217730152,0.000479209322614822,0.184198194258923,-0.0247214437753978,-0.0181323227092697,0,0,0,0,0,0,0,0,0,-0.534804928287441,-0.316594156497243,0.160380801050621
10.8829433349166,0.244669803544932,0.0417364944315494,0.000475070230419081,0.18395000620151,-0.0249027063950142,-0.0181103539975373,0,0,0,0,0,0,0,0,0,-0.537963702718525,-0.314990502452476,0.16025427080254
10.8929460401876,0.245087305095569,0.0417412258668919,0.000470966793193594,0.183700006130816,-0.0250837479945016,-0.018088131049445,0,0,0,0,0,0,0,0,0,-0.541106442605873,-0.313388204018709,0.160109955129873
10.9029487454587,0.245504853768661,0.0417459164320802,0.000466898291292201,0.183448196270319,-0.0252645660430824,-0.0180656563137067,0,0,0,0,0,0,0,0,0,-0.544233162398979,-0.311787437068221,0.159948258480615
10.9129514507297,0.245922449157133,0.0417505664730104,0.000462864016439592,0.183194578868687,-0.025445158034312,-0.0180429322069091,0,0,0,0,0,0,0,0,0,-0.5473438782863,-0.310188373442306,0.159769582302901
10.9229541560008,0.246340090857333,0.0417551763285502,0.000458863271658556,0.182939156199541,-0.0256255214857582,-0.0180199611137168,0,0,0,0,0,0,0,0,0,-0.550438608155086,-0.308591180982108,0.1595743249013
10.9329568612719,0.246757778468965,0.0417597463306521,0.000454895371197235,0.182681930561214,-0.0258056539386832,-0.0179967453870787,0,0,0,0,0,0,0,0,0,-0.553517371551526,-0.306996023560673,0.159362881314213
10.9429595665429,0.247175511595017,0.0417642768044649,0.000450959640456373,0.182422904276516,-0.0259855529577271,-0.0179732873484324,0,0,0,0,0,0,0,0,0,-0.556580189641218,-0.305403061116241,0.159135643180436
10.952962271814,0.247593289841699,0.0417687680684452,0.00044705541591657,0.1821620796925,-0.0261652161305943,-0.0179495892879108,0,0,0,0,0,0,0,0,0,-0.559627085169979,-0.303812449686963,0.158892998614317
10.9629649770851,0.248011112818371,0.0417732204344676,0.000443182045065526,0.181899459180236,-0.0263446410677406,-0.0179256534645469,0,0,0,0,0,0,0,0,0,-0.562658082425014,-0.302224341446692,0.158635332106459
10.9729676823561,0.248428980137481,0.0417776342079347,0.000439338886325296,0.181635045134584,-0.0265238254020638,-0.0179014821064797,0,0,0,0,0,0,0,0,0,-0.565673207196443,-0.300638884741687,0.15836302441525
10.9829703876272,0.248846891414501,0.0417820096878858,0.000435525308979542,0.181368839973968,-0.0267027667885954,-0.01787707741116,0,0,0,0,0,0,0,0,0,-0.568672486739199,-0.299056224128572,0.158076452462008
10.9929730928982,0.24926484626786,0.0417863471671055,0.000431740693100782,0.18110084614016,-0.0268814629041947,-0.0178524415455551,0,0,0,0,0,0,0,0,0,-0.571655949735314,-0.297476500413142,0.157775989240257
11.0029757981693,0.249682844318887,0.0417906469322309,0.000427984429477637,0.180831066098064,-0.027059911447245,-0.0178275766463552,0,0,0,0,0,0,0,0,0,-0.574623626256599,-0.295899850690131,0.15746200372863
11.0129785034404,0.250100885191749,0.0417949092638589,0.000424255919542091,0.180559502335496,-0.0272381101373517,-0.0178024848201787,0,0,0,0,0,0,0,0,0,-0.577575547727723,-0.294326408383765,0.15713486081236
11.0229812087114,0.250518968513386,0.0417991344366519,0.000420554575296732,0.180286157362979,-0.0274160567150424,-0.0177771681437773,0,0,0,0,0,0,0,0,0,-0.580511746889705,-0.2927563032891,0.156794921201641
11.0329839139825,0.25093709391346,0.0418033227194432,0.00041687981924201,0.180011033713534,-0.0275937489414695,-0.0177516286642424,0,0,0,0,0,0,0,0,0,-0.583432257763817,-0.291189661614206,0.156442541366781
11.0429866192536,0.251355261024292,0.0418074743753419,0.000413231084303479,0.179734133942474,-0.0277711845981144,-0.0177258683992098,0,0,0,0,0,0,0,0,0,-0.586337115615921,-0.289626606022803,0.156078073478542
11.0529893245246,0.251773469480805,0.0418115896618366,0.00040960781375906,0.179455460627204,-0.0279483614864937,-0.0176998893370658,0,0,0,0,0,0,0,0,0,-0.589226356921226,-0.288067255677643,0.155701865338296
11.0629920297957,0.252191718920472,0.0418156688308986,0.000406009461166281,0.179175016367018,-0.0281252774278677,-0.0176736934371525,0,0,0,0,0,0,0,0,0,-0.592100019329495,-0.286511726284536,0.155314260328796
11.0729947350667,0.252610008983259,0.0418197121290845,0.000402435490289533,0.178892803782909,-0.0283019302629514,-0.0176472826299733,0,0,0,0,0,0,0,0,0,-0.594958141630682,-0.284960130136719,0.154915597368943
11.0829974403378,0.253028339311571,0.0418237197976377,0.000398885375027319,0.178608825517369,-0.0284783178516264,-0.0176206588173987,0,0,0,0,0,0,0,0,0,-0.597800763721018,-0.283412576159792,0.154506210867258
11.0930001456089,0.2534467095502,0.0418276920725897,0.000395358599339505,0.178323084234206,-0.0286544380726558,-0.0175938238728717,0,0,0,0,0,0,0,0,0,-0.60062792656956,-0.281869169957011,0.154086430681525
11.1030028508799,0.253865119346273,0.0418316291848601,0.000391854657174571,0.178035582618351,-0.028830288823401,-0.0175667796416132,0,0,0,0,0,0,0,0,0,-0.603439672185176,-0.280330013855037,0.153656582085387
11.113005556151,0.254283568349202,0.0418355313603563,0.000388373052396862,0.177746323375675,-0.0290058680195402,-0.0175395279408279,0,0,0,0,0,0,0,0,0,-0.60623604358401,-0.278795206949893,0.153216985741744
11.1230082614221,0.254702056210635,0.0418393988200724,0.000384913298713838,0.177455309232808,-0.0291811735947895,-0.0175120705599095,0,0,0,0,0,0,0,0,0,-0.609017084757386,-0.277264845153246,0.152767957672495
11.1330109666931,0.255120582584404,0.041843231780187,0.000381474919603326,0.177162542936959,-0.0293562035006252,-0.0174844092606463,0,0,0,0,0,0,0,0,0,-0.611782840640199,-0.275739021238973,0.152309809236902
11.1430136719642,0.255539147126482,0.0418470304521609,0.000378057448240766,0.17686802725574,-0.0295309557060094,-0.0174565457774271,0,0,0,0,0,0,0,0,0,-0.614533357079756,-0.274217824889869,0.151842847116057
11.1530163772353,0.255957749494934,0.0418507950428334,0.000374660427426471,0.176571764976994,-0.0297054281971164,-0.0174284818174463,0,0,0,0,0,0,0,0,0,-0.61726868080509,-0.272701342744531,0.151367373301511
11.1630190825063,0.256376389349869,0.0418545257545187,0.000371283409512867,0.17627375890862,-0.029879618977062,-0.0174002190609096,0,0,0,0,0,0,0,0,0,-0.619988859396749,-0.271189658444289,0.150883685082514
11.1730217877774,0.256795066353399,0.0418582227851006,0.000367925956331753,0.175974011878411,-0.0300535260656343,-0.0173717591612397,0,0,0,0,0,0,0,0,0,-0.622693941257047,-0.269682852680346,0.150392075036306
11.1830244930484,0.257213780169593,0.041861886328127,0.000364587639121544,0.175672526733882,-0.0302271474990272,-0.0173431037452815,0,0,0,0,0,0,0,0,0,-0.625383975580791,-0.268181003240906,0.149892831031436
11.1930271983195,0.257632530464437,0.0418655165729041,0.000361268038454529,0.175369306342113,-0.0304004813295753,-0.0173142544135081,0,0,0,0,0,0,0,0,0,-0.62805901232648,-0.266684185058241,0.149386236227216
11.2030299035906,0.258051316905786,0.0418691137045888,0.000357966744164114,0.175064353589584,-0.0305735256254913,-0.0172852127402261,0,0,0,0,0,0,0,0,0,-0.630719102187973,-0.265192470255837,0.148872569072898
11.2130326088616,0.25847013916333,0.0418726779042813,0.00035468335527208,0.174757671382022,-0.0307462784706051,-0.017255980273781,0,0,0,0,0,0,0,0,0,-0.633364296566629,-0.263705928195476,0.148352103321246
11.2230353141327,0.258888996908548,0.0418762093491167,0.000351417479915829,0.174449262644242,-0.0309187379641054,-0.0172265585367629,0,0,0,0,0,0,0,0,0,-0.635994647543916,-0.262224625524108,0.147825108034649
11.2330380194038,0.259307889814672,0.0418797082123556,0.000348168735275637,0.174139130319998,-0.0310909022202828,-0.0171969490262123,0,0,0,0,0,0,0,0,0,-0.638610207854494,-0.260748626220809,0.147291847588734
11.2430407246748,0.259726817556651,0.0418831746634742,0.000344936747501904,0.17382727737183,-0.0312627693682754,-0.0171671532138252,0,0,0,0,0,0,0,0,0,-0.641211030859759,-0.259277991643587,0.146752581702036
11.2530434299459,0.260145779811106,0.0418866088682539,0.000341721151642402,0.173513706780921,-0.0314343375518167,-0.0171371725461589,0,0,0,0,0,0,0,0,0,-0.643797170521862,-0.257812780575743,0.146207565453486
11.2630461352169,0.260564776256302,0.0418900109888698,0.000338521591569531,0.173198421546947,-0.0316056049289844,-0.0171070084448374,0,0,0,0,0,0,0,0,0,-0.646368681378183,-0.256353049272325,0.145657049293777
11.273048840488,0.260983806572106,0.0418933811839785,0.000335337719907566,0.172881424687939,-0.0317765696719527,-0.0170766623067572,0,0,0,0,0,0,0,0,0,-0.64892561851628,-0.254898851506266,0.145101279067558
11.2830515457591,0.261402870439956,0.0418967196088054,0.00033216919795991,0.172562719240143,-0.0319472299667455,-0.0170461355042926,0,0,0,0,0,0,0,0,0,-0.651468037549283,-0.253450238614391,0.144540496038954
11.2930542510301,0.261821967542826,0.0419000264152312,0.000329015695636343,0.172242308257877,-0.0321175840129927,-0.0170154293855013,0,0,0,0,0,0,0,0,0,-0.653995994591761,-0.252007259543045,0.143974936928192
11.3030569563012,0.262241097565191,0.0419033017518773,0.000325876891380271,0.171920194813406,-0.0322876300236872,-0.01698454527433,0,0,0,0,0,0,0,0,0,-0.656509546236037,-0.250569960893366,0.143404833932116
11.3130596615723,0.262660260193,0.0419065457641914,0.000322752472095981,0.1715963819968,-0.0324573662249458,-0.0169534844708201,0,0,0,0,0,0,0,0,0,-0.659008749528957,-0.249138386966507,0.1428304147536
11.3230623668433,0.263079455113639,0.0419097585945311,0.000319642133075891,0.17127087291581,-0.03262679085577,-0.0169222482513128,0,0,0,0,0,0,0,0,0,-0.661493661949105,-0.247712579808318,0.142251902638445
11.3330650721144,0.263498682015902,0.0419129403822479,0.000316545577927796,0.170943670695738,-0.0327959021678108,-0.016890837868655,0,0,0,0,0,0,0,0,0,-0.663964341384472,-0.246292579253827,0.141669516406695
11.3430677773854,0.263917940589965,0.0419160912637698,0.000313462518502124,0.170614778479312,-0.0329646984251342,-0.0168592545524049,0,0,0,0,0,0,0,0,0,-0.666420846110557,-0.244878422971298,0.141083470488504
11.3530704826565,0.264337230527352,0.0419192113726836,0.000310392674819184,0.170284199426561,-0.0331331779039898,-0.0168274995090373,0,0,0,0,0,0,0,0,0,-0.668863234768921,-0.243470146505996,0.140493974962123
11.3630731879276,0.264756551520911,0.0419223008398158,0.000307335774996419,0.1699519367147,-0.0333013388925803,-0.0167955739221493,0,0,0,0,0,0,0,0,0,-0.671291566346162,-0.242067783323485,0.139901235596133
11.3730758931986,0.265175903264784,0.0419253597933139,0.000304291555175654,0.169617993538004,-0.0334691796908341,-0.0167634789526658,0,0,0,0,0,0,0,0,0,-0.67370590015333,-0.240671364852545,0.139305453883834
11.3830785984697,0.265595285454382,0.0419283883587256,0.000301259759450347,0.169282373107698,-0.0336366986101796,-0.0167312157390451,0,0,0,0,0,0,0,0,0,-0.676106295805771,-0.239280920527782,0.138706827084574
11.3930813037408,0.266014697786359,0.0419313866590785,0.000298240139792843,0.168945078651839,-0.0338038939733212,-0.0166987853974841,0,0,0,0,0,0,0,0,0,-0.678492813203386,-0.237896477831722,0.138105548269878
11.4030840090118,0.266434139958589,0.0419343548149584,0.00029523245598162,0.168606113415208,-0.0339707641140179,-0.0166661890221247,0,0,0,0,0,0,0,0,0,-0.68086551251132,-0.236518062336497,0.137501806364639
11.4130867142829,0.266853611670138,0.0419372929445867,0.000292236475528544,0.168265480659197,-0.0341373073768634,-0.0166334276852583,0,0,0,0,0,0,0,0,0,-0.683224454141056,-0.235145697745113,0.136895786191756
11.423089419554,0.267273112621243,0.041940201163898,0.000289251973606117,0.167923183661704,-0.0343035221170692,-0.0166005024375321,0,0,0,0,0,0,0,0,0,-0.685569698731926,-0.233779405932244,0.136287668519011
11.433092124825,0.267692642513292,0.0419430795866158,0.000286278732974728,0.167579225717027,-0.0344694067002485,-0.0165674143081543,0,0,0,0,0,0,0,0,0,-0.687901307133025,-0.232419206984562,0.135677630100126
11.4430948300961,0.268112201048798,0.0419459283243283,0.000283316543909904,0.16723361013576,-0.0346349595022028,-0.0165341643050998,0,0,0,0,0,0,0,0,0,-0.690219340385527,-0.231065119240709,0.135065843723864
11.4530975353671,0.268531787931379,0.0419487474865633,0.000280365204129563,0.166886340244695,-0.0348001789087111,-0.0165007534153156,0,0,0,0,0,0,0,0,0,-0.6925238597054,-0.229717159330647,0.134452478273671
11.4631002406382,0.268951402865742,0.041951537180862,0.00027742451872126,0.166537419386721,-0.03496506331532,-0.0164671826049264,0,0,0,0,0,0,0,0,0,-0.694814926466508,-0.228375342214437,0.133837698759303
11.4731029459093,0.269371045557655,0.0419542975128526,0.000274494300069443,0.166186850920728,-0.0351296111271368,-0.0164334528194403,0,0,0,0,0,0,0,0,0,-0.697092602184099,-0.227039681220954,0.133221666359264
11.4831056511803,0.269790715713938,0.0419570285863227,0.000271574367782699,0.165834638221511,-0.035293820758624,-0.0163995649839541,0,0,0,0,0,0,0,0,0,-0.699356948498686,-0.225710188085814,0.132604538494877
11.4931083564514,0.270210413042438,0.0419597305032915,0.000268664548621008,0.165480784679681,-0.0354576906333965,-0.0163655200033591,0,0,0,0,0,0,0,0,0,-0.701608027160296,-0.224386872988615,0.131986468868564
11.5031110617225,0.270630137252014,0.0419624033640807,0.000265764676422992,0.16512529370157,-0.0356212191840204,-0.0163313187625464,0,0,0,0,0,0,0,0,0,-0.703845900013087,-0.223069744590093,0.131367607504905
11.5131137669935,0.27104988805252,0.0419650472673851,0.000262874592033165,0.164768168709147,-0.0357844048518139,-0.0162969621266126,0,0,0,0,0,0,0,0,0,-0.706070628980348,-0.221758810068542,0.130748100813881
11.5231164722646,0.27146966515479,0.041967662310342,0.000259994143229189,0.164409413139925,-0.0359472460866502,-0.0162624509410654,0,0,0,0,0,0,0,0,0,-0.708282276049842,-0.220454075155708,0.130128091632771
11.5331191775356,0.271889468270623,0.0419702485886008,0.000257123184649116,0.164049030446886,-0.0361097413467629,-0.0162277860320288,0,0,0,0,0,0,0,0,0,-0.710480903259522,-0.219155544172365,0.129507719279127
11.5431218828067,0.272309297112766,0.0419728061963907,0.000254261577718645,0.163687024098389,-0.0362718890985531,-0.0161929682064492,0,0,0,0,0,0,0,0,0,-0.712666572683593,-0.217863220063155,0.128887119609033
11.5531245880778,0.272729151394903,0.0419753352265884,0.000251409190578373,0.163323397578093,-0.0364336878163982,-0.0161579982523005,0,0,0,0,0,0,0,0,0,-0.714839346418915,-0.216577104430994,0.128266425059551
11.5631272933488,0.273149030831639,0.041977835770785,0.000248565898011042,0.162958154384881,-0.0365951359824637,-0.0161228769387897,0,0,0,0,0,0,0,0,0,-0.71699928657176,-0.215297197571068,0.127645764700038
11.5731299986199,0.27356893513849,0.041980307919352,0.00024573158136879,0.162591298032778,-0.0367562320865161,-0.0160876050165627,0,0,0,0,0,0,0,0,0,-0.719146455244894,-0.214023498504207,0.127025264287069
11.583132703891,0.27398886403187,0.0419827517615066,0.000242906128500408,0.162222832050878,-0.0369169746257384,-0.0160521832179098,0,0,0,0,0,0,0,0,0,-0.721280914524999,-0.212756005009783,0.126405046315768
11.593135409162,0.274408817229081,0.0419851673853765,0.000240089433678582,0.161852759983272,-0.0370773621045476,-0.0160166122569707,0,0,0,0,0,0,0,0,0,-0.723402726470417,-0.211494713658063,0.125785230071394
11.6031381144331,0.274828794448299,0.0419875548780635,0.000237281397527148,0.161481085388976,-0.0372373930344142,-0.015980892829941,0,0,0,0,0,0,0,0,0,-0.725511953099218,-0.210239619842069,0.125165931678167
11.6131408197041,0.275248795408568,0.041989914325707,0.000234481926948344,0.161107811841859,-0.0373970659336835,-0.0159450256152769,0,0,0,0,0,0,0,0,0,-0.727608656377578,-0.208990717808954,0.124547264150592
11.6231435249752,0.275668819829789,0.0419922458135461,0.000231690935050058,0.160732942930578,-0.0375563793273994,-0.0159090112739011,0,0,0,0,0,0,0,0,0,-0.729692898208479,-0.207748000690838,0.123929337443944
11.6331462302463,0.27608886743271,0.0419945494259815,0.00022890834107308,0.160356482258511,-0.03771533174713,-0.0158728504494084,0,0,0,0,0,0,0,0,0,-0.731764740420704,-0.206511460535174,0.12331225850975
11.6431489355173,0.276508937938923,0.0419968252466367,0.000226134070318353,0.159978433443692,-0.0378739217307952,-0.0158365437682712,0,0,0,0,0,0,0,0,0,-0.733824244758139,-0.205281088334473,0.122696131342118
11.6531516407884,0.276929031070848,0.0419990733584176,0.000223368054074223,0.159598800118749,-0.0380321478224965,-0.015800091840045,0,0,0,0,0,0,0,0,0,-0.73587147286937,-0.204056874055744,0.122081057023501
11.6631543460595,0.277349146551733,0.0420012938435729,0.00022061022954369,0.159217585930841,-0.0381900085723492,-0.0157634952575739,0,0,0,0,0,0,0,0,0,-0.737906486297567,-0.202838806669302,0.121467133787185
11.6731570513305,0.277769284105647,0.042003486783752,0.00021786053977166,0.158834794541602,-0.0383475025363154,-0.0157267545971962,0,0,0,0,0,0,0,0,0,-0.739929346470664,-0.201626874176956,0.120854457056686
11.6831597566016,0.278189443457472,0.0420056522600638,0.000215118933572191,0.158450429627083,-0.0385046282760408,-0.01568987041895,0,0,0,0,0,0,0,0,0,-0.741940114691803,-0.200421063640037,0.120243119495172
11.6931624618727,0.278609624332898,0.0420077903531337,0.000212385365455752,0.158064494877692,-0.0386613843586923,-0.0156528432667787,0,0,0,0,0,0,0,0,0,-0.743938852130073,-0.199221361206589,0.119633211065537
11.7031651671437,0.279029826458419,0.0420099011431602,0.000209659795556462,0.157676993998144,-0.038817769356798,-0.0156156736687367,0,0,0,0,0,0,0,0,0,-0.745925619811502,-0.198027752138198,0.11902481906613
11.7131678724148,0.279450049561332,0.0420119847099709,0.000206942189559356,0.157287930707406,-0.0389737818480893,-0.0155783621371944,0,0,0,0,0,0,0,0,0,-0.747900478610332,-0.196840220836469,0.118418028182972
11.7231705776858,0.279870293369728,0.0420140411330776,0.000204232518627621,0.156897308738645,-0.0391294204153453,-0.0155409091690446,0,0,0,0,0,0,0,0,0,-0.749863489240539,-0.195658750868808,0.117812920543723
11.7331732829569,0.280290557612494,0.0420160704917308,0.000201530759329855,0.156505131839182,-0.0392846836462385,-0.0155033152459072,0,0,0,0,0,0,0,0,0,-0.751814712247622,-0.194483324993825,0.117209575758535
11.743175988228,0.280710842019307,0.0420180728649732,0.000198836893567316,0.156111403770438,-0.0394395701331838,-0.0154655808343355,0,0,0,0,0,0,0,0,0,-0.753754208000638,-0.19331392518629,0.116608070969478
11.753178693499,0.281131146320634,0.042020048331693,0.000196150908501174,0.155716128307894,-0.0395940784731881,-0.015427706386021,0,0,0,0,0,0,0,0,0,-0.755682036684483,-0.192150532661555,0.116008480897426
11.7631813987701,0.281551470247732,0.042021996970676,0.000193472796479756,0.155319309241039,-0.0397482072677029,-0.0153896923379996,0,0,0,0,0,0,0,0,0,-0.75759825829242,-0.190993127899569,0.115410877888107
11.7731841040412,0.281971813532645,0.0420239188606569,0.000190802554965804,0.154920950373333,-0.0399019551224791,-0.0153515391128569,0,0,0,0,0,0,0,0,0,-0.759502932618839,-0.189841690668377,0.11481533195954
11.7831868093122,0.282392175908204,0.0420258140803705,0.000188140186463722,0.154521055522159,-0.040055320647423,-0.0153132471189335,0,0,0,0,0,0,0,0,0,-0.761396119252253,-0.188696200047188,0.114221910843641
11.7931895145833,0.282812557108027,0.0420276827086014,0.000185485698446827,0.154119628518784,-0.0402083024564549,-0.015274816750531,0,0,0,0,0,0,0,0,0,-0.763277877568522,-0.187556634449043,0.113630680033661
11.8031922198543,0.283232956866524,0.0420295248242337,0.000182839103284601,0.153716673208323,-0.0403608991673701,-0.0152362483881171,0,0,0,0,0,0,0,0,0,-0.765148266724305,-0.186422971642934,0.11304170283024
11.8131949251254,0.283653374918891,0.0420313405062992,0.00018020041816994,0.153312193449696,-0.0405131094017011,-0.0151975423985316,0,0,0,0,0,0,0,0,0,-0.767007345650722,-0.185295188775543,0.112455040379688
11.8231976303965,0.284073811001117,0.0420331298340256,0.000177569665046404,0.152906193115592,-0.0406649317845826,-0.0151586991351915,0,0,0,0,0,0,0,0,0,-0.768855173047241,-0.184173262392607,0.111870751723633
11.8332003356675,0.284494264849985,0.0420348928868837,0.000174946870535471,0.152498676092439,-0.040816364944618,-0.0151197189382968,0,0,0,0,0,0,0,0,0,-0.770691807375769,-0.183057168459656,0.111288893839806
11.8432030409386,0.284914736203073,0.0420366297446333,0.000172332065863788,0.15208964628036,-0.0409674075137485,-0.0150806021350362,0,0,0,0,0,0,0,0,0,-0.772517306854955,-0.181946882382562,0.11070952167644
11.8532057462097,0.28533522479876,0.0420383404873696,0.000169725286790415,0.151679107593152,-0.0411180581271238,-0.0150413490397922,0,0,0,0,0,0,0,0,0,-0.774331729454692,-0.180842379027596,0.110132688206922
11.8632084514807,0.285755730376227,0.0420400251955677,0.000167126573534082,0.151267063958246,-0.041268315422975,-0.0150019599543469,0,0,0,0,0,0,0,0,0,-0.776135132890817,-0.179743632740875,0.109558444467503
11.8732111567518,0.286176252675463,0.0420416839501272,0.00016453597070044,0.150853519316678,-0.0414181780424899,-0.0149624351680878,0,0,0,0,0,0,0,0,0,-0.777927574620006,-0.178650617367667,0.108986839588112
11.8832138620229,0.286596791437267,0.0420433168324152,0.000161953527209308,0.150438477623064,-0.0415676446296897,-0.0149227749582129,0,0,0,0,0,0,0,0,0,-0.779709111834861,-0.177563306271226,0.108417920842558
11.8932165672939,0.287017346403257,0.0420449239243097,0.000159379296221924,0.150021942845569,-0.0417167138313082,-0.0148829795899364,0,0,0,0,0,0,0,0,0,-0.781479801459179,-0.176481672351088,0.107851733686803
11.903219272565,0.287437917315869,0.0420465053082412,0.000156813335068201,0.149603918965881,-0.0418653842966729,-0.0148430493166944,0,0,0,0,0,0,0,0,0,-0.783239700143406,-0.175405688061141,0.107288321793374
11.913221977836,0.28785850391837,0.0420480610672342,0.000154255705173971,0.149184409979186,-0.0420136546775885,-0.0148029843803503,0,0,0,0,0,0,0,0,0,-0.784988864260267,-0.174335325427236,0.106727727094909
11.9232246831071,0.288279105954859,0.0420495912849478,0.00015170647198824,0.148763419894144,-0.0421615236282218,-0.0147627850114002,0,0,0,0,0,0,0,0,0,-0.786727349900573,-0.17327055606438,0.106169989817999
11.9332273883782,0.288699723170274,0.0420510960457158,0.000149165704910437,0.148340952732865,-0.0423089898049893,-0.014722451429179,0,0,0,0,0,0,0,0,0,-0.788455212869197,-0.172211351193674,0.105615148520086
11.9432300936492,0.289120355310404,0.0420525754345853,0.000146633477217665,0.147917012530888,-0.0424560518664464,-0.0146819838420652,0,0,0,0,0,0,0,0,0,-0.790172508681216,-0.171157681658768,0.105063240132187
11.9532327989203,0.289541002121887,0.0420540295373556,0.000144109865991951,0.14749160333716,-0.042602708473179,-0.0146413824476871,0,0,0,0,0,0,0,0,0,-0.791879292558219,-0.170109517941943,0.104514299989954
11.9632355041914,0.289961663352228,0.042055458440616,0.000141594952047498,0.147064729214017,-0.0427489582876967,-0.0146006474331278,0,0,0,0,0,0,0,0,0,-0.793575619424768,-0.169066830179946,0.103968361867245
11.9732382094624,0.290382338749799,0.0420568622317821,0.000139088819857937,0.146636394237161,-0.0428947999743289,-0.0145597789751312,0,0,0,0,0,0,0,0,0,-0.795261543905025,-0.168029588179397,0.103425458015703
11.9832409147335,0.290803028063853,0.0420582409991327,0.000136591557483572,0.14620660249565,-0.0430402321991216,-0.0145187772403073,0,0,0,0,0,0,0,0,0,-0.796937120319521,-0.166997761431834,0.102885619196457
11.9932436200045,0.291223731044528,0.0420595948318451,0.00013410325649864,0.145775358091874,-0.0431852536297381,-0.0144776423853379,0,0,0,0,0,0,0,0,0,-0.798602402682085,-0.165971319128491,0.102348874713653
12.0032463252756,0.291644447442862,0.0420609238200298,0.000131624011918551,0.145342665141543,-0.0433298629353596,-0.0144363745571818,0,0,0,0,0,0,0,0,0,-0.800257444696905,-0.164950230174663,0.101815252456446
12.0132490305467,0.292065177010795,0.0420622280547646,0.000129153922127146,0.144908527773672,-0.0434740587865899,-0.0143949738932808,0,0,0,0,0,0,0,0,0,-0.801902299755747,-0.163934463203649,0.101284778920469
12.0232517358177,0.292485919501187,0.042063507628128,0.000126693088803948,0.144472950130567,-0.0436178398553606,-0.0143534405217651,0,0,0,0,0,0,0,0,0,-0.803537020935297,-0.16292398659069,0.100757479234161
12.0332544410888,0.292906674667822,0.0420647626332316,0.00012424161685141,0.144035936367811,-0.0437612048148392,-0.0143117745616586,0,0,0,0,0,0,0,0,0,-0.805161660994654,-0.16191876846638,0.100233377207988
12.0432571463599,0.29332744226542,0.0420659931642524,0.000121799614322164,0.143597490654255,-0.0439041523393395,-0.0142699761230848,0,0,0,0,0,0,0,0,0,-0.806776272372943,-0.160918776729621,0.0997124953620158
12.0532598516309,0.29374822204965,0.0420671993164635,0.000119367192346273,0.143157617172002,-0.0440466811042326,-0.0142280453074721,0,0,0,0,0,0,0,0,0,-0.808380907187067,-0.159923979060483,0.0991948549480133
12.063262556902,0.294169013777139,0.0420683811862646,0.000116944465058486,0.142716320116403,-0.044188789785862,-0.0141859822077593,0,0,0,0,0,0,0,0,0,-0.809975617229578,-0.158934342932719,0.0986804759813518
12.073265262173,0.294589817205486,0.042069538871212,0.000114531549525484,0.142273603696043,-0.044330477061459,-0.0141437869086017,0,0,0,0,0,0,0,0,0,-0.811560453966679,-0.157949835625984,0.0981693772734642
12.0832679674441,0.295010632093267,0.0420706724700472,0.000112128565673133,0.141829472132735,-0.0444717416090611,-0.0141014594865757,0,0,0,0,0,0,0,0,0,-0.813135468536337,-0.156970424237699,0.0976615764604154
12.0932706727152,0.295431458200057,0.0420717820827252,0.000109735636213732,0.14138392966151,-0.0446125821074324,-0.0140590000103852,0,0,0,0,0,0,0,0,0,-0.814700711746525,-0.155996075694702,0.0971570900298071
12.1032733779862,0.295852295286433,0.0420728678104423,0.000107352886573266,0.140936980530614,-0.0447529972359854,-0.0140164085410668,0,0,0,0,0,0,0,0,0,-0.81625623407357,-0.155026756764574,0.0966559333507438
12.1132760832573,0.296273143113992,0.0420739297556626,0.000104980444818659,0.140488629001498,-0.0448929856747059,-0.0139736851321953,0,0,0,0,0,0,0,0,0,-0.817802085660615,-0.154062434066688,0.0961581207004658
12.1232787885284,0.296694001445365,0.042074968022144,0.000102618441585017,0.140038879348814,-0.0450325461040791,-0.0139308298300893,0,0,0,0,0,0,0,0,0,-0.819338316316193,-0.153103074083002,0.095663665289027
12.1332814937994,0.297114870044222,0.0420759827149638,0.000100267010002887,0.139587735860411,-0.045171677205018,-0.0138878426740168,0,0,0,0,0,0,0,0,0,-0.820864975512907,-0.152148643168616,0.0951725792856593
12.1432841990705,0.297535748675295,0.042076973940543,9.7926285625506e-05,0.13913520283733,-0.0453103776587939,-0.0138447236964006,0,0,0,0,0,0,0,0,0,-0.822382112386209,-0.151199107562039,0.0946848738478945
12.1532869043416,0.297956637104387,0.0420779418066705,9.55964063560455e-05,0.138681284593803,-0.0454486461469694,-0.0138014729230241,0,0,0,0,0,0,0,0,0,-0.823889775733289,-0.15025443339516,0.0942005591468095
12.1632896096126,0.298377535098383,0.0420788864225258,9.32775123748703e-05,0.138225985457246,-0.0455864813513322,-0.0137580903732367,0,0,0,0,0,0,0,0,0,-0.825388014012054,-0.14931458670301,0.0937196443883909
12.1732923148837,0.298798442425272,0.042079807898702,9.09697460667847e-05,0.137769309768263,-0.0457238819538326,-0.0137145760601591,0,0,0,0,0,0,0,0,0,-0.82687687534021,-0.148379533433308,0.0932421378382155
12.1832950201547,0.299219358854151,0.0420807063472267,8.86732519482833e-05,0.137311261880639,-0.0458608466365215,-0.0136709299908894,0,0,0,0,0,0,0,0,0,-0.828356407494436,-0.147449239455731,0.092768046846977
12.1932977254258,0.299640284155249,0.0420815818815839,8.63881765948051e-05,0.136851846161343,-0.0459973740814917,-0.0136271521667082,0,0,0,0,0,0,0,0,0,-0.829826657909646,-0.146523670570943,0.0922973778760076
12.2033004306969,0.300061218099936,0.0420824346167335,8.41146685679791e-05,0.136391066990527,-0.0461334629708208,-0.0135832425832843,0,0,0,0,0,0,0,0,0,-0.831287673678347,-0.145602792519359,0.0918301365161449
12.2133031359679,0.300482160460739,0.0420832646691309,8.18528783428807e-05,0.135928928761524,-0.0462691119865155,-0.0135392012308802,0,0,0,0,0,0,0,0,0,-0.832739501550076,-0.144686570989798,0.0913663275090804
12.223305841239,0.300903111011359,0.0420840721567463,7.96029582352752e-05,0.135465435880854,-0.046404319810459,-0.0134950280945578,0,0,0,0,0,0,0,0,0,-0.83418218793093,-0.143774971627814,0.0909059547745533
12.2333085465101,0.301324069526682,0.0420848571990821,7.73650623288784e-05,0.13500059276822,-0.0465390851243601,-0.0134507231543836,0,0,0,0,0,0,0,0,0,-0.835615778883173,-0.142867960043809,0.0904490214278325
12.2433112517811,0.301745035782799,0.0420856199171906,7.51393464025964e-05,0.134534403856515,-0.046673406609704,-0.0134062863856347,0,0,0,0,0,0,0,0,0,-0.837040320124923,-0.141965501821017,0.0899955298032867
12.2533139570522,0.302166009557019,0.0420863604336903,7.29259678577834e-05,0.134066873591819,-0.0468072829477054,-0.0133617177590039,0,0,0,0,0,0,0,0,0,-0.838455857029921,-0.141067562523139,0.0895454814746379
12.2633166623232,0.302586990627887,0.0420870788727823,7.07250856454922e-05,0.133598006433409,-0.0469407128192638,-0.0133170172408058,0,0,0,0,0,0,0,0,0,-0.839862434627375,-0.140174107701924,0.0890988772702173
12.2733193675943,0.303007978775196,0.0420877753602648,6.85368601937217e-05,0.133127806853753,-0.047073694904921,-0.0132721847931817,0,0,0,0,0,0,0,0,0,-0.841260097601875,-0.139285102904505,0.0886557172987682
12.2833220728654,0.303428973780007,0.0420884500235478,6.636145333467e-05,0.132656279338525,-0.0472062278848197,-0.0132272203743055,0,0,0,0,0,0,0,0,0,-0.842648890293382,-0.138400513680456,0.0882160009688641
12.2933247781364,0.303849975424662,0.042089102991667,6.41990282319825e-05,0.132183428386599,-0.0473383104386653,-0.0131821239385894,0,0,0,0,0,0,0,0,0,-0.844028856697293,-0.137520305588739,0.0877797270027744
12.3033274834075,0.304270983492804,0.0420897343952963,6.20497493080082e-05,0.131709258510059,-0.0474699412456897,-0.0131368954368891,0,0,0,0,0,0,0,0,0,-0.845400040464564,-0.136644444204489,0.0873468934587046
12.3133301886786,0.304691997769389,0.0420903443667604,5.99137821710425e-05,0.131233774234204,-0.0476011189846156,-0.0130915348167094,0,0,0,0,0,0,0,0,0,-0.846762484901905,-0.135772895125518,0.0869174977466892
12.3233328939496,0.305113018040707,0.0420909330400462,5.77912935425849e-05,0.13075698009755,-0.0477318423336252,-0.0130460420224101,0,0,0,0,0,0,0,0,0,-0.848116232972043,-0.134905623978772,0.0864915366490819
12.3333355992207,0.305534044094395,0.0420915005508133,5.56824511845863e-05,0.130278880651839,-0.0478621099703291,-0.0130004169954112,0,0,0,0,0,0,0,0,0,-0.849461327294042,-0.134042596426434,0.0860690063378657
12.3433383044918,0.305955075719457,0.0420920470364045,5.35874238266983e-05,0.129799480462044,-0.0479919205717382,-0.0129546596743984,0,0,0,0,0,0,0,0,0,-0.850797810143686,-0.133183778172031,0.0856499023852993
12.3533410097628,0.306376112706277,0.0420925726358548,5.15063810935304e-05,0.129318784106373,-0.048121272814237,-0.0129087699955289,0,0,0,0,0,0,0,0,0,-0.852125723453925,-0.132329134966323,0.0852342197880181
12.3633437150339,0.306797154846641,0.0420930774899,4.9439493431892e-05,0.128836796176277,-0.04825016537356,-0.0128627478926368,0,0,0,0,0,0,0,0,0,-0.853445108815372,-0.131478632612933,0.0848219529796443
12.3733464203049,0.307218201933749,0.0420935617409849,4.73869320380498e-05,0.128353521276459,-0.0483785969247688,-0.0128165932974389,0,0,0,0,0,0,0,0,0,-0.854756007476864,-0.13063223697398,0.0844130958461572
12.383349125576,0.307639253762235,0.0420940255332699,4.53488687849736e-05,0.127868964024875,-0.0485065661422324,-0.0127703061397396,0,0,0,0,0,0,0,0,0,-0.856058460346072,-0.129789913975399,0.0840076417464659
12.3933518308471,0.308060310128185,0.0420944690126378,4.33254761495925e-05,0.127383129052746,-0.0486340716996088,-0.0127238863476372,0,0,0,0,0,0,0,0,0,-0.857352507990169,-0.128951629612166,0.0836055835193445
12.4033545361181,0.30848137082915,0.0420948923266993,4.13169271400418e-05,0.126896021004565,-0.0487611122698294,-0.0126773338477291,0,0,0,0,0,0,0,0,0,-0.85863819063654,-0.128117349953481,0.0832069134978531
12.4133572413892,0.308902435664169,0.0420952956247981,3.93233952229138e-05,0.126407644538101,-0.0488876865250843,-0.0126306485653172,0,0,0,0,0,0,0,0,0,-0.859915548173558,-0.127287041147698,0.0828116235326489
12.4233599466603,0.309323504433782,0.0420956790580148,3.73450542505089e-05,0.125918004324409,-0.0490137931368112,-0.0125838304246137,0,0,0,0,0,0,0,0,0,-0.861184620151392,-0.12646066942705,0.0824197050022416
12.4333626519313,0.309744576940049,0.0420960427791709,3.53820783880888e-05,0.125427105047838,-0.0491394307756848,-0.0125368793489467,0,0,0,0,0,0,0,0,0,-0.862445445782878,-0.125638201112368,0.0820311488246467
12.4433653572024,0.310165652986568,0.0420963869428312,3.34346420411209e-05,0.124934951406036,-0.0492645981116097,-0.0124897952609653,0,0,0,0,0,0,0,0,0,-0.863698063944419,-0.124819602617571,0.0816459454704267
12.4533680624734,0.310586732378492,0.0420967117053057,3.15029197825404e-05,0.124441548109961,-0.0493892938137137,-0.0124425780828457,0,0,0,0,0,0,0,0,0,-0.864942513176947,-0.124004840454132,0.0812640849737821
12.4633707677445,0.311007814922545,0.0420970172246515,2.95870862799866e-05,0.123946899883885,-0.0495135165503452,-0.0123952277364965,0,0,0,0,0,0,0,0,0,-0.866178831686915,-0.12319388123534,0.0808855569519752
12.4733734730156,0.311428900427042,0.0420973036606728,2.76873162230627e-05,0.123451011465407,-0.0496372649890707,-0.0123477441437641,0,0,0,0,0,0,0,0,0,-0.867407057347338,-0.122386691680379,0.0805103506155918
12.4833761782866,0.311849988701904,0.042097571174921,2.58037842505883e-05,0.122953887605456,-0.0497605377966755,-0.0123001272266385,0,0,0,0,0,0,0,0,0,-0.868627227698874,-0.121583238618385,0.08013845477381
12.4933788835577,0.312271079558677,0.0420978199306938,2.39366648778427e-05,0.122455533068301,-0.0498833336391661,-0.0122523769074587,0,0,0,0,0,0,0,0,0,-0.86983937995094,-0.120783488992417,0.079769857853821
12.5033815888288,0.312692172810551,0.0420980500930336,2.20861324238192e-05,0.121955952631559,-0.0500056511817751,-0.0122044931091184,0,0,0,0,0,0,0,0,0,-0.871043550982877,-0.119987409863132,0.0794045479102608
12.5133842940998,0.313113268272372,0.0420982618287253,2.02523609384795e-05,0.121455151086201,-0.050127489088967,-0.0121564757552711,0,0,0,0,0,0,0,0,0,-0.872239777345138,-0.119194968412561,0.0790425126326986
12.5233869993709,0.313534365760667,0.0420984553062929,1.8435524129999e-05,0.120953133236561,-0.0502488460244477,-0.0121083247705365,0,0,0,0,0,0,0,0,0,-0.873428095260526,-0.118406131947634,0.0786837393639477
12.5333897046419,0.313955465093655,0.0420986306959961,1.66357952920177e-05,0.120449903900344,-0.0503697206511746,-0.0120600400807051,0,0,0,0,0,0,0,0,0,-0.874608540625456,-0.117620867903595,0.0783282151036695
12.543392409913,0.314376566091266,0.0420987881698256,1.48533472308946e-05,0.119945467908633,-0.0504901116313695,-0.0120116216129443,0,0,0,0,0,0,0,0,0,-0.875781149011259,-0.116839143847453,0.0779759265208584
12.5533951151841,0.314797668575161,0.0420989279014979,1.30883521929567e-05,0.119439830105895,-0.0506100176265334,-0.0119630692960038,0,0,0,0,0,0,0,0,0,-0.876945955665515,-0.116060927481143,0.077626859965493
12.5633978204551,0.315218772368747,0.0420990500664493,1.13409817917498e-05,0.118932995349989,-0.0507294372974635,-0.0119143830604214,0,0,0,0,0,0,0,0,0,-0.878102995513419,-0.115286186644747,0.0772810014765782
12.5734005257262,0.315639877297193,0.0420991548418292,9.61140693528546e-06,0.118424968512175,-0.0508483693042719,-0.011865562838728,0,0,0,0,0,0,0,0,0,-0.879252303159179,-0.114514889319497,0.0769383367924128
12.5834032309973,0.31606098318745,0.0420992424064928,7.89979775330115e-06,0.117915754477116,-0.0509668123064066,-0.0118166085656536,0,0,0,0,0,0,0,0,0,-0.880393912887442,-0.113747003630787,0.0765988513569681
12.5934059362683,0.316482089868265,0.0420993129409928,6.20632352450051e-06,0.11740535814289,-0.0510847649626747,-0.0117675201783327,0,0,0,0,0,0,0,0,0,-0.88152785866475,-0.112982497851046,0.076262530335423
12.6034086415394,0.3169031971702,0.0420993666275705,4.53115260380817e-06,0.116893784420992,-0.0512022259312672,-0.0117182976165098,0,0,0,0,0,0,0,0,0,-0.882654174141027,-0.112221340402445,0.0759293586191558
12.6134113468105,0.317324304925651,0.0420994036501465,2.87445234962275e-06,0.116381038236343,-0.0513191938697866,-0.0116689408227451,0,0,0,0,0,0,0,0,0,-0.883772892651088,-0.111463499859669,0.0755993208303988
12.6234140520815,0.317745412968857,0.04209942419431,1.23638905106822e-06,0.115867124527292,-0.0514356674352754,-0.0116194497426199,0,0,0,0,0,0,0,0,0,-0.884884047216182,-0.110708944952527,0.0752724013327445
12.6334167573526,0.318166521135926,0.0420994284473078,-3.8287214476347e-07,0.115352048245627,-0.0515516452842479,-0.0115698243249422,0,0,0,0,0,0,0,0,0,-0.885987670545549,-0.109957644568516,0.0749485842456386
12.6434194626236,0.318587629264846,0.0420994165980329,-1.98316730555428e-06,0.114835814356575,-0.0516671260727235,-0.0115200645219523,0,0,0,0,0,0,0,0,0,-0.88708379503802,-0.109209567755142,0.0746278534487795
12.6534221678947,0.3190087371955,0.0420993888370114,-3.5643337865075e-06,0.11431842783881,-0.0517821084562616,-0.0114701702895281,0,0,0,0,0,0,0,0,0,-0.888172452783619,-0.108464683722395,0.0743101925799928
12.6634248731658,0.319429844769689,0.0420993453563896,-5.12621030310636e-06,0.113799893684454,-0.0518965910899995,-0.011420141587391,0,0,0,0,0,0,0,0,0,-0.889253675565208,-0.107722961845115,0.0739955850544491
12.6734275784368,0.319850951831143,0.0420992863499202,-6.6686370038527e-06,0.113280216899086,-0.0520105726286916,-0.0113699783793112,0,0,0,0,0,0,0,0,0,-0.890327494860144,-0.106984371665076,0.0736840140690664
12.6834302837079,0.320272058225535,0.042099212012947,-8.19145554302523e-06,0.112759402501741,-0.0521240517267512,-0.0113196806333135,0,0,0,0,0,0,0,0,0,-0.89139394184196,-0.106248882893271,0.0733754626061171
12.693432988979,0.320693163800502,0.0420991225423902,-9.69450915342188e-06,0.112237455524916,-0.0522370270382935,-0.0112692483218825,0,0,0,0,0,0,0,0,0,-0.892453047382067,-0.105516465411923,0.0730699134456476
12.70343569425,0.321114268405661,0.0420990181367297,-1.11776427191151e-05,0.111714381014571,-0.0523494972171821,-0.0112186814221683,0,0,0,0,0,0,0,0,0,-0.893504842051479,-0.104787089276513,0.0727673491640863
12.7134383995211,0.321535371892618,0.0420988989959885,-1.26407028481945e-05,0.111190184030132,-0.0524614609170758,-0.0111679799161922,0,0,0,0,0,0,0,0,0,-0.894549356122558,-0.104060724717833,0.0724677521439538
12.7234411047921,0.321956474114989,0.0420987653217149,-1.40835379455213e-05,0.110664869644495,-0.0525729167914792,-0.011117143791052,0,0,0,0,0,0,0,0,0,-0.895586619570771,-0.103337342143809,0.0721711045855194
12.7334438100632,0.322377574928414,0.0420986173169644,-1.55059982854782e-05,0.110138442944021,-0.0526838634937937,-0.0110661730391279,0,0,0,0,0,0,0,0,0,-0.896616662076477,-0.102616912141321,0.0718773885056835
12.7434465153343,0.322798674190571,0.0420984551862805,-1.69079360847119e-05,0.109610909028545,-0.0527942996773721,-0.0110150676582874,0,0,0,0,0,0,0,0,0,-0.897639513026723,-0.101899405478056,0.0715865857432529
12.7534492206053,0.323219771761192,0.0420982791356749,-1.82892055748912e-05,0.109082273011371,-0.0529042239955738,-0.0109638276520915,0,0,0,0,0,0,0,0,0,-0.898655201517064,-0.101184793104218,0.071298677972812
12.7634519258764,0.323640867502077,0.0420980893726068,-1.96496630754509e-05,0.108552540019271,-0.0530136351018236,-0.0109124530300001,0,0,0,0,0,0,0,0,0,-0.899663756353393,-0.1004730461541,0.0710136467005578
12.7734546311475,0.324061961277106,0.0420978861059622,-2.0989167066342e-05,0.108021715192487,-0.0531225316496708,-0.0108609438075773,0,0,0,0,0,0,0,0,0,-0.900665206053794,-0.0997641359478798,0.0707314732690196
12.7834573364185,0.324483052952259,0.0420976695460313,-2.23075782607785e-05,0.107489803684729,-0.0532309122928522,-0.0108093000066972,0,0,0,0,0,0,0,0,0,-0.901659578850411,-0.0990580339931034,0.0704521388739775
12.7934600416896,0.324904142395624,0.0420974399044862,-2.36047596779937e-05,0.106956810663172,-0.0533387756853555,-0.0107575216557491,0,0,0,0,0,0,0,0,0,-0.902646902691322,-0.098354711986135,0.0701756245591947
12.8034627469606,0.325325229477414,0.0420971973943573,-2.48805767159839e-05,0.106422741308452,-0.053446120481486,-0.0107056087898436,0,0,0,0,0,0,0,0,0,-0.903627205242446,-0.0976541418137466,0.0699019112200223
12.8134654522317,0.325746314069979,0.0420969422300093,-2.61348972242564e-05,0.105887600814664,-0.0535529453359346,-0.0106535614510176,0,0,0,0,0,0,0,0,0,-0.904600513889445,-0.0969562955544992,0.0696309796139395
12.8234681575028,0.32616739604782,0.0420966746271159,-2.73675915765858e-05,0.105351394389358,-0.0536592489038482,-0.0106013796884403,0,0,0,0,0,0,0,0,0,-0.905566855739657,-0.0962611454801194,0.0693628103619433
12.8334708627738,0.326588475287603,0.0420963948026348,-2.85785327437545e-05,0.104814127253534,-0.053765029840902,-0.0105490635586184,0,0,0,0,0,0,0,0,0,-0.90652625762403,-0.0955686640568529,0.0690973839513203
12.8434735680449,0.327009551668168,0.0420961029747808,-2.97675963663088e-05,0.104275804641636,-0.053870286803374,-0.0104966131256016,0,0,0,0,0,0,0,0,0,-0.907478746099077,-0.0948788239467863,0.0688346807420289
12.853476273316,0.327430625070546,0.0420957993629993,-3.09346608273063e-05,0.103736431801543,-0.0539750184482216,-0.0104440284611888,0,0,0,0,0,0,0,0,0,-0.90842434744884,-0.0941915980090725,0.0685746809691945
12.863478978587,0.327851695377969,0.0420954841879378,-3.20796073250624e-05,0.103196013994568,-0.0540792234331597,-0.0103913096451326,0,0,0,0,0,0,0,0,0,-0.909363087686868,-0.0935069593012022,0.0683173647461604
12.8734816838581,0.32827276247588,0.042095157671418,-3.32023199459031e-05,0.102654556495445,-0.0541829004167419,-0.010338456765346,0,0,0,0,0,0,0,0,0,-0.910294992558206,-0.0928248810801694,0.0680627120708696
12.8834843891292,0.328693826251949,0.0420948200364063,-3.43026857369129e-05,0.102112064592319,-0.0542860480584425,-0.0102854699181068,0,0,0,0,0,0,0,0,0,-0.9112200875414,-0.092145336803614,0.0678107028258668
12.8934870944002,0.329114886596081,0.0420944715069836,-3.53805947786836e-05,0.101568543586742,-0.0543886650187419,-0.0102323492082641,0,0,0,0,0,0,0,0,0,-0.912138397850505,-0.0914683001309878,0.0675613167818988
12.9034897996713,0.329535943400426,0.0420941123083151,-3.64359402580628e-05,0.10102399879366,-0.0544907499592127,-0.0101790947494432,0,0,0,0,0,0,0,0,0,-0.913049948437111,-0.0907937449246255,0.067314533603189
12.9134925049423,0.329956996559395,0.0420937426666184,-3.74686185409096e-05,0.100478435541398,-0.054592301542609,-0.0101257066642518,0,0,0,0,0,0,0,0,0,-0.913954763992379,-0.0901216452508043,0.0670703328488269
12.9234952102134,0.330378045969665,0.0420933628091315,-3.84785292448339e-05,0.0999318591716531,-0.0546933184329569,-0.0100721850844846,0,0,0,0,0,0,0,0,0,-0.914852868949085,-0.0894519753807877,0.0668286939741504
12.9334979154845,0.33079909153019,0.0420929729640802,-3.94655753119505e-05,0.099384275039478,-0.0547937992956477,-0.0100185301513298,0,0,0,0,0,0,0,0,0,-0.915744287483676,-0.0887847097918573,0.0665895963390693
12.9435006207555,0.331220133142213,0.0420925733606439,-4.04296630816317e-05,0.0988356885132681,-0.054893742797533,-0.00996474201557419,0,0,0,0,0,0,0,0,0,-0.916629043518335,-0.0881198231681901,0.0663530192045706
12.9535033260266,0.331641170709274,0.0420921642289217,-4.13707023632518e-05,0.0982861049747467,-0.0549931476070212,-0.0099108208378086,0,0,0,0,0,0,0,0,0,-0.917507160723055,-0.0874572904019603,0.066118941730881
12.9635060312977,0.33206220413722,0.0420917457998971,-4.22886065089367e-05,0.0977355298189476,-0.0550920123941772,-0.0098567667886337,0,0,0,0,0,0,0,0,0,-0.918378662517728,-0.0867970865942529,0.0658873429934783
12.9735087365687,0.33248323333421,0.0420913183054024,-4.31832924863156e-05,0.0971839684541994,-0.0551903358308231,-0.00980258004886543,0,0,0,0,0,0,0,0,0,-0.919243572074234,-0.0861391870558458,0.0656582019779363
12.9835114418398,0.332904258210728,0.0420908819780821,-4.40546809512695e-05,0.0966314263021065,-0.0552881165906416,-0.00974826080974056,0,0,0,0,0,0,0,0,0,-0.920101912318545,-0.0854835673082264,0.0654314975771632
12.9935141471108,0.333325278679589,0.0420904370513555,-4.4902696320677e-05,0.0960779087975307,-0.0553853533492815,-0.00969380927312223,0,0,0,0,0,0,0,0,0,-0.92095370593284,-0.0848302030844285,0.0652072085982699
13.0035168523819,0.333746294655946,0.0420899837593788,-4.57272668451718e-05,0.0955234213885703,-0.0554820447844645,-0.00963922565170551,0,0,0,0,0,0,0,0,0,-0.921798975357621,-0.084179070329912,0.064985313764907
13.013519557653,0.334167306057298,0.0420895223370066,-4.65283246818841e-05,0.0949679695365392,-0.055578189576095,-0.00958451016922293,0,0,0,0,0,0,0,0,0,-0.922637742793845,-0.0835301452033527,0.0647657917196134
13.023522262924,0.334588312803496,0.042089053019752,-4.73058059671928e-05,0.0944115587159446,-0.0556737864063714,-0.00952966306065007,0,0,0,0,0,0,0,0,0,-0.923470030205058,-0.0828834040774753,0.0645486210200429
13.0335249681951,0.335009314816751,0.0420885760437468,-4.8059650889473e-05,0.0938541944144632,-0.0557688339598994,-0.00947468457241104,0,0,0,0,0,0,0,0,0,-0.924295859319544,-0.0822388235399187,0.0643337801439553
13.0435276734662,0.335430312021638,0.0420880916457007,-4.87898037618488e-05,0.0932958821329167,-0.0558633309238081,-0.00941957496258407,0,0,0,0,0,0,0,0,0,-0.925115251632475,-0.0815963803939686,0.0641212474922704
13.0535303787372,0.335851304345102,0.0420876000628593,-4.94962130949403e-05,0.092736627385246,-0.0559572759878668,-0.00936433450110705,0,0,0,0,0,0,0,0,0,-0.925928228408076,-0.0809560516593625,0.0639110013874009
13.0635330840083,0.336272291716465,0.042087101532962,-5.01788316696157e-05,0.092176435698484,-0.0560506678446053,-0.00930896346998309,0,0,0,0,0,0,0,0,0,-0.92673481068179,-0.0803178145730553,0.0637030200751958
13.0735357892793,0.336693274067428,0.0420865962941987,-5.08376166097318e-05,0.0916153126127277,-0.0561435051894353,-0.00925346216348602,0,0,0,0,0,0,0,0,0,-0.927535019262457,-0.0796816465899849,0.0634972817254965
13.0835384945504,0.337114251332078,0.0420860845851664,-5.14725294548952e-05,0.0910532636811085,-0.0562357867207745,-0.00919783088836599,0,0,0,0,0,0,0,0,0,-0.928328874734496,-0.0790475253838277,0.063293764432966
13.0935411998215,0.337535223446888,0.0420855666448242,-5.20835362332038e-05,0.0904902944697617,-0.0563275111401718,-0.009142069964055,0,0,0,0,0,0,0,0,0,-0.929116397460099,-0.0784154288477469,0.0630924462195872
13.1035439050925,0.337956190350727,0.0420850427124486,-5.26706075339983e-05,0.0899264105577943,-0.0564186771524359,-0.00908617972287241,0,0,0,0,0,0,0,0,0,-0.929897607581432,-0.0777853350950978,0.0628933050335523
13.1135466103636,0.338377151984854,0.0420845130275867,-5.3233718580614e-05,0.0893616175372518,-0.0565092834657648,-0.00903016051023057,0,0,0,0,0,0,0,0,0,-0.930672525022834,-0.0771572224601995,0.0626963187481562
13.1235493156347,0.338798108292928,0.0420839778300102,-5.37728493031249e-05,0.088795921013084,-0.0565993287918777,-0.00897401268484025,0,0,0,0,0,0,0,0,0,-0.931441169493038,-0.076531069499061,0.0625014651678961
13.1335520209057,0.339219059221008,0.0420834373596679,-5.42879844110942e-05,0.0882293266031084,-0.0566888118461497,-0.00891773661891629,0,0,0,0,0,0,0,0,0,-0.93220356048739,-0.0759068549900313,0.0623087220234773
13.1435547261768,0.339640004717552,0.042082891856637,-5.47791134663282e-05,0.0876618399379738,-0.0567777313477469,-0.00886133269838314,0,0,0,0,0,0,0,0,0,-0.932959717290075,-0.0752845579346261,0.0621180669718177
13.1535574314479,0.340060944733421,0.0420823415610746,-5.52462309556219e-05,0.0870934666611212,-0.0568660860197654,-0.00880480132308032,0,0,0,0,0,0,0,0,0,-0.933709658976355,-0.0746641575581769,0.0619294776007615
13.1635601367189,0.340481879221877,0.0420817867131683,-5.56893363635065e-05,0.0865242124287436,-0.0569538745893714,-0.00874814290696802,0,0,0,0,0,0,0,0,0,-0.934453404414809,-0.0740456333105635,0.0617429314249163
13.17356284199,0.340902808138586,0.0420812275530852,-5.61084342450039e-05,0.085954082909745,-0.057041095787943,-0.0086913578783327,0,0,0,0,0,0,0,0,0,-0.935190972269584,-0.0734289648669471,0.0615584058895384
13.183565547261,0.341323731441616,0.0420806643209213,-5.65035342983717e-05,0.0853830837856973,-0.0571277483512149,-0.00863444667999254,0,0,0,0,0,0,0,0,0,-0.935922381002655,-0.0728141321284245,0.0613758783663728
13.1935682525321,0.341744649091434,0.0420800972566497,-5.68746514378535e-05,0.0848112207507963,-0.0572138310194248,-0.00857740976950305,0,0,0,0,0,0,0,0,0,-0.936647648876082,-0.0722011152228442,0.0611953261542048
13.2035709578032,0.34216556105091,0.0420795266000678,-5.72218058664266e-05,0.0842384995118154,-0.0572993425374617,-0.0085202476193626,0,0,0,0,0,0,0,0,0,-0.937366793954288,-0.0715898945054503,0.061016726481637
13.2135736630742,0.342586467285308,0.0420789525907441,-5.75450231485599e-05,0.0836649257880588,-0.0573842816550165,-0.00846296071721796,0,0,0,0,0,0,0,0,0,-0.938079834106331,-0.0709804505596425,0.0608400565023745
13.2235763683453,0.343007367762289,0.0420783754679644,-5.7844334282949e-05,0.0830905053113124,-0.0574686471267344,-0.00840554956606985,0,0,0,0,0,0,0,0,0,-0.938786787008198,-0.0703727641977142,0.0606652932999365
13.2335790736164,0.343428262451906,0.0420777954706768,-5.8119775775276e-05,0.0825152438257938,-0.0575524377123698,-0.00834801468447849,0,0,0,0,0,0,0,0,0,-0.939487670145091,-0.0697668164615187,0.0604924138823873
13.2435817788874,0.343849151326599,0.0420772128374367,-5.83713897109579e-05,0.0819391470881,-0.0576356521769425,-0.00829035660676917,0,0,0,0,0,0,0,0,0,-0.940182500813728,-0.0691625886233128,0.060321395180674
13.2535844841585,0.344270034361193,0.0420766278063499,-5.85992238278914e-05,0.0813622208671542,-0.057718289290897,-0.00823257588323773,0,0,0,0,0,0,0,0,0,-0.940871296124656,-0.0685600621864556,0.0601522140561391
13.2635871894295,0.344690911532891,0.0420760406150164,-5.88033315892006e-05,0.0807844709441508,-0.0578003478302628,-0.00817467308035617,0,0,0,0,0,0,0,0,0,-0.941554073004562,-0.0679592188861019,0.0599848472898736
13.2735898947006,0.345111782821271,0.0420754515004725,-5.89837722559979e-05,0.0802059031124984,-0.0578818265768175,-0.0081166487809782,0,0,0,0,0,0,0,0,0,-0.942230848198595,-0.0673600406901148,0.0598192715842361
13.2835925999717,0.345532648208279,0.0420748606991323,-5.9140610960123e-05,0.0796265231777618,-0.0579627243182515,-0.0080585035845447,0,0,0,0,0,0,0,0,0,-0.942901638272702,-0.0667625097997282,0.0596554635717766
13.2935953052427,0.345953507678222,0.0420742684467287,-5.92739187768908e-05,0.079046336957602,-0.0580430398483351,-0.00800023810728941,0,0,0,0,0,0,0,0,0,-0.943566459615961,-0.0661666086502806,0.0594933998003041
13.3035980105138,0.346374361217761,0.0420736749782538,-5.93837727978497e-05,0.0784653502817142,-0.0581227719670874,-0.00794185298244433,0,0,0,0,0,0,0,0,0,-0.944225328442931,-0.0655723199121763,0.0593330567344113
13.3136007157849,0.346795208815904,0.0420730805278982,-5.94702562035226e-05,0.0778835689917649,-0.0582019194809477,-0.00788334886044535,0,0,0,0,0,0,0,0,0,-0.944878260796004,-0.0649796264915894,0.0591744107644019
13.3236034210559,0.347216050463998,0.0420724853289894,-5.9533458336161e-05,0.0773009989413264,-0.0582804812029478,-0.00782472640913778,0,0,0,0,0,0,0,0,0,-0.945525272547769,-0.0643885115312461,0.0590174381962288
13.333606126327,0.347636886155717,0.0420718896139304,-5.95734747724922e-05,0.0767176459958107,-0.0583584559528881,-0.00776598631398195,0,0,0,0,0,0,0,0,0,-0.946166379403383,-0.0637989584113293,0.058862115246796
13.3436088315981,0.348057715887058,0.0420712936141367,-5.95904073964679e-05,0.0761335160323998,-0.0584358425575142,-0.00770712927825862,0,0,0,0,0,0,0,0,0,-0.946801596902948,-0.063210950750356,0.058708418050341
13.3536115368691,0.348478539656325,0.0420706975599727,-5.95843644720195e-05,0.0755486149399763,-0.0585126398506965,-0.00764815602327465,0,0,0,0,0,0,0,0,0,-0.947430940423902,-0.0626244724059535,0.0585563226567702
13.3636142421402,0.348899357464122,0.0420701016806877,-5.95554607157943e-05,0.0749629486190506,-0.0585888466736114,-0.00758906728856852,0,0,0,0,0,0,0,0,0,-0.948054425183413,-0.0620395074757701,0.0584058050244461
13.3736169474112,0.34932016931334,0.0420695062043509,-5.950381736992e-05,0.0743765229816875,-0.0586644618749248,-0.00752986383211583,0,0,0,0,0,0,0,0,0,-0.948672066240786,-0.0614560402983961,0.0582568410224067
13.3836196526823,0.349740975209144,0.042068911357786,-5.94295622747458e-05,0.0737893439514296,-0.0587394843109773,-0.00747054643053489,0,0,0,0,0,0,0,0,0,-0.949283878499876,-0.0608740554542295,0.0581094064270357
13.3936223579534,0.350161775158965,0.0420683173665044,-5.93328299415905e-05,0.0732014174632203,-0.058813912845972,-0.00741111587929227,0,0,0,0,0,0,0,0,0,-0.949889876711512,-0.060293537766464,0.0579634769204004
13.4036250632244,0.350582569172477,0.0420677244546385,-5.92137616254951e-05,0.0726127494633239,-0.0588877463521639,-0.00735157299290832,0,0,0,0,0,0,0,0,0,-0.950490075475931,-0.0597144723019879,0.0578190280896934
13.4136277684955,0.351003357261594,0.0420671328448738,-5.90725053979718e-05,0.0720233459092442,-0.0589609837100516,-0.00729191860516274,0,0,0,0,0,0,0,0,0,-0.95108448924522,-0.059136844372383,0.0576760354227981
13.4236304737666,0.351424139440448,0.0420665427583801,-5.89092162197517e-05,0.0714332127696408,-0.0590336238085709,-0.00723215356930011,0,0,0,0,0,0,0,0,0,-0.951673132325767,-0.0585606395349126,0.0575344743080077
13.4336331790376,0.351844915725375,0.0420659544147426,-5.87240560135384e-05,0.0708423560242442,-0.0591056655452906,-0.00717227875823544,0,0,0,0,0,0,0,0,0,-0.952256018880725,-0.0579858435935259,0.0573943200326408
13.4436358843087,0.352265686134899,0.0420653680318915,-5.85171937367507e-05,0.0702507816637679,-0.0591771078266102,-0.00711229506475976,0,0,0,0,0,0,0,0,0,-0.952833162932487,-0.0574124425998734,0.0572555477805432
13.4536385895797,0.352686450689717,0.0420647838260316,-5.82888054542704e-05,0.0696584956898197,-0.0592479495679598,-0.00705220340174554,0,0,0,0,0,0,0,0,0,-0.953404578365162,-0.0568404228543618,0.0571181326251526
13.4636412948508,0.353107209412678,0.0420642020115709,-5.80390744112061e-05,0.0690655041148096,-0.0593181896940019,-0.00699200470235241,0,0,0,0,0,0,0,0,0,-0.953970278927076,-0.0562697709073077,0.0569820495328297
13.4736440001219,0.353527962328768,0.042063622801048,-5.77681911056312e-05,0.0684718129618573,-0.0593878271388358,-0.00693169992023258,0,0,0,0,0,0,0,0,0,-0.954530278233274,-0.0557004735599258,0.0568472733614684
13.4836467053929,0.353948709465087,0.0420630464050594,-5.74763533613249e-05,0.0678774282646962,-0.0594568608462027,-0.00687129002973645,0,0,0,0,0,0,0,0,0,-0.955084589768033,-0.055132517865511,0.0567137788507886
13.493649410664,0.354369450850834,0.0420624730321861,-5.71637664005405e-05,0.0672823560675758,-0.0595252897696947,-0.00681077602611809,0,0,0,0,0,0,0,0,0,-0.955633226887394,-0.0545658911306204,0.0565815406256634
13.5036521159351,0.354790186517282,0.0420619028889189,-5.68306429167421e-05,0.0666866024251625,-0.0595931128729644,-0.00675015892574087,0,0,0,0,0,0,0,0,0,-0.956176202821698,-0.0540005809161887,0.0564505331939006
13.5136548212061,0.355210916497759,0.0420613361795833,-5.64772031473614e-05,0.0660901734024382,-0.0596603291299374,-0.00668943976628296,0,0,0,0,0,0,0,0,0,-0.956713530678136,-0.0534365750387545,0.0563207309395862
13.5236575264772,0.355631640827628,0.0420607731062641,-5.61036749465345e-05,0.0654930750745954,-0.059726937525026,-0.0066286196069429,0,0,0,0,0,0,0,0,0,-0.957245223443314,-0.0528738615717096,0.0561921081214184
13.5336602317482,0.356052359544259,0.0420602138687282,-5.57102938578656e-05,0.0648953135269323,-0.0597929370533461,-0.00656769952864508,0,0,0,0,0,0,0,0,0,-0.957771293985826,-0.052312428846558,0.056064638872153
13.5436629370193,0.356473072687009,0.0420596586643478,-5.52973031871717e-05,0.0642968948547439,-0.0598583267209353,-0.00650668063424539,0,0,0,0,0,0,0,0,0,-0.958291755058845,-0.0517522654541762,0.0559382971952742
13.5536656422904,0.356893780297199,0.0420591076880225,-5.48649540752233e-05,0.0636978251632125,-0.0599231055449731,-0.00644556404873669,0,0,0,0,0,0,0,0,0,-0.958806619302722,-0.0511933602461391,0.0558130569608354
13.5636683475614,0.357314482418083,0.0420585611320999,-5.44135055705072e-05,0.063098110567294,-0.0599872725540037,-0.00638435091945437,0,0,0,0,0,0,0,0,0,-0.9593158992476,-0.0506357023360636,0.0556888919001863
13.5736710528325,0.357735179094829,0.0420580191862969,-5.3943224701965e-05,0.0624977571916041,-0.0600508267881603,-0.00632304241628194,0,0,0,0,0,0,0,0,0,-0.959819607316043,-0.0500792811010398,0.0555657756056966
13.5836737581036,0.358155870374488,0.0420574820376191,-5.3454386551751e-05,0.0618967711703006,-0.0601137672993917,-0.00626163973185652,0,0,0,0,0,0,0,0,0,-0.960317755825681,-0.04952408618298,0.0554436815312507
13.5936764633746,0.358576556305969,0.0420569498702797,-5.29472743279729e-05,0.0612951586469646,-0.060176093151691,-0.00620014408177442,0,0,0,0,0,0,0,0,0,-0.960810356991858,-0.0489701074900403,0.0553225829822158
13.6036791686457,0.358997236940007,0.0420564228656184,-5.24221794374479e-05,0.0606929257744785,-0.0602378034213263,-0.00613855670479667,0,0,0,0,0,0,0,0,0,-0.961297422930311,-0.0484173351981699,0.0552024531127382
13.6136818739168,0.359417912329137,0.0420559012020187,-5.18794015584489e-05,0.0600900787149021,-0.0602988971970732,-0.0060768788630546,0,0,0,0,0,0,0,0,0,-0.961778965659853,-0.0478657597525874,0.0550832649285068
13.6236845791878,0.359838582527666,0.0420553850548247,-5.13192487134524e-05,0.0594866236393464,-0.0603593735804499,-0.00601511184225532,0,0,0,0,0,0,0,0,0,-0.962254997105072,-0.0473153718692744,0.0549649912779343
13.6336872844589,0.360259247591634,0.0420548745962575,-5.07420373418951e-05,0.0588825667278449,-0.0604192316859538,-0.00595325695188734,0,0,0,0,0,0,0,0,0,-0.962725529099051,-0.046766162536628,0.0548476048480717
13.6436899897299,0.360679907578792,0.0420543699953306,-5.01480923729089e-05,0.0582779141692227,-0.0604784706413008,-0.00589131552542607,0,0,0,0,0,0,0,0,0,-0.963190573386097,-0.0462181230170364,0.0547310781659881
13.653692695001,0.361100562548565,0.0420538714177645,-4.95377472980872e-05,0.057672672160963,-0.0605370895876656,-0.00582928892053939,0,0,0,0,0,0,0,0,0,-0.963650141624493,-0.0456712448485042,0.0546153835918168
13.6636954002721,0.361521212562016,0.0420533790259006,-4.89113442442256e-05,0.0570668469090711,-0.0605950876799253,-0.0057671785192932,0,0,0,0,0,0,0,0,0,-0.964104245389262,-0.0451255198463664,0.0545004933128684
13.6736981055431,0.361941857681816,0.042052892978615,-4.82692340460652e-05,0.0564604446279364,-0.0606524640869044,-0.00570498572835692,0,0,0,0,0,0,0,0,0,-0.964552896174947,-0.0445809401050319,0.0543863793439063
13.6837008108142,0.362362497972209,0.0420524134312302,-4.76117763190515e-05,0.0558534715401916,-0.0607092179916216,-0.00564271197920909,0,0,0,0,0,0,0,0,0,-0.964996105398417,-0.0440374979996918,0.0542730135238196
13.6937035160853,0.362783133498974,0.0420519405354278,-4.69393395320832e-05,0.0552459338765689,-0.0607653485915392,-0.00558035872834292,0,0,0,0,0,0,0,0,0,-0.965433884401679,-0.0434951861881295,0.0541603675070219
13.7037062213563,0.363203764329386,0.0420514744391587,-4.62523010802585e-05,0.0546378378757556,-0.0608208550988146,-0.00551792745747178,0,0,0,0,0,0,0,0,0,-0.965866244454716,-0.0429539976126014,0.0540484127631749
13.7137089266274,0.363624390532183,0.0420510152865542,-4.55510473576202e-05,0.0540291897842443,-0.0608757367405529,-0.00545541967373481,0,0,0,0,0,0,0,0,0,-0.966293196758344,-0.0424139255016519,0.05393712057164
13.7237116318984,0.364045012177526,0.0420505632178352,-4.4835973829913e-05,0.053419995856183,-0.0609299927590631,-0.00539283690990243,0,0,0,0,0,0,0,0,0,-0.96671475244708,-0.0418749633721056,0.0538264620181498
13.7337143371695,0.364465629336957,0.0420501183692211,-4.41074851073289e-05,0.0528102623532219,-0.0609836224121148,-0.00533018072458188,0,0,0,0,0,0,0,0,0,-0.96713092259204,-0.0413371050309487,0.0537164079925874
13.7437170424406,0.364886242083362,0.0420496808728383,-4.33659950172575e-05,0.0521999955443565,-0.0610366249731983,-0.0052674527024228,0,0,0,0,0,0,0,0,0,-0.967541718203847,-0.0408003445773656,0.0536069291787247
13.7537197477116,0.365306850490925,0.0420492508566271,-4.26119266770295e-05,0.0515892017057702,-0.0610889997317853,-0.00520465445432274,0,0,0,0,0,0,0,0,0,-0.96794715023557,-0.0402646764048256,0.0534979960558858
13.7637224529827,0.365727454635091,0.042048828444249,-4.18457125666793e-05,0.0509778871206722,-0.0611407459935934,-0.00514178761763276,0,0,0,0,0,0,0,0,0,-0.968347229585672,-0.0397300952030865,0.0533895788942298
13.7737251582538,0.366148054592519,0.0420484137549923,-4.10677946016797e-05,0.0503660580791343,-0.0611918630808512,-0.00507885385636292,0,0,0,0,0,0,0,0,0,-0.968741967100985,-0.0391965959603753,0.0532816477442113
13.7837278635248,0.366568650441039,0.0420480069036773,-4.0278624205697e-05,0.049753720877924,-0.0612423503325659,-0.00501585486138784,0,0,0,0,0,0,0,0,0,-0.969131373579713,-0.0386641739656026,0.0531741724396308
13.7937305687959,0.366989242259607,0.0420476080005612,-3.94786623833484e-05,0.0491408818203354,-0.0612922071047935,-0.00495279235065227,0,0,0,0,0,0,0,0,0,-0.96951545977444,-0.0381328248104827,0.0530671225915324
13.8037332740669,0.367409830128258,0.0420472171512416,-3.86683797929373e-05,0.0485275472160177,-0.0613414327709101,-0.00488966806937661,0,0,0,0,0,0,0,0,0,-0.969894236395177,-0.0376025443918697,0.0529604675773842
13.813735979338,0.367830414128061,0.0420468344565597,-3.78482568192064e-05,0.0479137233807999,-0.0613900267218861,-0.00482648379026249,0,0,0,0,0,0,0,0,0,-0.970267714112427,-0.0370733289140942,0.0528541765430209
13.8237386846091,0.368250994341068,0.0420464600125025,-3.70187836461e-05,0.0472994166365141,-0.0614379883665621,-0.00476324131369828,0,0,0,0,0,0,0,0,0,-0.970635903560267,-0.0365451748912606,0.0527482183984819
13.8337413898801,0.368671570850268,0.0420460939101046,-3.61804603294926e-05,0.0466846333108149,-0.0614853171319267,-0.00469994246796465,0,0,0,0,0,0,0,0,0,-0.970998815339461,-0.0360180791496668,0.0526425618083038
13.8437440951512,0.369092143739533,0.0420457362353491,-3.53337968699505e-05,0.0460693797369967,-0.0615320124633965,-0.00463658910944015,0,0,0,0,0,0,0,0,0,-0.971356460020595,-0.0354920388302962,0.0525371751870798
13.8537468004223,0.369512713093572,0.0420453870690675,-3.44793132854868e-05,0.0454536622538078,-0.0615780738250985,-0.00457318312280668,0,0,0,0,0,0,0,0,0,-0.971708848147238,-0.0349670513913257,0.0524320266980731
13.8637495056933,0.369933278997874,0.0420450464868394,-3.36175396842919e-05,0.0448374872052621,-0.0616235007001539,-0.00450972642125511,0,0,0,0,0,0,0,0,0,-0.972055990239126,-0.0344431146106456,0.0523270842493345
13.8737522109644,0.37035384153866,0.0420447145588911,-3.27490163375009e-05,0.0442208609404472,-0.0616682925909645,-0.00444622094669079,0,0,0,0,0,0,0,0,0,-0.972397896795373,-0.0339202265884454,0.0522223154839928
13.8837549162355,0.370774400802823,0.0420443913499936,-3.18742937519322e-05,0.0436037898133306,-0.0617124490195007,-0.00438266866993912,0,0,0,0,0,0,0,0,0,-0.97273457829771,-0.0333983857499279,0.0521176877738731
13.8937576215065,0.37119495687788,0.0420440769193598,-3.09939327428428e-05,0.0429862801825625,-0.0617559695275923,-0.00431907159095109,0,0,0,0,0,0,0,0,0,-0.973066045213745,-0.0328775908480227,0.0520131682201967
13.9037603267776,0.371615509851908,0.0420437713205412,-3.01085045066758e-05,0.0423683384112751,-0.0617988536772202,-0.00425543173900878,0,0,0,0,0,0,0,0,0,-0.973392308000261,-0.0323578409660862,0.051908723646064
13.9137630320486,0.372036059813494,0.0420434746013235,-2.92185906938058e-05,0.0417499708668802,-0.0618411010508113,-0.00419175117293097,0,0,0,0,0,0,0,0,0,-0.973713377106528,-0.0318391355207654,0.0518043205895687
13.9237657373197,0.372456606851672,0.0420431868036216,-2.83247834812924e-05,0.041131183920863,-0.061882711251535,-0.00412803198127869,0,0,0,0,0,0,0,0,0,-0.97402926297766,-0.0313214742648359,0.0516999253001686
13.9337684425908,0.372877151055866,0.0420429079633743,-2.74276856456299e-05,0.0405119839485729,-0.0619236839036014,-0.0040642762825607,0,0,0,0,0,0,0,0,0,-0.974339976057981,-0.0308048572901382,0.051595503731989
13.9437711478618,0.373297692515831,0.0420426381104376,-2.65279106354932e-05,0.0398923773290119,-0.0619640186525619,-0.00400048622543907,0,0,0,0,0,0,0,0,0,-0.974645526794441,-0.0302892850305496,0.0514910215388836
13.9537738531329,0.373718231321585,0.0420423772684775,-2.56260826444919e-05,0.0392723704446194,-0.0620037151656124,-0.00393666398893479,0,0,0,0,0,0,0,0,0,-0.974945925640045,-0.0297747582650194,0.0513864440691454
13.963776558404,0.374138767563357,0.0420421254548627,-2.47228366839184e-05,0.0386519696810544,-0.0620427731318972,-0.00387281178263322,0,0,0,0,0,0,0,0,0,-0.975241183057325,-0.0292612781206464,0.0512817363596764
13.973779263675,0.374559301331513,0.0420418826805554,-2.38188186554829e-05,0.0380311814269737,-0.0620811922628164,-0.00380893184688965,0,0,0,0,0,0,0,0,0,-0.975531309521836,-0.028748846075831,0.0511768631283621
13.9837819689461,0.3749798327165,0.0420416489500022,-2.29146854240909e-05,0.0374100120738089,-0.0621189722923344,-0.00374502645303494,0,0,0,0,0,0,0,0,0,-0.975816315525684,-0.0282374639635053,0.0510717887726849
13.9937846742171,0.375400361808773,0.0420414242610244,-2.20111048905727e-05,0.0367884680155383,-0.0621561129772908,-0.00368109790358096,0,0,0,0,0,0,0,0,0,-0.976096211581094,-0.0277271339743127,0.0509664773611241
14.0037873794882,0.375820888698735,0.0420412086047069,-2.1108756064431e-05,0.0361665556484566,-0.0621926140977133,-0.00361714853242617,0,0,0,0,0,0,0,0,0,-0.976371008223997,-0.0272178586600101,0.0508608926251109
14.0137900847593,0.376241413476663,0.0420410019652865,-2.02083291365987e-05,0.0355442813709417,-0.0622284754571329,-0.0035531807050612,0,0,0,0,0,0,0,0,0,-0.976640716017665,-0.0267096409368084,0.0507549979590284
14.0237927900303,0.376661936232643,0.0420408043200405,-1.93105255521908e-05,0.0349216515832179,-0.0622636968829007,-0.00348919681877434,0,0,0,0,0,0,0,0,0,-0.976905345556371,-0.026202484088775,0.0506487564074517
14.0337954953014,0.377082457056497,0.0420406156391729,-1.84160580832405e-05,0.0342986726871159,-0.0622982782265068,-0.00342519930285717,0,0,0,0,0,0,0,0,0,-0.977164907469085,-0.0256963917714292,0.0505421306620957
14.0437982005725,0.377502976037715,0.0420404358857013,-1.75256509014647e-05,0.0336753510858299,-0.0623322193639022,-0.00336119061880999,0,0,0,0,0,0,0,0,0,-0.977419412423209,-0.025191368015206,0.0504350830595957
14.0538009058435,0.377923493265379,0.0420402650153422,-1.66400396509972e-05,0.033051693183671,-0.062365520195821,-0.00329717326054746,0,0,0,0,0,0,0,0,0,-0.977668871128347,-0.0246874172290958,0.0503275755687479
14.0638036111146,0.378344008828093,0.0420401029763959,-1.57599715211495e-05,0.0324277053858182,-0.0623981806481065,-0.0032331497546041,0,0,0,0,0,0,0,0,0,-0.977913294340102,-0.0241845442043633,0.0502195697877341
14.0738063163857,0.378764522813905,0.0420399497096309,-1.48862053191532e-05,0.0318033940980653,-0.062430200672038,-0.00316912266033993,0,0,0,0,0,0,0,0,0,-0.978152692863929,-0.0236827541182432,0.050111026937187
14.0838090216567,0.379185035310231,0.0420398051481672,-1.40195115429177e-05,0.0311787657265649,-0.0624615802446606,-0.00310509457014586,0,0,0,0,0,0,0,0,0,-0.978387077559006,-0.0231820525377973,0.0500019078521454
14.0938117269278,0.379605546403782,0.0420396692173589,-1.31606724537805e-05,0.0305538266775686,-0.062492319369116,-0.0030410681096493,0,0,0,0,0,0,0,0,0,-0.978616459342157,-0.0226824454237715,0.0498921729812221
14.1038144321988,0.380026056180482,0.042039541834676,-1.23104821492233e-05,0.0299285833571652,-0.0625224180749767,-0.00297704593791981,0,0,0,0,0,0,0,0,0,-0.978840849191808,-0.0221839391344692,0.049781782374121
14.1138171374699,0.380446564725388,0.0420394229095863,-1.14697466356789e-05,0.0293030421710136,-0.062551876418581,-0.0029130307476745,0,0,0,0,0,0,0,0,0,-0.979060258151983,-0.0216865404298584,0.049670695674146
14.123819842741,0.380867072122614,0.0420393123434353,-1.06392839012348e-05,0.0286772095240743,-0.0625806944833709,-0.00284902526548365,0,0,0,0,0,0,0,0,0,-0.979274697336346,-0.0211902564755949,0.0495588721193118
14.133822548012,0.381287578455243,0.042039210029326,-9.81992398840044e-06,0.0280510918203359,-0.0626088723802316,-0.00278503225197627,0,0,0,0,0,0,0,0,0,-0.979484177932271,-0.0206950948471069,0.0494462705309699
14.1438252532831,0.381708083805248,0.0420391158519983,-9.01250906684779e-06,0.0274246954625394,-0.0626364102478333,-0.00272105450204557,0,0,0,0,0,0,0,0,0,-0.97968871120497,-0.0202010635338459,0.0493328493043764
14.1538279585542,0.382128588253408,0.0420390296877073,-8.21789350617858e-06,0.026798026851898,-0.0626633082529748,-0.0026570948450546,0,0,0,0,0,0,0,0,0,-0.979888308501653,-0.01970817094356,0.0492185664039767
14.1638306638252,0.38254909187922,0.0420389514041006,-7.43694394865187e-06,0.0261710923878148,-0.0626895665909296,-0.00259315614504174,0,0,0,0,0,0,0,0,0,-0.98008298125573,-0.0192164259066394,0.0491033793603536
14.1738333690963,0.382969594760814,0.0420388808600954,-6.67053938194044e-06,0.0255438984675954,-0.0627151854857935,-0.00252924130092629,0,0,0,0,0,0,0,0,0,-0.980272740991067,-0.0187258376804504,0.048987245261073
14.1838360743673,0.383390096974865,0.0420388179057546,-5.91957121189187e-06,0.0249164514861583,-0.0627401651908346,-0.00246535324671394,0,0,0,0,0,0,0,0,0,-0.980457599326273,-0.0182364159538638,0.0488701207395883
14.1938387796384,0.383810598596501,0.0420387623821621,-5.18494333526503e-06,0.0242887578357416,-0.0627645059888456,-0.00240149495170239,0,0,0,0,0,0,0,0,0,-0.980637567979041,-0.0177481708518117,0.0487519619716332
14.2038414849095,0.384231099699219,0.0420387141212979,-4.46757221247464e-06,0.023660823905605,-0.0627882081924971,-0.00233766942068685,0,0,0,0,0,0,0,0,0,-0.980812658770535,-0.0172611129398872,0.0486327246721703
14.2138441901805,0.384651600354787,0.0420386729459114,-3.768386940364e-06,0.02303265608173,-0.0628112721446948,-0.00227387969416567,0,0,0,0,0,0,0,0,0,-0.980982883629818,-0.0167752532289627,0.0485123640829086
14.2238468954516,0.385072100633152,0.0420386386693953,-3.08832932492393e-06,0.0224042607465156,-0.0628336982189364,-0.00221012884854575,0,0,0,0,0,0,0,0,0,-0.981148254598329,-0.0162906031800395,0.048390834964051
14.2338496007227,0.38549260060235,0.0420386110956579,-2.42835395406491e-06,0.0217756442784701,-0.0628554868196728,-0.0021464199963482,0,0,0,0,0,0,0,0,0,-0.981308783834413,-0.0158071747090306,0.0482680915920656
14.2438523059937,0.385913100328405,0.0420385900189944,-1.78942827035655e-06,0.0211468130519,-0.06287663838267,-0.00208275628641386,0,0,0,0,0,0,0,0,0,-0.981464483617894,-0.0153249801916552,0.0481440877494522
14.2538550112648,0.386333599875238,0.0420385752239587,-1.17253264378218e-06,0.0205177734365944,-0.0628971533753733,-0.00201914090410879,0,0,0,0,0,0,0,0,0,-0.981615366354697,-0.0148440324684266,0.048018776719435
14.2638577165358,0.386754099304561,0.0420385664852334,-5.7866044447883e-07,0.0198885317975075,-0.0629170322972739,-0.00195557707152993,0,0,0,0,0,0,0,0,0,-0.981761444581526,-0.0143643448496523,0.0478921112766714
14.2738604218069,0.387174598675787,0.0420385635674992,-8.81811549604747e-09,0.019259094494435,-0.0629362756802772,-0.00189206804771051,0,0,0,0,0,0,0,0,0,-0.981902730970583,-0.0138859311206076,0.0477640436792429
14.283863127078,0.387595098045921,0.0420385662253041,5.35974754459949e-07,0.0186294678816883,-0.0629548840890734,-0.00182861712882573,0,0,0,0,0,0,0,0,0,-0.982039238334353,-0.013408805546697,0.0476345256636288
14.293865832349,0.388015597469465,0.0420385742029313,1.05468535827199e-06,0.0179996583077648,-0.0629728581215098,-0.00176522764839816,0,0,0,0,0,0,0,0,0,-0.982170979630425,-0.0129329828787273,0.0475035084375052
14.3038685376201,0.388436096998308,0.0420385872342668,1.54626759767541e-06,0.017369672115015,-0.0629901984089659,-0.00170190297750345,0,0,0,0,0,0,0,0,0,-0.982297967966376,-0.0124584783582134,0.0473709426695489
14.3138712428912,0.388856596681627,0.042038605042666,2.00966201048276e-06,0.0167395156393039,-0.0630069056167295,-0.00163864652497576,0,0,0,0,0,0,0,0,0,-0.982420216604711,-0.0119853077228555,0.0472367784827798
14.3238739481622,0.389277096565776,0.0420386273408197,2.44379569786565e-06,0.0161091952096711,-0.0630229804443758,-0.00157546173761334,0,0,0,0,0,0,0,0,0,-0.982537738967846,-0.0115134872119779,0.0471009654515095
14.3338766534333,0.389697596694184,0.0420386538306193,2.84758225159139e-06,0.0154787171479855,-0.0630384236261478,-0.00151235210038408,0,0,0,0,0,0,0,0,0,-0.982650548643158,-0.0110430335720675,0.0469634525855291
14.3438793587044,0.390118097107243,0.0420386842030211,3.21992168125893e-06,0.0148480877685964,-0.0630532359313398,-0.00144932113663106,0,0,0,0,0,0,0,0,0,-0.982758659388085,-0.0105739640625287,0.046824188325116
14.3538820639754,0.390538597842196,0.0420387181379107,3.55970034158072e-06,0.0142173133779812,-0.0630674181646813,-0.00138637240827811,0,0,0,0,0,0,0,0,0,-0.982862085135287,-0.0101062964613218,0.046683120541866
14.3638847692465,0.390959098933031,0.0420387553039652,3.86579085961307e-06,0.0135864002743891,-0.0630809711667251,-0.0013235095160353,0,0,0,0,0,0,0,0,0,-0.982960839997855,-0.00964004907070113,0.0465401965226034
14.3738874745175,0.391379600410364,0.0420387953585163,4.13705206200096e-06,0.0129553547474807,-0.0630938958142351,-0.00126073609960456,0,0,0,0,0,0,0,0,0,-0.983054938274592,-0.00917524072317585,0.0463953629585633
14.3838901797886,0.391800102301326,0.0420388379474114,4.3723289022417e-06,0.0123241830779637,-0.0631061930205783,-0.00119805583788517,0,0,0,0,0,0,0,0,0,-0.983144394455345,-0.00871189078746413,0.0462485659442808
14.3938928850597,0.392220604629448,0.0420388827048746,4.57045238794868e-06,0.0116928915372251,-0.0631178637361174,-0.00113547244917937,0,0,0,0,0,0,0,0,0,-0.983229223226394,-0.00825001917447593,0.0460997509701014
14.4038955903307,0.392641107414542,0.0420389292533669,4.73023950805541e-06,0.0110614863869591,-0.0631289089486061,-0.00107298969139782,0,0,0,0,0,0,0,0,0,-0.98330943947591,-0.00778964634341749,0.0459488629124723
14.4138982956018,0.393061610672587,0.0420389772034456,4.85049316012584e-06,0.0104299738787908,-0.0631393296835865,-0.00101061136226521,0,0,0,0,0,0,0,0,0,-0.983385058299472,-0.00733079330796806,0.0457958460239552
14.4239010008729,0.393482114415604,0.0420390261536229,4.93000207755709e-06,0.00979836025389672,-0.0631491270047879,-0.000948341299525771,0,0,0,0,0,0,0,0,0,-0.983456095005636,-0.00687348164258428,0.045640643926014
14.4339037061439,0.393902618651538,0.0420390756902241,4.96754075685903e-06,0.0091666517426201,-0.0631583020145287,-0.000886183381148892,0,0,0,0,0,0,0,0,0,-0.983522565121585,-0.00641773348882117,0.0454831996073501
14.443906411415,0.394323123384135,0.0420391253872443,4.96186938488716e-06,0.00853485456408404,-0.0631668558541194,-0.000824141525534578,0,0,0,0,0,0,0,0,0,-0.98358448439883,-0.00596357156166978,0.0453234554072587
14.453909116686,0.394743628612816,0.0420391748062055,4.91173376610562e-06,0.00790297492579817,-0.0631747897042682,-0.000762219691719038,0,0,0,0,0,0,0,0,0,-0.983641868818974,-0.00551101915621122,0.0451613530100799
14.4639118219571,0.395164134332555,0.0420392234960121,4.81586524983405e-06,0.00727101902326321,-0.0631821047854884,-0.00070042187958021,0,0,0,0,0,0,0,0,0,-0.983694734599555,-0.00506010015406526,0.0449968334460314
14.4739145272282,0.39558464053375,0.0420392709928059,4.67298065749341e-06,0.00663899303957083,-0.0631888023585081,-0.00063875213004335,0,0,0,0,0,0,0,0,0,-0.98374309819994,-0.0046108390300277,0.0448298370698485
14.4839172324992,0.396005147202092,0.0420393168198205,4.48178220986326e-06,0.00600690314499902,-0.0631948837246817,-0.000577214525286581,0,0,0,0,0,0,0,0,0,-0.983786976327295,-0.00416326085894633,0.0446603035602283
14.4939199377703,0.396425654318442,0.0420393604872349,4.24095745433519e-06,0.00537475549660396,-0.0632003502264037,-0.000515813188946338,0,0,0,0,0,0,0,0,0,-0.983826385942617,-0.00371739132236936,0.0444881719159472
14.5039226430414,0.396846161858691,0.0420394014920262,3.94917919214056e-06,0.00474255623780695,-0.063205203247524,-0.000454552286323049,0,0,0,0,0,0,0,0,0,-0.983861344266844,-0.00327325671549913,0.0443133804369966
14.5139253483124,0.397266669793637,0.042039439317822,3.60510540564261e-06,0.00411031149797828,-0.0632094442137665,-0.000393436024586611,0,0,0,0,0,0,0,0,0,-0.983891868787021,-0.00283088395421784,0.0441358667245829
14.5239280535835,0.397687178088841,0.0420394734347517,3.20737918555088e-06,0.0034780273920158,-0.0632130745931479,-0.000332468652981938,0,0,0,0,0,0,0,0,0,-0.983917977262545,-0.00239030058204129,0.0439555676741929
14.5339307588545,0.398107686704497,0.0420395032992971,2.75462865818974e-06,0.00284571001992012,-0.0632160958964007,-0.00027165446303452,0,0,0,0,0,0,0,0,0,-0.983939687731484,-0.00195153477728341,0.0437724194622845
14.5439334641256,0.398528195595295,0.0420395283541423,2.2454669127191e-06,0.00221336546636478,-0.0632185096773961,-0.000210997788755971,0,0,0,0,0,0,0,0,0,-0.983957018516952,-0.00151461536027615,0.043586357542093
14.5539361693967,0.398948704710279,0.0420395480280233,1.67849192846342e-06,0.00158099980026311,-0.0632203175335707,-0.000150503006849569,0,0,0,0,0,0,0,0,0,-0.983969988233579,-0.00107957180061788,0.0433973166353613
14.5639388746677,0.399369213992709,0.0420395617355759,1.0522865020496e-06,0.000948619074329971,-0.0632215211063544,-9.01745369158054e-05,0,0,0,0,0,0,0,0,0,-0.983978615794033,-0.00064643422455904,0.0432072962417731
14.5739415799388,0.39978972337992,0.0420395688771841,3.65418174761312e-07,0.00031622932463965,-0.0632221220816003,-3.00168416579455e-05,0,0,0,0,0,0,0,0,0,-0.98398292041563,-0.000215192100885952,0.0430658157721372
14.5839442852099,0.400210232803204,0.042039568865007,-3.67854232313506e-07,-0.000316163429726737,-0.0632221221160403,3.00099505509665e-05,0,0,0,0,0,0,0,0,0,-0.983982920800357,0.000215115100294127,0.043065806982262
14.5939469904809,0.40063074219017,0.0420395616990001,-1.05472882755372e-06,-0.000948553180106581,-0.0632215212098144,9.01676278516937e-05,0,0,0,0,0,0,0,0,0,-0.983978616949735,0.000646357048122151,0.0432072775879127
14.603949695752,0.401051251472112,0.0420395479669874,-1.68094024446436e-06,-0.00158093390742043,-0.0632203177062276,0.000150496080366834,0,0,0,0,0,0,0,0,0,-0.983969990162253,0.00107949442684792,0.0433972971362517
14.6139524010231,0.401471760586363,0.0420395282685879,-2.24792094427309e-06,-0.00221329957559593,-0.0632185099194215,0.000210990845388392,0,0,0,0,0,0,0,0,0,-0.983957021220548,0.00151453779375149,0.043586338497085
14.6239551062941,0.401892269476183,0.0420395031891682,-2.75708813280716e-06,-0.00284564413192001,-0.0632160962079608,0.000271647503311139,0,0,0,0,0,0,0,0,0,-0.983939691211907,0.00195145702251017,0.0437724008630615
14.6339578115652,0.402312778090614,0.0420394732999953,-3.20984383324237e-06,-0.00347796150748061,-0.0632130749744037,0.000332461677427029,0,0,0,0,0,0,0,0,0,-0.983917981521657,0.00239022264343154,0.0439555495127228
14.6439605168362,0.402733286384347,0.0420394391583877,-3.60757495885344e-06,-0.00411024561760586,-0.0632094446648737,0.000393429033719764,0,0,0,0,0,0,0,0,0,-0.983891873826638,0.00283080583611693,0.0441358489939238
14.6539632221073,0.403153794317574,0.0420394013078663,-3.95165338576247e-06,-0.00474249036229681,-0.0632052037686333,0.000454545280659165,0,0,0,0,0,0,0,0,0,-0.983861350088741,0.00327317842218026,0.044313363127994
14.6639659273784,0.403574301855858,0.0420393602783042,-4.24343602568852e-06,-0.00537468962665703,-0.0632003508176604,0.000515806168995646,0,0,0,0,0,0,0,0,0,-0.983826392548525,0.00371731285799475,0.0444881550222209
14.6739686326494,0.403994808969993,0.0420393165860767,-4.48426489869689e-06,-0.00600683728131776,-0.0631948843862263,0.000577207491554667,0,0,0,0,0,0,0,0,0,-0.983786983718903,0.00416318222766153,0.0446602870751205
14.6839713379205,0.404415315635873,0.042039270734209,-4.67546720594839e-06,-0.00663892718285888,-0.0631888030904758,0.000638745083031188,0,0,0,0,0,0,0,0,0,-0.983743106378899,0.00461076023586174,0.0448298209825403
14.6939740431916,0.404835821834356,0.0420392232125247,-4.81835540244871e-06,-0.00727095317422566,-0.0631821055880097,0.000700414819784119,0,0,0,0,0,0,0,0,0,-0.983694743567473,0.00506002120094726,0.0449968177512523
14.7039767484626,0.405256327551135,0.0420391744977929,-4.91422726979767e-06,-0.00790290908514124,-0.0631747905774684,0.00076221261963077,0,0,0,0,0,0,0,0,0,-0.983641878577422,0.00551094004806476,0.0451613377017268
14.7139794537337,0.405676832776607,0.0420391250538741,-4.96436598893859e-06,-0.00853478873251549,-0.0631668567981191,0.000824134441641339,0,0,0,0,0,0,0,0,0,-0.983584494949339,0.00596349230230189,0.045323440475345
14.7239821590047,0.406097337505744,0.0420390753318666,-4.97004021290751e-06,-0.0091665859208487,-0.0631583030294435,0.000886176285933305,0,0,0,0,0,0,0,0,0,-0.983522576465649,0.00641765408195564,0.045483185045773
14.7339848642758,0.406517841737968,0.0420390257702509,-4.93250413958257e-06,-0.00979829444263218,-0.0631491280907287,0.000948334193465926,0,0,0,0,0,0,0,0,0,-0.983456107144712,0.00687340209190606,0.0456406297283931
14.7439875695469,0.406938345477025,0.0420389767950342,-4.85299758443326e-06,-0.0104299080787443,-0.0631393308406593,0.00101060424583467,0,0,0,0,0,0,0,0,0,-0.98338507123498,0.0073307136170733,0.0457958321828006
14.7539902748179,0.40735884873086,0.0420389288198937,-4.73274605326978e-06,-0.0110614205988426,-0.0631289101769124,0.0010729825650657,0,0,0,0,0,0,0,0,0,-0.983309453209235,0.00778956651584129,0.0459488494216811
14.763992980089,0.407779351511493,0.0420388822463195,-4.57296081499232e-06,-0.0116928257617517,-0.0631178650357539,0.00113546531341028,0,0,0,0,0,0,0,0,0,-0.983229237758885,0.00824993921369236,0.0460997378227383
14.7739956853601,0.408199853834902,0.0420388374637568,-4.37483897434037e-06,-0.0123241173158473,-0.063106194391637,0.00119804869313926,0,0,0,0,0,0,0,0,0,-0.983144409788318,0.00871181069686954,0.0462485531317462
14.7839983906311,0.408620355720901,0.042038794849747,-4.13956354464199e-06,-0.0129552889994361,-0.0630938972568036,0.00126072894633753,0,0,0,0,0,0,0,0,0,-0.983054954409329,0.00917516050607226,0.0463953504747545
14.7940010959022,0.409040857193019,0.0420387547700682,-3.86830352056319e-06,-0.0135863345411321,-0.0630809726808864,0.00132350235469845,0,0,0,0,0,0,0,0,0,-0.982960856935604,0.00963996873036282,0.0465401843633592
14.8040038011732,0.409461358278388,0.0420387175788753,-3.56221395085717e-06,-0.0142172476602283,-0.0630674197505139,0.00138636523931835,0,0,0,0,0,0,0,0,0,-0.982862102877265,0.0101062160009675,0.0466831086999738
14.8140065064443,0.409881859007624,0.0420386836188391,-3.22243601111361e-06,-0.014848022067065,-0.0630532375889176,0.00144931396049093,0,0,0,0,0,0,0,0,0,-0.982758677935477,0.0105738834852885,0.0468241767919764
14.8240092117154,0.410302359414713,0.0420386532212845,-2.85009707650818e-06,-0.0154786514633935,-0.0630384253555405,0.00151234491750172,0,0,0,0,0,0,0,0,0,-0.982650567997117,0.0110429528809881,0.046963441355039
14.8340119169864,0.4107228595369,0.0420386267063283,-2.44631079455152e-06,-0.0161091295427372,-0.0630229822456486,0.00157545454842257,0,0,0,0,0,0,0,0,0,-0.982537759129496,0.0115134064100671,0.0471009545197853
14.8440146222575,0.411143359414577,0.0420386043830164,-2.01217715783876e-06,-0.0167394499907473,-0.0630069074899435,0.00163863932990609,0,0,0,0,0,0,0,0,0,-0.982420237575145,0.0119852268130824,0.0472367678428863
14.8540173275286,0.411563859091172,0.0420385865494596,-1.54878257679877e-06,-0.0173696064855556,-0.0629902003541777,0.00170189577698008,0,0,0,0,0,0,0,0,0,-0.98229798974666,0.0124583973434471,0.0473709323142736
14.8640200327996,0.411984358613039,0.0420385734929692,-1.05719995244349e-06,-0.0179995926981232,-0.0629728601387718,0.00176522044284199,0,0,0,0,0,0,0,0,0,-0.982171002221593,0.0129329017617927,0.0475034983617953
14.8740227380707,0.412404858029355,0.0420385654901921,-5.38488749117205e-07,-0.0186294022925853,-0.0629548861784339,0.00182860991865342,0,0,0,0,0,0,0,0,0,-0.982039261737414,0.013408724330362,0.0476345158608797
14.8840254433418,0.412825357392011,0.0420385628072443,6.30493275413062e-09,-0.0192590289265921,-0.0629362778417803,0.00189206083333449,0,0,0,0,0,0,0,0,0,-0.981902755186518,0.0138858498075651,0.0477640341434792
14.8940281486128,0.413245856755507,0.0420385656998449,5.76148283913591e-07,-0.0198884662516466,-0.0629170345309596,0.00195556985335837,0,0,0,0,0,0,0,0,0,-0.981761469611287,0.0143642634425505,0.0478921020030622
14.9040308538839,0.413666356176848,0.0420385744134478,1.17002171352398e-06,-0.0205177079134375,-0.0628971556812776,0.00201913368254568,0,0,0,0,0,0,0,0,0,-0.981615392199214,0.0148439509698617,0.0480187677024325
14.9140335591549,0.414086855715448,0.0420385891833743,1.78691877641851e-06,-0.0211467475521694,-0.0628766407608247,0.00208274906185899,0,0,0,0,0,0,0,0,0,-0.981464510278068,0.0153248986041647,0.0481440789826761
14.924036264426,0.414507355433019,0.0420386102349441,2.42584610035151e-06,-0.0217755788028891,-0.062855489270106,0.00214641276919722,0,0,0,0,0,0,0,0,0,-0.981308811311121,0.0158070930350827,0.0482680830695457
14.9340389696971,0.414927855393482,0.0420386377836053,3.0858233132491e-06,-0.0224041952958071,-0.0628337007416719,0.00221012161919015,0,0,0,0,0,0,0,0,0,-0.981148282892424,0.0162905214220524,0.0483908266800936
14.9440416749681,0.415348355662862,0.0420386720350645,3.76588297045992e-06,-0.0230325906566173,-0.0628112747397528,0.00227387246299283,0,0,0,0,0,0,0,0,0,-0.980982912742128,0.0167751713892908,0.0485123560328741
14.9540443802392,0.415768856309193,0.0420387131854155,4.4650704820058e-06,-0.0236607585068116,-0.062788210859894,0.00233766218808004,0,0,0,0,0,0,0,0,0,-0.980812688701866,0.0172610310208558,0.0486327168521051
14.9640470855103,0.416189357402424,0.0420387614212678,5.18244403983244e-06,-0.0242886924639913,-0.0627645087285936,0.00240148771804077,0,0,0,0,0,0,0,0,0,-0.980637598730175,0.0177480888556961,0.0487519543737701
14.9740497907813,0.416609859014325,0.0420388169198735,5.91707454506013e-06,-0.024916386142175,-0.0627401680029425,0.00246534601237264,0,0,0,0,0,0,0,0,0,-0.98045763089797,0.0182363338828341,0.0488701133575467
14.9840524960524,0.417030361218389,0.0420388798492549,6.66804553523443e-06,-0.0255438331521026,-0.0627151883702662,0.00252923406627638,0,0,0,0,0,0,0,0,0,-0.980272773384066,0.0187257555366541,0.0489872380929113
14.9940552013234,0.417450864089747,0.0420389503683297,7.43445311157701e-06,-0.0261710271015366,-0.0626895695477684,0.00259314891045028,0,0,0,0,0,0,0,0,0,-0.980083014470748,0.0192163436922076,0.0491033724010783
15.0040579065945,0.417871367705074,0.0420390286270372,8.2154058662358e-06,-0.0267979615955581,-0.0626633112821773,0.00265708761088459,0,0,0,0,0,0,0,0,0,-0.979888342539385,0.0197080886605405,0.0492185596458202
15.0140606118656,0.4182918721425,0.0420391147664618,9.01002480953646e-06,-0.0274246302368616,-0.0626364133493935,0.00272104726865607,0,0,0,0,0,0,0,0,0,-0.979688746066093,0.0202009811842144,0.049332842743178
15.0240633171366,0.418712377481523,0.0420392089189578,9.81744329723261e-06,-0.028051026626044,-0.0626088755541399,0.00278502501972237,0,0,0,0,0,0,0,0,0,-0.979484213617441,0.0206950124328279,0.049446264162846
15.0340660224077,0.419132883802921,0.0420393112082721,1.06368069577566e-05,-0.0286771443618918,-0.0625806977296141,0.0028490180347165,0,0,0,0,0,0,0,0,0,-0.9792747338462,0.0211901739985665,0.0495588659392689
15.0440687276788,0.419553391188668,0.0420394217496665,1.14672736194701e-05,-0.0293029770416641,-0.0625518797371426,0.0029130235187413,0,0,0,0,0,0,0,0,0,-0.97906029548714,0.0216864578919452,0.0496706896769133
15.0540714329498,0.419973899721848,0.0420395406500398,1.23080132379152e-05,-0.0299285182613718,-0.0625224214658366,0.00297703871116388,0,0,0,0,0,0,0,0,0,-0.978840887352867,0.0221838565374637,0.0497817765541505
15.0640741382209,0.420394409486575,0.0420396680080481,1.31582078230645e-05,-0.0305537616160546,-0.0624923228322507,0.00304106088541005,0,0,0,0,0,0,0,0,0,-0.978616498329701,0.0226823627694274,0.0498921673354626
15.074076843492,0.420814920567907,0.0420398039142256,1.40170513665723e-05,-0.0311787007000529,-0.0624615837800432,0.00310508734875884,0,0,0,0,0,0,0,0,0,-0.978387117373599,0.0231819698278461,0.0500019023750484
15.084079548763,0.421235433051767,0.0420399484511039,1.48837497690251e-05,-0.0318033291072779,-0.0624302042796384,0.00316911544213687,0,0,0,0,0,0,0,0,0,-0.97815273350612,0.0236826713543275,0.0501110216232045
15.0940822540341,0.421655947024867,0.0420401016933305,1.57575207671921e-05,-0.0324276404314776,-0.0623981843278911,0.00323314253991288,0,0,0,0,0,0,0,0,0,-0.977913335810422,0.0241844613881036,0.050219564634092
15.1040849593051,0.422076462574625,0.0420402637077873,1.66375938612765e-05,-0.033051628266499,-0.0623655239477531,0.00329716604969212,0,0,0,0,0,0,0,0,0,-0.97766891342731,0.0246873343620793,0.0503275705704531
15.1140876645762,0.422496979789088,0.0420404345537075,1.75232102421653e-05,-0.0336752862065479,-0.0623322231879419,0.00336118341211084,0,0,0,0,0,0,0,0,0,-0.977419455551317,0.0251912850989534,0.0504350782122095
15.1240903698473,0.42291749875686,0.0420406142827922,1.8413622718681e-05,-0.0342986078464451,-0.0622982821226109,0.00342519210063075,0,0,0,0,0,0,0,0,0,-0.977164951426822,0.0256963088074388,0.0505421259609022
15.1340930751183,0.423338019567025,0.0420408029393267,1.93080956448315e-05,-0.0349215867818789,-0.0622637008510228,0.00348918962133344,0,0,0,0,0,0,0,0,0,-0.976905390344207,0.026202401078473,0.0506487518469029
15.1440957803894,0.423758542309072,0.0420410005602951,2.02059048470611e-05,-0.0355442166096547,-0.0622284794972238,0.00355317351271486,0,0,0,0,0,0,0,0,0,-0.976640761636058,0.0267095578815824,0.0507549935371823
15.1540984856605,0.424179067072825,0.0420412071754947,2.11063375515011e-05,-0.0361664909279411,-0.0621926182097203,0.00361714134547975,0,0,0,0,0,0,0,0,0,-0.976371054673388,0.0272177755612473,0.0508608883378067
15.1641011909315,0.42459959394837,0.0420414228076502,2.20086923112206e-05,-0.0367884033365134,-0.0621561171611584,0.00368109072233612,0,0,0,0,0,0,0,0,0,-0.976096258861912,0.0277270508333174,0.0509664732025363
15.1741038962026,0.425020123025985,0.042041647472526,2.29122789334773e-05,-0.0374099474369932,-0.0621189765480041,0.00374501927778969,0,0,0,0,0,0,0,0,0,-0.975816363638345,0.0282373807815483,0.051071784739634
15.1841066014736,0.425440654396073,0.0420418811790388,2.38164184069683e-05,-0.0380311168330853,-0.0620811965902268,0.00380892467793837,0,0,0,0,0,0,0,0,0,-0.975531358466742,0.0287487628541529,0.0511768592162532
15.1941093067447,0.42586118814909,0.042042123929369,2.47204428290795e-05,-0.0386519051308103,-0.0620427775309838,0.0038728046202666,0,0,0,0,0,0,0,0,0,-0.975241232834869,0.0292611948604261,0.0512817325640579
15.2041120120158,0.426281724375483,0.0420423757190714,2.56236953331382e-05,-0.0392723059387363,-0.0620037196363079,0.00393665683343998,0,0,0,0,0,0,0,0,0,-0.974945976250606,0.0297746749674085,0.0513864403875476
15.2141147172868,0.42670226316562,0.0420426365371852,2.65255300156631e-05,-0.0398923128682056,-0.0619640231947962,0.00400047907709962,0,0,0,0,0,0,0,0,0,-0.974645578238388,0.0302892016966775,0.0514910179675635
15.2241174225579,0.427122804609729,0.0420429063663434,2.74253118636143e-05,-0.0405119195335587,-0.0619236885173014,0.00406426914165658,0,0,0,0,0,0,0,0,0,-0.974340028335671,0.0308047739210815,0.0515955002660828
15.234120127829,0.42754334879783,0.0420431851828812,2.83224166816447e-05,-0.0411311195523554,-0.0618827159366251,0.00412802484808636,0,0,0,0,0,0,0,0,0,-0.974029316089439,0.0313213908616269,0.051699921935657
15.2441228331,0.427963895819678,0.0420434729569442,2.92162310193506e-05,-0.0417499065455929,-0.0618411058072129,0.00419174404772335,0,0,0,0,0,0,0,0,0,-0.973713431052734,0.0318390520844002,0.0518043173224334
15.2541255383711,0.428384445764698,0.042043769652595,3.01061520985221e-05,-0.042368274137921,-0.061798858504852,0.00425542462205528,0,0,0,0,0,0,0,0,0,-0.973392362781219,0.0323577574975167,0.0519087204726839
15.2641282436421,0.428804998721924,0.0420440752279201,3.09915877403944e-05,-0.0429862159578536,-0.0617559744263705,0.00431906448251765,0,0,0,0,0,0,0,0,0,-0.973066100829773,0.0328775073481727,0.052013165137799
15.2741309489132,0.429225554779944,0.0420443896351351,3.18719562928975e-05,-0.0436037256379783,-0.0617124539893388,0.00438266157028824,0,0,0,0,0,0,0,0,0,-0.972734634749117,0.0333983022196938,0.0521176847781694
15.2841336541843,0.429646114026838,0.04204471282069,3.27466865579081e-05,-0.0442207968151616,-0.0616682976317733,0.00444621385608148,0,0,0,0,0,0,0,0,0,-0.972397954082458,0.0339201430286651,0.0522223125712336
15.2941363594553,0.43006667655012,0.0420450447253732,3.36152177184992e-05,-0.0448374231307528,-0.0616235058118417,0.00450971933994299,0,0,0,0,0,0,0,0,0,-0.972056048362181,0.0344430310221405,0.0523270814173007
15.3041390647264,0.430487242436687,0.042045385284415,3.44769992661916e-05,-0.0454535982307834,-0.061578079007571,0.00457317605104399,0,0,0,0,0,0,0,0,0,-0.971708907106545,0.0349669677748895,0.0524320239423253
15.3141417699975,0.430907811772759,0.0420457344275904,3.53314909282042e-05,-0.0460693157661646,-0.061532017716557,0.00463658204747572,0,0,0,0,0,0,0,0,0,-0.971356519816431,0.0354919551866613,0.0525371725029023
15.3241444752685,0.431328384643827,0.0420460920793212,3.61781625947046e-05,-0.0466845693928818,-0.0614853224556759,0.00469993541604398,0,0,0,0,0,0,0,0,0,-0.970998875972093,0.0360179954795325,0.0526425591932009
15.3341471805396,0.431748961134598,0.0420464581587771,3.70164942460601e-05,-0.0472993527721855,-0.0614379937607984,0.0047632342720635,0,0,0,0,0,0,0,0,0,-0.970635965029958,0.0365450911953094,0.0527482158505113
15.3441498858107,0.432169541328949,0.0420468325799763,3.78459758800882e-05,-0.0479136595707803,-0.0613900321865053,0.00482647675915245,0,0,0,0,0,0,0,0,0,-0.970267776419432,0.0370732451929867,0.0528541740577435
15.3541525910817,0.432590125309867,0.0420472152518855,3.86661074393076e-05,-0.0485274834610106,-0.0613414383058058,0.00488966104902684,0,0,0,0,0,0,0,0,0,-0.969894299539744,0.0376024606461996,0.0529604651498073
15.3641552963528,0.433010713159407,0.0420476060785189,3.94763987381881e-05,-0.0491408181210433,-0.0612922127098569,0.00495278534129502,0,0,0,0,0,0,0,0,0,-0.96951552375681,0.0381327410408105,0.0530671202199913
15.3741580016238,0.433431304958636,0.0420480049590365,4.02763693904025e-05,-0.0497536572350482,-0.0612423560076859,0.00501584786325215,0,0,0,0,0,0,0,0,0,-0.969131438400126,0.0386640901724889,0.0531741701216296
15.3841607068949,0.433851900787591,0.0420484117878419,4.10655487360759e-05,-0.050365994493375,-0.0611918688259144,0.00507884686967455,0,0,0,0,0,0,0,0,0,-0.968742032759672,0.0391965121443305,0.0532816454747557
15.394163412166,0.43427250072523,0.0420488264546791,4.18434757690377e-05,-0.0509778235927285,-0.0611407518084843,0.00514178064261427,0,0,0,0,0,0,0,0,0,-0.968347296082859,0.0397300113645714,0.0533895766708235
15.404166117437,0.434693104849383,0.042049248844729,4.26096990640715e-05,-0.0515891382363399,-0.0610890056163859,0.0052046474911935,0,0,0,0,0,0,0,0,0,-0.967947217571481,0.0402645925443007,0.0534979938765874
15.4141688227081,0.435113713236711,0.0420496788387045,4.3363776704166e-05,-0.0521999321341363,-0.0610366309273886,0.005267445751399,0,0,0,0,0,0,0,0,0,-0.967541786378699,0.0408002606952526,0.0536069270388176
15.4241715279792,0.435534325962658,0.0420501163129452,4.41052762077658e-05,-0.0528101990029072,-0.0609836284357728,0.00533017378587659,0,0,0,0,0,0,0,0,0,-0.967130991606046,0.041337021127614,0.0537164058892976
15.4341742332502,0.43595494310141,0.0420505611395118,4.48337744560218e-05,-0.0534199325664682,-0.0609299988520644,0.00539282998372557,0,0,0,0,0,0,0,0,0,-0.966714822300452,0.0418748794479155,0.0538264599495357
15.4441769385213,0.436375564725855,0.0420510131862792,4.55488576200424e-05,-0.0540291265558221,-0.0608757429027712,0.00545541276029319,0,0,0,0,0,0,0,0,0,-0.966293267451289,0.0424138415569338,0.0539371185332631
15.4541796437923,0.436796190907534,0.0420514723170291,4.62501210881436e-05,-0.0546377747093179,-0.0608208613301215,0.00551792055696912,0,0,0,0,0,0,0,0,0,-0.965866315987437,0.0429539136476327,0.0540484107522612
15.4641823490634,0.43721682171661,0.0420519383915415,4.69371693931e-05,-0.0552458707728062,-0.0607653548918043,0.00558035184097988,0,0,0,0,0,0,0,0,0,-0.965433956774377,0.0434951022031822,0.0541603655216299
15.4741850543345,0.437637457221821,0.0420524112656865,4.76096161393957e-05,-0.0558534084997928,-0.0607092243607123,0.00564270510518329,0,0,0,0,0,0,0,0,0,-0.964996178611291,0.0440374139950045,0.0542730115608972
15.4841877596055,0.438058097490445,0.0420528907915138,4.82670839304745e-05,-0.0564603816515895,-0.0606524705246865,0.00570497886786294,0,0,0,0,0,0,0,0,0,-0.964552970228193,0.0445808560808155,0.0543863773998475
15.4941904648766,0.438478742588262,0.0420533768173432,4.89092042959911e-05,-0.0570667839974624,-0.0605950941862624,0.00576717167252265,0,0,0,0,0,0,0,0,0,-0.964104320283075,0.0451254358027875,0.0545004913846217
15.5041931701477,0.438899392579514,0.0420538691878531,4.95356176190613e-05,-0.0576726093147775,-0.0605370961624195,0.00582928208768087,0,0,0,0,0,0,0,0,0,-0.963650217359066,0.0456711607857125,0.0546153816772355
15.5141958754187,0.439320047526875,0.0420543677441685,5.01459730635132e-05,-0.0582778513891442,-0.0604784772843314,0.00589130870666522,0,0,0,0,0,0,0,0,0,-0.963190649961621,0.0462180389351555,0.0547310762624955
15.5241985806898,0.43974070749141,0.0420548723239488,5.07399285011374e-05,-0.0588825040145554,-0.0604192383971193,0.00595325014740686,0,0,0,0,0,0,0,0,0,-0.962725606515716,0.0467660784357562,0.0548476029527593
15.5342012859608,0.440161372532544,0.0420553827614746,5.13171504389382e-05,-0.0594865609935269,-0.0603593803596063,0.00601510505223501,0,0,0,0,0,0,0,0,0,-0.962255075363068,0.047315287749477,0.0549649893879003
15.5442039912319,0.440582042708027,0.0420558988877334,5.18773139463839e-05,-0.0600900161372319,-0.0602989040440752,0.00607687208767135,0,0,0,0,0,0,0,0,0,-0.961779044759369,0.0478656756139047,0.0550832630415309
15.554206696503,0.441002718073905,0.0420564205305051,5.24201025826577e-05,-0.0606928632656358,-0.0602378103360265,0.00613854994422453,0,0,0,0,0,0,0,0,0,-0.961297502871536,0.0484172510406228,0.0552024512246601
15.564209401774,0.441423398684481,0.0420569475144464,5.29452083239079e-05,-0.0612950962076256,-0.0601761001339404,0.0062001373361845,0,0,0,0,0,0,0,0,0,-0.96081043777498,0.0489700233135857,0.0553225810903768
15.5742121070451,0.441844084592294,0.0420574796611748,5.34523314904995e-05,-0.0618967088011401,-0.0601137743490396,0.00626163300141716,0,0,0,0,0,0,0,0,0,-0.96031783745089,0.0495240019875858,0.0554436796352429
15.5842148123162,0.44226477584808,0.0420580167893517,5.39411806742643e-05,-0.0624976948932956,-0.0600508339050543,0.00632303570115865,0,0,0,0,0,0,0,0,0,-0.959819689783529,0.0500791968866549,0.0555657737015842
15.5942175175872,0.442685472500748,0.0420585587147644,5.44114726657516e-05,-0.0630980483405094,-0.0599872797379899,0.00638434421980987,0,0,0,0,0,0,0,0,0,-0.959315982557553,0.0506356181025769,0.0556888899847004
15.6042202228583,0.443106174597351,0.0420591052504084,5.48629323814792e-05,-0.0636977630086221,-0.0599231127958958,0.00644555736473093,0,0,0,0,0,0,0,0,0,-0.958806703455333,0.0511932759934341,0.0558130550334212
15.6142229281294,0.443526882183056,0.0420596562065678,5.52952927911834e-05,-0.0642968327730164,-0.0598583340386372,0.00650667396603557,0,0,0,0,0,0,0,0,0,-0.958291840054308,0.0517521811821307,0.0559382952531573
15.6242256334004,0.443947595301122,0.0420602113908955,5.57082948450707e-05,-0.0648952515187349,-0.0597929444376685,0.00656769287638568,0,0,0,0,0,0,0,0,0,-0.957771379824334,0.0523123445550001,0.0560646369108948
15.6342283386715,0.444368313992868,0.0420607706084932,5.61016874010679e-05,-0.0654930131405937,-0.0597269449758086,0.00662861297078568,0,0,0,0,0,0,0,0,0,-0.957245310125064,0.0528737772604284,0.0561921061390779
15.6442310439425,0.444789038297653,0.0420613336619893,5.64752271520726e-05,-0.0660901115432962,-0.0596603366470184,0.00668943314637702,0,0,0,0,0,0,0,0,0,-0.956713618203326,0.0534364907075391,0.0563207289350532
15.6542337492136,0.445209768252849,0.0420619003516177,5.68286785532043e-05,-0.0666865406415426,-0.0595931204561805,0.00675015232223261,0,0,0,0,0,0,0,0,0,-0.956176291190529,0.0540004965648059,0.056450531163846
15.6642364544847,0.445630503893819,0.0420624704752945,5.71618137490551e-05,-0.0672822943601385,-0.0595252974188811,0.00681076943915129,0,0,0,0,0,0,0,0,0,-0.955633316100069,0.0545658067587929,0.0565815385675908
15.6742391597557,0.446051245253892,0.0420630438286949,5.74744125009399e-05,-0.0678773666341007,-0.0594568685611932,0.00687128345945228,0,0,0,0,0,0,0,0,0,-0.955084679824757,0.0551324334729557,0.0567137767627565
15.6842418650268,0.446471992364344,0.0420636202053289,5.77662621141479e-05,-0.0684717514087611,-0.0593878349194629,0.00693169336676961,0,0,0,0,0,0,0,0,0,-0.954530369134256,0.0557003891463263,0.0568472712409797
15.6942445702979,0.446892745254373,0.0420641993966164,5.80371573651924e-05,-0.0690654426398683,-0.0593181975400968,0.00699199816584661,0,0,0,0,0,0,0,0,0,-0.953970370672529,0.0562696864723311,0.0569820473779428
15.7042472755689,0.447313503951082,0.0420647811919615,5.82869004290622e-05,-0.0696584342936872,-0.059247957479352,0.00705219688233034,0,0,0,0,0,0,0,0,0,-0.9534046709553,0.056840338397653,0.0571181304325384
15.71424998084,0.447734268479457,0.0420653653788264,5.85153008064721e-05,-0.0702507203470966,-0.0591771158031282,0.00711228856256604,0,0,0,0,0,0,0,0,0,-0.95283325636753,0.0574123581210327,0.0572555455488142
15.724252686111,0.448155038862349,0.0420659517428038,5.87221752511131e-05,-0.0708422947876846,-0.0591056735867614,0.00717227227339162,0,0,0,0,0,0,0,0,0,-0.952256113160897,0.0579857590921704,0.0573943177612436
15.7342553913821,0.448575815120455,0.0420665400676898,5.8907347696904e-05,-0.0714331516138419,-0.0590336319148204,0.00723214710193204,0,0,0,0,0,0,0,0,0,-0.951673227451294,0.0585605550106316,0.0575344719919482
15.7442580966532,0.448996597272302,0.0420671301355548,5.90706491852413e-05,-0.072023284834853,-0.0589609918809044,0.00729191215539387,0,0,0,0,0,0,0,0,0,-0.951084585216335,0.0591367598246937,0.0576760330590244
15.7542608019242,0.449417385334226,0.0420677217268142,5.92119177922503e-05,-0.0726126884709857,-0.0588877545874433,0.00735156656085961,0,0,0,0,0,0,0,0,0,-0.95049017229287,0.0597143877304186,0.0578190256784836
15.7642635071953,0.449838179320361,0.0420683146202989,5.93309985560358e-05,-0.0732013565535786,-0.0588139211455001,0.00741110946508226,0,0,0,0,0,0,0,0,0,-0.949889974374516,0.0602934531705375,0.0579634744587027
15.7742662124664,0.45025897924262,0.0420689085933242,5.94277434039323e-05,-0.0737892831251262,-0.0587394926745752,0.00747054003427974,0,0,0,0,0,0,0,0,0,-0.949283977009191,0.060873970833413,0.0581094039129084
15.7842689177374,0.450679785110682,0.0420695034217584,5.95020110797556e-05,-0.0743764622393625,-0.0586644703024123,0.00752985745392929,0,0,0,0,0,0,0,0,0,-0.948672165596664,0.0614559556521735,0.0582568384550173
15.7942716230085,0.451100596931976,0.0420700988800905,5.95536670710527e-05,-0.0749628879613421,-0.0585888551648072,0.00758906092856199,0,0,0,0,0,0,0,0,0,-0.948054525386111,0.0620394228035919,0.0584058023996342
15.8042743282796,0.45152141471167,0.0420706947414978,5.95825835363529e-05,-0.0755485543675206,-0.0585126484054182,0.0076481496815572,0,0,0,0,0,0,0,0,0,-0.947431041473682,0.0626243877072204,0.0585563199728705
15.8142770335506,0.451942238452656,0.0420712907779115,5.95886392324179e-05,-0.0761334555458315,-0.0584358511755783,0.00770712295493697,0,0,0,0,0,0,0,0,0,-0.946801698800079,0.0632108660244853,0.0587084153051288
15.8242797388217,0.452363068155538,0.0420718867600829,5.95717194414937e-05,-0.0767175855957623,-0.05835846463411,0.00776598000916056,0,0,0,0,0,0,0,0,0,-0.946166482148139,0.0637988736576772,0.0588621124372183
15.8342824440927,0.452783903818624,0.0420724824576482,5.95317158985601e-05,-0.0773009386284288,-0.0582804899471421,0.00782472012291883,0,0,0,0,0,0,0,0,0,-0.945525376140432,0.0643884267491687,0.0590174353236935
15.8442851493638,0.45320474543791,0.0420730776391926,5.94685267185817e-05,-0.0778835087666469,-0.0582019282879277,0.00788334259292873,0,0,0,0,0,0,0,0,0,-0.94487836523686,0.0649795416804711,0.0591744078269615
15.8542878546349,0.453625593007072,0.0420736720723138,5.93820563237593e-05,-0.078465290145003,-0.0581227808366657,0.00794184673372776,0,0,0,0,0,0,0,0,0,-0.944225433732275,0.0655722350713343,0.0593330537267794
15.8642905599059,0.454046446517458,0.0420742655236846,5.92722153707794e-05,-0.0790462769099229,-0.0580430487803229,0.00800023187746838,0,0,0,0,0,0,0,0,0,-0.943566565754093,0.0661665237789934,0.0594933967208241
15.874293265177,0.454467305958077,0.0420748577591151,5.91389206780659e-05,-0.0796264632197382,-0.0579627333124595,0.00805849737371252,0,0,0,0,0,0,0,0,0,-0.94290174525993,0.0667624248972799,0.059655460421025
15.8842959704481,0.454888171315593,0.0420754485436138,5.89820951530306e-05,-0.0802058432447516,-0.0578818356330553,0.00811664258922598,0,0,0,0,0,0,0,0,0,-0.942230956035235,0.0673599557557955,0.0598192683585936
15.8942986757191,0.455309042574312,0.0420760376414483,5.8801667719323e-05,-0.0807844111673003,-0.0578003569483391,0.00817466690777293,0,0,0,0,0,0,0,0,0,-0.941554181690936,0.0679591339191232,0.0599848439854016
15.9043013809902,0.455729919716184,0.042076624816205,5.85975732440825e-05,-0.0813621611818177,-0.0577182984706196,0.00823256972991032,0,0,0,0,0,0,0,0,0,-0.940871405661096,0.0685599771860288,0.0601522106742627
15.9143040862612,0.456150802720785,0.0420772098308481,5.8369752465188e-05,-0.081939087494893,-0.0576356614181184,0.00829035047278238,0,0,0,0,0,0,0,0,0,-0.940182611200571,0.0691625035886783,0.0603213917192065
15.9243067915323,0.456571691565323,0.0420777924477783,5.81181519185085e-05,-0.0825151843253302,-0.057552447014805,0.00834800856991503,0,0,0,0,0,0,0,0,0,-0.939487781382683,0.069766731391844,0.0604924103376977
15.9343094968034,0.456992586224621,0.04207837242889,5.78427238651549e-05,-0.0830904459042039,-0.0574686564902343,0.00840554347101035,0,0,0,0,0,0,0,0,0,-0.938786899096895,0.0703726790921667,0.0606652896723024
15.9443122020744,0.457413486671123,0.0420789495356286,5.75434262187294e-05,-0.0836648664749152,-0.0573842910793856,0.00846295464174103,0,0,0,0,0,0,0,0,0,-0.938079947046495,0.0709803654173954,0.060840052788745
15.9543149073455,0.457834392874882,0.0420795235290464,5.72202224725772e-05,-0.0842384402932446,-0.0572993520225038,0.00852024156354486,0,0,0,0,0,0,0,0,0,-0.93736690774629,0.0715898093256101,0.0610167226795154
15.9643176126166,0.458255304803561,0.042080094169858,5.68730816270366e-05,-0.0848111616274042,-0.0572138405649428,0.00857740373341911,0,0,0,0,0,0,0,0,0,-0.936647763520304,0.0722010300045341,0.061195322263313
15.9743203178876,0.458676222422425,0.0420806612184954,5.65019781166896e-05,-0.0853830247580879,-0.057127757957011,0.00863444066371506,0,0,0,0,0,0,0,0,0,-0.935922496499485,0.0728140468707454,0.0613758743833824
15.9843230231587,0.459097145694344,0.0420812244351615,5.61068917376134e-05,-0.0859540239785201,-0.0570411054538188,0.00869135188193238,0,0,0,0,0,0,0,0,0,-0.935191088619421,0.0734288795689556,0.0615584018136176
15.9943257284297,0.459518074579789,0.042081783579884,5.56878075746301e-05,-0.0865241535945033,-0.0569538843151278,0.00874813693051366,0,0,0,0,0,0,0,0,0,-0.93445352161806,0.074045547971344,0.061742927255232
16.0043284337008,0.459939009036827,0.0420823384125671,5.52447159285581e-05,-0.0870934079244633,-0.0568660958052025,0.00880479536663879,0,0,0,0,0,0,0,0,0,-0.933709777033437,0.0746640721767692,0.0619294733345403
16.0143311389719,0.460359949021126,0.0420828886930441,5.47776122434624e-05,-0.0876617812994944,-0.0567777411926641,0.00886132676201949,0,0,0,0,0,0,0,0,0,-0.932959836201416,0.0752844725100591,0.0621180626073953
16.0243338442429,0.460780894485951,0.0420834341811279,5.42864970339054e-05,-0.0882292680634014,-0.0566888217503459,0.00891773070269367,0,0,0,0,0,0,0,0,0,-0.932203680253426,0.0759067695213116,0.0623087175589108
16.034336549514,0.461201845382163,0.0420839746366619,5.37713758121979e-05,-0.0887958625727413,-0.0565993387551512,0.00897400678881997,0,0,0,0,0,0,0,0,0,-0.931441290114216,0.0765309839851785,0.0625014606026304
16.0443392547851,0.461622801658222,0.042084509819569,5.32322590156491e-05,-0.0893615591968635,-0.0565092934879131,0.00903015463447216,0,0,0,0,0,0,0,0,0,-0.93067264649961,0.0771571369001497,0.0626963140802511
16.0543419600561,0.462043763260187,0.0420850394899011,5.26691619338181e-05,-0.0899263523179481,-0.0564186872332562,0.00908617386743363,0,0,0,0,0,0,0,0,0,-0.929897729914273,0.077785249487832,0.0628933002602337
16.0643446653272,0.462464730131719,0.0420855634078869,5.2082104635764e-05,-0.0904902363310437,-0.0563275212794604,0.00914206412899179,0,0,0,0,0,0,0,0,0,-0.929116520649484,0.0784153431922049,0.063092441340022
16.0743473705983,0.46288570221408,0.0420860813339794,5.1471111897297e-05,-0.0910532056441024,-0.0562357969183274,0.0091978250737326,0,0,0,0,0,0,0,0,0,-0.928328998780912,0.0790474396789441,0.0632937594460448
16.0843500758693,0.463306679446138,0.0420865930289026,5.08362131282286e-05,-0.0916152546780152,-0.0561435154450479,0.00925345636933495,0,0,0,0,0,0,0,0,0,-0.927535144166403,0.0796815608346776,0.0634972766287229
16.0943527811404,0.46372766176437,0.0420870982536979,5.01774422996229e-05,-0.0921763778666449,-0.0560506781580724,0.00930895769636516,0,0,0,0,0,0,0,0,0,-0.926734936443777,0.0803177287662086,0.0637030148674597
16.1043554864114,0.464148649102862,0.0420875967697685,4.94948378710465e-05,-0.0927365696568579,-0.0559572863589828,0.0093643287480714,0,0,0,0,0,0,0,0,0,-0.925928355028624,0.0809559657998722,0.0639109960675924
16.1143581916825,0.464569641393318,0.0420880883389248,4.87884427178203e-05,-0.0932958245085555,-0.0558633413523668,0.00941956923017819,0,0,0,0,0,0,0,0,0,-0.925115379112116,0.081596294480697,0.0641212420576161
16.1243608969536,0.46499063856506,0.0420885727234279,4.80583040582694e-05,-0.0938541368947023,-0.0557688444456944,0.00947467886068078,0,0,0,0,0,0,0,0,0,-0.924295987658821,0.0822387375717059,0.0643337745939003
16.1343636022246,0.465411640545036,0.0420890496860323,4.73044733809736e-05,-0.0944115013013554,-0.0556737969491955,0.00952965736963967,0,0,0,0,0,0,0,0,0,-0.923470159404528,0.0828833180531726,0.0645486153532004
16.1443663074957,0.465832647257821,0.0420895189900288,4.65270063720191e-05,-0.0949679122276911,-0.0555782001757408,0.00958450449897507,0,0,0,0,0,0,0,0,0,-0.922637872854074,0.0835300591217724,0.0647657859340418
16.1543690127668,0.466253658625629,0.0420899803992859,4.57259628422477e-05,-0.0955233641860306,-0.0554820554407241,0.00963922000226128,0,0,0,0,0,0,0,0,0,-0.921799106279189,0.0841789841898665,0.0649853078600507
16.1643717180378,0.466674674568311,0.0420904336782907,4.49014066545091e-05,-0.0960778517018647,-0.0553853640619466,0.0096938036445212,0,0,0,0,0,0,0,0,0,-0.920953837716337,0.0848301168847192,0.0652072025721871
16.1743744233089,0.467095695003368,0.042090878592189,4.40534056509106e-05,-0.0966313693138774,-0.0552881273595036,0.00974825520202078,0,0,0,0,0,0,0,0,0,-0.920102044964573,0.0854834810476267,0.0654314914279122
16.1843771285799,0.467516719845954,0.0420913149068248,4.31820315800677e-05,-0.0971839115739682,-0.0551903466556728,0.00980257446206346,0,0,0,0,0,0,0,0,0,-0.919243705583409,0.0861391007331182,0.0656581957045155
16.194379833851,0.467937749008887,0.0420917423887791,4.22873600243557e-05,-0.0977354730472734,-0.0550920232748053,0.00985676122278462,0,0,0,0,0,0,0,0,0,-0.918378796890678,0.0867970002081508,0.0658873365949563
16.2043825391221,0.468358782402649,0.0420921608054077,4.13694703271596e-05,-0.0982860483121862,-0.054993158543218,0.00991081529294605,0,0,0,0,0,0,0,0,0,-0.91750729596042,0.0874572039512275,0.0661189352045334
16.2143852443931,0.468779819935405,0.0420925699248786,4.04284455201248e-05,-0.0988356319603763,-0.0548937537890883,0.00996473649173039,0,0,0,0,0,0,0,0,0,-0.916629179620767,0.0881197366515257,0.0663530125486663
16.2243879496642,0.469200861513001,0.0420929695162085,3.94643722504082e-05,-0.0993842185968074,-0.0547938103423511,0.0100185246485356,0,0,0,0,0,0,0,0,0,-0.915744424451842,0.0887846232079704,0.0665895895556696
16.2343906549353,0.469621907038977,0.0420933593492986,3.8477340707929e-05,-0.0999318028397541,-0.0546933295345977,0.0100721796027693,0,0,0,0,0,0,0,0,0,-0.914853006783664,0.0894518887284185,0.0668286870617568
16.2443933602063,0.47004295641458,0.0420937391949696,3.74674445526183e-05,-0.100478379320819,-0.0545923126989763,0.0101257012036435,0,0,0,0,0,0,0,0,0,-0.913954902694061,0.0901215585286321,0.0670703258030011
16.2543960654774,0.470464009538764,0.0420941088249961,3.64347808416714e-05,-0.101023942684948,-0.0544907611700952,0.0101790893099688,0,0,0,0,0,0,0,0,0,-0.913050088006602,0.0907936581313017,0.0673145264236537
16.2643987707484,0.47088506630821,0.0420944680121403,3.53794499567971e-05,-0.101568487590441,-0.0543886762839281,0.0102323437899488,0,0,0,0,0,0,0,0,0,-0.912138538288523,0.0914682132651861,0.0675613094680982
16.2744014760195,0.471306126617326,0.0420948165301847,3.43015555314694e-05,-0.102112008708971,-0.0542860593777206,0.0102854645209749,0,0,0,0,0,0,0,0,0,-0.911220228848677,0.0921452498639746,0.0678106953755831
16.2844041812906,0.471727190358267,0.0420951541539646,3.32012043781778e-05,-0.10265450072559,-0.0541829117898998,0.0103384513894203,0,0,0,0,0,0,0,0,0,-0.910295134735488,0.0928247940653217,0.0680627044854903
16.2944068865616,0.472148257420939,0.0420954806593989,3.20785064156774e-05,-0.103195958338744,-0.0540792348599853,0.0103913042904348,0,0,0,0,0,0,0,0,0,-0.909363230734912,0.0935068722098142,0.0683173570220733
16.3044095918327,0.472569327693012,0.0420957958235217,3.09335745962404e-05,-0.103736376260286,-0.0539750299285023,0.0104440231277392,0,0,0,0,0,0,0,0,0,-0.90842449136842,0.0941915108397012,0.0685746731027803
16.3144122971038,0.472990401059932,0.0420960994245115,2.97665248329078e-05,-0.104275749215479,-0.0538702983368973,0.0104966078134196,0,0,0,0,0,0,0,0,0,-0.907478890890981,0.0948787366980277,0.0688346727374813
16.3244150023748,0.473411477404932,0.0420963912417208,2.85774759267367e-05,-0.10481407194301,-0.053765041427455,0.0105490582677218,0,0,0,0,0,0,0,0,0,-0.906526403289058,0.0955685767273477,0.0690973758064234
16.3344177076459,0.473832556609043,0.0420966710557046,2.73665494940547e-05,-0.105351339194995,-0.0536592605432179,0.0106013744188462,0,0,0,0,0,0,0,0,0,-0.905567002278623,0.0962610580684187,0.0693628020730623
16.344420412917,0.474253638551108,0.0420969386482481,2.61338698937086e-05,-0.105887545736989,-0.053552957027908,0.0106535562027417,0,0,0,0,0,0,0,0,0,-0.904600661303179,0.0969562080591715,0.0696309711816398
16.354423118188,0.474674723107795,0.0420971938023939,2.4879564154315e-05,-0.10642268634799,-0.0534461322258496,0.0107056035629005,0,0,0,0,0,0,0,0,0,-0.903627353531792,0.0976540542333544,0.0699019026431947
16.3644258234591,0.475095810153605,0.0420974363024684,2.36037619015123e-05,-0.106956755820447,-0.053338787481896,0.0107575164501524,0,0,0,0,0,0,0,0,0,-0.902647051857138,0.0983546243192243,0.0701756158364519
16.3744285287301,0.47551689956089,0.042097665934107,2.23065952852104e-05,-0.107489748960262,-0.0532309241413559,0.0108092948224594,0,0,0,0,0,0,0,0,0,-0.901659728893569,0.0990579462382091,0.0704521300050412
16.3844312340012,0.475937991199865,0.0420978824842796,2.09881989068416e-05,-0.108021660586795,-0.0531225435499241,0.01086093864471,0,0,0,0,0,0,0,0,0,-0.900665356975183,0.0997640481035424,0.070731464251672
16.3944339392723,0.47635908493862,0.0420980857413141,1.96487097466107e-05,-0.108552485532872,-0.0530136470536125,0.0109124478885137,0,0,0,0,0,0,0,0,0,-0.899663908153913,0.10047295821881,0.0710136375334116
16.4044366445433,0.476780180643134,0.0420982754949206,1.82882670907474e-05,-0.109082218644779,-0.0529042359986846,0.0109638225319955,0,0,0,0,0,0,0,0,0,-0.898655354197634,0.101184705076488,0.0712986686586399
16.4144393498144,0.477201278177291,0.0420984515362131,1.6907012458755e-05,-0.109610854782273,-0.0527943117315906,0.0110150625595902,0,0,0,0,0,0,0,0,0,-0.897639666588274,0.101899317356433,0.0715865762792822
16.4244420550855,0.477622377402892,0.0420986136577327,1.55050895306625e-05,-0.110138388818578,-0.052683875598906,0.0110661679618372,0,0,0,0,0,0,0,0,0,-0.896616816519956,0.10261682392426,0.0718773788883068
16.4344447603565,0.47804347817967,0.0420987616534675,1.40826440742749e-05,-0.110664815640389,-0.052572928947271,0.0111171387351745,0,0,0,0,0,0,0,0,0,-0.89558677489714,0.103337253829785,0.0721710948166792
16.4444474656276,0.478464580365304,0.0420988953188745,1.26398238724229e-05,-0.11119013014787,-0.052461473123333,0.0111679748817336,0,0,0,0,0,0,0,0,0,-0.894549512332795,0.104060636305343,0.0724677422225416
16.4544501708986,0.478885683815436,0.0420990144508981,1.11767786502155e-05,-0.111714327254656,-0.0523495094736903,0.0112186764091335,0,0,0,0,0,0,0,0,0,-0.893504999146577,0.104787000764008,0.0727673390878808
16.4644528761697,0.479306788383683,0.0420991188479902,9.69366000228882e-06,-0.112237401887849,-0.0522370393448385,0.0112692433302755,0,0,0,0,0,0,0,0,0,-0.892453205363033,0.105516376797854,0.0730699032157594
16.4744555814408,0.479727893921655,0.0420992083101278,8.19062132005822e-06,-0.112759348988023,-0.0521240640831186,0.0113196756631376,0,0,0,0,0,0,0,0,0,-0.891394100709819,0.106248794176113,0.073375452221437
16.4844582867118,0.480149000278967,0.0420992826388312,6.66781771896822e-06,-0.113280163509213,-0.052010585034667,0.0113699734305688,0,0,0,0,0,0,0,0,0,-0.890327654615934,0.106984282843258,0.073684003527652
16.4944609919829,0.480570107303258,0.0420993416371804,5.12540596574363e-06,-0.113799840418921,-0.0518966035453685,0.0114201366600836,0,0,0,0,0,0,0,0,0,-0.889253836209984,0.107722872917071,0.0739955743574103
16.504463697254,0.480991214840205,0.0420993851098314,3.56354440563941e-06,-0.114318374698111,-0.0517821209608098,0.0114701653836567,0,0,0,0,0,0,0,0,0,-0.888172614318451,0.108464594686578,0.0743101817251099
16.514466402525,0.481412322733539,0.0420994128630318,1.98239288969235e-06,-0.114835761341201,-0.0516671386262364,0.0115200596375171,0,0,0,0,0,0,0,0,0,-0.887083957463994,0.109209478609942,0.0746278424357082
16.5244691077961,0.48183343082506,0.0420994247046353,3.82112701971578e-07,-0.115351995356066,-0.0515516578865112,0.0115698194619427,0,0,0,0,0,0,0,0,0,-0.885987833863768,0.109957555312378,0.0749485730758439
16.5344718130671,0.482254538954654,0.0420994204441159,-1.23713351317141e-06,-0.11586707176403,-0.0514356800860746,0.0116194449010548,0,0,0,0,0,0,0,0,0,-0.884884211427761,0.11070885558387,0.0752723900027394
16.5444745183382,0.482675646960312,0.0420993998925808,-2.87518182385132e-06,-0.116380985599865,-0.0513192065689074,0.0116689360026124,0,0,0,0,0,0,0,0,0,-0.883773057757163,0.111463410376869,0.0755993093397653
16.5544772236093,0.48309675467814,0.0420993628627831,-4.53186708339912e-06,-0.116893731911781,-0.0512022386784952,0.011718292817807,0,0,0,0,0,0,0,0,0,-0.882654340142747,0.112221250803914,0.0759293469695057
16.5644799288803,0.483517861942382,0.0420993091691336,-6.20702300310986e-06,-0.117405305761425,-0.0510847777577955,0.0117675154010567,0,0,0,0,0,0,0,0,0,-0.88152802556328,0.11298240813519,0.076262518526542
16.5744826341514,0.483938968585434,0.042099238627712,-7.90048222499395e-06,-0.117915702223876,-0.050966825149206,0.0118166038098006,0,0,0,0,0,0,0,0,0,-0.880394080683964,0.113746913796014,0.0765988393869145
16.5844853394225,0.484360074437858,0.0420991510562769,-9.61207639452495e-06,-0.118424916387635,-0.0508483821945355,0.0118655581042938,0,0,0,0,0,0,0,0,0,-0.879252471854891,0.114514799364175,0.0769383246600774
16.5944880446935,0.484781179328405,0.0420990462742757,-1.13416362333903e-05,-0.118932943354623,-0.0507294502349772,0.0119143783474011,0,0,0,0,0,0,0,0,0,-0.878103165109535,0.115286096567262,0.0772809891833471
16.6044907499646,0.485202283084026,0.0420989241028533,-1.30889916122386e-05,-0.119439778240174,-0.050610030611083,0.011963064604392,0,0,0,0,0,0,0,0,0,-0.876946126163264,0.11606083727989,0.077626847510811
16.6144934552357,0.485623385529893,0.0420987843648602,-1.48539716234305e-05,-0.119945416173028,-0.0504901246627409,0.0120116169427351,0,0,0,0,0,0,0,0,0,-0.875781320411887,0.116839053520807,0.0779759139041729
16.6244961605067,0.486044486489414,0.0420986268848602,-1.66364046537881e-05,-0.120449852295321,-0.0503697337291537,0.0120600354318922,0,0,0,0,0,0,0,0,0,-0.874608712930227,0.11762077744994,0.0783282023249789
16.6344988657778,0.486465585784249,0.0420984514891369,-1.84361184573433e-05,-0.120953081762585,-0.0502488591488205,0.0121083201431132,0,0,0,0,0,0,0,0,0,-0.873428268470717,0.118406041365344,0.0786837264229739
16.6445015710488,0.486886683234333,0.0420982580056996,-2.02529402280871e-05,-0.121455099743735,-0.0501275022595196,0.0121564711492302,0,0,0,0,0,0,0,0,0,-0.872239951462045,0.119194877700016,0.079042499528888
16.6545042763199,0.487307778657885,0.0420980462642887,-2.20866966727204e-05,-0.121955901421065,-0.0500056643982936,0.0122044885244521,0,0,0,0,0,0,0,0,0,-0.87104372600781,0.119987319018696,0.079404534643891
16.664506981591,0.487728871871433,0.0420978160963801,-2.39372140834015e-05,-0.122455481990237,-0.0498833469014369,0.0122523723441592,0,0,0,0,0,0,0,0,0,-0.869839555885227,0.120783398014474,0.0797698444251687
16.674509686862,0.488149962689826,0.0420975673351891,-2.58043184104969e-05,-0.122953836660278,-0.0497605511044847,0.0123001226846974,0,0,0,0,0,0,0,0,0,-0.868627404543858,0.121583147505303,0.080138441180656
16.6845123921331,0.488571050926253,0.0420972998156731,-2.76878353353279e-05,-0.12345096065357,-0.0496372783422049,0.0123477396231728,0,0,0,0,0,0,0,0,0,-0.86740723510438,0.122386600430499,0.0805103368598778
16.6945150974042,0.488992136392264,0.0420970133745346,-2.95875903429244e-05,-0.123946849205841,-0.0495135299485908,0.0123952232372459,0,0,0,0,0,0,0,0,0,-0.86617901035739,0.123193789847069,0.0808855430356436
16.7045178026752,0.48941321889778,0.042096707850222,-3.15034087947705e-05,-0.12444149756616,-0.0493893072568573,0.0124425736049267,0,0,0,0,0,0,0,0,0,-0.864942692762249,0.12400474892585,0.0812640708935038
16.7145205079463,0.489834298251119,0.0420963830829313,-3.34351160015548e-05,-0.124934900996927,-0.0492646115994378,0.0124897908043683,0,0,0,0,0,0,0,0,0,-0.863698244445955,0.124819510947618,0.081645931227311
16.7245232132173,0.490255374259005,0.0420960389146054,-3.53825372959205e-05,-0.125427054773867,-0.0491394443079844,0.0125368749136619,0,0,0,0,0,0,0,0,0,-0.862445627202074,0.125638109299146,0.0820311344200809
16.7345259184884,0.490676446726594,0.0420956751889343,-3.7345498105213e-05,-0.125917954186019,-0.0490138067133691,0.0125838260106313,0,0,0,0,0,0,0,0,0,-0.86118480248969,0.126460577468928,0.0824196904348383
16.7445286237595,0.491097515457483,0.0420952917513531,-3.93238240242316e-05,-0.126407594535734,-0.0488877001456875,0.012630644172627,0,0,0,0,0,0,0,0,0,-0.859915731432414,0.12728694904305,0.0828116088051837
16.7545313290305,0.491518580253736,0.0420948884490404,-4.13173408879775e-05,-0.12689597113866,-0.0487611259342649,0.0126773294763208,0,0,0,0,0,0,0,0,0,-0.858638374817429,0.12811725770073,0.083206898609216
16.7645340343016,0.491939640915894,0.0420944651309156,-4.33258748444023e-05,-0.127383079323741,-0.0486340854076639,0.0127238819975004,0,0,0,0,0,0,0,0,0,-0.857352693094579,0.128951537209664,0.0836055684687003
16.7745367395727,0.492360697242996,0.042094021647635,-4.5349252427158e-05,-0.127868914433204,-0.0485065798936943,0.0127703018108637,0,0,0,0,0,0,0,0,0,-0.856058646375511,0.129789821421554,0.0840076265379782
16.7845394448437,0.492781749032596,0.0420935578515878,-4.73873006283481e-05,-0.128353471822556,-0.0483786107194249,0.0128165889898133,0,0,0,0,0,0,0,0,0,-0.854756194432852,0.130632144267226,0.084413080478995
16.7945421501148,0.493202796080781,0.0420930735968913,-4.94398469712722e-05,-0.128836746860574,-0.0482501792111977,0.0128627436062509,0,0,0,0,0,0,0,0,0,-0.853445296699447,0.131478539751662,0.0848219374515862
16.8045448553858,0.493623838182187,0.0420925687393849,-5.1506719583182e-05,-0.129318734929297,-0.048121286694644,0.0129087657303718,0,0,0,0,0,0,0,0,0,-0.852125912267641,0.132329041948924,0.0852342041010066
16.8145475606569,0.494044875130015,0.0420920431366241,-5.35877472680235e-05,-0.129799431424023,-0.0479919344947021,0.0129546554304594,0,0,0,0,0,0,0,0,0,-0.850797999888613,0.133183684996934,0.0856498865409979
16.824550265928,0.494465906716053,0.0420914966478729,-5.56827595791926e-05,-0.130278831753297,-0.0478621239356379,0.0130004127726796,0,0,0,0,0,0,0,0,0,-0.849461517971764,0.134042503092063,0.0860689903365962
16.834552971199,0.494886932730686,0.0420909291340962,-5.77915868922796e-05,-0.13075693133891,-0.0477318563410667,0.0130460378208752,0,0,0,0,0,0,0,0,0,-0.848116424584162,0.134905530483564,0.086491520493033
16.8445556764701,0.49530795296292,0.0420903404579514,-5.99140604778215e-05,-0.131233725615886,-0.0476011330339778,0.0130915306363605,0,0,0,0,0,0,0,0,0,-0.846762677450037,0.135772801467939,0.0869174814349252
16.8545583817412,0.495728967200393,0.0420897304837787,-6.20500125740506e-05,-0.131709210032481,-0.0474699553367607,0.0131368912777156,0,0,0,0,0,0,0,0,0,-0.845400233950341,0.136644350382957,0.0873468769901923
16.8645610870122,0.496149975229396,0.0420890990775912,-6.41992764596418e-05,-0.132183380050178,-0.0473383245712336,0.013182119800581,0,0,0,0,0,0,0,0,0,-0.844029051122364,0.1375202116017,0.0877797103814591
16.8745637922833,0.496570976834887,0.0420884461070643,-6.6361686526465e-05,-0.132656231143675,-0.0472062420586733,0.0132272162574517,0,0,0,0,0,0,0,0,0,-0.842649085659409,0.138400419526407,0.0882159841974748
16.8845664975544,0.496991971800511,0.0420877714415239,-6.85370783523323e-05,-0.133127758800886,-0.0470737091198486,0.0132721806974724,0,0,0,0,0,0,0,0,0,-0.841260293910536,0.139285008581948,0.0886557003767471
16.8945692028254,0.497412959908611,0.0420870749519345,-7.07252887737489e-05,-0.133597958522933,-0.0469407270750539,0.013317013166231,0,0,0,0,0,0,0,0,0,-0.839862631880364,0.140174013209344,0.0890988601972869
16.9045719080965,0.49783394094025,0.0420863565108858,-7.29261559586612e-05,-0.134066825824144,-0.0468072972441465,0.0133617137055537,0,0,0,0,0,0,0,0,0,-0.838456055228945,0.141067467859031,0.089545464253573
16.9145746133675,0.498254914675223,0.0420856159925797,-7.51395194792058e-05,-0.134534356232045,-0.046673420946585,0.0134062823532996,0,0,0,0,0,0,0,0,0,-0.837040519271706,0.141965406983922,0.0899955124363058
16.9245773186386,0.498675880892075,0.0420848532728151,-7.73652203844591e-05,-0.135000545287359,-0.0465390995014698,0.0134507191431542,0,0,0,0,0,0,0,0,0,-0.835615978979452,0.142867865032268,0.0904490039143821
16.9345800239097,0.499096839368117,0.0420840682289735,-7.96031012731884e-05,-0.135465388544003,-0.0464043342275864,0.0134950241044252,0,0,0,0,0,0,0,0,0,-0.834182388978458,0.143774876440355,0.0909059371165757
16.9445827291807,0.499517789879441,0.0420832607400024,-8.18530063665991e-05,-0.135928881569083,-0.0462691264434495,0.0135391972618356,0,0,0,0,0,0,0,0,0,-0.832739703550619,0.144686475625002,0.091366309708332
16.9545854344518,0.499938732200936,0.0420824306863994,-8.41147815810841e-05,-0.136391019942892,-0.0461334774673506,0.0135832386353193,0,0,0,0,0,0,0,0,0,-0.831287876633687,0.145602696975789,0.0918301185752816
16.9645881397229,0.500359666106304,0.0420815779501945,-8.63882746009742e-05,-0.13685179925891,-0.0459973886174064,0.0136271482398147,0,0,0,0,0,0,0,0,0,-0.829826861821577,0.146523574847233,0.0922973597993132
16.9745908449939,0.500780591368073,0.042080702414932,-8.86733349512868e-05,-0.137311215123801,-0.0458608612116104,0.0136709260850597,0,0,0,0,0,0,0,0,0,-0.828356612364767,0.147449143550529,0.092768028632713
16.984593550265,0.501201507757614,0.042079803965652,-9.09698140704745e-05,-0.13776926315741,-0.045723896567885,0.0137145721753858,0,0,0,0,0,0,0,0,0,-0.826877081170764,0.148379437345214,0.0932421194875545
16.994596255536,0.501622415045158,0.0420788824888707,-9.32775653831764e-05,-0.138225938992767,-0.0455864960041377,0.0137580865095131,0,0,0,0,0,0,0,0,0,-0.825388220804667,0.149314490430696,0.0937196259059626
17.0045989608071,0.502043312999805,0.0420779378725601,-9.5596444372965e-05,-0.138681238276084,-0.0454486608383173,0.0138014690803437,0,0,0,0,0,0,0,0,0,-0.82388998348981,0.150254336937317,0.094200540533445
17.0146016660782,0.502464201389543,0.0420769700061273,-9.79263086550982e-05,-0.139135156666757,-0.0453103923884738,0.0138447198747575,0,0,0,0,0,0,0,0,0,-0.822382321108501,0.151199010917358,0.0946848551049812
17.0246043713492,0.502885079981261,0.0420759787803927,-0.000100267018049265,-0.139587689837365,-0.0451716919728194,0.0138878388734055,0,0,0,0,0,0,0,0,0,-0.820865185202845,0.152148546335814,0.0951725604159734
17.0346070766203,0.503305948540762,0.0420749640875673,-0.000102618434652339,-0.140038833473676,-0.0450325609097917,0.0139308260505049,0,0,0,0,0,0,0,0,0,-0.819338526975665,0.153102977060824,0.0956636462956181
17.0446097818914,0.503726806832778,0.0420739258212302,-0.000104980422911124,-0.140488583274646,-0.0448930005181194,0.0139736813736335,0,0,0,0,0,0,0,0,0,-0.817802297291521,0.154062336853914,0.0961581015869397
17.0546124871624,0.504147654620985,0.0420728638763039,-0.000107352849695105,-0.140936934952424,-0.0447530121168896,0.0140164048035237,0,0,0,0,0,0,0,0,0,-0.816256446677823,0.155026659360023,0.0966559141195977
17.0646151924335,0.504568491668011,0.0420717781490305,-0.000109735584369199,-0.141383884232356,-0.044612597025617,0.0140589962938576,0,0,0,0,0,0,0,0,0,-0.81470092532605,0.155995978097201,0.0971570706815947
17.0746178977046,0.504989317735455,0.0420706685369459,-0.000112128498866501,-0.141829426852988,-0.044471756564316,0.0141014557910609,0,0,0,0,0,0,0,0,0,-0.813135683093068,0.156970326446078,0.0976615569976354
17.0846206029756,0.505410132583899,0.0420695349388538,-0.000114531467761035,-0.142273558566074,-0.044330492053574,0.0141437832340978,0,0,0,0,0,0,0,0,0,-0.811560669502564,0.157949737639122,0.0981693577016634
17.0946233082467,0.505830935972915,0.0420683772547991,-0.000116944368340506,-0.142716275136579,-0.0441888048146269,0.0141859785542652,0,0,0,0,0,0,0,0,0,-0.809975833746576,0.158934244749557,0.09868045630386
17.1046260135177,0.506251727661085,0.0420671953860401,-0.000119367080679042,-0.143157572342689,-0.0440466961694373,0.0142280416749871,0,0,0,0,0,0,0,0,0,-0.808381124687147,0.159923880679965,0.0991948351662165
17.1146287187888,0.506672507406006,0.0420659892350208,-0.000121799487709952,-0.143597445975816,-0.0439041674407737,0.0142699725116091,0,0,0,0,0,0,0,0,0,-0.806776490858084,0.160918678150715,0.0997124754786875
17.1246314240599,0.507093274964307,0.0420647587053412,-0.00012424147529847,-0.144035891840608,-0.0437612199522929,0.014311770971193,0,0,0,0,0,0,0,0,0,-0.805161880466845,0.161918669688088,0.100233357226738
17.1346341293309,0.50751403009166,0.0420635037017281,-0.000126692932314504,-0.144472905754959,-0.0436178550286235,0.0143534369523113,0,0,0,0,0,0,0,0,0,-0.803537241396539,0.162923887612052,0.100757459156929
17.144636834602,0.507934772542785,0.0420622241300048,-0.00012915375070539,-0.144908483550016,-0.0434740739954519,0.0143949703448413,0,0,0,0,0,0,0,0,0,-0.801902521208047,0.163934364023704,0.101284758753633
17.1546395398731,0.508355502071469,0.0420609198970593,-0.000131623825568635,-0.145342621070193,-0.0433298781796106,0.0144363710297598,0,0,0,0,0,0,0,0,0,-0.800257667142282,0.164950130792578,0.101815232208235
17.1646422451441,0.508776218430572,0.0420595909108133,-0.00013410305522467,-0.145775314173184,-0.0431852689091677,0.0144776388789376,0,0,0,0,0,0,0,0,0,-0.798602626122564,0.165971219543472,0.102348854382234
17.1746449504152,0.509196921372036,0.0420582370801888,-0.000136591341289602,-0.146206558729971,-0.0430402475135196,0.0145187737549338,0,0,0,0,0,0,0,0,0,-0.796937344757138,0.166997661643011,0.102885598783114
17.1846476556862,0.509617610646901,0.0420568583150753,-0.000139088588747955,-0.146636350624841,-0.0428948153234847,0.0145597755107902,0,0,0,0,0,0,0,0,0,-0.795261769341821,0.168029488186,0.103425437528832
17.1946503609573,0.510038286005307,0.0420554545262955,-0.000141594706025429,-0.147064685755403,-0.0427489736714002,0.0146006439898262,0,0,0,0,0,0,0,0,0,-0.793575845862794,0.169066729981275,0.103968341310375
17.2046530662284,0.510458947196506,0.0420540256255706,-0.000144109605061642,-0.147491560032597,-0.0426027238912195,0.0146413790254326,0,0,0,0,0,0,0,0,0,-0.791879519999531,0.170109417537298,0.104514279366508
17.2146557714994,0.510879593968875,0.0420525715254848,-0.000146633201382882,-0.147916969380718,-0.0424560673186134,0.0146819804408667,0,0,0,0,0,0,0,0,0,-0.790172737127878,0.171157581047516,0.105063219450487
17.2246584767705,0.511300226069916,0.0420510921394489,-0.000149165414174858,-0.148340909737428,-0.0423090052910721,0.014722448049046,0,0,0,0,0,0,0,0,0,-0.788455442323278,0.172211250375283,0.105615127779854
17.2346611820416,0.511720843246274,0.0420495873816636,-0.000151706166355448,-0.148763377053778,-0.0421615391480097,0.0147627816523437,0,0,0,0,0,0,0,0,0,-0.786727580364148,0.173270455038211,0.106169969021452
17.2446638873126,0.512141445243734,0.0420480571670816,-0.000154255384647442,-0.149184367294228,-0.0420136702308706,0.0148029810423818,0,0,0,0,0,0,0,0,0,-0.784989095735417,0.174335224192802,0.106727706255642
17.2546665925837,0.51256203180724,0.0420465014113692,-0.000156812999651306,-0.149603876436664,-0.0418653998832382,0.014843045999827,0,0,0,0,0,0,0,0,0,-0.783239932632217,0.175405586618075,0.107288300913884
17.2646692978547,0.51298260268089,0.0420449200308673,-0.000159378945917916,-0.150021900472426,-0.0417167294509455,0.0148829762941841,0,0,0,0,0,0,0,0,0,-0.78148003496374,0.176481570698951,0.107851712768752
17.2746720031258,0.513403157607952,0.0420433129425513,-0.000161953162021318,-0.150438435406324,-0.0415676602821878,0.0149227716835907,0,0,0,0,0,0,0,0,0,-0.779709346357265,0.177563204409685,0.108417899893715
17.2846747083969,0.513823696330866,0.0420416800639905,-0.000164535590631469,-0.150853477256669,-0.0414181937276374,0.014962431914612,0,0,0,0,0,0,0,0,0,-0.777927810162349,0.17865051529644,0.108986818614028
17.2946774136679,0.514244218591249,0.0420400213133072,-0.000167126178586995,-0.151267022055293,-0.0412683311405602,0.0150019567220348,0,0,0,0,0,0,0,0,0,-0.776135369455198,0.179743530459739,0.109558423474554
17.304680118939,0.514664724129903,0.042038336609134,-0.000169724876967932,-0.151679065847579,-0.0411180738769349,0.0150413458286624,0,0,0,0,0,0,0,0,0,-0.774331967043211,0.180842276536396,0.110132667199823
17.3146828242101,0.515085212686818,0.0420366258705714,-0.000172331641168481,-0.152089604692488,-0.0409674232955736,0.0150805989451087,0,0,0,0,0,0,0,0,0,-0.772517545469714,0.181946779681171,0.110709500659356
17.3246855294811,0.515505684001176,0.0420348890171442,-0.000174946430969755,-0.152498634662587,-0.0408163807582449,0.0151197157695927,0,0,0,0,0,0,0,0,0,-0.770692047018872,0.183057065548001,0.111288872821613
17.3346882347522,0.515926137811358,0.0420331259687574,-0.000177569210612529,-0.152906151844078,-0.0406649476297989,0.015158695987733,0,0,0,0,0,0,0,0,0,-0.76885541372079,0.184173159270737,0.111870730712651
17.3446909400233,0.516346573854944,0.0420313366456509,-0.000180199948869987,-0.153312152336833,-0.0405131252782941,0.0151975392723425,0,0,0,0,0,0,0,0,0,-0.76700758735682,0.185295085443555,0.112455019379526
17.3546936452943,0.516766991868718,0.042029520968354,-0.000182838619120475,-0.153716632254426,-0.040360915075127,0.0152362452832223,0,0,0,0,0,0,0,0,0,-0.765148509465053,0.186422868100948,0.113041681847001
17.3646963505654,0.51718739158867,0.042027678857639,-0.000185485199420249,-0.154119587724162,-0.0402083183951625,0.0152748136669569,0,0,0,0,0,0,0,0,0,-0.76327812134602,0.187556530697276,0.113630659075941
17.3746990558364,0.517607772749999,0.042025810234474,-0.000188139672576225,-0.154521014887121,-0.0400553366168679,0.0153132440567078,0,0,0,0,0,0,0,0,0,-0.761396364068597,0.188696096085934,0.114221889918101
17.3847017611075,0.518028135087114,0.042023915019975,-0.000190802026218723,-0.154920909898185,-0.0399019711224477,0.0153515360720087,0,0,0,0,0,0,0,0,0,-0.759503178476124,0.189841586497985,0.114815311073669
17.3947044663786,0.518448478333636,0.0420219931353573,-0.000193472252874224,-0.155319268926086,-0.0397482232979812,0.0153896893185596,0,0,0,0,0,0,0,0,0,-0.757598505192737,0.190993023520485,0.115410857051616
17.4047071716496,0.518868802222399,0.0420200445018862,-0.000196150350038114,-0.155716088153438,-0.0395940945335617,0.015427703388021,0,0,0,0,0,0,0,0,0,-0.755682284629915,0.192150428074322,0.116008460115027
17.4147098769207,0.519289106485446,0.0420180690408268,-0.000198836320247439,-0.156111363776779,-0.0394395862234382,0.0154655778578091,0,0,0,0,0,0,0,0,0,-0.753754456993265,0.193313820391446,0.116608050245611
17.4247125821918,0.519709390854036,0.0420160666733934,-0.000201530171153643,-0.156505092006617,-0.0392846997661586,0.0155033122908894,0,0,0,0,0,0,0,0,0,-0.751814962289518,0.194483219992002,0.117209555105685
17.4347152874628,0.520129655058637,0.0420140373206979,-0.000204231915595332,-0.156897269067471,-0.0391294365647158,0.0155409062355719,0,0,0,0,0,0,0,0,0,-0.74986374033377,0.195658645660795,0.117812899972152
17.4447179927339,0.52054989882893,0.0420119809036975,-0.000206941571671011,-0.157287891197916,-0.0389737980266946,0.0155783592253049,0,0,0,0,0,0,0,0,0,-0.747900730756957,0.196840115423103,0.118418007698229
17.4547206980049,0.520970121893801,0.0420098973431417,-0.000209659162811841,-0.157676954650629,-0.0388177855644219,0.01561567077847,0,0,0,0,0,0,0,0,0,-0.745925873013571,0.198027646520379,0.119024798676816
17.464723403276,0.521390323981344,0.0420077865595186,-0.000212384717854387,-0.158064455692442,-0.0386614005951184,0.0156528403981762,0,0,0,0,0,0,0,0,0,-0.743939106389626,0.199221255385327,0.119633190782526
17.4747261085471,0.521810504818855,0.0420056484730008,-0.000215118271113363,-0.158450390604384,-0.0385046445410522,0.0156898675720545,0,0,0,0,0,0,0,0,0,-0.74194037001087,0.200420957616447,0.120243099325915
17.4847288138181,0.522230664132833,0.0420034830033896,-0.000217859862454386,-0.158834755681739,-0.0383475188296947,0.0157267517720523,0,0,0,0,0,0,0,0,0,-0.739929602851263,0.201626767952199,0.120854437009088
17.4947315190892,0.522650801648967,0.0420012900700598,-0.000220609537366722,-0.159217547234096,-0.0381900248938786,0.0157634924542279,0,0,0,0,0,0,0,0,0,-0.737906743741705,0.202838700244652,0.121467113873835
17.5047342243603,0.523070917092142,0.0419990695919026,-0.000223367347036036,-0.159598761585403,-0.0380321641719578,0.0158000890585448,0,0,0,0,0,0,0,0,0,-0.735871731379037,0.204056767432613,0.122081037253356
17.5147369296313,0.523491010186427,0.0419968214872682,-0.000226133348417147,-0.159978395074025,-0.0378739381079695,0.0158365410086665,0,0,0,0,0,0,0,0,0,-0.733824504335316,0.205280981514314,0.12269611172399
17.5247396349024,0.523911080655072,0.0419945456739084,-0.000228907604306769,-0.160356444052798,-0.0377153481517981,0.0158728477117507,0,0,0,0,0,0,0,0,0,-0.731765001067353,0.206511353519574,0.123312239055848
17.5347423401735,0.5243311282205,0.041992242068917,-0.000231690183416264,-0.160732904889092,-0.0375563957593415,0.0159090085582436,0,0,0,0,0,0,0,0,0,-0.729693159926547,0.207747893481495,0.123929318163698
17.5447450454445,0.524751152604302,0.0419899105886706,-0.000234481160444391,-0.161107773964872,-0.0373970823926793,0.0159450229216747,0,0,0,0,0,0,0,0,0,-0.727608919168994,0.208990610407644,0.124547245052044
17.5547477507156,0.52517115352723,0.0419875511487686,-0.000237280616150055,-0.161481047676758,-0.0372374095202428,0.0159808901584511,0,0,0,0,0,0,0,0,0,-0.725512216965892,0.210239512250652,0.125165912775467
17.5647504559866,0.525591130709184,0.0419851636639719,-0.000240088637425058,-0.16185272243609,-0.0370773786169875,0.0160166096076519,0,0,0,0,0,0,0,0,0,-0.723402991414243,0.211494605878597,0.125785211378969
17.5747531612577,0.52601108386921,0.0419827480481411,-0.000242905317366848,-0.162222794668997,-0.0369169911645675,0.0160521805908226,0,0,0,0,0,0,0,0,0,-0.721281180547846,0.212755897044416,0.126405027838654
17.5847558665288,0.526431012725488,0.0419803042141745,-0.000245730755351263,-0.162591260816461,-0.0367562486515117,0.0160876024117698,0,0,0,0,0,0,0,0,0,-0.719146722348611,0.214023390355098,0.127025246039334
17.5947585717998,0.526850916995319,0.0419778320739443,-0.000248565057105291,-0.162958117334389,-0.0365951525734025,0.0161228743563556,0,0,0,0,0,0,0,0,0,-0.716999554758174,0.215297089240648,0.12764574669801
17.6047612770709,0.527270796395118,0.0419753315382335,-0.000251408334779807,-0.163323360693685,-0.0364337044330562,0.0161579956922917,0,0,0,0,0,0,0,0,0,-0.714839615689827,0.216576995921749,0.128266407308333
17.614763982342,0.527690650640405,0.0419728025166706,-0.000254260707022331,-0.163686987380319,-0.0362719057407057,0.0161929656689343,0,0,0,0,0,0,0,0,0,-0.712666843040779,0.217863111377615,0.128887102122769
17.624766687613,0.528110479445784,0.0419702449176646,-0.000257122299049774,-0.16404899389541,-0.0361097580141847,0.0162277835170783,0,0,0,0,0,0,0,0,0,-0.710481174704733,0.2191554353133,0.129507702073318
17.6347693928841,0.528530282524942,0.0419676586483388,-0.000259993242721187,-0.164409376755294,-0.0359472627791151,0.0162624484487518,0,0,0,0,0,0,0,0,0,-0.708282548584798,0.220453966125959,0.130128074716852
17.6447720981551,0.528950059590628,0.0419650436144639,-0.000262873676610515,-0.164768132491609,-0.0357844215690952,0.0162969596570106,0,0,0,0,0,0,0,0,0,-0.706070902606743,0.221758700871067,0.130748084203941
17.6547748034262,0.529369810354642,0.0419623997203909,-0.000265763746079338,-0.165125257651374,-0.0356212359258905,0.0163313163157327,0,0,0,0,0,0,0,0,0,-0.703846174732584,0.223069635228055,0.131367591215369
17.6647775086973,0.529789534527817,0.0419597268689824,-0.000268663603349627,-0.165480748797071,-0.035457707399627,0.0163655175794127,0,0,0,0,0,0,0,0,0,-0.701608302974523,0.22438676346526,0.131986452911081
17.6747802139683,0.530209231820012,0.0419570249615435,-0.00027157340757649,-0.165834602506729,-0.0352938375489858,0.0163995625829559,0,0,0,0,0,0,0,0,0,-0.699357225409242,0.22571007840454,0.132604522883873
17.6847829192394,0.530628901940085,0.0419542938977527,-0.000274493324920922,-0.166186815374015,-0.0351296279413999,0.0164334504414736,0,0,0,0,0,0,0,0,0,-0.697092880192545,0.227039571385295,0.133221651107226
17.6947856245105,0.531048544595887,0.041951533575591,-0.000277423528622557,-0.166537384008315,-0.0349650801532538,0.0164671802500766,0,0,0,0,0,0,0,0,0,-0.694815205574371,0.22837523222804,0.133837683883981
17.7047883297815,0.531468159494237,0.0419487438912708,-0.000280364199072413,-0.166886305034831,-0.0348001957700838,0.0165007510836704,0,0,0,0,0,0,0,0,0,-0.69252413991417,0.229717049197401,0.134452463794205
17.7147910350526,0.531887746340906,0.0419459247391639,-0.000283315523885646,-0.167233575094671,-0.0346349763867818,0.0165341619967492,0,0,0,0,0,0,0,0,0,-0.690219621696652,0.231065008964643,0.135065829649966
17.7247937403236,0.532307304840602,0.0419430760117293,-0.00028627769797429,-0.167579190844945,-0.0344694236078003,0.0165674120231905,0,0,0,0,0,0,0,0,0,-0.687901589547912,0.232419096569762,0.135677616443724
17.7347964455947,0.532726834696944,0.0419401975994392,-0.000289250923620022,-0.167923148958857,-0.0343035390473596,0.0166005001760495,0,0,0,0,0,0,0,0,0,-0.685569982251943,0.233779295382977,0.1362876552998
17.7447991508658,0.533146335612448,0.0419372893907057,-0.000292235410546895,-0.168265446125812,-0.0341373243296569,0.0166334254473539,0,0,0,0,0,0,0,0,0,-0.683224738767527,0.235145587065858,0.136895773427768
17.7548018561368,0.533565807288502,0.0419343512718051,-0.000295231375994097,-0.168606079051508,-0.033970781089078,0.0166661868078976,0,0,0,0,0,0,0,0,0,-0.680865798245522,0.236517951531882,0.137501794070853
17.7648045614079,0.533985249425345,0.0419313831268031,-0.000298239044788701,-0.168945044458046,-0.0338039109704108,0.016698783207036,0,0,0,0,0,0,0,0,0,-0.678493100046549,0.237896366906524,0.138105536462107
17.774807266679,0.534404661722045,0.0419283848374784,-0.000301258649418404,-0.169282339084031,-0.0336367156290603,0.0167312135724799,0,0,0,0,0,0,0,0,0,-0.676106583759077,0.239280809486947,0.138706815780294
17.78480997195,0.534824043876477,0.0419253562832452,-0.000304290430104291,-0.16961795968468,-0.0334691967312664,0.0167634768100902,0,0,0,0,0,0,0,0,0,-0.67370618921791,0.2406712537012,0.13930544310191
17.7948126772211,0.535243395585296,0.0419222973410761,-0.000307334634873572,-0.169951903031933,-0.0333013559543237,0.0167955718036722,0,0,0,0,0,0,0,0,0,-0.671291856523096,0.242067672066953,0.139901225353455
17.8048153824922,0.535662716543915,0.0419192078854235,-0.000310391519632337,-0.170284165914563,-0.0331331949868027,0.0168274974147701,0,0,0,0,0,0,0,0,0,-0.668863526059234,0.243470035149742,0.140493965274552
17.8148180877632,0.536082006446478,0.0419160877881402,-0.000313461348238304,-0.170614745138293,-0.0329647155287739,0.0168592524824615,0,0,0,0,0,0,0,0,0,-0.666421138515219,0.244878311520962,0.141083461375215
17.8248207930343,0.536501264985834,0.0419129369183995,-0.000316544392573572,-0.170943637525905,-0.0327959192920334,0.016890835823152,0,0,0,0,0,0,0,0,0,-0.663964634904395,0.246292467715258,0.141669507887036
17.8348234983053,0.53692049185351,0.041909755142615,-0.000319640932617364,-0.171270839917367,-0.0326268080003304,0.0169222462303693,0,0,0,0,0,0,0,0,0,-0.661493956585142,0.247712468187543,0.142251894731275
17.8448262035764,0.53733968673968,0.0419065423243587,-0.000322751256518777,-0.17159634916995,-0.0324573833895978,0.0169534824745579,0,0,0,0,0,0,0,0,0,-0.6590090452819,0.249138275269752,0.142830407478913
17.8548289088475,0.537758849333142,0.0419032983242794,-0.00032587566066954,-0.171920162158348,-0.0322876472081833,0.0169845433028734,0,0,0,0,0,0,0,0,0,-0.656509843106614,0.250569849127057,0.143404827308502
17.8648316141185,0.538177979321284,0.0419000230000194,-0.00032901444977675,-0.172242275774809,-0.032117601217084,0.0170154274389773,0,0,0,0,0,0,0,0,0,-0.653996292580634,0.252007147713781,0.143974930974791
17.8748343193896,0.538597076390055,0.0418967162061315,-0.000332167936935632,-0.172562686929259,-0.0319472471901822,0.0170461335828308,0,0,0,0,0,0,0,0,0,-0.65146833665705,0.253450126728982,0.144540490775737
17.8848370246607,0.539016140223933,0.0418933777939942,-0.000335336443702286,-0.172881392549433,-0.0317765869144832,0.0170766604104901,0,0,0,0,0,0,0,0,0,-0.648925918743467,0.25489873957171,0.145101274515329
17.8948397299317,0.539435170505892,0.0418900076117269,-0.000338520300166431,-0.173198389581007,-0.0316056221903562,0.0171070065739002,0,0,0,0,0,0,0,0,0,-0.646368982725247,0.256352937295847,0.14565704547612
17.9048424352028,0.539854166917372,0.0418866055041046,-0.000341719845024161,-0.173513674987734,-0.0314343548317757,0.0171371707006894,0,0,0,0,0,0,0,0,0,-0.643797472989184,0.257812668564813,0.146207562391206
17.9148451404738,0.540273129138242,0.0418831713124708,-0.000344935425650689,-0.173827245751582,-0.0312627866665661,0.0171671513939641,0,0,0,0,0,0,0,0,0,-0.641211334447647,0.259277879605847,0.146752579412884
17.9248478457449,0.540692056846768,0.0418797048746505,-0.0003481673981731,-0.174139098872869,-0.0310909195366483,0.0171969472321032,0,0,0,0,0,0,0,0,0,-0.638610512563177,0.260748514164084,0.147291846092685
17.934850551016,0.541110949719574,0.0418762060248627,-0.000351416127543099,-0.174449231370413,-0.0309187552982875,0.0172265567685521,0,0,0,0,0,0,0,0,0,-0.635994953373545,0.262224513456439,0.147825107357501
17.944853256287,0.541529807431608,0.0418726745936311,-0.000354681987609763,-0.17475764028167,-0.030746295822344,0.0172559785316177,0,0,0,0,0,0,0,0,0,-0.633364603517272,0.263705816125204,0.148352103488242
17.9548559615581,0.541948629656105,0.0418691104076955,-0.000357965361192283,-0.175064322662883,-0.0305735429945256,0.0172852110242625,0,0,0,0,0,0,0,0,0,-0.630719410259614,0.265192358191509,0.148872570105126
17.9648586668292,0.542367416064546,0.0418655132899209,-0.000361266640152718,-0.175369275589235,-0.0304004987156422,0.0173142527238992,0,0,0,0,0,0,0,0,0,-0.628059321519016,0.266684073008619,0.149386238144924
17.9748613721002,0.542786166326621,0.0418618830592074,-0.000364586225468751,-0.175672496154996,-0.0302271649018622,0.0173431020821853,0,0,0,0,0,0,0,0,0,-0.62538428589403,0.268180891214942,0.149892833855701
17.9848640773713,0.543204880110189,0.0418582195303981,-0.000367924527306423,-0.175973981473683,-0.0300535434849715,0.0173717575248172,0,0,0,0,0,0,0,0,0,-0.622694252690708,0.269682740687225,0.150392078793209
17.9948667826424,0.543623557081234,0.0418545225141874,-0.000371281965092896,-0.176273728678214,-0.0298796364126338,0.0174002174513249,0,0,0,0,0,0,0,0,0,-0.619989171950457,0.271189546493484,0.150883689798135
18.0048694879134,0.54404219690383,0.0418507918170273,-0.000374658967589196,-0.176571734921071,-0.0297054456486535,0.0174284802348664,0,0,0,0,0,0,0,0,0,-0.617268994478373,0.272701230845747,0.151367378999977
18.0148721931845,0.544460799240088,0.0418470272410342,-0.000378055972962962,-0.176867997374458,-0.0295309731732408,0.0174565442220221,0,0,0,0,0,0,0,0,0,-0.614533671872044,0.274217713053064,0.151842853820395
18.0248748984555,0.54487936375012,0.0418432285838944,-0.0003814734288612,-0.177162513230474,-0.0293562209832783,0.0174844077325894,0,0,0,0,0,0,0,0,0,-0.611783156550824,0.275738909474312,0.152309816970972
18.0348776037266,0.545297890091993,0.0418393956387687,-0.000384911792483026,-0.177455279701273,-0.0291811910925897,0.0175120690593769,0,0,0,0,0,0,0,0,0,-0.609017401785573,0.277264733471164,0.152767966462647
18.0448803089977,0.545716377921679,0.0418355281941966,-0.000388371530652422,-0.17774629401924,-0.0290058855322114,0.0175395264679991,0,0,0,0,0,0,0,0,0,-0.60623636172888,0.278795095361083,0.153216995612395
18.0548830142687,0.546134826893015,0.0418316260339997,-0.000391853119890977,-0.178035553437163,-0.0288303063506651,0.0175667781966708,0,0,0,0,0,0,0,0,0,-0.603439991445743,0.280329902370421,0.153656593063162
18.0648857195398,0.546553236657648,0.0418276889371841,-0.000395357046490642,-0.17832305522841,-0.0286544556142331,0.0175938224560015,0,0,0,0,0,0,0,0,0,-0.600628246944725,0.281869058587816,0.154086442795549
18.0748884248109,0.546971606864992,0.0418237166778427,-0.000398883806586485,-0.178608796687107,-0.028478335407235,0.0176206574287899,0,0,0,0,0,0,0,0,0,-0.597801085209571,0.283412464917522,0.154506224141674
18.0848911300819,0.547389937162176,0.0418197090250563,-0.000402433906229425,-0.178892775128319,-0.0283019478323078,0.017647281269818,0,0,0,0,0,0,0,0,0,-0.594958464231295,0.284960019033084,0.154915611827326
18.094893835353,0.547808227193994,0.0418156657427935,-0.000406007861458993,-0.179174987888237,-0.0281252950106862,0.0176736921056464,0,0,0,0,0,0,0,0,0,-0.592100343040722,0.286511615331512,0.155314275999163
18.104896540624,0.548226476602852,0.0418115865898113,-0.000409606198376078,-0.179455432324365,-0.0279483790824867,0.0176998880344078,0,0,0,0,0,0,0,0,0,-0.5892266817415,0.288067144887501,0.15570188224912
18.1148992458951,0.548644685028718,0.0418074713195533,-0.000413229453215681,-0.179734105815707,-0.0277712022069924,0.017725867125602,0,0,0,0,0,0,0,0,0,-0.58633744154355,0.289626495408088,0.156078091656851
18.1249019511662,0.549062852109065,0.0418033196800486,-0.000416878172419652,-0.180011005762967,-0.0275937665629409,0.0177516274198904,0,0,0,0,0,0,0,0,0,-0.583432584796984,0.291189551187727,0.156442560838828
18.1349046564372,0.549480977478819,0.0417991314138088,-0.000420552912709454,-0.180286129588735,-0.0274160743488135,0.0177771669288901,0,0,0,0,0,0,0,0,0,-0.580512075026462,0.29275619306393,0.156794941994401
18.1449073617083,0.549899060770304,0.0417949062577251,-0.0004242542411589,-0.180559474737698,-0.0272381277831266,0.0178024836349686,0,0,0,0,0,0,0,0,0,-0.57757587696599,0.294326298373254,0.15713488295904
18.1549100669794,0.55031710161318,0.0417906439429646,-0.000427982735266912,-0.180831038676831,-0.0270599291047259,0.0178275754910381,0,0,0,0,0,0,0,0,0,-0.574623956594161,0.295899740908014,0.157462027255676
18.1649127722504,0.550735099634392,0.0417863441948651,-0.000431738983030264,-0.181100818895607,-0.0268814805730814,0.0178524404203502,0,0,0,0,0,0,0,0,0,-0.571656281169817,0.297476390873299,0.157776014168207
18.1749154775215,0.551153054458106,0.0417820067328303,-0.000435523583016334,-0.181368812906207,-0.0267027844685857,0.0178770763162902,0,0,0,0,0,0,0,0,0,-0.568672819268151,0.29905611484515,0.158076478825809
18.1849181827925,0.551570965705654,0.0417776312702231,-0.000439337144435852,-0.181635018243725,-0.0265238430928531,0.0179014810421713,0,0,0,0,0,0,0,0,0,-0.565673540817206,0.300638775729263,0.158363052247637
18.1949208880636,0.551988832995466,0.0417732175142594,-0.000443180287215651,-0.181899432466386,-0.0263446587690221,0.0179256524310297,0,0,0,0,0,0,0,0,0,-0.562658417134805,0.302224232720068,0.158635361431565
18.2049235933347,0.552406655943017,0.0417687651659002,-0.000447053642071415,-0.182162053155761,-0.0261652338420588,0.0179495882854182,0,0,0,0,0,0,0,0,0,-0.559627420965862,0.3038123412612,0.158893029460991
18.2149262986057,0.552824434160754,0.0417642739197433,-0.000450957850580427,-0.182422877916989,-0.0259855706790631,0.0179732863772016,0,0,0,0,0,0,0,0,0,-0.55658052652011,0.305402953006717,0.159135675581415
18.2249290038768,0.553242167258041,0.0417597434639144,-0.000454893565254323,-0.182681904378997,-0.0258056716695768,0.0179967444473503,0,0,0,0,0,0,0,0,0,-0.553517709510186,0.306995915783105,0.159362915297273
18.2349317091479,0.553659854841088,0.0417551734799574,-0.000458861449611837,-0.182939130194728,-0.0256255392258931,0.0180199602057353,0,0,0,0,0,0,0,0,0,-0.550438947190113,0.308591073552429,0.159574360495764
18.2449344144189,0.554077496512886,0.0417505636427237,-0.000462862178251551,-0.183194553041368,-0.0254451757833693,0.0180429313309223,0,0,0,0,0,0,0,0,0,-0.547344218394133,0.310188266376821,0.159769619542879
18.25493711969,0.55449509187314,0.0417459136202613,-0.000466896436924644,-0.183448170620581,-0.0252645838007409,0.0180656554699666,0,0,0,0,0,0,0,0,0,-0.544233503575893,0.311787330383544,0.159948297393394
18.2649398249611,0.554912640518199,0.0417412230737027,-0.000470964922607643,-0.183699980658745,-0.0250837657604374,0.018088130238207,0,0,0,0,0,0,0,0,0,-0.541106784847976,0.31338809773169,0.16010999574289
18.2749425302321,0.55533014204099,0.0417364916571524,-0.000475068343575171,-0.183949980907186,-0.0249027241689009,0.0181103532190607,0,0,0,0,0,0,0,0,0,-0.537964046021755,0.314990396580279,0.160254313148236
18.2849452355032,0.555747596030942,0.0417317190175732,-0.000479207419472698,-0.184198169142425,-0.0247214615569065,0.0181323219638176,0,0,0,0,0,0,0,0,0,-0.534805272647561,0.316594051057366,0.160380845159509
18.2949479407742,0.556165002073918,0.0417269047946727,-0.000483382881389292,-0.184444543166417,-0.0245399804798844,0.0181540339914345,0,0,0,0,0,0,0,0,0,-0.531630452055157,0.318198881230788,0.160489184474759
18.3049506460453,0.556582359752138,0.0417220486207877,-0.000487595471930356,-0.184689100806808,-0.0243582835182447,0.0181754867883301,0,0,0,0,0,0,0,0,0,-0.528439573394494,0.319804703080355,0.160578921091499
18.3149533513164,0.556999668644111,0.0417171501207693,-0.000491845945290397,-0.184931839917176,-0.0241763732777035,0.018196677808179,0,0,0,0,0,0,0,0,0,-0.525232627676732,0.321411328471635,0.160649642468977
18.3249560565874,0.557416928324551,0.0417122089118663,-0.000496135067325756,-0.185172758377296,-0.0239942523896117,0.0182176044717064,0,0,0,0,0,0,0,0,0,-0.522009607815529,0.323018565131393,0.160700933694067
18.3349587618585,0.557834138364309,0.041707224603608,-0.000500463615627372,-0.185411854093391,-0.0238119235112858,0.0182382641664822,0,0,0,0,0,0,0,0,0,-0.51877050866855,0.324626216624688,0.160732377661583
18.3449614671296,0.558251298330289,0.0417021967976871,-0.000504832379593528,-0.185649124998394,-0.02362938932634,0.0182586542467159,0,0,0,0,0,0,0,0,0,-0.515515327079215,0.326234082333925,0.160743555257368
18.3549641724006,0.55866840778537,0.0416971250878405,-0.000509242160502591,-0.185884569052217,-0.0234466525450216,0.0182787720330509,0,0,0,0,0,0,0,0,0,-0.512244061918626,0.327841957439612,0.16073404554055
18.3649668776717,0.559085466288331,0.0416920090597306,-0.000513693771585772,-0.186118184242015,-0.0232637159045472,0.0182986148123588,0,0,0,0,0,0,0,0,0,-0.508956714127701,0.32944963290306,0.160703425956033
18.3749695829427,0.559502473393761,0.0416868482908251,-0.000518188038099872,-0.18634996858246,-0.0230805821694419,0.0183181798375341,0,0,0,0,0,0,0,0,0,-0.505653286759448,0.331056895451389,0.160651272539081
18.3849722882138,0.559919428651984,0.0416816423502765,-0.000522725797400025,-0.186579920116013,-0.0228972541318801,0.0183374643272883,0,0,0,0,0,0,0,0,0,-0.502333785021394,0.332663527564319,0.160577160120471
18.3949749934849,0.560336331608972,0.0416763907988008,-0.000527307899012461,-0.186808036913205,-0.0227137346120283,0.0183564654659447,0,0,0,0,0,0,0,0,0,-0.498998216318132,0.334269307463287,0.16048066255783
18.4049776987559,0.560753181806258,0.041671093188555,-0.000531935204707248,-0.187034317072919,-0.0225300264583903,0.0183751804032327,0,0,0,0,0,0,0,0,0,-0.495646590293959,0.335874009102861,0.160361352965344
18.414980404027,0.561169978780856,0.0416657490630148,-0.000536608588571032,-0.187258758722671,-0.0223461325481542,0.0183936062540824,0,0,0,0,0,0,0,0,0,-0.4922789188756,0.33747740216445,0.160218803952328
18.4249831092981,0.561586722065166,0.0416603579568504,-0.000541328937079802,-0.187481360018904,-0.0221620557875416,0.0184117400984188,0,0,0,0,0,0,0,0,0,-0.488895216314969,0.339079252052496,0.1600525878694
18.4349858145691,0.56200341118689,0.0416549193958031,-0.000546097149171631,-0.187702119147277,-0.0219777991121585,0.0184295789809564,0,0,0,0,0,0,0,0,0,-0.485495499231972,0.340679319893107,0.159862277061219
18.4449885198402,0.562420045668942,0.0416494328965593,-0.000550914136319421,-0.187921034322961,-0.0217933654873487,0.0184471199109937,0,0,0,0,0,0,0,0,0,-0.482079786657296,0.342277362535305,0.159647444132526
18.4549912251112,0.562836625029354,0.0416438979666254,-0.000555780822603669,-0.188138103790939,-0.0216087579085494,0.0184643598622074,0,0,0,0,0,0,0,0,0,-0.478648100075178,0.343873132554979,0.159407662222471
18.4649939303823,0.563253148781187,0.0416383141042011,-0.000560698144785198,-0.188353325826309,-0.0214239794016478,0.0184812957724474,0,0,0,0,0,0,0,0,0,-0.475200463466126,0.345466378261626,0.159142505274259
18.4749966356534,0.563669616432435,0.0416326807980523,-0.000565667052377915,-0.188566698734589,-0.0212390330233412,0.0184979245435305,0,0,0,0,0,0,0,0,0,-0.471736903349552,0.347056843707693,0.158851548325193
18.4849993409244,0.564086027485929,0.041626997527383,-0.000570688507721558,-0.188778220852028,-0.0210539218614982,0.0185142430410355,0,0,0,0,0,0,0,0,0,-0.468257448826299,0.348644268701123,0.158534367808066
18.4950020461955,0.564502381439245,0.0416212637617068,-0.000575763486054446,-0.18898789054592,-0.020868649035522,0.0185302480940974,0,0,0,0,0,0,0,0,0,-0.464762131621027,0.35022838882073,0.1581905418434
18.5050047514666,0.564918677784601,0.0416154789607176,-0.000580892975586228,-0.18919570621492,-0.0206832176967163,0.0185459364952018,0,0,0,0,0,0,0,0,0,-0.461250986124433,0.351808935434582,0.157819650556113
18.5150074567376,0.565334916008764,0.0416096425741591,-0.000586077977570637,-0.189401666289367,-0.0204976310286528,0.0185613049999793,0,0,0,0,0,0,0,0,0,-0.45772404943527,0.35338563572172,0.157421276393706
18.5250101620087,0.565751095592943,0.0416037540416944,-0.000591319506378233,-0.189605769231605,-0.0203118922475406,0.0185763503270003,0,0,0,0,0,0,0,0,0,-0.45418136140213,0.354958212696904,0.156995004436257
18.5350128672798,0.566167216012694,0.0415978127927741,-0.000596618589569153,-0.189808013536316,-0.0201260046025985,0.018591069157569,0,0,0,0,0,0,0,0,0,-0.450622964664969,0.35652638523853,0.156540422745677
18.5450155725508,0.566583276737812,0.0415918182465043,-0.000601976267965861,-0.190008397730847,-0.0199399713764283,0.0186054581355182,0,0,0,0,0,0,0,0,0,-0.447048904696333,0.358089868120369,0.1560571227133
18.5550182778219,0.566999277232232,0.0415857698115133,-0.000607393595725898,-0.190206920375551,-0.0197537958853909,0.0186195138670037,0,0,0,0,0,0,0,0,0,-0.443459229842246,0.359648372046433,0.155544699375429
18.5650209830929,0.567415216953918,0.0415796668858181,-0.000612871640414637,-0.190403580064123,-0.0195674814799841,0.0186332329202984,0,0,0,0,0,0,0,0,0,-0.439853991362737,0.361201603689026,0.155002751789366
18.575023688364,0.567831095354761,0.0415735088566897,-0.000618411483078016,-0.190598375423943,-0.0193810315452225,0.0186466118255873,0,0,0,0,0,0,0,0,0,-0.436233243471972,0.362749265731138,0.154430883388205
18.5850263936351,0.568246911880467,0.041567295100518,-0.000624014218315313,-0.190791305116427,-0.0191944495010196,0.0186596470747615,0,0,0,0,0,0,0,0,0,-0.432597043377931,0.36429105691159,0.153828702328155
18.5950290989061,0.568662665970451,0.041561024982676,-0.000629680954351866,-0.190982367837374,-0.0190077388025719,0.018672335121213,0,0,0,0,0,0,0,0,0,-0.428945451321631,0.365826672074375,0.15319582189507
18.6050318041772,0.569078357057722,0.0415546978573827,-0.000635412813111844,-0.191171562317322,-0.0188209029407451,0.0186846723796289,0,0,0,0,0,0,0,0,0,-0.425278530615824,0.367355802221939,0.152531860860076
18.6150345094483,0.569493984568776,0.0415483130675663,-0.000641210930290986,-0.191358887321908,-0.0186339454424618,0.018696655225786,0,0,0,0,0,0,0,0,0,-0.421596347683149,0.368878134571636,0.151836443857965
18.6250372147193,0.569909547923477,0.0415418699447257,-0.000647076455429352,-0.19154434165223,-0.0184468698710925,0.018708279996345,0,0,0,0,0,0,0,0,0,-0.417898972093704,0.370393352616574,0.151109201788607
18.6350399199904,0.570325046534945,0.0415353678087917,-0.000653010551984081,-0.191727924145213,-0.0182596798268472,0.0187195429886455,0,0,0,0,0,0,0,0,0,-0.41418647660198,0.37190113619011,0.150349772197804
18.6450426252614,0.570740479809441,0.0415288059679874,-0.000659014397402123,-0.191909633673979,-0.0180723789471703,0.0187304404604997,0,0,0,0,0,0,0,0,0,-0.410458937183138,0.373401161534307,0.149557799681629
18.6550453305325,0.571155847146245,0.0415221837186882,-0.000665089183193004,-0.192089469148222,-0.0178849709071366,0.0187409686299877,0,0,0,0,0,0,0,0,0,-0.40671643306858,0.374893101372518,0.148732936286854
18.6650480358036,0.571571147937538,0.0415155003452803,-0.000671236115001569,-0.192267429514588,-0.0176974594198497,0.0187511236752511,0,0,0,0,0,0,0,0,0,-0.40295904678077,0.376376624985861,0.147874841912909
18.6750507410746,0.571986381568286,0.0415087551200194,-0.00067745641268073,-0.192443513757055,-0.0175098482368432,0.0187609017342881,0,0,0,0,0,0,0,0,0,-0.399186864167278,0.377851398293837,0.146983184719124
18.6850534463457,0.572401547416112,0.0415019473028879,-0.000683751310364214,-0.192617720897321,-0.0173221411484824,0.0187702989047477,0,0,0,0,0,0,0,0,0,-0.395399974433986,0.379317083938956,0.146057641538455
18.6950561516168,0.572816644851175,0.0414950761414517,-0.000690122056539319,-0.192790049995193,-0.0171343419843694,0.018779311243724,0,0,0,0,0,0,0,0,0,-0.391598470177437,0.380773341375629,0.14509789829057
18.7050588568878,0.573231673236045,0.0414881408707167,-0.000696569914119667,-0.192960500148982,-0.0169464546137499,0.0187879347675511,0,0,0,0,0,0,0,0,0,-0.387782447416269,0.382219826963059,0.144103650395034
18.7150615621589,0.573646631925576,0.0414811407129833,-0.000703096160517934,-0.193129070495903,-0.0167584829459215,0.0187961654515971,0,0,0,0,0,0,0,0,0,-0.383952005621701,0.3836561940624,0.143074603182136
18.7250642674299,0.574061520266781,0.041474074877702,-0.000709702087718616,-0.193295760212477,-0.0165704309306448,0.0188039992300586,0,0,0,0,0,0,0,0,0,-0.380107247747021,0.385082093137869,0.142010472313311
18.735066972701,0.574476337598697,0.0414669425613264,-0.00071638900235077,-0.193460568514935,-0.0163823025585565,0.0188114319957557,0,0,0,0,0,0,0,0,0,-0.376248280256056,0.386497171862309,0.140910984216378
18.7450696779721,0.574891083252262,0.0414597429471669,-0.000723158225760772,-0.193623494659633,-0.0161941018615836,0.0188184595999256,0,0,0,0,0,0,0,0,0,-0.372375213150545,0.387901075227013,0.139775876476563
18.7550723832431,0.575305756550174,0.041452475205243,-0.000730011094085061,-0.193784537943466,-0.016005832913361,0.0188250778520177,0,0,0,0,0,0,0,0,0,-0.368488159996408,0.389293445655108,0.138604898249533
18.7650750885142,0.575720356806765,0.0414451384921348,-0.000736948958322885,-0.193943697704286,-0.0158174998296502,0.0188312825194879,0,0,0,0,0,0,0,0,0,-0.364587237948856,0.390673923119644,0.137397810700116
18.7750777937853,0.576134883327862,0.0414377319508341,-0.000743973184409054,-0.194100973321326,-0.0156291067687605,0.0188370693275928,0,0,0,0,0,0,0,0,0,-0.360672567776297,0.392042145265754,0.136154387402761
18.7850804990563,0.576549335410651,0.0414302547105949,-0.000751085153286694,-0.194256364215627,-0.0154406579319722,0.0188424339591845,0,0,0,0,0,0,0,0,0,-0.356744273882999,0.393397747536748,0.134874414746241
18.7950832043274,0.576963712343538,0.0414227058867825,-0.000758286260979983,-0.194409869850473,-0.0152521575639616,0.0188473720545049,0,0,0,0,0,0,0,0,0,-0.352802484330476,0.394740363304381,0.133557692344371
18.8050859095985,0.57737801340601,0.0414150845807223,-0.000765577918666917,-0.194561489731824,-0.0150636099532283,0.0188518792109801,0,0,0,0,0,0,0,0,0,-0.348847330857547,0.396069624003156,0.132204033437269
18.8150886148695,0.577792237868497,0.0414073898795483,-0.000772961552752047,-0.194711223408757,-0.0148750194325246,0.018855950983015,0,0,0,0,0,0,0,0,0,-0.344878948899028,0.397385159268619,0.130813265289985
18.8250913201406,0.578206384992222,0.04139962085605,-0.000780438604939234,-0.194859070473912,-0.0146863903792869,0.0188595828817874,0,0,0,0,0,0,0,0,0,-0.34089747760303,0.398686597079638,0.129385229583237
18.8350940254116,0.578620454029064,0.0413917765685191,-0.000788010532304391,-0.195005030563941,-0.0144977272160688,0.0188627703750431,0,0,0,0,0,0,0,0,0,-0.336903059846806,0.399973563904518,0.12791978279608
18.8450967306827,0.579034444221408,0.0413838560605956,-0.000795678807368246,-0.195149103359959,-0.014309034410977,0.0188655088868897,0,0,0,0,0,0,0,0,0,-0.332895842251123,0.401245684850933,0.126416796587764
18.8550994359538,0.579448354802,0.0413758583611124,-0.000803444918169076,-0.195291288588007,-0.0141203164781084,0.0188677937975915,0,0,0,0,0,0,0,0,0,-0.328875975193107,0.402502583819677,0.12487615816629
18.8651021412248,0.579862184993794,0.0413677824839406,-0.000811310368335471,-0.195431586019507,-0.0139315779779901,0.0188696204433635,0,0,0,0,0,0,0,0,0,-0.324843612817544,0.403743883661974,0.123297770658757
18.8751048464959,0.580275934009809,0.0413596274278321,-0.000819276677159072,-0.195569995471737,-0.0137428235180206,0.0188709841161665,0,0,0,0,0,0,0,0,0,-0.320798913046576,0.404969206340635,0.121681553456541
18.885107551767,0.580689601052969,0.0413513921762635,-0.000827345379667319,-0.195706516808294,-0.013554057752914,0.0188718800635009,0,0,0,0,0,0,0,0,0,-0.316742037587779,0.406178173094276,0.120027442560563
18.895110257038,0.581103185315954,0.041343075697278,-0.000835518026696212,-0.195841149939575,-0.0133652853851452,0.0188723034882015,0,0,0,0,0,0,0,0,0,-0.312673151940574,0.40737040460538,0.118335390905127
18.9051129623091,0.581516685981044,0.0413346769433266,-0.000843796184963057,-0.195973894823256,-0.0131765111653979,0.018872249548232,0,0,0,0,0,0,0,0,0,-0.308592425400936,0.408545521170996,0.116605368688553
18.9151156675801,0.581930102219963,0.0413261948511095,-0.000852181437139199,-0.196104751464774,-0.012987739893015,0.0188717133564792,0,0,0,0,0,0,0,0,0,-0.304500031064401,0.409703142877411,0.114837363712496
18.9251183728512,0.582343433193719,0.0413176283414154,-0.000860675381922799,-0.196233719917818,-0.0127989764164497,0.0188706899805477,0,0,0,0,0,0,0,0,0,-0.300396145827275,0.41084288977764,0.113031381626875
18.9351210781223,0.582756678052443,0.0413089763189616,-0.000869279634111559,-0.196360800284823,-0.0126102256337199,0.0188691744425542,0,0,0,0,0,0,0,0,0,-0.296280950386086,0.411964382071,0.111187446226712
18.9451237833933,0.583169835935231,0.041300237672232,-0.000877995824675485,-0.196485992717466,-0.0124214924928642,0.0188671617189221,0,0,0,0,0,0,0,0,0,-0.292154629235211,0.413067240286536,0.109305599745911
18.9551264886644,0.583582905969978,0.0412914112733154,-0.000886825600829631,-0.196609297417171,-0.0122327819923997,0.0188646467401756,0,0,0,0,0,0,0,0,0,-0.288017370662651,0.41415108546847,0.107385903083331
18.9651291939355,0.583995887273217,0.0412824959777423,-0.000895770626106851,-0.196730714635615,-0.0120440991817828,0.0188616243907346,0,0,0,0,0,0,0,0,0,-0.283869366743947,0.415215539364155,0.105428436053428
18.9751318992065,0.584408778949945,0.0412734906243215,-0.000904832580430541,-0.196850244675239,-0.0118554491618707,0.0188580895087091,0,0,0,0,0,0,0,0,0,-0.279710813334201,0.416260224614533,0.103433297605689
18.9851346044776,0.584821580093463,0.0412643940349757,-0.000914013160187408,-0.196967887889766,-0.0116668370853859,0.0188540368856933,0,0,0,0,0,0,0,0,0,-0.275541910058176,0.417284764946482,0.101400606016725
18.9951373097486,0.585234289785201,0.0412552050145765,-0.000923314078300187,-0.197083644684721,-0.0114782681573828,0.0188494612665602,0,0,0,0,0,0,0,0,0,-0.271362860298472,0.418288785367118,0.0993304990920912
19.0051400150197,0.585646907094552,0.0412459223507788,-0.000932737064300423,-0.197197515517959,-0.0112897476357155,0.0188443573492563,0,0,0,0,0,0,0,0,0,-0.267173871181739,0.419271912360174,0.0972231343246817
19.0151427202908,0.58605943107869,0.0412365448138538,-0.0009422838644012,-0.197309500900192,-0.0111012808315089,0.018838719784596,0,0,0,0,0,0,0,0,0,-0.262975153562925,0.420233774083476,0.0950786890337037
19.0251454255618,0.586471860782406,0.0412270711565226,-0.0009519562415699,-0.197419601395525,-0.0109128731096303,0.0188325431760555,0,0,0,0,0,0,0,0,0,-0.258766922007533,0.4211740005681,0.0928973605007634
19.0351481308329,0.586884195237922,0.0412175001137873,-0.000961755975600943,-0.197527817622001,-0.0107245298891651,0.0188258220795681,0,0,0,0,0,0,0,0,0,-0.25454939477189,0.422092223918574,0.0906793660767238
19.045150836104,0.587296433464721,0.0412078304027629,-0.000971684863188549,-0.197634150252137,-0.0105362566438921,0.018818551003318,0,0,0,0,0,0,0,0,0,-0.250322793781403,0.422988078514165,0.0884249432604794
19.055153541375,0.587708574469361,0.041198060722508,-0.000981744717999476,-0.197738600013481,-0.0103480589027631,0.0188107244075351,0,0,0,0,0,0,0,0,0,-0.246087344606789,0.423861201210664,0.0861343497573651
19.0651562466461,0.588120617245297,0.0411881897538541,-0.000991937370745775,-0.197841167689163,-0.0101599422503834,0.0188023367042893,0,0,0,0,0,0,0,0,0,-0.241843276438305,0.42471123154284,0.0838078635319362
19.0751589519172,0.588532560772696,0.0411782161592354,-0.00100226466925753,-0.197941854118455,-0.00997191232749406,0.018793382257285,0,0,0,0,0,0,0,0,0,-0.237590822057923,0.425537811927279,0.081445782814531
19.0851616571882,0.588944404018256,0.0411681385825166,-0.00101272847855563,-0.198040660197332,-0.00978397483145745,0.0187838553816556,0,0,0,0,0,0,0,0,0,-0.233330217809501,0.426340587864969,0.0790484260925631
19.0951643624593,0.589356145935012,0.0411579556488211,-0.0010233306809245,-0.198137586879045,-0.0095961355167436,0.0187737503437577,0,0,0,0,0,0,0,0,0,-0.229061703566913,0.427119208143969,0.076616132086303
19.1051670677303,0.589767785462155,0.0411476659643575,-0.00103407317598484,-0.198232635174694,-0.00940840019541929,0.018763061360966,0,0,0,0,0,0,0,0,0,-0.224785522700154,0.427873325041506,0.074149259689919
19.1151697730014,0.590179321524838,0.0411372681162462,-0.00104495788076641,-0.198325806153803,-0.00922077473763908,0.0187517826014675,0,0,0,0,0,0,0,0,0,-0.220501922039433,0.428602594525461,0.0716481878903613
19.1251724782725,0.590590753033986,0.0411267606723447,-0.00105598672978073,-0.198417100944909,-0.00903326507213825,0.0187399081840557,0,0,0,0,0,0,0,0,0,-0.216211151837251,0.429306676454852,0.0691133156615837
19.1351751835435,0.5910020788861,0.0411161421810725,-0.00106716167509388,-0.198506520736144,-0.00884587718672798,0.0187274321779257,0,0,0,0,0,0,0,0,0,-0.211913465728478,0.429985234779198,0.0665450618326346
19.1451778888146,0.591413297963066,0.0411054111712348,-0.00107848468639923,-0.198594066775835,-0.00865861712879244,0.0187143486024679,0,0,0,0,0,0,0,0,0,-0.207609120688441,0.430637937736365,0.0639438649283665
19.1551805940857,0.591824409131951,0.0410945661518464,-0.00108995775109016,-0.198679740373097,-0.00847149100578803,0.018700651427063,0,0,0,0,0,0,0,0,0,-0.203298376989048,0.43126445804874,0.0613101829930112
19.1651832993567,0.592235411244814,0.0410836056119537,-0.00110158287433285,-0.198763542898439,-0.00828450498574465,0.0186863345708764,0,0,0,0,0,0,0,0,0,-0.198981498152949,0.431864473117553,0.0586444933728122
19.1751860046278,0.592646303138494,0.041072528020457,-0.00111336207913902,-0.198845475784373,-0.00809766529776896,0.0186713919026522,0,0,0,0,0,0,0,0,0,-0.194658750905772,0.432437665214699,0.0559472924798307
19.1851887098988,0.593057083634418,0.0410613318259314,-0.00112529740643865,-0.198925540526027,-0.00791097823254983,0.0186558172405083,0,0,0,0,0,0,0,0,0,-0.19033040512645,0.432983721672332,0.0532190955333277
19.1951914151699,0.593467751538389,0.0410500154564472,-0.00113739091515279,-0.19900373868176,-0.00772445014286569,0.0186396043517303,0,0,0,0,0,0,0,0,0,-0.18599673379566,0.433502335069523,0.0504604362654379
19.205194120441,0.593878305640385,0.0410385773193897,-0.00114964468226623,-0.199080071873792,-0.00753808744409411,0.0186227469525664,0,0,0,0,0,0,0,0,0,-0.181658012942414,0.433993203415957,0.0476718666093695
19.215196825712,0.594288744714349,0.0410270158012781,-0.00116206080290033,-0.199154541788828,-0.00735189661472326,0.0186052387080215,0,0,0,0,0,0,0,0,0,-0.177314521588831,0.434456030332353,0.0448539563549268
19.2251995309831,0.594699067517979,0.0410153292675837,-0.00117464139038571,-0.199227150178692,-0.00716588419686556,0.0185870732316519,0,0,0,0,0,0,0,0,0,-0.172966541693113,0.434890525227276,0.0420072927745762
19.2352022362542,0.595109272792518,0.0410035160625473,-0.001187388576335,-0.199297898860969,-0.00698005679677328,0.0185682440853594,0,0,0,0,0,0,0,0,0,-0.168614358090779,0.435296403470072,0.0391324802329205
19.2452049415252,0.595519359262539,0.0409915745089962,-0.00120030451071566,-0.199366789719646,-0.00679442108535635,0.0185487447791864,0,0,0,0,0,0,0,0,0,-0.164258258434184,0.435673386559867,0.0362301397690042
19.2552076467963,0.595929325635733,0.04097950290816,-0.00121339136192263,-0.199433824705765,-0.00660898379870199,0.0185285687711095,0,0,0,0,0,0,0,0,0,-0.15989853313037,0.436021202290149,0.0333009086403937
19.2652103520673,0.596339170602687,0.0409672995394862,-0.00122665131685116,-0.199499005838072,-0.00642375173859661,0.0185077094668349,0,0,0,0,0,0,0,0,0,-0.155535475277298,0.436339584908644,0.0303454398391669
19.2752130573384,0.59674889283667,0.0409549626604544,-0.00124008658096951,-0.199562335203682,-0.00623873177304968,0.0184861602195919,0,0,0,0,0,0,0,0,0,-0.151169380598492,0.436628275272213,0.0273644016195698
19.2852157626095,0.59715849099341,0.0409424905063904,-0.00125369937839171,-0.199623814958742,-0.00605393083681983,0.0184639143299281,0,0,0,0,0,0,0,0,0,-0.146800547376177,0.436887020997283,0.024358476978228
19.2952184678805,0.597567963710873,0.0409298812902794,-0.00126749195195034,-0.1996834473291,-0.00586935593194243,0.0184409650455035,0,0,0,0,0,0,0,0,0,-0.142429276382915,0.437115576604344,0.0213283630656245
19.3052211731516,0.597977309609035,0.0409171332025782,-0.00128146656326924,-0.199741234610985,-0.00568501412826002,0.018417305560885,0,0,0,0,0,0,0,0,0,-0.138055870811849,0.437313703656602,0.0182747706382912
19.3152238784227,0.59838652728966,0.0409042444110269,-0.00129562549283628,-0.199797179171681,-0.00550091256395423,0.0183929290173409,0,0,0,0,0,0,0,0,0,-0.133680636205567,0.437481170893526,0.0151984234794601
19.3252265836937,0.59879561533607,0.0408912130604601,-0.00130997104007608,-0.19985128345022,-0.00531705844608003,0.0183678285026353,0,0,0,0,0,0,0,0,0,-0.129303880383674,0.437617754357902,0.0121000577621648
19.3352292889648,0.599204572312915,0.0408780372726167,-0.00132450552342282,-0.199903549958069,-0.00513345905110182,0.0183419970508226,0,0,0,0,0,0,0,0,0,-0.124925913369114,0.437723237516641,0.00898043743588015
19.3452319942359,0.59961339676594,0.0408647151459496,-0.00133923128039294,-0.199953981279831,-0.00495012172543186,0.0183154276420419,0,0,0,0,0,0,0,0,0,-0.120547047313325,0.437797411695655,0.00596074165692369
19.3552346995069,0.600022087221756,0.04085124475553,-0.00135415016008459,-0.200002580073946,-0.004767053885716,0.0182881146364225,0,0,0,0,0,0,0,0,0,-0.116167596413862,0.437842484600624,0.00357210943554254
19.365237404778,0.60043064218938,0.0408376248309235,-0.00136907296939667,-0.200049349068335,-0.00458426110308887,0.0182605923208858,0,0,0,0,0,0,0,0,0,-0.111787828656105,0.437868873211414,0.00219254376340885
19.375240110049,0.600839060176869,0.040823856387155,-0.0013838462867683,-0.20009429101349,-0.00440174249129,0.0182332944370647,0,0,0,0,0,0,0,0,0,-0.10740784984165,0.437886347338742,0.00138059255559547
19.3852428153201,0.601247339706075,0.040809940909732,-0.00139847207291062,-0.20013740864072,-0.00421949583125955,0.0182062158191807,0,0,0,0,0,0,0,0,0,-0.103027732506802,0.43789649253228,0.000640211119312697
19.3952455205912,0.601655479313613,0.0407958798646102,-0.00141295227640857,-0.200178704659394,-0.00403751895543811,0.0181793513357167,0,0,0,0,0,0,0,0,0,-0.0986475507335847,0.437899155025018,-0.000115464741722249
19.4052482258622,0.602063477550662,0.0407816746983147,-0.00142728883374936,-0.200218181757457,-0.00385580974742407,0.0181526958893367,0,0,0,0,0,0,0,0,0,-0.094267380134476,0.437894182612719,-0.000886275093824631
19.4152509311333,0.602471332982775,0.0407673268380611,-0.00144148366935098,-0.200255842601938,-0.00367436614163258,0.0181262444168051,0,0,0,0,0,0,0,0,0,-0.0898872978364086,0.437881424727913,-0.00167205262012571
19.4252536364044,0.602879044189684,0.0407528376918755,-0.00145553869559063,-0.200291689839458,-0.00349318612295456,0.0180999918889066,0,0,0,0,0,0,0,0,0,-0.0855073824640231,0.437860732513605,-0.00247262270479924
19.4352563416754,0.60328660976511,0.0407382086487155,-0.00146945581283321,-0.200325726096732,-0.00331226772641687,0.0180739333103657,0,0,0,0,0,0,0,0,0,-0.0811277141221979,0.437831958895587,-0.00328780352158888
19.4452590469465,0.603694028316573,0.0407234410785897,-0.00148323690945978,-0.200357953981069,-0.00313160903684322,0.0180480637197659,0,0,0,0,0,0,0,0,0,-0.0767483743778537,0.437794958654374,-0.00411740609306702
19.4552617522175,0.604101298465201,0.0407085363326775,-0.00149688386189607,-0.200388376080869,-0.00295120818851593,0.0180223781894695,0,0,0,0,0,0,0,0,0,-0.0723694462410441,0.437749588496327,-0.00496123439393245
19.4652644574886,0.604508418845546,0.0406934957434488,-0.00151039853464091,-0.200416994966116,-0.00277106336483832,0.0179968718255374,0,0,0,0,0,0,0,0,0,-0.067991014145338,0.437695707123528,-0.00581908542402114
19.4752671627597,0.604915388105393,0.040678320624783,-0.00152378278029471,-0.200443813188868,-0.00259117279799837,0.0179715397676482,0,0,0,0,0,0,0,0,0,-0.0636131639275119,0.43763317530344,-0.00669074928686654
19.4852698680307,0.605322204905578,0.0406630122720878,-0.00153703843958796,-0.20046883328374,-0.0024115347686324,0.0179463771890179,0,0,0,0,0,0,0,0,0,-0.0592359828065386,0.43756185593721,-0.00757600932755201
19.4952725733018,0.605728867919802,0.0406475719624179,-0.00155016734140967,-0.200492057768392,-0.00223214760549032,0.0179213792963198,0,0,0,0,0,0,0,0,0,-0.0548595593619134,0.437481614126571,-0.0084746422211855
19.5052752785729,0.60613537583445,0.0406320009545933,-0.00156317130283586,-0.200513489144007,-0.00205300968510125,0.0178965413296035,0,0,0,0,0,0,0,0,0,-0.0504839835113046,0.437392317240377,-0.00938641807031197
19.5152779838439,0.606541727348407,0.0406163004893171,-0.00157605212915804,-0.200533129895764,-0.00187411943144012,0.0178718585622148,0,0,0,0,0,0,0,0,0,-0.0461093464875479,0.437293834979554,-0.010311100519117
19.525280689115,0.606947921172878,0.0406004717892937,-0.00158881161391165,-0.200550982493314,-0.001695475315595,0.0178473263007151,0,0,0,0,0,0,0,0,0,-0.0417357408149964,0.437186039441351,-0.0112484468841053
19.5352833943861,0.60735395603121,0.0405845160593458,-0.00160145153890458,-0.200567049391251,-0.00151707585543524,0.0178229398848011,0,0,0,0,0,0,0,0,0,-0.0373632602852361,0.437068805181677,-0.0121982082932708
19.5452860996571,0.607759830658711,0.0405684344865317,-0.00161397367424558,-0.200581333029573,-0.00133891961528045,0.0177986946872244,0,0,0,0,0,0,0,0,0,-0.0329919999321805,0.436942009276566,-0.0131601297759993
19.5552888049282,0.608165543802476,0.0405522282402623,-0.00162637977837281,-0.200593835834152,-0.00116100520557027,0.0177745861137107,0,0,0,0,0,0,0,0,0,-0.028622056006557,0.43680553138272,-0.0141339504124742
19.5652915101992,0.608571094221208,0.0405358984724177,-0.00163867159808224,-0.200604560217186,-0.000983331282534919,0.0177506096028796,0,0,0,0,0,0,0,0,0,-0.0242535259497978,0.436659253795982,-0.0151194034868773
19.5752942154703,0.608976480685045,0.0405194463174633,-0.00165085086855617,-0.200613508577663,-0.000805896547866578,0.0177267606261644,0,0,0,0,0,0,0,0,0,-0.01988650836735,0.436503061508813,-0.0161162166142764
19.5852969207414,0.609381701975388,0.0405028728925659,-0.00166291931339168,-0.200620683301808,-0.00062869974839158,0.0177030346877311,0,0,0,0,0,0,0,0,0,-0.0155211030014191,0.436336842266228,-0.0171241118920998
19.5952996260124,0.609786756884723,0.0404861792977096,-0.00167487864462911,-0.200626086763535,-0.000451739675743382,0.0176794273243983,0,0,0,0,0,0,0,0,0,-0.0111574107031593,0.436160486620242,-0.0181428060516294
19.6053023312835,0.610191644216458,0.0404693666158111,-0.00168673056278054,-0.200629721324896,-0.000275015166036356,0.0176559341055569,0,0,0,0,0,0,0,0,0,-0.00679553340432777,0.435973887982779,-0.0191720106135953
19.6153050365546,0.610596362784744,0.0404524359128348,-0.00169847675685825,-0.200631589336521,-9.85250995403858e-05,0.0176325506330891,0,0,0,0,0,0,0,0,0,-0.00243557408841703,0.435776942676999,-0.0202114320477272
19.6253077418256,0.611000911414313,0.0404353882379082,-0.00171011890440318,-0.200631693138058,7.77315996437393e-05,0.0176092725412887,0,0,0,0,0,0,0,0,0,0.00192236323871807,0.43556954998702,-0.0212607719375112
19.6353104470967,0.611405288940306,0.0404182246234356,-0.00172165867151343,-0.200630035058612,0.000253755963908121,0.0175860954967801,0,0,0,0,0,0,0,0,0,0.00627817357872233,0.435351612205947,-0.0223197271478688
19.6453131523677,0.611809494208108,0.0404009460852132,-0.00173309771287274,-0.200626617417179,0.000429548982460743,0.0175630151984377,0,0,0,0,0,0,0,0,0,0.0106317509710744,0.435123034682238,-0.0233879899962957
19.6553158576388,0.612213526073182,0.0403835536225429,-0.00174443767177892,-0.200621442523071,0.00060511160164766,0.0175400273773063,0,0,0,0,0,0,0,0,0,0.0149829885238762,0.434883725864316,-0.0244652484287683
19.6653185629099,0.612617383400905,0.0403660482183458,-0.00175568018017235,-0.200614512676351,0.00078044472527438,0.0175171277965198,0,0,0,0,0,0,0,0,0,0.0193317784450794,0.434633597343406,-0.0255511861982242
19.6753212681809,0.613021065066405,0.040348430839276,-0.00176682685866446,-0.200605830168252,0.000955549214926446,0.017494312251221,0,0,0,0,0,0,0,0,0,0.0236780120741321,0.434372563894582,-0.0266454830468952
19.685323973452,0.613424569954396,0.0403307024358337,-0.00177787931656618,-0.200595397281595,0.00113042589028921,0.0174715765684815,0,0,0,0,0,0,0,0,0,0.0280215799140263,0.434100543515959,-0.0277478148918033
19.6953266787231,0.613827896959022,0.0403128639424779,-0.00178883915191643,-0.200583216291216,0.00130507552946679,0.0174489166072208,0,0,0,0,0,0,0,0,0,0.0323623716637288,0.433817457466025,-0.0288578540124563
19.7053293839941,0.614231044983693,0.0402949162777391,-0.00179970795151059,-0.200569289464371,0.00147949886930025,0.0174263282581261,0,0,0,0,0,0,0,0,0,0.0367002762509754,0.433523230299075,-0.0299752692428596
19.7153320892652,0.614634012940927,0.040276860344332,-0.00181048729092897,-0.20055361906115,0.00165369660568497,0.0174038074435716,0,0,0,0,0,0,0,0,0,0.0410351818654104,0.43321778989871,-0.0310997261655137
19.7253347945362,0.615036799752195,0.0402586970292668,-0.00182117873456527,-0.200536207334887,0.00182766939388716,0.0173813501175386,0,0,0,0,0,0,0,0,0,0.0453669759920515,0.432901067509387,-0.0322308873070158
19.7353374998073,0.61543940434776,0.0402404272039615,-0.00183178383565507,-0.200517056532565,0.00200141784885966,0.0173589522655343,0,0,0,0,0,0,0,0,0,0.0496955454450603,0.432572997765997,-0.0333684123376158
19.7453402050784,0.615841825666526,0.0402220517243534,-0.0018423041363043,-0.200496168895213,0.00217494254555684,0.0173366099045121,0,0,0,0,0,0,0,0,0,0.0540207764017984,0.432233518721434,-0.0345119582718459
19.7553429103494,0.61624406265588,0.0402035714310099,-0.0018527411675177,-0.200473546658309,0.00234824401924878,0.0173143190827905,0,0,0,0,0,0,0,0,0,0.0583425544371502,0.431882571872156,-0.0356611796716282
19.7653456156205,0.616646114271543,0.0401849871492398,-0.00186309644922733,-0.200449192052175,0.00252132276583458,0.017292075879973,0,0,0,0,0,0,0,0,0,0.0626607645580901,0.431520102181686,-0.0368157288512437
19.7753483208916,0.617047979477412,0.0401662996892034,-0.00187337149032098,-0.200423107302366,0.00269417924215491,0.0172698764068679,0,0,0,0,0,0,0,0,0,0.066975291238475,0.431146058102079,-0.0379752560826548
19.7853510261626,0.617449657245416,0.0401475098460236,-0.00188356778867069,-0.200395294630065,0.00286681386630373,0.0172477168054072,0,0,0,0,0,0,0,0,0,0.0712860184540414,0.43076039159331,-0.0391394098035848
19.7953537314337,0.617851146555359,0.0401286183998951,-0.00189368683116121,-0.20036575625246,0.0030392270179392,0.0172255932485668,0,0,0,0,0,0,0,0,0,0.075592829717586,0.430363058140582,-0.0403078368272021
19.8053564367048,0.618252446394779,0.0401096261161949,-0.00190373009371848,-0.200334494383138,0.00321141903859383,0.0172035019402854,0,0,0,0,0,0,0,0,0,0.0798956081143086,0.429954016769517,-0.0414801825514678
19.8153591419758,0.618653555758794,0.0400905337455911,-0.00191369904133807,-0.200301511232456,0.00338339023198374,0.0171814391153848,0,0,0,0,0,0,0,0,0,0.0841942363372963,0.429533230059277,-0.0426560911650546
19.8253618472469,0.619054473649955,0.0400713420241528,-0.00192359512811371,-0.200266809007922,0.00355514086431722,0.0171594010394888,0,0,0,0,0,0,0,0,0,0.0884885967231298,0.429100664153638,-0.0438352058742314
19.8353645525179,0.619455199078109,0.0400520516734583,-0.00193341979726571,-0.200230389914565,0.00372667116460249,0.0171373840089433,0,0,0,0,0,0,0,0,0,0.0927785712875887,0.428656288769565,-0.0450171691000633
19.845367257789,0.619855731060244,0.0400326634007043,-0.00194317448116945,-0.200192256155313,0.00389798132495432,0.0171153843507353,0,0,0,0,0,0,0,0,0,0.097064041761429,0.428200077204347,-0.0462016226743881
19.8553699630601,0.620256068620352,0.0400131778988138,-0.00195286060138386,-0.20015240993135,0.00406907150090051,0.0170933984224129,0,0,0,0,0,0,0,0,0,0.101344889626232,0.427732006340251,-0.0473882080888993
19.8653726683311,0.620656210789285,0.0399935958465445,-0.00196247956867989,-0.20011085344249,0.00423994181168694,0.0170714226120046,0,0,0,0,0,0,0,0,0,0.105620996150273,0.427252056646673,-0.0485765666915582
19.8753753736022,0.621056156604614,0.0399739179085963,-0.00197203278306897,-0.200067588887533,0.00441059234058213,0.0170494533379391,0,0,0,0,0,0,0,0,0,0.109892242424416,0.426760212180859,-0.0497663398825508
19.8853780788733,0.621455905110489,0.0399541447357189,-0.00198152163383151,-0.200022618464624,0.00458102313518087,0.0170274870489644,0,0,0,0,0,0,0,0,0,0.114158509397996,0.426256460586143,-0.0509571693440083
19.8953807841443,0.621855455357501,0.0399342769648192,-0.00199094749954533,-0.199975944371612,0.00475123420770715,0.0170055202240679,0,0,0,0,0,0,0,0,0,0.118419677914675,0.425740793088068,-0.0521486972297958
19.9053834894154,0.622254806402541,0.0399143152190676,-0.00200031174811417,-0.199927568806395,0.00492122553531615,0.0169835493723957,0,0,0,0,0,0,0,0,0,0.122675628748253,0.425213204488824,-0.0533405663887457
19.9153861946864,0.622653957308666,0.0398942601080054,-0.00200961573679615,-0.199877493967277,0.00509099706039574,0.0169615710331719,0,0,0,0,0,0,0,0,0,0.126926242638407,0.424673693158912,-0.0545324205870743
19.9253888999575,0.623052907144963,0.0398741122276505,-0.00201886081223226,-0.199825722053309,0.00526054869086658,0.0169395817756188,0,0,0,0,0,0,0,0,0,0.131171400326338,0.424122261027124,-0.0557239046764419
19.9353916052286,0.623451654986412,0.039853872160604,-0.00202804831047478,-0.199772255264637,0.00542988030048205,0.0169175781988756,0,0,0,0,0,0,0,0,0,0.135410982590309,0.423558913568849,-0.0569146648122181
19.9453943104996,0.623850199913756,0.0398335404761554,-0.0020371795570158,-0.199717095802835,0.00559899172912697,0.0168955569319188,0,0,0,0,0,0,0,0,0,0.139644870281059,0.422983659791688,-0.0581043486705833
19.9553970157707,0.624248541013366,0.0398131177303887,-0.0020462558668157,-0.199660245871251,0.00576788278311574,0.0168735146334813,0,0,0,0,0,0,0,0,0,0.143872944357053,0.422396512219411,-0.0592926056344129
19.9653997210418,0.624646677377107,0.039792604466287,-0.00205527854433157,-0.199601707675334,0.00593655323548952,0.0168514479919717,0,0,0,0,0,0,0,0,0,0.148095085919571,0.421797486873859,-0.060479086992955
19.9754024263128,0.625044608102213,0.0397720012138379,-0.00206424888354574,-0.19954148342297,0.00610500282631267,0.0168293537253947,0,0,0,0,0,0,0,0,0,0.152311176247602,0.421186603254904,-0.0616634461376375
19.9854051315839,0.625442332291155,0.039751308490138,-0.00207316816799421,-0.199479575324809,0.00627323126296842,0.0168072285812696,0,0,0,0,0,0,0,0,0,0.156521096832529,0.420563884318434,-0.0628453387547896
19.9954078368549,0.62583984905151,0.0397305267994969,-0.00208203767079516,-0.199415985594589,0.00644123822045366,0.0167850693365508,0,0,0,0,0,0,0,0,0,0.160724729412583,0.419929356452456,-0.0640244230151224
20.005410542126,0.626237157495838,0.0397096566335419,-0.00209085865467738,-0.19935071644946,0.006609023341673,0.0167628727975467,0,0,0,0,0,0,0,0,0,0.164921956007051,0.419283049451293,-0.0652003597568074
20.0154132473971,0.626634256741552,0.0396886984713212,-0.00209963237200878,-0.199283770110304,0.00677658623773195,0.0167406357998395,0,0,0,0,0,0,0,0,0,0.169112658950211,0.418624996488026,-0.0663728126824412
20.0254159526681,0.627031145910796,0.0396676527794077,-0.00210836006482484,-0.199215148802049,0.00694392648822942,0.0167183552082049,0,0,0,0,0,0,0,0,0,0.17329672092499,0.417955234084745,-0.0675414485263134
20.0354186579392,0.627427824130318,0.0396465200120023,-0.0021170429648571,-0.199144854753987,0.0071110436415491,0.0166960279165313,0,0,0,0,0,0,0,0,0,0.177474024996306,0.417273802081648,-0.0687059372157198
20.0454213632103,0.627824290531347,0.0396253006110363,-0.0021256822935616,-0.199072890200081,0.00727793721515059,0.0166736508477396,0,0,0,0,0,0,0,0,0,0.181644454644107,0.416580743604063,-0.0698659520799943
20.0554240684813,0.628220544249474,0.0396039950062749,-0.0021342792621474,-0.198999257379273,0.0074446066958592,0.0166512209537028,0,0,0,0,0,0,0,0,0,0.18580789379605,0.415876105027371,-0.0710211700057124
20.0654267737524,0.628616584424527,0.0395826036154186,-0.00214283507160501,-0.198923958535793,0.00761105154015517,0.0166287352151654,0,0,0,0,0,0,0,0,0,0.18996422685984,0.415159935940917,-0.0721712715860061
20.0754294790235,0.62901241020045,0.039561126844206,-0.0021513509127349,-0.198846995919455,0.0077772711744621,0.016606190641663,0,0,0,0,0,0,0,0,0,0.19411333875519,0.414432289109946,-0.0733159412980265
20.0854321842945,0.62940802072519,0.0395395650865153,-0.00215982796617594,-0.198768371785962,0.00794326499543448,0.0165835842714419,0,0,0,0,0,0,0,0,0,0.198255114945397,0.413693220435968,-0.0744548676562246
20.0954348895656,0.629803415150573,0.0395179187244657,-0.00216826740243387,-0.198688088397198,0.00810903237024455,0.0165609131713784,0,0,0,0,0,0,0,0,0,0.202389441468506,0.412942788915623,-0.0755877433636639
20.1054375948366,0.630198592632189,0.0394961881285189,-0.00217667038190981,-0.198606148021525,0.0082745726368682,0.0165381744368989,0,0,0,0,0,0,0,0,0,0.206516204968065,0.412181056598025,-0.0767142654604394
20.1154403001077,0.630593552329276,0.0394743736575797,-0.00218503805492871,-0.198522552934069,0.00843988510437019,0.0165153651918989,0,0,0,0,0,0,0,0,0,0.210635292723437,0.411408088540649,-0.0778341354675126
20.1254430053788,0.630988293404603,0.0394524756590968,-0.00219337156176781,-0.198437305417015,0.00860496905318852,0.0164924825886629,0,0,0,0,0,0,0,0,0,0.214746592679672,0.410623952763806,-0.0789470595259594
20.1354457106498,0.631382815024361,0.0394304944691635,-0.00220167203268513,-0.198350407759884,0.00876982373541795,0.0164695238077837,0,0,0,0,0,0,0,0,0,0.218849993476907,0.409828720203739,-0.0800527485343927
20.1454484159209,0.631777116358042,0.039408430412617,-0.00220994058794794,-0.198261862259819,0.0089344483750928,0.0164464860580821,0,0,0,0,0,0,0,0,0,0.222945384479301,0.409022464664349,-0.0811509182640274
20.155451121192,0.632171196578336,0.0393862838031391,-0.00221817833786122,-0.198171671221865,0.0090988421684689,0.0164233665765267,0,0,0,0,0,0,0,0,0,0.227032655803471,0.408205262767996,-0.082241289496676
20.165453826463,0.632565054861012,0.0393640549433548,-0.00222638638279616,-0.198079836959245,0.00926300428430471,0.0164001626281528,0,0,0,0,0,0,0,0,0,0.231111698346433,0.407377193904454,-0.0833235881584239
20.1754565317341,0.632958690384813,0.0393417441249322,-0.00223456581321861,-0.197986361793631,0.00942693386414169,0.0163768715059826,0,0,0,0,0,0,0,0,0,0.235182403813029,0.406538340179044,-0.0843975453994385
20.1854592370051,0.633352102331343,0.0393193516286814,-0.00224271770971755,-0.197891248055418,0.00959063002258385,0.0163534905309444,0,0,0,0,0,0,0,0,0,0.239244664742829,0.405688786359991,-0.0854628977163184
20.1954619422762,0.633745289884963,0.0392968777246526,-0.00225084314303357,-0.197794498083991,0.00975409184757646,0.0163300170517922,0,0,0,0,0,0,0,0,0,0.243298374536497,0.404828619824109,-0.0865193870691227
20.2054646475473,0.634138252232682,0.0392743226722351,-0.00225894317408736,-0.197696114227991,0.00991731840068397,0.0163064484450254,0,0,0,0,0,0,0,0,0,0.247343427481613,0.40395793050182,-0.0875667609675303
20.2154673528183,0.634530988564048,0.039251686720255,-0.00226701885400814,-0.197596098845574,0.0100803087173672,0.0162827821148083,0,0,0,0,0,0,0,0,0,0.251379718777934,0.40307681082111,-0.0886047725667836
20.2254700580894,0.634923498071049,0.0392289701070731,-0.00227507122416217,-0.197494454304676,0.0102430618072595,0.0162590154928895,0,0,0,0,0,0,0,0,0,0.2554071445621,0.40218535565063,-0.0896331807550455
20.2354727633605,0.635315779948003,0.0392061730606825,-0.00228310131618122,-0.197391182983266,0.0104055766544426,0.0162351460385215,0,0,0,0,0,0,0,0,0,0.259425601931756,0.401283662241908,-0.0906517502385109
20.2454754686315,0.635707833391457,0.0391832957988057,-0.00229111015199102,-0.197286287269602,0.0105678522177209,0.0162111712383805,0,0,0,0,0,0,0,0,0,0.263434988969097,0.400371830170746,-0.0916602516154079
20.2554781739026,0.636099657600087,0.0391603385289917,-0.00229909874383975,-0.197179769562483,0.0107298874308957,0.0161870886064857,0,0,0,0,0,0,0,0,0,0.267435204763824,0.399449961277948,-0.0926584614480402
20.2654808791737,0.636491251774593,0.0391373014487125,-0.00230706809432651,-0.197071632271494,0.010891681203038,0.0161628956841189,0,0,0,0,0,0,0,0,0,0.271426149435499,0.398518159609276,-0.0936461623326317
20.2754835844447,0.636882615117599,0.0391141847454594,-0.00231501919642978,-0.196961877817259,0.0110532324187613,0.016138590039744,0,0,0,0,0,0,0,0,0,0.2754077241553,0.397576531354789,-0.0946231429568237
20.2854862897158,0.637273746833558,0.0390909885968395,-0.00232295303353592,-0.196850508631677,0.0112145399384926,0.0161141692689268,0,0,0,0,0,0,0,0,0,0.279379831167166,0.396625184787639,-0.0955891981572292
20.2954889949868,0.637664646128648,0.039067713170671,-0.00233087057946761,-0.196737527158165,0.0113756025987431,0.0160896309942543,0,0,0,0,0,0,0,0,0,0.283342373808323,0.395664230202261,-0.0965441289686641
20.3054917002579,0.638055312210677,0.0390443586250791,-0.00233877279851235,-0.196622935851899,0.0115364192123784,0.0160649728652543,0,0,0,0,0,0,0,0,0,0.287295256529196,0.394693779852189,-0.0974877426675811
20.315494405529,0.63844574428899,0.0390209251085909,-0.00234666064545091,-0.196506737180046,0.0116969885688876,0.016040192558315,0,0,0,0,0,0,0,0,0,0.29123838491269,0.393713947887371,-0.0984198528175597
20.3254971108,0.638835941574365,0.0389974127602309,-0.00235453506558582,-0.196388933621996,0.0118573094346512,0.0160152877766046,0,0,0,0,0,0,0,0,0,0.295171665692844,0.392724850291078,-0.0993402792975845
20.3354998160711,0.639225903278928,0.0389738217096148,-0.00236239699476983,-0.196269527669594,0.0120173805532086,0.0159902562499908,0,0,0,0,0,0,0,0,0,0.299095006772858,0.391726604816653,-0.100248848330909
20.3455025213422,0.639615628616052,0.0389501520770448,-0.0023702473594344,-0.196148521827366,0.0121772006455254,0.0159650957349602,0,0,0,0,0,0,0,0,0,0.303008317242474,0.390719330923843,-0.101145392514883
20.3555052266132,0.640005116800268,0.0389264039736031,-0.00237808707661814,-0.196025918612744,0.0123367684102583,0.0159398040145383,0,0,0,0,0,0,0,0,0,0.306911507394734,0.389703149714948,-0.102029750834947
20.3655079318843,0.640394367047173,0.0389025775012459,-0.00238591705399533,-0.195901720556286,0.012496082524021,0.0159143788982085,0,0,0,0,0,0,0,0,0,0.310804488742081,0.388678183870879,-0.102901768678924
20.3755106371553,0.640783378573338,0.0388786727528969,-0.00239373818990434,-0.195775930201897,0.0126551416416479,0.0158888182218319,0,0,0,0,0,0,0,0,0,0.314687174031839,0.387644557587016,-0.103761297842712
20.3855133424264,0.641172150596218,0.0388546898125407,-0.00240155137337615,-0.195648550107047,0.0128139443964579,0.0158631198475671,0,0,0,0,0,0,0,0,0,0.31855947726103,0.386602396509152,-0.104608196550527
20.3955160476975,0.641560682334066,0.0388306287553155,-0.00240935748416278,-0.195519582842981,0.0129724894005168,0.0158372816637892,0,0,0,0,0,0,0,0,0,0.322421313690574,0.385551827668951,-0.105442329428973
20.4055187529685,0.64194897300584,0.0388064896476058,-0.0024171573927658,-0.195389030994933,0.0131307752448991,0.01581130158501,0,0,0,0,0,0,0,0,0,0.326272599858815,0.384492979420407,-0.106263567498153
20.4155214582396,0.64233702183112,0.0387822725471351,-0.00242495196046478,-0.195256897162335,0.0132888004999494,0.015785177551797,0,0,0,0,0,0,0,0,0,0.330113253594444,0.383425981375479,-0.107071788208572
20.4255241635107,0.64272482803002,0.0387579775030576,-0.00243274203934576,-0.195123183959018,0.0134465637155423,0.0157589075306933,0,0,0,0,0,0,0,0,0,0.333943194028749,0.382350964339815,-0.107866875381089
20.4355268687817,0.643112390823105,0.0387336045560502,-0.00244052847232974,-0.194987894013426,0.0136040634213418,0.0157324895141369,0,0,0,0,0,0,0,0,0,0.33776234160724,0.381268060249584,-0.108648719184012
20.4455295740528,0.643499709431303,0.0387091537384041,-0.00244831209320116,-0.194851029968804,0.0137612981270602,0.0157059215203804,0,0,0,0,0,0,0,0,0,0.341570618100642,0.380177402107662,-0.109417216136844
20.4555322793238,0.643886783075822,0.038684625074116,-0.00245609372663631,-0.194712594483406,0.0139182663227156,0.0156792015934108,0,0,0,0,0,0,0,0,0,0.345367946615243,0.37907912392039,-0.110172269066894
20.4655349845949,0.644273610978073,0.038660018578979,-0.0024638741882319,-0.194572590230688,0.014074966478889,0.0156523278028685,0,0,0,0,0,0,0,0,0,0.349154251602619,0.377973360634622,-0.110913787076653
20.475537689866,0.644660192359581,0.0386353342606732,-0.00247165428453344,-0.194431019899497,0.0142313970469807,0.0156252982439672,0,0,0,0,0,0,0,0,0,0.352929458868725,0.37686024807514,-0.111641685508018
20.485540395137,0.645046526441909,0.0386105721188565,-0.00247943481306378,-0.194287886194269,0.0143875564594655,0.0155981110374134,0,0,0,0,0,0,0,0,0,0.356693495582369,0.375739922882419,-0.112355885901517
20.4955431004081,0.645432612446576,0.0385857321452542,-0.00248721656235154,-0.194143191835211,0.0145434431301474,0.0155707643293261,0,0,0,0,0,0,0,0,0,0.360446290283055,0.374612522450856,-0.113056315951651
20.5055458056792,0.645818449594981,0.038560814323749,-0.00249500031195961,-0.193996939558488,0.0146990554544132,0.015543256291156,0,0,0,0,0,0,0,0,0,0.36418777288822,0.373478184867426,-0.113742909458892
20.5155485109502,0.64620403710832,0.0385358186304707,-0.00250278683251361,-0.193849132116408,0.0148543918094856,0.0155155851196054,0,0,0,0,0,0,0,0,0,0.367917874699856,0.372337048850875,-0.114415606273644
20.5255512162213,0.646589374207513,0.0385107450338854,-0.00251057688573035,-0.1936997722776,0.0150094505546757,0.0154877490365476,0,0,0,0,0,0,0,0,0,0.371636528410525,0.371189253691495,-0.115074352243837
20.5355539214924,0.646974460113128,0.0384855934948843,-0.00251837122444633,-0.193548862827194,0.0151642300316336,0.0154597462889464,0,0,0,0,0,0,0,0,0,0.375343668108779,0.370034939191368,-0.115719099156784
20.5455566267634,0.647359294045303,0.0384603639668724,-0.00252617059264619,-0.193396406566994,0.0153187285646,0.0154315751487757,0,0,0,0,0,0,0,0,0,0.379039229283979,0.368874245605299,-0.116349804671502
20.5555593320345,0.647743875223672,0.0384350563958573,-0.00253397572549121,-0.193242406315652,0.0154729444606549,0.0154032339129391,0,0,0,0,0,0,0,0,0,0.38272314883053,0.367707313582418,-0.11696643225617
20.5655620373055,0.648128202867295,0.0384096707205367,-0.00254178734934773,-0.19308686490884,0.0156268760099673,0.0153747209031896,0,0,0,0,0,0,0,0,0,0.386395365051538,0.366534284108366,-0.117568951116678
20.5755647425766,0.648512276194579,0.0383842068723866,-0.00254960618181569,-0.192929785199415,0.0157805214860433,0.0153460344660487,0,0,0,0,0,0,0,0,0,0.390055817661882,0.365355298448322,-0.118157336135057
20.5855674478477,0.648896094423213,0.038358664775749,-0.00255743293175704,-0.192771170057588,0.0159338791459731,0.0153171729727263,0,0,0,0,0,0,0,0,0,0.393704447790737,0.364170498090421,-0.11873156778389
20.5955701531187,0.649279656770092,0.0383330443479187,-0.00256526829932427,-0.192611022371081,0.0160869472306776,0.0152881348190404,0,0,0,0,0,0,0,0,0,0.397341197983512,0.362980024690495,-0.119291632035327
20.6055728583898,0.649662962451249,0.0383073454992306,-0.00257311297598883,-0.192449345045297,0.0162397239651545,0.0152589184253363,0,0,0,0,0,0,0,0,0,0.400966012203262,0.361784020017314,-0.119837520312125
20.6155755636609,0.650046010681788,0.0382815681331464,-0.00258096764456963,-0.192286141003467,0.016392207558723,0.0152295222364061,0,0,0,0,0,0,0,0,0,0.404578835831539,0.3605826258983,-0.120369229395548
20.6255782689319,0.65042880067581,0.0382557121463408,-0.00258883297926152,-0.192121413186814,0.0165443962052678,0.0151999447214088,0,0,0,0,0,0,0,0,0,0.408179615668715,0.359375984166616,-0.120886761325913
20.635580974203,0.650811331646351,0.0382297774287878,-0.00259670964566375,-0.191955164554702,0.0166962880834828,0.0151701843737892,0,0,0,0,0,0,0,0,0,0.411768299933773,0.358164236608868,-0.121390123325753
20.645583679474,0.651193602805312,0.0382037638638464,-0.00260459830080843,-0.19178739808479,0.0168478813571131,0.0151402397111979,0,0,0,0,0,0,0,0,0,0.415344838263582,0.356947524913726,-0.121879327713266
20.6555863847451,0.651575613363396,0.0381776713283463,-0.00261249959318903,-0.191618116773176,0.0169991741751973,0.0151101092754108,0,0,0,0,0,0,0,0,0,0.418909181711667,0.355725990621365,-0.122354391809662
20.6655890900162,0.65195736253004,0.0381514996926732,-0.00262041416278883,-0.191447323634546,0.017150164672308,0.0150797916322483,0,0,0,0,0,0,0,0,0,0.422461282746467,0.354499775073941,-0.122815337843034
20.6755917952872,0.652338849513354,0.0381252488208534,-0.00262834264110941,-0.191275021702317,0.0173008509687921,0.0150492853714954,0,0,0,0,0,0,0,0,0,0.426001095249113,0.353269019366946,-0.12326219285711
20.6855945005583,0.652720073520057,0.0380989185706391,-0.0026362856511991,-0.191101214028776,0.01745123117101,0.0150185891068207,0,0,0,0,0,0,0,0,0,0.429528574510717,0.352033864301512,-0.123694988616084
20.6955972058294,0.653101033755411,0.0380725087935923,-0.00264424380768149,-0.190925903685223,0.0176013033715742,0.0149877014756963,0,0,0,0,0,0,0,0,0,0.433043677229196,0.350794450337677,-0.124113761507943
20.7055999111004,0.653481729423165,0.0380460193351691,-0.00265221771678386,-0.190749093762104,0.0177510656495869,0.0149566211393175,0,0,0,0,0,0,0,0,0,0.436546361505622,0.349550917548618,-0.124518552445309
20.7156026163715,0.653862159725493,0.0380194500348037,-0.00266020797636566,-0.190570787369145,0.017900516070877,0.0149253467825219,0,0,0,0,0,0,0,0,0,0.440036586840133,0.348303405575898,-0.12490940675501
20.7256053216425,0.654242323862931,0.0379928007259916,-0.00266821517594703,-0.190390987635485,0.018049652688236,0.0148938771137091,0,0,0,0,0,0,0,0,0,0.443514314127388,0.347052053585911,-0.125286374092106
20.7356080269136,0.654622221034321,0.0379660712363734,-0.00267623989673721,-0.190209697709804,0.0181984735416537,0.0148622108647606,0,0,0,0,0,0,0,0,0,0.446979505651607,0.345797000226851,-0.125649508347361
20.7456107321847,0.655001850436751,0.0379392613878172,-0.00268428271166304,-0.190026920760451,0.018346976658552,0.0148303467909589,0,0,0,0,0,0,0,0,0,0.450432125081162,0.344538383587005,-0.125998867513113
20.7556134374557,0.655381211265501,0.0379123709965017,-0.00269234418539745,-0.189842659975568,0.0184951600540193,0.0147982836709072,0,0,0,0,0,0,0,0,0,0.453872137462785,0.343276341154408,-0.126334513603532
20.7656161427268,0.655760302713982,0.0378853998729985,-0.00270042487438789,-0.189656918563212,0.0186430217310429,0.0147660203064493,0,0,0,0,0,0,0,0,0,0.457299509215355,0.342011009776727,-0.12665651254782
20.7756188479979,0.656139123973684,0.0378583478223543,-0.00270852532688484,-0.189469699751475,0.0187905596807411,0.0147335555225884,0,0,0,0,0,0,0,0,0,0.460714208123295,0.340742525623055,-0.126964934067726
20.7856215532689,0.656517674234117,0.0378312146441726,-0.00271664608297027,-0.189281006788601,0.0189377718825945,0.0147008881674075,0,0,0,0,0,0,0,0,0,0.464116203329605,0.339471024146248,-0.127259851606619
20.79562425854,0.656895952682764,0.0378040001326953,-0.0027247876745861,-0.189090842943104,0.0190846563046769,0.0146680171119883,0,0,0,0,0,0,0,0,0,0.467505465328497,0.338196640046134,-0.127541342195527
20.8056269638111,0.657273958505019,0.0377767040768843,-0.0027329506255627,-0.188899211503876,0.0192312109038841,0.0146349412503311,0,0,0,0,0,0,0,0,0,0.470881965957697,0.336919507234532,-0.127809486355044
20.8156296690821,0.657651690884142,0.0377493262605019,-0.00274113545164734,-0.188706115780304,0.0193774336261635,0.0146016594992743,0,0,0,0,0,0,0,0,0,0.474245678390376,0.335639758800423,-0.128064368009311
20.8256323743532,0.658029149001203,0.0377218664621921,-0.00274934266053267,-0.188511559102371,0.0195233224067416,0.0145681707984139,0,0,0,0,0,0,0,0,0,0.477596577126759,0.334357526976688,-0.128306074349254
20.8356350796242,0.658406332035032,0.0376943244555606,-0.00275757275188519,-0.188315544820769,0.0196688751703517,0.014534474110023,0,0,0,0,0,0,0,0,0,0.480934637985394,0.333072943108018,-0.128534695741176
20.8456377848953,0.658783239162172,0.0376667000092551,-0.00276582621737371,-0.188118076306998,0.01981408983146,0.0145005684189714,0,0,0,0,0,0,0,0,0,0.484259838094109,0.331786137619479,-0.128750325628824
20.8556404901664,0.659159869556824,0.0376389928870453,-0.00277410354069787,-0.187919156953471,0.0199589642944913,0.0144664527326453,0,0,0,0,0,0,0,0,0,0.487572155880658,0.330497239986381,-0.128953060421061
20.8656431954374,0.659536222390805,0.0376112028479023,-0.00278240519761655,-0.187718790173611,0.0201034964540539,0.0144321260808667,0,0,0,0,0,0,0,0,0,0.490871571063076,0.329206378705092,-0.129142999389023
20.8756459007085,0.659912296833496,0.0375833296460778,-0.00279073165597639,-0.187516979401947,0.0202476841951636,0.0143975875158128,0,0,0,0,0,0,0,0,0,0.49415806463974,0.327913681264962,-0.12932024456209
20.8856486059796,0.660288092051797,0.0375553730311832,-0.00279908337574023,-0.187313728094213,0.0203915253934668,0.0143628361119361,0,0,0,0,0,0,0,0,0,0.497431618879162,0.326619274121219,-0.129484900624837
20.8956513112506,0.660663607210079,0.0375273327482687,-0.0028074608090156,-0.187109039727438,0.0205350179154631,0.0143278709658832,0,0,0,0,0,0,0,0,0,0.500692217309507,0.325323282668956,-0.129637074812293
20.9056540165217,0.661038841470143,0.0374992085379009,-0.00281586440008321,-0.186902917800036,0.0206781596187266,0.0142926911964151,0,0,0,0,0,0,0,0,0,0.503939844707866,0.324025831218119,-0.12977687681023
20.9156567217927,0.661413793991172,0.0374710001362416,-0.00282429458542537,-0.186695365831894,0.020820948352127,0.014257295944326,0,0,0,0,0,0,0,0,0,0.507174487089279,0.322727042969492,-0.129904418653083
20.9256594270638,0.661788463929686,0.0374427072751257,-0.00283275179375451,-0.186486387364459,0.0209633819560496,0.0142216843723635,0,0,0,0,0,0,0,0,0,0.510396131695517,0.321427039991728,-0.130019814622548
20.9356621323349,0.662162850439504,0.0374143296821382,-0.00284123644604164,-0.186275985960824,0.0211054582626143,0.014185855665148,0,0,0,0,0,0,0,0,0,0.513604766983653,0.320125943199357,-0.130123181148687
20.9456648376059,0.662536952671698,0.037385867080692,-0.00284974895554482,-0.186064165205804,0.0212471750958939,0.0141498090290919,0,0,0,0,0,0,0,0,0,0.516800382614406,0.318823872331801,-0.130214636709782
20.955667542877,0.662910769774553,0.0373573191901049,-0.00285828972783762,-0.185850928706019,0.0213885302721319,0.0141135436923196,0,0,0,0,0,0,0,0,0,0.519982969440281,0.317520945933384,-0.130294301736222
20.9656702481481,0.663284300893526,0.0373286857256759,-0.00286685916083761,-0.185636280089972,0.0215295215999595,0.0140770589045867,0,0,0,0,0,0,0,0,0,0.523152519493527,0.316217281334268,-0.130362298513966
20.9756729534191,0.663657545171207,0.0372999663987621,-0.00287545764483484,-0.185420223008123,0.0216701468806108,0.0140403539371998,0,0,0,0,0,0,0,0,0,0.526309025973888,0.314912994632397,-0.130418751085503
20.9856756586902,0.66403050174728,0.0372711609168548,-0.00288408556252029,-0.185202761132959,0.0218104039081387,0.0140034280829361,0,0,0,0,0,0,0,0,0,0.529452483236198,0.313608200676411,-0.13046378515942
20.9956783639613,0.664403169758482,0.0372422689836549,-0.00289274328901434,-0.184983898159071,0.0219502904696292,0.0139662806559626,0,0,0,0,0,0,0,0,0,0.532582886777797,0.312303013049403,-0.130497528016361
21.0056810692323,0.66477554833857,0.0372132902991491,-0.00290143119189527,-0.184763637803216,0.0220898043454143,0.013928910991756,0,0,0,0,0,0,0,0,0,0.535700233225795,0.310997544053711,-0.130520108413878
21.0156837745034,0.665147636618279,0.0371842245596848,-0.00291014963122771,-0.184541983804389,0.0222289433092856,0.0138913184470222,0,0,0,0,0,0,0,0,0,0.538804520324185,0.30969190469658,-0.130531656499882
21.0256864797744,0.665519433725291,0.0371550714580452,-0.00291889895959112,-0.184318939923884,0.0223677051287056,0.0138535023996155,0,0,0,0,0,0,0,0,0,0.541895746920823,0.308386204676688,-0.130532303720814
21.0356891850455,0.665890938784197,0.0371258306835243,-0.00292767952210828,-0.184094509945356,0.0225060875650193,0.0138154622484587,0,0,0,0,0,0,0,0,0,0.54497391295427,0.307080552371636,-0.130522182732892
21.0456918903166,0.666262150916463,0.0370965019220009,-0.00293649165647372,-0.183868697674884,0.0226440883736642,0.0137771974134624,0,0,0,0,0,0,0,0,0,0.54803901944052,0.305775054826262,-0.130501427318038
21.0556945955876,0.666633069240396,0.037067084856013,-0.00294533569298222,-0.183641506941027,0.02278170530438,0.0137387073354443,0,0,0,0,0,0,0,0,0,0.55109106845961,0.304469817741805,-0.130470172297884
21.0656973008587,0.667003692871111,0.0370375791648316,-0.00295421195455729,-0.18341294159488,0.0229189361014173,0.0136999914760493,0,0,0,0,0,0,0,0,0,0.554130063142131,0.303164945465941,-0.130428553449464
21.0757000061298,0.667374020920498,0.0370079845245346,-0.00296312075677963,-0.183183005510129,0.0230557785037457,0.0136610493176686,0,0,0,0,0,0,0,0,0,0.557156007655638,0.301860540983633,-0.130376707421965
21.0857027114008,0.667744052497193,0.0369783006080796,-0.00297206240791561,-0.182951702583099,0.0231922302452603,0.0136218803633593,0,0,0,0,0,0,0,0,0,0.560168907190977,0.300556705908834,-0.130314771656563
21.0957054166719,0.668113786706545,0.0369485270853771,-0.00298103720894572,-0.182719036732811,0.0233282890549889,0.0135824841367643,0,0,0,0,0,0,0,0,0,0.563168767948533,0.29925354047694,-0.130242884309873
21.1057081219429,0.668483222650585,0.0369186636233636,-0.00299004545359307,-0.182485011901023,0.0234639526572968,0.0135428601820313,0,0,0,0,0,0,0,0,0,0.566155597124403,0.297951143538024,-0.130161184174039
21.115710827214,0.668852359427998,0.0368887098860734,-0.00299908742835186,-0.182249632052277,0.0235992187720918,0.013503008063733,0,0,0,0,0,0,0,0,0,0.569129402896507,0.296649612550889,-0.130069810600183
21.1257135324851,0.669221196134097,0.0368586655347115,-0.00300816341251584,-0.182012901173946,0.0237340851150282,0.0134629273667861,0,0,0,0,0,0,0,0,0,0.572090194410646,0.295349043577831,-0.129968903422666
21.1357162377561,0.669589731860788,0.0368285302277248,-0.00301727367820677,-0.181774823276272,0.0238685493977096,0.0134226176963712,0,0,0,0,0,0,0,0,0,0.575037981766506,0.294049531280209,-0.129858602896668
21.1457189430272,0.669957965696551,0.0367983036208741,-0.00302641849040294,-0.181535402392406,0.0240026093278914,0.013382078677852,0,0,0,0,0,0,0,0,0,0.577972776003626,0.292751168914456,-0.129739049614699
21.1557216482983,0.670325896726406,0.0367679853673052,-0.00303559810696759,-0.181294642578446,0.0241362626096823,0.0133413099566954,0,0,0,0,0,0,0,0,0,0.580894589087327,0.291454048329322,-0.129610384428921
21.1657243535693,0.670693524031894,0.0367375751176204,-0.00304481277867742,-0.181052547913474,0.0242695069437447,0.0133003111983904,0,0,0,0,0,0,0,0,0,0.583803433894619,0.290158259963433,-0.129472748410369
21.1757270588404,0.671060846691047,0.0367070725199484,-0.00305406274925103,-0.180809122499587,0.0244023400274951,0.0132590820883683,0,0,0,0,0,0,0,0,0,0.586699324200084,0.288863892843355,-0.129326282767116
21.1857297641114,0.671427863778364,0.0366764772200155,-0.00306334825537742,-0.180564370461928,0.0245347595553027,0.0132176223319217,0,0,0,0,0,0,0,0,0,0.589582274661747,0.287571034582789,-0.129171128773255
21.1957324693825,0.671794574364792,0.0366457888612156,-0.00307266952674446,-0.18031829594872,0.0246667632186877,0.0131759316541244,0,0,0,0,0,0,0,0,0,0.592452300806937,0.286279771382056,-0.129007427718141
21.2057351746536,0.672160977517697,0.0366150070846797,-0.00308202678606734,-0.180070903131288,0.0247983487065192,0.0131340097997508,0,0,0,0,0,0,0,0,0,0.595309419018151,0.284990188028304,-0.128835320835918
21.2157378799246,0.672527072300844,0.036584131529346,-0.00309142024911708,-0.179822196204089,0.0249295137052112,0.0130918565331955,0,0,0,0,0,0,0,0,0,0.598153646518921,0.283702367896407,-0.128654949253661
21.2257405851957,0.672892857774377,0.036553161832029,-0.00310085012474894,-0.179572179384731,0.0250602558989192,0.013049471638393,0,0,0,0,0,0,0,0,0,0.600985001359692,0.282416392950209,-0.128466453923952
21.2357432904668,0.673258332994797,0.0365220976274885,-0.00311031661493097,-0.179320856914,0.0251905729697344,0.0130068549187368,0,0,0,0,0,0,0,0,0,0.603803502403716,0.281132343744767,-0.128269975571619
21.2457459957378,0.673623497014941,0.0364909385484985,-0.00311981991477244,-0.179068233055874,0.0253204625978787,0.0129640061969996,0,0,0,0,0,0,0,0,0,0.606609169312976,0.27985029942867,-0.128065654657683
21.2557487010089,0.673988348883963,0.0364596842259154,-0.00312936021255231,-0.178814312097547,0.0254499224618978,0.0129209253152522,0,0,0,0,0,0,0,0,0,0.609402022534123,0.278570337746994,-0.127853631297517
21.2657514062799,0.674352887647315,0.0364283342887465,-0.0031389376897477,-0.178559098349438,0.0255789502388538,0.0128776121347836,0,0,0,0,0,0,0,0,0,0.612182083284463,0.277292535045261,-0.127634045213966
21.275754111551,0.674717112346731,0.0363968883642177,-0.00314855252106239,-0.178302596145211,0.0257075436045171,0.0128340665360202,0,0,0,0,0,0,0,0,0,0.614949373537971,0.276016966273337,-0.127407035706543
21.2857568168221,0.675081022020205,0.036365346077841,-0.00315820487445527,-0.178044809841783,0.0258357002335574,0.0127902884184455,0,0,0,0,0,0,0,0,0,0.617703916011353,0.274743704989997,-0.127172741590148
21.2957595220931,0.675444615701978,0.0363337070534823,-0.00316789491116881,-0.177785743819334,0.0259634177997339,0.0127462777005197,0,0,0,0,0,0,0,0,0,0.62044573415016,0.273472823368058,-0.126931301145393
21.3057622273642,0.67580789242252,0.0363019709134277,-0.00317762278575755,-0.17752540248132,0.026090693976085,0.012702034319599,0,0,0,0,0,0,0,0,0,0.623174852114946,0.272204392199937,-0.126682852076161
21.3157649326353,0.676170851208518,0.0362701372784509,-0.00318738864611656,-0.177263790254472,0.0262175264351163,0.0126575582318555,0,0,0,0,0,0,0,0,0,0.62589129476749,0.270938480903627,-0.126427531476321
21.3257676379063,0.676533491082855,0.0362382057678796,-0.00319719263350992,-0.177000911588806,0.0263439128489892,0.0126128494121965,0,0,0,0,0,0,0,0,0,0.628595087657083,0.269675157528926,-0.126165475776468
21.3357703431774,0.676895811064601,0.0362061759996611,-0.00320703488259918,-0.176736770957623,0.0264698508897069,0.0125679078541842,0,0,0,0,0,0,0,0,0,0.631286257006868,0.268414488764476,-0.125896820690374
21.3457730484485,0.677257810168997,0.0361740475904289,-0.00321691552147184,-0.176471372857512,0.0265953382293018,0.0125227335699552,0,0,0,0,0,0,0,0,0,0.633964829700271,0.267156539945066,-0.125621701204179
21.3557757537195,0.677619487407443,0.0361418201555682,-0.00322683467166982,-0.176204721808344,0.0267203725400197,0.0124773265901398,0,0,0,0,0,0,0,0,0,0.636630833267483,0.265901375058886,-0.125340251531735
21.3657784589906,0.677980841787488,0.0361094933092806,-0.00323679244821795,-0.175936822353275,0.0268449514945054,0.0124316869637823,0,0,0,0,0,0,0,0,0,0.63928429587204,0.264649056755721,-0.125052605060213
21.3757811642616,0.678341872312812,0.03607706666465,-0.00324678895965241,-0.175667679058736,0.0269690727659857,0.0123858147582595,0,0,0,0,0,0,0,0,0,0.641925246297468,0.263399646355294,-0.124758894330701
21.3857838695327,0.678702577983225,0.0360445398337068,-0.00325682430804925,-0.175397296514429,0.027092734028453,0.0123397100592012,0,0,0,0,0,0,0,0,0,0.644553713934028,0.262153203855853,-0.124459251005186
21.3957865748038,0.679062957794646,0.0360119124274927,-0.00326689858905279,-0.175125679333319,0.0272159329568468,0.0122933729704092,0,0,0,0,0,0,0,0,0,0.647169728765538,0.26090978794317,-0.124153805828557
21.4057892800748,0.679423010739102,0.0359791840561246,-0.00327701189190417,-0.17485283215162,0.0273386672272359,0.012246803613777,0,0,0,0,0,0,0,0,0,0.64977332135629,0.259669455999886,-0.123842688600027
21.4157919853459,0.679782735804715,0.0359463543288587,-0.00328716429946978,-0.174578759628787,0.0274609345169981,0.0122000021292095,0,0,0,0,0,0,0,0,0,0.652364522838066,0.258432264115086,-0.123526028149055
21.425794690617,0.680142131975694,0.0359134228541541,-0.00329735588826972,-0.174303466447499,0.0275827325050007,0.0121529686745422,0,0,0,0,0,0,0,0,0,0.654943364897244,0.257198267094126,-0.123203952297067
21.435797395888,0.680501198232328,0.0358803892397362,-0.00330758672850633,-0.174026957313647,0.0277040588717789,0.0121057034254612,0,0,0,0,0,0,0,0,0,0.657509879762008,0.25596751846897,-0.122876587837878
21.4458001011591,0.680859933550979,0.0358472530926594,-0.00331785688409259,-0.17374923695631,0.0278249112997143,0.0120582065754223,0,0,0,0,0,0,0,0,0,0.660064100189665,0.254740070508413,-0.122544060524417
21.4558028064301,0.681218336904074,0.0358140140193703,-0.00332816641268066,-0.173470310127742,0.027945287473212,0.012010478335571,0,0,0,0,0,0,0,0,0,0.662606059454059,0.25351597422868,-0.122206495021257
21.4658055117012,0.681576407260103,0.0357806716257702,-0.00333851536569028,-0.173190181603348,0.0280651850788774,0.0119625189346617,0,0,0,0,0,0,0,0,0,0.665135791333097,0.252295279404598,-0.121864014889239
21.4758082169723,0.681934143583611,0.0357472255172768,-0.00334890378833733,-0.172908856181662,0.0281846018056918,0.0119143286189774,0,0,0,0,0,0,0,0,0,0.667653330096388,0.251078034580509,-0.121516742576939
21.4858109222433,0.682291544835192,0.0357136752988865,-0.00335933171966222,-0.17262633868432,0.0283035353451871,0.0118659076522494,0,0,0,0,0,0,0,0,0,0.67015871049299,0.249864287081605,-0.121164799389122
21.4958136275144,0.682648609971488,0.0356800205752362,-0.00336979919255842,-0.172342633956036,0.0284219833916205,0.0118172563155764,0,0,0,0,0,0,0,0,0,0.672651967739272,0.248654083025475,-0.120808305469065
21.5058163327855,0.683005337945186,0.035646260950664,-0.00338030623380089,-0.172057746864575,0.0285399436421472,0.0117683749073446,0,0,0,0,0,0,0,0,0,0.675133137506891,0.247447467333798,-0.120447379782177
21.5158190380565,0.683361727705014,0.0356123960292711,-0.00339085286407459,-0.17177168230072,0.0286574137969933,0.0117192637431469,0,0,0,0,0,0,0,0,0,0.677602255910894,0.24624448374421,-0.120082140098531
21.5258217433276,0.683717778195736,0.0355784254149817,-0.00340143909800294,-0.171484445178243,0.0287743915596274,0.0116699231557025,0,0,0,0,0,0,0,0,0,0.680059359497928,0.245045174822349,-0.1197127029776
21.5358244485987,0.684073488358157,0.0355443487116043,-0.00341206494417627,-0.171196040433868,0.0288908746369314,0.0116203534947766,0,0,0,0,0,0,0,0,0,0.682504485234582,0.243849581974035,-0.11933918375438
21.5458271538697,0.684428857129117,0.0355101655228912,-0.00342273040518033,-0.170906473027241,0.029006860739371,0.0115705551270998,0,0,0,0,0,0,0,0,0,0.684937670495844,0.242657745457581,-0.118961696524706
21.5558298591408,0.684783883441493,0.0354758754525991,-0.00343343547762472,-0.170615747940891,0.0291223475811645,0.0115205284362878,0,0,0,0,0,0,0,0,0,0.687358953053687,0.241469704396271,-0.118580354132482
21.5658325644118,0.685138566224198,0.0354414781045481,-0.0034441801521714,-0.170323870180191,0.0292373328804514,0.0114702738227608,0,0,0,0,0,0,0,0,0,0.689768371065777,0.24028549679093,-0.118195268158576
21.5758352696829,0.685492904402184,0.0354069730826814,-0.00345496441356316,-0.170030844773317,0.0293518143594605,0.0114197917036632,0,0,0,0,0,0,0,0,0,0.692165963064308,0.239105159532622,-0.117806548910846
21.585837974954,0.685846896896441,0.0353723599911243,-0.00346578824065206,-0.169736676771209,0.0294657897446762,0.0113690825127828,0,0,0,0,0,0,0,0,0,0.694551767944968,0.237928728415417,-0.117414305416094
21.595840680225,0.686200542624001,0.0353376384342431,-0.00347665160642793,-0.169441371247528,0.0295792567670051,0.0113181467004711,0,0,0,0,0,0,0,0,0,0.696925824956025,0.236756238149254,-0.117018645406741
21.6058433854961,0.68655384049794,0.0353028080167034,-0.00348755447804684,-0.169144933298607,0.0296922131619407,0.0112669847335619,0,0,0,0,0,0,0,0,0,0.699288173687553,0.235587722372972,-0.11661967531612
21.6158460907672,0.686906789427381,0.0352678683435282,-0.00349849681685957,-0.168847368043406,0.0298046566697287,0.0112155970952917,0,0,0,0,0,0,0,0,0,0.701638854060781,0.234423213667266,-0.11621750027348
21.6258487960382,0.687259388317499,0.0352328190201564,-0.00350947857844008,-0.168548680623467,0.0299165850355296,0.0111639842852187,0,0,0,0,0,0,0,0,0,0.703977906317571,0.233262743567821,-0.115812224094278
21.6358515013093,0.687611636069523,0.0351976596524996,-0.00352049971261397,-0.168248876202858,0.0300279960095826,0.0111121468191425,0,0,0,0,0,0,0,0,0,0.706305371010037,0.232106342578463,-0.115403949276574
21.6458542065803,0.687963531580743,0.0351623898470003,-0.00353156016348698,-0.167947959968128,0.0301388873473669,0.0110600852290239,0,0,0,0,0,0,0,0,0,0.708621288990285,0.230954040184361,-0.114992776996027
21.6558569118514,0.688315073744518,0.0351270092106884,-0.00354265986947345,-0.167645937128247,0.0302492568097634,0.0110078000629041,0,0,0,0,0,0,0,0,0,0.710925701400288,0.229805864865278,-0.114578807104799
21.6658596171225,0.688666261450276,0.0350915173512382,-0.00355379876332479,-0.167342812914558,0.0303591021632149,0.0109552918848244,0,0,0,0,0,0,0,0,0,0.713218649661903,0.228661844108802,-0.114162138126281
21.6758623223935,0.689017093583526,0.0350559138770249,-0.00356497677215794,-0.167038592580713,0.0304684211798858,0.0109025612747458,0,0,0,0,0,0,0,0,0,0.715500175467004,0.227522004423695,-0.113742867251204
21.6858650276646,0.689367569025862,0.0350201983971806,-0.00357619381748387,-0.166733281402623,0.030577211637821,0.0108496088284685,0,0,0,0,0,0,0,0,0,0.717770320767766,0.226386371353203,-0.1133210903382
21.6958677329357,0.689717686654974,0.0349843705216507,-0.00358744981523604,-0.166426884678393,0.0306854713211041,0.0107964351575514,0,0,0,0,0,0,0,0,0,0.720029127767067,0.225254969488398,-0.112896901920452
21.7058704382067,0.690067445344654,0.0349484298612492,-0.00359874467579886,-0.166119407728262,0.030793198020014,0.0107430408892318,0,0,0,0,0,0,0,0,0,0.722276638909036,0.224127822481351,-0.112470395194884
21.7158731434778,0.690416843964805,0.0349123760277139,-0.00361007830403619,-0.16581085589454,0.0309003895311821,0.0106894266663449,0,0,0,0,0,0,0,0,0,0.72451289686972,0.223004953058689,-0.112041662017994
21.7258758487489,0.690765881381453,0.0348762086337621,-0.00362145059931976,-0.165501234541546,0.0310070436577473,0.0106355931472433,0,0,0,0,0,0,0,0,0,0.726737944547902,0.221886383034859,-0.111610792921668
21.7358785540199,0.691114556456751,0.0348399272931446,-0.00363286145555773,-0.165190549055539,0.0311131582095114,0.0105815410057164,0,0,0,0,0,0,0,0,0,0.728951825056039,0.220772133325359,-0.111177877111798
21.745881259291,0.691462868049,0.0348035316207009,-0.00364431076122308,-0.164878804844653,0.0312187310030925,0.0105272709309103,0,0,0,0,0,0,0,0,0,0.731154581711337,0.219662223960035,-0.11074300247049
21.755883964562,0.69181081501265,0.0347670212324131,-0.00365579839938212,-0.164566007338825,0.0313237598620787,0.0104727836272473,0,0,0,0,0,0,0,0,0,0.733346258026956,0.218556674096269,-0.110306255549689
21.7658866698331,0.692158396198315,0.0347303957454597,-0.00366732424772296,-0.164252161989729,0.0314282426171801,0.010418079814345,0,0,0,0,0,0,0,0,0,0.735526897703354,0.217455502032399,-0.109867721578122
21.7758893751042,0.69250561045279,0.0346936547782697,-0.00367888817858396,-0.163937274270699,0.0315321771063807,0.0103631602269365,0,0,0,0,0,0,0,0,0,0.737696544619758,0.216358725220771,-0.109427484477098
21.7858920803752,0.692852456619055,0.0346567979505753,-0.00369049005898225,-0.163621349676661,0.0316355611750891,0.0103080256147894,0,0,0,0,0,0,0,0,0,0.739855242825767,0.215266360280842,-0.108985626852193
21.7958947856463,0.693198933536297,0.0346198248834659,-0.00370212975064215,-0.163304393724052,0.0317383926762884,0.0102526767426259,0,0,0,0,0,0,0,0,0,0.742003036533086,0.214178423012402,-0.10854222999935
21.8058974909174,0.693545040039917,0.0345827351994399,-0.00371380711002369,-0.162986411950748,0.0318406694706854,0.0101971143900417,0,0,0,0,0,0,0,0,0,0.744139970107395,0.213094928408548,-0.108097373918471
21.8159001961884,0.693890774961549,0.034545528522458,-0.00372552198835103,-0.162667409915985,0.0319423894268593,0.0101413393514262,0,0,0,0,0,0,0,0,0,0.746266088060344,0.212015890668637,-0.107651137313147
21.8259029014595,0.694236137129073,0.0345082044779951,-0.00373727423164099,-0.162347393200278,0.0320435504214086,0.0100853524358815,0,0,0,0,0,0,0,0,0,0.748381435041676,0.210941323211271,-0.107203597596751
21.8359056067305,0.694581125366629,0.0344707626930921,-0.00374906368073148,-0.16202636740534,0.0321441503390986,0.0100291544671425,0,0,0,0,0,0,0,0,0,0.750486055831485,0.209871238687121,-0.106754830899656
21.8459083120016,0.694925738494635,0.0344332027964079,-0.00376089017130997,-0.161704338154004,0.0322441870730067,0.00997274628349587,0,0,0,0,0,0,0,0,0,0.752579995332596,0.208805648991768,-0.106304912076721
21.8559110172727,0.695269975329806,0.0343955244182705,-0.00377275353394202,-0.161381311090133,0.0323436585246681,0.00991612873770009,0,0,0,0,0,0,0,0,0,0.75466329856308,0.207744565278382,-0.105853914718949
21.8659137225437,0.695613834685163,0.0343577271907283,-0.00378465359409967,-0.161057291878537,0.03244256260422,0.00985930269690474,0,0,0,0,0,0,0,0,0,0.756736010648886,0.206687997970325,-0.105401911153483
21.8759164278148,0.695957315370058,0.0343198107476009,-0.00379659017218999,-0.160732286204888,0.0325408972305449,0.00980226904257013,0,0,0,0,0,0,0,0,0,0.758798176816606,0.205635956773832,-0.104948972458306
21.8859191330859,0.696300416190189,0.0342817747245291,-0.00380856308358348,-0.160406299775632,0.0326386603314135,0.00974502867038683,0,0,0,0,0,0,0,0,0,0.760849842386369,0.204588450690322,-0.104495168470011
21.8959218383569,0.696643135947618,0.0342436187590262,-0.0038205721386426,-0.160079338317894,0.0327358498436269,0.00968758249019532,0,0,0,0,0,0,0,0,0,0.762891052764844,0.203545488028921,-0.104040567781027
21.905924543628,0.696985473440792,0.0342053424905267,-0.00383261714275023,-0.159751407579394,0.0328324637131573,0.00962993142590537,0,0,0,0,0,0,0,0,0,0.764921853438385,0.202507076418827,-0.103585237765696
21.915927248899,0.697327427464561,0.0341669455604369,-0.00384469789633812,-0.159422513328349,0.0329284998952886,0.00957207641541573,0,0,0,0,0,0,0,0,0,0.766942289966288,0.201473222821314,-0.10312924458582
21.9259299541701,0.697668996810196,0.0341284276121841,-0.00385681419491537,-0.159092661353385,0.0330239563547557,0.00951401841053364,0,0,0,0,0,0,0,0,0,0.768952407974171,0.200443933541988,-0.102672653190657
21.9359326594412,0.698010180265415,0.0340897882912652,-0.00386896582909693,-0.158761857463434,0.0331188310658837,0.00945575837689438,0,0,0,0,0,0,0,0,0,0.770952253147474,0.199419214242786,-0.102215527334129
21.9459353647122,0.698350976614397,0.0340510272452961,-0.00388115258463204,-0.158430107487645,0.0332131220127253,0.00939729729388082,0,0,0,0,0,0,0,0,0,0.772941871225086,0.198399069953889,-0.101757929584801
21.9559380699833,0.69869138463781,0.0340121441240601,-0.00389337424243271,-0.158097417275281,0.0333068271891979,0.009338636154543,0,0,0,0,0,0,0,0,0,0.774921307993078,0.197383505085525,-0.101299921334761
21.9659407752544,0.699031403112828,0.0339731385795558,-0.0039056305786022,-0.157763792695622,0.0333999445992205,0.00927977596551765,0,0,0,0,0,0,0,0,0,0.776890609278565,0.196372523439702,-0.100841562809332
21.9759434805254,0.699371030813157,0.0339340102660454,-0.0039179213644635,-0.157429239637864,0.0334924722568485,0.00922071774694776,0,0,0,0,0,0,0,0,0,0.778849820943682,0.195366128221815,-0.100382913078989
21.9859461857965,0.699710266509055,0.0338947588401023,-0.00393024636658778,-0.157093764011015,0.0335844081864089,0.00916146253240214,0,0,0,0,0,0,0,0,0,0.780798988879668,0.194364322052142,-0.099924030069919
21.9959488910676,0.700049108967357,0.0338553839606586,-0.00394260534682287,-0.156757371743794,0.0336757504226338,0.00910201136879496,0,0,0,0,0,0,0,0,0,0.782738159001077,0.193367106977243,-0.0994649705764896
22.0059515963386,0.700387556951497,0.0338158852890517,-0.00395499806232176,-0.156420068784528,0.0337664970107939,0.0090423653163053,0,0,0,0,0,0,0,0,0,0.784667377240091,0.192374484481199,-0.0990057902701266
22.0159543016097,0.700725609221536,0.033776262489072,-0.00396742426557101,-0.156081861101038,0.0338566460068304,0.00898252544829672,0,0,0,0,0,0,0,0,0,0.786586689540953,0.191386455496841,-0.0985465437104164
22.0259570068807,0.701063264534183,0.0337365152270084,-0.00397988370441931,-0.155742754680541,0.0339461954774867,0.00892249285123681,0,0,0,0,0,0,0,0,0,0.788496141854508,0.190403020416765,-0.0980872843598121
22.0359597121518,0.701400521642823,0.0336966431716954,-0.00399237612210586,-0.155402755529537,0.0340351435004391,0.00886226862461673,0,0,0,0,0,0,0,0,0,0.790395780132851,0.189424179104261,-0.0976280645933294
22.0459624174229,0.701737379297539,0.0336566459945587,-0.00400490125728892,-0.155061869673697,0.0341234881644265,0.00880185388087078,0,0,0,0,0,0,0,0,0,0.792285650324094,0.188449930904142,-0.0971689357052107
22.0559651226939,0.702073836245142,0.0336165233696609,-0.00401745884407422,-0.154720103157755,0.0342112275693794,0.00874124974529596,0,0,0,0,0,0,0,0,0,0.794165798367224,0.187480274653537,-0.096709947926409
22.065967827965,0.702409891229197,0.0335762749737468,-0.0040300486120435,-0.154377462045396,0.0342983598265487,0.00868045735597145,0,0,0,0,0,0,0,0,0,0.796036270187088,0.186515208692366,-0.0962511504498041
22.0759705332361,0.702745542990048,0.0335359004862888,-0.00404267028628292,-0.154033952419138,0.0343848830586324,0.00861947786367825,0,0,0,0,0,0,0,0,0,0.797897111689465,0.185554730873636,-0.0957925914133298
22.0859732385071,0.703080790264847,0.0334953995895313,-0.00405532358741154,-0.15368958038022,0.0344707953999027,0.00855831243181877,0,0,0,0,0,0,0,0,0,0.79974836875625,0.184598838574248,-0.0953343179177662
22.0959759437782,0.703415631787581,0.0334547719685358,-0.00406800823160984,-0.153344352048486,0.034556094996332,0.00849696223633625,0,0,0,0,0,0,0,0,0,0.801590087240743,0.183647528704938,-0.0948763760695087
22.1059786490492,0.703750066289101,0.0334140173112246,-0.00408072393064815,-0.152998273562264,0.0346407800057173,0.00843542846563439,0,0,0,0,0,0,0,0,0,0.803422312963039,0.182700797720229,-0.0944188109627538
22.1159813543203,0.704084092497153,0.0333731353084251,-0.00409347039191515,-0.152651351078253,0.0347248485978051,0.00837371232049691,0,0,0,0,0,0,0,0,0,0.80524509170551,0.181758641628728,-0.0939616666942586
22.1259840595914,0.704417709136403,0.0333321256539134,-0.00410624731844629,-0.152303590771396,0.0348082989544146,0.00831181501400709,0,0,0,0,0,0,0,0,0,0.807058469208401,0.180821056002788,-0.0935049863864259
22.1359867648624,0.70475091492847,0.0332909880444578,-0.00411905440895233,-0.151954998834763,0.0348911292695601,0.00824973777146731,0,0,0,0,0,0,0,0,0,0.808862491165507,0.179888035988332,-0.093048812191876
22.1459894701335,0.705083708591953,0.0332497221798616,-0.00413189135784778,-0.151605581479426,0.0349733377495731,0.00818748183031863,0,0,0,0,0,0,0,0,0,0.810657203219964,0.178959576314432,-0.0925931853103409
22.1559921754046,0.705416088842465,0.0332083277630064,-0.00414475785527937,-0.151255344934339,0.0350549226132234,0.00812504844006032,0,0,0,0,0,0,0,0,0,0.812442650960122,0.178035671302795,-0.0921381459967061
22.1659948806756,0.705748054392665,0.0331668044998941,-0.00415765358715453,-0.150904295446208,0.0351358820918389,0.00806243886216943,0,0,0,0,0,0,0,0,0,0.814218879915519,0.177116314877178,-0.0916837335776618
22.1759975859467,0.706079603952283,0.0331251520996897,-0.00417057823516984,-0.150552439279369,0.0352162144294253,0.00799965437002033,0,0,0,0,0,0,0,0,0,0.815985935552948,0.176201500572539,-0.0912299864605757
22.1860002912177,0.706410736228157,0.033083370274763,-0.00418353147683955,-0.150199782715657,0.0352959178827848,0.00793669624880428,0,0,0,0,0,0,0,0,0,0.817743863272612,0.175291221544281,-0.0907769421451428
22.1960029964888,0.706741449924265,0.0330414587407303,-0.00419651298552401,-0.149846332054281,0.0353749907216337,0.00787356579544897,0,0,0,0,0,0,0,0,0,0.819492708404372,0.174385470577167,-0.0903246372411372
22.2060057017599,0.707071743741758,0.0329994172164958,-0.00420952243045817,-0.149492093611691,0.0354534312287192,0.00781026431853806,0,0,0,0,0,0,0,0,0,0.82123251620409,0.173484240094204,-0.0898731074734153
22.2160084070309,0.707401616378988,0.0329572454242927,-0.00422255947678002,-0.14913707372145,0.0355312376999362,0.00774679313823078,0,0,0,0,0,0,0,0,0,0.822963331850046,0.172587522165465,-0.0894223877002155
22.226011112302,0.707731066531549,0.0329149430897244,-0.00423562378555909,-0.148781278734098,0.0356084084444422,0.00768315358618142,0,0,0,0,0,0,0,0,0,0.824685200439458,0.171695308516604,-0.0889725119239786
22.2360138175731,0.708060092892306,0.0328725099418043,-0.00424871501382492,-0.148424715017024,0.0356849417847719,0.00761934700545895,0,0,0,0,0,0,0,0,0,0.826398166985077,0.170807590537461,-0.0885235132982874
22.2460165228441,0.70838869415143,0.0328299457129969,-0.00426183281459554,-0.148067388954327,0.0357608360569511,0.00755537475046653,0,0,0,0,0,0,0,0,0,0.828102276411871,0.16992435929044,-0.0880754241475558
22.2560192281152,0.708716868996434,0.0327872501392572,-0.00427497683690589,-0.147709306946683,0.0358360896106098,0.00749123818686104,0,0,0,0,0,0,0,0,0,0.82979757355379,0.169045605518718,-0.0876282759761878
22.2660219333863,0.709044616112209,0.0327444229600707,-0.00428814672583638,-0.147350475411207,0.035910700809094,0.00742693869147273,0,0,0,0,0,0,0,0,0,0.831484103150616,0.168171319654438,-0.0871820994785634
22.2760246386573,0.709371934181055,0.0327014639184926,-0.00430134212254128,-0.146990900781317,0.0359846680295775,0.00736247765222466,0,0,0,0,0,0,0,0,0,0.833161909844888,0.167301491826724,-0.086736924552633
22.2860273439284,0.709698821882722,0.0326583727611872,-0.00431456266427723,-0.146630589506593,0.036057989663172,0.00729785646805233,0,0,0,0,0,0,0,0,0,0.834831038178919,0.166436111869601,-0.0862927803129471
22.2960300491994,0.710025277894443,0.0326151492384665,-0.00432780798443175,-0.146269548052639,0.0361306641150372,0.00723307654882319,0,0,0,0,0,0,0,0,0,0.836491532591875,0.165575169329742,-0.0858496951025959
22.3060327544705,0.710351300890972,0.0325717931043288,-0.00434107771255161,-0.14590778290094,0.0362026898044896,0.00716813931525622,0,0,0,0,0,0,0,0,0,0.838143437416943,0.164718653474157,-0.0854076965020848
22.3160354597416,0.710676889544622,0.0325283041164972,-0.00435437147437141,-0.145545300548722,0.0362740651651108,0.00710304619884148,0,0,0,0,0,0,0,0,0,0.839786796878572,0.163866553297761,-0.0849668113437494
22.3260381650126,0.7110020425253,0.0324846820364572,-0.00436768889184201,-0.145182107508806,0.0363447886448544,0.00703779864175965,0,0,0,0,0,0,0,0,0,0.841421655089788,0.16301885753077,-0.0845270657239701
22.3360408702837,0.711326758500548,0.0324409266294947,-0.00438102958315895,-0.144818210309467,0.0364148587061533,0.00697239809680161,0,0,0,0,0,0,0,0,0,0.843048056049583,0.162175554646032,-0.084088485010939
22.3460435755548,0.711651036135577,0.0323970376647335,-0.00439439316279104,-0.144453615494286,0.0364842738260244,0.00690684602728793,0,0,0,0,0,0,0,0,0,0.844666043640379,0.161336632866261,-0.0836510938607467
22.3560462808258,0.711974874093309,0.0323530149151719,-0.00440777924150872,-0.144088329622005,0.0365530324961747,0.00684114390698851,0,0,0,0,0,0,0,0,0,0.846275661625557,0.16050208017105,-0.083214916228204
22.3660489860969,0.712298271034416,0.0323088581577204,-0.00442118742641259,-0.143722359266379,0.0366211332231042,0.00677529322004207,0,0,0,0,0,0,0,0,0,0.847876953647066,0.159671884303887,-0.0827799753734974
22.3760516913679,0.712621225617357,0.0322645671732374,-0.00443461732096187,-0.143355711016028,0.0366885745282104,0.00670929546087576,0,0,0,0,0,0,0,0,0,0.849469963223091,0.158846032779036,-0.0823462938774436
22.386054396639,0.712943736498419,0.0322201417465661,-0.00444806852500288,-0.142988391474286,0.0367553549478898,0.00664315213412462,0,0,0,0,0,0,0,0,0,0.851054733745798,0.158024512888246,-0.0819138936553677
22.3960571019101,0.713265802331756,0.0321755816665701,-0.00446154063479748,-0.142620407259053,0.0368214730336403,0.00657686475455124,0,0,0,0,0,0,0,0,0,0.85263130847914,0.157207311707356,-0.0814827959640315
22.4060598071811,0.713587421769433,0.0321308867261695,-0.0044750332430516,-0.14225176500264,0.0368869273521616,0.00651043484696524,0,0,0,0,0,0,0,0,0,0.854199730556728,0.156394416102865,-0.0810530214105138
22.4160625124522,0.713908593461462,0.0320860567223759,-0.00448854593894367,-0.141882471351621,0.0369517164854559,0.00644386394614286,0,0,0,0,0,0,0,0,0,0.855760042979774,0.155585812738359,-0.080624589967189
22.4260652177233,0.714229316055846,0.0320410914563279,-0.00450207830815309,-0.141512532966675,0.0370158390309264,0.0063771535967465,0,0,0,0,0,0,0,0,0,0.857312288615089,0.154781488080781,-0.0801975209822683
22.4360679229943,0.714549588198618,0.0319959907333257,-0.00451562993288873,-0.141141956522433,0.0370792936014765,0.00631030535324427,0,0,0,0,0,0,0,0,0,0.858856510193151,0.153981428406648,-0.0797718331942239
22.4460706282654,0.714869408533887,0.0319507543628658,-0.00452920039191738,-0.140770748707325,0.0371420788256072,0.00624332077982953,0,0,0,0,0,0,0,0,0,0.860392750306227,0.153185619808033,-0.0793475447337355
22.4560733335365,0.715188775703876,0.0319053821586753,-0.00454278926059224,-0.140398916223419,0.0372041933475137,0.00617620145034055,0,0,0,0,0,0,0,0,0,0.861921051406561,0.15239404819874,-0.0789246731314547
22.4660760388075,0.715507688348966,0.031859873938746,-0.00455639611088135,-0.140026465786268,0.0372656358271821,0.00610894894817986,0,0,0,0,0,0,0,0,0,0.863441455804619,0.151606699320135,-0.0785032353476824
22.4760787440786,0.715826145107739,0.0318142295253677,-0.00457002051139615,-0.139653404124747,0.037326404940484,0.00604156486623399,0,0,0,0,0,0,0,0,0,0.864954005667397,0.150823558746724,-0.0780832477659955
22.4860814493496,0.716144144617023,0.0317684487451621,-0.00458366202741985,-0.139279737980897,0.0373864993792714,0.00597405080679295,0,0,0,0,0,0,0,0,0,0.866458743016772,0.150044611892114,-0.0776647262015682
22.4960841546207,0.71646168551193,0.0317225314291158,-0.00459732022093598,-0.138905474109765,0.0374459178514703,0.00590640838146972,0,0,0,0,0,0,0,0,0,0.867955709727932,0.14926984401442,-0.0772476859286344
22.5060868598918,0.716778766425906,0.031676477412613,-0.00461099465065682,-0.138530619279239,0.0375046590811734,0.00583863921111995,0,0,0,0,0,0,0,0,0,0.86944494752784,0.148499240221682,-0.0768321416746581
22.5160895651628,0.717095385990771,0.0316302865354683,-0.00462468487205188,-0.138155180269891,0.0375627218087323,0.00577074492576139,0,0,0,0,0,0,0,0,0,0.870926497993761,0.147732785477388,-0.0764181076297685
22.5260922704339,0.717411542836767,0.031583958641959,-0.00463839043737639,-0.137779163874809,0.0376201047908485,0.00570272716449351,0,0,0,0,0,0,0,0,0,0.872400402551846,0.146970464605696,-0.0760055974681254
22.536094975705,0.7177272355926,0.0315374935808568,-0.00465211089569977,-0.137402576899436,0.0376768068006642,0.00563458757541698,0,0,0,0,0,0,0,0,0,0.873866702475765,0.146212262296538,-0.0755946243517936
22.546097680976,0.718042462885484,0.0314908912054599,-0.00466584579293406,-0.137025426161404,0.0377328266278516,0.00556632781555337,0,0,0,0,0,0,0,0,0,0.875325438885382,0.145458163110761,-0.0751852009326883
22.5561003862471,0.71835722334119,0.0314441513736243,-0.00467959467186245,-0.13664771849037,0.0377881630787021,0.00549794955076452,0,0,0,0,0,0,0,0,0,0.876776652745499,0.144708151485188,-0.0747773393728283
22.5661030915181,0.71867151558409,0.0313972739477948,-0.00469335707216772,-0.136269460727846,0.0378428149762139,0.00542945445567219,0,0,0,0,0,0,0,0,0,0.878220384864635,0.14396221173736,-0.07437105135321
22.5761057967892,0.718985338237205,0.0313502587950361,-0.00470713253046073,-0.135890659727033,0.0378967811601795,0.00536084421357765,0,0,0,0,0,0,0,0,0,0.879656675893857,0.143220328070417,-0.0739663480765836
22.5861085020603,0.719298689922245,0.0313031057870632,-0.00472092058030887,-0.135511322352655,0.037950060487272,0.00529212051638113,0,0,0,0,0,0,0,0,0,0.881085566325662,0.142482484577786,-0.0735632402807678
22.5961112073313,0.719611569259664,0.0312558148002719,-0.00473472075226456,-0.135131455480787,0.0380026518311308,0.00522328506450147,0,0,0,0,0,0,0,0,0,0.882507096492898,0.141748665247791,-0.0731617382430868
22.6061139126024,0.719923974868702,0.0312083857157687,-0.00474853257389369,-0.134751065998683,0.0380545540824463,0.00515433956679563,0,0,0,0,0,0,0,0,0,0.883921306567742,0.141018853968257,-0.0727618517953488
22.6161166178735,0.720235905367434,0.0311608184194005,-0.00476235556980413,-0.13437016080461,0.0381057661490441,0.00508528574047821,0,0,0,0,0,0,0,0,0,0.885328236560713,0.14029303453082,-0.072363590331621
22.6261193231445,0.720547359372815,0.031113112801784,-0.00477618926167418,-0.133988746807673,0.0381562869559678,0.00501612531104109,0,0,0,0,0,0,0,0,0,0.886727926319732,0.139571190635371,-0.0719669628109958
22.6361220284156,0.720858335500732,0.0310652687583352,-0.00479003316828102,-0.133606830927643,0.0382061154455619,0.00494686001217291,0,0,0,0,0,0,0,0,0,0.888120415529227,0.138853305894316,-0.0715719777734037
22.6461247336866,0.721168832366049,0.0310172861892976,-0.00480388680552924,-0.133224420094784,0.0382552505775531,0.00487749158567864,0,0,0,0,0,0,0,0,0,0.889505743709279,0.138139363836702,-0.0711786433448915
22.6561274389577,0.721478848582658,0.0309691649997717,-0.00481774968647927,-0.132841521249677,0.038303691329131,0.00480802178139915,0,0,0,0,0,0,0,0,0,0.890883950214808,0.13742934791237,-0.0707869672445475
22.6661301442288,0.721788382763523,0.0309209050997424,-0.00483162132137587,-0.132458141343047,0.0383514366950281,0.00473845235713077,0,0,0,0,0,0,0,0,0,0.892255074234803,0.136723241495943,-0.0703969567931059
22.6761328494998,0.722097433520734,0.0308725064041077,-0.00484550121767657,-0.132074287335587,0.0383984856875995,0.00466878507854479,0,0,0,0,0,0,0,0,0,0.893619154791585,0.136021027890808,-0.0700086189243207
22.6861355547709,0.722405999465556,0.0308239688327061,-0.0048593888800802,-0.131689966197779,0.0384448373369004,0.00459902171910709,0,0,0,0,0,0,0,0,0,0.89497623074012,0.135322690332875,-0.0696219601924567
22.696138260042,0.722714079208475,0.0307752923103441,-0.00487328381055531,-0.13130518490972,0.0384904906907643,0.00452916405999763,0,0,0,0,0,0,0,0,0,0.896326340767359,0.13462821199441,-0.0692369867745834
22.706140965313,0.723021671359249,0.0307264767668234,-0.00488718550836867,-0.130919950460941,0.0385354448148795,0.00445921389003003,0,0,0,0,0,0,0,0,0,0.897669523391621,0.133937575987749,-0.0688537044802298
22.7161436705841,0.723328774526961,0.0306775221369679,-0.00490109347011374,-0.130534269850229,0.0385796987928652,0.00438917300557113,0,0,0,0,0,0,0,0,0,0.899005816962012,0.133250765368937,-0.0684721187648198
22.7261463758552,0.723635387320066,0.0306284283606501,-0.00491500718973914,-0.130148150085447,0.0386232517263465,0.00431904321046053,0,0,0,0,0,0,0,0,0,0.900335259657879,0.13256776314117,-0.0680922347368059
22.7361490811262,0.723941508346445,0.0305791953828173,-0.00492892615857712,-0.129761598183355,0.0386661027350289,0.00424882631593016,0,0,0,0,0,0,0,0,0,0.901657889488302,0.131888552258296,-0.0677140571560761
22.7461517863973,0.72424713621345,0.0305298231535181,-0.00494284986537201,-0.129374621169428,0.0387082509567716,0.00417852414052379,0,0,0,0,0,0,0,0,0,0.902973744291613,0.131213115628289,-0.0673375904457318
22.7561544916683,0.724552269527962,0.0304803116279279,-0.00495677779630875,-0.12898722607767,0.0387496955476605,0.00410813851001664,0,0,0,0,0,0,0,0,0,0.904282861734957,0.130541436116512,-0.0669628387034095
22.7661571969394,0.724856906896439,0.030430660766374,-0.00497070943504132,-0.12859941995044,0.0387904356820801,0.00403767125733492,0,0,0,0,0,0,0,0,0,0.905585279313883,0.129873496548962,-0.0665898057057087
22.7761599022105,0.725161046924967,0.0303808705343613,-0.0049846442627212,-0.128211209838259,0.0388304705527843,0.00396712422247533,0,0,0,0,0,0,0,0,0,0.906881034351961,0.129209279715449,-0.0662184949127083
22.7861626074815,0.725464688219314,0.030330940902597,-0.00499858175802588,-0.127822602799635,0.0388697993709673,0.00389649925242471,0,0,0,0,0,0,0,0,0,0.908170164000443,0.128548768372751,-0.0658489094774019
22.7961653127526,0.72576782938498,0.0302808718470152,-0.00501252139718733,-0.127433605900869,0.0389084213663325,0.00382579820107947,0,0,0,0,0,0,0,0,0,0.909452705237942,0.127891945247602,-0.0654810522540154
22.8061680180237,0.726070469027252,0.0302306633488011,-0.00502646265402043,-0.127044226215877,0.0389463357871617,0.00375502292916529,0,0,0,0,0,0,0,0,0,0.910728694870152,0.127238793039679,-0.0651149258005062
22.8161707232947,0.726372605751254,0.0301803153944153,-0.00504040499995149,-0.126654470826001,0.0389835419003826,0.00368417530415653,0,0,0,0,0,0,0,0,0,0.911998169529586,0.126589294424543,-0.0647505323877192
22.8261734285658,0.726674238162,0.0301298279756172,-0.0050543479040467,-0.126264346819822,0.0390200389916363,0.00361325720019588,0,0,0,0,0,0,0,0,0,0.913261165675353,0.125943432056442,-0.0643878740065923
22.8361761338368,0.726975364864452,0.0300792010894888,-0.0050682908330406,-0.125873861292971,0.0390558263653435,0.0035422704980139,0,0,0,0,0,0,0,0,0,0.914517719592959,0.125301188571106,-0.0640269523723237
22.8461788391079,0.727275984463565,0.0300284347384578,-0.00508223325136457,-0.125483021347945,0.0390909033447695,0.00347121708484849,0,0,0,0,0,0,0,0,0,0.915767867394134,0.124662546588472,-0.0636677689315876
22.856181544379,0.727576095564349,0.0299775289303202,-0.00509617462117527,-0.125091834093913,0.0391252692720898,0.00340009885436459,0,0,0,0,0,0,0,0,0,0.917011645016688,0.124027488715329,-0.0633103248689039
22.86618424965,0.727875696771916,0.0299264836782633,-0.00511011440238317,-0.124700306646532,0.0391589235084531,0.0033289177065736,0,0,0,0,0,0,0,0,0,0.918249088224393,0.123395997547914,-0.0629546211152452
22.8761869549211,0.728174786691537,0.029875299000888,-0.00512405205268094,-0.124308446127753,0.039191865434045,0.003257675547753,0,0,0,0,0,0,0,0,0,0.91948023260689,0.122768055674394,-0.0626006583466496
22.8861896601922,0.7284733639287,0.0298239749222304,-0.00513798702757201,-0.123916259665629,0.0392240944481498,0.00318637429036592,0,0,0,0,0,0,0,0,0,0.920705113579618,0.122143645677482,-0.0622484369950387
22.8961923654632,0.728771427089156,0.0297725114717842,-0.00515191878039899,-0.12352375439413,0.0392556099692124,0.00311501585298057,0,0,0,0,0,0,0,0,0,0.92192376638378,0.121522750136703,-0.0618979572604212
22.9061950707343,0.72906897477898,0.0297209086845215,-0.00516584676237213,-0.123130937452944,0.0392864114348987,0.00304360216018999,0,0,0,0,0,0,0,0,0,0.923136226086311,0.120905351630769,-0.0615492191075662
22.9161977760054,0.729366005604627,0.0296691666009147,-0.00517977042259786,-0.122737815987289,0.0393164983021556,0.0029721351425314,0,0,0,0,0,0,0,0,0,0.924342527579893,0.120291432739909,-0.0612022222704424
22.9262004812764,0.729662518172981,0.0296172852669567,-0.00519368920810716,-0.122344397147718,0.0393458700472699,0.00290061673640601,0,0,0,0,0,0,0,0,0,0.925542705582973,0.119680976048158,-0.0608569662574858
22.9362031865475,0.729958511091414,0.0295652647341821,-0.00520760256388416,-0.121950688089925,0.0393745261659266,0.00282904888399827,0,0,0,0,0,0,0,0,0,0.926736794639819,0.119073964145579,-0.0605134503688036
22.9462058918185,0.730253982967843,0.029513105059687,-0.00522150993289448,-0.121556695974553,0.0394024661732666,0.00275743353319562,0,0,0,0,0,0,0,0,0,0.927924829120584,0.118470379630209,-0.0601716736931178
22.9562085970896,0.730548932410783,0.0294608063061497,-0.00523541075611381,-0.121162427966994,0.0394296896039428,0.00268577263750799,0,0,0,0,0,0,0,0,0,0.929106843221403,0.117870205110342,-0.0598316351083216
22.9662113023607,0.730843358029404,0.0294083685418498,-0.00524930447255632,-0.120767891237201,0.0394561960121767,0.00261406815598736,0,0,0,0,0,0,0,0,0,0.930282870964501,0.117273423206461,-0.0594933332961846
22.9762140076317,0.731137258433588,0.0293557918406879,-0.00526319051930317,-0.120373092959484,0.0394819849718126,0.0025423220531473,0,0,0,0,0,0,0,0,0,0.931452946198329,0.116680016553232,-0.0591567667398517
22.9862167129028,0.731430632233983,0.0293030762822053,-0.00527706833153093,-0.119978040312321,0.0395070560763725,0.00247053629888256,0,0,0,0,0,0,0,0,0,0.932617102597711,0.116089967801485,-0.0588219337324469
22.9962194181739,0.731723478042061,0.0292502219516019,-0.00529093734254012,-0.119582740478155,0.039531408939109,0.00239871286838855,0,0,0,0,0,0,0,0,0,0.933775373664019,0.115503259620033,-0.0584888323817857
23.0062221234449,0.732015794470176,0.0291972289397559,-0.00530479698378363,-0.119187200643199,0.0395550431930584,0.00232685374208099,0,0,0,0,0,0,0,0,0,0.934927792725363,0.114919874697558,-0.0581574606131513
23.016224828716,0.732307580131619,0.0291440973432413,-0.00531864668489523,-0.118791427997237,0.0395779584910923,0.00225496090551539,0,0,0,0,0,0,0,0,0,0.936074392936794,0.114339795744379,-0.057827816177616
23.026227533987,0.732598833640674,0.0290908272643463,-0.00533248587371799,-0.118395429733427,0.0396001545059684,0.00218303634930663,0,0,0,0,0,0,0,0,0,0.937215207280532,0.11376300549417,-0.057499896652874
23.0362302392581,0.732889553612679,0.0290374188110913,-0.00534631397633282,-0.117999213048099,0.0396216309303811,0.0021110820690485,0,0,0,0,0,0,0,0,0,0.938350268566211,0.113189486705708,-0.0571736994490669
23.0462329445292,0.73317973866408,0.0289838720972459,-0.0053601304170869,-0.11760278514056,0.0396423874770105,0.00203910006523329,0,0,0,0,0,0,0,0,0,0.939479609431132,0.11261922216448,-0.0568492218168266
23.0562356498002,0.73346938741249,0.0289301872423464,-0.00537393461862215,-0.117206153212887,0.0396624238785713,0.00196709234317129,0,0,0,0,0,0,0,0,0,0.940603262340546,0.112052194684262,-0.0565264608431163
23.0662383550713,0.733758498476746,0.0288763643717127,-0.00538772600190373,-0.116809324469733,0.0396817398878607,0.00189506091291042,0,0,0,0,0,0,0,0,0,0.941721259587937,0.11148838710882,-0.0562054134609392
23.0762410603424,0.734047070476969,0.0288224036164648,-0.00540150398624849,-0.116412306118121,0.0397003352778047,0.00182300778915564,0,0,0,0,0,0,0,0,0,0.942833633295337,0.110927782313286,-0.0558860764609891
23.0862437656134,0.73433510203462,0.0287683051135394,-0.00541526798935344,-0.116015105367246,0.0397182098415053,0.00175093499118868,0,0,0,0,0,0,0,0,0,0.943940415413642,0.110370363205629,-0.0555684464824976
23.0962464708845,0.734622591772559,0.0287140690057056,-0.00542901742732426,-0.115617729428272,0.0397353633922848,0.00167884454278748,0,0,0,0,0,0,0,0,0,0.94504163772295,0.109816112728216,-0.055252520019335
23.1062491761555,0.734909538315102,0.0286596954415809,-0.00544275171470371,-0.115220185514127,0.0397517957637314,0.0016067384721458,0,0,0,0,0,0,0,0,0,0.94613733183291,0.109265013859155,-0.0549382934333246
23.1162518814266,0.735195940288083,0.0286051845756467,-0.00545647026450015,-0.114822480839303,0.0397675068097422,0.00153461881179271,0,0,0,0,0,0,0,0,0,0.947227529183093,0.108717049613598,-0.0546257629525824
23.1262545866977,0.735481796318909,0.0285505365682635,-0.00547017248821602,-0.114424622619651,0.0397824964045664,0.00146248759851221,0,0,0,0,0,0,0,0,0,0.948312261043359,0.108172203045112,-0.0543149246706834
23.1362572919687,0.735767105036621,0.0284957515856857,-0.00548385779587625,-0.11402661807218,0.0397967644428476,0.00139034687326275,0,0,0,0,0,0,0,0,0,0.949391558514257,0.107630457246997,-0.0540057745572002
23.1462599972398,0.736051865071953,0.0284408298000763,-0.00549752559605681,-0.113628474414848,0.0398103108396651,0.00131819868109677,0,0,0,0,0,0,0,0,0,0.950465452527422,0.10709179535345,-0.053698308460757
23.1562627025109,0.73633607505739,0.0283857713895213,-0.00551117529591313,-0.113230198866362,0.0398231355305742,0.0012460450710803,0,0,0,0,0,0,0,0,0,0.951533973845996,0.106556200540822,-0.0533925221084741
23.1662654077819,0.736619733627228,0.0283305765380438,-0.0055248063012086,-0.112831798645971,0.0398352384716464,0.00117388809621246,0,0,0,0,0,0,0,0,0,0.95259715306505,0.10602365602879,-0.0530884111129055
23.176268113053,0.736902839417635,0.0282752454356177,-0.00553841801634303,-0.112433280973258,0.0398466196395078,0.00110172981334504,0,0,0,0,0,0,0,0,0,0.953655020612029,0.105494145081479,-0.0527859709748078
23.186270818324,0.737185391066707,0.0282197782781811,-0.0055520098443811,-0.112034653067939,0.0398572790313779,0.00102957228310209,0,0,0,0,0,0,0,0,0,0.954707606747196,0.104967651008574,-0.0524851970867509
23.1962735235951,0.737467387214531,0.0281641752676497,-0.0055655811870809,-0.111635922149656,0.039867216665106,0.000957417569799373,0,0,0,0,0,0,0,0,0,0.955754941564098,0.104444157166374,-0.0521860847353366
23.2062762288662,0.737748826503243,0.0281084366119297,-0.00557913144492232,-0.111237095437767,0.0398764325792088,0.000885267741364038,0,0,0,0,0,0,0,0,0,0.956797054990036,0.103923646958858,-0.0518886291042461
23.2162789341372,0.73802970757709,0.0280525625249304,-0.00559266001713559,-0.110838180151142,0.0398849268329053,0.000813124869254087,0,0,0,0,0,0,0,0,0,0.957833976786545,0.103406103838675,-0.0515928252809036
23.2262816394083,0.738310029082486,0.0279965532265764,-0.00560616630172971,-0.110439183507953,0.0398926995061522,0.00074099102837796,0,0,0,0,0,0,0,0,0,0.95886573654989,0.102891511308085,-0.0512986682553646
23.2362843446794,0.738589789668078,0.02794040894282,-0.00561964969552094,-0.110040112725473,0.0398997506996774,0.000668868297014086,0,0,0,0,0,0,0,0,0,0.959892363711563,0.102379852919962,-0.0510061529247503
23.2462870499504,0.738868987984802,0.0278841299056528,-0.00563310959416127,-0.109640975019858,0.0399060805350143,0.000596758756730448,0,0,0,0,0,0,0,0,0,0.960913887538796,0.101871112278651,-0.0507152740993567
23.2562897552215,0.739147622685944,0.0278277163531171,-0.00564654539216689,-0.109241777605948,0.0399116891545334,0.000524664492304108,0,0,0,0,0,0,0,0,0,0.96193033713508,0.101365273040848,-0.0504260265001552
23.2662924604926,0.739425692427203,0.0277711685293173,-0.00565995648294668,-0.108842527697053,0.0399165767214743,0.000452587591640786,0,0,0,0,0,0,0,0,0,0.962941741440693,0.100862318916507,-0.050138404763506
23.2762951657636,0.739703195866749,0.0277144866844309,-0.00567334225883063,-0.108443232504746,0.0399207434199767,0.000380530145694415,0,0,0,0,0,0,0,0,0,0.963948129233236,0.100362233669627,-0.0498524034511501
23.2862978710347,0.739980131665285,0.0276576710747187,-0.0056867021110984,-0.108043899238653,0.0399241894551105,0.000308494248386637,0,0,0,0,0,0,0,0,0,0.964949529128179,0.0998650011189552,-0.0495680170429924
23.2963005763057,0.740256498486109,0.0276007219625359,-0.0057000354300077,-0.107644535106244,0.0399269150529047,0.00023648199652649,0,0,0,0,0,0,0,0,0,0.96594596957941,0.099370605138923,-0.0492852399382118
23.3063032815768,0.740532294995171,0.0275436396163415,-0.00571334160482283,-0.107245147312625,0.0399289204603766,0.000164495489729809,0,0,0,0,0,0,0,0,0,0.966937478879802,0.0988790296603241,-0.0490040664710767
23.3163059868479,0.740807519861139,0.0274864243107083,-0.0057266200238431,-0.106845743060323,0.0399302059455586,9.25368303388539e-05,0,0,0,0,0,0,0,0,0,0.967924085161772,0.0983902586709355,-0.0487244909048382
23.3263086921189,0.741082171755459,0.0274290763263326,-0.00573987007443137,-0.106446329549081,0.0399307717975258,2.06081233418698e-05,0,0,0,0,0,0,0,0,0,0.96890581639786,0.0979042762163168,-0.0484465074339516
23.33631139739,0.741356249352412,0.0273715959500434,-0.00575309114304245,-0.106046913975644,0.0399306183264217,-5.12885237073935e-05,0,0,0,0,0,0,0,0,0,0.969882700401309,0.0974210664003872,-0.0481701101871245
23.3463141026611,0.741629751329183,0.0273139834748111,-0.00576628261525161,-0.10564750353355,0.0399297458634835,-0.000123151000770084,0,0,0,0,0,0,0,0,0,0.970854764826652,0.0969406133861639,-0.0478952932320627
23.3563168079321,0.741902676365915,0.0272562391997562,-0.00577944387578307,-0.105248105412918,0.0399281547610665,-0.000194977195402755,0,0,0,0,0,0,0,0,0,0.971822037170305,0.0964629013962442,-0.0476220505770215
23.3663195132032,0.742175023145774,0.0271983634301578,-0.00579257430853841,-0.104848726800236,0.0399258453926681,-0.000266764992837731,0,0,0,0,0,0,0,0,0,0.972784544771169,0.0959879147135125,-0.0473503761681805
23.3763222184742,0.742446790355013,0.0271403564774619,-0.00580567329662512,-0.10444937487815,0.0399228181529502,-0.000338512276063643,0,0,0,0,0,0,0,0,0,0.973742314811232,0.0955156376816755,-0.0470802639032607
23.3863249237453,0.742717976683028,0.0270822186592886,-0.00581874022238501,-0.104050056825255,0.0399190734577614,-0.000410216925905805,0,0,0,0,0,0,0,0,0,0.974695374316184,0.0950460547056962,-0.0468117076243612
23.3963276290164,0.742988580822426,0.0270239502994402,-0.00583177446742273,-0.103650779815877,0.0399146117441584,-0.000481876821106699,0,0,0,0,0,0,0,0,0,0.975643750156029,0.0945791502524722,-0.0465447011197876
23.4063303342874,0.743258601469082,0.0269655517279081,-0.00584477541263419,-0.103251551019866,0.0399094334704262,-0.000553489838406401,0,0,0,0,0,0,0,0,0,0.97658746904571,0.0941149088512343,-0.0462792381321214
23.4163330395585,0.743528037322202,0.0269070232808798,-0.00585774243823509,-0.102852377602381,0.0399035391160978,-0.000625053852623045,0,0,0,0,0,0,0,0,0,0.977526557545732,0.0936533150940623,-0.0460153123559316
23.4263357448296,0.743796887084388,0.0268483653007458,-0.00587067492378936,-0.102453266723678,0.0398969291819731,-0.00069656673673325,0,0,0,0,0,0,0,0,0,0.978461042062797,0.0931943536363297,-0.0457529174427902
23.4363384501006,0.744065149461696,0.0267895781361054,-0.00588357224823762,-0.102054225538898,0.0398896041901369,-0.000768026361952598,0,0,0,0,0,0,0,0,0,0.979390948850435,0.0927380091971193,-0.0454920470004384
23.4463411553717,0.744332823163702,0.0267306621417736,-0.00589643378992569,-0.101655261197852,0.039881564683976,-0.000839430597816035,0,0,0,0,0,0,0,0,0,0.980316304009645,0.0922842665596842,-0.0452326945966727
23.4563438606428,0.74459990690356,0.0266716176787862,-0.00590925892663302,-0.101256380844811,0.0398728112281957,-0.00091077731225836,0,0,0,0,0,0,0,0,0,0.981237133489541,0.0918331105717863,-0.0449748537610053
23.4663465659138,0.744866399398068,0.0266124451144057,-0.00592204703560122,-0.100857591618288,0.0398633444088355,-0.000982064371694645,0,0,0,0,0,0,0,0,0,0.982153463087994,0.0913845261461232,-0.0447185179852233
23.4763492711849,0.745132299367728,0.0265531448221265,-0.00593479749356247,-0.100458900650829,0.0398531648332835,-0.0010532896411007,0,0,0,0,0,0,0,0,0,0.983065318452292,0.0909384982606564,-0.0444636807281015
23.4863519764559,0.745397605536809,0.0264937171816796,-0.00594750967676803,-0.100060315068798,0.039842273130291,-0.0011244509840935,0,0,0,0,0,0,0,0,0,0.983972725079783,0.0904950119589436,-0.0442103354142924
23.496354681727,0.745662316633412,0.0264341625790377,-0.00596018296101669,-0.0996618419921612,0.0398306699499853,-0.00119554626301165,0,0,0,0,0,0,0,0,0,0.984875708318545,0.0900540523504884,-0.0439584754371057
23.5063573869981,0.745926431389526,0.0263744814064191,-0.00597281672168327,-0.0992634885342765,0.0398183559638819,-0.00126657333899583,0,0,0,0,0,0,0,0,0,0.985774293368037,0.0896156046110183,-0.0437080941604421
23.5163600922691,0.746189948541097,0.0263146740622924,-0.00598541033374707,-0.0988652618016769,0.0398053318648966,-0.0013375300720692,0,0,0,0,0,0,0,0,0,0.986668505279769,0.0891796539827949,-0.0434591849193529
23.5263627975402,0.746452866828087,0.0262547409513795,-0.00599796317182037,-0.0984671688938576,0.039791598367356,-0.00140841432121793,0,0,0,0,0,0,0,0,0,0.987558368957967,0.0887461857748805,-0.0432117410255892
23.5363655028113,0.74671518499454,0.0261946824846599,-0.00601047461017684,-0.0980692169030613,0.0397771562070074,-0.00147922394447158,0,0,0,0,0,0,0,0,0,0.988443909160243,0.0883151853633379,-0.0429657557656569
23.5463682080823,0.746976901788638,0.0261344990793736,-0.00602294402278011,-0.0976714129140643,0.0397620061410281,-0.00154995679898354,0,0,0,0,0,0,0,0,0,0.989325150498265,0.0878866381915358,-0.0427212223999858
23.5563709133534,0.747238015962772,0.0260741911590239,-0.00603537078331213,-0.0972737640039616,0.0397461489480336,-0.00162061074111154,0,0,0,0,0,0,0,0,0,0.990202117438432,0.0874605297703648,-0.0424781341693098
23.5663736186244,0.747498526273598,0.0260137591533806,-0.00604775426520175,-0.0968762772419529,0.0397295854280853,-0.00169118362649803,0,0,0,0,0,0,0,0,0,0.991074834302553,0.0870368456784153,-0.042236484296886
23.5763763238955,0.747758431482103,0.0259532034984817,-0.00606009384165312,-0.0964789596891277,0.0397123164026974,-0.00176167331015067,0,0,0,0,0,0,0,0,0,0.991943325268521,0.0866155715621495,-0.0419962659857222
23.5863790291666,0.748017730353667,0.0258925246366361,-0.00607238888567418,-0.0960818183982508,0.0396943427148425,-0.00183207764652276,0,0,0,0,0,0,0,0,0,0.992807614370995,0.0861966931361346,-0.041757472419406
23.5963817344376,0.748276421658125,0.025831723016425,-0.00608463877010515,-0.0956848604135479,0.0396756652289569,-0.00190239448959368,0,0,0,0,0,0,0,0,0,0.993667725502083,0.0857801961831978,-0.0415200967695977
23.6063844397087,0.748534504169832,0.0257707990927038,-0.00609684286764699,-0.0952880927704903,0.039656284830945,-0.00197262169294934,0,0,0,0,0,0,0,0,0,0.994523682412023,0.08536606655451,-0.0412841321924239
23.6163871449798,0.748791976667721,0.0257097533266031,-0.00610900055088985,-0.0948915224955806,0.0396362024281827,-0.00204275710986265,0,0,0,0,0,0,0,0,0,0.995375508709872,0.084954290169813,-0.0410495718301374
23.6263898502508,0.749048837935374,0.0256485861855296,-0.00612111119234161,-0.0944951566061379,0.0396154189495203,-0.00211279859337395,0,0,0,0,0,0,0,0,0,0.996223227864185,0.0845448530174696,-0.0408164088158404
23.6363925555219,0.749305086761074,0.0255872981431671,-0.00613317416445627,-0.0940990021100828,0.0395939353452844,-0.00218274399637143,0,0,0,0,0,0,0,0,0,0.99706686320371,0.0841377411545968,-0.0405846362673762
23.6463952607929,0.749560721937878,0.0255258896794766,-0.00614518883966247,-0.0937030660057225,0.0395717525872788,-0.0022525911716716,0,0,0,0,0,0,0,0,0,0.99790643791807,0.0837329407072379,-0.0403542472989818
23.656397966064,0.749815742263673,0.0254643612806964,-0.00615715459039196,-0.0933073552815363,0.039548871668785,-0.00232233797209978,0,0,0,0,0,0,0,0,0,0.998741975058458,0.0833304378702622,-0.0401252350185134
23.6664006713351,0.750070146541241,0.0254027134393425,-0.00616907078910806,-0.0929118769159606,0.0395252936045617,-0.00239198225057045,0,0,0,0,0,0,0,0,0,0.99957349753832,0.0829302189075932,-0.0398975925180165
23.6764033766061,0.750323933578323,0.0253409466542071,-0.00618093680833415,-0.092516637877174,0.0395010194308435,-0.00246152186016775,0,0,0,0,0,0,0,0,0,1.00040102813405,0.0825322701522968,-0.0396713128892574
23.6864060818772,0.750577102187681,0.0252790614303589,-0.0061927520206821,-0.0921216451228826,0.0394760502053388,-0.00253095465422599,0,0,0,0,0,0,0,0,0,1.00122458948569,0.0821365780064985,-0.0394463892209525
23.6964087871483,0.750829651187159,0.0252170582791414,-0.0062045157988808,-0.0917269056001049,0.0394503870072268,-0.00260027848640999,0,0,0,0,0,0,0,0,0,1.0020442040976,0.0817431289415272,-0.0392228145993215
23.7064114924193,0.751081579399748,0.0251549377181717,-0.00621622751580461,-0.0913324262449576,0.0394240309371539,-0.00266949121079555,0,0,0,0,0,0,0,0,0,1.00285989433916,0.0813519094978214,-0.0390005821069755
23.7164141976904,0.751332885653647,0.0250927002713394,-0.0062278865445018,-0.0909382139824407,0.0393969831172292,-0.00273859068194997,0,0,0,0,0,0,0,0,0,1.00367168244549,0.0809629062850953,-0.0387796848207038
23.7264169029615,0.751583568782328,0.0250303464688039,-0.00623949225822309,-0.0905442757262224,0.0393692446910191,-0.0028075747550124,0,0,0,0,0,0,0,0,0,1.00447959051808,0.080576105982289,-0.0385601158231176
23.7364196082325,0.751833627624598,0.0249678768469929,-0.00625104403045004,-0.090150618378425,0.0393408168235412,-0.00287644128577437,0,0,0,0,0,0,0,0,0,1.00528364052555,0.0801914953375019,-0.0383418681951665
23.7464223135036,0.752083061024658,0.0249052919485996,-0.00626254123492359,-0.0897572488294106,0.0393117007012574,-0.00294518813076012,0,0,0,0,0,0,0,0,0,1.00608385430429,0.0798090611680926,-0.0381249350183536
23.7564250187746,0.752331867832171,0.0248425923225801,-0.00627398324567252,-0.0893641739575655,0.0392818975320663,-0.00301381314730721,0,0,0,0,0,0,0,0,0,1.0068802535592,0.0794287903605678,-0.0379093093825025
23.7664277240457,0.752580046902323,0.0247797785241504,-0.00628536943704188,-0.0889714006290873,0.0392514085452942,-0.00308231419364685,0,0,0,0,0,0,0,0,0,1.00767285986432,0.0790506698705271,-0.0376949843746673
23.7764304293168,0.752827597095884,0.0247168511147831,-0.0062966991837215,-0.0885789356977693,0.0392202349916864,-0.00315068912898436,0,0,0,0,0,0,0,0,0,1.00846169466359,0.0786746867227736,-0.0374819530852271
23.7864331345878,0.75307451727927,0.0246538106622034,-0.0063079718607745,-0.0881867860047874,0.0391883781433965,-0.00321893581357964,0,0,0,0,0,0,0,0,0,1.00924677927148,0.0783008280111365,-0.0372702086184316
23.7964358398589,0.753320806324609,0.024590657740386,-0.00631918684366565,-0.0877949583784851,0.0391558392939759,-0.00328705210882761,0,0,0,0,0,0,0,0,0,1.01002813487374,0.0779290808983712,-0.0370597440790876
23.80643854513,0.753566463109802,0.0245273929295504,-0.00633034350828995,-0.0874034596341601,0.0391226197583615,-0.00335503587733867,0,0,0,0,0,0,0,0,0,1.01080578252803,0.0775594326162482,-0.0368505525753273
23.816441250401,0.753811486518584,0.0244640168161563,-0.00634144123100107,-0.0870122965738502,0.0390887208728638,-0.0034228849830191,0,0,0,0,0,0,0,0,0,1.01157974316464,0.0771918704653976,-0.0366426272297114
23.8264439556721,0.754055875440585,0.0244005299928994,-0.00635247938863979,-0.0866214759861197,0.0390541439951531,-0.0034905972911516,0,0,0,0,0,0,0,0,0,1.0123500375872,0.0768263818151757,-0.0364359611725664
23.8364466609431,0.754299628771401,0.0243369330587062,-0.00636345735856252,-0.0862310046458457,0.0390188905042452,-0.0035581706684756,0,0,0,0,0,0,0,0,0,1.01311668647332,0.0764629541036434,-0.0362305475403216
23.8464493662142,0.754542745412643,0.0242732266187284,-0.00637437451866974,-0.0858408893140048,0.0389829618004871,-0.00362560298326784,0,0,0,0,0,0,0,0,0,1.01387971037531,0.0761015748374656,-0.0360263794810581
23.8564520714853,0.75478522427201,0.0242094112843375,-0.00638523024743448,-0.0854511367374595,0.0389463593055403,-0.00369289210542272,0,0,0,0,0,0,0,0,0,1.01463912972085,0.0757422315917784,-0.0358234501533965
23.8664547767563,0.755027064263348,0.0241454876731193,-0.00639602392393081,-0.0850617536487457,0.0389090844623651,-0.00376003590653281,0,0,0,0,0,0,0,0,0,1.01539496481368,0.0753849120101115,-0.0356217527270561
23.8764574820274,0.755268264306709,0.0240814564088672,-0.00640675492786229,-0.0846727467658589,0.0388711387352024,-0.00382703225996928,0,0,0,0,0,0,0,0,0,1.01614723583429,0.0750296038042436,-0.0354212803856258
23.8864601872985,0.755508823328419,0.0240173181215759,-0.00641742263959045,-0.0842841227920424,0.0388325236095563,-0.00389387904096226,0,0,0,0,0,0,0,0,0,1.0168959628406,0.0746762947540693,-0.035222026325454
23.8964628925695,0.755748740261133,0.0239530734474348,-0.00642802644016326,-0.0838958884155735,0.0387932405921745,-0.00396057412668154,0,0,0,0,0,0,0,0,0,1.01764116576861,0.0743249727074773,-0.0350239837528761
23.9064655978406,0.755988014043903,0.023888723028821,-0.00643856571134362,-0.0835080503095523,0.0387532912110288,-0.00402711539631665,0,0,0,0,0,0,0,0,0,1.01838286443314,0.0739756255802723,-0.0348271458892095
23.9164683031116,0.756226643622236,0.023824267514292,-0.0064490398356378,-0.0831206151316888,0.0387126770152942,-0.00409350073115761,0,0,0,0,0,0,0,0,0,1.01912107852846,0.0736282413559532,-0.0346315059757413
23.9264710083827,0.756464627948159,0.023759707558578,-0.00645944819632395,-0.0827335895240912,0.038671399575328,-0.00415972801467521,0,0,0,0,0,0,0,0,0,1.01985582762896,0.0732828080855355,-0.0344370572659669
23.9364737136538,0.756701965980278,0.023695043822574,-0.00646979017748054,-0.0823469801130538,0.038629460482647,-0.00422579513260155,0,0,0,0,0,0,0,0,0,1.02058713118989,0.0729393138874848,-0.0342437930244774
23.9464764189248,0.756938656683839,0.023630276973332,-0.00648006516401485,-0.0819607935088461,0.038586861349905,-0.00429169997301044,0,0,0,0,0,0,0,0,0,1.02131500854794,0.0725977469475612,-0.0340517065341723
23.9564791241959,0.757174699030794,0.0235654076840521,-0.00649027254169145,-0.0815750363055006,0.0385436038108686,-0.00435744042639784,0,0,0,0,0,0,0,0,0,1.02203947892201,0.0722580955186087,-0.0338607911001438
23.966481829467,0.757410091999856,0.0235004366340741,-0.00650041169716063,-0.0811897150806026,0.0384996895203926,-0.00442301438576233,0,0,0,0,0,0,0,0,0,1.02276056141378,0.0719203479203217,-0.0336710400424633
23.976484534738,0.757644834576568,0.0234353645088685,-0.00651048201798694,-0.0808048363950789,0.0384551201543948,-0.00448841974668556,0,0,0,0,0,0,0,0,0,1.02347827500848,0.0715844925391789,-0.0334824466962624
23.9864872400091,0.757878925753357,0.023370192000027,-0.00652048289267761,-0.0804204067929873,0.0384098974098297,-0.00455365440741266,0,0,0,0,0,0,0,0,0,1.02419263857548,0.0712505178282081,-0.0332950044141809
23.9964899452801,0.7581123645296,0.0233049198052531,-0.00653041371071103,-0.0800364328013063,0.0383640230046611,-0.00461871626893273,0,0,0,0,0,0,0,0,0,1.02490367086898,0.0709184123068712,-0.0331087065706061
24.0064926505512,0.758345149911682,0.0232395486283521,-0.00654027386256525,-0.0796529209297254,0.0383174986778347,-0.00468360323505924,0,0,0,0,0,0,0,0,0,1.02561139052867,0.0705881645607443,-0.0329235465630343
24.0164953558223,0.758577280913061,0.0231740791792212,-0.00655006273974642,-0.0792698776704349,0.0382703261892494,-0.00474831321251054,0,0,0,0,0,0,0,0,0,1.02631581608043,0.0702597632413749,-0.0327395178024298
24.0264980610933,0.758808756554322,0.0231085121738387,-0.00655977973481729,-0.0788873094979164,0.0382225073197276,-0.00481284411099031,0,0,0,0,0,0,0,0,0,1.02701696593691,0.0699331970661554,-0.0325566137207973
24.0365007663644,0.759039575863248,0.0230428483342539,-0.00656942424142564,-0.078505222868735,0.0381740438709849,-0.00487719384326782,0,0,0,0,0,0,0,0,0,1.02771485839826,0.0696084548180289,-0.0323748277708827
24.0465034716355,0.759269737874868,0.0229770883885753,-0.00657899565433281,-0.0781236242213283,0.0381249376655994,-0.00494136032525865,0,0,0,0,0,0,0,0,0,1.02840951165275,0.0692855253453683,-0.0321941534269964
24.0565061769065,0.75949924163153,0.02291123307096,-0.00658849336944215,-0.0777425199757994,0.0380751905469795,-0.00500534147610499,0,0,0,0,0,0,0,0,0,1.02910094377742,0.0689643975616656,-0.032014584187304
24.0665088821776,0.759728086182954,0.0228452831216017,-0.00659791678382745,-0.0773619165337083,0.0380248043793314,-0.00506913521825608,0,0,0,0,0,0,0,0,0,1.02978917273876,0.0686450604453658,-0.0318361135671711
24.0765115874487,0.759956270586292,0.0227792392867193,-0.00660726529576148,-0.0769818202778641,0.0379737810476255,-0.0051327394775487,0,0,0,0,0,0,0,0,0,1.03047421639332,0.0683275030396886,-0.0316587351058213
24.0865142927197,0.760183793906193,0.022713102318544,-0.00661653830474442,-0.0766022375721169,0.0379221224575622,-0.00519615218328763,0,0,0,0,0,0,0,0,0,1.03115609248839,0.0680117144523294,-0.0314824423657789
24.0965169979908,0.760410655214859,0.0226468729753079,-0.00662573521153236,-0.0762231747611517,0.0378698305355368,-0.00525937126832599,0,0,0,0,0,0,0,0,0,1.03183481866261,0.0676976838552924,-0.0313072289317604
24.1065197032618,0.760636853592107,0.0225805520212304,-0.00663485541816572,-0.0758446381702808,0.0378169072286035,-0.00532239466914586,0,0,0,0,0,0,0,0,0,1.03251041244666,0.0673854004846133,-0.0311330884128944
24.1165224085329,0.760862388125427,0.0225141402265057,-0.00664389832799779,-0.0754666341052373,0.0377633545044388,-0.00538522032593852,0,0,0,0,0,0,0,0,0,1.03318289126385,0.0670748536401482,-0.0309600144360646
24.126525113804,0.761087257910044,0.0224476383672894,-0.00665286334572317,-0.0750891688519696,0.0377091743513041,-0.00544784618268512,0,0,0,0,0,0,0,0,0,1.03385227243079,0.0667660326854296,-0.0307880006575584
24.136527819075,0.761311462048976,0.0223810472256849,-0.00666174987740623,-0.074712248676435,0.037654368778007,-0.00551027018723693,0,0,0,0,0,0,0,0,0,1.03451857315799,0.0664589270472225,-0.0306170407580747
24.1465305243461,0.761534999653095,0.0223143675897297,-0.00667055733050961,-0.0743358798243949,0.0375989398138626,-0.00557249029139589,0,0,0,0,0,0,0,0,0,1.03518181055056,0.0661535262154793,-0.0304471284349574
24.1565332296172,0.761757869841183,0.022247600253381,-0.00667928511392266,-0.0739600685212095,0.0375428895086536,-0.00563450445099505,0,0,0,0,0,0,0,0,0,1.03584200160874,0.0658498197430523,-0.0302782574177299
24.1665359348882,0.761980071739994,0.0221807460165014,-0.00668793263798996,-0.0735848209716335,0.0374862199325891,-0.00569631062597903,0,0,0,0,0,0,0,0,0,1.03649916322864,0.0655477972453375,-0.030110421460881
24.1765386401593,0.762201604484313,0.0221138056848447,-0.00669649931453974,-0.073210143359612,0.0374289331762635,-0.00575790678048438,0,0,0,0,0,0,0,0,0,1.03715331220277,0.0652474484001309,-0.0299436143372084
24.1865413454303,0.762422467217013,0.0220467800700399,-0.00670498455691239,-0.0728360418480765,0.0373710313506142,-0.00581929088292009,0,0,0,0,0,0,0,0,0,1.03780446522071,0.0649487629474065,-0.0297778298478069
24.1965440507014,0.762642659089117,0.0219796699895768,-0.0067133877799889,-0.0724625225787422,0.0373125165868779,-0.00588046090604809,0,0,0,0,0,0,0,0,0,1.03845263886974,0.064651730688972,-0.029613061823174
24.2065467559725,0.762862179259851,0.0219124762667902,-0.00672170840021939,-0.0720895916719045,0.0372533910365475,-0.0059414148270636,0,0,0,0,0,0,0,0,0,1.0390978496354,0.0643563414882246,-0.0294493041132266
24.2165494612435,0.763081026896709,0.0218451997308438,-0.00672994583565151,-0.0717172552262371,0.0371936568713266,-0.00600215062767561,0,0,0,0,0,0,0,0,0,1.0397401139022,0.064062585270007,-0.0292865505950679
24.2265521665146,0.763299201175506,0.0217778412167145,-0.00673809950595896,-0.0713455193185898,0.0371333162830845,-0.00606266629418737,0,0,0,0,0,0,0,0,0,1.04037944795412,0.0637704520202075,-0.029124795176314
24.2365548717857,0.763516701280439,0.0217104015651757,-0.00674616883246993,-0.0709743900037872,0.0370723714838094,-0.00612295981757673,0,0,0,0,0,0,0,0,0,1.04101586797532,0.0634799317855495,-0.0289640317867751
24.2465575770567,0.763733526404143,0.0216428816227805,-0.00675415323819563,-0.0706038733144276,0.0370108247055616,-0.00618302919357672,0,0,0,0,0,0,0,0,0,1.04164939005068,0.0631910146733579,-0.0288042543823383
24.2565602823278,0.76394967574775,0.0215752822418453,-0.0067620521478587,-0.0702339752606825,0.0369486782004252,-0.00624287242275592,0,0,0,0,0,0,0,0,0,1.04228003016643,0.062903690851271,-0.0286454569477377
24.2665629875989,0.764165148520947,0.0215076042804318,-0.0067698649879217,-0.0698647018300963,0.0368859342404597,-0.0063024875105989,0,0,0,0,0,0,0,0,0,1.04290780421077,0.0626179505469516,-0.028487633490457
24.2765656928699,0.764379943942031,0.02143984860233,-0.00677759118661561,-0.0694960589873872,0.03682259511765,-0.00636187246758669,0,0,0,0,0,0,0,0,0,1.04353272797443,0.0623337840479208,-0.0283307780468309
24.286568398141,0.76459406123797,0.0213720160770402,-0.00678523017396826,-0.069128052674248,0.0367586631438565,-0.00642102530927721,0,0,0,0,0,0,0,0,0,1.04415481715129,0.0620511817011469,-0.0281748846853707
24.296571103412,0.764807499644456,0.0213041075797546,-0.00679278138183284,-0.0687606888091471,0.0366941406507635,-0.00647994405638576,0,0,0,0,0,0,0,0,0,1.04477408733899,0.0617701339128129,-0.028019947492898
24.3065738086831,0.765020258405965,0.0212361239913395,-0.00680024424391636,-0.068393973287131,0.0366290299898274,-0.00653862673486542,0,0,0,0,0,0,0,0,0,1.04539055403946,0.0614906311481827,-0.0278659605873038
24.3165765139542,0.76523233677581,0.0211680661983161,-0.00680761819580811,-0.0680279119796267,0.0365633335322239,-0.00659707137598753,0,0,0,0,0,0,0,0,0,1.0460042326596,0.0612126639311132,-0.0277129181175476
24.3265792192252,0.765443734016203,0.0210999350928415,-0.00681490267500813,-0.0676625107342445,0.0364970536687944,-0.00665527601642208,0,0,0,0,0,0,0,0,0,1.04661513851178,0.0609362228439208,-0.0275608142525634
24.3365819244963,0.765654449398306,0.0210317315726901,-0.00682209712095573,-0.0672977753745818,0.0364301928099915,-0.00671323869831819,0,0,0,0,0,0,0,0,0,1.04722328681448,0.0606612985271154,-0.027409643194573
24.3465846297674,0.765864482202291,0.0209634565412333,-0.00682920097505789,-0.066933711700027,0.0363627533858239,-0.00677095746938463,0,0,0,0,0,0,0,0,0,1.04782869269283,0.0603878816790002,-0.0272593991696551
24.3565873350384,0.76607383171739,0.02089511090742,-0.00683621368071779,-0.0665703254855642,0.0362947378458004,-0.00682843038297011,0,0,0,0,0,0,0,0,0,1.04843137117924,0.0601159630555947,-0.0271100764332939
24.3665900403095,0.76628249724196,0.0208266955857565,-0.00684313468336326,-0.0662076224815787,0.0362261486588731,-0.0068856554981439,0,0,0,0,0,0,0,0,0,1.0490313372139,0.0598455334701237,-0.0269616692753716
24.3765927455805,0.766490478083531,0.0207582114962861,-0.00684996343047525,-0.0658456084136624,0.0361569883133794,-0.0069426308797761,0,0,0,0,0,0,0,0,0,1.04962860564542,0.0595765837928399,-0.0268141720001959
24.3865954508516,0.766697773558861,0.0206896595645684,-0.00685669937161631,-0.0654842889824206,0.0360872593169842,-0.00699935459861826,0,0,0,0,0,0,0,0,0,1.05022319123137,0.0593091049509126,-0.0266675789481356
24.3965981561227,0.766904382993998,0.0206210407216584,-0.00686334195845906,-0.0651236698632784,0.0360169641966204,-0.00705582473138373,0,0,0,0,0,0,0,0,0,1.05081510863885,0.0590430879278179,-0.0265218844917409
24.4066008613937,0.767110305724328,0.020552355904085,-0.00686989064481466,-0.0647637567062891,0.0359461054984284,-0.00711203936082805,0,0,0,0,0,0,0,0,0,1.05140437244504,0.0587785237633045,-0.0263770830202051
24.4166035666648,0.767315541094633,0.0204836060538298,-0.00687634488666128,-0.0644045551359416,0.0358746857876962,-0.00716799657582954,0,0,0,0,0,0,0,0,0,1.05199099713779,0.0585154035530949,-0.0262331689565648
24.4266062719359,0.767520088459142,0.0204147921183051,-0.00688270414217259,-0.0640460707509694,0.0358027076487968,-0.00722369447146965,0,0,0,0,0,0,0,0,0,1.05257499711616,0.0582537184485075,-0.0260901367582554
24.4366089772069,0.767723947181593,0.0203459150503318,-0.00688896787174621,-0.0636883091241603,0.0357301736851265,-0.00727913114911345,0,0,0,0,0,0,0,0,0,1.05315638669096,0.0579934596561458,-0.0259479809060142
24.446611682478,0.767927116635275,0.0202769758081171,-0.00689513553803221,-0.063331275802166,0.035657086519041,-0.00733430471649002,0,0,0,0,0,0,0,0,0,1.05373518008534,0.0577346184377434,-0.0258066959027711
24.4566143877491,0.768129596203095,0.0202079753552318,-0.00690120660596152,-0.0629749763053132,0.035583448791792,-0.00738921328777297,0,0,0,0,0,0,0,0,0,1.0543113914353,0.0574771861098751,-0.0256662762852987
24.4666170930201,0.768331385277621,0.0201389146605871,-0.00690718054277451,-0.0626194161274146,0.0355092631634618,-0.00744385498366081,0,0,0,0,0,0,0,0,0,1.05488503479027,0.0572211540435684,-0.0255267166208855
24.4766197982912,0.768532483261141,0.0200697946984118,-0.00691305681804934,-0.0622646007355809,0.0354345323128979,-0.00749822793145748,0,0,0,0,0,0,0,0,0,1.05545612411364,0.0569665136640818,-0.0253880115040053
24.4866225035622,0.768732889565713,0.0200006164482284,-0.00691883490373053,-0.0619105355700337,0.0353592589376464,-0.00755233026515276,0,0,0,0,0,0,0,0,0,1.05602467328328,0.0567132564505826,-0.025250155555762
24.4966252088333,0.76893260361322,0.0199313808948296,-0.00692451427415739,-0.0615572260439186,0.0352834457538848,-0.00760616012550262,0,0,0,0,0,0,0,0,0,1.05659069609211,0.0564613739359362,-0.0251131434255557
24.5066279141044,0.769131624835423,0.0198620890282538,-0.00693009440609249,-0.0612046775431187,0.0352070954963539,-0.00765971566010987,0,0,0,0,0,0,0,0,0,1.05715420624864,0.056210857706351,-0.0249769697899728
24.5166306193754,0.769329952674011,0.0197927418437612,-0.00693557477875014,-0.0608528954260704,0.0351302109182888,-0.00771299502350444,0,0,0,0,0,0,0,0,0,1.05771521737745,0.0559616994011895,-0.0248416293583318
24.5266333246465,0.769527586580654,0.0197233403418086,-0.00694095487382485,-0.0605018850235779,0.0350527947913497,-0.00776599637722386,0,0,0,0,0,0,0,0,0,1.05827374301979,0.0557138907125023,-0.024707116867693
24.5366360299176,0.769724526017056,0.019653885528025,-0.00694623417551985,-0.060151651638629,0.0349748499055504,-0.00781871788989378,0,0,0,0,0,0,0,0,0,1.05882979663405,0.0554674233849391,-0.0245734270756454
24.5466387351886,0.769920770455006,0.019584378413186,-0.0069514121705755,-0.0598022005462129,0.0348963790691883,-0.00787115773730832,0,0,0,0,0,0,0,0,0,1.05938339159632,0.055222289215427,-0.0244405547786133
24.5566414404597,0.770116319376427,0.0195148200131884,-0.0069564883482978,-0.0594535369931369,0.0348173851087709,-0.00792331410251056,0,0,0,0,0,0,0,0,0,1.05993454120089,0.0549784800527156,-0.0243084947985425
24.5666441457307,0.770311172273432,0.0194452113490242,-0.00696146220058683,-0.0591056661978445,0.0347378708689442,-0.007975185175873,0,0,0,0,0,0,0,0,0,1.06048325866076,0.054735987797321,-0.0241772419817917
24.5766468510018,0.770505328648371,0.0193755534467548,-0.0069663332219653,-0.0587585933502351,0.034657839212418,-0.00802676915517804,0,0,0,0,0,0,0,0,0,1.0610295571082,0.0544948044010935,-0.0240467912052335
24.5866495562729,0.770698788013881,0.0193058473374848,-0.0069711009096069,-0.0584123236114831,0.034577293019892,-0.00807806424569827,0,0,0,0,0,0,0,0,0,1.06157344959522,0.0542549218670395,-0.0239171373729254
24.5966522615439,0.770891549892941,0.0192360940573345,-0.00697576476336488,-0.0580668621138581,0.0344962351899799,-0.00812906866027714,0,0,0,0,0,0,0,0,0,1.06211494909408,0.0540163322489557,-0.0237882754222152
24.606654966815,0.771083613818917,0.0191662946474138,-0.00698032428580049,-0.0577222139605469,0.0344146686391341,-0.00817978061940917,0,0,0,0,0,0,0,0,0,1.06265406849784,0.053779027651129,-0.0236602003154159
24.6166576720861,0.771274979335614,0.0190964501537948,-0.00698477898221141,-0.0573783842254748,0.0343325963015677,-0.00823019835132065,0,0,0,0,0,0,0,0,0,1.0631908206208,0.0535430002281369,-0.0235329070386978
24.6266603773571,0.771465645997325,0.0190265616274838,-0.00698912836066029,-0.0570353779531285,0.0342500211291778,-0.00828032009204988,0,0,0,0,0,0,0,0,0,1.06372521819906,0.0533082421845701,-0.0234063906114372
24.6366630826282,0.771655613368882,0.0189566301243942,-0.00699337193200318,-0.0566932001583796,0.0341669460914663,-0.0083301440855277,0,0,0,0,0,0,0,0,0,1.06425727389098,0.0530747457746457,-0.0232806460815489
24.6466657878992,0.771844881025701,0.0188866567053179,-0.00699750920991799,-0.056351855826309,0.0340833741754606,-0.00837966858365791,0,0,0,0,0,0,0,0,0,1.0647870002777,0.0528425033020227,-0.0231556685218517
24.6566684931703,0.772033448553835,0.0188166424358971,-0.00700153971093303,-0.056011349912032,0.0339993083856337,-0.0084288918463978,0,0,0,0,0,0,0,0,0,1.06531440986361,0.0526115071194886,-0.0230314530391268
24.6666711984414,0.772221315550019,0.0187465883865957,-0.0070054629544554,-0.0556716873405239,0.0339147517438233,-0.00847781214183847,0,0,0,0,0,0,0,0,0,1.06583951507686,0.0523817496285933,-0.0229079947616472
24.6766739037124,0.772408481621722,0.0186764956326703,-0.00700927846279952,-0.0553328730064472,0.0338297072891496,-0.00852642774628539,0,0,0,0,0,0,0,0,0,1.06636232826984,0.052153223279585,-0.0227852888444233
24.6866766089835,0.772594946387189,0.018606365254141,-0.00701298576121558,-0.0549949117739787,0.033744178077933,-0.00857473694433873,0,0,0,0,0,0,0,0,0,1.06688286171967,0.0519259205709397,-0.0226633304777107
24.6966793142546,0.772780709475495,0.0185361983357618,-0.00701658437791799,-0.0546578084766381,0.0336581671836109,-0.0086227380289739,0,0,0,0,0,0,0,0,0,1.06740112762864,0.0516998340491265,-0.0225421148762618
24.7066820195256,0.772965770526586,0.0184659959669911,-0.00702007384411393,-0.0543215679171173,0.0335716776966531,-0.00867042930162201,0,0,0,0,0,0,0,0,0,1.06791713812478,0.0514749563083523,-0.0224216372809056
24.7166847247967,0.773150129191331,0.0183957592419611,-0.00702345369403173,-0.0539861948671101,0.0334847127244774,-0.0087178090722502,0,0,0,0,0,0,0,0,0,1.06843090526223,0.0512512799902954,-0.0223018929596568
24.7266874300677,0.773333785131567,0.018325489259448,-0.00702672346494938,-0.0536516940671434,0.0333972753913631,-0.00876487565944226,0,0,0,0,0,0,0,0,0,1.06894244102179,0.0510287977838278,-0.0221828772115988
24.7366901353388,0.773516738020142,0.018255187122841,-0.00702988269722303,-0.0533180702264087,0.033309368838365,-0.00881162739047889,0,0,0,0,0,0,0,0,0,1.06945175731137,0.0508075024246718,-0.0220645853646657
24.7466928406099,0.773698987540967,0.0181848539401114,-0.00703293093431543,-0.0529853280225954,0.0332209962232257,-0.00885806260141824,0,0,0,0,0,0,0,0,0,1.06995886596642,0.0505873866951659,-0.0219470127678751
24.7566955458809,0.773880533389056,0.0181144908237817,-0.0070358677228244,-0.0526534721017233,0.0331321607202876,-0.0089041796371764,0,0,0,0,0,0,0,0,0,1.07046377875046,0.0503684434240771,-0.0218301547963199
24.766698251152,0.774061375270576,0.0180440988908936,-0.00703869261251132,-0.0523225070779778,0.0330428655204036,-0.00894997685160778,0,0,0,0,0,0,0,0,0,1.07096650735549,0.0501506654862674,-0.0217140068639297
24.7767009564231,0.774241512902889,0.0179736792629764,-0.00704140515632961,-0.0519924375335448,0.0329531138308476,-0.0089954526075856,0,0,0,0,0,0,0,0,0,1.07146706340247,0.0499340458022497,-0.0215985644096008
24.7867036616941,0.774420946014597,0.0179032330660154,-0.00704400491045315,-0.0516632680184475,0.0328629088752239,-0.00904060527708217,0,0,0,0,0,0,0,0,0,1.07196545844179,0.0497185773381328,-0.0214838228905386
24.7967063669652,0.774599674345587,0.0178327614304188,-0.00704649143430483,-0.0513350030503825,0.0327722538933753,-0.00908543324124966,0,0,0,0,0,0,0,0,0,1.07246170395369,0.0495042531053101,-0.0213697777878053
24.8067090722363,0.774777697647077,0.0177622654909854,-0.00704886429058497,-0.0510076471145586,0.0326811521412913,-0.00912993489050029,0,0,0,0,0,0,0,0,0,1.07295581134874,0.0492910661602937,-0.0212564246196355
24.8167117775073,0.774955015681656,0.0176917463868717,-0.00705112304529979,-0.0506812046635353,0.0325896068910152,-0.00917410862458682,0,0,0,0,0,0,0,0,0,1.07344779196829,0.0490790096041366,-0.0211437589403258
24.8267144827784,0.775131628223329,0.0176212052615588,-0.00705326726778991,-0.0503556801170633,0.0324976214305499,-0.00921795285268309,0,0,0,0,0,0,0,0,0,1.07393765708487,0.0488680765822888,-0.0210317763119402
24.8367171880494,0.775307535057563,0.0175506432628187,-0.00705529653075883,-0.0500310778619247,0.0324051990637633,-0.00926146599346435,0,0,0,0,0,0,0,0,0,1.07442541790272,0.0486582602845861,-0.0209204723287237
24.8467198933205,0.775482735981324,0.0174800615426804,-0.00705721041030135,-0.049707402251775,0.0323123431102933,-0.0093046464751878,0,0,0,0,0,0,0,0,0,1.07491108555813,0.0484495539446175,-0.0208098426182079
24.8567225985916,0.775657230803125,0.0174094612573963,-0.0070590084859321,-0.0493846576069862,0.0322190569054508,-0.00934749273577296,0,0,0,0,0,0,0,0,0,1.07539467111996,0.0482419508396918,-0.0206998828256786
24.8667253038626,0.775831019343064,0.0173388435674073,-0.00706069034061396,-0.0490628482144897,0.0321253438001234,-0.00939000322288219,0,0,0,0,0,0,0,0,0,1.07587618559003,0.0480354442905159,-0.0205905886280466
24.8767280091337,0.776004101432868,0.0172682096373087,-0.00706225556078661,-0.0487419783276218,0.032031207160677,-0.00943217639400107,0,0,0,0,0,0,0,0,0,1.07635563990357,0.0478300276608837,-0.0204819557316271
24.8867307144048,0.776176476915934,0.0171975606358149,-0.00706370373639489,-0.048422052165969,0.0319366503688576,-0.00947401071651887,0,0,0,0,0,0,0,0,0,1.07683304492963,0.047625694357399,-0.0203739798654833
24.8967334196758,0.776348145647369,0.0171268977357242,-0.0070650344609174,-0.0481030739152146,0.0318416768216915,-0.00951550466780905,0,0,0,0,0,0,0,0,0,1.07730841147154,0.0474224378292977,-0.0202666567803153
24.9067361249469,0.776519107494032,0.0170562221138835,-0.00706624733139485,-0.0477850477269864,0.0317462899313847,-0.00955665673530963,0,0,0,0,0,0,0,0,0,1.07778175026732,0.0472202515681924,-0.0201599822567825
24.9167388302179,0.776689362334574,0.0169855349511525,-0.00706734194845863,-0.0474679777187054,0.0316504931252229,-0.00959746541660366,0,0,0,0,0,0,0,0,0,1.07825307199007,0.0470191291077288,-0.020053952105506
24.926741535489,0.776858910059477,0.0169148374323676,-0.00706831791635924,-0.0471518679734357,0.0315542898454685,-0.0096379292194997,0,0,0,0,0,0,0,0,0,1.07872238724845,0.0468190640233297,-0.019948562160962
24.9367442407601,0.777027750571096,0.0168441307463054,-0.00706917484299474,-0.0468367225397348,0.0314576835492586,-0.00967804666211216,0,0,0,0,0,0,0,0,0,1.07918970658705,0.0466200499319736,-0.0198438082809297
24.9467469460311,0.777195883783693,0.0167734160856465,-0.00706991233993928,-0.0465225454315056,0.0313606777085012,-0.00971781627294197,0,0,0,0,0,0,0,0,0,1.07965504048683,0.0464220804919504,-0.0197396863487092
24.9567496513022,0.777363309623483,0.0167026946469379,-0.00707053002247151,-0.0462093406278489,0.031263275809771,-0.00975723659095675,0,0,0,0,0,0,0,0,0,1.08011839936551,0.0462251494025949,-0.0196361922731221
24.9667523565733,0.777530028028667,0.0166319676305566,-0.00707102750960311,-0.0458971120729178,0.0311654813542042,-0.00979630616567146,0,0,0,0,0,0,0,0,0,1.080579793578,0.0460292504040425,-0.0195333219896209
24.9767550618443,0.777696038949473,0.0165612362406716,-0.00707140442410722,-0.0455858636757717,0.031067297857393,-0.00983502355722871,0,0,0,0,0,0,0,0,0,1.08103923341679,0.045834377276941,-0.0194310714652822
24.9867577671154,0.777861342348191,0.016490501685206,-0.00707166039254695,-0.045275599310233,0.0309687288492782,-0.00987338733647939,0,0,0,0,0,0,0,0,0,1.08149672911237,0.0456405238421061,-0.0193294366838271
24.9967604723865,0.778025938199216,0.0164197651757996,-0.00707179504530381,-0.0449663228147438,0.0308697778740422,-0.00991139608506287,0,0,0,0,0,0,0,0,0,1.08195229083361,0.045447683960533,-0.0192284136528338
25.0067631776575,0.778189826489076,0.0163490279277699,-0.00707180801660619,-0.044658037992224,0.0307704484900007,-0.00994904839548764,0,0,0,0,0,0,0,0,0,1.08240592868819,0.0452558515329074,-0.0191279984137239
25.0167658829286,0.778353007216476,0.016278291160074,-0.00707169894455788,-0.0443507486099305,0.0306707442694932,-0.0099863428712117,0,0,0,0,0,0,0,0,0,1.08285765272296,0.0450650204994173,-0.0190281870251175
25.0267685881996,0.778515480392335,0.016207556095269,-0.00707146747116649,-0.0440444583993173,0.0305706687987736,-0.010023278126723,0,0,0,0,0,0,0,0,0,1.08330747292437,0.0448751848395975,-0.0189289755744852
25.0367712934707,0.778677246039812,0.0161368239594738,-0.00707111324237195,-0.0437391710558973,0.0304702256778987,-0.0100598527876198,0,0,0,0,0,0,0,0,0,1.08375539921883,0.0446863385719079,-0.0188303601753746
25.0467739987418,0.778838304194355,0.0160660959823286,-0.00707063590807497,-0.0434348902391042,0.0303694185206176,-0.0100960654906913,0,0,0,0,0,0,0,0,0,1.08420144147312,0.0444984757536331,-0.0187323369624156
25.0567767040128,0.778998654903725,0.015995373396956,-0.0070700351221655,-0.0431316195721567,0.0302682509542587,-0.010131914883998,0,0,0,0,0,0,0,0,0,1.08464560949478,0.0443115904805613,-0.0186349020929843
25.0667794092839,0.779158298228036,0.0159246574399202,-0.00706931054255125,-0.042829362641923,0.0301667266196166,-0.0101673996269521,0,0,0,0,0,0,0,0,0,1.08508791303246,0.0441256768868506,-0.018538051752199
25.076782114555,0.779317234239788,0.0158539493511874,-0.00706846183118609,-0.0425281229987862,0.0300648491708386,-0.0102025183903979,0,0,0,0,0,0,0,0,0,1.08552836177635,0.0439407291446074,-0.0184417821540274
25.086784819826,0.779475463023901,0.0157832503740845,-0.00706748865409861,-0.0422279041565123,0.0299626222753095,-0.0102372698566925,0,0,0,0,0,0,0,0,0,1.08596696535852,0.0437567414637308,-0.0183460895296359
25.0967875250971,0.779632984677747,0.0157125617552586,-0.00706639068142052,-0.0419287095921174,0.029860049613536,-0.0102716527197859,0,0,0,0,0,0,0,0,0,1.08640373335332,0.0435737080917244,-0.0182509701340487
25.1067902303681,0.779789799311187,0.015641884744636,-0.00706516758741516,-0.0416305427457376,0.0297571348790308,-0.0103056656853017,0,0,0,0,0,0,0,0,0,1.08683867527774,0.0433916233134071,-0.0181564202489209
25.1167929356392,0.779945907046599,0.0155712205953801,-0.00706381905050592,-0.0413334070204993,0.029653881778195,-0.0103393074706175,0,0,0,0,0,0,0,0,0,1.08727180059179,0.0432104814506694,-0.018062436180873
25.1267956409103,0.780101308018911,0.0155005705638502,-0.00706234475330484,-0.0410373057823908,0.0295502940302003,-0.0103725768049453,0,0,0,0,0,0,0,0,0,1.08770311869888,0.0430302768622178,-0.0179690142581645
25.1367983461813,0.780256002375637,0.0154299359095592,-0.0070607443826409,-0.0407422423601355,0.0294463753668702,-0.0104054724294119,0,0,0,0,0,0,0,0,0,1.08813263894616,0.0428510039433975,-0.0178761508323561
25.1468010514524,0.780409990276902,0.0153593178951315,-0.00705901762958866,-0.0404482200450653,0.0293421295325604,-0.0104379930971394,0,0,0,0,0,0,0,0,0,1.08856037062491,0.0426726571259036,-0.0177838422810844
25.1568037567235,0.780563271895477,0.01528871778626,-0.00705716418949661,-0.0401552420909967,0.0292375602840384,-0.0104701375733259,0,0,0,0,0,0,0,0,0,1.08898632297089,0.042495230877548,-0.0176920850030705
25.1668064619945,0.78071584741681,0.0152181368516637,-0.00705518376201575,-0.0398633117141065,0.0291326713903624,-0.0105019046353253,0,0,0,0,0,0,0,0,0,1.0894105051647,0.0423187197020709,-0.0176008754186708
25.1768091672656,0.780867717039052,0.015147576363044,-0.00705307605112795,-0.0395724320928096,0.0290274666327592,-0.0105332930727285,0,0,0,0,0,0,0,0,0,1.08983292633215,0.0421431181388967,-0.0175102099737647
25.1868118725367,0.781018880973092,0.0150770375950418,-0.0070508407651745,-0.0392826063676384,0.0289219498045015,-0.0105643016874432,0,0,0,0,0,0,0,0,0,1.09025359554459,0.0419684207628669,-0.0174200851386434
25.1968145778077,0.781169339442581,0.0150065218251931,-0.00704847761688459,-0.0389938376411226,0.028816124710784,-0.010594929293775,0,0,0,0,0,0,0,0,0,1.09067252181931,0.0417946221840193,-0.0173304974068986
25.2068172830788,0.781319092683964,0.0149360303338857,-0.00704598632340372,-0.0387061289776702,0.0287099951685994,-0.010625174718507,0,0,0,0,0,0,0,0,0,1.09108971411984,0.0416217170473427,-0.0172414432898768
25.2168199883498,0.781468140946509,0.0148655644043142,-0.00704336660632221,-0.0384194834034507,0.028603565006613,-0.0106550368009813,0,0,0,0,0,0,0,0,0,1.09150518135631,0.0414497000326665,-0.0171529193200081
25.2268226936209,0.781616484492329,0.0147951253224359,-0.00704061819170367,-0.0381339039062787,0.0284968380650367,-0.0106845143931784,0,0,0,0,0,0,0,0,0,1.09191893238584,0.04127856585435,-0.0170649220630107
25.236825398892,0.781764123596419,0.0147247143769255,-0.00703774081011349,-0.0378493934354991,0.028389818195502,-0.0107136063597983,0,0,0,0,0,0,0,0,0,1.09233097601282,0.0411083092609266,-0.016977448100137
25.246828104163,0.781911058546674,0.0146543328591304,-0.00703473419664726,-0.0375659549018734,0.0282825092609326,-0.0107423115783409,0,0,0,0,0,0,0,0,0,1.0927413209893,0.0409389250351491,-0.0168904940348325
25.2568308094341,0.78205728964392,0.0145839820630249,-0.00703159809095933,-0.0372835911774675,0.0281749151354161,-0.0107706289391862,0,0,0,0,0,0,0,0,0,1.0931499760153,0.0407704079935005,-0.0168040564975337
25.2668335147052,0.78220281720194,0.0145136632851643,-0.00702833223729116,-0.0370023050955408,0.028067039704074,-0.0107985573456748,0,0,0,0,0,0,0,0,0,1.09355694973918,0.0406027529861429,-0.0167181321253589
25.2768362199762,0.782347641547497,0.0144433778246396,-0.00702493638449992,-0.0367220994504361,0.0279588868629329,-0.0108260957141886,0,0,0,0,0,0,0,0,0,1.09396225075793,0.0404359548968351,-0.0166327175935288
25.2868389252473,0.782491763020364,0.0143731269830302,-0.00702141028608688,-0.0364429769974714,0.0278504605187924,-0.0108532429742309,0,0,0,0,0,0,0,0,0,1.09436588761755,0.040270008642253,-0.0165478096023552
25.2968416305183,0.782635181973342,0.014302912064358,-0.00701775370022589,-0.0361649404528331,0.0277417645890943,-0.010879998068507,0,0,0,0,0,0,0,0,0,1.09476786881335,0.0401049091721671,-0.0164634048542255
25.3068443357894,0.782777898772291,0.0142327343750406,-0.0070139663897919,-0.0358879924934697,0.0276328030017897,-0.0109063599530048,0,0,0,0,0,0,0,0,0,1.0951682027903,0.039940651469223,-0.0163795000939024
25.3168470410605,0.782919913796147,0.0141625952238434,-0.00701004812238941,-0.0356121357569874,0.027523579695206,-0.0109323275970749,0,0,0,0,0,0,0,0,0,1.09556689794331,0.0397772305483138,-0.0162960920749899
25.3268497463315,0.783061227436952,0.014092495921833,-0.00700599867038089,-0.0353373728415474,0.0274140986179126,-0.0109578999835115,0,0,0,0,0,0,0,0,0,1.09596396261764,0.0396146414570305,-0.016213177565712
25.3368524516026,0.783201840099871,0.0140224377823288,-0.00700181781091532,-0.0350637063057639,0.0273043637285862,-0.0109830761086323,0,0,0,0,0,0,0,0,0,1.09635940510914,0.0394528792749193,-0.0161307533836711
25.3468551568737,0.78334175220322,0.0139524221208553,-0.00699750532595665,-0.0347911386686032,0.027194378995875,-0.0110078549823595,0,0,0,0,0,0,0,0,0,1.09675323366461,0.0392919391132364,-0.0160488163381476
25.3568578621447,0.783480964178481,0.013882450255094,-0.00699306100231225,-0.0345196724092856,0.0270841483982625,-0.0110322356282999,0,0,0,0,0,0,0,0,0,1.0971454564821,0.0391318161153595,-0.0159673632656078
25.3668605674158,0.783619476470329,0.0138125235048342,-0.00698848463166139,-0.034249309967187,0.0269736759239297,-0.0110562170838253,0,0,0,0,0,0,0,0,0,1.09753608171125,0.0389725054558327,-0.0158863910452374
25.3768632726868,0.783757289536651,0.0137426431919248,-0.00698377601058372,-0.0339800537417426,0.0268629655706174,-0.0110797984001532,0,0,0,0,0,0,0,0,0,1.0979251174536,0.0388140023404668,-0.0158058965484559
25.3868659779579,0.783894403848565,0.0136728106402247,-0.00697893494058775,-0.0337119060923525,0.0267520213454874,-0.0111029786424271,0,0,0,0,0,0,0,0,0,1.09831257176286,0.0386563020063944,-0.0157258766749784
25.396868683229,0.784030819890441,0.0136030271755533,-0.00697396122813931,-0.0334448693382874,0.0266408472649823,-0.0111257568897971,0,0,0,0,0,0,0,0,0,1.09869845264528,0.038499399721449,-0.0156463283578075
25.4068713885,0.784166538159922,0.0135332941256412,-0.00696885468469001,-0.033178945758597,0.0265294473546855,-0.0111481322355,0,0,0,0,0,0,0,0,0,1.09908276805991,0.0383432907841196,-0.0155672485415977
25.4168740937711,0.784301559167939,0.0134636128200799,-0.00696361512670573,-0.0329141375920195,0.0264178256491798,-0.0111701037869401,0,0,0,0,0,0,0,0,0,1.09946552591895,0.038187970523363,-0.0154886341859827
25.4268767990422,0.784435883438735,0.0133939845902715,-0.0069582423756951,-0.0326504470368915,0.0263059861919048,-0.0111916706657694,0,0,0,0,0,0,0,0,0,1.099846734088,0.0380334342984922,-0.0154104822750089
25.4368795043132,0.784569511509875,0.0133244107693782,-0.00695273625823797,-0.0323878762510606,0.0261939330350148,-0.0112128320079684,0,0,0,0,0,0,0,0,0,1.10022640038642,0.0378796774987993,-0.0153327898210173
25.4468822095843,0.784702443932271,0.0132548926922712,-0.00694709660601383,-0.0321264273517994,0.0260816702392344,-0.0112335869639261,0,0,0,0,0,0,0,0,0,1.10060453258757,0.0377266955433666,-0.0152555538479997
25.4568849148554,0.784834681270194,0.0131854316954801,-0.0069413232558304,-0.0318661024157192,0.0259692018737142,-0.0112539346985206,0,0,0,0,0,0,0,0,0,1.10098113841916,0.0375744838810225,-0.0151787713932643
25.4668876201264,0.784966224101294,0.0131160291171407,-0.00693541604965195,-0.0316069034786879,0.0258565320158855,-0.0112738743911997,0,0,0,0,0,0,0,0,0,1.10135622556352,0.0374230379901193,-0.015102439524079
25.4768903253975,0.785097073016613,0.0130466862969439,-0.00692937483462791,-0.0313488325357471,0.0257436647513143,-0.0112934052360613,0,0,0,0,0,0,0,0,0,1.10172980165789,0.0372723533781557,-0.0150265553321222
25.4868930306685,0.785227228620599,0.0129774045760835,-0.00692319946312126,-0.0310918915410315,0.0256306041735539,-0.0113125264419337,0,0,0,0,0,0,0,0,0,1.10210187429472,0.0371224255816662,-0.014951115913512
25.4968957359396,0.785356691531125,0.0129081852972038,-0.00691688979273704,-0.03083608240769,0.0255173543839977,-0.0113312372324563,0,0,0,0,0,0,0,0,0,1.10247245102197,0.036973250166243,-0.0148761183893327
25.5068984412107,0.7854854623795,0.012839029804347,-0.0069104456863508,-0.0305814070078075,0.0254039194917302,-0.0113495368461595,0,0,0,0,0,0,0,0,0,1.10284153934337,0.0368248227260144,-0.0148015599072994
25.5169011464817,0.785613541810486,0.0127699394429006,-0.00690386701213706,-0.0303278671723297,0.0252903036133781,-0.011367424536546,0,0,0,0,0,0,0,0,0,1.10320914671874,0.0366771388836336,-0.0147274376267784
25.5269038517528,0.785740930482307,0.012700915559544,-0.00689715364359785,-0.0300754646909873,0.0251765108729596,-0.0113848995721704,0,0,0,0,0,0,0,0,0,1.10357528056425,0.0365301942900571,-0.0146537487276634
25.5369065570239,0.785867629066664,0.0126319595021953,-0.00689030545959112,-0.0298242013122237,0.0250625454017339,-0.0114019612367204,0,0,0,0,0,0,0,0,0,1.1039399482527,0.0363839846243555,-0.0145804904048292
25.5469092622949,0.785993638248746,0.0125630726199573,-0.00688332234435922,-0.0295740787431227,0.0249484113380493,-0.0114186088290964,0,0,0,0,0,0,0,0,0,1.10430315711382,0.036238505593603,-0.0145076598831093
25.556911967566,0.786118958727245,0.0124942562630636,-0.00687620418755738,-0.0293250986493385,0.0248341128271903,-0.0114348416634929,0,0,0,0,0,0,0,0,0,1.10466491443453,0.0360937529323884,-0.0144352544000984
25.566914672837,0.786243591214361,0.0124255117828244,-0.0068689508842822,-0.0290772626550276,0.0247196540212246,-0.0114506590694781,0,0,0,0,0,0,0,0,0,1.10502522745923,0.035949722403049,-0.0143632712000493
25.5769173781081,0.786367536435818,0.0123568405315721,-0.0068615623351001,-0.0288305723427808,0.024605039078849,-0.0114660603920748,0,0,0,0,0,0,0,0,0,1.10538410339008,0.0358064097953035,-0.014291707561057
25.5869200833792,0.786490795130873,0.0122882438626058,-0.0068540384460758,-0.0285850292535586,0.0244902721652339,-0.011481044991841,0,0,0,0,0,0,0,0,0,1.10574154938723,0.035663810925942,-0.0142205607761978
25.5969227886502,0.786613368052322,0.0122197231301371,-0.00684637912880078,-0.0283406348866267,0.0243753574518682,-0.0114956122449498,0,0,0,0,0,0,0,0,0,1.10609757256915,0.0355219216388364,-0.0141498281618493
25.6069254939213,0.786735255966511,0.0121512796892336,-0.00683858430042179,-0.0280973906994935,0.0242602991164019,-0.0115097615432702,0,0,0,0,0,0,0,0,0,1.10645218001286,0.0353807378044637,-0.0140795070416017
25.6169281991924,0.786856459653346,0.0120829148957643,-0.00683065388366928,-0.0278552981078495,0.0241451013424894,-0.0115234922944477,0,0,0,0,0,0,0,0,0,1.10680537875421,0.0352402553202384,-0.0140095947473677
25.6269309044634,0.786976979906298,0.0120146301063427,-0.00682258780688589,-0.0276143584855082,0.024029768319631,-0.0115368039219843,0,0,0,0,0,0,0,0,0,1.10715717578815,0.0351004701100138,-0.0139400886582189
25.6369336097345,0.787096817532413,0.0119464266782711,-0.00681438600405493,-0.0273745731643478,0.0239143042430137,-0.0115496958653193,0,0,0,0,0,0,0,0,0,1.10750757806898,0.0349613781236371,-0.0138709861571104
25.6469363150056,0.787215973352314,0.0118783059694835,-0.00680604841482885,-0.0271359434342558,0.0237987133133518,-0.0115621675799097,0,0,0,0,0,0,0,0,0,1.10785659251063,0.0348229753373166,-0.0138022846342094
25.6569390202766,0.787334448200213,0.0118102693384894,-0.00679757498455769,-0.0268984705430742,0.023682999736726,-0.0115742185373104,0,0,0,0,0,0,0,0,0,1.1082042259869,0.0346852577531105,-0.0137339815113082
25.6669417255477,0.78745224292391,0.0117423181443163,-0.00678896566431759,-0.0266621556965465,0.0235671677244218,-0.011585848225255,0,0,0,0,0,0,0,0,0,1.10855048533174,0.034548221398805,-0.0136660742201857
25.6769444308187,0.787569358384805,0.0116744537464521,-0.0067802204109392,-0.0264270000582667,0.023451221492768,-0.011597056147736,0,0,0,0,0,0,0,0,0,1.10889537733949,0.0344118623278365,-0.0135985602125931
25.6869471360898,0.787685795457896,0.0116066775047877,-0.00677133918703626,-0.0261930047496295,0.0233351652629726,-0.0116078418250854,0,0,0,0,0,0,0,0,0,1.10923890876513,0.0342761766189702,-0.0135314369580363
25.6969498413609,0.787801555031787,0.011538990779559,-0.00676232196103396,-0.0259601708497825,0.02321900326096,-0.011618204794055,0,0,0,0,0,0,0,0,0,1.10958108632456,0.0341411603762661,-0.0134647019393369
25.7069525466319,0.787916638008688,0.0114713949312886,-0.00675316870719748,-0.0257284993955796,0.0231027397172056,-0.0116281446078969,0,0,0,0,0,0,0,0,0,1.10992191669484,0.0340068097288464,-0.0133983526653917
25.716955251903,0.788031045304421,0.011403891320727,-0.00674387940566044,-0.0254979913815365,0.0229863788665707,-0.0116376608364439,0,0,0,0,0,0,0,0,0,1.11026140651442,0.0338731208306068,-0.0133323866512009
25.7269579571741,0.788144777848417,0.011336481308794,-0.00673445404245336,-0.0252686477597875,0.0228699249481361,-0.0116467530661903,0,0,0,0,0,0,0,0,0,1.1105995623834,0.0337400898603828,-0.0132668014250805
25.7369606624451,0.788257836583724,0.0112691662565197,-0.00672489260953216,-0.0250404694400442,0.0227533822050353,-0.0116554209003716,0,0,0,0,0,0,0,0,0,1.1109363908638,0.0336077130215172,-0.0132015945508538
25.7469633677162,0.788370222467002,0.0112019475249847,-0.00671519510480662,-0.024813457289556,0.0226367548842862,-0.0116636639590459,0,0,0,0,0,0,0,0,0,1.11127189847978,0.0334759865415823,-0.013136763597338
25.7569660729872,0.788481936468527,0.0111348264752607,-0.00670536153216887,-0.0245876121330718,0.0225200472366229,-0.0116714818791735,0,0,0,0,0,0,0,0,0,1.11160609171787,0.0333449066725576,-0.013072306146111
25.7669687782583,0.788592979572187,0.0110678044683503,-0.00669539190152181,-0.0243629347528037,0.0224032635163259,-0.0116788743146978,0,0,0,0,0,0,0,0,0,1.11193897702725,0.033214469690397,-0.0130082198037162
25.7769714835294,0.788703352775486,0.0110008828651272,-0.00668528622880764,-0.0241394258883926,0.022286407981052,-0.0116858409366257,0,0,0,0,0,0,0,0,0,1.11227056081997,0.033084671894962,-0.0129445021783624
25.7869741888004,0.788813057089536,0.0109340630262749,-0.00667504453603632,-0.0239170862368752,0.022169484891663,-0.0116923814331079,0,0,0,0,0,0,0,0,0,1.11260084947116,0.0329555096100554,-0.0128811509109923
25.7969768940715,0.788922093539062,0.0108673463122266,-0.006664666851314,-0.0236959164526523,0.0220524985120543,-0.0116984955095194,0,0,0,0,0,0,0,0,0,1.11292984931934,0.0328269791827325,-0.0128181636580828
25.8069795993426,0.789030463162393,0.0108007340831036,-0.00665415320887155,-0.0234759171474603,0.0219354531089812,-0.0117041828885401,0,0,0,0,0,0,0,0,0,1.11325756666657,0.0326990769836793,-0.0127555380777752
25.8169823046136,0.789138167011462,0.010734227698654,-0.006643503649093,-0.0232570888903426,0.0218183529518869,-0.0117094433102351,0,0,0,0,0,0,0,0,0,1.11358400777875,0.0325717994068009,-0.0126932718609452
25.8269850098847,0.789245206151801,0.0106678285181912,-0.00663271821854402,-0.0230394322076241,0.0217012023127268,-0.0117142765321352,0,0,0,0,0,0,0,0,0,1.1139091788858,0.0324451428689782,-0.0126313626923655
25.8369877151557,0.789351581662535,0.0106015379005316,-0.0066217969700004,-0.0228229475828866,0.021584005465794,-0.0117186823293172,0,0,0,0,0,0,0,0,0,1.11423308618194,0.0323191038104337,-0.0125698082834392
25.8469904204268,0.789457294636382,0.0105353572039327,-0.00661073996247652,-0.0226076354569465,0.0214667666875436,-0.0117226604944845,0,0,0,0,0,0,0,0,0,1.11455573582588,0.0321936786938322,-0.0125086063844065
25.8569931256979,0.789562346179637,0.0104692877860304,-0.0065995472612538,-0.022393496227834,0.0213494902564157,-0.0117262108380477,0,0,0,0,0,0,0,0,0,1.11487713394107,0.0320688640044038,-0.0124477547294181
25.8669958309689,0.789666737412179,0.010403331003776,-0.00658821893790918,-0.0221805302507741,0.0212321804526576,-0.0117293331882047,0,0,0,0,0,0,0,0,0,1.11519728661591,0.0319446562501425,-0.0123872510664951
25.87699853624,0.789770469467449,0.0103374882133731,-0.00657675507034364,-0.0219687378381696,0.0211148415581461,-0.0117320273910212,0,0,0,0,0,0,0,0,0,1.11551619990398,0.0318210519613301,-0.0123270931780573
25.8870012415111,0.789873543492456,0.0102717607702148,-0.00656515574281061,-0.0217581192595853,0.020997477856208,-0.0117342933105115,0,0,0,0,0,0,0,0,0,1.11583387982428,0.0316980476903245,-0.0122672788626125
25.8970039467821,0.789975960647759,0.0102061500288191,-0.00655342104594451,-0.0215486747417349,0.0208800936314402,-0.0117361308287185,0,0,0,0,0,0,0,0,0,1.11615033236141,0.0315756400114488,-0.0122078059186698
25.9070066520532,0.790077722107462,0.0101406573427656,-0.00654155107678909,-0.0213404044684689,0.0207626931695289,-0.0117375398457946,0,0,0,0,0,0,0,0,0,1.11646556346584,0.0314538255211029,-0.0121486721538934
25.9170093573243,0.790178829059203,0.0100752840646309,-0.0065295459388261,-0.0211333085807644,0.0206452807570683,-0.0117385202800816,0,0,0,0,0,0,0,0,0,1.11677957905408,0.0313326008374685,-0.0120898754211591
25.9270120625953,0.790279282704144,0.0100100315459244,-0.00651740574200356,-0.0209273871767174,0.020527860681378,-0.0117390720681915,0,0,0,0,0,0,0,0,0,1.11709238500894,0.0312119625998994,-0.0120314135675281
25.9370147678664,0.790379084256961,0.00994490113702301,-0.00650513060276441,-0.0207226403115362,0.0204104372303199,-0.011739195165087,0,0,0,0,0,0,0,0,0,1.11740398717972,0.0310919074696479,-0.0119732844425525
25.9470174731374,0.790478234945832,0.00987989418710642,-0.00649272064407483,-0.0205190679975369,0.0202930146921144,-0.0117388895441619,0,0,0,0,0,0,0,0,0,1.11771439138241,0.0309724321290885,-0.0119154859365558
25.9570201784085,0.790576736012423,0.00981501204409158,-0.00648017599545285,-0.0203166702041408,0.0201755973551553,-0.0117381551973213,0,0,0,0,0,0,0,0,0,1.11802360339995,0.0308535332816782,-0.0118580159390391
25.9670228836796,0.790674588711876,0.00975025605456701,-0.00646749679299668,-0.0201154468578738,0.0200581895078248,-0.0117369921350624,0,0,0,0,0,0,0,0,0,1.11833162898239,0.0307352076520129,-0.0118008723608605
25.9770255889506,0.790771794312796,0.00968562756372683,-0.00645468317941336,-0.0199153978423666,0.0199407954383065,-0.0117354003865545,0,0,0,0,0,0,0,0,0,1.11863847384712,0.030617451985344,-0.0117440531159295
25.9870282942217,0.790868354097237,0.00962112791530459,-0.00644173530404703,-0.0197165229983587,0.0198234194343986,-0.0117333799997199,0,0,0,0,0,0,0,0,0,1.11894414367911,0.0305002630480002,-0.0116875561420126
25.9970309994928,0.790964269360686,0.00955675845150659,-0.00642865332290754,-0.0195188221237029,0.0197060657833258,-0.0117309310413143,0,0,0,0,0,0,0,0,0,1.11924864413104,0.0303836376264889,-0.0116313793979589
26.0070337047638,0.791059541412048,0.00949252051294525,-0.0064154373986989,-0.0193222949733715,0.0195887387715506,-0.0117280535970069,0,0,0,0,0,0,0,0,0,1.11955198082359,0.0302675725279728,-0.0115755208320765
26.0170364100349,0.791154171573628,0.00942841543857183,-0.00640208770084773,-0.0191269412594649,0.0194714426845835,-0.0117247477714611,0,0,0,0,0,0,0,0,0,1.11985415934558,0.0301520645800043,-0.0115199784270713
26.0270391153059,0.791248161181118,0.0093644445656092,-0.00638860440553175,-0.0189327606512231,0.0193541818067929,-0.011721013688415,0,0,0,0,0,0,0,0,0,1.1201551852542,0.0300371106301028,-0.0114647501795198
26.037041820577,0.791341511583574,0.00930060922948403,-0.00637498769570821,-0.0187397527750366,0.0192369604212138,-0.0117168514907617,0,0,0,0,0,0,0,0,0,1.12045506407523,0.0299227075459,-0.0114098340959853
26.0470445258481,0.791434224143403,0.0092369107637589,-0.00636123776114244,-0.0185479172144619,0.0191197828093554,-0.0117122613406297,0,0,0,0,0,0,0,0,0,1.12075380130319,0.0298088522147951,-0.0113552281763727
26.0570472311191,0.791526300236342,0.00917335050006416,-0.00634735479843624,-0.0183572535102373,0.0190026532510091,-0.0117072434194637,0,0,0,0,0,0,0,0,0,1.12105140240158,0.0296955415444322,-0.0113009304583148
26.0670499363902,0.791617741251436,0.00910992976802912,-0.00633333901105642,-0.0181677611603004,0.0188855760240542,-0.0117017979281045,0,0,0,0,0,0,0,0,0,1.12134787280306,0.0295827724614685,-0.0112469390082942
26.0770526416613,0.791708548591019,0.00904664989521359,-0.00631919060936322,-0.0179794396198097,0.0187685554042636,-0.0116959250868699,0,0,0,0,0,0,0,0,0,1.12164321790964,0.029470541912229,-0.0111932518650526
26.0870553469323,0.791798723670698,0.00898351220703847,-0.00630490981063883,-0.0177922883011649,0.0186515956651088,-0.011689625135635,0,0,0,0,0,0,0,0,0,1.12193744309291,0.0293588468626067,-0.0111398671011761
26.0970580522034,0.791888267919321,0.00892051802671662,-0.00629049683911582,-0.0176063065740323,0.0185347010775637,-0.0116828983339126,0,0,0,0,0,0,0,0,0,1.12223055369417,0.0292476842974853,-0.0110867827986818
26.1070607574744,0.791977182778964,0.00885766867518305,-0.00627595192600562,-0.0174214937653701,0.0184178759099079,-0.0116757449609336,0,0,0,0,0,0,0,0,0,1.12252255502469,0.0291370512211277,-0.0110339970656633
26.1170634627455,0.792065469704904,0.008794965471025,-0.00626127530952705,-0.0172378491594563,0.0183011244275291,-0.0116681653157276,0,0,0,0,0,0,0,0,0,1.12281345236584,0.0290269446562661,-0.010981508013543
26.1270661680166,0.792153130165594,0.00873240973041173,-0.00624646723493468,-0.0170553719979189,0.0181844508927242,-0.0116601597172034,0,0,0,0,0,0,0,0,0,1.12310325096932,0.0289173616449451,-0.0109293137454211
26.1370688732876,0.792240165642641,0.00867000276702396,-0.00623152795454745,-0.0168740614797679,0.0180678595645006,-0.011651728504229,0,0,0,0,0,0,0,0,0,1.12339195605734,0.0288082992478452,-0.0108774124165501
26.1470715785587,0.79232657763078,0.00860774589198308,-0.00621645772777698,-0.0166939167614283,0.0179513546983758,-0.0116428720357128,0,0,0,0,0,0,0,0,0,1.12367957282279,0.028699754543916,-0.010825802167757
26.1570742838298,0.792412367637846,0.00854564041378015,-0.00620125682115618,-0.0165149369567774,0.0178349405461771,-0.0116335906906831,0,0,0,0,0,0,0,0,0,1.12396610642945,0.0285917246310314,-0.010774481162062
26.1670769891008,0.79249753718475,0.00848368763820431,-0.00618592550836762,-0.016337121137182,0.017718621355839,-0.0116238848683695,0,0,0,0,0,0,0,0,0,1.12425156201215,0.0284842066248906,-0.0107234475841227
26.1770796943719,0.79258208780545,0.0084218888682714,-0.00617046407027209,-0.0161604683315378,0.0176024013712015,-0.0116137549882827,0,0,0,0,0,0,0,0,0,1.12453594467695,0.0283771976596841,-0.0106726995947394
26.187082399643,0.792666021046926,0.00836024540415178,-0.00615487279493702,-0.0159849775263125,0.0174862848318067,-0.0116032014902951,0,0,0,0,0,0,0,0,0,1.12481925950136,0.028270694887905,-0.0106222354068648
26.197085104914,0.792749338469145,0.00829875854309822,-0.00613915197766496,-0.0158106476655891,0.0173702759726943,-0.0115922248347215,0,0,0,0,0,0,0,0,0,1.12510151153449,0.0281646954794946,-0.0105720532495416
26.2070878101851,0.792832041645038,0.00823742957937334,-0.00612330192102206,-0.0156374776511118,0.0172543790241974,-0.0115808255023992,0,0,0,0,0,0,0,0,0,1.12538270579722,0.0280591966223747,-0.0105221513190783
26.2170905154561,0.792914132160465,0.00817625980417689,-0.00610732293486651,-0.0154654663423351,0.0171385982117361,-0.0115690039947686,0,0,0,0,0,0,0,0,0,1.12566284728241,0.0279541955225701,-0.0104725278406331
26.2270932207272,0.792995611614187,0.00811525050557258,-0.00609121533637706,-0.0152946125564727,0.0170229377556117,-0.0115567608339536,0,0,0,0,0,0,0,0,0,1.12594194095503,0.027849689403509,-0.0104231810892984
26.2370959259983,0.793076481617832,0.00805440296841468,-0.00607497945008152,-0.0151249150685504,0.0169074018707987,-0.0115440965628423,0,0,0,0,0,0,0,0,0,1.12621999175239,0.0277456755057238,-0.0103741093312884
26.2470986312693,0.793156743795865,0.0079937184742746,-0.00605861560788513,-0.0149563726114607,0.0167919947667376,-0.011531011745167,0,0,0,0,0,0,0,0,0,1.12649700458429,0.0276421510873277,-0.0103253108128448
26.2571013365404,0.793236399785554,0.00793319830136656,-0.00604212414909907,-0.0147889838760186,0.0166767206471247,-0.0115175069655848,0,0,0,0,0,0,0,0,0,1.12677298433316,0.0275391134239377,-0.010276783812943
26.2671040418115,0.793315451236933,0.00787284372447376,-0.00602550542046901,-0.0146227475110203,0.0165615837097038,-0.0115035828297585,0,0,0,0,0,0,0,0,0,1.1270479358543,0.0274365598080971,-0.0102285266294219
26.2771067470825,0.793393899812771,0.00781265601487366,-0.00600875977620353,-0.014457662123304,0.0164465881460549,-0.0114892399644363,0,0,0,0,0,0,0,0,0,1.12732186397599,0.0273344875494751,-0.0101805375867516
26.2871094523536,0.793471747188537,0.00775263644026319,-0.00599188757800252,-0.0142937262778125,0.0163317381413829,-0.0114744790175329,0,0,0,0,0,0,0,0,0,1.12759477349969,0.0272328939741346,-0.0101328150027441
26.2971121576246,0.793548995052359,0.0076927862646838,-0.00597488919508575,-0.0141309384976581,0.0162170378743056,-0.0114593006582095,0,0,0,0,0,0,0,0,0,1.12786666920019,0.0271317764253978,-0.0100853571652517
26.3071148628957,0.793625645104993,0.00763310674844592,-0.00595776500422132,-0.0139692972641889,0.016102491516641,-0.0114437055769543,0,0,0,0,0,0,0,0,0,1.12813755582581,0.0270311322635798,-0.0100381624425743
26.3171175681668,0.793701699059782,0.00757359914805347,-0.00594051538975414,-0.0138088010170591,0.0159881032331932,-0.0114276944856633,0,0,0,0,0,0,0,0,0,1.12840743809854,0.0269309588646455,-0.0099912292185472
26.3271202734378,0.793777158642617,0.00751426471612782,-0.00592314074363436,-0.0136494481542992,0.0158738771815378,-0.0114112681177205,0,0,0,0,0,0,0,0,0,1.12867632071419,0.0268312536212422,-0.00994455580709842
26.3371229787089,0.793852025591898,0.00745510470133174,-0.00590564146544587,-0.0134912370323899,0.015759817511807,-0.0113944272280781,0,0,0,0,0,0,0,0,0,1.12894420834259,0.0267320139430654,-0.00989814057042476
26.34712568398,0.793926301658499,0.00739612034829261,-0.00588801796243477,-0.0133341659663372,0.0156459283664735,-0.0113771725933375,0,0,0,0,0,0,0,0,0,1.12921110562774,0.0266332372555272,-0.00985198193508203
26.357128389251,0.793999988605719,0.00733731289752594,-0.00587027064953784,-0.0131782332297509,0.0155322138801327,-0.0113595050118291,0,0,0,0,0,0,0,0,0,1.12947701718796,0.0265349209998005,-0.00980607828934323
26.3671310945221,0.794073088209247,0.0072786835853581,-0.00585239994941106,-0.0130234370549232,0.015418678179286,-0.0113414253036935,0,0,0,0,0,0,0,0,0,1.12974194761605,0.0264370626335407,-0.00976042803091312
26.3771337997931,0.794145602257115,0.00722023364384909,-0.00583440629245799,-0.0128697756329125,0.0153053253821215,-0.0113229343109612,0,0,0,0,0,0,0,0,0,1.13000590147947,0.0263396596299752,-0.00971502956637393
26.3871365050642,0.79421753254966,0.00716196430071477,-0.00581629011685831,-0.0127172471136258,0.0151921595982949,-0.0113040328976335,0,0,0,0,0,0,0,0,0,1.13026888332048,0.0262427094786365,-0.00966988132671924
26.3971392103353,0.794288880899476,0.00710387677924904,-0.0057980518685963,-0.0125658496059062,0.0150791849287095,-0.0112847219497629,0,0,0,0,0,0,0,0,0,1.13053089765633,0.0261462096841406,-0.00962498177290257
26.4071419156063,0.79435964913137,0.00704597229824565,-0.0057796920014892,-0.012415581177622,0.014966405465295,-0.0112650023755334,0,0,0,0,0,0,0,0,0,1.13079194897934,0.0260501577668091,-0.00958032932870493
26.4171446208774,0.794429839082319,0.00698825207191956,-0.00576121097721585,-0.012266439855756,0.0148538252907856,-0.011244875105341,0,0,0,0,0,0,0,0,0,1.13105204175714,0.0259545512627911,-0.00953592247227931
26.4271473261485,0.794499452601422,0.00693071730982833,-0.00574260926534509,-0.0121184236265003,0.0147414484784979,-0.0112243410918743,0,0,0,0,0,0,0,0,0,1.13131118043279,0.0258593877228533,-0.00949175966679804
26.4371500314195,0.794568491549853,0.00687336921679298,-0.00572388734336418,-0.0119715304353503,0.0146292790921069,-0.0112034013101946,0,0,0,0,0,0,0,0,0,1.1315693694249,0.0257646647138896,-0.00944783936988574
26.4471527366906,0.794636957800812,0.00681620899281856,-0.00570504569670732,-0.0118257581872032,0.0145173211854224,-0.0111820567578167,0,0,0,0,0,0,0,0,0,1.13182661312787,0.0256703798175226,-0.00940416010186103
26.4571554419617,0.79470485323948,0.00675923783301471,-0.00568608481878412,-0.011681104746457,0.0144055788021635,-0.0111603084547894,0,0,0,0,0,0,0,0,0,1.13208291591192,0.025576530630248,-0.00936072035752054
26.4671581472327,0.794772179762967,0.00670245692751557,-0.0056670052110081,-0.0115375679371136,0.0142940559757332,-0.0111381574437753,0,0,0,0,0,0,0,0,0,1.13233828212337,0.0254831147638004,-0.00931751864553181
26.4771608525038,0.794838939280261,0.00664586746139968,-0.00564780738282512,-0.011395145542882,0.0141827567289915,-0.0111156047901321,0,0,0,0,0,0,0,0,0,1.13259271608467,0.0253901298445102,-0.00927455348343899
26.4871635577748,0.794905133712179,0.00658947061460935,-0.00562849185174185,-0.0112538353072854,0.014071685074028,-0.0110926515819924,0,0,0,0,0,0,0,0,0,1.13284622209463,0.0252975735137693,-0.00923182340376603
26.4971662630459,0.794970764991317,0.00653326756187014,-0.0056090591433543,-0.0111136349337703,0.0139608450119341,-0.0110692989303447,0,0,0,0,0,0,0,0,0,1.13309880442853,0.0252054434272654,-0.00918932694514024
26.507168968317,0.795035835061991,0.00647725947260953,-0.00558950979137621,-0.0109745420858171,0.0138502405325732,-0.0110455479691131,0,0,0,0,0,0,0,0,0,1.13335046733828,0.0251137372556259,-0.00914706266283291
26.517171673588,0.79510034588019,0.00642144751087577,-0.00556984433766754,-0.0108365543870544,0.0137398756143521,-0.0110213998552386,0,0,0,0,0,0,0,0,0,1.13360121505257,0.0250224526834409,-0.00910502912321162
26.5271743788591,0.795164299413519,0.0063658328352562,-0.00555006333226305,-0.0106996694213739,0.0136297542239887,-0.0109968557687589,0,0,0,0,0,0,0,0,0,1.13385105177699,0.0249315874100181,-0.00906322488654143
26.5371770841302,0.795227697641145,0.0063104165987952,-0.00553016733340063,-0.0105638847330486,0.0135198803162821,-0.0109719169128892,0,0,0,0,0,0,0,0,0,1.13409998169418,0.02484113914875,-0.00902164853605348
26.5471797894012,0.795290542553739,0.00625519994891227,-0.00551015690754988,-0.0104291978268537,0.0134102578338794,-0.0109465845141025,0,0,0,0,0,0,0,0,0,1.13434800896399,0.0247511056272876,-0.00898029864100265
26.5571824946723,0.795352836153422,0.00620018402731928,-0.00549003262944044,-0.0102956061681892,0.0133008907070434,-0.0109208598222099,0,0,0,0,0,0,0,0,0,1.13459513772362,0.0246614845876459,-0.00893917383633942
26.5671851999433,0.795414580453706,0.00614536996993784,-0.00546979508209067,-0.0101631071832042,0.013191782853418,-0.0108947441104416,0,0,0,0,0,0,0,0,0,1.13484137208775,0.0245722737847841,-0.00889827273535748
26.5771879052144,0.795475777479435,0.0060907589068163,-0.00544944485683593,-0.0100316982589252,0.0130829381777938,-0.0108682386755265,0,0,0,0,0,0,0,0,0,1.13508671614864,0.0244834709884592,-0.00885759390586449
26.5871906104855,0.795536429266729,0.00603635196204624,-0.00542898255335717,-0.00990137674338554,0.0129743605718732,-0.0108413448377737,0,0,0,0,0,0,0,0,0,1.13533117397637,0.0243950739822819,-0.00881713600034348
26.5971933157565,0.79559653786292,0.00598215025367904,-0.00540840877970937,-0.00977213994575724,0.0128660539140333,-0.0108140639411517,0,0,0,0,0,0,0,0,0,1.13557474961886,0.0243070805629666,-0.0087768976697123
26.6071960210276,0.795656105326493,0.0059281548936418,-0.00538772415234996,-0.00964398513648582,0.0127580220690893,-0.01078639735337,0,0,0,0,0,0,0,0,0,1.13581744710211,0.0242194885411131,-0.00873687755745699
26.6171987262987,0.795715133727026,0.0058743669876533,-0.00536692929616739,-0.00951690954742701,0.0126502688880566,-0.0107583464659589,0,0,0,0,0,0,0,0,0,1.13605927043025,0.0241322957405734,-0.00869707431316697
26.6272014315697,0.795773625145123,0.00582078763513943,-0.00534602484450952,-0.009390910371986,0.0125427982079119,-0.01072991269435,0,0,0,0,0,0,0,0,0,1.13630022358572,0.0240454999989628,-0.00865748658032898
26.6372041368408,0.795831581672357,0.00576741792914845,-0.00532501143921217,-0.00926598476525883,0.0124356138513541,-0.0107010974779568,0,0,0,0,0,0,0,0,0,1.13654031052942,0.023959099167271,-0.00861811304514963
26.6472068421119,0.795889005411198,0.00571425895626602,-0.00530388973062748,-0.009142129844177,0.0123287196265637,-0.0106719022802554,0,0,0,0,0,0,0,0,0,1.13677953520078,0.0238730911093961,-0.00857895241325401
26.6572095473829,0.795945898474956,0.00566131179652972,-0.00528266037765252,-0.00901934268765336,0.0122221193269619,-0.010642328588864,0,0,0,0,0,0,0,0,0,1.13701790151797,0.0237874737022225,-0.00854000335198578
26.667212252654,0.79600226298771,0.0056085775233436,-0.00526132404775763,-0.00889762033673078,0.0121158167309681,-0.0106123779156247,0,0,0,0,0,0,0,0,0,1.13725541337796,0.0237022448363085,-0.00850126456530565
26.677214957925,0.796058101084239,0.00555605720339213,-0.005239881417015,-0.00877695979473428,0.0120098156017585,-0.0105820517966827,0,0,0,0,0,0,0,0,0,1.13749207465669,0.0236174024144663,-0.00846273474996172
26.6872176631961,0.796113414909964,0.0055037518965542,-0.00521833317012708,-0.0086573580274239,0.0119041196870212,-0.0105513517925676,0,0,0,0,0,0,0,0,0,1.1377278892092,0.0235329443533264,-0.00842441261157961
26.6972203684672,0.796168206620868,0.00545166265581634,-0.00519668000045505,-0.00853881196315101,0.0117987327187128,-0.0105202794882732,0,0,0,0,0,0,0,0,0,1.13796286086975,0.0234488685815954,-0.0083862969406704
26.7072230737382,0.796222478383434,0.00539979052718643,-0.00517492261004732,-0.0084213184930175,0.0116936584128129,-0.0104888364933387,0,0,0,0,0,0,0,0,0,1.13819699345192,0.0233651730401001,-0.00834838642898895
26.7172257790093,0.796276232374573,0.00534813654960618,-0.00515306170966805,-0.0083048744710357,0.0115889004690782,-0.0104570244419284,0,0,0,0,0,0,0,0,0,1.1384302907488,0.0232818556837191,-0.00831067978548975
26.7272284842804,0.796329470781552,0.00529670175486416,-0.0051310980188255,-0.00818947671429307,0.0114844625707958,-0.0104248449929126,0,0,0,0,0,0,0,0,0,1.13866275653306,0.0231989144791072,-0.00827317579901953
26.7372311895514,0.796382195801923,0.00524548716750801,-0.00510903226580063,-0.00807512200311733,0.0113803483845361,-0.0103922998299479,0,0,0,0,0,0,0,0,0,1.13889439455709,0.0231163474053726,-0.00823587324011652
26.7472338948225,0.796434409643448,0.00519449380475654,-0.00508686518767541,-0.0079618070812455,0.0112765615599033,-0.0103593906615576,0,0,0,0,0,0,0,0,0,1.13912520855313,0.0230341524537658,-0.00819877086766819
26.7572366000935,0.796486114524028,0.00514372267641174,-0.00506459753036149,-0.0078495286559942,0.011173105729288,-0.0103261192212122,0,0,0,0,0,0,0,0,0,1.13935520223341,0.022952327628224,-0.0081618674327938
26.7672393053646,0.796537312671629,0.0050931747847701,-0.00504223004862858,-0.00773828339843366,0.0110699845076154,-0.01029248726741,0,0,0,0,0,0,0,0,0,1.13958437929023,0.0228708709449824,-0.00812516171712783
26.7772420106357,0.796588006324201,0.00504285112453396,-0.00501976350613286,-0.00762806794356363,0.0109672014920962,-0.0102584965837573,0,0,0,0,0,0,0,0,0,1.13981274339612,0.0227897804323517,-0.00808865255945072
26.7872447159067,0.79663819772961,0.00499275268272246,-0.00499719867544552,-0.00751887889049119,0.010864760261974,-0.010224148979049,0,0,0,0,0,0,0,0,0,1.14004029820395,0.0227090541297979,-0.00805233876469873
26.7972474211778,0.796687889145551,0.00494288043858228,-0.00497453633808129,-0.0074107128026128,0.0107626643782728,-0.0101894462873487,0,0,0,0,0,0,0,0,0,1.14026704734701,0.0226286900895397,-0.00801621906623738
26.8072501264489,0.79673708283948,0.00489323536349796,-0.00495177728452675,-0.00730356620779674,0.0106609173835451,-0.0101543903680699,0,0,0,0,0,0,0,0,0,1.14049299443922,0.0225486863763822,-0.00798029231616218
26.8172528317199,0.796785781088526,0.00484381842090199,-0.00492892231426902,-0.00719743559856995,0.0105595228016167,-0.0101189831060558,0,0,0,0,0,0,0,0,0,1.14071814307516,0.0224690410655087,-0.00794455737932963
26.827255536991,0.796833986179415,0.0047946305661848,-0.00490597223582401,-0.00709231743230626,0.0104584841373322,-0.0100832264116598,0,0,0,0,0,0,0,0,0,1.14094249683022,0.0223897522444333,-0.00790901304014799
26.837258242262,0.796881700408392,0.00474567274660415,-0.00488292786676506,-0.00698820813141732,0.0103578048762999,-0.0100471222208262,0,0,0,0,0,0,0,0,0,1.14116605926075,0.0223108180126575,-0.00787365817900815
26.8472609475331,0.796928926081133,0.00469694590119438,-0.00485979003375127,-0.00688510408354659,0.0102574884846349,-0.0100106724951705,0,0,0,0,0,0,0,0,0,1.1413888339041,0.0222322364800938,-0.00783849160972337
26.8572636528042,0.796975665512666,0.00464845096067558,-0.00483655957255612,-0.00678300164176607,0.010157538408702,-0.0099738792220599,0,0,0,0,0,0,0,0,0,1.1416108242788,0.022154005769974,-0.00780351216164162
26.8672663580752,0.797021921027288,0.00460018884736196,-0.00481323732809585,-0.00668189712477385,0.0100579580748584,-0.00993674441469376,0,0,0,0,0,0,0,0,0,1.14183203388468,0.0220761240156297,-0.00776871876841623
26.8772690633463,0.797067694958477,0.00455216047507061,-0.00478982415445799,-0.0065817868170969,0.00995875088919347,-0.00989927011218388,0,0,0,0,0,0,0,0,0,1.14205246620291,0.0219985893616255,-0.00773411027215584
26.8872717686174,0.797112989648812,0.00450436674902931,-0.00476632091492974,-0.00648266696929445,0.00985992023727074,-0.00986145837963518,0,0,0,0,0,0,0,0,0,1.14227212469621,0.0219213999644572,-0.00769968553272299
26.8972744738884,0.79715780744988,0.00445680856578463,-0.0047427284820265,-0.00638453379816442,0.00976146948386631,-0.00982331130822595,0,0,0,0,0,0,0,0,0,1.14249101280886,0.0218445539914981,-0.00766544344326923
26.9072771791595,0.797202150722194,0.00440948681310923,-0.00471904773752042,-0.00628738348695312,0.00966340197270845,-0.00978483101528846,0,0,0,0,0,0,0,0,0,1.14270913396692,0.0217680496213871,-0.0076313829424408
26.9172798844305,0.797246021835103,0.00436240236990929,-0.00469527957246868,-0.00619121218556698,0.00956572102621486,-0.00974601964438934,0,0,0,0,0,0,0,0,0,1.14292649157824,0.0216918850427304,-0.00759750286457896
26.9272825897016,0.797289423166701,0.00431555610613157,-0.00467142488724218,-0.0060960160107866,0.00946842994523043,-0.00970687936541,0,0,0,0,0,0,0,0,0,1.14314308903263,0.0216160584574862,-0.00756380208341681
26.9372852949727,0.797332357103741,0.00426894888266978,-0.00464748459155391,-0.00600179104648449,0.00937153200876377,-0.00966741237462696,0,0,0,0,0,0,0,0,0,1.14335892970198,0.0215405680767922,-0.00753027964024054
26.9472880002437,0.79737482604154,0.00422258155127134,-0.00462345960448735,-0.00590853334384467,0.00927503047372187,-0.00962762089479273,0,0,0,0,0,0,0,0,0,1.14357401694031,0.0214654121217862,-0.00749693443319496
26.9572907055148,0.797416832383889,0.00417645495444331,-0.00459935085452498,-0.0058162389215842,0.00917892857464564,-0.0095875071752157,0,0,0,0,0,0,0,0,0,1.14378835408393,0.0213905888256488,-0.00746376531603995
26.9672934107859,0.797458378542959,0.0041305699253583,-0.00457515927957696,-0.00572490376617987,0.0090832295234435,-0.00954707349184089,0,0,0,0,0,0,0,0,0,1.14400194445151,0.0213160964324488,-0.00743077120467388
26.9772961160569,0.79749946693921,0.00408492728776006,-0.00455088582700928,-0.00563452383209437,0.00898793650912522,-0.00950632214733051,0,0,0,0,0,0,0,0,0,1.14421479134422,0.0212419331970547,-0.00739795111985525
26.987298821328,0.797540100001292,0.00403952785586856,-0.00452653145367246,-0.00554509504200754,0.00889305269753339,-0.00946525547114398,0,0,0,0,0,0,0,0,0,1.14442689804582,0.0211680973831255,-0.00736530405626599
26.9973015265991,0.797580280165952,0.00399437243428534,-0.0045020971259299,-0.00545661328704924,0.00879858123107534,-0.00942387581961886,0,0,0,0,0,0,0,0,0,1.14463826782276,0.0210945872656415,-0.00733282887432359
27.0073042318701,0.797620009877937,0.00394946181789776,-0.00447758381968637,-0.0053690744270348,0.00870452522845373,-0.00938218557605111,0,0,0,0,0,0,0,0,0,1.14484890392429,0.0210214011310595,-0.00730052453098264
27.0173069371412,0.797659291589896,0.00390479679178386,-0.00445299252041666,-0.00528247429070441,0.00861088778439721,-0.00934018715077531,0,0,0,0,0,0,0,0,0,1.14505880958256,0.0209485372752263,-0.00726839006531035
27.0273096424122,0.797698127762281,0.00386037813111615,-0.00442832422319368,-0.00519680867596273,0.00851767196938852,-0.00929788298124539,0,0,0,0,0,0,0,0,0,1.14526798801274,0.0208759940038226,-0.00723642447920104
27.0373123476833,0.797736520863249,0.00381620660106567,-0.00440357993271732,-0.0051120733501244,0.00842488082939342,-0.00925527553211505,0,0,0,0,0,0,0,0,0,1.14547644241308,0.0208037696326628,-0.00720462668799865
27.0473150529544,0.79777447336856,0.00377228295670543,-0.00437876066334275,-0.0050282640501598,0.00833251738558784,-0.00921236729531819,0,0,0,0,0,0,0,0,0,1.14568417596506,0.0207318624891265,-0.00717299563090387
27.0573177582254,0.797811987761473,0.00372860794291375,-0.00435386743910883,-0.00494537648294413,0.00824058463408544,-0.00916916079014915,0,0,0,0,0,0,0,0,0,1.14589119183348,0.0206602709102497,-0.00714153039580715
27.0673204634965,0.797849066532651,0.00368518229427727,-0.00432890129376668,-0.00486340632551033,0.00814908554566269,-0.00912565856334343,0,0,0,0,0,0,0,0,0,1.14609749316654,0.0205889932416593,-0.00711023003564556
27.0773231687676,0.797885712180051,0.00364200673499355,-0.00430386327080817,-0.00478234922530302,0.00805802306548397,-0.00908186318915792,0,0,0,0,0,0,0,0,0,1.14630308309593,0.0205180278393376,-0.00707909349960648
27.0873258740386,0.79792192720882,0.00359908197877372,-0.00427875442349426,-0.00470220080043629,0.00796740011282641,-0.00903777726945163,0,0,0,0,0,0,0,0,0,1.14650796473698,0.0204473730699336,-0.00704811977793336
27.0973285793097,0.797957714131193,0.00355640872874427,-0.00425357581488362,-0.00462295663995513,0.00787721958080295,-0.00899340343376589,0,0,0,0,0,0,0,0,0,1.1467121411887,0.02037702730963,-0.00701730790969305
27.1073312845807,0.797993075466385,0.00351398767734932,-0.00422832851786103,-0.00454461230409645,0.00778748433608543,-0.00894874433940481,0,0,0,0,0,0,0,0,0,1.14691561553393,0.0203069889442996,-0.00698665692063714
27.1173339898518,0.798028013740482,0.0034718195062518,-0.00420301361516591,-0.0044671633245566,0.0076981972186262,-0.00890380267151575,0,0,0,0,0,0,0,0,0,1.14711839083941,0.0202372563696157,-0.00695616587868216
27.1273366951229,0.798062531486335,0.00342990488623503,-0.00417763219942069,-0.00439060520475984,0.00760936104137935,-0.00885858114316995,0,0,0,0,0,0,0,0,0,1.14732047015585,0.0201678279900975,-0.00692583385673875
27.1373394003939,0.798096631243451,0.00338824447710353,-0.00415218537315933,-0.00431493342012884,0.00752097859002075,-0.00881308249544277,0,0,0,0,0,0,0,0,0,1.14752185651809,0.0200987022199651,-0.00689565988333246
27.147342105665,0.79813031555788,0.00334683892758383,-0.00412667424885582,-0.00424014341835974,0.00743305262266766,-0.00876730949749415,0,0,0,0,0,0,0,0,0,1.14772255294513,0.0200298774831725,-0.00686564293594607
27.1573448109361,0.798163586982105,0.00330568887522498,-0.00410109994895271,-0.00416623061969965,0.00734558586959771,-0.00872126494664908,0,0,0,0,0,0,0,0,0,1.14792256244025,0.0199613522143958,-0.00683578210302448
27.1673475162071,0.798196448074931,0.00326479494629836,-0.00407546360588937,-0.00409319041722495,0.00725858103296651,-0.00867495166847812,0,0,0,0,0,0,0,0,0,1.14812188799115,0.019893124855825,-0.00680607657065959
27.1773502214782,0.798228901401369,0.003224157755698,-0.00404976636213078,-0.00402101817712575,0.00717204078652448,-0.00862837251687775,0,0,0,0,0,0,0,0,0,1.14832053256996,0.0198251938584186,-0.00677652533686221
27.1873529267493,0.798260949532525,0.00318377790683984,-0.00402400937019566,-0.0039497092389903,0.00708596777533346,-0.00858153037415104,0,0,0,0,0,0,0,0,0,1.14851849913337,0.019757557684412,-0.00674712745640877
27.1973556320203,0.798292595045483,0.00314365599156106,-0.00399819379268512,-0.00387925891609384,0.00700036461548205,-0.00853442815108763,0,0,0,0,0,0,0,0,0,1.14871579062274,0.0196902148036731,-0.00671788204235913
27.2073583372914,0.798323840523186,0.00310379259001931,-0.00397232080231119,-0.00380966249568976,0.00691523389380027,-0.00848706878704462,0,0,0,0,0,0,0,0,0,1.14891240996418,0.019623163696181,-0.00668878815302827
27.2173610425624,0.798354688554326,0.00306418827059102,-0.00394639158192523,-0.00374091523930373,0.00683057816757349,-0.00843945525002688,0,0,0,0,0,0,0,0,0,1.14910836006862,0.0195564028506425,-0.00665984491084793
27.2273637478335,0.798385141733215,0.00302484358977032,-0.0039204073245464,-0.00367301238303036,0.00674639996425536,-0.00839159053676735,0,0,0,0,0,0,0,0,0,1.14930364383193,0.0194899307645926,-0.0066310514617848
27.2373664531046,0.798415202659678,0.00298575909206671,-0.00389436923338999,-0.00360594913783366,0.00666270178118009,-0.00834347767280785,0,0,0,0,0,0,0,0,0,1.14949826413501,0.0194237459438235,-0.00660240694498051
27.2473691583756,0.79844487393892,0.00294693530990343,-0.00386827852189614,-0.00353972068984912,0.0065794860852737,-0.00829511971257909,0,0,0,0,0,0,0,0,0,1.1496922238438,0.0193578469030921,-0.00657391037359944
27.2573718636467,0.798474158181416,0.00290837276351454,-0.00384213641375819,-0.00347432220068941,0.00649675531276486,-0.00824651973948125,0,0,0,0,0,0,0,0,0,1.14988552580951,0.0192922321679325,-0.00654556086993028
27.2673745689178,0.79850305800278,0.00287007196084259,-0.00381594414295121,-0.00340974880775366,0.00641451186889492,-0.00819768086596474,0,0,0,0,0,0,0,0,0,1.1500781728686,0.0192269002706606,-0.00651735763726423
27.2773772741888,0.798531576023647,0.00283203339743552,-0.0037897029537603,-0.00334599562453794,0.00633275812762654,-0.00814860623361026,0,0,0,0,0,0,0,0,0,1.15027016784288,0.0191618497527492,-0.00648929979622526
27.2873799794599,0.798559714869544,0.00279425755634326,-0.00376341410080935,-0.00328305774094942,0.00625149643135199,-0.00809929901320933,0,0,0,0,0,0,0,0,0,1.15046151353965,0.0190970791641062,-0.00646138648574623
27.2973826847309,0.79858747717077,0.00275674490801438,-0.00373707884908922,-0.00322093022362482,0.00617072909060059,-0.00804976240484493,0,0,0,0,0,0,0,0,0,1.15065221275171,0.0190325870634305,-0.0064336168270059
27.307385390002,0.798614865562263,0.00271949591019206,-0.00371069847398634,-0.00315960811624988,0.00609045838374537,-0.00799999963797168,0,0,0,0,0,0,0,0,0,1.15084226825753,0.0189683720182112,-0.00640598994839614
27.3173880952731,0.798641882683479,0.00268251100781017,-0.00368427426131124,-0.00309908643988205,0.00601068655670895,-0.00795001397149644,0,0,0,0,0,0,0,0,0,1.15103168282125,0.0189044326045841,-0.00637850502768636
27.3273908005441,0.798668531178257,0.00264579063288863,-0.00365780750732703,-0.00303936019327736,0.00593141582266846,-0.00789980869385892,0,0,0,0,0,0,0,0,0,1.15122045919285,0.0188407674064873,-0.00635116130589472
27.3373935058152,0.798694813694693,0.00260933520442889,-0.00363129951877774,-0.00298042435321894,0.0058526483617595,-0.00784938712311164,0,0,0,0,0,0,0,0,0,1.15140860010815,0.0187773750152404,-0.00632395789698774
27.3473962110863,0.798720732885012,0.00257314512830896,-0.00360475161291685,-0.002922273874849,0.00577438632077985,-0.00779875260700079,0,0,0,0,0,0,0,0,0,1.15159610828893,0.018714254032507,-0.0062968939043901
27.3573989163573,0.798746291405428,0.00253722079717782,-0.00357816511753573,-0.00286490369200451,0.00569663181289172,-0.00774790852304667,0,0,0,0,0,0,0,0,0,1.15178298644306,0.0186514030675428,-0.00626996855913345
27.3674016216284,0.798771491916018,0.00250156259035044,-0.00355154137099228,-0.00280830871755369,0.00561938691732421,-0.00769685827862404,0,0,0,0,0,0,0,0,0,1.15196923726449,0.0185888207373953,-0.00624318108226289
27.3774043268995,0.798796337080587,0.00246617087370134,-0.00352488172223924,-0.00275248384373875,0.00554265367907329,-0.00764560531104233,0,0,0,0,0,0,0,0,0,1.1521548634334,0.0185265056669033,-0.00621653065709604
27.3874070321705,0.79882082956653,0.00243104599955903,-0.00349818753085263,-0.00269742394251798,0.00546643410860287,-0.00759415308762638,0,0,0,0,0,0,0,0,0,1.15233986761627,0.0184644564894524,-0.00619001641424376
27.3974097374416,0.798844972044701,0.00239618830659909,-0.00347146016706041,-0.00264312386591423,0.00539073018154348,-0.00754250510579709,0,0,0,0,0,0,0,0,0,1.15252425246591,0.0184026718472739,-0.00616363757807988
27.4074124427126,0.79886876718927,0.00236159811973787,-0.00344470101177074,-0.00258957844636412,0.0053155438383914,-0.00749066489315119,0,0,0,0,0,0,0,0,0,1.15270802062164,0.01834115038927,-0.00613739337963586
27.4174151479837,0.798892217677589,0.0023272757500253,-0.00341791145660066,-0.0025367824970704,0.00524087698420594,-0.00743863600754247,0,0,0,0,0,0,0,0,0,1.15289117470927,0.0182798907730558,-0.00611128307158077
27.4274178532548,0.798915326190051,0.00229322149453767,-0.00339109290390435,-0.00248473081235917,0.00516673148830666,-0.00738642203716161,0,0,0,0,0,0,0,0,0,1.15307371734122,0.0182188916624839,-0.00608530583390367
27.4374205585258,0.798938095409952,0.0022594356362703,-0.00336424676680171,-0.0024334181680381,0.00509310918396932,-0.00733402660061681,0,0,0,0,0,0,0,0,0,1.1532556511166,0.0181581517315741,-0.00605946075948828
27.4474232637969,0.798960528023346,0.00222591844402924,-0.00333737446920687,-0.0023828393217587,0.00502001186812155,-0.00728145334701447,0,0,0,0,0,0,0,0,0,1.1534369786213,0.0180976696623264,-0.00603374718034145
27.457425969068,0.798982626718904,0.00219267017232368,-0.00331047744585666,-0.00233298901338166,0.00494744130103722,-0.0072287059560395,0,0,0,0,0,0,0,0,0,1.15361770242805,0.018037444142124,-0.00600816442847057
27.467428674339,0.799004394187773,0.0021596910612572,-0.00328355714233899,-0.00228386196534422,0.00487539920602998,-0.00717578813803548,0,0,0,0,0,0,0,0,0,1.15379782509649,0.0179774738663303,-0.00598271163226699
27.4774313796101,0.799025833123427,0.00212698133641924,-0.00325661501512135,-0.00223545288303234,0.00480388726914614,-0.00712270363408559,0,0,0,0,0,0,0,0,0,1.15397734917325,0.0179177575397653,-0.00595738800167972
27.4874340848811,0.799046946221526,0.00209454120877602,-0.00322965253157941,-0.00218775645515448,0.00473290713885738,-0.00706945621609261,0,0,0,0,0,0,0,0,0,1.15415627719207,0.0178582938735979,-0.00593219287204469
27.4974367901522,0.799067736179763,0.00206237087456148,-0.00320267117002523,-0.00214076735411919,0.00466246042575131,-0.00701604968685972,0,0,0,0,0,0,0,0,0,1.15433461167378,0.017799081585945,-0.00590712540337738
27.5074394954233,0.799088205697722,0.0020304705151676,-0.00317567241973607,-0.00209448023641565,0.00459254870222276,-0.00696248788017078,0,0,0,0,0,0,0,0,0,1.15451235512647,0.0177401194047796,-0.00588218485666937
27.5174422006943,0.799108357476728,0.00199884029703448,-0.00314865778098256,-0.00204888974299697,0.00452317350216269,-0.00690877466087082,0,0,0,0,0,0,0,0,0,1.15468951004554,0.0176814060630027,-0.00585737063438906
27.5274449059654,0.799128194219694,0.00196748037154047,-0.00312162876505741,-0.00200399049966693,0.00445433632064764,-0.00685491392494625,0,0,0,0,0,0,0,0,0,1.15486607891372,0.0176229403005412,-0.00583268186603738
27.5374476112365,0.79914771863097,0.00193639087489165,-0.00309458689430367,-0.00195977711747033,0.00438603861362748,-0.00680090959960587,0,0,0,0,0,0,0,0,0,1.15504206420121,0.017564720867711,-0.00580811776045307
27.5474503165075,0.799166933416194,0.00190557192801112,-0.00306753370214331,-0.00191624419308556,0.00431828179761333,-0.00674676564336073,0,0,0,0,0,0,0,0,0,1.15521746836574,0.0175067465202663,-0.00578367774451657
27.5574530217786,0.799185841282137,0.00187502363642814,-0.00304047073310576,-0.00187338630922004,0.00425106724936315,-0.00669248604610492,0,0,0,0,0,0,0,0,0,1.1553922938526,0.0174490160199886,-0.00575936108088366
27.5674557270496,0.799204444936547,0.00184474609016671,-0.00301339954285624,-0.00183119803501011,0.00418439630556792,-0.00663807482919577,0,0,0,0,0,0,0,0,0,1.15556654309477,0.0173915281373829,-0.00573516700502411
27.5774584323207,0.799222747087995,0.00181473936363435,-0.00298632169822436,-0.00178967392642432,0.00411827026253673,-0.00658353604553453,0,0,0,0,0,0,0,0,0,1.15574021851295,0.0173342816495254,-0.00571109470413956
27.5874611375918,0.799240750445718,0.00178500351550993,-0.00295923877723247,-0.0017488085266664,0.00405269037588032,-0.00652887377964681,0,0,0,0,0,0,0,0,0,1.15591332251563,0.0172772753431816,-0.00568714358624629
27.5974638428628,0.799258457719459,0.00175553858863173,-0.00293215236912427,-0.00170859636658649,0.00398765786019504,-0.00647409214776275,0,0,0,0,0,0,0,0,0,1.15608585749923,0.0172205080072705,-0.0056633130976427
27.6074665481339,0.799275871619312,0.00172634460988521,-0.00290506407439313,-0.0016690319650918,0.0039231738887443,-0.00641919529789786,0,0,0,0,0,0,0,0,0,1.15625782584805,0.0171639784396347,-0.00563960236893946
27.617469253405,0.79929299485556,0.00169742159009,-0.00287797550481075,-0.00163010982956091,0.00385923959314127,-0.00636418740993313,0,0,0,0,0,0,0,0,0,1.15642922993446,0.0171076854465856,-0.00561601061896217
27.627471958676,0.79930983013851,0.00166876952388728,-0.00285088828345539,-0.00159182445626396,0.00379585606302898,-0.00630907269569554,0,0,0,0,0,0,0,0,0,1.15660007211884,0.0170516278415934,-0.00559253717306043
27.6374746639471,0.799326380178338,0.00164038838962616,-0.00282380404474055,-0.00155417033078281,0.00373302434576101,-0.00625385539903878,0,0,0,0,0,0,0,0,0,1.15677035474984,0.0169958044444664,-0.00556918152580124
27.6474773692181,0.799342647684919,0.00161227814925075,-0.00279672443444338,-0.00151714192843486,0.00367074544608057,-0.00619853979592339,0,0,0,0,0,0,0,0,0,1.15694008016424,0.0169402140787862,-0.0055459429958762
27.6574800744892,0.799358635367666,0.0015844387481856,-0.00276965110973309,-0.00148073371470275,0.0036090203257981,-0.00614313019449734,0,0,0,0,0,0,0,0,0,1.15710925068716,0.0168848555779906,-0.00552282082985154
27.6674827797603,0.799374345935361,0.00155687011522223,-0.0027425857391996,-0.00144494014566424,0.00354784990347005,-0.00608763093517631,0,0,0,0,0,0,0,0,0,1.15727786863203,0.0168297277807344,-0.00549981426153301
27.6774854850313,0.799389782095995,0.00152957216240449,-0.0027155300028817,-0.00140975566842635,0.00348723505407513,-0.00603204639072442,0,0,0,0,0,0,0,0,0,1.15744593630072,0.0167748295357832,-0.00547692256744659
27.6874881903024,0.799404946556588,0.00150254478491377,-0.00268848559229587,-0.00137517472156373,0.00342717660869069,-0.00597638096633447,0,0,0,0,0,0,0,0,0,1.15761345598366,0.0167201596962652,-0.00545414538530049
27.6974908955735,0.799419842023032,0.00147578786095433,-0.00266145421046451,-0.00134119173555894,0.00336767535416753,-0.0059206390997085,0,0,0,0,0,0,0,0,0,1.15778042995978,0.0166657171181939,-0.00543148200327193
27.7074936008445,0.799434471199914,0.00144930125163795,-0.00263443757194446,-0.00130780113324558,0.00330873203280432,-0.00586482526113824,0,0,0,0,0,0,0,0,0,1.15794686049659,0.0166115006689375,-0.00540893151701856
27.7174963061156,0.799448836790344,0.00142308480086833,-0.0026074374028556,-0.00127499733025799,0.00325034734202171,-0.00580894395358513,0,0,0,0,0,0,0,0,0,1.15811274985038,0.0165575092226017,-0.00538649336285189
27.7274990113867,0.799462941495787,0.00139713833522535,-0.00258045544090926,-0.00124277473547885,0.00319252193403466,-0.00575299971276162,0,0,0,0,0,0,0,0,0,1.15827810026615,0.0165037416578313,-0.00536416715240405
27.7375017166577,0.799476788015884,0.00137146166384897,-0.00255349343543649,-0.00121112775149471,0.00313525641552463,-0.00569699710721097,0,0,0,0,0,0,0,0,0,1.15844291397772,0.0164501968565012,-0.0053419519380575
27.7475044219288,0.79949037904828,0.00134605457832305,-0.00252655314741684,-0.00118005077505315,0.00307855134731053,-0.00564094073838768,0,0,0,0,0,0,0,0,0,1.15860719320776,0.0163968737162141,-0.00531984703794923
27.7575071271998,0.799503717288446,0.00132091685255815,-0.00249963634950668,-0.00114953819752261,0.00302240724402006,-0.00558483524073823,0,0,0,0,0,0,0,0,0,1.15877094016803,0.0163437711324857,-0.0052978521657965
27.7675098324709,0.799516805429505,0.00129604824267538,-0.00247274482606763,-0.00111958440535614,0.00296682457375755,-0.00552868528178147,0,0,0,0,0,0,0,0,0,1.15893415705907,0.0162908880086459,-0.00527596645220984
27.777512537742,0.799529646162048,0.00127144848688841,-0.00244588037319512,-0.00109018378055856,0.0029118037577748,-0.005472495562189,0,0,0,0,0,0,0,0,0,1.15909684607073,0.0162382232576028,-0.00525418934903602
27.787515243013,0.79954224217396,0.00124711730538655,-0.00241904479874693,-0.00106133070115694,0.00285734517013721,-0.00541627081586566,0,0,0,0,0,0,0,0,0,1.15925900938181,0.0161857757936523,-0.00523252023599575
27.7975179482841,0.799554596150235,0.00122305440021643,-0.00239223992237149,-0.00103301954167395,0.00280344913739213,-0.00536001581002967,0,0,0,0,0,0,0,0,0,1.15942064916043,0.0161335445421117,-0.0052109583391274
27.8075206535552,0.799566710772796,0.00119925945516443,-0.00236546757553637,-0.00100524467360469,0.00275011593823482,-0.00530373534529364,0,0,0,0,0,0,0,0,0,1.15958176756388,0.0160815284327602,-0.0051895031163806
27.8175233588262,0.799578588720311,0.0011757321356379,-0.00233872960155688,-0.000978000465897438,0.00269734580317435,-0.00524743425574465,0,0,0,0,0,0,0,0,0,1.15974236673887,0.0160297264017589,-0.00516815413625344
27.8275260640973,0.799590232668008,0.00115247208854674,-0.00231202785562444,-0.000951281285437811,0.0026451389141977,-0.00519111740902481,0,0,0,0,0,0,0,0,0,1.15990244882142,0.0159781373875194,-0.00514691064724683
27.8375287693683,0.799601645287492,0.00112947894218447,-0.00228536420483516,-0.000925081497533925,0.00259349540443429,-0.00513478970641151,0,0,0,0,0,0,0,0,0,1.16006201593701,0.0159267603412371,-0.00512577204780668
27.8475314746394,0.799612829246555,0.00110675230610878,-0.00225874052821815,-0.000899395466408881,0.00254241535781905,-0.00507845608289819,0,0,0,0,0,0,0,0,0,1.16022107020066,0.0158755942133577,-0.00510473798674871
27.8575341799105,0.79962378720899,0.00108429177102232,-0.0022321587167642,-0.000874217555693335,0.00249189880875412,-0.00502212150727451,0,0,0,0,0,0,0,0,0,1.16037961371685,0.0158246379621022,-0.00508380734764838
27.8675368851815,0.799634521834399,0.00106209690865277,-0.00220562067345397,-0.000849542128922937,0.00244194574177156,-0.00496579098220697,0,0,0,0,0,0,0,0,0,1.16053764857977,0.0157738905602509,-0.0050629797379727
27.8775395904526,0.799645035778009,0.0010401672716327,-0.00217912831328675,-0.000825363550039149,0.00239255609119367,-0.00490946954431932,0,0,0,0,0,0,0,0,0,1.16069517687335,0.0157233509738776,-0.00504225486492247
27.8875422957237,0.799655331690471,0.00101850239337931,-0.00215268356330877,-0.000801676183892736,0.00234372974079177,-0.00485316226427294,0,0,0,0,0,0,0,0,0,1.1608522006711,0.0156730181816201,-0.00502163209268409
27.8975450009947,0.799665412217676,0.000997101787973666,-0.00212628836264172,-0.00077847439675105,0.00229546652344717,-0.00479687424684727,0,0,0,0,0,0,0,0,0,1.16100872203651,0.0156228911622719,-0.00500111070000295
27.9075477062658,0.799675280000557,0.000975964950040174,-0.00209994466251125,-0.000755752556809791,0.00224776622080775,-0.00474061063102037,0,0,0,0,0,0,0,0,0,1.16116474302266,0.0155729689088999,-0.00498068973815167
27.9175504115369,0.799684937674891,0.000955091354624564,-0.0020736544262753,-0.000733505034705401,0.00220062856294736,-0.00468437659004938,0,0,0,0,0,0,0,0,0,1.16132026567289,0.0155232504192772,-0.0049603691849377
27.9275531168079,0.79969438787111,0.000934480457073339,-0.00204741962945283,-0.000711726204034563,0.00215405322802078,-0.00462817733155084,0,0,0,0,0,0,0,0,0,1.16147529202024,0.0154737346869147,-0.00494014832687388
27.937555822079,0.799703633214095,0.000914131692911206,-0.00202124225975198,-0.00069041044187404,0.00210803984192058,-0.0045720180975811,0,0,0,0,0,0,0,0,0,1.16162982408792,0.0154244207238591,-0.00492002663134134
27.94755852735,0.799712676322984,0.000894044477719479,-0.00199512431709886,-0.000669552129305168,0.00206258797793211,-0.00451590416471694,0,0,0,0,0,0,0,0,0,1.1617838638892,0.0153753075342766,-0.00490000360011942
27.9575612326211,0.799721519810967,0.000874218207013645,-0.00196906781366578,-0.000649145651942878,0.00201769715638722,-0.004459840844136,0,0,0,0,0,0,0,0,0,1.16193741342736,0.0153263941401808,-0.00488007832720148
27.9675639378922,0.799730166285089,0.000854652256120407,-0.00194307477389979,-0.00062918540046572,0.00197336684431887,-0.00440383348169713,0,0,0,0,0,0,0,0,0,1.1620904746961,0.0152776795638632,-0.00486025053906554
27.9775666431632,0.799738618346041,0.000835345980055316,-0.00191714723455125,-0.000609665771151569,0.00192959645511263,-0.00434788745802077,0,0,0,0,0,0,0,0,0,1.16224304967916,0.0152291628328092,-0.00484051941181663
27.9875693484343,0.799746878587965,0.000816298713398979,-0.00189128724470215,-0.000590581166415916,0.0018863853481596,-0.00429200818856955,0,0,0,0,0,0,0,0,0,1.16239514035078,0.0151808429857926,-0.00482088479177215
27.9975720537054,0.799754949598241,0.000797509770174079,-0.00186549686579473,-0.000571925995353606,0.00184373282850699,-0.00423620112372879,0,0,0,0,0,0,0,0,0,1.16254674867547,0.0151327190533735,-0.00480134623563788
28.0075747589764,0.799762833957286,0.000778978443721233,-0.0018397781716598,-0.000553694674283484,0.00180163814650776,-0.00418047174888667,0,0,0,0,0,0,0,0,0,1.16269787660807,0.0150847900831938,-0.00478190273199289
28.0175774642475,0.799770534238343,0.000760704006575019,-0.0018141332485454,-0.000535881627299339,0.00176010049747132,-0.004124825584515,0,0,0,0,0,0,0,0,0,1.16284852609402,0.0150370551260475,-0.00476255375709525
28.0275801695185,0.799778053007275,0.00074268571033987,-0.00178856419514502,-0.000518481286819056,0.00171911902131155,-0.00406926818624944,0,0,0,0,0,0,0,0,0,1.16299869906921,0.0149895132400542,-0.00474329896807159
28.0375828747896,0.799785392822353,0.000724922785564998,-0.00176307312262637,-0.000501488094143215,0.00167869280219495,-0.0040138051449699,0,0,0,0,0,0,0,0,0,1.16314839746022,0.0149421634828672,-0.00472413805811135
28.0475855800607,0.799792556234046,0.000707414441619925,-0.00173766215465955,-0.000484896500013793,0.00163882086818692,-0.00395844208688134,0,0,0,0,0,0,0,0,0,1.16329762318407,0.014895004918744,-0.0047050702837672
28.0575882853317,0.799799545784808,0.00069015986656893,-0.00171233342744583,-0.000468700965175872,0.00159950219089911,-0.00390318467359397,0,0,0,0,0,0,0,0,0,1.16344637814864,0.0148480366202109,-0.00468609497871104
28.0675909906028,0.799806364008865,0.000673158227045778,-0.00168708908974585,-0.000452895960945804,0.00156073568513378,-0.00384803860220336,0,0,0,0,0,0,0,0,0,1.1635946642524,0.0148012576648555,-0.00466721170519663
28.0775936958739,0.799813013431999,0.000656408668127918,-0.00166193130290825,-0.000437475969780138,0.00152252020852991,-0.00379300960537172,0,0,0,0,0,0,0,0,0,1.16374248338477,0.0147546671339614,-0.00464842005099918
28.0875964011449,0.79981949657133,0.00063991031321025,-0.00163686224089808,-0.000422435485848971,0.001484854561205,-0.00373810345140732,0,0,0,0,0,0,0,0,0,1.16388983742583,0.014708264113363,-0.00462971936865391
28.097599106416,0.799825815935105,0.000623662263879159,-0.00161188409032533,-0.000407769015614678,0.00144773748540049,-0.00368332594434611,0,0,0,0,0,0,0,0,0,1.16403672824672,0.0146620476972966,-0.00461110918157794
28.107601811687,0.79983197402247,0.000607663599785355,-0.00158699905047333,-0.00039347107841145,0.00141116766512155,-0.00362868292403103,0,0,0,0,0,0,0,0,0,1.1641831577094,0.0146160169811309,-0.00459258932110862
28.1176045169581,0.799837973323259,0.000591913378517522,-0.00156220933332726,-0.000379536207028519,0.00137514372578067,-0.0035741802661933,0,0,0,0,0,0,0,0,0,1.16432912766692,0.0145701710624765,-0.00457415908984818
28.1276072222292,0.799843816317766,0.000576410635474769,-0.00153751716360266,-0.000365958948300521,0.00133966423383639,-0.00351982388253215,0,0,0,0,0,0,0,0,0,1.16447463996317,0.0145245090506535,-0.0045558175357406
28.1376099275002,0.799849505476525,0.000561154383739222,-0.00151292477877381,-0.000352733863697247,0.00130472769643489,-0.00346561972079594,0,0,0,0,0,0,0,0,0,1.1646196964334,0.014479030062319,-0.00453756455170705
28.1476126327713,0.799855043260087,0.000546143613948294,-0.00148843442910233,-0.000339855529919247,0.00127033256104763,-0.0034115737648624,0,0,0,0,0,0,0,0,0,1.16476429890382,0.0144337332089352,-0.00451939954021583
28.1576153380424,0.799860432118793,0.000531377294166593,-0.00146404837766544,-0.00032731853949694,0.00123647721511014,-0.00335769203481868,0,0,0,0,0,0,0,0,0,1.1649084491919,0.0143886176191131,-0.00450132183438381
28.1676180433134,0.79986567449255,0.000516854369757715,-0.00143976890038474,-0.000315117501391293,0.00120315998565992,-0.00330398058704222,0,0,0,0,0,0,0,0,0,1.16505214910643,0.0143436824176562,-0.00448333166001923
28.1776207485845,0.799870772810598,0.000502573763255326,-0.00141559828605442,-0.000303247041602728,0.00117037913897153,-0.00325044551428115,0,0,0,0,0,0,0,0,0,1.16519540044735,0.0142989267286579,-0.00446542825037288
28.1876234538556,0.799875729491289,0.000488534374234816,-0.0013915388363698,-0.000291701803777689,0.00113813288019414,-0.00319709294573468,0,0,0,0,0,0,0,0,0,1.16533820500595,0.014254349692261,-0.0044476108409147
28.1976261591266,0.799880546941851,0.00047473507918333,-0.00136759286595585,-0.000280476449823847,0.00110641935298499,-0.00314392904713357,0,0,0,0,0,0,0,0,0,1.16548056456496,0.0142099504478538,-0.00442987864991568
28.2076288643977,0.799885227558156,0.000461174731371056,-0.00134376270239572,-0.000269565660526078,0.00107523663914474,-0.00309096002082024,0,0,0,0,0,0,0,0,0,1.16562248089844,0.0141657281512177,-0.00441223130287827
28.2176315696687,0.799889773724491,0.000447852160720894,-0.00132005068625904,-0.000258964136167522,0.00104458275825075,-0.00303819210582978,0,0,0,0,0,0,0,0,0,1.16576395577225,0.0141216819492329,-0.004394669150443
28.2276342749398,0.799894187813322,0.00043476617367879,-0.00129645917113052,-0.000248666597153502,0.00101445566728851,-0.00298563157797022,0,0,0,0,0,0,0,0,0,1.16590499094338,0.0140778109906663,-0.00437719124610193
28.2376369802109,0.799898472185055,0.000421915553083192,-0.00127299052363841,-0.000238667784639851,0.000984853260284768,-0.0029332847499027,0,0,0,0,0,0,0,0,0,1.16604558816065,0.0140341144413332,-0.00435979717929479
28.2476396854819,0.799902629187807,0.000409299058034523,-0.00124964712348286,-0.000228962461163967,0.000955773367937551,-0.0028811579712222,0,0,0,0,0,0,0,0,0,1.16618574916437,0.0139905914582141,-0.0043424862470755
28.257642390753,0.799906661157161,0.000396915423764396,-0.00122643136346462,-0.00021954541128047,0.000927213757246989,-0.00282925762853771,0,0,0,0,0,0,0,0,0,1.1663254756865,0.0139472412211869,-0.00432525757950004
28.2676450960241,0.799910570415928,0.000384763361504017,-0.00120334564951322,-0.000210411442200548,0.000899172131144292,-0.00277759014555316,0,0,0,0,0,0,0,0,0,1.16646476945093,0.0139040629046357,-0.00430811156493637
28.2776478012951,0.79991435927391,0.000372841558353251,-0.00118039240071577,-0.000201555384433283,0.00087164612812039,-0.00272616198314734,0,0,0,0,0,0,0,0,0,1.16660363217311,0.0138610556806691,-0.00429104754759747
28.2876505065662,0.799918030027653,0.000361148677148648,-0.00115757404934508,-0.000192972092434046,0.000844633321853968,-0.00267497963945481,0,0,0,0,0,0,0,0,0,1.16674206556037,0.0138182187367902,-0.00427406532331279
28.2976532118372,0.799921584960206,0.000349683356331135,-0.0011348930408885,-0.000184656445253395,0.000818131220837531,-0.00262404964994582,0,0,0,0,0,0,0,0,0,1.1668800713119,0.0137755512491923,-0.00425716399939104
28.3076559171083,0.799925026340877,0.000338444209814173,-0.00111235183407606,-0.000176603347190746,0.000792137268004173,-0.00257337858750716,0,0,0,0,0,0,0,0,0,1.16701765111856,0.0137330524232373,-0.00424034234082221
28.3176586223794,0.799928356424986,0.000327429826850821,-0.00108995290090917,-0.000168807728453929,0.000766648840353731,-0.00252297306252251,0,0,0,0,0,0,0,0,0,1.16715480666362,0.013690721459825,-0.00422360115319231
28.3276613276504,0.799931577453618,0.000316638771901058,-0.00106769872668894,-0.000161264545817719,0.000741663248575815,-0.00247283972295297,0,0,0,0,0,0,0,0,0,1.16729153962198,0.0136485575482015,-0.343755146459482
28.3376640329215,0.799934691653373,0.000306069584498213,-0.00104559181004479,-0.000153968783290825,0.00071717773667388,-0.0024229852544173,0,0,0,0,0,0,0,0,0,1.16742785166068,0.00681375862893449,-0.682243312101061
28.3476667381926,0.799937701236118,0.00029572077911616,-0.00102363466296283,-0.000146915452785307,0.000693189481589098,-0.00237341638027249,0,0,0,0,0,0,0,0,0,1.16742785166068,0,-0.340595791052955
28.3576694434636,0.799940608398736,0.000285590845034892,-0.00100182981081438,-0.000140099594787141,0.000669695592821211,-0.00232413986169405,0,0,0,0,0,0,0,0,0,1.16742785166068,0,0
28.3676721487347,0.79994341532287,0.00027567824620691,-0.000980179792384347,-0.000133516279035073,0.000646693112050633,-0.00227516249775677,0,0,0,0,0,0,0,0,0,1.16742785166068,0,0
28.3776748540058,0.799946124174672,0.00026598142112292,-0.000958687159899845,-0.000127160605199628,0.000624179012759411,-0.00222649112551512,0,0,0,0,0,0,0,0,0,1.16742785166068,0,0
28.3876775592768,0.799948737104548,0.000256498782676799,-0.000937354479058658,-0.000121027703566812,0.000602150199849313,-0.00217813262008332,0,0,0,0,0,0,0,0,0,1.16742785166068,0,0
28.3976802645479,0.799951256246897,0.000247228718031338,-0.000916184329057419,-0.000115112735726619,0.000580603509261651,-0.00213009389471611,0,0,0,0,0,0,0,0,0,1.16742785166068,0,0
28.4076829698189,0.79995368371986,0.000238169588482474,-0.000895179302620559,-0.00010941089526556,0.000559535707596602,-0.00208238190088908,0,0,0,0,0,0,0,0,0,1.16742785166068,0,0
28.41768567509,0.799956021625053,0.000229319729324322,-0.000874342006028415,-0.000103917408460635,0.0005389434917281,-0.00203500362837915,0,0,0,0,0,0,0,0,0,1.16742785166068,0,0
28.4276883803611,0.799958272047312,0.000220677449713234,-0.00085367505914581,-9.86275349792176e-05,0.000518823488421806,-0.00198796610534539,0,0,0,0,0,0,0,0,0,1.16742785166068,0,0
28.4376910856321,0.799960437054428,0.000212241032531459,-0.000833181095450542,-9.35365685824086e-05,0.000499172253950332,-0.00194127639840857,0,0,0,0,0,0,0,0,0,1.16742785166068,0,0
28.4476937909032,0.799962518696885,0.000204008734251526,-0.000812862762061978,-8.86398378327768e-05,0.000479986273709164,-0.00189494161273239,0,0,0,0,0,0,0,0,0,1.16742785166068,0,0
28.4576964961743,0.799964519007593,0.0001959787847991,-0.000792722719769185,-8.39327068034856e-05,0.000461261961828637,-0.00184896889210362,0,0,0,0,0,0,0,0,0,1.16742785166068,0,0
28.4676992014453,0.799966440001624,0.000188149387416216,-0.000772763643059745,-7.94105757951358e-05,0.000442995660789105,-0.00180336541901267,0,0,0,0,0,0,0,0,0,1.16742785166068,0,0
28.4777019067164,0.799968283675942,0.000180518718524293,-0.000752988220148087,-7.50688820523315e-05,0.000425183641032625,-0.0017581384147341,0,0,0,0,0,0,0,0,0,1.16742785166068,0,0
28.4877046119874,0.799970052009138,0.000173084927586345,-0.000733399153003999,-7.09031004881844e-05,0.000407822100574468,-0.00171329513940668,0,0,0,0,0,0,0,0,0,1.16742785166068,0,0
28.4977073172585,0.799971746961157,0.000165846136969787,-0.000713999157380981,-6.69087444095384e-05,0.000390907164613735,-0.00166884289211403,0,0,0,0,0,0,0,0,0,1.16742785166068,0,0
28.5077100225296,0.799973370473024,0.000158800441807855,-0.000694790962844852,-6.30813662474417e-05,0.000374434885145174,-0.00162478901096535,0,0,0,0,0,0,0,0,0,1.16742785166068,0,0
28.5177127278006,0.799974924466576,0.000151945909861603,-0.000675777312802261,-5.94165582909478e-05,0.000358401240565891,-0.00158114087317577,0,0,0,0,0,0,0,0,0,1.16742785166068,0,0
28.5277154330717,0.799976410844183,0.000145280581381219,-0.00065696096452895,-5.59099534265528e-05,0.000342802135285184,-0.00153790589514623,0,0,0,0,0,0,0,0,0,1.16742785166068,0,0
28.5377181383428,0.799977831488475,0.000138802468967393,-0.000638344689198388,-5.25572258792406e-05,0.000327633399331803,-0.00149509153254484,0,0,0,0,0,0,0,0,0,1.16742785166068,0,0
28.5477208436138,0.799979188262065,0.000132509557431562,-0.000619931271910316,-4.93540919578039e-05,0.000312890787961754,-0.00145270528038642,0,0,0,0,0,0,0,0,0,1.16742785166068,0,0
28.5577235488849,0.799980483007267,0.000126399803657314,-0.000601723511718997,-4.62963108067982e-05,0.000298569981262867,-0.00141075467311383,0,0,0,0,0,0,0,0,0,1.16742785166068,0,0
28.5677262541559,0.799981717545818,0.000120471136459965,-0.000583724221661853,-4.33796851581625e-05,0.000284666583760733,-0.00136924728467763,0,0,0,0,0,0,0,0,0,1.16742785166068,0,0
28.577728959427,0.799982893678599,0.00011472145644667,-0.000565936228787833,-4.06000620910563e-05,0.000271176124022327,-0.00132819072861686,0,0,0,0,0,0,0,0,0,1.16742785166068,0,0
28.5877316646981,0.799984013185346,0.000109148635876646,-0.00054836237418606,-3.79533337912796e-05,0.000258094054261997,-0.00128759265813975,0,0,0,0,0,0,0,0,0,1.16742785166068,0,0
28.5977343699691,0.799985077824374,0.000103750518519685,-0.000531005513014026,-3.54354383197419e-05,0.000245415749941058,-0.00124746076620373,0,0,0,0,0,0,0,0,0,1.16742785166068,0,0
28.6077370752402,0.799986089332283,9.85249195162782e-05,-0.000513868514526362,-3.30423603793484e-05,0.000233136509371777,-0.00120780278559593,0,0,0,0,0,0,0,0,0,1.16742785166068,0,0
28.6177397805113,0.799987049423677,9.34696252357717e-05,-0.000496954262103167,-3.07701320912956e-05,0.000221251553317919,-0.00116862648901416,0,0,0,0,0,0,0,0,0,1.16742785166068,0,0
28.6277424857823,0.799987959790871,8.85823931350491e-05,-0.000480265653278392,-2.86148337711456e-05,0.000209756024595951,-0.00112993968914645,0,0,0,0,0,0,0,0,0,1.16742785166068,0,0
28.6377451910534,0.799988822103606,8.38609516171096e-05,-0.000463805599768416,-2.65725947106443e-05,0.000198644987673098,-0.00109175023875248,0,0,0,0,0,0,0,0,0,1.16742785166068,0,0
28.6477478963245,0.799989638008754,7.93029998886405e-05,-0.00044757702750064,-2.46395939641486e-05,0.000187913428267841,-0.00105406603074304,0,0,0,0,0,0,0,0,0,1.16742785166068,0,0
28.6577506015955,0.799990409130024,7.49062078182344e-05,-0.000431582876641711,-2.28120611384941e-05,0.000177556252946234,-0.00101689499826138,0,0,0,0,0,0,0,0,0,1.16742785166068,0,0
28.6677533068666,0.799991137067673,7.06682157931779e-05,-0.000415826101626132,-2.10862771844178e-05,0.000167568288720636,-0.000980245114763162,0,0,0,0,0,0,0,0,0,1.16742785166068,0,0
28.6777560121376,0.799991823398207,6.65866345773217e-05,-0.000400309671184728,-1.94585751976117e-05,0.000157944282644673,-0.000944124394096808,0,0,0,0,0,0,0,0,0,1.16742785166068,0,0
28.6877587174087,0.799992469674083,6.26590451672654e-05,-0.000385036568373106,-1.7925341219166e-05,0.000148678901409877,-0.000908540890584498,0,0,0,0,0,0,0,0,0,1.16742785166068,0,0
28.6977614226798,0.799993077423413,5.88829986492567e-05,-0.000370009790600158,-1.64830150392037e-05,0.000139766730940232,-0.000873502699101646,0,0,0,0,0,0,0,0,0,1.16742785166068,0,0
28.7077641279508,0.799993648149662,5.52560160557089e-05,-0.000355232349656407,-1.51280910117291e-05,0.000131202275985239,-0.0008390179551587,0,0,0,0,0,0,0,0,0,1.16742785166068,0,0
28.7177668332219,0.79999418333135,5.17755882204693e-05,-0.000340707271742667,-1.38571188642855e-05,0.000122979959714136,-0.000805094834980313,0,0,0,0,0,0,0,0,0,1.16742785166068,0,0
28.727769538493,0.799994684421745,4.84391756355521e-05,-0.00032643759749844,-1.26667045172169e-05,0.000115094123307488,-0.000771741555586573,0,0,0,0,0,0,0,0,0,1.16742785166068,0,0
28.737772243764,0.79999515284856,4.52442083054561e-05,-0.000312426382030282,-1.15535109071474e-05,0.000107539025549609,-0.000738966374873043,0,0,0,0,0,0,0,0,0,1.16742785166068,0,0
28.7477749490351,0.799995590013651,4.21880856033285e-05,-0.000298676694940371,-1.05142588109897e-05,0.000100308842418631,-0.000706777591691552,0,0,0,0,0,0,0,0,0,1.16742785166068,0,0
28.7577776543061,0.799995997292703,3.92681761251304e-05,-0.000285191620355112,-9.54572767805639e-06,9.33976666761859e-05,-0.000675183545930203,0,0,0,0,0,0,0,0,0,1.16742785166068,0,0
28.7677803595772,0.799996376034929,3.64818175445092e-05,-0.000271974256953316,-8.64475646544793e-06,8.67995074571633e-05,-0.000644192618594233,0,0,0,0,0,0,0,0,0,1.16742785166068,0,0
28.7777830648483,0.799996727562754,3.38263164671865e-05,-0.000259027717994899,-7.80824447205175e-06,8.0508289857323e-05,-0.000613813231886449,0,0,0,0,0,0,0,0,0,1.16742785166068,0,0
28.7877857701193,0.799997053171505,3.12989482844153e-05,-0.000246355131349268,-7.03315218628098e-06,7.45178545221358e-05,-0.000584053849287072,0,0,0,0,0,0,0,0,0,1.16742785166068,0,0
28.7977884753904,0.799997354129103,2.88969570277076e-05,-0.000233959639523816,-6.31650213081536e-06,6.88219572314141e-05,-0.000554922975635155,0,0,0,0,0,0,0,0,0,1.16742785166068,0,0
28.8077911806615,0.79999763167574,2.66175552211118e-05,-0.000221844399692377,-5.65537971325414e-06,6.34142684880117e-05,-0.000526429157207992,0,0,0,0,0,0,0,0,0,1.16742785166068,0,0
28.8177938859325,0.799997887023569,2.44579237352535e-05,-0.000210012583723735,-5.04693408043266e-06,5.8288373099501e-05,-0.000498580981802534,0,0,0,0,0,0,0,0,0,1.16742785166068,0,0
28.8277965912036,0.799998121356386,2.24152116397383e-05,-0.000198467378210094,-4.488378981371e-06,5.34377697652706e-05,-0.000471387078815156,0,0,0,0,0,0,0,0,0,1.16742785166068,0,0
28.8377992964746,0.799998335829308,2.04865360558318e-05,-0.000187211984495382,-3.97699362553183e-06,4.88558706586827e-05,-0.000444856119322296,0,0,0,0,0,0,0,0,0,1.16742785166068,0,0
28.8478020017457,0.799998531568459,1.8668982009161e-05,-0.00017624961870409,-3.51012355406799e-06,4.45360010101403e-05,-0.000418996816161091,0,0,0,0,0,0,0,0,0,1.16742785166068,0,0
28.8578047070168,0.79999870967064,1.69596022807708e-05,-0.000165583511769299,-3.08518151062587e-06,4.04713986898687e-05,-0.000393817924009363,0,0,0,0,0,0,0,0,0,1.16742785166068,0,0
28.8678074122878,0.799998871203012,1.53554172600268e-05,-0.000155216909461612,-2.69964831575709e-06,3.66552137861138e-05,-0.000369328239466934,0,0,0,0,0,0,0,0,0,1.16742785166068,0,0
28.8778101175589,0.79999901720277,1.38534147950051e-05,-0.000145153072417179,-2.35107375143317e-06,3.30805081889783e-05,-0.000345536601134778,0,0,0,0,0,0,0,0,0,1.16742785166068,0,0
28.88781282283,0.799999148676815,1.2450550044521e-05,-0.000135395276166482,-2.03707743906545e-06,2.97402551674777e-05,-0.000322451889696884,0,0,0,0,0,0,0,0,0,1.16742785166068,0,0
28.897815528101,0.799999266601426,1.11437453283875e-05,-0.000125946811162706,-1.7553497327627e-06,2.66273389490342e-05,-0.000300083027999554,0,0,0,0,0,0,0,0,0,1.16742785166068,0,0
28.9078182333721,0.799999371921934,9.92988997833288e-06,-0.000116810982810192,-1.5036526113954e-06,2.37345542972176e-05,-0.000278438981132525,0,0,0,0,0,0,0,0,0,1.16742785166068,0,0
28.9178209386432,0.799999465552388,8.80584018812108e-06,-0.000107991111492952,-1.27982057279707e-06,2.10546060890821e-05,-0.00025752875650896,0,0,0,0,0,0,0,0,0,1.16742785166068,0,0
28.9278236439142,0.799999548375225,7.76841886364343e-06,-9.94905326031075e-05,-1.08176154042794e-06,1.85801088913298e-05,-0.000237361403946618,0,0,0,0,0,0,0,0,0,1.16742785166068,0,0
28.9378263491853,0.799999621240935,6.8144154729069e-06,-9.13125965694179e-05,-9.0745776190615e-07,1.63035865351742e-05,-0.000217946015747421,0,0,0,0,0,0,0,0,0,1.16742785166068,0,0
28.9478290544563,0.799999684967727,5.94058589478696e-06,-8.34606688855789e-05,-7.54966724525463e-07,1.42174716914554e-05,-0.000199291726778215,0,0,0,0,0,0,0,0,0,1.16742785166068,0,0
28.9578317597274,0.799999740341188,5.14365226920999e-06,-7.59381301389673e-05,-6.22422067358963e-07,1.23141054442612e-05,-0.000181407714551669,0,0,0,0,0,0,0,0,0,1.16742785166068,0,0
28.9678344649985,0.799999788113953,4.42030284502487e-06,-6.87483760389684e-05,-5.08034496443655e-07,1.05857368648014e-05,-0.000164303199306062,0,0,0,0,0,0,0,0,0,1.16742785166068,0,0
28.9778371702695,0.799999829005356,3.76719182930418e-06,-6.18948174453148e-05,-4.10092712926913e-07,9.02452258205212e-06,-0.000147987444086235,0,0,0,0,0,0,0,0,0,1.16742785166068,0,0
28.9878398755406,0.799999863701097,3.18093923527829e-06,-5.53808803968679e-05,-3.26964336605506e-07,7.62252635615798e-06,-0.00013246975482363,0,0,0,0,0,0,0,0,0,1.16742785166068,0,0
28.9978425808117,0.799999892852893,2.65813073036664e-06,-4.92100061397999e-05,-2.5709683548758e-07,6.37171864659343e-06,-0.000117759480417104,0,0,0,0,0,0,0,0,0,1.16742785166068,0,0
29.0078452860827,0.799999917078136,2.19531748466006e-06,-4.33856511562805e-05,-1.99018465402157e-07,5.26397618419092e-06,-0.000103866012813019,0,0,0,0,0,0,0,0,0,1.16742785166068,0,0
29.0178479913538,0.799999936959548,1.78901601681491e-06,-3.79112871926361e-05,-1.51339206361234e-07,4.29108153893274e-06,-9.0798787086184e-05,0,0,0,0,0,0,0,0,0,1.16742785166068,0,0
29.0278506966248,0.799999953044833,1.43570804288923e-06,-3.2790401288355e-05,-1.12751706776715e-07,3.44472268876128e-06,-7.85672815195385e-05,0,0,0,0,0,0,0,0,0,1.16742785166068,0,0
29.0378534018959,0.799999965846326,1.13184032228542e-06,-2.80264958040909e-05,-8.20322345329583e-08,2.71649258696931e-06,-6.71810176852e-05,0,0,0,0,0,0,0,0,0,1.16742785166068,0,0
29.047856107167,0.799999975840648,8.73824504490917e-07,-2.36230884502109e-05,-5.80416276707574e-08,2.09788872789288e-06,-5.66495605251321e-05,0,0,0,0,0,0,0,0,0,1.16742785166068,0,0
29.057858812438,0.799999983468347,6.58036975617615e-07,-1.9583712315447e-05,-3.97262482354499e-08,1.58031271379425e-06,-4.69825184306605e-05,0,0,0,0,0,0,0,0,0,1.16742785166068,0,0
29.0678615177091,0.799999989133551,4.8081870416411e-07,-1.59119158953309e-05,-2.61189516959082e-08,1.15506981851303e-06,-3.81895433240291e-05,0,0,0,0,0,0,0,0,0,1.16742785166068,0,0
29.0778642229802,0.799999993203607,3.38475087104106e-07,-1.26112631204552e-05,-1.63400438180084e-08,8.13368553676842e-07,-3.02803307376878e-05,0,0,0,0,0,0,0,0,0,1.16742785166068,0,0
29.0878669282512,0.79999999600873,2.2727579505194e-07,-9.68533338510744e-06,-9.59825827151484e-09,5.46320230615169e-07,-2.32646198960185e-05,0,0,0,0,0,0,0,0,0,1.16742785166068,0,0
29.0978696335223,0.799999997841642,1.43454617330951e-07,-7.13772157590964e-06,-5.1917250221134e-09,3.44938522840385e-07,-1.71521937945181e-05,0,0,0,0,0,0,0,0,0,1.16742785166068,0,0
29.1078723387933,0.79999999895721,8.3209307430443e-08,-4.97203809991841e-06,-2.50895235143211e-09,2.00139028329327e-07,-1.19528792811262e-05,0,0,0,0,0,0,0,0,0,1.16742785166068,0,0
29.1178750440644,0.799999999572091,4.27014270748538e-08,-3.19190891336562e-06,-1.02980959870713e-09,1.02738830437023e-07,-7.67654713643498e-06,0,0,0,0,0,0,0,0,0,1.16742785166068,0,0
29.1278777493355,0.799999999864364,1.80561906190646e-08,-1.80097555001267e-06,-3.26516480519956e-10,4.34560578589302e-08,-4.33311215384743e-06,0,0,0,0,0,0,0,0,0,1.16742785166068,0,0
29.1378804546065,0.799999999973166,5.36230933961823e-09,-8.02895149837118e-07,-6.46294129325042e-11,1.29094439001512e-08,-1.9325332205368e-06,0,0,0,0,0,0,0,0,0,1.16742785166068,0,0
29.1478831598776,0.799999999998328,6.7183512225677e-10,-2.0134048706608e-07,-4.04554167943161e-12,1.61788587995509e-09,-4.84813397382683e-07,0,0,0,0,0,0,0,0,0,1.16742785166068,0,0
29.1578858651487,0.800000000000009,3.78863607153335e-15,9.07477218370367e-16,1.99840144432528e-15,1.46670869893839e-15,1.76941794549634e-16,0,0,0,0,0,0,0,0,0,1.16742785166068,0,0
