t,x,vx,ax,y,vy,ay,z,vz,az,roll,wx,alphax,pitch,wy,alphay,yaw,wz,alphaz

0,0,0,0,0,0,0,0,0,0,0,0,0,0,0,0,1.16751897805973,0,0
0.0100024806347509,4.66598335791038e-12,1.86482300213524e-09,5.58754760066221e-07,1.1236377368493e-11,4.49041902291115e-09,1.34528392823635e-06,0,0,0,0,0,0,0,0,0,1.16751897805973,0,0
0.0200049612695018,7.4478655854904e-11,1.48743497532277e-08,2.22618164538188e-06,1.79299611931593e-10,3.5802844048895e-08,5.35706058669315e-06,0,0,0,0,0,0,0,0,0,1.16751897805973,0,0
0.0300074419042526,3.76153373413601e-10,5.00519665608201e-08,4.9890789886226e-06,9.052666231514e-10,1.20428807011581e-07,1.19993710590714e-05,0,0,0,0,0,0,0,0,0,1.16751897805973,0,0
0.0400099225390035,1.18600749761923e-09,1.18289372695075e-07,8.83431755300609e-06,2.85339994217202e-09,2.8450118536605e-07,2.12364610752359e-05,0,0,0,0,0,0,0,0,0,1.16751897805973,0,0
0.0500124031737544,2.88864681916513e-09,2.30347304022881e-07,1.37488403621361e-05,6.94757050671197e-09,5.53796246653724e-07,3.30327805304544e-05,0,0,0,0,0,0,0,0,0,1.16751897805973,0,0
0.0600148838085053,5.97565921092228e-09,3.96856254939969e-07,1.97196625298465e-05,1.43677008826274e-08,9.53735688258453e-07,4.73529830046367e-05,0,0,0,0,0,0,0,0,0,1.16751897805973,0,0
0.0700173644432562,1.1044315493609e-08,6.28317198601056e-07,2.67338710900452e-05,2.65462288640461e-08,1.50938867235381e-06,6.41619252815739e-05,0,0,0,0,0,0,0,0,0,1.16751897805973,0,0
0.080019845078007,1.87962774970364e-08,9.35102305448003e-07,3.47786248265584e-05,4.51645914039722e-08,2.24547385604156e-06,8.34246668681774e-05,0,0,0,0,0,0,0,0,0,1.16751897805973,0,0
0.0900223257127579,3.00363132999063e-08,1.32745566003599e-06,4.38411541029743e-05,7.21497288272622e-08,3.18636141668136e-06,0.000105106469513718,0,0,0,0,0,0,0,0,0,1.16751897805973,0,0
0.100024806347509,4.56710196311362e-08,1.8154939761577e-06,5.39087606924874e-05,1.09670609277872e-07,4.35607507241167e-06,0.000129172796729066,0,0,0,0,0,0,0,0,0,1.16751897805973,0,0
0.11002728698226,6.67075514156892e-08,2.40920731026555e-06,6.49688176077423e-05,1.60134773352273e-07,5.77829409786175e-06,0.000155589313305928,0,0,0,0,0,0,0,0,0,1.16751897805973,0,0
0.120029767617011,9.42523584478829e-08,3.11845977319191e-06,7.70087689306778e-05,2.26184898870943e-07,7.47635533505505e-06,0.00018432188483609,0,0,0,0,0,0,0,0,0,1.16751897805973,0,0
0.130032248251761,1.29509929175155e-07,3.95299024016735e-06,9.0016129642371e-05,3.10695385739827e-07,9.4732551995036e-06,0.000215336577230651,0,0,0,0,0,0,0,0,0,1.16751897805973,0,0
0.140034728886512,1.73781541575258e-07,4.92241305913691e-06,0.000103978485452881,4.16768960853666e-07,1.17916516814938e-05,0.000248599656239269,0,0,0,0,0,0,0,0,0,1.16751897805973,0,0
0.150037209521263,2.28464021109867e-07,6.03621875737438e-06,0.000118883492631094,5.47733302993101e-07,1.44538663425631e-05,0.000284077586969393,0,0,0,0,0,0,0,0,0,1.16751897805973,0,0
0.160039690156014,2.95048505737565e-07,7.3037747463946e-06,0.000134718877834565,7.07137687667445e-07,1.74818863071684e-05,0.000321737033405507,0,0,0,0,0,0,0,0,0,1.16751897805973,0,0
0.170042170790765,3.75119217969193e-07,8.73432602516379e-06,0.000151472437939365,8.98749651855034e-07,2.08973662495449e-05,0.000361544857928368,0,0,0,0,0,0,0,0,0,1.16751897805973,0,0
0.180044651425516,4.70352243948532e-07,1.03369958816079e-05,0.000169132039869921,1.12655167859304e-06,2.47216303757569e-05,0.000403468120834245,0,0,0,0,0,0,0,0,0,1.16751897805973,0,0
0.190047132060267,5.82514319541296e-07,1.21207865924189e-05,0.000187685620428866,1.39473790136864e-06,2.89756744009396e-05,0.000447474079854159,0,0,0,0,0,0,0,0,0,1.16751897805973,0,0
0.200049612695018,7.13461623415419e-07,1.40945801211593e-05,0.000207121186126875,1.70771082826354e-06,3.36801675217315e-05,0.000493530189673118,0,0,0,0,0,0,0,0,0,1.16751897805973,0,0
0.210052093329768,8.65138577095598e-07,1.62671388146643e-05,0.000227426813012517,2.07007808580352e-06,3.88554543838987e-05,0.000541604101449362,0,0,0,0,0,0,0,0,0,1.16751897805973,0,0
0.220054573964519,1.03957665197508e-06,1.86471060977425e-05,0.000248590646502093,2.48664918246519e-06,4.45215570451504e-05,0.0005916636623336,0,0,0,0,0,0,0,0,0,1.16751897805973,0,0
0.23005705459927,1.23889318326765e-06,2.12430071661742e-05,0.000270600901209484,2.96243229179166e-06,5.06981769331451e-05,0.000643676914988247,0,0,0,0,0,0,0,0,0,1.16751897805973,0,0
0.240059535234021,1.46529019088286e-06,2.40632496780075e-05,0.000293445860775993,3.50263105506908e-06,5.74046967986882e-05,0.000697612097106664,0,0,0,0,0,0,0,0,0,1.16751897805973,0,0
0.250062015868772,1.72105320720734e-06,2.71161244431536e-05,0.000317113877700189,4.11264140351596e-06,6.46601826641212e-05,0.000753437640932402,0,0,0,0,0,0,0,0,0,1.16751897805973,0,0
0.260064496503523,2.00855011177534e-06,3.04098061112783e-05,0.000341593373167751,4.79804839993716e-06,7.24833857669015e-05,0.000811122172778432,0,0,0,0,0,0,0,0,0,1.16751897805973,0,0
0.270066977138274,2.33022997281131e-06,3.39523538579933e-05,0.000366872836881314,5.56462309979447e-06,8.08927444983739e-05,0.000870634512546395,0,0,0,0,0,0,0,0,0,1.16751897805973,0,0
0.280069457773025,2.68862189562767e-06,3.77517120693442e-05,0.00039294082689031,6.41831943164558e-06,8.99063863377324e-05,0.000931943673245828,0,0,0,0,0,0,0,0,0,1.16751897805973,0,0
0.290071938407776,3.08633387786056e-06,4.18157110245973e-05,0.000419785969420814,7.36527109690359e-06,9.95421297811751e-05,0.000995018860513418,0,0,0,0,0,0,0,0,0,1.16751897805973,0,0
0.300074419042526,3.52605167152669e-06,4.61520675773242e-05,0.000447396958705389,8.41178848886861e-06,0.000109817486266248,0.00105982947213223,0,0,0,0,0,0,0,0,0,1.16751897805973,0,0
0.310076899677277,4.01053765188419e-06,5.0768385834784e-05,0.000475762556812927,9.56435563098363e-06,0.000120749662091381,0.00112634509755095,0,0,0,0,0,0,0,0,0,1.16751897805973,0,0
0.320079380312028,4.54262969308046e-06,5.56721578356044e-05,0.000504871593478494,1.08296271342665e-05,0.000132355560330616,0.00119453551740312,0,0,0,0,0,0,0,0,0,1.16751897805973,0,0
0.330081860946779,5.12524005057004e-06,6.087076422576e-05,0.000534712965933176,1.22144251738697e-05,0.000144651782743525,0.0012643707030264,0,0,0,0,0,0,0,0,0,1.16751897805973,0,0
0.34008434158153,5.76135425028535e-06,6.63714749328488e-05,0.000565275638733921,1.37257364847202e-05,0.000157654631680319,0.00133582081598176,0,0,0,0,0,0,0,0,0,1.16751897805973,0,0
0.350086822216281,6.45402998454342e-06,7.21814498386674e-05,0.000596548643593385,1.5370709376191e-05,0.000171380111982151,0.00140885620757276,0,0,0,0,0,0,0,0,0,1.16751897805973,0,0
0.360089302851032,7.20639601467151e-06,7.8307739450083e-05,0.000628521079209771,1.71566507657564e-05,0.000185843932876605,0.00148344741836479,0,0,0,0,0,0,0,0,0,1.16751897805973,0,0
0.370091783485783,8.02165108033457e-06,8.47572855682045e-05,0.000661182111096681,1.90910232315826e-05,0.000201061509868381,0.00155956517770427,0,0,0,0,0,0,0,0,0,1.16751897805973,0,0
0.380094264120533,8.90306281554764e-06,9.15369219558511e-05,0.000694520971412953,2.11814420840062e-05,0.000217047966625171,0.00163718040323795,0,0,0,0,0,0,0,0,0,1.16751897805973,0,0
0.390096744755284,9.85396667135597e-06,9.86533750033188e-05,0.000728526958792508,2.34356724558515e-05,0.000233818136858721,0.00171626420043207,0,0,0,0,0,0,0,0,0,1.16751897805973,0,0
0.400099225390035,1.0877764845166e-05,0.000106113264392446,0.000763189438174195,2.58616264115398e-05,0.000251386566201091,0.00179678786209168,0,0,0,0,0,0,0,0,0,1.16751897805973,0,0
0.410101706024786,1.19779252167103e-05,0.000113923103758974,0.000798497840631633,2.84673600749413e-05,0.000269767514076101,0.00187872286787982,0,0,0,0,0,0,0,0,0,1.16751897805973,0,0
0.420104186659537,1.31579802906288e-05,0.000122089301353212,0.000834441663203055,3.12610707759222e-05,0.000288974955565971,0.0019620408838368,0,0,0,0,0,0,0,0,0,1.16751897805973,0,0
0.430106667294288,1.44215261456502e-05,0.00013061816069899,0.000871010468721155,3.42510942155386e-05,0.000309022583273153,0.0020467137618994,0,0,0,0,0,0,0,0,0,1.16751897805973,0,0
0.440109147929039,1.5772221390356e-05,0.000139515881250922,0.000908193885642927,3.74459016498303e-05,0.000329923809177349,0.00213271353942015,0,0,0,0,0,0,0,0,0,1.16751897805973,0,0
0.45011162856379,1.72137861255102e-05,0.000148788559049956,0.000945981607879512,4.08540970921634e-05,0.000351691766487729,0.00222001243868653,0,0,0,0,0,0,0,0,0,1.16751897805973,0,0
0.46011410919854,1.87500009129373e-05,0.000158442187377228,0.000984363394626046,4.4484414534078e-05,0.000374339311490329,0.00230858286644025,0,0,0,0,0,0,0,0,0,1.16751897805973,0,0
0.470116589833291,2.03847057509326e-05,0.000168482657406216,0.00102332907019149,4.8345715184588e-05,0.000397879025390652,0.00239839741339645,0,0,0,0,0,0,0,0,0,1.16751897805973,0,0
0.480119070468042,2.21217990561867e-05,0.000178915758853182,0.0010628685238285,5.24469847278896e-05,0.000422323216151449,0.00248942885376296,0,0,0,0,0,0,0,0,0,1.16751897805973,0,0
0.490121551102793,2.39652366522075e-05,0.000189747180625928,0.00110297170956325,5.67973305994266e-05,0.000447683920325702,0.00258165014475954,0,0,0,0,0,0,0,0,0,1.16751897805973,0,0
0.500124031737544,2.59190307642231e-05,0.000200982511470832,0.00114362864602526,6.14059792802665e-05,0.000473972904884789,0.00267503442613711,0,0,0,0,0,0,0,0,0,1.16751897805973,0,0
0.510126512372295,2.7987249020548e-05,0.000212627240618198,0.00118482941627728,6.62822736097393e-05,0.000501201669041846,0.002769555019697,0,0,0,0,0,0,0,0,0,1.16751897805973,0,0
0.520128993007046,3.01740134603958e-05,0.000224686758425892,0.00122656416764512,7.14356701162894e-05,0.000529381446070316,0.00286518542881017,0,0,0,0,0,0,0,0,0,1.16751897805973,0,0
0.530131473641797,3.24834995481219e-05,0.000237166357021285,0.00126882311154749,7.68757363664941e-05,0.000558523205117695,0.00296189933793648,0,0,0,0,0,0,0,0,0,1.16751897805973,0,0
0.540133954276548,3.49199351938775e-05,0.000250071230941485,0.00131159652332581,8.26121483321998e-05,0.000588637653014462,0.0030596706121439,0,0,0,0,0,0,0,0,0,1.16751897805973,0,0
0.550136434911298,3.74875997806605e-05,0.000263406477771878,0.00135487474207413,8.86546877757282e-05,0.000619735236078206,0.00315847329662776,0,0,0,0,0,0,0,0,0,1.16751897805973,0,0
0.560138915546049,4.01908231977439e-05,0.000277177098782956,0.00139864817046891,9.50132396531036e-05,0.000651826141912942,0.00325828161623,0,0,0,0,0,0,0,0,0,1.16751897805973,0,0
0.5701413961808,4.30339848804655e-05,0.000291387999565451,0.00144290727459888,0.000101697789535255,0.000684920301203618,0.00335906997495838,0,0,0,0,0,0,0,0,0,1.16751897805973,0,0
0.580143876815551,4.6021512856363e-05,0.000306043990663763,0.00148764258379491,0.000108718421047141,0.000719027389505812,0.00346081295550576,0,0,0,0,0,0,0,0,0,1.16751897805973,0,0
0.590146357450302,4.91578827976348e-05,0.000321149788207687,0.0015328446904598,0.000116085313324757,0.000754156829030622,0.00356348531876931,0,0,0,0,0,0,0,0,0,1.16751897805973,0,0
0.600148838085053,5.24476170799131e-05,0.000336710014542437,0.00157850424989819,0.000123808738489964,0.000790317790424751,0.00366706200336975,0,0,0,0,0,0,0,0,0,1.16751897805973,0,0
0.610151318719804,5.58952838473282e-05,0.000352729198856973,0.00162461198014636,0.000131899059143109,0.000827519194545773,0.00377151812517059,0,0,0,0,0,0,0,0,0,1.16751897805973,0,0
0.620153799354555,5.95054960838513e-05,0.000369211777810617,0.00167115866180207,0.000140366725873367,0.000865769714232598,0.00387682897679739,0,0,0,0,0,0,0,0,0,1.16751897805973,0,-0.439008438092394
0.630156279989305,6.32829106908944e-05,0.000386162096157977,0.00171813513785445,0.000149222274786777,0.000905077776071131,0.00398297002715697,0,0,0,0,0,0,0,0,0,1.16751897805973,-0.00878234680102283,-0.879767144532345
0.640158760624056,6.72322275711538e-05,0.00040358440737216,0.00176553231351378,0.00015847632505191,0.00094545156215511,0.00408991692095668,0,0,0,0,0,0,0,0,0,1.16734328755213,-0.0175997076525497,-0.444268195329071
0.650161241258807,7.13581887186787e-05,0.00042148287426629,0.00181334115604139,0.000168139576463128,0.000986899011842149,0.00419764547822361,0,0,0,0,0,0,0,0,0,1.16716689658979,-0.0176699148418524,-0.00703693744905157
0.660163721893558,7.56655773151475e-05,0.000439861569613319,0.00186155269457947,0.000178222807021384,0.00102942782350496,0.00430613169382384,0,0,0,0,0,0,0,0,0,1.16698980159008,-0.0177404813136738,-0.00707296775066736
0.670166202528309,8.01592168323353e-05,0.000458724476764141,0.00191015801998093,0.00018873687053251,0.00107304545627779,0.00441535173698169,0,0,0,0,0,0,0,0,0,1.16681199894821,-0.0178114092877649,-0.0071092207690858
0.68016868316306,8.4843970140756e-05,0.000478075490263999,0.00195914828463924,0.000199692694222956,0.00111775913179799,0.00452528195079893,0,0,0,0,0,0,0,0,0,1.16663348503712,-0.0178827009998157,-0.00714569810446916
0.690171163797811,8.9724738624461e-05,0.000497918416467193,0.00200851470231827,0.000211101276372923,0.00116357583594288,0.00463589885177406,0,0,0,0,0,0,0,0,0,1.16645425620731,-0.0179543587015883,-0.00718240136636785
0.700173644432562,9.48064613019784e-05,0.000518256974150085,0.00205824854798214,0.000222973683966839,0.00121050232056167,0.00474717912932152,0,0,0,0,0,0,0,0,0,1.16627430878668,-0.0180263846609719,-0.00721933217491844
0.710176125067312,0.000100094113953375,0.000539094795122404,0.00210834115762505,0.000235321050361146,0.00125854510520271,0.00485909964529094,0,0,0,0,0,0,0,0,0,1.16609363908034,-0.0180987811621393,-0.00725649216690282
0.720178605702063,0.000105592708253424,0.000560435424836844,0.00215878392810117,0.000248154572969327,0.0013077104788358,0.00497163743348636,0,0,0,0,0,0,0,0,0,1.1659122433705,-0.0181715505057233,-0.00729388299292834
0.730181086336814,0.000111307290910863,0.000582282322996965,0.0022095683169544,0.000261485510964148,0.00135800450156984,0.0050847696991855,0,0,0,0,0,0,0,0,0,1.16573011791627,-0.0182446950089171,-0.00733150631529956
0.740183566971565,0.000117242942813723,0.000604638864163393,0.00226068584224829,0.000275325182997046,0.0014094330063655,0.005198473818659,0,0,0,0,0,0,0,0,0,1.16554725895348,-0.0183182170056079,-0.00736936381019176
0.750186047606316,0.000123404778180711,0.00062750833835831,0.00231212808239587,0.000289684964934635,0.00146200160074321,0.0053127273386896,0,0,0,0,0,0,0,0,0,1.16536366269454,-0.0183921188465208,-0.00740745716649599
0.760188528241067,0.000129797943718633,0.000650893951668253,0.00236388667598946,0.000304576287612259,0.00151571566848633,0.00542750797609147,0,0,0,0,0,0,0,0,0,1.16517932532829,-0.0184664028993292,-0.00744578808757477
0.770191008875818,0.000136427617785839,0.0006747988268452,0.00241595332163054,0.000320010634604571,0.00157058037133941,0.00554279361722937,0,0,0,0,0,0,0,0,0,1.16499424301976,-0.0185410715488337,-0.00748435829177102
0.780193489510569,0.000143299009561665,0.000699226003905965,0.00246831977775959,0.000335999540013064,0.00162660065070177,0.00565856231753793,0,0,0,0,0,0,0,0,0,1.16480841191006,-0.0186161271970831,-0.00752316950958805
0.79019597014532,0.000150417358221871,0.000724178440729879,0.00252097786248594,0.00035255458627052,0.00168378122931621,0.00577479230104088,0,0,0,0,0,0,0,0,0,1.16462182811619,-0.0186915722634969,-0.00756222348544641
0.80019845078007,0.000157787932120045,0.000749659013654783,0.00257391945341761,0.000369687401962335,0.00174212661295286,0.0058914619598703,0,0,0,0,0,0,0,0,0,1.16443448773086,-0.0187674091850208,-0.00760152198096691
0.810200931414821,0.000165416027974953,0.000775670518071305,0.00262713648749112,0.000387409659664647,0.00180164109208836,0.00600854985378584,0,0,0,0,0,0,0,0,0,1.16424638682231,-0.0188436404163154,-0.00764106676937457
0.820203412049572,0.00017330697006384,0.000802215669015444,0.00268062096080141,0.000405733073799252,0.00186232874358008,0.00612603470969395,0,0,0,0,0,0,0,0,0,1.16405752143416,-0.0189202684297998,-0.00768085963503818
0.830205892684323,0.000181466109421633,0.000829297101759451,0.00273436492843161,0.00042466939850523,0.00192419343233561,0.00624389542116717,0,0,0,0,0,0,0,0,0,1.16386788758517,-0.0189972957158308,-0.00772090238507512
0.840208373319074,0.00018989882304606,0.000856917372401004,0.00278836050428293,0.000444230425527252,0.00198723881297748,0.00636211104796331,0,0,0,0,0,0,0,0,0,1.16367748126914,-0.0190747247829789,-0.00776119683876181
0.850210853953825,0.000198610513108643,0.000885078958450685,0.00284259986090448,0.000464427982120514,0.00205146833150294,0.00648066081554474,0,0,0,0,0,0,0,0,0,1.16348629845466,-0.0191525581579952,-0.00780174482374457
0.860213334588576,0.000207606606171565,0.000913784259417753,0.00289707522932312,0.000485273928972248,0.00211688522693908,0.00659952411459757,0,0,0,0,0,0,0,0,0,1.16329433508497,-0.0192307983860124,-0.00784254818819864
0.870215815223326,0.000216892552410386,0.000943035597394215,0.00295177889887329,0.000506780158139764,0.00218349253299303,0.00671868050055095,0,0,0,0,0,0,0,0,0,1.16310158707776,-0.0193094480307543,-0.00788360879689683
0.880218295858077,0.00022647382484259,0.000972835217637197,0.00300670321702692,0.000528958591004974,0.00225129307969744,0.00683810969309627,0,0,0,0,0,0,0,0,0,1.16290805032498,-0.0193885096746582,-0.00792492852742062
0.890220776492828,0.000236355918561957,0.00100318528914961,0.00306184058922316,0.000551821176245349,0.00232028949505104,0.00695779157570643,0,0,0,0,0,0,0,0,0,1.16271372069265,-0.0194679859190089,-0.00796650927122246
0.900223257127579,0.000246544349978719,0.00103408790525912,0.00311718347869834,0.00057537988782127,0.00239048420665452,0.00707770619515504,0,0,0,0,0,0,0,0,0,1.16251859402068,-0.0195478793840822,-0.00800835293746214
0.91022573776233,0.00025704465606552,0.00106554508419541,0.00317272440631573,0.000599646722979705,0.00246187944334151,0.00719783376103568,0,0,0,0,0,0,0,0,0,1.16232266612267,-0.0196281927093554,-0.00805046145143728
0.920228218397081,0.000267862393609118,0.00109755876966573,0.00322845595039542,0.000624633700274185,0.00253447723680476,0.00731815464528115,0,0,0,0,0,0,0,0,0,1.16212593278574,-0.0197089285536198,-0.00809283675287125
0.930230699031832,0.000279003138467858,0.00113013083142878,0.00328437074654418,0.000650352857601019,0.00260827942321759,0.00743864938168271,0,0,0,0,0,0,0,0,0,1.16192838977029,-0.019790089595157,-0.00813548079752933
0.940233179666583,0.000290472484834857,0.00116326306586683,0.00334046148748526,0.000676816250251706,0.00268328764485039,0.00755929866540927,0,0,0,0,0,0,0,0,0,1.16173003280987,-0.0198716785318831,-0.0081783955578703
0.950235660301334,0.000302276044506918,0.00119695719655623,0.00339672092288827,0.000704035948981484,0.00275950335168246,0.0076800833525267,0,0,0,0,0,0,0,0,0,1.1615308576109,-0.0199536980815388,-0.00822158302244396
0.960238140936084,0.000314419446159135,0.00123121487483613,0.00345314185919901,0.000732024038093987,0.00283692780300896,0.00780098445951702,0,0,0,0,0,0,0,0,0,1.16133085985256,-0.0200361509818211,-0.00826504519473624
0.970240621570835,0.000326908334625175,0.0012660376803755,0.00350971715946931,0.000760792613541949,0.00291556206904303,0.00792198316279767,0,0,0,0,0,0,0,0,0,1.16113003518652,-0.0201190399905502,-0.00830878409657554
0.980243102205586,0.000339748370183234,0.00130142712173857,0.00356643974318688,0.000790353781043901,0.00299540703251318,0.00804306079824071,0,0,0,0,0,0,0,0,0,1.16092837923677,-0.0202023678858698,-0.00835280176865537
0.990245582840337,0.000352945227847629,0.00133738463694838,0.00362330258610517,0.000820719654216835,0.0030764633902558,0.00816419886069211,0,0,0,0,0,0,0,0,0,1.16072588759941,-0.020286137466424,-0.00839710026386919
1.00024806347509,0.000366504596666023,0.00137391159404879,0.00368029872007318,0.000851902352724763,0.0031587316548029,0.00828537900349094,0,0,0,0,0,0,0,0,0,1.16052255584245,-0.0203703515514246,-0.00844168165177903
1.01025054410984,0.000380432179022265,0.00141100929166469,0.00373742123286533,0.000883914000443137,0.00324221215596502,0.00840658303798864,0,0,0,0,0,0,0,0,0,1.16031837950558,-0.0204550129809173,-0.00848654802519348
1.02025302474459,0.000394733689944823,0.00144867895956057,0.00379466326801129,0.000916766723639077,0.00332690504240937,0.00852779293306826,0,0,0,0,0,0,0,0,0,1.1601133541,-0.0205401246159804,-0.00853170148803357
1.03025550537934,0.000409414856420792,0.00148692175919734,0.00385201802462583,0.000950472649167364,0.0034128102832331,0.00864899081466367,0,0,0,0,0,0,0,0,0,1.15990747510817,-0.0206256893387484,-0.00857714416372045
1.04025798601409,0.000424481416715472,0.00152573878428745,0.00390947875723868,0.000985043902682135,0.0034999276695318,0.00877015896527884,0,0,0,0,0,0,0,0,0,1.15970073798362,-0.0207117100527785,-0.00862287819555248
1.05026046664884,0.000439939119697479,0.00156513106134839,0.00396703877562433,0.00102049260686426,0.00358825681596319,0.00889127982350704,0,0,0,0,0,0,0,0,0,1.15949313815073,-0.020798189683082,-0.00866890574014314
1.06026294728359,0.000455793724169393,0.00160509955025434,0.00402469144463193,0.00105683087966432,0.00367779716230601,0.00901233598355011,0,0,0,0,0,0,0,0,0,1.15928467100453,-0.020885131176359,-0.00871522897584854
1.07026542791834,0.000472050998203912,0.00164564514478628,0.00408243018401509,0.00109407083256116,0.00376854797501405,0.00913331019473768,0,0,0,0,0,0,0,0,0,1.15907533191044,-0.0209725375011987,-0.00876185009756624
1.0802679085531,0.000488716718485498,0.00168676867318027,0.00414024846826174,0.00113222456883596,0.00386050834876545,0.00925418536104642,0,0,0,0,0,0,0,0,0,1.1588651162041,-0.02106041164821,-0.00880877131850303
1.09027038918785,0.0005057966696575,0.00172847089867407,0.00419813982642398,0.00117130418186179,0.00395367720800713,0.00937494454061927,0,0,0,0,0,0,0,0,0,1.1586540191911,-0.0211487566302573,-0.00885599486917005
1.1002728698226,0.00052329664367474,0.00177075252005213,0.00425609784194792,0.00121132175340856,0.00404805330849442,0.00949557094528469,0,0,0,0,0,0,0,0,0,1.15844203614681,-0.0212375754825707,-0.00890352300105799
1.11027535045735,0.000541222439161535,0.00181361417218874,0.00431411615250351,0.00125228935196339,0.00414363523882593,0.00961604794007588,0,0,0,0,0,0,0,0,0,1.15822916231611,-0.0213268712630555,-0.00895135798452119
1.1202778310921,0.000559579860775147,0.00185705642658959,0.0043721884498144,0.00129421903106628,0.0042404214219735,0.00973635904275005,0,0,0,0,0,0,0,0,0,1.15801539291319,-0.0214166470523605,-0.00899950210444576
1.13028031172685,0.000578374718574641,0.00190107979193161,0.00443030847948779,0.00133712282766103,0.0043384101168075,0.00985648792330763,0,0,0,0,0,0,0,0,0,1.15780072312131,-0.0215069059540998,-0.0090479576689153
1.1402827923616,0.000597612827395136,0.00194568471460103,0.00448847004084427,0.00138101276046147,0.0044375994196172,0.00997641840351151,0,0,0,0,0,0,0,0,0,1.15758514809256,-0.0215976510950952,-0.00909672700376698
1.15028527299635,0.000617300006227426,0.00199087157922984,0.00454666698674762,0.00142590082833281,0.00453798726562633,0.0100961344564063,0,0,0,0,0,0,0,0,0,1.15736866294764,-0.0216888856254894,-0.009145812454365
1.1602877536311,0.000637442077602961,0.00203664070923049,0.00460489322343474,0.00147179900868815,0.00463957143050394,0.0102156202058376,0,0,0,0,0,0,0,0,0,1.15715126277564,-0.0217806127190229,-0.00919521638926987
1.17029023426585,0.000658044866984164,0.00208299236732891,0.00466314271034541,0.00151871925590006,0.00474234953187031,0.0103348599259712,0,0,0,0,0,0,0,0,0,1.15693294263377,-0.0218728355732214,-0.00924494119091151
1.1802927149006,0.000679114202160079,0.00212992675609583,0.00472140945995219,0.00156667349972723,0.00484631903079816,0.0104538380408121,0,0,0,0,0,0,0,0,0,1.15671369754714,-0.0219655574094859,-0.00929498926235822
1.19029519553535,0.000700655912647315,0.00217744401847633,0.00477968753759023,0.00161567364375609,0.00495147723330902,0.0105725391237243,0,0,0,0,0,0,0,0,0,1.15649352250853,-0.0220587814734153,-0.00934536303042786
1.20029767617011,0.000722675829096287,0.00222554423831784,0.00483797106128716,0.00166573156385734,0.00505782129186474,0.0106909478969496,0,0,0,0,0,0,0,0,0,1.15627241247811,-0.0221525110349591,-0.00939606494135566
1.21030015680486,0.000745179782702723,0.00227422744089625,0.00489625420159285,0.0017168591066575,0.00516534820685428,0.0108090492311267,0,0,0,0,0,0,0,0,0,1.15605036238325,-0.0222467493886528,-0.00944709746201703
1.22030263743961,0.000768173604624429,0.00232349359344048,0.00495453118140936,0.00176906808802511,0.0052740548280756,0.010926828144811,0,0,0,0,0,0,0,0,0,1.15582736711822,-0.0223414998537959,-0.00949846307637755
1.23030511807436,0.000791663125403293,0.00237334260565525,0.00501279627582069,0.00182237029157192,0.00538393785621285,0.0110442698039933,0,0,0,0,0,0,0,0,0,1.15560342154397,-0.0224367657746156,-0.00955016429225914
1.24030759870911,0.000815654174392505,0.0024237743302422,0.00507104381192268,0.00187677746716872,0.0054949938443086,0.0111613595216195,0,0,0,0,0,0,0,0,0,1.15537852048789,-0.02253255052058,-0.00960220363978927
1.25031007934386,0.000840152579188985,0.00247478856341923,0.00512926816865285,0.00193230132947589,0.00560721919923145,0.0112780827571094,0,0,0,0,0,0,0,0,0,1.15515265874351,-0.0226288574865314,-0.00965458366840364
1.26031255997861,0.000865164165070998,0.00252638504543828,0.00518746377662021,0.00198895355648865,0.00572061018313863,0.0113944251158762,0,0,0,0,0,0,0,0,0,1.1549258310703,-0.0227256900929395,-0.00970730694917521
1.27031504061336,0.000890694754440933,0.00257856346110125,0.00524562511793513,0.00204674578809684,0.00583516291493396,0.0115103723488456,0,0,0,0,0,0,0,0,0,1.15469803219338,-0.0228230517860808,-0.00976037607492896
1.28031752124811,0.000916750166273245,0.00263132344027432,0.00530374672603921,0.00210568962465934,0.00595087337172091,0.0116259103519754,0,0,0,0,0,0,0,0,0,1.15446925680326,-0.0229209460382943,-0.00981379366057031
1.29032000188286,0.000943336215567519,0.00268466455840055,0.00536182318553505,0.00216579662559293,0.00606773739025088,0.0117410251657741,0,0,0,0,0,0,0,0,0,1.15423949955562,-0.0230193763481674,-0.0098675623415329
1.30032248251761,0.000970458712806669,0.00273858633701073,0.00541984913201617,0.00222707830797568,0.00618575066836665,0.0118557029748207,0,0,0,0,0,0,0,0,0,1.15400875507097,-0.023118346240761,-0.00992168477999728
1.31032496315237,0.000998123463420219,0.00279308824423262,0.00547781925189681,0.00228954614516468,0.00630490876644105,0.0119699301072836,0,0,0,0,0,0,0,0,0,1.15377701793446,-0.0232178592679195,-0.00997616365689414
1.32032744378712,0.00102633626725269,0.00284816969529835,0.00553572828224179,0.00235321156542819,0.00642520710881079,0.0120836930344403,0,0,0,0,0,0,0,0,0,1.15354428269556,-0.0233179190083354,-0.0100310016731274
1.33032992442187,0.00105510291803704,0.0029038300530503,0.00559357101059634,0.00241808595059213,0.00654664098520553,0.0121969783701958,0,0,0,0,0,0,0,0,0,1.15331054386781,-0.0234185290678847,-0.010086201559123
1.34033240505662,0.00108442920287315,0.00296006862844509,0.00565134227481598,0.00248418063470072,0.00666920555217207,0.0123097728706029,0,0,0,0,0,0,0,0,0,1.15307579592856,-0.023519693079882,-0.010141766064056
1.35033488569137,0.00111432090171136,0.00301688468105602,0.00570903696289632,0.00255150690269151,0.00679289583449382,0.0124220634333804,0,0,0,0,0,0,0,0,0,1.15284003331868,-0.0236214147052005,-0.0101976979609583
1.36033736632612,0.00114478378684103,0.0030742774195737,0.00576665001280291,0.00262007598908444,0.00691770672660534,0.0125338370974332,0,0,0,0,0,0,0,0,0,1.15260325044226,-0.0237236976326291,-0.0102540000479476
1.37033984696087,0.00117582362238405,0.00313224600230506,0.00582417641230112,0.00268989907668509,0.00704363299400223,0.012645081042371,0,0,0,0,0,0,0,0,0,1.15236544166637,-0.0238265455790172,-0.0103106751441078
1.38034232759562,0.00120744616379338,0.00319078953767057,0.00588161119878595,0.00276098729530206,0.00717066927464606,0.0127557825880277,0,0,0,0,0,0,0,0,0,1.15212660132076,-0.0239299622895494,-0.0103677260951532
1.39034480823037,0.00123965715735656,0.00324990708469988,0.00593894945911189,0.00283335172047821,0.00729881008036455,0.0128659291939807,0,0,0,0,0,0,0,0,0,1.15188672369758,-0.0240339515380035,-0.0104251557702217
1.40034728886512,0.00127246233970413,0.00330959765352562,0.00599618632942276,0.00290700337223612,0.00742804979824703,0.0129755084590701,0,0,0,0,0,0,0,0,0,1.15164580305109,-0.0241385171269612,-0.0104829670605254
1.41034976949987,0.00130586743732301,0.0033698602058756,0.00605331699498153,0.00298195321383724,0.00755838269203491,0.0130845081209179,0,0,0,0,0,0,0,0,0,1.15140383359736,-0.0242436628880388,-0.0105411628839075
1.42035225013462,0.00133987816607477,0.00343069365556326,0.00611033669000022,0.00305821215055511,0.00768980290350748,0.0131929160554473,0,0,0,0,0,0,0,0,0,1.15116080951398,-0.0243493926821893,-0.0105997461849639
1.43035473076938,0.00137450023071884,0.00349209686897644,0.00616724069746969,0.00313579102846234,0.00782230445386287,0.0133007202764018,0,0,0,0,0,0,0,0,0,1.15091672493981,-0.0244557103999355,-0.010658719929809
1.44035721140413,0.00140973932444055,0.00355406866556443,0.00622402434898951,0.00321470063323133,0.00795588124509419,0.0134079089348647,0,0,0,0,0,0,0,0,0,1.15067157397462,-0.0245626199615676,-0.0107180871117433
1.45035969203888,0.00144560112838408,0.00361660781832334,0.0062806830245978,0.00329495168894888,0.00809052706136085,0.0135144703187781,0,0,0,0,0,0,0,0,0,1.1504253506788,-0.0246701253174891,-0.0107778507491573
1.46036217267363,0.00148209131119022,0.00367971305427972,0.00633721215260106,0.00337655485694431,0.00822623557035506,0.0136203928524622,0,0,0,0,0,0,0,0,0,1.15017804907313,-0.0247782304483729,-0.0108380138847324
1.47036465330838,0.00151921552853894,0.00374338305497255,0.00639360720940405,0.00345952073463137,0.00836300032466362,0.0137256650961346,0,0,0,0,0,0,0,0,0,1.14992966313836,-0.0248869393654915,-0.0108985795888906
1.48036713394313,0.00155697942269689,0.00380761645693349,0.00644986371933959,0.00354385985436367,0.00850081476312474,0.0138302757454295,0,0,0,0,0,0,0,0,0,1.149680186815,-0.0249962561109413,-0.010959550958255
1.49036961457788,0.00159538862206952,0.0038724118521654,0.00650597725449844,0.00362958268230366,0.0086396722121802,0.013934213630917,0,0,0,0,0,0,0,0,0,1.14942961400298,-0.0251061847579425,-0.0110209311176221
1.50037209521263,0.0016344487407581,0.00393776778861921,0.00656194343455912,0.00371669961730517,0.00877956588722262,0.0140374677176221,0,0,0,0,0,0,0,0,0,1.14917793856129,-0.0252167294111031,-0.0110827232134265
1.51037457584738,0.00167416537812151,0.00400368277066907,0.00661775792661776,0.00380522098980934,0.00892048889393791,0.0141400271045442,0,0,0,0,0,0,0,0,0,1.14892515430776,-0.0253278942065877,-0.0111449304210791
1.52037705648213,0.00171454411834266,0.00407015525958574,0.00667341644501796,0.00389515706075396,0.00906243422964298,0.0142418810241765,0,0,0,0,0,0,0,0,0,1.14867125501865,-0.0254396833125281,-0.0112075559474918
1.53037953711688,0.00175559052999977,0.00413718367400843,0.0067289147511806,0.0039865180204962,0.0092053947846186,0.0143430188420246,0,0,0,0,0,0,0,0,0,1.14841623442839,-0.0255521009292431,-0.0112706030212137
1.54038201775164,0.00179731016564227,0.00420476639041472,0.00678424865343373,0.00407931398774864,0.00934936334343744,0.0144434300561264,0,0,0,0,0,0,0,0,0,1.14816008622921,-0.0256651512894514,-0.0113340749008825
1.55038449838639,0.00183970856137142,0.00427290174358901,0.00683941400684237,0.0041735550085285,0.0094943325862873,0.0145431042965711,0,0,0,0,0,0,0,0,0,1.14790280407087,-0.0257788386586608,-0.011397974873861
1.56038697902114,0.00188279123642565,0.00434158802708907,0.00689440671303837,0.00426925105512021,0.00964029509028959,0.0146420313250181,0,0,0,0,0,0,0,0,0,1.14764438156027,-0.0258931673353538,-0.0114623062541423
1.57038945965589,0.00192656369277046,0.00441082349371101,0.00694922272005029,0.00436641202505096,0.0097872433308129,0.0147402010342169,0,0,0,0,0,0,0,0,0,1.14738481226118,-0.0260081416513341,-0.0115270723869201
1.58039194029064,0.00197103141469307,0.00448060635595251,0.00700385802213316,0.00446504774007959,0.00993516968278188,0.0148376034475259,0,0,0,0,0,0,0,0,0,1.14712408969384,-0.0261237659720049,-0.011592276641117
1.59039442092539,0.00201619986840161,0.00455093478647435,0.00705830865959842,0.00456516794519831,0.0100840664219812,0.0149342287184316,0,0,0,0,0,0,0,0,0,1.14686220733469,-0.026240044696565,-0.0116579224172802
1.60039690156014,0.00206207450162897,0.00462180691856022,0.00711257071864369,0.00466678230764764,0.0102339257263548,0.0150300671300682,0,0,0,0,0,0,0,0,0,1.14659915861598,-0.0263569822584454,-0.0117240131488235
1.61039938219489,0.00210866074324122,0.00469322084657487,0.00716664033118266,0.0047699004159442,0.0103847396773001,0.0151251090947363,0,0,0,0,0,0,0,0,0,1.14633493692543,-0.0264745831255304,-0.0117905522928879
1.62040186282964,0.00215596400285063,0.00476517462642049,0.0072205136746749,0.00487453177892145,0.010536500260958,0.0152193451534228,0,0,0,0,0,0,0,0,0,1.14606953560593,-0.0265928518004107,-0.0118575433387939
1.63040434346439,0.00220398967043319,0.0048376662759915,0.00727418697195575,0.00498068582478338,0.0106891993694973,0.0153127659753195,0,0,0,0,0,0,0,0,0,1.14580294795512,-0.0267117928207744,-0.0119249898076206
1.64040682409914,0.00225274311595071,0.00491069377562751,0.0073276564910661,0.00508837190017085,0.0108428288023945,0.0154053623573428,0,0,0,0,0,0,0,0,0,1.14553516722511,-0.0268314107596513,-0.0119928952475016
1.6504093047339,0.00230222968897746,0.00498425506856464,0.00738091854508229,0.00519759926924093,0.0109973802677095,0.0154971252236527,0,0,0,0,0,0,0,0,0,1.14526618662207,-0.0269517102257098,-0.0120612632381947
1.66041178536865,0.00235245471833128,0.00505834806138519,0.00743396949194594,0.00530837711275882,0.0111528453833557,0.0155880456251721,0,0,0,0,0,0,0,0,0,1.1449959993059,-0.0270726958635927,-0.0121300973939929
1.6704142660034,0.00240342351170919,0.00513297062446548,0.00748680573429376,0.00542071452720246,0.0113092156783651,0.0156781147391061,0,0,0,0,0,0,0,0,0,1.14472459838986,-0.027194372354272,-0.0121994013551317
1.68041674663815,0.00245514135532748,0.0052081205924221,0.00753942371928744,0.00553462052387987,0.01146648259415,0.0157673238684611,0,0,0,0,0,0,0,0,0,1.1444519769402,-0.0273167444152132,-0.012269178793472
1.6904192272729,0.00250761351356624,0.00528379576455644,0.00759181993844348,0.00565010402805897,0.0116246374857578,0.0158556644415643,0,0,0,0,0,0,0,0,0,1.14417812797582,-0.027439816800844,-0.0123394334181845
1.70042170790765,0.00256084522861834,0.00535999390529745,0.00764399092746302,0.00576717387811,0.0117836716231231,0.0159431280115825,0,0,0,0,0,0,0,0,0,1.14390304446786,-0.0275635943028316,-0.0124101689660455
1.7104241885424,0.00261484172014283,0.00543671274464276,0.00769593326606168,0.00588583882466041,0.0119435761923132,0.0160297062560418,0,0,0,0,0,0,0,0,0,1.14362671933934,-0.0276880817503577,-0.0124813892065664
1.72042666917715,0.00266960818492274,0.0055139499785981,0.00774764357779945,0.00600610752976222,0.0121043422967703,0.0161153909763465,0,0,0,0,0,0,0,0,0,1.14334914546481,-0.0278132840104985,-0.0125530979415768
1.7304291498119,0.00272514979652726,0.005591703269615,0.00779911852991048,0.0061279885660717,0.0122659609585476,0.0162001740972987,0,0,0,0,0,0,0,0,0,1.14307031566994,-0.0279392059884912,-0.0126252990071683
1.74043163044665,0.0027814717049783,0.00566997024702677,0.00785035483313294,0.00625149041604148,0.0124284231195415,0.0162840476666171,0,0,0,0,0,0,0,0,0,1.14279022273111,-0.0280658526281528,-0.012697996272167
1.7504341110814,0.00283857903642142,0.0057487485074828,0.00790134924153887,0.00637662147112493,0.0125917196427186,0.0163670038544565,0,0,0,0,0,0,0,0,0,1.14250885937511,-0.0281932289121162,-0.0127711936393844
1.76043659171615,0.00289647689280103,0.00582803561538118,0.00795209855236405,0.00650339003099276,0.012755841313338,0.0164490349529271,0,0,0,0,0,0,0,0,0,1.14222621827867,-0.028321339862274,-0.0128448950458914
1.77043907235091,0.00295517035154,0.00590782910329956,0.00800259960583779,0.00663180430276185,0.0129207788401686,0.0165301333756135,0,0,0,0,0,0,0,0,0,1.14194229206807,-0.02845019054002,-0.0129191044592742
1.78044155298566,0.00301466446522349,0.00598812647242437,0.00805284928501281,0.00676187240023624,0.013086522856702,0.0166102916570943,0,0,0,0,0,0,0,0,0,1.1416570733188,-0.0285797860466184,-0.0129938258855452
1.79044403362041,0.00307496426128711,0.00606892519297828,0.00810284451559506,0.0068936023431602,0.0132530639223601,0.0166895024524608,0,0,0,0,0,0,0,0,0,1.14137055455512,-0.028710131523603,-0.0130690633649746
1.80044651425516,0.00313607474170935,0.00615022270464602,0.00815258226577362,0.00702700205648338,0.0134203925236981,0.0167677585368368,0,0,0,0,0,0,0,0,0,1.14108272824963,-0.0288412321530634,-0.013144820971676
1.81044899488991,0.00319800088270824,0.00623201641699844,0.00820205954605045,0.00716207936963795,0.0135884990756029,0.0168450528048976,0,0,0,0,0,0,0,0,0,1.14079358682293,-0.0289730931580359,-0.0132211028159721
1.82045147552466,0.00326074763444224,0.00631430370991491,0.00825127340907034,0.00729884201582773,0.0137573739224866,0.0169213782703889,0,0,0,0,0,0,0,0,0,1.14050312264315,-0.029105719802837,-0.013297913042442
1.83045395615941,0.00332431992071535,0.00639708193400397,0.00830022094945065,0.00743729763132918,0.0139270073394747,0.0169967280656468,0,0,0,0,0,0,0,0,0,1.14021132802555,-0.0292391173934152,-0.0133752558345016
1.84045643679416,0.00338872263868647,0.00648034841102236,0.00834889930361125,0.00757745375480433,0.0140973895335901,0.0170710954411165,0,0,0,0,0,0,0,0,0,1.13991819523214,-0.0293732912777759,-0.0134531354112229
1.85045891742891,0.00345396065858284,0.00656410043429227,0.0083973056496043,0.00771931782662546,0.0142685106449323,0.0171444737648714,0,0,0,0,0,0,0,0,0,1.13962371647118,-0.02950824684627,-0.0135315560264864
1.86046139806366,0.00352003882341775,0.00664833526911689,0.00844543720694411,0.00786289718821156,0.0144403607478512,0.0172168565221328,0,0,0,0,0,0,0,0,0,1.13932788389685,-0.0296439895320018,-0.0136105219719008
1.87046387869841,0.00358696194871232,0.00673305015319432,0.00849329123643698,0.00800819908137658,0.0146129298521167,0.017288237314789,0,0,0,0,0,0,0,0,0,1.13903068960872,-0.0297805248111756,-0.0136900375763968
1.88046635933317,0.00365473482222148,0.00681824229702975,0.00854086504001108,0.00815523064768924,0.0147862079040832,0.0173586098609143,0,0,0,0,0,0,0,0,0,1.13873212565141,-0.0299178582034957,-0.0137701072103703
1.89046883996792,0.00372336220366399,0.00690390888434588,0.00858815596054624,0.00830399892784453,0.0149601847878492,0.0174279679942884,0,0,0,0,0,0,0,0,0,1.13843218401409,-0.030055995272596,-0.013850735277506
1.90047132060267,0.0037928488244566,0.00699004707249174,0.00863516138170383,0.00845451086104684,0.0151348503264126,0.0174963056639159,0,0,0,0,0,0,0,0,0,1.13813085663007,-0.0301949416262763,-0.0139319262199221
1.91047380123742,0.00386319938745231,0.00707665399284971,0.00868187872775659,0.00860677328440445,0.0153101942828205,0.0175636169335449,0,0,0,0,0,0,0,0,0,1.13782813537633,-0.0303347029170351,-0.0140136845245298
1.92047628187217,0.00393441856668266,0.00716372675124094,0.00872830546341848,0.00876079293233569,0.0154862063613144,0.017629895981187,0,0,0,0,0,0,0,0,0,1.13752401207309,-0.0304752848424325,-0.014096014710991
1.93047876250692,0.00400651100710403,0.00725126242832894,0.00877443909367453,0.00891657643598644,0.0156628762084713,0.0176951370986359,0,0,0,0,0,0,0,0,0,1.13721847848338,-0.0306166931453828,-0.0141789213395547
1.94048124314167,0.0040794813243481,0.0073392580800216,0.00882027716361065,0.00907413032265897,0.0158401934143388,0.017759334690987,0,0,0,0,0,0,0,0,0,1.13691152631252,-0.0307589336146736,-0.0142624090131081
1.95048372377642,0.00415333410447615,0.00742771073787142,0.00886581725824353,0.00923346101525224,0.0160181475135662,0.0178224832761566,0,0,0,0,0,0,0,0,0,1.13660314720772,-0.0309020120852998,-0.0143464823729076
1.96048620441117,0.00422807390373749,0.00751661740947407,0.00891105700235043,0.00939457483171333,0.0161967279865306,0.0178845774844009,0,0,0,0,0,0,0,0,0,1.1362933327576,-0.0310459344388972,-0.014431146101737
1.97048868504592,0.0043037052483318,0.00760597507886524,0.00895599406029905,0.00955747798450029,0.0163759242604584,0.0179456120578356,0,0,0,0,0,0,0,0,0,1.1359820744917,-0.0311907066041396,-0.0145164049223269
1.98049116568067,0.00438023263417545,0.0076957807069158,0.0090006261358774,0.00972217658005601,0.0165557257105413,0.0180055818499549,0,0,0,0,0,0,0,0,0,1.13566936388002,-0.0313363345571408,-0.0146022635979807
1.99049364631542,0.00445766052667178,0.00778603123172523,0.00904495097212358,0.00988867661829335,0.0167361216610483,0.0180644818251508,0,0,0,0,0,0,0,0,0,1.13535519233255,-0.0314828243218642,-0.014688726936927
2.00049612695018,0.00453599336048528,0.00787672356901341,0.00908896635115568,0.0100569839920913,0.0169171013864324,0.0181223070582323,0,0,0,0,0,0,0,0,0,1.1350395511988,-0.0316301819706123,-0.014775799788469
2.01049860758493,0.00461523553931966,0.00796785461251063,0.0091326700940016,0.0102271044868023,0.0170986541124329,0.0181790527339448,0,0,0,0,0,0,0,0,0,1.13472243176728,-0.0317784136243585,-0.014863487041128
2.02050108821968,0.0046953914356999,0.00805942123434592,0.00917606006042888,0.0103990437797703,0.017280769017172,0.0182347141464889,0,0,0,0,0,0,0,0,0,1.13440382526504,-0.0319275254531998,-0.0149517936291502
2.03050356885443,0.00477646539075807,0.00815142028543373,0.0092191341487746,0.0105728074398601,0.0174634352322481,0.0182892866990405,0,0,0,0,0,0,0,0,0,1.13408372285716,-0.0320775236768192,-0.0150407245311878
2.04050604948918,0.0048584617140231,0.00824384859585886,0.00926189029577514,0.0107484009269973,0.0176466418438226,0.0183427659032689,0,0,0,0,0,0,0,0,0,1.13376211564627,-0.0322284145649115,-0.0151302847688502
2.05050853012393,0.00494138468321432,0.00833670297525969,0.00930432647639612,0.0109258295917195,0.0178303778937034,0.018395147378857,0,0,0,0,0,0,0,0,0,1.13343899467201,-0.0323802044376166,-0.0152204794045686
2.06051101075868,0.00502523854403885,0.00842998021320969,0.00934644070366214,0.0111050986747376,0.0180146323804223,0.0184464268530202,0,0,0,0,0,0,0,0,0,1.13311435091059,-0.0325328996659031,-0.0153113135479385
2.07051349139343,0.00511002750999283,0.00852367707959732,0.00938823102848672,0.0112862133065088,0.0181993942603084,0.0184966001600253,0,0,0,0,0,0,0,0,0,1.13278817527421,-0.0326865066721283,-0.015402792355392
2.08051597202818,0.0051957557621664,0.00861779032500409,0.00942969553950208,0.0114691785068195,0.0183846524485568,0.0185456632407103,0,0,0,0,0,0,0,0,0,1.13246045861058,-0.0328410319304149,-0.0154949210264061
2.09051845266293,0.00528242744905245,0.00871231668108105,0.00947083236288902,0.0116539991843793,0.0185703958202917,0.0185936121420034,0,0,0,0,0,0,0,0,0,1.13213119170239,-0.0329964819671355,-0.0155877048054028
2.10052093329768,0.00537004668635918,0.00880725286092346,0.00951163966220674,0.0118406801364253,0.0187566132116254,0.0186404430164421,0,0,0,0,0,0,0,0,0,1.1318003652668,-0.0331528633613274,-0.0156811489830814
2.11052341393244,0.00545861755682631,0.00890259555944386,0.00955211563822269,0.0120292260483375,0.0189432934207122,0.0186861521216926,0,0,0,0,0,0,0,0,0,1.13146796995488,-0.0333101827452033,-0.0157752588992943
2.12052589456719,0.00554814411004515,0.0089983414537434,0.00959225852874243,0.0122196414932642,0.0191304252087975,0.0187307358200692,0,0,0,0,0,0,0,0,0,1.1311339963511,-0.0334684468046242,-0.0158700399393933
2.13052837520194,0.00563863036228219,0.0090944872034814,0.00963206660843945,0.0124119309317578,0.0193179973012623,0.0187741905780529,0,0,0,0,0,0,0,0,0,1.1307984349728,-0.0336276622795364,-0.0159654975350031
2.14053085583669,0.00573008029630657,0.00919102945124334,0.00967153818868504,0.0126060987114218,0.0195059983886624,0.0188165129658116,0,0,0,0,0,0,0,0,0,1.13046127626962,-0.0337878359644602,-0.0160616371657966
2.15053333647144,0.00582249786122105,0.00928796482290705,0.0097106716173781,0.0128021490665673,0.0196944171277637,0.0188576996567185,0,0,0,0,0,0,0,0,0,1.13012251062295,-0.0339489747089629,-0.0161584643608296
2.16053581710619,0.00591588697229681,0.00938528992800722,0.00974946527877503,0.01300008611788,0.0198832421425714,0.0188977474268718,0,0,0,0,0,0,0,0,0,1.12978212834542,-0.0341110854181733,-0.0162559846981996
2.17053829774094,0.0060102515108117,0.00948300136009821,0.00978791759331953,0.0131999138720981,0.0200724620253554,0.0189366531546138,0,0,0,0,0,0,0,0,0,1.1294401196803,-0.034274175053248,-0.0163542038035037
2.18054077837569,0.00610559532389227,0.00958109569711517,0.00982602701747246,0.0134016362216996,0.020262065337671,0.01897441382005,0,0,0,0,0,0,0,0,0,1.12909647480094,-0.0344382506318559,-0.0164531273533862
2.19054325901044,0.00620192222435931,0.00967956950173347,0.0098637920435417,0.0136052569446003,0.0204520406113735,0.0190110265045686,0,0,0,0,0,0,0,0,0,1.12875118381022,-0.0346033192287147,-0.0165527610746371
2.20054573964519,0.00629923599057702,0.00977841932172637,0.00990121119951197,0.013810779703862,0.0206423763496299,0.0190464883903596,0,0,0,0,0,0,0,0,0,1.12840423673997,-0.0347693879760573,-0.0166531107421058
2.21054822027994,0.0063975403663057,0.00987764169032106,0.00993828304887468,0.0140182080474101,0.0208330610279237,0.0190807967599341,0,0,0,0,0,0,0,0,0,1.12805562355039,-0.0349364640641272,-0.0167541821833537
2.2205507009147,0.00649683906055808,0.00997723312655294,0.00997500619045779,0.0142275454077621,0.021024083095057,0.0191139489956435,0,0,0,0,0,0,0,0,0,1.12770533412948,-0.0351045547417375,-0.0168559812794124
2.23055318154945,0.00659713574745907,0.0100771901356182,0.0100113792582556,0.0144387951017655,0.0212154309741459,0.0191459425791986,0,0,0,0,0,0,0,0,0,1.1273533582924,-0.0352736673167813,-0.0169585139604863
2.2405556621842,0.00669843406610917,0.0101775092092249,0.0100474009212588,0.014651960330346,0.0214070930636124,0.0191767750911891,0,0,0,0,0,0,0,0,0,1.12699968578097,-0.0354438091567053,-0.0170617862083836
2.25055814281895,0.00680073762045121,0.0102781868259418,0.0100830698832839,0.0148670441782654,0.021599057738171,0.0192064442106028,0,0,0,0,0,0,0,0,0,1.12664430626298,-0.0356149876890685,-0.0171658040594871
2.2605606234537,0.00690404997914073,0.0103792194515461,0.0101183848828034,0.0150840496138891,0.0217913133498102,0.0192349477143446,0,0,0,0,0,0,0,0,0,1.12628720933164,-0.0357872104020752,-0.0172705736037951
2.27056310408845,0.00700837467541974,0.0104806035393695,0.0101533446927757,0.0153029794889642,0.0219838482287699,0.0192622834767559,0,0,0,0,0,0,0,0,0,1.12592838450494,-0.0359604848451145,-0.0173761009851291
2.2805655847232,0.00711371520699396,0.0105823355306416,0.0101879481204748,0.0155238365384063,0.0221766506845134,0.0192884494691338,0,0,0,0,0,0,0,0,0,1.12556782122508,-0.0361348186292977,-0.0174823923985524
2.29056806535795,0.00722007503591349,0.010684411854833,0.0102221940073198,0.015746623380097,0.0223697090066949,0.0193134437592507,0,0,0,0,0,0,0,0,0,1.12520550885778,-0.0363102194279458,-0.0175894540977416
2.3005705459927,0.00732745758845686,0.0107868289299955,0.0102560812287056,0.01597134251469,0.0225630114661219,0.0193372645108727,0,0,0,0,0,0,0,0,0,1.12484143669173,-0.0364866949772747,-0.017697292391307
2.31057302662745,0.00743586625501858,0.0108895831631014,0.0102896086938318,0.016197996325428,0.0227565463157133,0.0193599099832798,0,0,0,0,0,0,0,0,0,1.12447559393791,-0.036664253076809,-0.0178059136385384
2.3205755072622,0.00754530438999994,0.0109926709503805,0.0103227753455333,0.0164265870779681,0.0229503017914518,0.0193813785307844,0,0,0,0,0,0,0,0,0,1.12410796972896,-0.0368429015899817,-0.0179153242601207
2.33057798789695,0.00765577531170324,0.0110960886776559,0.0103555801601095,0.0166571169202175,0.0231442661133328,0.0194016686022509,0,0,0,0,0,0,0,0,0,1.12373855311855,-0.0370226484447632,-0.0180255307333361
2.34058046853171,0.00776728230222946,0.0111998327206779,0.0103880221471548,0.0168895878821779,0.0233384274863071,0.0194207787406151,0,0,0,0,0,0,0,0,0,1.12336733308073,-0.0372035016341643,-0.0181365395916898
2.35058294916646,0.00787982860737903,0.0113038994454559,0.0104201003493879,0.0171240018757999,0.02353277410122,0.0194387075824028,0,0,0,0,0,0,0,0,0,1.12299429850927,-0.0373854692168578,-0.0182483574239834
2.36058542980121,0.00799341743655614,0.0114082852085894,0.010451813842482,0.0173603606948469,0.0237272941357443,0.0194554538572498,0,0,0,0,0,0,0,0,0,1.122619438217,-0.0375685593176631,-0.0183609908794998
2.37058791043596,0.00810805196267628,0.011512986357596,0.0104831617348942,0.0175986660147673,0.0239219757553102,0.0194710163874205,0,0,0,0,0,0,0,0,0,1.12224274093516,-0.0377527801282719,-0.0184744466687342
2.38059039107071,0.00822373532207697,0.0116179992312392,0.010514143167696,0.0178389193925773,0.0241168071140284,0.0194853940873277,0,0,0,0,0,0,0,0,0,1.12186419531272,-0.0379381399077466,-0.0185887315563723
2.39059287170546,0.00834047061443185,0.0117233201598534,0.0105447573144026,0.018081122266752,0.0243117763556102,0.0194985859630514,0,0,0,0,0,0,0,0,0,1.12148378991567,-0.0381246469831062,-0.0187038523698019
2.40059535234021,0.00845826090266803,0.0118289454656678,0.010575003380803,0.0183252759571262,0.0245068716142816,0.0195105911118582,0,0,0,0,0,0,0,0,0,1.12110151322641,-0.038312309749995,-0.018819815998171
2.41059783297496,0.00857710921288654,0.011934871463128,0.0106048806047897,0.0185713816648034,0.0247020810156929,0.0195214087217206,0,0,0,0,0,0,0,0,0,1.12071735364298,-0.0385011366732488,-0.0189366293875996
2.42060031360971,0.00869701853428619,0.0120410944592166,0.0106343882561887,0.0188194404720756,0.024897392677824,0.0195310380708362,0,0,0,0,0,0,0,0,0,1.12033129947843,-0.0386911362874688,-0.0190542995469082
2.43060279424446,0.00881799181909042,0.0121476107537716,0.0106635256365892,0.01906945334235,0.0250927947118841,0.0195394785271468,0,0,0,0,0,0,0,0,0,1.11994333896008,-0.0388823171977022,-0.0191728335511106
2.44060527487921,0.00894003198247748,0.0122544166398033,0.0106922920791735,0.0193214211200867,0.0252882752232071,0.0195467295478579,0,0,0,0,0,0,0,0,0,1.11955346022882,-0.0390746880800854,-0.0192922385338644
2.45060775551397,0.00906314190251368,0.0123615084038095,0.010720686948547,0.0195753445307437,0.025483822312142,0.0195527906789577,0,0,0,0,0,0,0,0,0,1.11916165133842,-0.0392682576823741,-0.0194125216893072
2.46061023614872,0.00918732442008985,0.0124688823260891,0.0107487096405676,0.0198312241807317,0.0256794240749387,0.0195576615547366,0,0,0,0,0,0,0,0,0,1.11876790025476,-0.0394630348246234,-0.0195336902794282
2.47061271678347,0.00931258233886086,0.0125765346810532,0.0107763595821761,0.0200890605573779,0.0258750686046284,0.0195613418973061,0,0,0,0,0,0,0,0,0,1.11837219485517,-0.0396590283998645,-0.01965575163097
2.48061519741822,0.00943891842518832,0.0126844617375361,0.0108036362312257,0.0203488540288973,0.0260707439919003,0.0195638315161182,0,0,0,0,0,0,0,0,0,1.11797452292764,-0.0398562473747239,-0.0197787131328198
2.49061767805297,0.0095663354080863,0.012792659759103,0.010830539076312,0.0206106048443747,0.0262664383259723,0.0195651303074847,0,0,0,0,0,0,0,0,0,1.11757487217009,-0.0400547007900472,-0.019902582237827
2.50062015868772,0.00969483597917019,0.0129011250043567,0.0108570676366025,0.0208743131337533,0.0264621396954576,0.0195652382540966,0,0,0,0,0,0,0,0,0,1.11717323018967,-0.0402543977615547,-0.0200273664691475
2.51062263932247,0.00982442279260858,0.0130098537272429,0.0108832214616671,0.0211399789078339,0.0266578361892261,0.0195641554245429,0,0,0,0,0,0,0,0,0,1.11676958450195,-0.0404553474805926,-0.0201530734148569
2.52062511995722,0.0099550984650782,0.0131188421773531,0.0109090001313072,0.021407602058281,0.0268535158972616,0.0195618819728301,0,0,0,0,0,0,0,0,0,1.11636392253018,-0.0406575592146803,-0.0202797107258772
2.53062760059197,0.0100868655757219,0.0132280866002263,0.0109344032553862,0.0216771823576386,0.0270491669115134,0.0195584181379014,0,0,0,0,0,0,0,0,0,1.11595623160454,-0.0408610423082205,-0.0204072861262169
2.54063008122672,0.0102197266661094,0.0133375832376488,0.0109594304736589,0.021948719459354,0.0272447773267436,0.0195537642431561,0,0,0,0,0,0,0,0,0,1.11554649896137,-0.0410658061832509,-0.0205358074053592
2.55063256186147,0.0103536842402018,0.0134473283279522,0.0109840814556014,0.0222222128978104,0.0274403352413696,0.0195479206959685,0,0,0,0,0,0,0,0,0,1.11513471174235,-0.0412718603400026,-0.0206652824222857
2.56063504249623,0.0104887407643179,0.0135573181063102,0.0110083559002413,0.022497662088367,0.0276358287583013,0.0195408879872075,0,0,0,0,0,0,0,0,0,1.11472085699375,-0.0414792143577321,-0.0207957191057414
2.57063752313098,0.0106248986671043,0.0136675488050329,0.011032253535987,0.0227750663274088,0.0278312459857744,0.0195326666907555,0,0,0,0,0,0,0,0,0,1.11430492166563,-0.0416878778952844,-0.0209271254516107
2.58064000376573,0.0107621603395083,0.0137780166538603,0.011055774120458,0.0230544247924038,0.0280265750381777,0.019523257463028,0,0,0,0,0,0,0,0,0,1.11388689261105,-0.0418978606918735,-0.0210595095313736
2.59064248440048,0.0109005281347537,0.0138887178802532,0.0110789174403145,0.0233357365419684,0.0282218040368767,0.0195126610424925,0,0,0,0,0,0,0,0,0,1.11346675658522,-0.0421091725678143,-0.0211928794823954
2.60064496503523,0.0110400043683193,0.0139996487096829,0.0111016833110873,0.0236190005159416,0.0284169211110317,0.0195008782491879,0,0,0,0,0,0,0,0,0,1.11304450024474,-0.0423218234251081,-0.0213272435163939
2.61064744566998,0.0111805913179204,0.0141108053659195,0.0111240715770076,0.023904215535467,0.0286119143984116,0.0194879099842438,0,0,0,0,0,0,0,0,0,1.11262011014674,-0.0425358232483449,-0.0214626099201207
2.62064992630473,0.0113222912234936,0.0142221840713176,0.0111460821108372,0.0241913803030829,0.0288067720462021,0.0194737572293995,0,0,0,0,0,0,0,0,0,1.11219357274809,-0.0427511821053025,-0.0215989870467749
2.63065240693948,0.0114651062871834,0.0143337810471014,0.0111677148136976,0.0244804934028203,0.0290014822118099,0.0194584210465238,0,0,0,0,0,0,0,0,0,1.1117648744045,-0.0429679101476762,-0.0217363833283466
2.64065488757423,0.011609038673333,0.0144455925136467,0.0111889696149006,0.0247715533003094,0.029196033063662,0.0194419025771333,0,0,0,0,0,0,0,0,0,1.11133400136975,-0.0431860176119251,-0.0218748072696345
2.65065736820898,0.0117540905084768,0.0145576146907631,0.0112098464717777,0.0250645583428939,0.0293904127819994,0.0194242030419125,0,0,0,0,0,0,0,0,0,1.11090093979479,-0.043405514819883,-0.022014267449102
2.66065984884373,0.0119002638813361,0.0146698437979723,0.0112303453695101,0.025359506759753,0.0295846095596673,0.0194053237402329,0,0,0,0,0,0,0,0,0,1.1104656757269,-0.0436264121796209,-0.0221547725234507
2.67066232947848,0.0120475608428181,0.0147822760547867,0.0112504663209586,0.025656396662031,0.029778611602899,0.0193852660496715,0,0,0,0,0,0,0,0,0,1.11002819510881,-0.0438487201861493,-0.0222963312232929
2.68066481011324,0.0121959834060166,0.014894907680985,0.0112702093664932,0.025955226042976,0.0299724071320963,0.0193640314255311,0,0,0,0,0,0,0,0,0,1.10958848377785,-0.0440724494221948,-0.0224389523567967
2.69066729074799,0.0123455335462164,0.0150077348968865,0.0112895745738233,0.0262559927780845,0.0301659843826043,0.019341621400359,0,0,0,0,0,0,0,0,0,1.10914652746507,-0.0442976105589752,-0.0225826448075939
2.70066977138274,0.0124962132008997,0.0151207539236237,0.0113085620378272,0.0265586946252555,0.0303593316054817,0.0193180375834659,0,0,0,0,0,0,0,0,0,1.10870231179429,-0.0445242143569337,-0.0227274175393235
2.71067225201749,0.0126480242697563,0.0152339609834135,0.0113271718803821,0.0268633292249513,0.0305524370682662,0.019293281660446,0,0,0,0,0,0,0,0,0,1.1082558222813,-0.0447522716666051,-0.0228732795954069
2.72067473265224,0.0128009686146949,0.0153473522998262,0.011345404250194,0.0271698941003658,0.0307452890557353,0.0192673553926953,0,0,0,0,0,0,0,0,0,1.10780704433288,-0.0449817934293463,-0.0230202400975018
2.73067721328699,0.0129550480598588,0.0154609240980527,0.0113632593226275,0.0274783866576011,0.0309378758706616,0.0192402606169317,0,0,0,0,0,0,0,0,0,1.10735596324591,-0.0452127906781703,-0.0231683082444939
2.74067969392174,0.0131102643916427,0.0155746726051708,0.0113807372995356,0.0277888041858512,0.0311301858345644,0.0192119992447135,0,0,0,0,0,0,0,0,0,1.10690256420648,-0.0454452745384572,-0.0233174933189415
2.75068217455649,0.0132666193587135,0.0156885940504092,0.0113978384090896,0.0281011438575931,0.0313222072884555,0.0191825732619593,0,0,0,0,0,0,0,0,0,1.10644683228889,-0.0456792562289176,-0.0234678046871869
2.76068465519124,0.0134241146720329,0.0158026846654096,0.0114145629056088,0.0284154027287857,0.0315139285935807,0.0191519847284667,0,0,0,0,0,0,0,0,0,1.1059887524548,-0.0459147470623046,-0.0236192517900198
2.77068713582599,0.0135827520048826,0.0159169406844877,0.0114309110693905,0.0287315777390755,0.0317053381321564,0.0191202357774316,0,0,0,0,0,0,0,0,0,1.10552830955221,-0.0461517584461915,-0.0237718441574578
2.78068961646074,0.0137425329928927,0.016031358344892,0.01144688320654,0.0290496657120106,0.0318964243081014,0.0190873286149681,0,0,0,0,0,0,0,0,0,1.10506548831456,-0.0463903018839792,-0.0239255914021931
2.7906920970955,0.0139034592340724,0.0161459338870613,0.0114624796487999,0.0293696633552609,0.0320871755477637,0.0190532655196267,0,0,0,0,0,0,0,0,0,1.10460027335974,-0.0466303889755423,-0.0240805032146869
2.80069457773025,0.0140655322888425,0.0162606635548799,0.0114777007533806,0.0296915672608462,0.0322775803006427,0.0190180488419143,0,0,0,0,0,0,0,0,0,1.10413264918912,-0.0468720314181391,-0.0242365893779644
2.810697058365,0.0142287536800721,0.0163755435959322,0.0114925469027898,0.0300153739053716,0.0324676270401066,0.0189816810038133,0,0,0,0,0,0,0,0,0,1.1036626001866,-0.0471152410073533,-0.0243938597599444
2.82069953899975,0.0143931248931162,0.0164905702617539,0.0115070185046621,0.0303410796502696,0.032657304264105,0.0189441644983006,0,0,0,0,0,0,0,0,0,1.10319011061757,-0.0473600296378505,-0.0245523243074188
2.8307020196345,0.0145586473758565,0.0166057398080835,0.0115211159915894,0.0306686807420494,0.0328466004958764,0.018905501888867,0,0,0,0,0,0,0,0,0,1.10271516462797,-0.0476064093041995,-0.0247119930575289
2.84070450026925,0.0147253225387452,0.0167210484951102,0.0115348398209504,0.0309981733125536,0.0330355042846511,0.0188656958090364,0,0,0,0,0,0,0,0,0,1.10223774624326,-0.0478543921018586,-0.0248728761373053
2.850706980904,0.01489315175485,0.0168364925877216,0.0115481904747405,0.0313295533792217,0.0332240042063496,0.0188247489618853,0,0,0,0,0,0,0,0,0,1.1017578393674,-0.0481039902279874,-0.0250349837604107
2.86070946153875,0.0150621363599032,0.0169520683557489,0.0115611684594017,0.0316628168453603,0.0334120888642758,0.0187826641195614,0,0,0,0,0,0,0,0,0,1.10127542778184,-0.0483552159823682,-0.0251983262308654
2.8707119421735,0.0152322776523514,0.0170677720742104,0.0115737743056523,0.0319979595004207,0.0335997468898052,0.0187394441228037,0,0,0,0,0,0,0,0,0,1.10079049514449,-0.0486080817682921,-0.025362913935366
2.88071442280825,0.0154035768934094,0.0171836000235536,0.0115860085683168,0.032334977020283,0.0337869669430688,0.0186950918804609,0,0,0,0,0,0,0,0,0,1.10030302498868,-0.0488626000933269,-0.02552875735611
2.890716903443,0.0155760353071155,0.0172995484898955,0.011597871826156,0.0326738649675469,0.033973737713632,0.0186496103690112,0,0,0,0,0,0,0,0,0,1.0998130007221,-0.0491187835704596,-0.0256958670701007
2.90071938407775,0.015749654080389,0.0174156137652612,0.0116093646816965,0.0330146187918301,0.0341600479211686,0.0186030026320813,0,0,0,0,0,0,0,0,0,1.09932040562575,-0.0493766449188505,-0.0258642537375709
2.91072186471251,0.0159244343630909,0.0175317921478207,0.0116204877610607,0.033357233830072,0.0343458863161299,0.0185552717799659,0,0,0,0,0,0,0,0,0,1.09882522285288,-0.0496361969647443,-0.0260339281153573
2.92072434534726,0.0161003772680866,0.0176480799421241,0.0116312417137966,0.0337017053068457,0.0345312416804095,0.0185064209891464,0,0,0,0,0,0,0,0,0,1.0983274354279,-0.0498974526424912,-0.0262049010528898
2.93072682598201,0.0162774838713106,0.0177644734593348,0.0116416272127076,0.0340480283346752,0.0347161028280025,0.0184564535018108,0,0,0,0,0,0,0,0,0,1.09782702624532,-0.0501604249953785,-0.0263771834928161
2.94072930661676,0.0164557552118337,0.0178809690174618,0.0116516449536825,0.0343961979143599,0.0349004586056607,0.0184053726253723,0,0,0,0,0,0,0,0,0,1.09732397806861,-0.0504251271766636,-0.0265507864738244
2.95073178725151,0.0166351922919332,0.0179975629415894,0.0116612956555254,0.0347462089353058,0.0350842978935424,0.0183531817319891,0,0,0,0,0,0,0,0,0,1.09681827352914,-0.0506915724504621,-0.0267257211272032
2.96073426788626,0.0168157960771644,0.0181142515641055,0.011670580059785,0.0350980561758625,0.0352676096058575,0.0182998842580834,0,0,0,0,0,0,0,0,0,1.09630989512505,-0.0509597741927128,-0.0269019986791247
2.97073674852101,0.0169975674964346,0.0182310312249284,0.0116794989305851,0.0354517343036674,0.0354503826915082,0.0182454837038606,0,0,0,0,0,0,0,0,0,1.09579882522011,-0.0512297458921102,-0.0270796304562319
2.98073922915576,0.0171805074420801,0.0183478982717319,0.0116880530544543,0.0358072378759952,0.0356326061347244,0.0181899836328283,0,0,0,0,0,0,0,0,0,1.09528504604263,-0.0515015011511821,-0.0272586278816601
2.99074170979051,0.0173646167699445,0.018464849060168,0.0116962432401555,0.0361645613401155,0.0358142689556944,0.0181333876713163,0,0,0,0,0,0,0,0,0,1.09476853968426,-0.0517750536871426,-0.0274390024717629
3.00074419042526,0.0175498962994596,0.0185818799540894,0.011704070318516,0.0365236990336544,0.0359953602111912,0.018075699507995,0,0,0,0,0,0,0,0,0,1.09424928809889,-0.0520504173329035,-0.0276207658466864
3.01074667106001,0.0177363468137287,0.0186989873257681,0.0117115351422573,0.0368846451849646,0.0361758689951932,0.018016922893395,0,0,0,0,0,0,0,0,0,1.09372727310145,-0.0523276060381395,-0.0278039297247413
3.02074915169477,0.017923969059612,0.0188161675561148,0.0117186385858252,0.0372473939135,0.036355784439501,0.0179570616394265,0,0,0,0,0,0,0,0,0,1.09320247636677,-0.0526066338701869,-0.0279885059213411
3.03075163232952,0.0181127637478136,0.0189334170348945,0.0117253815452192,0.0376119392301971,0.0365350957143484,0.0178961196188984,0,0,0,0,0,0,0,0,0,1.09267487942836,-0.0528875150150872,-0.0281745063562377
3.04075411296427,0.0183027315529718,0.0190507321609414,0.0117317649378225,0.0379782750378629,0.0367137920290099,0.0178341007650373,0,0,0,0,0,0,0,0,0,1.09214446367725,-0.0531702637786307,-0.0283619430512402
3.05075659359902,0.0184938731137504,0.0191681093423723,0.0117377897022319,0.0383463951315679,0.0368918626324018,0.0177710090710071,0,0,0,0,0,0,0,0,0,1.09161121036078,-0.0534548945873551,-0.0285508281258148
3.06075907423377,0.0186861890329328,0.0192855449967976,0.0117434567980879,0.038716293199046,0.0370692968136799,0.0177068485894279,0,0,0,0,0,0,0,0,0,1.09107510058137,-0.0537414219894999,-0.0287411738059776
3.07076155486852,0.0188796798775179,0.0194030355515308,0.0117487672059039,0.0390879628210998,0.0372460839028316,0.0176416234318958,0,0,0,0,0,0,0,0,0,1.09053611529531,-0.0540298606561836,-0.0289329924209199
3.08076403550327,0.0190743461788184,0.0195205774437969,0.0117537219268967,0.0394613974720119,0.0374222132712632,0.0175753377685013,0,0,0,0,0,0,0,0,0,1.08999423531154,-0.0543202253822912,-0.0291262964008184
3.09076651613802,0.0192701884325607,0.0196381671209384,0.011758321982816,0.0398365905199621,0.0375976743323831,0.0175079958273494,0,0,0,0,0,0,0,0,0,1.08944944129039,-0.0546125310876061,-0.0293210982879408
3.10076899677277,0.0194672070989873,0.0197558010406196,0.0117625684157742,0.0402135352274507,0.0377724565421793,0.0174396018940782,0,0,0,0,0,0,0,0,0,1.08890171374231,-0.0549067928179207,-0.0295174107244088
3.11077147740752,0.0196654026029611,0.0198734756710299,0.0117664622880764,0.0405922247517268,0.0379465493997924,0.0173701603113785,0,0,0,0,0,0,0,0,0,1.08835103302663,-0.0552030257459238,-0.0297152464583234
3.12077395804227,0.0198647753340717,0.0199911874910844,0.0117700046820504,0.0409726521452234,0.0381199424480841,0.0172996754785129,0,0,0,0,0,0,0,0,0,1.0877973793503,-0.0555012451724331,-0.0299146183509761
3.13077643867703,0.0200653256467432,0.0201089329906238,0.0117731966998761,0.0413548103559969,0.0382926252742005,0.017228151850835,0,0,0,0,0,0,0,0,0,1.08724073276655,-0.055801466527427,-0.0301155393646326
3.14077891931178,0.0202670538603453,0.0202267086706117,0.0117760394634157,0.0417386922281732,0.0384645875101309,0.0171555939393088,0,0,0,0,0,0,0,0,0,1.08668107317364,-0.0561037053710328,-0.0303180225730865
3.15078139994653,0.0204699602593048,0.0203445110433311,0.0117785341140433,0.0421242905023989,0.0386358188332616,0.0170820063100278,0,0,0,0,0,0,0,0,0,1.08611838031353,-0.0564079773947695,-0.0305220811616474
3.16078388058128,0.0206740450932204,0.0204623366325783,0.0117806818124751,0.0425115978162985,0.0388063089669247,0.0170073935837342,0,0,0,0,0,0,0,0,0,1.08555263377057,-0.0567142984225361,-0.0307277284221559
3.17078636121603,0.0208793085769782,0.0205801819738557,0.0117824837385989,0.0429006067049359,0.0389760476809426,0.0169317604353383,0,0,0,0,0,0,0,0,0,1.08498381297016,-0.0570226844117545,-0.0309349777568722
3.18078884185078,0.0210857508908702,0.0206980436145625,0.011783941091304,0.0432913096012829,0.0391450247921673,0.0168551115934378,0,0,0,0,0,0,0,0,0,1.08441189717743,-0.0573331514544352,-0.0311438426817821
3.19079132248553,0.0212933721807143,0.0208159181141843,0.0117850550883111,0.0436836988366921,0.0393132301650151,0.0167774518398365,0,0,0,0,0,0,0,0,0,1.08383686549585,-0.057645715778387,-0.0313543368277349
3.20079380312028,0.0215021725579756,0.0209338020444804,0.0117858269660024,0.044077766641375,0.0394806537119959,0.0166987860090643,0,0,0,0,0,0,0,0,0,1.08325869686593,-0.057960393748305,-0.0315664739293399
3.21079628375503,0.0217121520998907,0.0210516919896695,0.011786257979251,0.0444735051448859,0.0396472853942391,0.016619118987896,0,0,0,0,0,0,0,0,0,1.08267737006375,-0.0582772018667582,-0.0317802678399171
3.22079876438978,0.021923310849593,0.021169584546614,0.0117863494012508,0.0448709063766108,0.039813115222013,0.0165384557148705,0,0,0,0,0,0,0,0,0,1.08209286369969,-0.0585961567755769,-0.0319957325293241
3.23080124502453,0.0221356488162399,0.0212874763250023,0.0117861025233467,0.0452699622662618,0.0399781332552404,0.0164568011798102,0,0,0,0,0,0,0,0,0,1.08150515621692,-0.0589172752567967,-0.0322128820767267
3.24080372565928,0.0223491659751423,0.0214053639475294,0.0117855186548643,0.0456706646443756,0.0401423296040092,0.0163741604233403,0,0,0,0,0,0,0,0,0,1.08091422589007,-0.0592405742339009,-0.0324317306838756
3.25080620629404,0.0225638622678955,0.0215232440500762,0.0117845991229394,0.0460730052428187,0.0403056944290783,0.0162905385364078,0,0,0,0,0,0,0,0,0,1.08032005082378,-0.0595660707730305,-0.0326522926629657
3.26080868692879,0.0227797376025119,0.0216411132818865,0.0117833452723484,0.0464769756952958,0.040468217942378,0.0162059406598009,0,0,0,0,0,0,0,0,0,1.07972260895128,-0.0598937820839839,-0.0328745824388288
3.27081116756354,0.0229967918535555,0.0217589683057427,0.0117817584653376,0.0468825675378649,0.0406298904075068,0.0161203719836682,0,0,0,0,0,0,0,0,0,1.07912187803291,-0.0602237255214703,-0.0330986145627558
3.28081364819829,0.0232150248622783,0.0218768057981398,0.0117798400814534,0.0472897722094564,0.0407907021402224,0.016033837747038,0,0,0,0,0,0,0,0,0,1.07851783565472,-0.060555918586386,-0.0333244037009306
3.29081612883304,0.0234344364367586,0.0219946224494576,0.0117775915173722,0.0476985810523969,0.0409506435089282,0.0159463432373375,0,0,0,0,0,0,0,0,0,1.07791045922695,-0.0608903789268367,-0.0335519646343928
3.30081860946779,0.02365502635204,0.0221124149641306,0.0117750141867298,0.0481089853129385,0.0411097049351549,0.0158578937899119,0,0,0,0,0,0,0,0,0,1.0772997259826,-0.0612271243394127,-0.0337813122689678
3.31082109010254,0.0238767943502736,0.022230180060818,0.0117721095199519,0.0485209761417927,0.0412678768940378,0.015768494787544,0,0,0,0,0,0,0,0,0,1.0766856129759,-0.0615661727704103,-0.0340124616264921
3.32082357073729,0.0240997401408606,0.0223479144725693,0.0117688789640832,0.0489345445946685,0.0414251499147883,0.0156781516599729,0,0,0,0,0,0,0,0,0,1.07606809708082,-0.0619075423169311,-0.034245427850317
3.33082605137204,0.0243238634005974,0.0224656149469912,0.0117653239826179,0.0493496816328162,0.0415815145811617,0.0155868698834138,0,0,0,0,0,0,0,0,0,1.07544715498956,-0.0622512512282134,-0.0344802262063497
3.34082853200679,0.0245491637738217,0.0225832782464098,0.0117614460553292,0.0497663781235748,0.0417369615319195,0.0154946549800769,0,0,0,0,0,0,0,0,0,1.07482276321102,-0.0625973179067528,-0.0347168720770736
3.35083101264154,0.0247756408725608,0.022700901148034,0.011757246678099,0.0501846248409249,0.0418914814612869,0.0154015125176866,0,0,0,0,0,0,0,0,0,1.07419489806926,-0.0629457609095135,-0.0349553809714807
3.3608334932763,0.0250032942766813,0.0228184804441145,0.0117527273627484,0.0506044124660453,0.0420450651194059,0.0153074481090011,0,0,0,0,0,0,0,0,0,1.07356353570194,-0.063296598949248,-0.0351957685238832
3.37083597391105,0.0252321235340402,0.0229360129421033,0.0117478896368667,0.051025731587875,0.0421977033127832,0.0152124674113312,0,0,0,0,0,0,0,0,0,1.07292865205879,-0.0636498508956842,-0.0354380504868421
3.3808384545458,0.0254621281606376,0.0230534954648102,0.0117427350436418,0.051448572703679,0.0423493869047334,0.0151165761260599,0,0,0,0,0,0,0,0,0,1.07229022289997,-0.0640055357767039,-0.0356822427366548
3.39084093518055,0.0256933076407714,0.0231709248505579,0.0117372651416898,0.0518729262196186,0.0425001068158175,0.0150197799981613,0,0,0,0,0,0,0,0,0,1.07164822379454,-0.0643636727796399,-0.0359283612760385
3.4008434158153,0.0259256614271933,0.0232882979533356,0.0117314815048852,0.0522987824513263,0.0426498540242764,0.0149220848157202,0,0,0,0,0,0,0,0,0,1.07100263011885,-0.0647242812525077,-0.0361764222326271
3.41084589645005,0.0261591889412658,0.0234056116429509,0.0117253857221901,0.052726131624485,0.0427986195664601,0.014823496409451,0,0,0,0,0,0,0,0,0,1.07035341705489,-0.0650873807052728,-0.0364264418611206
3.4208483770848,0.0263938895731214,0.0235228628051796,0.0117189793974847,0.0531549638754112,0.0429463945372512,0.0147240206522172,0,0,0,0,0,0,0,0,0,1.0697005595887,-0.0654529908111252,-0.0366784365398508
3.43085085771955,0.0266297626818235,0.023640048341914,0.0117122641493967,0.0535852692516426,0.0430931700904842,0.0146236634585505,0,0,0,0,0,0,0,0,0,1.06904403250874,-0.0658211314076783,-0.0369324227698611
3.4408533383543,0.0268668075955275,0.0237571651713101,0.0117052416111314,0.0540170377125299,0.0432389374393602,0.0145224307841701,0,0,0,0,0,0,0,0,0,1.06838381040418,-0.0661918224982251,-0.037188417184254
3.45085581898905,0.0271050236116449,0.023874210227932,0.0116979134303015,0.0544502591298325,0.0433836878568562,0.0144203286255018,0,0,0,0,0,0,0,0,0,1.0677198676633,-0.0665650842531234,-0.0374464365447451
3.4608582996238,0.0273444099970079,0.0239911804628953,0.0116902812687567,0.0548849232883189,0.0435274126761297,0.0143173630191976,0,0,0,0,0,0,0,0,0,1.06705217847179,-0.0669409370109836,-0.0377064977341092
3.47086078025856,0.0275849659880357,0.0241080728440089,0.011682346802414,0.0553210198863699,0.0436701032909192,0.0142135400416545,0,0,0,0,0,0,0,0,0,1.06638071681105,-0.0673194012799028,-0.0379686177677346
3.48086326089331,0.0278266907909019,0.0242248843559145,0.011674111721087,0.0557585385365873,0.0438117511559387,0.0141088658085339,0,0,0,0,0,0,0,0,0,1.0657054564565,-0.0677004977388836,-0.0382328137912758
3.49086574152806,0.028069583581704,0.0243416120002249,0.0116655777283163,0.0561974687664051,0.0439523477872687,0.0140033464742811,0,0,0,0,0,0,0,0,0,1.06502637097586,-0.0680842472390214,-0.0384991030736775
3.50086822216281,0.0283136435066336,0.0244582527956607,0.0116567465411989,0.056637800018706,0.0440918847627409,0.0138969882316439,0,0,0,0,0,0,0,0,0,1.06434343372742,-0.0684706708047831,-0.0387675030176078
3.51087070279756,0.0285588696821483,0.0245748037781847,0.0116476198902183,0.05707952165244,0.04423035372232,0.0137897973111928,0,0,0,0,0,0,0,0,0,1.06365661785832,-0.0688597896354039,-0.0390380311521058
3.52087318343231,0.0288052611951446,0.0246912620011349,0.0116381995190741,0.057522622943249,0.0443677463684785,0.0136817799808391,0,0,0,0,0,0,0,0,0,1.06296589630274,-0.0692516251060186,-0.039310705136723
3.53087566406706,0.0290528171031326,0.0248076245353563,0.0116284871845123,0.0579670930840925,0.0445040544665687,0.0135729425453553,0,0,0,0,0,0,0,0,0,1.06227124178022,-0.0696461987691409,-0.0395855427647366
3.54087814470181,0.0293015364344118,0.0249238884693299,0.0116184846561547,0.0584129211858796,0.0446392698451881,0.0134632913458933,0,0,0,0,0,0,0,0,0,1.0615726267938,-0.0700435323558594,-0.0398625619524546
3.55088062533656,0.0295514181882477,0.0250400509093015,0.0116081937163286,0.0588600962781027,0.0447733843965419,0.0133528327595044,0,0,0,0,0,0,0,0,0,1.06087002362826,-0.0704436477771028,-0.0401417807544761
3.56088310597131,0.0298024613350508,0.0251561089794069,0.0115976161598975,0.0593086073094759,0.044906390076799,0.013241573198658,0,0,0,0,0,0,0,0,0,1.06016340434833,-0.0708465671251415,-0.0404232173519115
3.57088558660606,0.0300546648165557,0.0252720598217974,0.01158675379409,0.0597584431485762,0.045038278906444,0.0131295191107614,0,0,0,0,0,0,0,0,0,1.05945274079685,-0.0712523126746165,-0.0407068900566596
3.58088806724081,0.0303080275460019,0.0253879005967618,0.0115756084383301,0.0602095925844888,0.0451690429706243,0.0130166769776785,0,0,0,0,0,0,0,0,0,1.05873800459292,-0.0716609068841268,-0.0409928173161475
3.59089054787557,0.0305625484083162,0.0255036284828482,0.0115641819240669,0.0606620443274558,0.0452986744194923,0.0129030533152492,0,0,0,0,0,0,0,0,0,1.05801916713009,-0.0720723723973538,-0.0412810176987649
3.60089302851032,0.0308182262602955,0.0256192406769833,0.0115524760946048,0.0611157870095275,0.045427165468543,0.0127886546728089,0,0,0,0,0,0,0,0,0,1.05729619957451,-0.0724867320443562,-0.0415715099153294
3.61089550914507,0.0310750599307915,0.0257347343945896,0.0115404928049326,0.0615708091852184,0.0455545083989464,0.0126734876327075,0,0,0,0,0,0,0,0,0,1.05656907286299,-0.0729040088431246,-0.0418643128060979
3.62089798977982,0.0313330482208962,0.0258501068697021,0.0115282339215543,0.0620270993321651,0.0456806955578754,0.0125575588098286,0,0,0,0,0,0,0,0,0,1.05583775770121,-0.0733242260006165,-0.0421594453383907
3.63090047041457,0.0315921899041287,0.0259653553550823,0.0115157013223181,0.0624846458517883,0.0458057193588291,0.0124408748511087,0,0,0,0,0,0,0,0,0,1.05510222456173,-0.0737474069142628,-0.0424569266125121
3.64090295104932,0.0318524837266229,0.0260804771223308,0.0115028968962466,0.0629434370699584,0.0459295722819505,0.012323442435057,0,0,0,0,0,0,0,0,0,1.05436244368216,-0.0741735751731219,-0.0427567758565528
3.65090543168407,0.0321139284073166,0.0261954694619983,0.0114898225433668,0.0634034612376626,0.0460522468743402,0.0122052682712737,0,0,0,0,0,0,0,0,0,1.05361838506317,-0.0746027545592819,-0.0430590124412034
3.66090791231882,0.0323765226381419,0.026310329683695,0.0114764801745396,0.0638647065316773,0.046173735750365,0.0120863590999699,0,0,0,0,0,0,0,0,0,1.0528700184666,-0.0750349690493112,-0.0433636558601394
3.67091039295357,0.0326402650842159,0.0264250551161976,0.0114628717112901,0.0643271610552414,0.0462940315919617,0.0119667216914869,0,0,0,0,0,0,0,0,0,1.05211731341348,-0.075470242815268,-0.0436707257376089
3.68091287358832,0.032905154384033,0.0265396431075557,0.0114489990856369,0.0647908128387347,0.0464131271489357,0.011846362845815,0,0,0,0,0,0,0,0,0,1.05136023918209,-0.0759086002263031,-0.0439802418321371
3.69091535422307,0.0331711891496585,0.0266540910251955,0.0114348642399223,0.0652556498403575,0.0465310152392558,0.0117252893921129,0,0,0,0,0,0,0,0,0,1.05059876480594,-0.0763500658497432,-0.0442922240274398
3.70091783485783,0.0334383679669229,0.0267683962560225,0.0114204691266419,0.0657216599468139,0.046647688749343,0.0116035081882271,0,0,0,0,0,0,0,0,0,1.04983285907184,-0.0767946644525121,-0.0446066923450336
3.71092031549258,0.0337066893956169,0.0268825562065219,0.011405815708275,0.0661888309739985,0.0467631406343552,0.0114810261202111,0,0,0,0,0,0,0,0,0,1.04906249051786,-0.0772424210024662,-0.0449236669340515
3.72092279612733,0.0339761519696879,0.0269965683028579,0.0113909059571136,0.0666571506676845,0.0468773639184673,0.0113578501018444,0,0,0,0,0,0,0,0,0,1.04828762743132,-0.0776933606696118,-0.0452431680732447
3.73092527676208,0.0342467541974377,0.0271104299909709,0.0113757418550929,0.0671266067042163,0.0469903516951454,0.0112339870741521,0,0,0,0,0,0,0,0,0,1.04750823784677,-0.078147508827481,-0.0455652161675257
3.74092775739683,0.0345184945617201,0.027224138736673,0.0113603253936209,0.0675971866912031,0.0471020971274174,0.0111094440049237,0,0,0,0,0,0,0,0,0,1.04672428954392,-0.0786048910542796,-0.0458898317544176
3.75093023803158,0.0347913715201408,0.0273376920257421,0.0113446585734082,0.0680688781682167,0.0472125934481386,0.0109842278882328,0,0,0,0,0,0,0,0,0,1.04593575004563,-0.0790655331343921,-0.0462170355004937
3.76093271866633,0.0350653835052571,0.0274510873640138,0.0113287434042982,0.0685416686074909,0.0473218339602514,0.0108583457439562,0,0,0,0,0,0,0,0,0,1.04514258661581,-0.0795294610594582,-0.0465468481984995
3.77093519930108,0.0353405289247793,0.0275643222774722,0.0113125819050962,0.0690155454146239,0.0474298120370417,0.0107318046172927,0,0,0,0,0,0,0,0,0,1.04434476625735,-0.0799967010298205,-0.0468792907715748
3.78093767993583,0.0356168061617724,0.0276773943123387,0.0112961761034001,0.0694904959292831,0.0475365211223893,0.0106046115782831,0,0,0,0,0,0,0,0,0,1.04354225571002,-0.0804672794556853,-0.0472143842619088
3.79094016057058,0.0358942135748593,0.0277903010351587,0.0112795280354297,0.0699665074259125,0.0476419547310144,0.0104767737213289,0,0,0,0,0,0,0,0,0,1.04273502144838,-0.0809412229583433,-0.047552149845643
3.80094264120533,0.036172749498424,0.0279030400328875,0.0112626397458566,0.0704435671144427,0.0477461064487184,0.0103482981647115,0,0,0,0,0,0,0,0,0,1.04192302967964,-0.0814185583716289,-0.04789260882654
3.81094512184008,0.0364524122428168,0.0280156089129736,0.0112455132876343,0.0709216621410028,0.0478489699326208,0.010219192050112,0,0,0,0,0,0,0,0,0,1.04110624634154,-0.0818993127430137,-0.0482357826224014
3.82094760247484,0.0367332000945592,0.0281280053034409,0.0112281507218278,0.0714007795886349,0.0479505389113906,0.0100894625421298,0,0,0,0,0,0,0,0,0,1.04028463710021,-0.0823835133347941,-0.0485816927783409
3.83095008310959,0.0370151113165504,0.0282402268529689,0.0112105541174435,0.0718809064780111,0.0480508071854731,0.00995911682780209,0,0,0,0,0,0,0,0,0,1.03945816734803,-0.0828711876254512,-0.0489303609737518
3.84095256374434,0.0372981441482742,0.0283522712309713,0.0111927255512592,0.0723620297681525,0.0481497686273121,0.00982816211612319,0,0,0,0,0,0,0,0,0,1.03862680220141,-0.0833623633109768,-0.0492818089960379
3.85095504437909,0.0375822968060067,0.028464136127673,0.0111746671076536,0.0728441363571503,0.048247417181567,0.00969660563756373,0,0,0,0,0,0,0,0,0,1.03779050649866,-0.0838570683057079,-0.0496360587512383
3.86095752501384,0.0378675674830249,0.028575819254185,0.0111563808784366,0.0733272130828896,0.0483437468653253,0.00956445464358978,0,0,0,0,0,0,0,0,0,1.03694924479778,-0.084355330743866,-0.049993132280038
3.87096000564859,0.038153954349816,0.0286873183425781,0.0111378689626787,0.0738112467237743,0.0484387517683099,0.00943171640618222,0,0,0,0,0,0,0,0,0,1.03610298137425,-0.0848571789807112,-0.0503530517292837
3.88096248628334,0.0384414555542876,0.0287986311459546,0.0111191334665411,0.0742962239994552,0.0485324260530827,0.0092983982173559,0,0,0,0,0,0,0,0,0,1.03525168021883,-0.0853626415935116,-0.0507158393674117
3.89096496691809,0.0387300692219779,0.0289097554385184,0.0111001765031055,0.0747821315715593,0.0486247639552415,0.00916450738867885,0,0,0,0,0,0,0,0,0,1.03439530503531,-0.0858717473830065,-0.0510815175801213
3.90096744755284,0.0390197934562677,0.0290206890156435,0.0110810001922041,0.0752689560444213,0.0487157597836138,0.00903005125079176,0,0,0,0,0,0,0,0,0,1.03353381923829,-0.0863845253742893,-0.0514501088596537
3.91096992818759,0.0393106263385922,0.0291314296939403,0.0110616066602489,0.0757566839658172,0.0488054079204452,0.00889503715292686,0,0,0,0,0,0,0,0,0,1.03266718595091,-0.0869010048180555,-0.0518216358183393
3.92097240882234,0.0396025659286535,0.0292419753113209,0.0110419980400624,0.0762453018276993,0.0488937028215828,0.00875947246242742,0,0,0,0,0,0,0,0,0,1.03179536800262,-0.0874212151917574,-0.0521961211808881
3.9309748894571,0.0398956102646346,0.0293523237270623,0.0110221764707065,0.0767347960669335,0.048980639016654,0.00862336456426681,0,0,0,0,0,0,0,0,0,1.03091832792687,-0.0879451862006974,-0.0525735877779961
3.94097737009185,0.040189757363413,0.029462472821868,0.011002144097313,0.0772251530660384,0.0490662111092404,0.00848672086056794,0,0,0,0,0,0,0,0,0,1.03003602795884,-0.0884729477790549,-0.0529540585460072
3.9509798507266,0.0404850052207751,0.0295724204979274,0.0109819030709134,0.0777163591539252,0.0491504137770469,0.00834954877012239,0,0,0,0,0,0,0,0,0,1.02914843003315,-0.0890045300909732,-0.0533375565325537
3.96098233136135,0.040781351811632,0.0296821646789748,0.0109614555482685,0.0782084006066406,0.0492332417720661,0.00821185572790954,0,0,0,0,0,0,0,0,0,1.02825549578156,-0.0895399635316985,-0.0537241048862549
3.9709848119961,0.041078795090235,0.0297917033103452,0.0109408036916982,0.0787012636481104,0.0493146899207379,0.00807364918461607,0,0,0,0,0,0,0,0,0,1.02735718653063,-0.0900792787284614,-0.054113726858694
3.98098729263085,0.0413773329903916,0.0299010343590293,0.0109199496689116,0.0791949344508846,0.049394753124104,0.00793493660615492,0,0,0,0,0,0,0,0,0,1.02645346329941,-0.0906225065416551,-0.0545064458022654
3.9909897732656,0.0416769634256831,0.0300101558137265,0.0108988956528368,0.0796893991368852,0.0494734263579578,0.00779572547318471,0,0,0,0,0,0,0,0,0,1.02554428679712,-0.0911696780656739,-0.0549022851610637
4.00099225390035,0.0419776842896811,0.0301190656848962,0.0108776438214505,0.0801846437781539,0.0495507046729898,0.00765602328062898,0,0,0,0,0,0,0,0,0,1.02462961742075,-0.0917208246299093,-0.0553012684841142
4.0109947345351,0.0422794934561664,0.0302277620048075,0.0108561963576082,0.0806806543976022,0.0496265831949276,0.00751583753719526,0,0,0,0,0,0,0,0,0,1.02370941525279,-0.092275977799853,-0.0557034194099571
4.02099721516985,0.0425823887793466,0.0303362428275875,0.0108345554488737,0.0811774169697624,0.0497010571246713,0.00737517576489455,0,0,0,0,0,0,0,0,0,1.02278364005876,-0.0928351693777843,-0.0561087616613639
4.0309996958046,0.0428863680940753,0.0304445062292666,0.0108127232873493,0.0816749174215408,0.0497741217384246,0.00723404549856034,0,0,0,0,0,0,0,0,0,1.02185225128494,-0.0933984314037682,-0.0565173190556447
4.04100217643936,0.0431914292160714,0.0305525503078242,0.0107907020695052,0.082173141632971,0.0498457723878199,0.00709245428536799,0,0,0,0,0,0,0,0,0,1.0209152080559,-0.0939657961565486,-0.0569291154947299
4.05100465707411,0.0434975699421386,0.0306603731832307,0.0107684939960099,0.0826720754379689,0.0499160045000401,0.00695040968435396,0,0,0,0,0,0,0,0,0,1.01997246917217,-0.0945372961543473,-0.0573441749596111
4.06100713770886,0.0438047880503863,0.030767972997489,0.0107461012715593,0.0831717046250897,0.0499848135779347,0.00680791926593486,0,0,0,0,0,0,0,0,0,1.01902399310781,-0.0951129641556471,-0.0577625215093141
4.07100961834361,0.0441130813004492,0.0308753479146738,0.0107235261047075,0.0836720149382843,0.0500521952001306,0.00666499061142713,0,0,0,0,0,0,0,0,0,1.01806973800801,-0.0956928331599699,-0.0581841792833664
4.08101209897836,0.0444224474337088,0.0309824961209695,0.0107007707076958,0.0841729920776588,0.0501181450211395,0.00652163131256561,0,0,0,0,0,0,0,0,0,1.01710966168667,-0.0962769364087086,-0.0586091724977973
4.09101457961311,0.044732884173515,0.0310894158247061,0.0106778372962828,0.0846746217002333,0.0501826587714593,0.00637784897102354,0,0,0,0,0,0,0,0,0,1.016143721624,-0.0968653073858259,-0.0590375254254512
4.10101706024786,0.0450443892254072,0.0311961052563937,0.0106547280895747,0.0851768894207028,0.0502457322576712,0.00623365119793111,0,0,0,0,0,0,0,0,0,1.01517187496406,-0.097457979818292,-0.0594692624065638
4.11101954088261,0.0453569602773364,0.0313025626687546,0.0106314453098542,0.0856797808121985,0.0503073613625319,0.00608904561339516,0,0,0,0,0,0,0,0,0,1.01419407851233,-0.098054987676995,-0.0599044078576888
4.12102202151736,0.0456705949998881,0.031408786336755,0.0106079911824115,0.0861832814070504,0.0503675420450608,0.00594403984601837,0,0,0,0,0,0,0,0,0,1.0132102887333,-0.0986563651773575,-0.0603429862401181
4.13102450215211,0.0459852910465043,0.0315147745576338,0.0105843679353732,0.0866873766975506,0.050426270340623,0.00579864153241811,0,0,0,0,0,0,0,0,0,1.01222046174797,-0.0992621467796147,-0.0607850220756283
4.14102698278686,0.0463010460537068,0.03162052565093,0.0105605777995324,0.0871920521367168,0.0504835423610066,0.00565285831674625,0,0,0,0,0,0,0,0,0,1.01122455333145,-0.0998723671897463,-0.0612305399359052
4.15102946342161,0.0466178576413202,0.0317260379585089,0.0105366230081789,0.0876972931390576,0.0505393542944959,0.00550669785020796,0,0,0,0,0,0,0,0,0,1.01022251891045,-0.100487061359543,-0.0616795644311513
4.16103194405637,0.0469357234126952,0.0318313098445858,0.0105125057969286,0.088203085081338,0.0505937024059396,0.00536016779058112,0,0,0,0,0,0,0,0,0,1.00921431356086,-0.101106264487311,-0.0621321202228363
4.17103442469112,0.047254640954933,0.0319363396957488,0.0104882284035536,0.0887094133033453,0.0506465830368139,0.00521327580173556,0,0,0,0,0,0,0,0,0,1.00819989200528,-0.101730012018193,-0.0625882320038383
4.18103690532587,0.047574607839108,0.0320411259209792,0.010463793067812,0.0892162631086559,0.0506979926052813,0.00506602955315231,0,0,0,0,0,0,0,0,0,1.00717920861049,-0.102358339644475,-0.0630479245039976
4.19103938596062,0.047895621620493,0.0321456669516709,0.0104392020312777,0.0897236197654026,0.050747927606244,0.00491843671944278,0,0,0,0,0,0,0,0,0,1.00615221738508,-0.102991283306018,-0.0635112224753163
4.20104186659537,0.0482176798387829,0.0322499612416471,0.01041445753717,0.0902314685070429,0.0507963846113933,0.00477050497986806,0,0,0,0,0,0,0,0,0,1.00511887197686,-0.103628879190272,-0.0639781506953315
4.21104434723012,0.0485407800183192,0.0323540072671767,0.0103895618301842,0.0907397945331266,0.0508433602692532,0.00462224201785811,0,0,0,0,0,0,0,0,0,1.00407912567047,-0.104271163732772,-0.0644487339568037
4.22104682786487,0.0488649196683145,0.0324578035269875,0.0103645171563204,0.0912485830100648,0.0508888513052199,0.00447365552053098,0,0,0,0,0,0,0,0,0,1.00303293138486,-0.104918173616946,-0.0649229970598949
4.23104930849962,0.0491900962830776,0.0325613485422788,0.0103393257627142,0.0917578190718994,0.0509328545215964,0.00432475317821215,0,0,0,0,0,0,0,0,0,1.0019802416708,-0.105569945774456,-0.065400964827609
4.24105178913437,0.049516307342238,0.0326646408567317,0.0103139898974662,0.092267487821072,0.050975366797622,0.00417554268395368,0,0,0,0,0,0,0,0,0,1.00092100870842,-0.106226517385311,-0.0658826620624792
4.25105426976912,0.0498435503109706,0.0327676790365181,0.0102885118094718,0.0927775743291935,0.0510163850894972,0.0040260317330535,0,0,0,0,0,0,0,0,0,0.999855184304712,-0.106887925877347,-0.066368113560859
4.26105675040387,0.0501718226402212,0.0328704616703078,0.0102628937482513,0.0932880636378145,0.051055906430404,0.00387622802257456,0,0,0,0,0,0,0,0,0,0.998782719891065,-0.107554208926625,-0.0668573441266492
4.27105923103863,0.0505011217669314,0.0329729873692735,0.0102371379637792,0.093798940759195,0.0510939279305207,0.00372613925086427,0,0,0,0,0,0,0,0,0,0.997703566520763,-0.108225404457182,-0.0673503785326545
4.28106171167338,0.0508314451142634,0.033075254767095,0.0102112467063148,0.0943101906770748,0.0511304467770327,0.00357577311707342,0,0,0,0,0,0,0,0,0,0.996617674866523,-0.108901550640657,-0.06784724152631
4.29106419230813,0.0511627900918256,0.0331772625199611,0.0101852222262314,0.0948217983474438,0.051165460234138,0.00342513732067578,0,0,0,0,0,0,0,0,0,0.995524995218008,-0.109582685896159,-0.0683479578199453
4.30106667294288,0.0514951540958974,0.0332790093065695,0.0101590667738466,0.0953337486993121,0.051198965643048,0.00327423956098701,0,0,0,0,0,0,0,0,0,0.994425477479362,-0.110268848889695,-0.0688525520890464
4.31106915357763,0.0518285345096547,0.0333804938281257,0.0101327825992515,0.0958460266354806,0.0512309604219838,0.00312308753668417,0,0,0,0,0,0,0,0,0,0.993319071166737,-0.110960078534007,-0.0693610489654233
4.32107163421238,0.0521629287033944,0.0334817148083402,0.0101063719521416,0.096358617033311,0.0512614420661667,0.00297168894532479,0,0,0,0,0,0,0,0,0,0.992205725405829,-0.11165641398786,-0.0698734730218953
4.33107411484713,0.0524983340347602,0.0335826709934229,0.0100798370816456,0.0968715047454962,0.0512904081478057,0.00282005148286613,0,0,0,0,0,0,0,0,0,0.991085388929419,-0.112357894655575,-0.0703898487768926
4.34107659548188,0.052834747848967,0.0336833611520773,0.0100531802361557,0.0973846746008299,0.0513178563160779,0.00266818284318453,0,0,0,0,0,0,0,0,0,0.989958010074921,-0.113064560186408,-0.0709102006679553
4.35107907611663,0.0531721674790265,0.033783784075492,0.0100264036631576,0.0978981114049768,0.051343784297106,0.00251609071759447,0,0,0,0,0,0,0,0,0,0.988823536781937,-0.11377645047355,-0.071434553056221
4.36108155675138,0.0535105902459714,0.0338839385773305,0.00999950960906009,0.0984117999412417,0.0513681898939304,0.00236378279436806,0,0,0,0,0,0,0,0,0,0.987681916589816,-0.114493605653602,-0.0719629302224198
4.37108403738613,0.0538500134590807,0.0339838234937203,0.00997250031902486,0.0989257249713393,0.0513910709864756,0.0022112667582539,0,0,0,0,0,0,0,0,0,0.986533096635231,-0.11521606610549,-0.072495356345023
4.38108651802089,0.0541904344161037,0.0340834376832388,0.00994537803679654,0.099439871236162,0.0514124255315135,0.00205855028999673,0,0,0,0,0,0,0,0,0,0.985377023649752,-0.115943872449503,-0.0730318555025002
4.39108899865564,0.0545318504034851,0.0341827800268988,0.00991814500453241,0.0999542234565495,0.0514322515626199,0.00190564106585644,0,0,0,0,0,0,0,0,0,0.984213643957442,-0.116677065546257,-0.0735724516490303
4.40109147929039,0.0548742586965894,0.0342818494281315,0.00989080346263232,0.100468766334056,0.0514505471901284,0.0017525467571273,0,0,0,0,0,0,0,0,0,0.98304290347246,-0.117415686495244,-0.0741171686170855
4.41109395992514,0.0552176565599241,0.0343806448127682,0.00986335564956849,0.100983484551719,0.0514673106010774,0.00159927502965738,0,0,0,0,0,0,0,0,0,0.981864747696673,-0.118159776633847,-0.0746660301181127
4.42109644055989,0.0555620412473647,0.03447916512902,0.00983580380171532,0.101498362774823,0.0514825400591536,0.00144583354336744,0,0,0,0,0,0,0,0,0,0.980679121717287,-0.118909377535904,-0.0752190597060139
4.43109892119464,0.055907410002378,0.0345774093474564,0.00980815015317932,0.102013385651671,0.0514962339046303,0.00129222995177058,0,0,0,0,0,0,0,0,0,0.979485970204487,-0.119664531009994,-0.0757762807771795
4.44110140182939,0.0562537600582457,0.0346753764609811,0.00978039693562891,0.102528537814345,0.0515083905543009,0.00113847190149136,0,0,0,0,0,0,0,0,0,0.978285237409099,-0.120425279097999,-0.0763377165642416
4.45110388246414,0.0566010886382873,0.0347730654848073,0.00975254637812422,0.103043803879474,0.0515190085014074,0.000984567031784648,0,0,0,0,0,0,0,0,0,0.977076867160262,-0.121191664073264,-0.0769033901267256
4.46110636309889,0.0569493929560839,0.0348704754564306,0.00972460070694706,0.103559168449,0.0515280863155647,0.000830522974055542,0,0,0,0,0,0,0,0,0,0.975860802863127,-0.121963728438977,-0.0774733243402703
4.47110884373364,0.0572986702157001,0.0349676054356002,0.00969656214543058,0.104074616110936,0.0515356226426792,0.000676347351377958,0,0,0,0,0,0,0,0,0,0.974636987496556,-0.122741514926111,-0.0780475418582663
4.48111132436839,0.0576489176119072,0.0350644545042889,0.0096684329137893,0.104590131440133,0.0515416162048633,0.000522047778014374,0,0,0,0,0,0,0,0,0,0.97340536361087,-0.123525066491032,-0.0786260651368846
4.49111380500314,0.0580001323304047,0.0351610217666606,0.00964021522894883,0.105105698999041,0.051546065800345,0.000367631858934746,0,0,0,0,0,0,0,0,0,0.972165873325591,-0.124314426313947,-0.0792089164134241
4.5011162856379,0.0583523115480426,0.035257306349037,0.00961191130437576,0.105621303338469,0.0515489703033722,0.000213107189335859,0,0,0,0,0,0,0,0,0,0.970918458327219,-0.125109637796082,-0.0797961176629872
4.51111876627265,0.0587054524330421,0.0353533073998618,0.00958352334990752,0.106136928998348,0.0515503286641129,5.84813541606656e-05,0,0,0,0,0,0,0,0,0,0.969663059867039,-0.125910744557252,-0.0803876906262744
4.5211212469074,0.0590595521452179,0.0354490240896638,0.00955505357158216,0.106652560508483,0.0515501399085498,-9.62380723828228e-05,0,0,0,0,0,0,0,0,0,0.968399618758937,-0.126717790433605,-0.0809836567743367
4.53112372754215,0.0594146078361977,0.035544455611018,0.00952650417146826,0.107168182389319,0.0515484031383711,-0.000251043527301806,0,0,0,0,0,0,0,0,0,0.967128075377258,-0.127530819474485,-0.0815840372919371
4.5411262081769,0.0597706166496434,0.0356396011785047,0.00949787734749477,0.107683779152691,0.0515451175308554,-0.000405927459299701,0,0,0,0,0,0,0,0,0,0.965848369654682,-0.12834987593984,-0.08218885307783
4.55112868881165,0.0601275757214703,0.0357344600286679,0.00946917529328082,0.108199335302584,0.0515402823387525,-0.00056088232925708,0,0,0,0,0,0,0,0,0,0.964560441080136,-0.129175004297092,-0.0827981247136368
4.5611311694464,0.0604854821800671,0.0358290314199707,0.00944040019796554,0.108714835335885,0.0515338968901593,-0.000715900610712222,0,0,0,0,0,0,0,0,0,0.963264228696731,-0.130006249217923,-0.0834118724622512
4.57113365008115,0.0608443331465148,0.0359233146327501,0.00941155424603798,0.109230263743136,0.0515259605883905,-0.000870974790341798,0,0,0,0,0,0,0,0,0,0.961959671099738,-0.130843655575116,-0.084030116239815
4.5811361307159,0.0612041257348049,0.0360173089691692,0.00938263961716697,0.109745605009289,0.0515164729118451,-0.00102609736844174,0,0,0,0,0,0,0,0,0,0.960646706434591,-0.131687268438772,-0.0846528756065008
4.59113861135065,0.0615648570520581,0.0361110137531685,0.00935365848603077,0.11026084361445,0.0515054334138677,-0.00118126085940811,0,0,0,0,0,0,0,0,0,0.959325272394934,-0.132537133072976,-0.0852801697580037
4.6011410919854,0.0619265241987413,0.0362044283304153,0.00932461302214722,0.110775964034633,0.0514928417226047,-0.00133645779221764,0,0,0,0,0,0,0,0,0,0.957995306220695,-0.133393294931838,-0.0859120174841596
4.61114357262016,0.0622891242688849,0.0362975520682504,0.00929550538970328,0.111290950742507,0.0514786975408566,-0.00149168071090876,0,0,0,0,0,0,0,0,0,0.956656744696211,-0.134255799655331,-0.0865484371716156
4.62114605325491,0.0626526543502994,0.0363903843556348,0.00926633774738508,0.111805788208139,0.0514630006459246,-0.00164692217506206,0,0,0,0,0,0,0,0,0,0.955309524148384,-0.135124693065392,-0.0871894467948487
4.63114853388966,0.0630171115247914,0.0364829246030935,0.00923711224820769,0.112320460899743,0.051445750889453,-0.00180217476028114,0,0,0,0,0,0,0,0,0,0.953953580444885,-0.136000021161571,-0.0878350638720268
4.64115101452441,0.0633824928683785,0.0365751722426579,0.009207831039345,0.112834953284419,0.051426948197266,-0.00195743105867367,0,0,0,0,0,0,0,0,0,0.952588848992396,-0.136881830116256,-0.0884853054509973
4.65115349515916,0.063748795451505,0.0366671267278064,0.00917849626195943,0.113349249828893,0.0514065925692007,-0.00211268367933171,0,0,0,0,0,0,0,0,0,0.951215264734911,-0.137770166270039,-0.0891401881067093
4.66115597579391,0.0641160163392552,0.0367587875334037,0.00914911005103201,0.113863335000263,0.0513846840789346,-0.00226792524881275,0,0,0,0,0,0,0,0,0,0.949832762152071,-0.138665076126887,-0.0897997279086518
4.67115845642866,0.0644841525915677,0.036850154155638,0.00911967453519199,0.114377193266729,0.0513612228738089,-0.00242314841162038,0,0,0,0,0,0,0,0,0,0.94844127525756,-0.139566606348863,-0.0904639404043271
4.68116093706341,0.0648532012634481,0.0369412261119564,0.00909019183654684,0.114890809098336,0.0513362091746458,-0.00257834583068496,0,0,0,0,0,0,0,0,0,0.947040737597546,-0.140474803750962,-0.0911328406015157
4.69116341769816,0.0652231594051813,0.0370320029409992,0.00906066407051208,0.1154041669677,0.0513096432755625,-0.00273351018784464,0,0,0,0,0,0,0,0,0,0.945631082249181,-0.141389715295476,-0.0918064429301867
4.70116589833291,0.0655940240625431,0.0371224842025321,0.00903109334564095,0.115917251350748,0.0512815255437793,-0.00288863418432582,0,0,0,0,0,0,0,0,0,0.944212241819154,-0.142311388086071,-0.0924847612273281
4.71116837896766,0.0659657922770113,0.0372126694773761,0.00900148176345454,0.116430046727445,0.0512518564194235,-0.00304371054122423,0,0,0,0,0,0,0,0,0,0.94278414844231,-0.143239869361848,-0.0931678087463883
4.72117085960241,0.0663384610859758,0.0373025583673369,0.00897183141827139,0.116942537582519,0.051220636415328,-0.00319873199998532,0,0,0,0,0,0,0,0,0,0.941346733780322,-0.144175206491607,-0.0938555980971872
4.73117334023717,0.0667120275229483,0.0373921504951321,0.00894214439703744,0.117454708406195,0.0511878661168255,-0.00335369132288523,0,0,0,0,0,0,0,0,0,0.939899929020423,-0.145117446966708,-0.0945481412135288
4.74117582087192,0.0670864886177709,0.037481445504316,0.00891242277915587,0.11796654369491,0.0511535461815379,-0.00350858129351172,0,0,0,0,0,0,0,0,0,0.938443664874224,-0.146066638394687,-0.0952454493658287
4.75117830150667,0.0674618413968245,0.037570443059204,0.00888266863631699,0.118478027952042,0.0511176773391601,-0.00366339471724454,0,0,0,0,0,0,0,0,0,0.936977871576571,-0.147022828492368,-0.0959475331116014
4.76118078214142,0.0678380828832355,0.0376591428447939,0.00885288403232793,0.118989145688627,0.0510802603912405,-0.00381812442173661,0,0,0,0,0,0,0,0,0,0.935502478884501,-0.147986065078489,-0.0966544022813385
4.77118326277617,0.0682152100970828,0.0377475445666868,0.00882307102294264,0.119499881424076,0.051041296210955,-0.00397276325739428,0,0,0,0,0,0,0,0,0,0.93401741607625,-0.148956396066533,-0.0973660659419972
4.78118574341092,0.0685932200556033,0.0378356479510055,0.00879323165569166,0.120010219686893,0.0510007857428776,-0.00412730409785866,0,0,0,0,0,0,0,0,0,0.932522611950346,-0.149933869456622,-0.0980825323679201
4.79118822404567,0.0689721097733967,0.0379234527443111,0.00876336796971199,0.120520145015384,0.0509587300027455,-0.00428173984048591,0,0,0,0,0,0,0,0,0,0.931017994824783,-0.150918533327768,-0.098803809042795
4.80119070468042,0.0693518762626294,0.0380109587135187,0.00873348199557695,0.121029641958371,0.0509151300772191,-0.0044360634068282,0,0,0,0,0,0,0,0,0,0.929503492536274,-0.151910435829803,-0.0995299026061093
4.81119318531517,0.069732516533238,0.0380981656458104,0.00870357575512594,0.1215386950759,0.0508699871236378,-0.00459026774311465,0,0,0,0,0,0,0,0,0,0.927979032439575,-0.15290962517456,-0.100260818805533
4.82119566594992,0.0701140275931314,0.0381850733485475,0.00867365126129437,0.122047288939943,0.0508233023697709,-0.00474434582073177,0,0,0,0,0,0,0,0,0,0.926444541406923,-0.153916149626856,-0.100996562502414
4.83119814658467,0.070496406448392,0.0382716816491803,0.00864371051794351,0.122555408135106,0.0507750771135635,-0.00489829063670417,0,0,0,0,0,0,0,0,0,0.924899945827539,-0.154930057495774,-0.101737137643152
4.84120062721943,0.0708796501034765,0.0383579903951567,0.00861375551969025,0.123063037259327,0.0507253127228775,-0.0050520952141759,0,0,0,0,0,0,0,0,0,0.923345171607238,-0.155951397125077,-0.102482547207303
4.85120310785418,0.0712637555614153,0.0384439994538285,0.00858378825173705,0.123570160924575,0.050674010635228,-0.00520575260289046,0,0,0,0,0,0,0,0,0,0.921780144168127,-0.156980216883456,-0.103232793177856
4.86120558848893,0.0716487198240112,0.0385297087123572,0.00855381068970165,0.124076763757543,0.050621172357515,-0.00535925587967212,0,0,0,0,0,0,0,0,0,0.920204788448406,-0.158016565154343,-0.103987876508627
4.87120806912368,0.0720345398920368,0.0386151180776162,0.00852382479944703,0.124582830400347,0.0505667994657498,-0.0055125981489064,0,0,0,0,0,0,0,0,0,0.918619028902275,-0.159060490325509,-0.104747797114317
4.88121054975843,0.0724212127654317,0.0387002274760931,0.0084938325369113,0.125088345511206,0.0505108936047774,-0.0056657725430209,0,0,0,0,0,0,0,0,0,0.917022789499937,-0.16011204077868,-0.105512553824904
4.89121303039318,0.0728087354434975,0.0387850368537894,0.00846383584793732,0.125593293765138,0.0504534564879932,-0.00581877222296605,0,0,0,0,0,0,0,0,0,0.915415993727717,-0.161171264878222,-0.106282144337139
4.90121551102793,0.0731971049250931,0.0388695461761187,0.00843383666810281,0.126097659854641,0.0503944898970552,-0.00597159037869601,0,0,0,0,0,0,0,0,0,0.913798564588291,-0.162238210959784,-0.107056565178676
4.91121799166268,0.0735863182088281,0.0389537554278031,0.00840383692254995,0.126601428490373,0.0503339956815916,-0.00612422022964914,0,0,0,0,0,0,0,0,0,0.912170424601033,-0.163312927318267,-0.107835811691617
4.92122047229743,0.0739763722932553,0.0390376646127679,0.00837383852581543,0.127104584401831,0.0502719757589043,-0.00627665502522914,0,0,0,0,0,0,0,0,0,0.91053149580248,-0.16439546219614,-0.108619878003365
4.93122295293218,0.0743672641770625,0.0391212737540349,0.00834384338166019,0.127607112338028,0.0502084321136652,-0.00642888804528531,0,0,0,0,0,0,0,0,0,0.908881699746917,-0.165485863770823,-0.109408756955595
4.94122543356693,0.0747589908592626,0.0392045828936136,0.00831385338289928,0.128108997068166,0.0501433667976107,-0.00658091260059389,0,0,0,0,0,0,0,0,0,0.907220957507095,-0.166584180141581,-0.110202440094367
4.95122791420169,0.0751515493393834,0.0392875920923909,0.00828387041123165,0.128610223382299,0.0500767819292291,-0.00673272203333829,0,0,0,0,0,0,0,0,0,0.905549189675073,-0.167690459316715,-0.111000917618958
4.96123039483644,0.0755449366176556,0.0393703014300189,0.0082538963370702,0.129110776092008,0.0500086796934442,-0.00688430971759034,0,0,0,0,0,0,0,0,0,0.903866316363199,-0.168804749199428,-0.111804178330114
4.97123287547119,0.0759391496952001,0.0394527110048015,0.00822393301937125,0.129610640031057,0.0499390623412941,-0.00703566905979064,0,0,0,0,0,0,0,0,0,0.902172257205231,-0.169927097573977,-0.112612209615192
4.98123535610594,0.0763341855742137,0.0395348209335787,0.00819398230546482,0.130109800056057,0.049867932189605,-0.00718679349922942,0,0,0,0,0,0,0,0,0,0.900466931357593,-0.171057552091253,-0.113424997406675
4.99123783674069,0.0767300412581542,0.0396166313516097,0.00816404603088409,0.13060824104712,0.0497952916206606,-0.00733767650852759,0,0,0,0,0,0,0,0,0,0.898750257500789,-0.172196160254091,-0.114242526117751
5.00124031737544,0.077126713751924,0.0396981424124535,0.00813412601919557,0.131105947908512,0.049721143081865,-0.00748831159411711,0,0,0,0,0,0,0,0,0,0.897022153840953,-0.173342969401568,-0.115064778604329
5.01124279801019,0.0775242000620523,0.0397793542878489,0.00810422408182864,0.131602905569304,0.0496454890854038,-0.00763869229672197,0,0,0,0,0,0,0,0,0,0.895282538111571,-0.174498026693555,-0.115891736142012
5.02124527864494,0.0779224971968767,0.0398602671675924,0.00807434201790571,0.132099098984017,0.0495683322078974,-0.00778881219183885,0,0,0,0,0,0,0,0,0,0.893531327575344,-0.175661379094544,-0.116723378352622
5.03124775927969,0.0783216021667231,0.0399408812594135,0.00804448161407174,0.132594513133268,0.0494896750900514,-0.00793866489021806,0,0,0,0,0,0,0,0,0,0.891768439026237,-0.176833073356744,-0.117559683184029
5.04125023991444,0.0787215119840843,0.0400211967888496,0.00801464464432429,0.133089133024403,0.0494095204363015,-0.00808824403834395,0,0,0,0,0,0,0,0,0,0.889993788791675,-0.178013156003496,-0.118400626848001
5.05125272054919,0.0791222236637974,0.0401012139991185,0.00798483286984338,0.133582943692137,0.0493278710144533,-0.00823754331891611,0,0,0,0,0,0,0,0,0,0.888207292734925,-0.179201673311123,-0.11924618377459
5.06125520118395,0.0795237342232202,0.0401809331509895,0.00795504803882123,0.134075930199189,0.0492447296553186,-0.00838655645132988,0,0,0,0,0,0,0,0,0,0.886408866257656,-0.180398671291442,-0.120096326583223
5.0712576818187,0.0799260406824065,0.0402603545226523,0.00792529188629202,0.134568077636901,0.0491600992523446,-0.00853527719215694,0,0,0,0,0,0,0,0,0,0.88459842430267,-0.18160419567303,-0.120951025996546
5.08126016245345,0.0803291400642787,0.0403394784095849,0.0078955661339621,0.135059371125874,0.0490739827612407,-0.00868369933562658,0,0,0,0,0,0,0,0,0,0.882775881356838,-0.18281829188201,-0.121810250825973
5.0912626430882,0.0807330293948009,0.0404183051244191,0.00786587249003947,0.135549795816579,0.0489863831995989,-0.00883181671410574,0,0,0,0,0,0,0,0,0,0.880941151454214,-0.184041005023032,-0.122673967907606
5.10126512372295,0.0811377057031495,0.040496834996805,0.0078362126490636,0.13603933688998,0.0488973036465104,-0.0089796231985808,0,0,0,0,0,0,0,0,0,0.879094148179352,-0.185272379858778,-0.123542142044127
5.1112676043577,0.0815431660218826,0.0405750683732729,0.00780658829173571,0.136527979558145,0.0488067472421762,-0.00912711269913714,0,0,0,0,0,0,0,0,0,0.877234784670831,-0.186512460789776,-0.124414735967458
5.12127008499245,0.0819494073871087,0.0406530056170948,0.00777700108474806,0.137015709064856,0.0487147171875142,-0.00927427916544067,0,0,0,0,0,0,0,0,0,0.875362973624974,-0.187761291833162,-0.125291710263015
5.1312725656272,0.0823564268386525,0.0407306471081427,0.00774745268061422,0.137502510686216,0.0486212167437607,-0.00942111658721861,0,0,0,0,0,0,0,0,0,0.873478627299797,-0.189018916600977,-0.126173023343178
5.14127504626195,0.0827642214202212,0.0408079932427463,0.00771794471749874,0.137988369731245,0.0485262492320672,-0.00956761899473973,0,0,0,0,0,0,0,0,0,0.871581657519168,-0.190285378278398,-0.127058631378671
5.1512775268967,0.083172788179568,0.0408850444335484,0.00768847881904686,0.138473271542483,0.0484298180330926,-0.00971378045929575,0,0,0,0,0,0,0,0,0,0.869671975677185,-0.191560719600664,-0.127948488233913
5.16128000753145,0.0835821241686543,0.0409618011093592,0.00765905659421469,0.138957201496581,0.0483319265865905,-0.00985959509368146,0,0,0,0,0,0,0,0,0,0.867749492742799,-0.192844982830009,-0.128842545424238
5.1712824881662,0.083992226443811,0.0410382637150081,0.00762967963709877,0.139440145004887,0.0482325783909915,-0.0100050570526762,0,0,0,0,0,0,0,0,0,0.865814119264653,-0.194138209731739,-0.12974075205326
5.18128496880096,0.0844030920658979,0.0411144327111944,0.007600349526766,0.139922087514038,0.0481317770029809,-0.0101501605335237,0,0,0,0,0,0,0,0,0,0.863865765376185,-0.19544044154991,-0.130643054758244
5.19128744943571,0.0848147181004617,0.0411903085743363,0.0075710678270835,0.140403014506533,0.0480295260370717,-0.0102948997764138,0,0,0,0,0,0,0,0,0,0.861904340800953,-0.196751718982307,-0.131549397636083
5.20128993007046,0.0852271016178924,0.0412658917964175,0.0075418360865485,0.140882911501313,0.0479258291651723,-0.0104392690649626,0,0,0,0,0,0,0,0,0,0.859929754858236,-0.198072082154646,-0.13245972221457
5.21129241070521,0.0856402396935783,0.0413411828848333,0.00751265583811798,0.141361764054335,0.0478206901161503,-0.0105832627266934,0,0,0,0,0,0,0,0,0,0.857941916468879,-0.199401570594979,-0.133373967359255
5.22129489133996,0.0860541294080594,0.0414161823622336,0.00748352859903888,0.141839557759133,0.0477141126753898,-0.0107268751335176,0,0,0,0,0,0,0,0,0,0.855940734161405,-0.200740223206028,-0.134292069205343
5.23129737197471,0.0864687678471789,0.0414908907663655,0.00745445587067756,0.142316278247388,0.0476061006843467,-0.0108701007022149,0,0,0,0,0,0,0,0,0,0.853926116078412,-0.202088078238233,-0.135213961144061
5.24129985260946,0.0868841521022338,0.0415653086499133,0.00742543913834991,0.142791911189482,0.0474966580400959,-0.0110129338949151,0,0,0,0,0,0,0,0,0,0.851897969983222,-0.203445173261811,-0.136139573719683
5.25130233324421,0.0873002792701235,0.041639436580337,0.00739647987115098,0.143266442295055,0.0473857886948762,-0.0111553692195777,0,0,0,0,0,0,0,0,0,0.849856203266842,-0.204811545137742,-0.137068834576229
5.26130481387896,0.0877171464534963,0.0417132751397097,0.00736757952178509,0.143739857313552,0.0472734966556293,-0.0112974012304734,0,0,0,0,0,0,0,0,0,0.847800722955194,-0.206187229988764,-0.138001668386158
5.27130729451371,0.0881347507608953,0.041786824924552,0.00733873952639535,0.14421214203477,0.0471597859835335,-0.0114390245286647,0,0,0,0,0,0,0,0,0,0.845731435716651,-0.207572263168933,-0.138937996785439
5.28130977514846,0.0885530893069018,0.0418600865456664,0.00730996130439389,0.144683282289396,0.0470446607935347,-0.0115802337624865,0,0,0,0,0,0,0,0,0,0.843648247869877,-0.208966679233319,-0.139877738317564
5.29131225578321,0.0889721592122773,0.0419330606279684,0.00728124625829133,0.145153263949544,0.0469281252538695,-0.0117210236280273,0,0,0,0,0,0,0,0,0,0.841551065391972,-0.210370511906442,-0.140820808364347
5.30131473641797,0.089391957604104,0.042005747810317,0.00725259577352673,0.145622072929286,0.0468101835855868,-0.0118613888696093,0,0,0,0,0,0,0,0,0,0.839439793926943,-0.211783794050588,-0.14176711907728
5.31131721705272,0.0898124816159233,0.0420781487453427,0.00722401121829776,0.146089695185176,0.0466908400620612,-0.0120013242802694,0,0,0,0,0,0,0,0,0,0.837314338794482,-0.213206557632872,-0.14271657929445
5.32131969768747,0.0902337283878723,0.0421502640992748,0.00719549394338998,0.146556116716773,0.0465700990085048,-0.0121408247022406,0,0,0,0,0,0,0,0,0,0.835174604999094,-0.214638833691889,-0.143669094493242
5.33132217832222,0.09065569506682,0.0422220945517656,0.00716704528200721,0.147021323567156,0.0464479648014718,-0.0122798850274316,0,0,0,0,0,0,0,0,0,0.833020497239545,-0.216080652303833,-0.14462456670395
5.34132465895697,0.0910783788064994,0.0422936407957145,0.00713866654960095,0.147485301823433,0.0463244418683598,-0.0124185001979088,0,0,0,0,0,0,0,0,0,0.830851919918667,-0.21753204254742,-0.145582894449278
5.35132713959172,0.09150177676764,0.0423649035370889,0.0071103590437005,0.147948037617252,0.0461995346869053,-0.0125566652063759,0,0,0,0,0,0,0,0,0,0.828668777153508,-0.218993032468793,-0.146543972676721
5.36132962022647,0.0919258861180974,0.0424358834947445,0.00708212404374277,0.148409517125298,0.0460732477846749,-0.0126943750966554,0,0,0,0,0,0,0,0,0,0.826470972785838,-0.220463649045097,-0.147507692683182
5.37133210086122,0.092350704032981,0.0425065814002432,0.007053962810902,0.148869726569789,0.0459455857385516,-0.0128316249641693,0,0,0,0,0,0,0,0,0,0.824258410393028,-0.221943918147874,-0.148473942031238
5.38133458149597,0.0927762276947806,0.04257699799767,0.00702587658791972,0.14932865221897,0.0458165531742163,-0.0129684099564197,0,0,0,0,0,0,0,0,0,0.822030993299288,-0.223433864504962,-0.149442604488401
5.39133706213072,0.0932024542934905,0.0426471340434473,0.00699786659893446,0.149786280387593,0.0456861547656246,-0.0131047252734695,0,0,0,0,0,0,0,0,0,0.819788624587311,-0.224933511662678,-0.150413559974763
5.40133954276547,0.0936293810267321,0.0427169903061482,0.0069699340493119,0.150242597437402,0.0455543952344783,-0.0132405661684232,0,0,0,0,0,0,0,0,0,0.817531207110263,-0.226442881946665,-0.151386684451091
5.41134202340023,0.0940570050998742,0.0427865675663078,0.00694208012547426,0.150697589777608,0.0454212793496928,-0.0133759279479078,0,0,0,0,0,0,0,0,0,0.815258643504214,-0.22796199642184,-0.152361849863887
5.42134450403498,0.0944853237261522,0.0428558666162332,0.00691430599473048,0.151151243865355,0.045286811926859,-0.0135108059725535,0,0,0,0,0,0,0,0,0,0.812970836200926,-0.229490874852142,-0.153338924081301
5.43134698466973,0.0949143341267844,0.0429248882598107,0.00688661280510603,0.151603546206185,0.0451509978277011,-0.0136451956574744,0,0,0,0,0,0,0,0,0,0.810667687441092,-0.231029535659193,-0.154317770817901
5.44134946530448,0.0953440335310872,0.042993633312313,0.00685900168517259,0.152054483354499,0.0450138419595289,-0.0137790924727494,0,0,0,0,0,0,0,0,0,0.808349099287953,-0.232577995880549,-0.155298249526097
5.45135194593923,0.0957744191765878,0.0430621026002032,0.00683147374387804,0.152504041914011,0.0448753492746859,-0.0139124919439025,0,0,0,0,0,0,0,0,0,0.806014973641364,-0.234136271126185,-0.156280215378641
5.46135442657398,0.0962054883091352,0.0431302969609375,0.00680403007037634,0.152952208538189,0.0447355247699924,-0.0140453896523842,0,0,0,0,0,0,0,0,0,0.803665212252288,-0.235704375536389,-0.157263519186607
5.47135690720873,0.0966372381830093,0.043198217242767,0.0067766717338571,0.153398969930706,0.0445943734861826,-0.0141777812360522,0,0,0,0,0,0,0,0,0,0.801299716737706,-0.237282321736618,-0.158248007251429
5.48135938784348,0.0970696660610277,0.0432658643045366,0.00674939978337582,0.15384431284587,0.0444519005073397,-0.0143096623896513,0,0,0,0,0,0,0,0,0,0.79891838859601,-0.238870120792429,-0.159233521371488
5.49136186847823,0.0975027692146507,0.043333239015483,0.00672221524768337,0.154288224089057,0.0443081109603231,-0.0144410288652955,0,0,0,0,0,0,0,0,0,0.796521129222812,-0.240467782164461,-0.160219898766215
5.50136434911298,0.0979365449240843,0.0434003422550307,0.00669511913505613,0.154730690517137,0.0441630100141932,-0.0145718764729477,0,0,0,0,0,0,0,0,0,0.794107839927247,-0.242075313661851,-0.161206971970185
5.51136682974774,0.098370990478381,0.0434671749125864,0.00666811243312566,0.15517169903889,0.0440166028796292,-0.0147022010809004,0,0,0,0,0,0,0,0,0,0.791678421948704,-0.243692721395098,-0.162194568756973
5.52136931038249,0.0988061031755384,0.0435337378873315,0.0066411961087085,0.155611236615423,0.0438688948083444,-0.0148319986162581,0,0,0,0,0,0,0,0,0,0.789232776474078,-0.245320009727958,-0.163182512089508
5.53137179101724,0.0992418803225968,0.0436000320880132,0.00661437110763625,0.156049290260576,0.0437198910924947,-0.0149612650654153,0,0,0,0,0,0,0,0,0,0.786770804655463,-0.246957181229309,-0.164170620053877
5.54137427165199,0.0996783192357325,0.043666058432734,0.00658763835458512,0.156485847041322,0.0435695970640839,-0.0150899964745402,0,0,0,0,0,0,0,0,0,0.784292407628361,-0.248604236623726,-0.16515870577041
5.55137675228674,0.100115417240351,0.0437318178487382,0.00656099875290592,0.156920894078166,0.0434180180943624,-0.0152181889500531,0,0,0,0,0,0,0,0,0,0.781797486530371,-0.250261174741567,-0.166146577324044
5.56137923292149,0.100553171671179,0.0437973112721993,0.00653445318445406,0.157354418545531,0.0432651595932232,-0.0153458386591084,0,0,0,0,0,0,0,0,0,0.779285942520396,-0.251927992468153,-0.167134037706314
5.57138171355624,0.100991579872348,0.0438625396480029,0.00650800250941909,0.157786407672145,0.0431110270085913,-0.0154729418300754,0,0,0,0,0,0,0,0,0,0.776757676798342,-0.253604684692697,-0.168120884732713
5.58138419419099,0.101430639197485,0.0439275039295296,0.0064816475661547,0.158216848741413,0.0429556258258092,-0.0155994947530183,0,0,0,0,0,0,0,0,0,0.774212590625354,-0.255291244255826,-0.1691069110035
5.59138667482574,0.101870347009797,0.0439922050784357,0.00645538917100865,0.158645729091795,0.0427989615670177,-0.0157254937801779,0,0,0,0,0,0,0,0,0,0.771650585344562,-0.256987661897727,-0.170091903807772
5.60138915546049,0.102310700682145,0.0440566440644324,0.00642922811815237,0.159073036117167,0.0426410397905305,-0.0158509353264513,0,0,0,0,0,0,0,0,0,0.76907156240235,-0.258693926203756,-0.171075645054975
5.61139163609524,0.102751697597135,0.0441208218650628,0.00640316517941102,0.159498757267178,0.0424818660902071,-0.0159758158698735,0,0,0,0,0,0,0,0,0,0.7664754233702,-0.260410023551207,-0.172057911269537
5.62139411672999,0.103193335147185,0.0441847394654778,0.00637720110409334,0.159922880047606,0.0423214460948163,-0.0161001319520979,0,0,0,0,0,0,0,0,0,0.763862069967018,-0.262135938054814,-0.173038473430368
5.63139659736474,0.103635610734604,0.0442483978582098,0.00635133661882126,0.160345392020704,0.0421597854673996,-0.0162238801788772,0,0,0,0,0,0,0,0,0,0.761231404082069,-0.263871651510315,-0.174017096996883
5.6413990779995,0.104078521771668,0.0443117980429451,0.00632557242736006,0.160766280805536,0.0419968899046268,-0.0163470572205438,0,0,0,0,0,0,0,0,0,0.758583327798435,-0.265617143340468,-0.174993541844455
5.65140155863425,0.104522065680684,0.0443749410262944,0.006299909210448,0.161185534078313,0.041832765136147,-0.0164696598124908,0,0,0,0,0,0,0,0,0,0.755917743417027,-0.267372390537327,-0.175967562121833
5.661404039269,0.104966239894063,0.0444378278215617,0.00627434762562615,0.16160313957272,0.0416674169239369,-0.0165916847556525,0,0,0,0,0,0,0,0,0,0.753234553481201,-0.269137367605404,-0.176938906324617
5.67140651990375,0.105411041854382,0.0445004594485112,0.0062488883070684,0.162019085080233,0.0415008510616416,-0.0167131289169861,0,0,0,0,0,0,0,0,0,0.750533660801906,-0.270912046505419,-0.177907317141604
5.6814090005385,0.105856469014453,0.0445628369331328,0.00622353186541116,0.162433358450436,0.0413330733739118,-0.0168339892299511,0,0,0,0,0,0,0,0,0,0.747814968483419,-0.272696396594383,-0.17887253142932
5.69141148117325,0.106302518837378,0.0446249613074059,0.00619827888758328,0.162845947591326,0.0411640897157377,-0.0169542626949908,0,0,0,0,0,0,0,0,0,0.745078379949702,-0.27449038456884,-0.179834280219351
5.701413961808,0.10674918879661,0.0446868336090614,0.0061731299366358,0.163256840469612,0.0409939059717741,-0.0170739463800133,0,0,0,0,0,0,0,0,0,0.742323798971269,-0.2762939744051,-0.18079228858654
5.71141644244275,0.107196476376011,0.044748454881342,0.00614808555157196,0.163666025111012,0.0408225280556661,-0.0171930374208716,0,0,0,0,0,0,0,0,0,0.739551129692732,-0.278107127299838,-0.181746275701941
5.7214189230775,0.107644379069904,0.0448098261727607,0.00612314624717689,0.164073489600536,0.0406499619093643,-0.0173115330218448,0,0,0,0,0,0,0,0,0,0.736760276660863,-0.279929801611393,-0.182695954710368
5.73142140371225,0.108092894383126,0.0448709485368578,0.00609831251384749,0.164479222082766,0.0404762135024397,-0.017429430456119,0,0,0,0,0,0,0,0,0,0.733951144853316,-0.281761952797914,-0.183641032708946
5.741423884347,0.108542019831074,0.0449318230319563,0.00607358481742239,0.164883210762132,0.0403012888313917,-0.0175467270662674,0,0,0,0,0,0,0,0,0,0.731123639707922,-0.283603533358227,-0.18458121079894
5.75142636498176,0.108991752939757,0.0449924507209149,0.00604896359901147,0.165285443903174,0.0401251939189515,-0.0176634202647318,0,0,0,0,0,0,0,0,0,0.728277667152591,-0.285454492771024,-0.185516183951757
5.76142884561651,0.109442091245833,0.0450528326708804,0.00602444927482627,0.165685909830803,0.0399479348133806,-0.0177795075343029,0,0,0,0,0,0,0,0,0,0.725413133635832,-0.287314777433048,-0.186445641030482
5.77143132625126,0.109893032296657,0.0451129699530373,0.00600004223600916,0.166084596930552,0.0397695175877656,-0.0178949864286011,0,0,0,0,0,0,0,0,0,0.722529946157888,-0.289184330598707,-0.187369264793139
5.78143380688601,0.110344573650317,0.0451728636423566,0.00597574284846373,0.166481493648822,0.0395899483393058,-0.0180098545725578,0,0,0,0,0,0,0,0,0,0.719628012302458,-0.291063092318329,-0.188286731827808
5.79143628752076,0.110796712875673,0.045232514817342,0.00595155145268442,0.166876588493117,0.0394092331885992,-0.0181241096628952,0,0,0,0,0,0,0,0,0,0.716707240269078,-0.292950999376483,-0.189197712556336
5.80143876815551,0.111249447552385,0.0452919245597757,0.00592746836358618,0.167269870032279,0.0392273782789209,-0.0182377494686079,0,0,0,0,0,0,0,0,0,0.71376753890607,-0.294847985230297,-0.190101871237254
5.81144124879026,0.111702775270954,0.0453510939544606,0.00590349387033468,0.167661326896706,0.0390443897754983,-0.0183507718314432,0,0,0,0,0,0,0,0,0,0.710808817744155,-0.296753979947844,-0.190998865996984
5.82144372942501,0.112156693632742,0.045410024088963,0.00587962823617597,0.16805094777857,0.0388602738647809,-0.018463174666382,0,0,0,0,0,0,0,0,0,0.707830987030643,-0.298668910147086,-0.191888348793303
5.83144621005976,0.112611200250003,0.0454687160533516,0.00585587169826626,0.168438721432029,0.0386750367537051,-0.0185749559621199,0,0,0,0,0,0,0,0,0,0.704833957764259,-0.300592698933523,-0.192769965363366
5.84144869069451,0.113066292745908,0.0455271709399365,0.00583222446750184,0.168824636673422,0.0384886846689542,-0.018686113781547,0,0,0,0,0,0,0,0,0,0.701817641730583,-0.302525265838103,-0.193643355323801
5.85145117132926,0.11352196875456,0.0455853898430047,0.00580868672834891,0.169208682381467,0.0383012238562155,-0.0187966462622298,0,0,0,0,0,0,0,0,0,0.698781951538122,-0.304466526756872,-0.194508152228083
5.86145365196402,0.113978225921019,0.0456433738585556,0.00578525863867349,0.169590847497446,0.0381126605794288,-0.0189065516168913,0,0,0,0,0,0,0,0,0,0.695726800654952,-0.306416393890028,-0.19536398349007
5.87145613259877,0.114435061901316,0.0457011240840343,0.00576194032957114,0.169971121025386,0.0379230011200338,-0.0190158281338919,0,0,0,0,0,0,0,0,0,0.692652103446011,-0.308374775680046,-0.1962104704342
5.88145861323352,0.114892474362462,0.0457586416180622,0.00573873190519692,0.170349492032225,0.03773225177621,-0.0191244741777102,0,0,0,0,0,0,0,0,0,0.689557775210981,-0.310341576751735,-0.197047228371767
5.89146109386827,0.115350460982465,0.045815927560167,0.00571563344259515,0.170725949647981,0.0375404188621139,-0.0192324881894237,0,0,0,0,0,0,0,0,0,0.686443732222777,-0.312316697851886,-0.197873866625499
5.90146357450302,0.115809019450333,0.0458729830105111,0.0056926449915293,0.171100483065907,0.0373475087071098,-0.0193398686871895,0,0,0,0,0,0,0,0,0,0.683309891766635,-0.314300035789825,-0.198689988596529
5.91146605513777,0.11626814746608,0.0459298090696172,0.00566976657431173,0.171473081542635,0.0371535276549971,-0.0194466142667255,0,0,0,0,0,0,0,0,0,0.680156172179798,-0.316291483378397,-0.199495191824977
5.92146853577252,0.116727842740729,0.0459864068380932,0.00564699818563385,0.171843734398323,0.036958482063231,-0.0195527236017902,0,0,0,0,0,0,0,0,0,0.676982492891777,-0.318290929375735,-0.200289068024914
5.93147101640727,0.117188102996311,0.0460427774163553,0.00562433979239558,0.172212431016782,0.0367623783021401,-0.0196581954446648,0,0,0,0,0,0,0,0,0,0.673788774465203,-0.32029825842694,-0.201071203129201
5.94147349704202,0.117648925965863,0.0460989219043486,0.00560179133353529,0.172579160845605,0.0365652227541387,-0.0197630286266326,0,0,0,0,0,0,0,0,0,0.670574938637257,-0.322313351006747,-0.201841177461611
5.95147597767677,0.118110309393417,0.046154841401267,0.00557935271985985,0.17294391339628,0.0363670218129345,-0.019867222058461,0,0,0,0,0,0,0,0,0,0.667340908361669,-0.32433608336465,-0.202598565809114
5.96147845831152,0.118572251034,0.0462105370052711,0.00555702383387427,0.173306678244303,0.03616778188273,-0.0199707747308809,0,0,0,0,0,0,0,0,0,0.664086607851246,-0.326366327469015,-0.20334293745629
5.97148093894628,0.119034748653613,0.0462660098132036,0.0055348045296116,0.173667445029276,0.0359675093774218,-0.0200736857150691,0,0,0,0,0,0,0,0,0,0.660811962620982,-0.32840395095289,-0.204073856342327
5.98148341958103,0.119497800029222,0.0463212609203043,0.00551269463246277,0.174026203455001,0.0357662107197916,-0.0201759541631276,0,0,0,0,0,0,0,0,0,0.657516899531682,-0.330448817061261,-0.204790881123107
5.99148590021578,0.119961402948738,0.0463762914199225,0.00549069393900649,0.174382943289567,0.0355638923406961,-0.0202775793085649,0,0,0,0,0,0,0,0,0,0.654201346834119,-0.332500784598105,-0.205493565360701
6.00148838085053,0.120425555210998,0.0464311024032278,0.00546880221683896,0.17473765436542,0.03536056067825,-0.0203785604667772,0,0,0,0,0,0,0,0,0,0.650865234213718,-0.334559707877434,-0.206181457680986
6.01149086148528,0.120890254625742,0.0464856949589198,0.00544701920440393,0.17509032657944,0.0351562221770038,-0.0204788970355283,0,0,0,0,0,0,0,0,0,0.647508492835695,-0.336625436673503,-0.206854101816218
6.02149334212003,0.121355499013586,0.0465400701729353,0.00542534461082233,0.175440949892997,0.0349508832871178,-0.0205785884954314,0,0,0,0,0,0,0,0,0,0.644131055390735,-0.338697816172705,-0.207511036812738
6.03149582275478,0.121821286205991,0.046594229128154,0.00540377811572217,0.175789514331999,0.0347445504635312,-0.0206776344104288,0,0,0,0,0,0,0,0,0,0.640732856141096,-0.340776686927936,-0.208151797181723
6.04149830338953,0.122287614045235,0.0466481729041031,0.00538231936906842,0.176136009986946,0.034537230165126,-0.020776034428273,0,0,0,0,0,0,0,0,0,0.637313830967193,-0.342861884813502,-0.208775913129322
6.05150078402428,0.122754480384376,0.0467019025766596,0.00536096799099304,0.176480427012955,0.0343289288538872,-0.0208737882810085,0,0,0,0,0,0,0,0,0,0.633873917414613,-0.344953240984093,-0.209382910702203
6.06150326465903,0.123221883087212,0.0467554192177508,0.00533972357162428,0.17682275562979,0.0341196529940551,-0.0209708957854504,0,0,0,0,0,0,0,0,0,0.630413054741517,-0.347050581832595,-0.20997231188567
6.07150574529378,0.123689820028245,0.0468087238950535,0.00531858567091722,0.177162986121886,0.0339094090512772,-0.0210673568436678,0,0,0,0,0,0,0,0,0,0.626931183966494,-0.349153728951033,-0.210543634992736
6.08150822592853,0.124158289092632,0.0468618176716913,0.00529755381848301,0.177501108838349,0.0336982034917523,-0.021163171443462,0,0,0,0,0,0,0,0,0,0.623428247916749,-0.351262499096165,-0.211096394806541
6.09151070656329,0.124627288176138,0.0469147016059306,0.00527662751341915,0.177837114192964,0.0334860427813698,-0.0212583396588488,0,0,0,0,0,0,0,0,0,0.619904191276647,-0.353376704153269,-0.211630102690431
6.10151318719804,0.125096815185092,0.0469673767508737,0.0052558062241391,0.178170992664188,0.033272933384846,-0.0213528616505397,0,0,0,0,0,0,0,0,0,0.616358960636619,-0.355496151103948,-0.212144266996451
6.11151566783279,0.125566868036326,0.0470198441541521,0.00523508938820208,0.178502734795127,0.0330588817648542,-0.0214467376664204,0,0,0,0,0,0,0,0,0,0.612792504542355,-0.35762064199808,-0.212638393283413
6.12151814846754,0.126037444657124,0.0470721048576161,0.00521447641214324,0.178832331193521,0.03284389438115,-0.0215399680420345,0,0,0,0,0,0,0,0,0,0.609204773544273,-0.359749973925992,-0.213111984530041
6.13152062910229,0.126508542985161,0.047124159897024,0.00519396667130306,0.179159772531701,0.0326279776896926,-0.021632553201062,0,0,0,0,0,0,0,0,0,0.605595720247261,-0.36188393899467,-0.213564541374515
6.14152310973704,0.126980160968438,0.0471760103017295,0.00517355950965747,0.179485049546554,0.0324111381417595,-0.0217244936558008,0,0,0,0,0,0,0,0,0,0.60196529936063,-0.364022324304728,-0.21399556248536
6.15152559037179,0.127452296565222,0.0472276570943667,0.00515325423964775,0.179808153039468,0.0321933821830608,-0.0218157900076477,0,0,0,0,0,0,0,0,0,0.598313467748312,-0.366164911934035,-0.214404544913044
6.16152807100654,0.127924947743972,0.0472791012905341,0.00513305014201012,0.180129073876271,0.0319747162528414,-0.0219064429475791,0,0,0,0,0,0,0,0,0,0.594640184479139,-0.368311478921718,-0.214790984235394
6.17153055164129,0.128398112483269,0.0473303438984761,0.00511294646560577,0.180447802987164,0.0317551467829862,-0.0219964532566317,0,0,0,0,0,0,0,0,0,0.590945410877369,-0.370461797254703,-0.21515437501273
6.18153303227604,0.128871788771743,0.0473813859187643,0.00509294242725071,0.180764331366644,0.0315346801971147,-0.0220858218063828,0,0,0,0,0,0,0,0,0,0.587229110573229,-0.372615633860812,-0.215494211073023
6.19153551291079,0.129345974607989,0.0474322283439752,0.00507303721154552,0.181078650073413,0.0313133229096733,-0.0221745495594317,0,0,0,0,0,0,0,0,0,0.583491249553573,-0.37477275060102,-0.215809985883231
6.20153799354555,0.129820668000491,0.0474828721583675,0.00505322997070517,0.181390750230284,0.0310910813250242,-0.02226263756988,0,0,0,0,0,0,0,0,0,0.579731796212591,-0.376932904269978,-0.216101192929483
6.2115404741803,0.130295866967535,0.0475333183375573,0.00503351982438918,0.181700623024076,0.0308679618365243,-0.022350086983813,0,0,0,0,0,0,0,0,0,0.575950721402452,-0.379095846595868,-0.216367326011962
6.22154295481505,0.130771569537121,0.0475835678481917,0.00501390585953087,0.182008259705498,0.0306439708256069,-0.02243689903978,0,0,0,0,0,0,0,0,0,0.572147998484011,-0.381261324246833,-0.216607879751182
6.2315454354498,0.131247773746871,0.0476336216476204,0.0049943871301678,0.182313651589026,0.0304191146608504,-0.0225230750692746,0,0,0,0,0,0,0,0,0,0.568323603377334,-0.383429078840959,-0.216822349905934
6.24154791608455,0.131724477643936,0.0476834806835655,0.00497496265727127,0.182616790052769,0.0301933996970497,-0.0226086164972164,0,0,0,0,0,0,0,0,0,0.564477514612197,-0.385598846959063,-0.217010233822574
6.2515503967193,0.132201679284896,0.0477331458937911,0.00495563142857623,0.182917666538327,0.0299668322742765,-0.0226935248424311,0,0,0,0,0,0,0,0,0,0.560609713378354,-0.387770360163665,-0.21717103082383
6.26155287735405,0.13267937673566,0.0477826182057685,0.00493639239841124,0.18321627255064,0.0297394187169393,-0.0227778017181316,0,0,0,0,0,0,0,0,0,0.556720183575662,-0.389943345019552,-0.217304242656565
6.2715553579888,0.133157568071362,0.0478318985363424,0.0049172444875282,0.183512599657822,0.0295111653328368,-0.0228614488323988,0,0,0,0,0,0,0,0,0,0.552808911863938,-0.392117523121708,-0.217409374052006
6.28155783862355,0.133636251376252,0.0478809877913933,0.00489818658293211,0.183806639490998,0.0292820784122059,-0.022944467988662,0,0,0,0,0,0,0,0,0,0.54887588771252,-0.394292611127089,-0.217485933064704
6.2915603192583,0.134115424743582,0.0479298868654999,0.00487921753771116,0.184098383744118,0.0290521642267654,-0.0230268610861797,0,0,0,0,0,0,0,0,0,0.54492110344949,-0.396468320789329,-0.217533431511544
6.30156279989305,0.134595086275499,0.0479785966415983,0.00486033617086647,0.184387824173765,0.0288214290287559,-0.0231086301205208,0,0,0,0,0,0,0,0,0,0.540944554310545,-0.398644358999299,-0.217551385545494
6.31156528052781,0.135075234082918,0.0480271179906406,0.0048415412671417,0.184674952598962,0.0285898790499739,-0.0231897771840451,0,0,0,0,0,0,0,0,0,0.536946238487403,-0.400820427831293,-0.217539316210871
6.32156776116256,0.135555866285406,0.0480754517712512,0.00482283157685327,0.184959760900959,0.0283575205008012,-0.0232703044663841,0,0,0,0,0,0,0,0,0,0.532926157175755,-0.402996224594691,-0.217496749903756
6.33157024179731,0.136036981011054,0.048123598829382,0.00480420581571998,0.185242241023011,0.0281243595692289,-0.0233502142549214,0,0,0,0,0,0,0,0,0,0.528884314622631,-0.40517144188936,-0.21742321877587
6.34157272243206,0.136518576396353,0.0481715599979646,0.00478566266469283,0.185522384970156,0.0278904024198774,-0.0234295089352737,0,0,0,0,0,0,0,0,0,0.52482071817325,-0.407345767665393,-0.217318261346211
6.35157520306681,0.137000650586054,0.0482193360965629,0.00476720076978514,0.185800184808969,0.0276556551930123,-0.0235081909917723,0,0,0,0,0,0,0,0,0,0.520735378317189,-0.409518885290747,-0.217181423147717
6.36157768370156,0.137483201733041,0.0482669279310215,0.00474881874190202,0.186075632667321,0.0274201240035541,-0.0235862630079426,0,0,0,0,0,0,0,0,0,0.516628308733879,-0.411690473623918,-0.217012257173243
6.37158016433631,0.137966227998187,0.0483143362931149,0.0047305151566703,0.186348720734112,0.0271838149400831,-0.0236637276669856,0,0,0,0,0,0,0,0,0,0.51249952633732,-0.413860207090504,-0.216810324420337
6.38158264497106,0.138449727550213,0.0483615619601926,0.0047122885542687,0.18661944125901,0.026946734063841,-0.0237405877522587,0,0,0,0,0,0,0,0,0,0.508349051320045,-0.416027755766775,-0.216575194550433
6.39158512560581,0.138933698565543,0.0484086056948247,0.0046941374392573,0.186887786552169,0.0267088874077256,-0.0238168461477557,0,0,0,0,0,0,0,0,0,0.504176907196168,-0.418192785469421,-0.216306446354869
6.40158760624056,0.139418139228151,0.0484554682444444,0.00467606028040756,0.187153748983941,0.0264702809752821,-0.0238925058385887,0,0,0,0,0,0,0,0,0,0.499983120843545,-0.420354957848448,-0.216003668426808
6.41159008687531,0.139903047729411,0.0485021503409885,0.00465805551053211,0.187417320984575,0.0262309207396903,-0.0239675699114686,0,0,0,0,0,0,0,0,0,0.495767722544967,-0.422513930490369,-0.215666459750463
6.42159256751006,0.14038842226794,0.0485486527005385,0.00464012152631447,0.187678495043916,0.025990812642744,-0.0240420415551847,0,0,0,0,0,0,0,0,0,0.49153074602826,-0.424669357022887,-0.215294430219116
6.43159504814481,0.140874261049435,0.0485949760229564,0.00462225668813926,0.187937263711073,0.0257499625938302,-0.0241159240610866,0,0,0,0,0,0,0,0,0,0.48727222850538,-0.426820887228442,-0.214887201454795
6.44159752877957,0.141360562286513,0.0486411209915222,0.00460445931992176,0.188193619594105,0.0255083764688981,-0.0241892208235651,0,0,0,0,0,0,0,0,0,0.48299221071024,-0.428968167165301,-0.214444407153199
6.45160000941432,0.141847324198539,0.0486870882725675,0.00458672770893766,0.188447555359667,0.0252660601094267,-0.024261935340532,0,0,0,0,0,0,0,0,0,0.478690736935389,-0.431110839288003,-0.213965693756229
6.46160249004907,0.142334545011458,0.0487328785151092,0.00456906010565313,0.18869906373267,0.0250230193213893,-0.0243340712139019,0,0,0,0,0,0,0,0,0,0.474367855067422,-0.433248542581897,-0.213450721310571
6.47160497068382,0.142822222957617,0.0487784923504787,0.00455145472355474,0.188948137495916,0.0247792598742076,-0.024405632150072,0,0,0,0,0,0,0,0,0,0.47002361662097,-0.435380912700768,-0.212899163831398
6.48160745131857,0.14331035627559,0.048823930391953,0.00453390973897883,0.18919476948973,0.024534787499706,-0.0244766219604035,0,0,0,0,0,0,0,0,0,0.465658076771362,-0.437507582108653,-0.212310710035366
6.49160993195332,0.143798943209993,0.0488691932343809,0.00451642329094203,0.189438952611576,0.0242896078910592,-0.0245470445617022,0,0,0,0,0,0,0,0,0,0.461271294385773,-0.439628180232126,-0.211685063973774
6.50161241258807,0.144287982011297,0.0489142814538094,0.00449899348097048,0.189680679815665,0.0240437267017338,-0.0246169039766994,0,0,0,0,0,0,0,0,0,0.456863332052837,-0.441742333614781,-0.211021945591807
6.51161489322282,0.14477747093564,0.0489591956071085,0.00448161837293007,0.189919944112554,0.0237971495444284,-0.0246862043345324,0,0,0,0,0,0,0,0,0,0.45243425611071,-0.443849666080705,-0.210321091437819
6.52161737385757,0.145267408244633,0.0490039362315923,0.00446429599285616,0.190156738568736,0.0235498819900049,-0.0247549498712252,0,0,0,0,0,0,0,0,0,0.447984136673411,-0.445949798903153,-0.209582255247781
6.53161985449232,0.145757792205161,0.0490485038446408,0.0044470243287833,0.190391056306207,0.023301929566419,-0.0248231449301693,0,0,0,0,0,0,0,0,0,0.44351304765551,-0.448042350979712,-0.208805208664896
6.54162233512707,0.146248621089184,0.0490928989433182,0.00442980133057528,0.190622890502042,0.0230532977576418,-0.024890793962605,0,0,0,0,0,0,0,0,0,0.439021066794965,-0.450126939015365,-0.207989741691897
6.55162481576183,0.146739893173529,0.0491371220039913,0.00441262490975504,0.190852234387944,0.0228039920025794,-0.0249579015281021,0,0,0,0,0,0,0,0,0,0.434508275674148,-0.452203177706712,-0.207135663370656
6.56162729639658,0.147231606739686,0.0491811734819438,0.00439549293933409,0.191079081249785,0.0225540176939883,-0.0250244722950391,0,0,0,0,0,0,0,0,0,0.429974759738997,-0.454270679938628,-0.206242802520948
6.57162977703133,0.147723760073589,0.0492250538109914,0.00437840325364268,0.191303424427147,0.0223033801773823,-0.0250905110410862,0,0,0,0,0,0,0,0,0,0.425420608316106,-0.456329056983257,-0.205311008203534
6.58163225766608,0.148216351465402,0.0492687634030934,0.00436135364815979,0.191525257312837,0.0220520847499392,-0.0251560226536845,0,0,0,0,0,0,0,0,0,0.420845914627899,-0.458377918705942,-0.204340150406085
6.59163473830083,0.148709379209302,0.0493123026479632,0.00434434187934253,0.191744573352403,0.0218001366593977,-0.0252210121305275,0,0,0,0,0,0,0,0,0,0.416250775805599,-0.460416873777935,-0.203330120464009
6.60163721893558,0.149202841603246,0.0493556719126779,0.00432736566445648,0.19196136604363,0.0215475411029545,-0.025285484580042,0,0,0,0,0,0,0,0,0,0.411635292900146,-0.462445529890747,-0.20228083180837
6.61163969957033,0.149696736948754,0.0493988715412844,0.00431042268140508,0.192175628936028,0.0212943032261545,-0.0253494452218678,0,0,0,0,0,0,0,0,0,0.40699957089088,-0.464463493983824,-0.201192220578926
6.62164218020508,0.150191063550665,0.0494419018544054,0.00429351056855961,0.192387355630317,0.0210404281217734,-0.0254128993873395,0,0,0,0,0,0,0,0,0,0.402343718691902,-0.466470372471154,-0.200064245993536
6.63164466083983,0.150685819716909,0.0494847631488428,0.00427662692458934,0.192596539777886,0.0207859208287013,-0.025475852519967,0,0,0,0,0,0,0,0,0,0.397667849156225,-0.468465771476337,-0.198896891037185
6.64164714147458,0.151181003758264,0.0495274556971807,0.0042597693082911,0.192803175080251,0.0205307863308154,-0.0255383101759165,0,0,0,0,0,0,0,0,0,0.392972079077431,-0.470449297072977,-0.197690162868229
6.65164962210933,0.151676613988111,0.0495699797473843,0.00424293523841888,0.193007255288501,0.0202750295558525,-0.0256002780244902,0,0,0,0,0,0,0,0,0,0.388256529189015,-0.472420555527877,-0.196444093378754
6.66165210274409,0.152172648722187,0.0496123355223994,0.00422612219351434,0.193208774202728,0.0200186553742745,-0.0256617618486085,0,0,0,0,0,0,0,0,0,0.383521324161179,-0.474379153552641,-0.195158739759728
6.67165458337884,0.152669106278331,0.0496545232197492,0.00420932761173601,0.193407725671449,0.0197616685981299,-0.0257227675452894,0,0,0,0,0,0,0,0,0,0.378766592595136,-0.476324698558175,-0.193834184909137
6.68165706401359,0.153165984976231,0.0496965430111295,0.00419254889068945,0.193604103591018,0.0195040739799093,-0.0257833011261309,0,0,0,0,0,0,0,0,0,0.373992467014816,-0.478256798914454,-0.192470537848165
6.69165954464834,0.153663283137159,0.0497383950420021,0.00417578338725697,0.193797901905022,0.0192458762113972,-0.0258433687177899,0,0,0,0,0,0,0,0,0,0.369199083855976,-0.480175064213348,-0.191067934172502
6.70166202528309,0.154160999083712,0.0497800794311867,0.0041590284174278,0.193989114603669,0.0189870799225195,-0.0259029765624643,0,0,0,0,0,0,0,0,0,0.364386583452647,-0.482079105537419,-0.189626536523691
6.71166450591784,0.154659131139538,0.0498215962704509,0.00414228125612736,0.194177735723164,0.018727689680184,-0.0259621310183733,0,0,0,0,0,0,0,0,0,0.359555110020864,-0.483968535732174,-0.188146534873059
6.72166698655259,0.155157677629066,0.049862945624099,0.0041255391370475,0.194363759345072,0.0184677099871189,-0.0260208385602378,0,0,0,0,0,0,0,0,0,0.354704811639667,-0.485842969680545,-0.186628146936822
6.73166946718734,0.155656636877232,0.0499041275285583,0.00410879925247643,0.194547179595672,0.0182071452807047,-0.0260791057797623,0,0,0,0,0,0,0,0,0,0.349835840229345,-0.487702024583444,-0.185071618633303
6.74167194782209,0.156156007209191,0.049945141991964,0.00409205875312817,0.194727990645293,0.017945999931801,-0.0261369393861142,0,0,0,0,0,0,0,0,0,0.344948351526818,-0.489545320243388,-0.18347722408233
6.75167442845684,0.15665578695004,0.0499859889937428,0.00407531474797277,0.19490618670765,0.0176842782435684,-0.0261943462064057,0,0,0,0,0,0,0,0,0,0.34004250505821,-0.491372479345047,-0.181845266058898
6.76167690909159,0.157155974424523,0.0500266684841949,0.00405856430406588,0.195081762039153,0.0174219844502906,-0.0262513331861738,0,0,0,0,0,0,0,0,0,0.335118464108622,-0.493183127747939,-0.180176076392053
6.77167938972635,0.157656567956738,0.0500671803840731,0.0040418044463788,0.195254710938218,0.0171591227161811,-0.0263079073898618,0,0,0,0,0,0,0,0,0,0.330176395688841,-0.494976894774961,-0.178470015882226
6.7816818703611,0.158157565869845,0.0501075245841613,0.00402503215762825,0.195425027744558,0.0168956971341976,-0.0263640760012986,0,0,0,0,0,0,0,0,0,0.32521647049935,-0.49675341350343,-0.17672747471096
6.79168435099585,0.158658966485755,0.050147700944851,0.00400824437810619,0.195592706838463,0.0166317117248405,-0.026419846324182,0,0,0,0,0,0,0,0,0,0.320238862891212,-0.49851232106181,-0.1749488724602
6.8016868316306,0.159160768124833,0.0501877092957163,0.00399143800550974,0.195757742640072,0.0163671704349544,-0.0264752257825578,0,0,0,0,0,0,0,0,0,0.315243750824139,-0.500253258921139,-0.173134658227404
6.81168931226535,0.15966296910558,0.0502275494350872,0.00397460989477076,0.195920129608629,0.0161020771365215,-0.0265302219212992,0,0,0,0,0,0,0,0,0,0.310231315821553,-0.501975873194058,-0.171285310805973
6.8216917929001,0.160165567744325,0.0502672211296198,0.00395775685788595,0.196079862241727,0.0158364356254495,-0.0265848424065903,0,0,0,0,0,0,0,0,0,0.305201742922668,-0.503679814929847,-0.169401338689161
6.83169427353485,0.1606685623549,0.0503067241138673,0.003940875663747,0.196236935074542,0.0155702496203579,-0.0266390950264053,0,0,0,0,0,0,0,0,0,0.300155220631651,-0.505364740413536,-0.167483280113759
6.8416967541696,0.161171951248321,0.0503460580898476,0.00392396303796954,0.196391342679053,0.0153035227613542,-0.0266929876909906,0,0,0,0,0,0,0,0,0,0.295091940863723,-0.507030311461812,-0.165531702767322
6.85169923480435,0.161675732732459,0.0503852227266094,0.00390701566272393,0.196543079663256,0.0150362586088109,-0.026746528433343,0,0,0,0,0,0,0,0,0,0.290012098888394,-0.508676195716271,-0.16354720403658
6.8617017154391,0.162179905111707,0.0504242176597968,0.00389003017656442,0.196692140670348,0.0147684606421359,-0.0267997254096932,0,0,0,0,0,0,0,0,0,0.284915893269702,-0.510302066944299,-0.161530410889809
6.87170419607385,0.162684466686646,0.0504630424912121,0.00387300317425946,0.196838520377925,0.0145001322585345,-0.026852586899984,0,0,0,0,0,0,0,0,0,0.279803525803427,-0.511907605329969,-0.159481979516637
6.88170667670861,0.163189415753701,0.0505016967883778,0.00385593120662121,0.196982213497146,0.0142312767717734,-0.0269051213083547,0,0,0,0,0,0,0,0,0,0.274675201451512,-0.513492497767713,-0.157402595308218
6.89170915734336,0.163694750604799,0.0505401800840944,0.00383881078033568,0.19712321477189,0.0139618974109311,-0.0269573371636176,0,0,0,0,0,0,0,0,0,0.269531128273404,-0.515056438152829,-0.15529297250831
6.90171163797811,0.164200469527019,0.0505784918760003,0.00382163835779212,0.19726151897791,0.0136919973191539,-0.0270092431197416,0,0,0,0,0,0,0,0,0,0.264371517354657,-0.516599127668168,-0.153153854016959
6.91171411861286,0.164706570802237,0.050616631626126,0.0038044103569136,0.197397120921961,0.0134215795523969,-0.0270608479563321,0,0,0,0,0,0,0,0,0,0.259196582732544,-0.518120275070713,-0.150986011056978
6.92171659924761,0.165213052706768,0.0506545987604495,0.00378712315098615,0.197530015440924,0.0131506470781687,-0.0271121605791117,0,0,0,0,0,0,0,0,0,0.254006541318924,-0.519619596971599,-0.148790242871318
6.93171907988236,0.165719913511002,0.0506923926684487,0.00376977306848877,0.197660197400916,0.0128792027742655,-0.0271631900204013,0,0,0,0,0,0,0,0,0,0.248801612820253,-0.521096818116633,-0.146567376398755
6.94172156051711,0.16622715147904,0.0507300127026526,0.0037523563929236,0.197787661696385,0.0126072494275027,-0.0272139454396002,0,0,0,0,0,0,0,0,0,0.24358201965484,-0.522551671659829,-0.144318265599635
6.95172404115186,0.166734764868318,0.0507674581781898,0.00373486936264557,0.197912403249192,0.0123347897324401,-0.027264436123668,0,0,0,0,0,0,0,0,0,0.238347986867385,-0.523983899430436,-0.142043790981346
6.96172652178661,0.167242751929233,0.0508047283723371,0.00371730817069179,0.198034417007686,0.0120618262901061,-0.0273146714876033,0,0,0,0,0,0,0,0,0,0.233099742040892,-0.525393252196984,-0.13974485936021
6.97172900242136,0.167751110904765,0.0508418225240647,0.00369966896461238,0.198153697945758,0.0117883616067139,-0.0273646610749271,0,0,0,0,0,0,0,0,0,0.227837515205927,-0.526779489929549,-0.137422403253148
6.98173148305611,0.168259840030083,0.0508787398335808,0.00368194784629931,0.198270241061888,0.0115143980923724,-0.0274144145581618,0,0,0,0,0,0,0,0,0,0.222561538747283,-0.528142382051625,-0.13507738004944
6.99173396369086,0.168768937532163,0.0509154794618731,0.00366414087181703,0.198384041378177,0.011239938059794,-0.027463941739313,0,0,0,0,0,0,0,0,0,0.217272047308202,-0.529481707685823,-0.13271077146325
7.00173644432562,0.169278401629392,0.0509520405302512,0.00364624405123176,0.198495093939367,0.010964983722997,-0.0275132525503486,0,0,0,0,0,0,0,0,0,0.211969277692119,-0.530797255894793,-0.130323582892254
7.01173892496037,0.169788230531167,0.0509884221198839,0.00362825334844159,0.198603393811847,0.0106895371960036,-0.0275623570536811,0,0,0,0,0,0,0,0,0,0.206653468762068,-0.532088825914086,-0.127916842721214
7.02174140559512,0.170298422437488,0.051024623271338,0.00361016468100606,0.198708936082643,0.010413600491533,-0.0276112654426479,0,0,0,0,0,0,0,0,0,0.201324861337773,-0.533356227379148,-0.125491601557811
7.03174388622987,0.170808975538559,0.0510606429841129,0.00359197391997681,0.198811715858406,0.0101371755196884,-0.0276599880419925,0,0,0,0,0,0,0,0,0,0.195983698090501,-0.534599280542897,-0.123048931365069
7.04174636686462,0.171319888014366,0.0510964802161748,0.00357367688972624,0.198911728264369,0.00986026408664114,-0.0277085353083445,0,0,0,0,0,0,0,0,0,0.190630223435809,-0.53581781648536,-0.120589924745317
7.05174884749937,0.171831158034262,0.0511321338834896,0.00355526936777805,0.19900896844331,0.00958286789330857,-0.0277569178307007,0,0,0,0,0,0,0,0,0,0.185264683424202,-0.53701167731692,-0.118115693900052
7.06175132813412,0.172342783756547,0.051167602859553,0.00353674708463744,0.199103431554485,0.00930498853402668,-0.0278051463309056,0,0,0,0,0,0,0,0,0,0.179887325629814,-0.53818071636715,-0.115627369772816
7.07175380876887,0.172854763328036,0.0512028859749186,0.00351810572361989,0.199195112772561,0.00902662749522212,-0.0278532316641328,0,0,0,0,0,0,0,0,0,0.174498399037285,-0.539324798370919,-0.113126101337877
7.08175628940362,0.173367094883634,0.0512379820167262,0.00349934092068193,0.199284007286528,0.00874778615407254,-0.027901184819365,0,0,0,0,0,0,0,0,0,0.169098153926721,-0.540443799642984,-0.110613054384145
7.09175877003837,0.17387977654589,0.0512728897282269,0.00348044826425074,0.199370110298598,0.0084684657771682,-0.0279490169198757,0,0,0,0,0,0,0,0,0,0.163686841757084,-0.541537608239775,-0.108089410594623
7.10176125067312,0.174392806424566,0.0513076078083063,0.00346142329505362,0.199453417023093,0.00818866751916481,-0.0279967392237088,0,0,0,0,0,0,0,0,0,0.158264715047906,-0.542606124115573,-0.105556366464487
7.11176373130788,0.174906182616182,0.0513421349110076,0.00344226150594843,0.19953392268532,0.00790839242143336,-0.0280443631241606,0,0,0,0,0,0,0,0,0,0.152832027259558,-0.543649259262647,-0.10301513229489
7.12176621194263,0.175419903203571,0.0513764696450505,0.00342295834175302,0.199611622520431,0.00762764141070644,-0.0280919001502586,0,0,0,0,0,0,0,0,0,0.147389032672164,-0.544666937847305,-0.100466931154471
7.13176869257738,0.175933966255421,0.0514106105733513,0.00340350919907514,0.199686511772265,0.00734641529771504,-0.0281393619672455,0,0,0,0,0,0,0,0,0,0.141935986263144,-0.545659096329258,-0.0979129976248554
7.14177117321213,0.176448369825812,0.0514445562125383,0.00338390942614229,0.199758585692189,0.00706471477582777,-0.0281867603770567,0,0,0,0,0,0,0,0,0,0.136473143583745,-0.546625683572571,-0.0953545768694104
7.15177365384688,0.176963111953758,0.051478305032469,0.00336415432263196,0.19982783953791,0.00678254041967736,-0.028234107318803,0,0,0,0,0,0,0,0,0,0.13100076063436,-0.5475666609464,-0.0927929233076265
7.16177613448163,0.177478190662726,0.0515118554557416,0.00334423913950055,0.199894268572283,0.00649989268378845,-0.0282814148692499,0,0,0,0,0,0,0,0,0,0.125519093739042,-0.548482002409424,-0.0902292995237106
7.17177861511638,0.17799360396017,0.051545205857208,0.00332415907881429,0.199957868062105,0.00621677190119755,-0.0283286952433,0,0,0,0,0,0,0,0,0,0.120028399419141,-0.549371694588746,-0.0876649749833961
7.18178109575113,0.178509349837049,0.0515783545634836,0.00330390929357838,0.200018633276889,0.00593317828206776,-0.0283759607944729,0,0,0,0,0,0,0,0,0,0.114528934266234,-0.550235736838659,-0.0851012248626556
7.19178357638588,0.179025426267337,0.0516112998524558,0.00328348488756704,0.20007655948763,0.00564911191230392,-0.0284232240153862,0,0,0,0,0,0,0,0,0,0.109020954814588,-0.551074141296111,-0.0825393291307983
7.20178605702063,0.17954183120754,0.0516440399527908,0.00326288091515333,0.200131641965557,0.00536457275215352,-0.0284704975382358,0,0,0,0,0,0,0,0,0,0.103504717412981,-0.551886932921131,-0.079980570756199
7.21178853765538,0.180058562596195,0.0516765730434381,0.00324209238113906,0.200183875980864,0.00507956063481065,-0.0285177941352765,0,0,0,0,0,0,0,0,0,0.0979804780963565,-0.552674149516401,-0.0774262346770329
7.22179101829013,0.180575618353377,0.0517088972531345,0.00322111424058454,0.200233256801437,0.00479407526501463,-0.0285651267193039,0,0,0,0,0,0,0,0,0,0.0924484924572509,-0.553435841747088,-0.0748776069577665
7.23179349892489,0.181092996380188,0.0517410106599054,0.00319994139863862,0.200279779691562,0.00450811621763862,-0.0286125083441349,0,0,0,0,0,0,0,0,0,0.086909015517052,-0.554172073143544,-0.0723359729458089
7.24179597955964,0.18161069455825,0.0517729112905649,0.00317856871036817,0.200323439910612,0.00422168293627733,-0.028659952205087,0,0,0,0,0,0,0,0,0,0.081362301597375,-0.554882920084261,-0.0698026162431457
7.25179846019439,0.18212871074919,0.0518045971202134,0.00315699098058816,0.200364232711739,0.00393477473183211,-0.0287074716394607,0,0,0,0,0,0,0,0,0,0.075808604191658,-0.555568471777998,-0.0672788176300737
7.26180094082914,0.182647042794121,0.0518360660717342,0.00313520296369168,0.200402153340527,0.00364739078108321,-0.0287550801270193,0,0,0,0,0,0,0,0,0,0.0702481758368995,-0.556228830225208,-0.0647658534381298
7.27180342146389,0.183165688513117,0.0518673160152902,0.00311319936347937,0.200437197033653,0.00335953012526761,-0.0288027912904702,0,0,0,0,0,0,0,0,0,0.0646812679860226,-0.556864110167614,-0.0622649944688414
7.28180590209864,0.183684645704679,0.0518983447678137,0.00309097483298967,0.200469359017518,0.00307119166864285,-0.0288506188959464,0,0,0,0,0,0,0,0,0,0.059108130880621,-0.557474439028003,-0.0597775048424262
7.29180838273339,0.18420391214521,0.0519291500925005,0.00306852397432833,0.200498634506872,0.00278237417705404,-0.0288985768534849,0,0,0,0,0,0,0,0,0,0.0535290134245303,-0.558059956836774,-0.0573046407364239
7.30181086336814,0.184723485588461,0.0519597296982982,0.0030458413384985,0.200525018703423,0.00249307627648737,-0.0289466792175093,0,0,0,0,0,0,0,0,0,0.0479441630580417,-0.558620816146498,-0.0548476488259157
7.31181334400289,0.185243363765,0.0519900812393949,0.00302292142523037,0.200548506794428,0.00220329645162613,-0.028994940187311,0,0,0,0,0,0,0,0,0,0.0423538256331819,-0.55915718192726,-0.052407765304271
7.32181582463764,0.18576354438165,0.0520202023147052,0.00299975868281124,0.200569093951277,0.00191303304440064,-0.0290433741075278,0,0,0,0,0,0,0,0,0,0.0367582452900228,-0.559669231461631,-0.0499862148186678
7.33181830527239,0.186284025120942,0.0520500904673546,0.00297634750791505,0.200586775328055,0.00162228425252799,-0.0290919954686277,0,0,0,0,0,0,0,0,0,0.0311576643340603,-0.560157154218716,-0.0475842088444085
7.34182078590715,0.186804803640549,0.0520797431841626,0.00295268224543274,0.200601546060089,0.00133104812805498,-0.0291408189073861,0,0,0,0,0,0,0,0,0,0.0255523231150432,-0.560621151716604,-0.0452029449083282
7.3518232665419,0.187325877572723,0.0521091578951244,0.00292875718830142,0.20061340126249,0.00103932257589066,-0.0291898592073697,0,0,0,0,0,0,0,0,0,0.0199424599071063,-0.561061437380875,-0.042843605163308
7.36182574717665,0.187847244523724,0.0521383319728892,0.00290456657733468,0.200622336028671,0.000747105352333504,-0.0292391312994154,0,0,0,0,0,0,0,0,0,0.014328310790428,-0.561478236378541,-0.0405073552203493
7.3718282278114,0.188368902073241,0.0521672627322391,0.00288010460105247,0.200628345428852,0.000454394063601855,-0.0292886502621122,0,0,0,0,0,0,0,0,0,0.00871010953468511,-0.561871785453188,-0.0381953433871401
7.38183070844615,0.188890847773815,0.0521959474295644,0.0028553653955106,0.200631424508553,0.000161186164346014,-0.0293384313222806,0,0,0,0,0,0,0,0,0,0.00308808748401082,-0.562242332743676,-0.0359086989759421
7.3918331890809,0.189413079150247,0.0522243832623388,0.00283034304413091,0.200631568287068,-0.000132521043831325,-0.0293884898554553,0,0,0,0,0,0,0,0,0,-0.00253752655592629,-0.56259013758544,-0.0336485316346257
7.40183566971565,0.189935593699012,0.0522525673685911,0.00280503157753099,0.200628771755933,-0.000426730413865994,-0.0294388413863633,0,0,0,0,0,0,0,0,0,-0.0081665064289894,-0.562915470315803,-0.0314159302822713
7.4118381503504,0.190458388887656,0.0522804968263769,0.00277942497335365,0.200623029877363,-0.00072144495473023,-0.0294895015894065,0,0,0,0,0,0,0,0,0,-0.0137986287375971,-0.563218612053982,-0.0292119617599329
7.42184063098515,0.190981462154198,0.0523081686532478,0.00275351715609774,0.200614337582694,-0.00101666783292657,-0.0295404862891439,0,0,0,0,0,0,0,0,0,-0.0194336729493917,-0.563499854479416,-0.0270376703272106
7.4318431116199,0.191504810906519,0.0523355798057185,0.00272730199694693,0.200602689770793,-0.00131240237399747,-0.0295918114607689,0,0,0,0,0,0,0,0,0,-0.0250714215018281,-0.563759499601695,-0.0248940762648197
7.44184559225465,0.192028432521752,0.0523627271787329,0.00270077331360003,0.200588081306462,-0.00160865206403232,-0.0296434932305921,0,0,0,0,0,0,0,0,0,-0.0307116599042376,-0.563997859510934,-0.0227821750370631
7.4518480728894,0.192552324345659,0.0523896076051291,0.00267392487010111,0.200570507018822,-0.00190542055117998,-0.0296955478765215,0,0,0,0,0,0,0,0,0,-0.036354176837426,-0.564215256130947,-0.0207029365509189
7.46185055352416,0.193076483692012,0.0524162178551004,0.00264675037666875,0.20054996169969,-0.0022027116471711,-0.0297479918285441,0,0,0,0,0,0,0,0,0,-0.0419987642507991,-0.5644120209548,-0.0186573040739417
7.47185303415891,0.193600907841961,0.0524425546356565,0.00261924348952638,0.20052644010193,-0.00250052932883664,-0.0298008416692059,0,0,0,0,0,0,0,0,0,-0.0476452174566679,-0.564588494776339,-0.0166461937036249
7.48185551479366,0.194125594043397,0.0524686145900839,0.00259139781073167,0.200499936937796,-0.00279887773964133,-0.0298541141340922,0,0,0,0,0,0,0,0,0,-0.0532933352220059,-0.564745027415126,-0.0146704932565327
7.49185799542841,0.194650539510318,0.0524943942974016,0.00256320688800692,0.200470446877258,-0.00309776119121466,-0.0299078261123097,0,0,0,0,0,0,0,0,0,-0.0589429198572515,-0.564881977425741,-0.0127310614050131
7.50186047606316,0.195175741422179,0.0525198902718171,0.00253466421456827,0.20043796454631,-0.00339718416488851,-0.0299619946469664,0,0,0,0,0,0,0,0,0,-0.0645937773022477,-0.564999711805453,-0.0108287274115722
7.51186295669791,0.195701196923241,0.0525450989621811,0.00250576322895638,0.200402484525268,-0.00369715131323887,-0.030016636935652,0,0,0,0,0,0,0,0,0,-0.0702457172091991,-0.565098605698207,-0.00896429025156757
7.52186543733266,0.196226903121916,0.0525700167514389,0.00247649731486521,0.200364001347046,-0.00399766746163745,-0.0300717703309201,0,0,0,0,0,0,0,0,0,-0.0758985530226896,-0.565179042084744,-0.0071385176641328
7.53186791796741,0.196752857090105,0.0525946399560819,0.00244685980097277,0.200322509495424,-0.0042987376097997,-0.0301274123407669,0,0,0,0,0,0,0,0,0,-0.0815521020564383,-0.5652414114676,-0.0053521458988409
7.54187039860216,0.197279055862531,0.0526189648255952,0.00241684396077079,0.200278003403294,-0.00460036693334428,-0.0301835806291135,0,0,0,0,0,0,0,0,0,-0.0872061855670173,-0.565286111556159,-0.00360587911363029
7.55187287923691,0.197805496436063,0.0526429875419054,0.00238644301239387,0.200230477450889,-0.00490256078535503,-0.0302402930162861,0,0,0,0,0,0,0,0,0,-0.0928606288243068,-0.565313546939611,-0.00190038861257115
7.56187535987166,0.198332175769041,0.0526667042188266,0.00235565011845015,0.200179925964008,-0.00520532469794753,-0.0302975674794976,0,0,0,0,0,0,0,0,0,-0.0985152611786692,-0.56532412875675,-0.000236312492784289
7.57187784050642,0.19885909078059,0.0526901109015035,0.0023244583858511,0.200126343212211,-0.00550866438384029,-0.0303554221533272,0,0,0,0,0,0,0,0,0,-0.1041699161248,-0.565318274361876,0.00138574463585315
7.58188032114117,0.199386238349932,0.0527132035658536,0.00229286086564049,0.200069723407009,-0.00581258573793129,-0.0304138753302013,0,0,0,0,0,0,0,0,0,-0.10982443136222,-0.565296406988981,0.00309455367925787
7.59188280177592,0.199913615315687,0.0527359781180069,0.0022608505528258,0.200010060700026,-0.00611709483888182,-0.0304729454608747,0,0,0,0,0,0,0,0,0,-0.115478648852403,-0.565256367935376,0.00587029267719552
7.60188528241067,0.20044121847715,0.0527584313342973,0.00222875768865306,0.199947349186732,-0.0064221952938306,-0.0305316984122553,0,0,0,0,0,0,0,0,0,-0.121132363110106,-0.565178972011333,0.0107767462002076
7.61188776304542,0.200969044629439,0.0527805661124941,0.00219718884548463,0.199881583005864,-0.00672787341201746,-0.0305884211193812,0,0,0,0,0,0,0,0,0,-0.126785032297827,-0.56504077954503,0.0171726241433347
7.62189024368017,0.201497090614042,0.0528023877742502,0.00216614853333213,0.199812756482143,-0.00703410866696093,-0.0306431023271631,0,0,0,0,0,0,0,0,0,-0.132435982020594,-0.56483543433045,0.0238575915292513
7.63189272431492,0.202025353325316,0.0528239015643879,0.00213562840922553,0.199740864144526,-0.00734088076415211,-0.0306957670975565,0,0,0,0,0,0,0,0,0,-0.13808454328525,-0.564563509350504,0.0304829669635163
7.64189520494967,0.202553829709667,0.0528451126447203,0.00210562021828965,0.199665900723715,-0.00764816965851812,-0.0307464402436123,0,0,0,0,0,0,0,0,0,-0.143730053159325,-0.564225623756965,0.0370451338993139
7.65189768558442,0.203082516764719,0.0528660260949298,0.0020761157933095,0.199587861149677,-0.00795595555193828,-0.0307951463307057,0,0,0,0,0,0,0,0,0,-0.149371855035768,-0.563822422881624,0.0435415046097508
7.66190016621917,0.203611411538497,0.0528866469134432,0.00204710705429544,0.199506740549184,-0.00826421889077324,-0.0308419096777637,0,0,0,0,0,0,0,0,0,-0.155009298891948,-0.563354577643631,0.0499695523953362
7.67190264685392,0.204140511128622,0.0529069800183017,0.00201858600804848,0.19942253424338,-0.00857294036340559,-0.0308867543584942,0,0,0,0,0,0,0,0,0,-0.160641741542526,-0.562822783921301,0.0563268150750308
7.68190512748868,0.204669812681507,0.052927030248027,0.00199054474772547,0.199335237745373,-0.00888210089779367,-0.0309297042026144,0,0,0,0,0,0,0,0,0,-0.166268546885887,-0.562227761889621,0.0626108983158865
7.69190760812343,0.205199313391571,0.0529468023624826,0.00196297545240437,0.19924484675785,-0.00919168165903678,-0.0309707827970786,0,0,0,0,0,0,0,0,0,-0.171889086143766,-0.561570255325443,0.0688194787272553
7.70191008875818,0.205729010500451,0.0529663010437316,0.00193587038664951,0.19915135717072,-0.00950166404695333,-0.0310100134873072,0,0,0,0,0,0,0,0,0,-0.177502738093777,-0.560851030883095,0.0749503068036131
7.71191256939293,0.206258901296232,0.0529855308968891,0.00190922190007674,0.199054765058774,-0.00981202969367105,-0.0310474193784145,0,0,0,0,0,0,0,0,0,-0.183108889294542,-0.5600708773407,0.081001209670505
7.72191505002768,0.20678898311268,0.0530044964509708,0.00188302242691878,0.198955066679377,-0.0101227604612293,-0.0310830233364377,0,0,0,0,0,0,0,0,0,-0.188706934303153,-0.559230604820854,0.0869700936089678
7.73191753066243,0.207319253328486,0.0530232021597377,0.00185726448559039,0.198852258470177,-0.0104338384391942,-0.0311168479895647,0,0,0,0,0,0,0,0,0,-0.194296275884704,-0.558331043986448,0.0928549463937588
7.74192001129718,0.207849709366514,0.0530416524025353,0.00183194067825361,0.198746337046844,-0.0107452459422852,-0.0311489157293631,0,0,0,0,0,0,0,0,0,-0.199876325213663,-0.557373045214565,0.0986538394213189
7.75192249193193,0.208380348693068,0.0530598514851295,0.00180704369038304,0.198637299200828,-0.0110569655080148,-0.0311792487120078,0,0,0,0,0,0,0,0,0,-0.205446502066885,-0.556357477749736,0.104364929646879
7.76192497256668,0.208911168817153,0.0530778036405376,0.00178256629033104,0.198525141897143,-0.0113689798943401,-0.0312078688595101,0,0,0,0,0,0,0,0,0,-0.211006235008044,-0.555285228839085,0.109986461291256
7.77192745320143,0.209442167289754,0.0530955130298552,0.00175850132889299,0.198409862272173,-0.0116812720773268,-0.0312347978609457,0,0,0,0,0,0,0,0,0,-0.216554961563338,-0.554157202851435,0.115516767366163
7.78192993383618,0.209973341703123,0.0531129837430786,0.00173484173887253,0.198291457631504,-0.0119938252488251,-0.031260057173683,0,0,0,0,0,0,0,0,0,-0.222092128388302,-0.552974320381946,0.120954270986952
7.79193241447094,0.210504689690068,0.0531302197999231,0.00171158053464677,0.198169925447773,-0.0123066228141585,-0.031283668024612,0,0,0,0,0,0,0,0,0,-0.227617191425607,-0.55173751734496,0.126297486466111
7.80193489510569,0.211036208923257,0.0531472251506363,0.00168871081173157,0.198045263358548,-0.0126196483898245,-0.031305651411372,0,0,0,0,0,0,0,0,0,-0.233129616053719,-0.550447744056756,0.131545020239833
7.81193737574044,0.211567897114526,0.0531640036768081,0.00166622574634675,0.197917469164228,-0.0129328858012077,-0.0313260281035803,0,0,0,0,0,0,0,0,0,-0.238628877226348,-0.549105964309867,0.136695571575316
7.82193985637519,0.212099752014197,0.0531805591921752,0.00164411859498135,0.197786540825961,-0.013246319080305,-0.0313448186440609,0,0,0,0,0,0,0,0,0,-0.24411445960259,-0.54771315444168,0.141747933062899
7.83194233700994,0.212631771410402,0.0531968954434224,0.00162238269395883,0.19765247646359,-0.0135599324634636,-0.0313620433500721,0,0,0,0,0,0,0,0,0,-0.24958585766775,-0.546270302398912,0.146700990952189
7.84194481764469,0.213163953128417,0.0532130161109785,0.00160101145900236,0.197515274353623,-0.0138737103891305,-0.0313777223145358,0,0,0,0,0,0,0,0,0,-0.25504257584476,-0.544778406799484,0.151553725283136
7.85194729827944,0.213696295030005,0.0532289248098084,0.00157999838480004,0.19737493292722,-0.0141876374956149,-0.031391875407265,0,0,0,0,0,0,0,0,0,-0.260484128596234,-0.543238475994374,0.156305209817447
7.86194977891419,0.214228795012761,0.053244625090201,0.00155933704457013,0.197231450768206,-0.0145016986188629,-0.0314045222761929,0,0,0,0,0,0,0,0,0,-0.26591004051713,-0.541651527130864,0.160954611827455
7.87195225954894,0.214761451009474,0.0532601204385524,0.00153902108962627,0.197084826611104,-0.0148158787902439,-0.0314156823486008,0,0,0,0,0,0,0,0,0,-0.271319846418054,-0.540018585218618,0.165501191689491
7.88195474018369,0.215294260987488,0.0532754142781447,0.00151904424894277,0.196935059339193,-0.0151301632343501,-0.0314253748323467,0,0,0,0,0,0,0,0,0,-0.27671309139924,-0.53834068220106,0.169944302291164
7.89195722081844,0.215827222948075,0.0532905099699208,0.00149940032871982,0.196782147982585,-0.0154445373668076,-0.0314336187170937,0,0,0,0,0,0,0,0,0,-0.282089330915283,-0.53661885603331,0.174283388312677
7.90195970145319,0.216360334925819,0.0533054108132548,0.00148008321194871,0.196626091716327,-0.0157589867920999,-0.0314404327755382,0,0,0,0,0,0,0,0,0,-0.28744813083067,-0.534854149767947,0.178517985335081
7.91196218208795,0.216893594987998,0.0533201200467176,0.00146108685797711,0.196466889858519,-0.0160734973014044,-0.0314458355646384,0,0,0,0,0,0,0,0,0,-0.292789067466223,-0.533047610650773,0.182647718786763
7.9219646627227,0.217427001233985,0.0533346408488388,0.00144240530207429,0.196304541868462,-0.0163880548704399,-0.0314498454268428,0,0,0,0,0,0,0,0,0,-0.29811172763654,-0.531200289227655,0.186672302778475
7.93196714335745,0.217960551794648,0.0533489763388637,0.00142403265499633,0.19613904734482,-0.0167026456573278,-0.0314524804913183,0,0,0,0,0,0,0,0,0,-0.303415708678571,-0.529313238463601,0.190591538785939
7.9419696239922,0.218494244831763,0.0533631295775063,0.00140596310255142,0.195970406023805,-0.0170172560004645,-0.0314537586751787,0,0,0,0,0,0,0,0,0,-0.308700618471439,-0.527387512875948,0.19440531419049
7.95197210462695,0.219028078537429,0.0533771035676977,0.00138819090516504,0.195798617777389,-0.0173318724164066,-0.0314536976847134,0,0,0,0,0,0,0,0,0,-0.313966075447673,-0.525424167682635,0.198113600720462
7.9619745852617,0.219562051133498,0.0533909012553306,0.00137071039744525,0.195623682611528,-0.017646481597768,-0.031452315016615,0,0,0,0,0,0,0,0,0,-0.31921170859599,-0.523424257966573,0.20171645278112
7.97197706589645,0.220096160871005,0.0534045255299988,0.00135351598774788,0.195445600664412,-0.0179610704111302,-0.0314496279592087,0,0,0,0,0,0,0,0,0,-0.324437157455812,-0.521388837857327,0.205214005657344
7.9819795465312,0.22063040602961,0.0534179792257327,0.0013366021577418,0.195264372204739,-0.0182756258949636,-0.0314456535936797,0,0,0,0,0,0,0,0,0,-0.329642072103676,-0.519318959731439,0.208606473639621
7.99198202716595,0.221164784917046,0.0534312651217307,0.00131996346197416,0.195079997630002,-0.018590135257562,-0.0314404087953022,0,0,0,0,0,0,0,0,0,-0.334826113131757,-0.517215673431599,0.211894148058562
8.0019845078007,0.221699295868572,0.0534443859430858,0.00130359452743561,0.194892477464801,-0.0189045858749893,-0.0314339102346678,0,0,0,0,0,0,0,0,0,-0.339988951618655,-0.515080025506293,0.215077395207393
8.01198698843545,0.222233937246438,0.053457344361508,0.00128749005312555,0.194701812359178,-0.0192189652890379,-0.0314261743789132,0,0,0,0,0,0,0,0,0,-0.345130269092705,-0.51291305847053,0.218156654241148
8.0219894690702,0.222768707439355,0.0534701429960426,0.00127164480961738,0.194508003086967,-0.0195332612052,-0.0314172174929496,0,0,0,0,0,0,0,0,0,-0.350249757487979,-0.510715810087515,0.221132434966295
8.03199194970496,0.223303604861968,0.0534827844137836,0.00125605363862372,0.194311050544167,-0.0198474614906514,-0.0314070556406901,0,0,0,0,0,0,0,0,0,-0.355347119093228,-0.508489312673598,0.224005315570403
8.04199443033971,0.223838627954345,0.0534952711305835,0.00124071145256165,0.194110955747335,-0.0201615541722461,-0.0313957046862788,0,0,0,0,0,0,0,0,0,-0.36042206649397,-0.506234592425367,0.226775940332815
8.05199691097446,0.224373775181465,0.0535076056117581,0.00122561323411796,0.193907719831999,-0.0204755274345255,-0.0313831802953188,0,0,0,0,0,0,0,0,0,-0.365474322507979,-0.503952668770386,0.229445017255871
8.06199939160921,0.224909045032714,0.0535197902727872,0.00121075403581439,0.19370134405109,-0.0207893696177378,-0.0313694979361006,0,0,0,0,0,0,0,0,0,-0.370503620114383,-0.501644553741683,0.232013315682388
8.07200187224396,0.225444436021394,0.0535318274800109,0.00119612897957286,0.193491829773397,-0.0211030692158709,-0.0313546728808307,0,0,0,0,0,0,0,0,0,-0.375509702376638,-0.499311251376151,0.234481663848417
8.08200435287871,0.225979946684236,0.053543719551322,0.00118173325628072,0.193279178482034,-0.0214166148746969,-0.0313387202068597,0,0,0,0,0,0,0,0,0,-0.380492322359591,-0.496953757137987,0.23685094644395
8.09200683351346,0.226515575580912,0.0535554687568531,0.00116756212535596,0.193063391772937,-0.0217299953898296,-0.031321654797911,0,0,0,0,0,0,0,0,0,-0.385451243040917,-0.494573057365895,0.239122102150525
8.10200931414821,0.227051321293566,0.0535670773196601,0.0011536109143125,0.19284447135337,-0.0220431997047936,-0.0313034913453088,0,0,0,0,0,0,0,0,0,-0.390386237217134,-0.492170128745784,0.241296121140252
8.11201179478296,0.227587182426349,0.0535785474164014,0.00113987501832537,0.192622419040459,-0.0223562169091062,-0.0312842443492067,0,0,0,0,0,0,0,0,0,-0.395297087404482,-0.489745937808003,0.243374042598813
8.12201427541771,0.22812315760495,0.0535898811780122,0.00112634989979601,0.19239723675974,-0.022669036236371,-0.0312639281198161,0,0,0,0,0,0,0,0,0,-0.400183585734879,-0.487301440449592,0.245356952218753
8.13201675605247,0.228659245476149,0.0536010806903748,0.00111303108791744,0.192168926543726,-0.0229816470623847,-0.0312425567786346,0,0,0,0,0,0,0,0,0,-0.405045533847249,-0.484837581481664,0.247245979735598
8.14201923668722,0.229195444707367,0.0536121479949847,0.00109991417823958,0.191937490530495,-0.0232940389032549,-0.0312201442596742,0,0,0,0,0,0,0,0,0,-0.409882742774418,-0.482355294200942,0.249042296439757
8.15202171732197,0.229731753986227,0.0536230850896119,0.0010869948322344,0.191702930962296,-0.0236062014135319,-0.0311967043106898,0,0,0,0,0,0,0,0,0,-0.414695032825878,-0.479855499986919,0.250747112703971
8.16202419795672,0.230268172020117,0.0536338939289584,0.00107426877686125,0.191465250184175,-0.0239181243843508,-0.0311722504944076,0,0,0,0,0,0,0,0,0,-0.419482233466614,-0.477339107922859,0.252361675562379
8.17202667859147,0.230804697535765,0.0536445764253107,0.00106173180413202,0.191224450642615,-0.0242297977415875,-0.0311467961897534,0,0,0,0,0,0,0,0,0,-0.424244183192293,-0.474807014441387,0.253887266280761
8.18202915922622,0.231341329278817,0.0536551344491887,0.00104937977067642,0.190980534884199,-0.0245412115440263,-0.0311203545930812,0,0,0,0,0,0,0,0,0,-0.428980729401002,-0.472260102994093,0.255325197969439
8.19203163986097,0.231878066013424,0.0536655698299895,0.00103720859730722,0.19073350555429,-0.0248523559815397,-0.0310929387194011,0,0,0,0,0,0,0,0,0,-0.43369172826182,-0.46969924374488,0.25667681322576
8.20203412049572,0.232414906521829,0.0536758843566275,0.00102521426858548,0.19048336539573,-0.0251632213732808,-0.0310645614036082,0,0,0,0,0,0,0,0,0,-0.438377044580433,-0.467125293286732,0.257943481824025
8.21203660113047,0.232951849603973,0.0536860797781699,0.00101339283238578,0.190230117247551,-0.0254737981658878,-0.0310352353017108,0,0,0,0,0,0,0,0,0,-0.443036551662026,-0.46453909438127,0.25912659841378
8.22203908176522,0.233488894077093,0.0536961578044673,0.00100174039946148,0.189973764043717,-0.0257840769317009,-0.0310049728920586,0,0,0,0,0,0,0,0,0,-0.447670131171699,-0.461941475721567,0.260227580290564
8.23204156239997,0.234026038775335,0.0537061201067811,0.000990253143009931,0.189714308811866,-0.0260940483669914,-0.0309737864765713,0,0,0,0,0,0,0,0,0,-0.452277672992612,-0.459333251716301,0.261247865216935
8.24204404303472,0.234563282549372,0.0537159683184057,0.000978927298237757,0.189451754672086,-0.0264037032902028,-0.0309416881819669,0,0,0,0,0,0,0,0,0,-0.456859075082078,-0.456715222296162,0.262188909247611
8.25204652366948,0.235100624266027,0.0537257040352865,0.000967759161926043,0.1891861048357,-0.0267130326402051,-0.0309086899609899,0,0,0,0,0,0,0,0,0,-0.46141424332584,-0.45408817274151,0.263052184661239
8.26204900430423,0.235638062807901,0.0537353288166335,0.000956745091995613,0.188917362604069,-0.0270220274745602,-0.0308748035936403,0,0,0,0,0,0,0,0,0,-0.465943091390711,-0.451452873530156,0.263839177907268
8.27205148493898,0.236175597073013,0.0537448441855311,0.000945881507072246,0.188645531367415,-0.0273306789678005,-0.030840040688401,0,0,0,0,0,0,0,0,0,-0.470445540575816,-0.448810080206098,0.264551387607075
8.28205396557373,0.236713225974433,0.0537542516295426,0.00093516488605193,0.188370614603658,-0.0276389784097193,-0.0308044126834671,0,0,0,0,0,0,0,0,0,-0.474921519662596,-0.446160533267284,0.265190322637403
8.29205644620848,0.237250948439941,0.0537635526013113,0.00092459176766609,0.188092615877271,-0.0279469172036738,-0.0307679308479737,0,0,0,0,0,0,0,0,0,-0.479370964763808,-0.44350495807269,0.265757500249606
8.30205892684323,0.237788763411671,0.0537727485191567,0.000914158750046836,0.187811538838156,-0.0282544868648999,-0.0307306062832247,0,0,0,0,0,0,0,0,0,-0.483793819171672,-0.440844064767711,0.266254444254726
8.31206140747798,0.238326669845775,0.0537818407676663,0.000903862490292194,0.187527387220531,-0.0285616790188401,-0.0306924499239206,0,0,0,0,0,0,0,0,0,-0.488190033205375,-0.438178548227541,0.266682683254644
8.32206388811273,0.23886466671209,0.0537908306982835,0.000893699704031352,0.187240164841834,-0.0288684853994826,-0.0306534725393875,0,0,0,0,0,0,0,0,0,-0.492559564058091,-0.435509088017955,0.267043748964812
8.33206636874748,0.239402752993805,0.0537997196298907,0.00088366716498989,0.18694987560165,-0.0291748978477141,-0.0306136847348053,0,0,0,0,0,0,0,0,0,-0.49690237564369,-0.432836348372238,0.267339174583903
8.34206884938224,0.239940927687143,0.0538085088493883,0.00087376170455503,0.186656523480647,-0.0294809083096831,-0.0305730969524356,0,0,0,0,0,0,0,0,0,-0.50121843844331,-0.430160978184583,0.267570493183462
8.35207133001698,0.24047918980104,0.0538171996122694,0.000863980211340874,0.18636011253953,-0.0297865088351771,-0.0305317194728509,0,0,0,0,0,0,0,0,0,-0.505507729351924,-0.427483611019241,0.267739236218734
8.36207381065174,0.241017538356836,0.0538257931431896,0.000854319630753626,0.186060646918018,-0.0300916915760115,-0.0304895624161622,0,0,0,0,0,0,0,0,0,-0.509770231525096,-0.424804865133702,0.267846932089683
8.37207629128649,0.241555972387968,0.0538342906365336,0.000844776964556855,0.185758130833823,-0.0303964487844302,-0.030446635743248,0,0,0,0,0,0,0,0,0,-0.51400593422602,-0.422125343516632,0.267895104743513
8.38207877192124,0.242094490939673,0.0538426932569761,0.000835349270436715,0.185452568581661,-0.0307007728115198,-0.0304029492569823,0,0,0,0,0,0,0,0,0,-0.518214832673022,-0.419445633939019,0.267885272340912
8.39208125255599,0.242633093068688,0.0538510021400393,0.000826033661567197,0.18514396453227,-0.0310046561056343,-0.0303585126034631,0,0,0,0,0,0,0,0,0,-0.522396927887632,-0.416766309018782,0.267818945987371
8.40208373319074,0.243171777842966,0.0538592183926456,0.00081682730617536,0.184832323131438,-0.0313080912108341,-0.0303133352732407,0,0,0,0,0,0,0,0,0,-0.526552226543375,-0.414087926297303,0.267697628540477
8.41208621382549,0.243710544341394,0.0538673430936663,0.000807727427106576,0.184517648899064,-0.0316110707653356,-0.0302674266025462,0,0,0,0,0,0,0,0,0,-0.530680740815377,-0.411411028327893,0.267522813455906
8.42208869446024,0.244249391653507,0.0538753772944655,0.000798731301389759,0.184199946428216,-0.0319135874999741,-0.0302207957745198,0,0,0,0,0,0,0,0,0,-0.534782488230921,-0.408736142775409,0.267295983707791
8.43209117509499,0.244788318879225,0.0538833220194401,0.000789836259802618,0.183879220384215,-0.0322156342366786,-0.0301734518204393,0,0,0,0,0,0,0,0,0,-0.538857491521045,-0.406063782526325,0.267018610749332
8.44209365572974,0.245327325128581,0.0538911782665551,0.000781039686436884,0.183555475503731,-0.0325172038869588,-0.0301254036209482,0,0,0,0,0,0,0,0,0,-0.542905778473308,-0.403394445809132,0.266692153556257
8.45209613636449,0.24586640952146,0.0538989470078747,0.000772339018263557,0.183228716593896,-0.0328182894504045,-0.0300766599072845,0,0,0,0,0,0,0,0,0,-0.546927381785789,-0.400728616323552,0.266318057708189
8.46209861699924,0.246405571187342,0.0539066291900892,0.000763731744698138,0.182898948531429,-0.0331188840131979,-0.0300272292625087,0,0,0,0,0,0,0,0,0,-0.550922338922441,-0.398066763379311,0.265897754527906
8.472101097634,0.246944809265052,0.0539142257350372,0.000755215407165875,0.182566176261775,-0.0334189807466367,-0.0299771201227322,0,0,0,0,0,0,0,0,0,-0.554890691969868,-0.395409342042574,0.265432660284707
8.48210357826875,0.247484122902513,0.0539217375402239,0.000746787598666997,0.182230404798267,-0.0337185729056709,-0.0299263407783461,0,0,0,0,0,0,0,0,0,-0.558832487495602,-0.392756793290655,0.264924175421267
8.4921060589035,0.248023511256508,0.0539291654793346,0.000738445963341958,0.18189163922129,-0.0340176538274515,-0.029874899375249,0,0,0,0,0,0,0,0,0,-0.562747776407981,-0.390109544173916,0.264373683893238
8.50210853953825,0.248562973492439,0.053936510402744,0.000730188196036666,0.181549884677471,-0.0343162169298911,-0.0298228039160759,0,0,0,0,0,0,0,0,0,-0.566636613817664,-0.387468007983695,0.263782552501696
8.512111020173,0.249102508784101,0.0539437731380215,0.000722012041867736,0.181205146378875,-0.0346142557102369,-0.029770062261426,0,0,0,0,0,0,0,0,0,-0.570499058900866,-0.38483258442755,0.263152130279071
8.52211350080775,0.249642116313454,0.0539509544904315,0.000713915295787716,0.180857429602219,-0.0349117637436568,-0.0297166821310918,0,0,0,0,0,0,0,0,0,-0.574335174764379,-0.382203659809475,0.262483747964584
8.5321159814425,0.250181795270405,0.05395805524343,0.000705895802150337,0.180506739688103,-0.0352087346818363,-0.0296626711052869,0,0,0,0,0,0,0,0,0,-0.578145028312416,-0.379581607215645,0.261778717487869
8.54211846207725,0.250721544852589,0.0539650761591565,0.000697951454275741,0.180153082040246,-0.0355051622515891,-0.0296080366258746,0,0,0,0,0,0,0,0,0,-0.581928690115344,-0.376966786704951,0.261038331511314
8.552120942712,0.251261364265159,0.0539720179789213,0.000690080194015731,0.179796462124748,-0.035801040253479,-0.0295527859975961,0,0,0,0,0,0,0,0,0,-0.585686234280337,-0.374359545503905,0.260263863006157
8.56212342334675,0.251801252720581,0.0539788814236893,0.000682280011319001,0.179436885469351,-0.0360963625604549,-0.0294969263892994,0,0,0,0,0,0,0,0,0,-0.589417738324018,-0.371760218205661,0.259456564897492
8.5721259039815,0.252341209438436,0.0539856671945585,0.000674548943796383,0.179074357662731,-0.0363911231164972,-0.0294404648351669,0,0,0,0,0,0,0,0,0,-0.593123283047083,-0.369169126972013,0.258617669722811
8.58212838461625,0.252881233645215,0.0539923759732347,0.000666885076286075,0.178708884353787,-0.0366853159352776,-0.0293834082359445,0,0,0,0,0,0,0,0,0,-0.596802952410989,-0.366586581739248,0.257748389325429
8.592130865251,0.253421324574136,0.0539990084225018,0.000659286540418895,0.178340471250952,-0.0369789350988295,-0.0293257633601695,0,0,0,0,0,0,0,0,0,-0.600456833416696,-0.364012880426282,0.256849914615991
8.60213334588576,0.253961481464954,0.0540055651866875,0.000651751514183504,0.177969124121521,-0.0372719747562331,-0.0292675368453993,0,0,0,0,0,0,0,0,0,-0.604085015985516,-0.36144830914528,0.255923415346118
8.61213582652051,0.254501703563777,0.0540120468921249,0.000644278221491657,0.177594848790978,-0.0375644291223103,-0.0292087351994394,0,0,0,0,0,0,0,0,0,-0.607687592842074,-0.358893142414324,0.254970039929343
8.62213830715526,0.255041990122891,0.0540184541476096,0.000636864931743439,0.177217651142354,-0.0378562924763333,-0.0291493648015721,0,0,0,0,0,0,0,0,0,-0.611264659399404,-0.35634764337161,0.253990915274433
8.63214078779001,0.255582340400585,0.0540247875448529,0.000629509959392502,0.176837537115581,-0.0381475591607454,-0.0290894319037851,0,0,0,0,0,0,0,0,0,-0.614816313646201,-0.353812063991453,0.25298714667635
8.64214326842476,0.256122753660983,0.0540310476589296,0.0006222116635113,0.176454512706873,-0.0384382235798941,-0.029028942631999,0,0,0,0,0,0,0,0,0,-0.618342656036236,-0.351286645300668,0.251959817732929
8.65214574905951,0.25666322917388,0.0540372350487226,0.000614968447356339,0.176068583968107,-0.0387282801987754,-0.0289679029872967,0,0,0,0,0,0,0,0,0,-0.621843789379934,-0.348771617596235,0.250909990271395
8.66214822969426,0.257203766214582,0.0540433502573628,0.000607778757933406,0.175679757006228,-0.0390177235417922,-0.0289063188471511,0,0,0,0,0,0,0,0,0,-0.62531981873815,-0.346267200663158,0.249838704325427
8.67215071032901,0.257744364063751,0.0540493938126639,0.000600641085562815,0.175288037982658,-0.0393065481915233,-0.0288441959666537,0,0,0,0,0,0,0,0,0,-0.6287708513181,-0.343773603992583,0.248746978115569
8.68215319096376,0.258285022007253,0.0540553662275542,0.000593553963444638,0.17489343311272,-0.0395947487875062,-0.0287815399797432,0,0,0,0,0,0,0,0,0,-0.632196996371499,-0.34129102700005,0.24763580808638
8.69215567159851,0.258825739336012,0.0540612680005029,0.000586515967223955,0.174495948665077,-0.0398823200250303,-0.0287183564004334,0,0,0,0,0,0,0,0,0,-0.635598365094864,-0.338819659242873,0.246506168941315
8.70215815223326,0.259366515345868,0.0540670996159425,0.00057952571455608,0.174095590961175,-0.0401692566539449,-0.028654650624042,0,0,0,0,0,0,0,0,0,-0.638975070531998,-0.336359680637686,0.245359013694954
8.71216063286801,0.259907349337438,0.054072861544687,0.000572581864671813,0.173692366374709,-0.0404555534774768,-0.0285904279284187,0,0,0,0,0,0,0,0,0,-0.642327227478643,-0.333911261676782,0.244195273773804
8.72216311350277,0.260448240615981,0.0540785542443455,0.000565683117942669,0.173286281331094,-0.0407412053510623,-0.0285256934751738,0,0,0,0,0,0,0,0,0,-0.645654952389293,-0.331474563643646,0.243015859116464
8.73216559413752,0.26098918849127,0.0540841781597315,0.000558828215446122,0.172877342306943,-0.0410262071811903,-0.0284604523109065,0,0,0,0,0,0,0,0,0,-0.648958363286159,-0.329049738827283,0.241821658305011
8.74216807477227,0.261530192277465,0.0540897337232679,0.000552015938530842,0.17246555582957,-0.0413105539242581,-0.0283947093684331,0,0,0,0,0,0,0,0,0,-0.652237579670272,-0.326636930735127,0.240613538690026
8.75217055540702,0.262071251292989,0.0540952213553878,0.000545245108381938,0.172050928476491,-0.0415942405854395,-0.0283284694680157,0,0,0,0,0,0,0,0,0,-0.655492722434704,-0.324236274304871,0.239392346560172
8.76217303604177,0.262612364860414,0.0541006414649303,0.000538514585586188,0.171633466874942,-0.0418772622175652,-0.0282617373185903,0,0,0,0,0,0,0,0,0,-0.658723913779909,-0.321847896113976,0.238158907325115
8.77217551667652,0.263153532306346,0.0541059944495333,0.000531823269697291,0.171213177701413,-0.042159613920015,-0.0281945175189955,0,0,0,0,0,0,0,0,0,-0.661931277131135,-0.319471914587845,0.236914025685716
8.78217799731127,0.263694752961311,0.0541112806960201,0.000525170098801092,0.170790067681181,-0.0424412908376234,-0.0281268145592003,0,0,0,0,0,0,0,0,0,-0.665114937057932,-0.317108440205932,0.23565848584471
8.79218047794602,0.264236026159653,0.0541165005807835,0.000518554049080833,0.170364143587865,-0.042722288159596,-0.0280586328215332,0,0,0,0,0,0,0,0,0,-0.668275019195687,-0.314757575705692,0.234393051716915
8.80218295858077,0.264777351239432,0.054121654470164,0.000511974134382382,0.169935412242985,-0.0430026011184395,-0.0279899765819101,0,0,0,0,0,0,0,0,0,-0.671411650169207,-0.312419416284494,0.233118467162989
8.81218543921552,0.265318727542321,0.0541267427208248,0.000505429405779482,0.169503880515538,-0.0432822249889032,-0.0279208500110628,0,0,0,0,0,0,0,0,0,-0.674524957518298,-0.310094049798891,0.231835456215289
8.82218791985028,0.265860154413516,0.0541317656801219,0.000498918951138981,0.169069555321577,-0.0435611550869334,-0.0278512571757673,0,0,0,0,0,0,0,0,0,-0.677615069625337,-0.30778155696201,0.23054472332327
8.83219040048503,0.266401631201639,0.0541367236864698,0.000492441894686077,0.168632443623805,-0.0438393867686391,-0.0277812020400726,0,0,0,0,0,0,0,0,0,-0.68068211564479,-0.305482011537921,0.229246953618344
8.84219288111978,0.266943157258658,0.0541416170697033,0.000485997396569553,0.168192552431181,-0.0441169154292712,-0.0277106884665284,0,0,0,0,0,0,0,0,0,-0.683726225434682,-0.303195480533724,0.227942813157627
8.85219536175453,0.267484731939796,0.0541464461514342,0.000479584652427021,0.167749888798528,-0.044393736502213,-0.0276397202174139,0,0,0,0,0,0,0,0,0,-0.686747529489956,-0.300922024389041,0.226632949213018
8.86219784238928,0.268026354603454,0.0541512112454046,0.000473202892950154,0.167304459826162,-0.0446698454579839,-0.0275683009559662,0,0,0,0,0,0,0,0,0,-0.689746158877725,-0.298661697162324,0.225317990541133
8.87220032302403,0.268568024611134,0.0541559126578348,0.00046685138344993,0.166856272659524,-0.0449452378032541,-0.0274964342476085,0,0,0,0,0,0,0,0,0,-0.692722245174372,-0.296414546714944,0.223998547651977
8.88220280365878,0.269109741327362,0.054160550687768,0.000460529423421872,0.166405334488822,-0.0452199090798733,-0.0274241235611787,0,0,0,0,0,0,0,0,0,-0.695675920404474,-0.294180614892122,0.222675213104752
8.89220528429353,0.269651504119625,0.0541651256274097,0.000454236346111284,0.165951652548683,-0.0454938548639097,-0.0273513722701576,0,0,0,0,0,0,0,0,0,-0.698607316981527,-0.291959937701106,0.221348561802709
8.90220776492828,0.270193312358296,0.0541696377624631,0.000447971518078489,0.16549523411782,-0.0457670707647034,-0.027278183653897,0,0,0,0,0,0,0,0,0,-0.701516567650431,-0.289752545486199,0.220019151288441
8.91221024556303,0.270735165416578,0.0541740873724604,0.000441734338764071,0.165036086518699,-0.0460395524239302,-0.027204560898849,0,0,0,0,0,0,0,0,0,-0.704403805431718,-0.287558463101032,0.218687522026539
8.92221272619778,0.271277062670438,0.054178474731089,0.000435524240054113,0.164574217117223,-0.046311295514679,-0.0271305070997933,0,0,0,0,0,0,0,0,0,-0.707269163567485,-0.285377710077934,0.217354197723414
8.93221520683253,0.271819003498553,0.0541828001065147,0.000429340685845436,0.164109633322422,-0.0465822957405406,-0.0270560252610662,0,0,0,0,0,0,0,0,0,-0.710112775469006,-0.283210300793811,0.21601968562142
8.94221768746729,0.272360987282257,0.0541870637616988,0.000423183171610838,0.163642342586149,-0.0468525488347097,-0.0269811182977888,0,0,0,0,0,0,0,0,0,-0.712934774665989,-0.281056244633628,0.214684476794788
8.95222016810204,0.272903013405489,0.0541912659547124,0.000417051223964333,0.163172352402796,-0.0471220505590981,-0.0269057890370957,0,0,0,0,0,0,0,0,0,-0.715735294757453,-0.278915546150368,0.213349046471002
8.96222264873679,0.273445081254747,0.0541954069390454,0.000410944400226388,0.162699670309003,-0.0473907967034613,-0.0268300402193626,0,0,0,0,0,0,0,0,0,-0.718514469364189,-0.276788205222091,0.212013854327598
8.97222512937154,0.273987190219042,0.0541994869639116,0.000404862287989166,0.162224303883388,-0.0476587830845363,-0.0267538744994357,0,0,0,0,0,0,0,0,0,-0.721272432082776,-0.274674217205947,0.210679344800332
8.98222761000629,0.274529339689857,0.0542035062745493,0.000398804504681763,0.161746260746281,-0.0479260055451927,-0.0266772944478592,0,0,0,0,0,0,0,0,0,-0.724009316441125,-0.272573573089076,0.209345947387539
8.99223009064104,0.27507152906111,0.0542074651125177,0.000392770697135445,0.161265548559466,-0.0481924599535954,-0.026600302552104,0,0,0,0,0,0,0,0,0,-0.726725255855513,-0.270486259636532,0.208014076961274
9.00223257127579,0.275613757729119,0.0542113637159883,0.000386760541148892,0.160782175025934,-0.0484581422023798,-0.0265229012177965,0,0,0,0,0,0,0,0,0,-0.729420383589086,-0.268412259535955,0.206684134070121
9.01223505191054,0.276156025092568,0.0542152023200331,0.000380773741053429,0.160296147889638,-0.0487230482078394,-0.0264450927699462,0,0,0,0,0,0,0,0,0,-0.732094832711789,-0.266351551539439,0.205356505235727
9.02223753254529,0.276698330552477,0.0542189811569076,0.000374810029278276,0.159807474935265,-0.0489871739091252,-0.0263668794541747,0,0,0,0,0,0,0,0,0,-0.734748736061704,-0.264304110602274,0.204031563266198
9.03224001318005,0.277240673512177,0.0542227004563295,0.000368869165915776,0.159316163988011,-0.0492505152674584,-0.0262882634379437,0,0,0,0,0,0,0,0,0,-0.737382226207757,-0.262269908018542,0.202709667549569
9.0422424938148,0.277783053377285,0.0542263604457534,0.000362950938286642,0.158822222913359,-0.0495130682653544,-0.0262092468117837,0,0,0,0,0,0,0,0,0,-0.739995435413771,-0.260248911553991,0.20139116435983
9.05224497444955,0.278325469555683,0.0542299613506411,0.000357055160505189,0.158325659616877,-0.0497748289058593,-0.026129831590522,0,0,0,0,0,0,0,0,0,-0.742588495603825,-0.258241085575504,0.200076387146111
9.0622474550843,0.2788679214575,0.054233503394727,0.000351181673044583,0.157826482044011,-0.0500357932117991,-0.0260500197145115,0,0,0,0,0,0,0,0,0,-0.745161538328903,-0.256246391178191,0.198765656822479
9.07224993571905,0.279410408495094,0.0542369868002801,0.000345330342302067,0.157324698179892,-0.0502959572250406,-0.0259698130508587,0,0,0,0,0,0,0,0,0,-0.747714694734794,-0.254264786309064,0.197459282073511
9.0822524163538,0.27995293008304,0.0542404117883607,0.000339501060164214,0.156820316049153,-0.0505553170057654,-0.0258892133946524,0,0,0,0,0,0,0,0,0,-0.750248095531214,-0.252296225888007,0.196157559626397
9.09225489698855,0.280495485638122,0.0542437785790736,0.000333693743572151,0.156313343715744,-0.0508138686317552,-0.0258082224701917,0,0,0,0,0,0,0,0,0,-0.752761870962126,-0.250340661926017,0.194860774549114
9.1022573776233,0.281038074579318,0.0542470873918159,0.000327908334086814,0.155803789282762,-0.05107160819769,-0.0257268419322149,0,0,0,0,0,0,0,0,0,-0.755256150777225,-0.248398043640207,0.193569200528185
9.11225985825805,0.281580696327801,0.0542503384455219,0.000322144797454173,0.155291660892285,-0.0513285318144586,-0.0256450733671274,0,0,0,0,0,0,0,0,0,-0.757731064204568,-0.246468317566482,0.192283100138448
9.1222623388928,0.28212335030693,0.0542535319589021,0.000316403123170479,0.154776966725215,-0.0515846356084812,-0.0255629182942303,0,0,0,0,0,0,0,0,0,-0.760186739924302,-0.244551427669157,0.191002725126298
9.13226481952755,0.282666035942253,0.0542566681506792,0.000310683324047503,0.154259715001123,-0.0518399157210443,-0.0254803781669487,0,0,0,0,0,0,0,0,0,-0.762623306043491,-0.242647315447962,0.189728316684032
9.1422673001623,0.283208752661507,0.0542597472398186,0.000304985435777769,0.153739913978107,-0.0520943683076478,-0.0253974543740602,0,0,0,0,0,0,0,0,0,-0.765040890071987,-0.240755920042166,0.188460105713346
9.15226978079706,0.283751499894621,0.0542627694457554,0.0002993095164998,0.153217571952648,-0.0523479895373646,-0.0253141482409231,0,0,0,0,0,0,0,0,0,-0.767439618899337,-0.23887717833232,0.187198313074134
9.16227226143181,0.284294277073721,0.0542657349886167,0.000293655646363353,0.152692697259484,-0.0526007755922126,-0.025230461030705,0,0,0,0,0,0,0,0,0,-0.769819618772693,-0.237011025039401,0.185943149869877
9.17227474206656,0.284837083633142,0.0542686440894396,0.000288023927094657,0.152165298271477,-0.0528527226665385,-0.0251463939456111,0,0,0,0,0,0,0,0,0,-0.772181015275695,-0.235157392820844,0.184694817692672
9.18227722270131,0.285379919009433,0.0542714969703848,0.000282414481561659,0.151635383399498,-0.0531038269664142,-0.0250619481281123,0,0,0,0,0,0,0,0,0,-0.774523933308311,-0.233316212364782,0.183453508861396
9.19227970333606,0.285922782641371,0.0542742938549459,0.000276827453339251,0.15110296109231,-0.0533540847090456,-0.0249771246621739,0,0,0,0,0,0,0,0,0,-0.7768484970676,-0.231487412481318,0.1822194066888
9.20228218397081,0.28646567396998,0.0542770349681542,0.000271263006274524,0.15056803983646,-0.0536034921221935,-0.0248919245744842,0,0,0,0,0,0,0,0,0,-0.779154830029377,-0.229670920191421,0.180992685707192
9.21228466460556,0.287008592438538,0.0542797205367797,0.000265721324051991,0.150030628156175,-0.0538520454436066,-0.0248063488356822,0,0,0,0,0,0,0,0,0,-0.78144305493076,-0.227866660813682,0.179773511919271
9.22228714524031,0.287551537492605,0.054282350789527,0.000260202609758839,0.149490734613269,-0.0540997409204675,-0.0247203983615865,0,0,0,0,0,0,0,0,0,-0.783713293753565,-0.226074558048193,0.178562043031175
9.23228962587506,0.288094508580037,0.0542849259572272,0.000254707085450161,0.148948367807046,-0.0543465748088499,-0.0246340740144235,0,0,0,0,0,0,0,0,0,-0.785965667708534,-0.22429453405864,0.177358428671696
9.24229210650981,0.288637505151012,0.0542874462730258,0.000249234991714199,0.148403536374218,-0.0545925433731892,-0.0245473766040558,0,0,0,0,0,0,0,0,0,-0.788200297220369,-0.222526509551797,0.176162810628307
9.25229458714456,0.28918052665805,0.0542899119725653,0.000243786587237578,0.147856248988821,-0.0548376428857647,-0.0244603068892107,0,0,0,0,0,0,0,0,0,-0.790417301913555,-0.220770403854894,0.174975323063177
9.26229706777931,0.289723572556043,0.0542923232941647,0.00023836214837055,0.14730651436214,-0.055081869626194,-0.0243728655787084,0,0,0,0,0,0,0,0,0,-0.792616800598938,-0.219026134990799,0.173796092737367
9.27229954841407,0.29026664230228,0.0542946804789937,0.00023296196869223,0.146754341242641,-0.0553252198809404,-0.0242850533326905,0,0,0,0,0,0,0,0,0,-0.794798911261055,-0.217293619750893,0.172625239211846
9.28230202904882,0.290809735356478,0.0542969837712427,0.000227586358575839,0.1461997384159,-0.0555676899428318,-0.0241968707638482,0,0,0,0,0,0,0,0,0,-0.796963751046165,-0.215572773766227,0.171462875059862
9.29230450968357,0.291352851180812,0.054299233418289,0.000222235644753935,0.145642714704544,-0.0558092761105924,-0.0241083184386508,0,0,0,0,0,0,0,0,0,-0.799111436251007,-0.213863511576163,0.170309106076691
9.30230699031832,0.291895989239948,0.0543014296708577,0.00021691016988366,0.145083278968197,-0.0560499746883864,-0.0240193968785744,0,0,0,0,0,0,0,0,0,-0.801242082312206,-0.21216574669532,0.169164031472767
9.31230947095307,0.292439149001078,0.0543035727831796,0.000211610292111975,0.14452144010342,-0.0562897819853743,-0.0239301065613296,0,0,0,0,0,0,0,0,0,-0.803355803796362,-0.210479391678357,0.168027744071863
9.32231195158782,0.292982329933953,0.0543056630131432,0.000206336384640903,0.143957207043675,-0.0565286943152809,-0.0238404479220904,0,0,0,0,0,0,0,0,0,-0.80545271439076,-0.208804358182961,0.166900330494431
9.33231443222257,0.293525531510924,0.0543077006224435,0.00020108883529276,0.143390588759268,-0.0567667079959764,-0.0237504213547225,0,0,0,0,0,0,0,0,0,-0.807532926894715,-0.207140557030949,0.165781871355909
9.34231691285732,0.29406875320698,0.054309685876726,0.000195868046075402,0.142821594257323,-0.057003819349069,-0.0236600272130115,0,0,0,0,0,0,0,0,0,-0.809596553211507,-0.2054878982673,0.164672441442814
9.35231939349207,0.294611994499786,0.0543116190457264,0.00019067443274746,0.142250232581735,-0.0572400246995105,-0.0235692658118913,0,0,0,0,0,0,0,0,0,-0.811643704340904,-0.203846291217731,0.163572109887468
9.36232187412682,0.295155254869726,0.0543135004034061,0.000185508424383583,0.141676512813146,-0.0574753203752134,-0.0234781374286727,0,0,0,0,0,0,0,0,0,-0.813674490372249,-0.202215644544231,0.162480940348822
9.37232435476157,0.295698533799947,0.0543153302280829,0.000180370462939669,0.141100444068913,-0.0577097027066812,-0.0233866423042718,0,0,0,0,0,0,0,0,0,-0.815689020478098,-0.200595866299021,0.16139899117678
9.38232683539632,0.296241830776402,0.054317108802558,0.000175261002818113,0.140522035503088,-0.05794316802665,-0.0232947806444378,0,0,0,0,0,0,0,0,0,-0.817687402908383,-0.198986863976803,0.160326315581842
9.39232931603108,0.296785145287895,0.0543188364142381,0.000170180510433038,0.139941296306392,-0.0581757126697433,-0.0232025526209821,0,0,0,0,0,0,0,0,0,-0.819669744985094,-0.197388544565324,0.159262961796608
9.40233179666583,0.297328476826129,0.0543205133552536,0.000165129463775544,0.139358235706204,-0.0584073329721386,-0.0231099583730063,0,0,0,0,0,0,0,0,0,-0.821636153097456,-0.195800814594395,0.158208973233259
9.41233427730058,0.297871824885752,0.0543221399225719,0.000160108351978935,0.138772862966541,-0.0586380252712461,-0.0230169980081308,0,0,0,0,0,0,0,0,0,-0.823586732697592,-0.194223580183305,0.157164388632164
9.42233675793533,0.298415188964408,0.0543237164181069,0.00015511767488397,0.138185187388053,-0.0588677859054003,-0.0229236716037227,0,0,0,0,0,0,0,0,0,-0.825521588296647,-0.192656747086864,0.156129242219666
9.43233923857008,0.298958568562787,0.054325243148824,0.000150157942604089,0.137595218308009,-0.0590966112135632,-0.0228299792081249,0,0,0,0,0,0,0,0,0,-0.827440823461372,-0.191100220739664,0.155103563854887
9.44234171920483,0.299501963184673,0.0543267204268405,0.000145229675090665,0.137002965100299,-0.0593244975350405,-0.0227359208418839,0,0,0,0,0,0,0,0,0,-0.829344540811137,-0.189553906299185,0.154087379160951
9.45234419983958,0.300045372336999,0.0543281485695219,0.000140333401698233,0.136408437175425,-0.0595514412092095,-0.0226414964989782,0,0,0,0,0,0,0,0,0,-0.831232842015371,-0.18801770868743,0.153080709679432
9.46234668047433,0.3005887955299,0.0543295278995737,0.000135469660749737,0.135811643980508,-0.0597774385752594,-0.0225467061480473,0,0,0,0,0,0,0,0,0,-0.83310582779141,-0.18649153263094,0.152083572996399
9.47234916110908,0.301132232276765,0.0543308587451292,0.000130638999101762,0.135212594999287,-0.0600024859719442,-0.0224515497336193,0,0,0,0,0,0,0,0,0,-0.834963597902743,-0.18497528269991,0.151095982870388
9.48235164174383,0.301675682094292,0.0543321414398322,0.000125841971709777,0.134611299752125,-0.0602265797373476,-0.0223560271773396,0,0,0,0,0,0,0,0,0,-0.836806251157636,-0.183468863345641,0.150117949371684
9.49235412237858,0.302219144502546,0.0543333763229164,0.000121079141193371,0.134007767796018,-0.0604497162086601,-0.0222601383791995,0,0,0,0,0,0,0,0,0,-0.838633885408132,-0.181972178936872,0.14914947899964
9.50235660301333,0.302762619025011,0.0543345637392794,0.0001163510774015,0.133402008724606,-0.0606718917219687,-0.0221638832187643,0,0,0,0,0,0,0,0,0,-0.840446597549395,-0.180485133794887,0.148190574804985
9.51235908364809,0.303306105188652,0.0543357040395532,0.000111658356977712,0.132794032168181,-0.0608931026120591,-0.0220672615564015,0,0,0,0,0,0,0,0,0,-0.842244483519419,-0.179007632227393,0.147241236506237
9.52236156428284,0.303849602523968,0.0543367975801698,0.000107001562925402,0.132183847793706,-0.0611133452122288,-0.0219702732345098,0,0,0,0,0,0,0,0,0,-0.84402763829905,-0.177539578561306,0.146301460610114
9.53236404491759,0.304393110565055,0.0543378447234225,0.000102381284173036,0.131571465304825,-0.0613326158541146,-0.0218729180787469,0,0,0,0,0,0,0,0,0,-0.845796155912342,-0.176080877174217,0.145371240520054
9.54236652555234,0.304936628849659,0.0543388458375236,9.77981151394011e-05,0.130956894441888,-0.0615509108675308,-0.0217751958992582,0,0,0,0,0,0,0,0,0,-0.84755012942722,-0.174631432525003,0.144450566641121
9.55236900618709,0.305480156919243,0.0543398012966561,9.32526552988398e-05,0.130340144981963,-0.06176822658032,-0.0216771064919048,0,0,0,0,0,0,0,0,0,-0.849289650956442,-0.173191149183203,0.143539426488285
9.56237148682184,0.306023694319038,0.0543407114810233,8.87455087464927e-05,0.129721226738859,-0.0619845593182168,-0.0215786496394926,0,0,0,0,0,0,0,0,0,-0.85101481165885,-0.171759931857458,0.142637804786269
9.57237396745659,0.306567240598111,0.0543415767768918,8.42772837635255e-05,0.129100149563148,-0.0621999054047231,-0.0214798251129998,0,0,0,0,0,0,0,0,0,-0.852725701740903,-0.170337685422887,0.141745683577419
9.58237644809134,0.307110795309425,0.0543423975766318,7.98485923823884e-05,0.12847692334219,-0.0624142611609959,-0.0213806326728059,0,0,0,0,0,0,0,0,0,-0.854422410458472,-0.168924314947373,0.140863042307097
9.59237892872609,0.307654358009895,0.0543431742787525,7.54600499520341e-05,0.127851558000151,-0.0626276229057475,-0.0212810720699199,0,0,0,0,0,0,0,0,0,-0.856105026118902,-0.167519725717229,0.139989857922079
9.60238140936085,0.308197928260453,0.0543439072879326,7.1112274703172e-05,0.127224063498035,-0.0628399869551582,-0.0211811430472085,0,0,0,0,0,0,0,0,0,-0.857773636083322,-0.166123823261519,0.139126104962526
9.61238388999559,0.308741505626113,0.0543445970150473,6.68058873135001e-05,0.126594449833704,-0.0630513496228003,-0.021080845340625,0,0,0,0,0,0,0,0,0,-0.85942832676919,-0.164736513375878,0.138271755643354
9.62238637063035,0.309285089676027,0.0543452438771906,6.25415104729453e-05,0.125962727041908,-0.0632617072195758,-0.0209801786804368,0,0,0,0,0,0,0,0,0,-0.861069183653079,-0.163357702145207,0.137426779948639
9.6323888512651,0.30982867998355,0.0543458482976932,5.83197684489033e-05,0.12532890519431,-0.0634710560536653,-0.0208791427924547,0,0,0,0,0,0,0,0,0,-0.86269629127368,-0.161987295965613,0.136591145706808
9.64239133189985,0.310372276126305,0.0543464107061361,5.4141286651474e-05,0.124692994399515,-0.0636793924304899,-0.0207777373992608,0,0,0,0,0,0,0,0,0,-0.864309733235023,-0.160625201565586,0.135764818677621
9.6523938125346,0.31091587768624,0.0543469315383598,5.00066911987085e-05,0.124055004803095,-0.0638867126526843,-0.0206759622214368,0,0,0,0,0,0,0,0,0,-0.865909592209905,-0.159271326026206,0.13494776262363
9.66239629316935,0.311459484249697,0.0543474112364693,4.5916608481837e-05,0.123414946587621,-0.064093013020084,-0.0205738169787927,0,0,0,0,0,0,0,0,0,-0.867495949943519,-0.157925576800894,0.134139939386049
9.6723987738041,0.31200309540747,0.0543478502488347,4.18716647305199e-05,0.122772829972688,-0.0642982898297227,-0.020471301391595,0,0,0,0,0,0,0,0,0,-0.869068887257271,-0.156587861734095,0.133341308962041
9.68240125443885,0.312546710754868,0.0543482490300872,3.78724855780786e-05,0.122128665214943,-0.0645025393758437,-0.020368415181795,0,0,0,0,0,0,0,0,0,-0.870628484052784,-0.155258089079484,0.1325518295637
9.6924037350736,0.313090329891781,0.0543486080411111,3.3919695626731e-05,0.121482462608115,-0.0647057579499227,-0.0202651580742574,0,0,0,0,0,0,0,0,0,-0.872174819316083,-0.153936167517471,0.131771457702715
9.70240621570835,0.313633952422739,0.0543489277490314,3.00139180128469e-05,0.120834232483041,-0.0649079418407029,-0.0201615297979884,0,0,0,0,0,0,0,0,0,-0.873707971121947,-0.152622006171715,0.131000148248389
9.7124086963431,0.314177577956974,0.0543492086271967,2.61557739721658e-05,0.120183985207691,-0.0651090873342429,-0.0200575300873644,0,0,0,0,0,0,0,0,0,-0.875228016638422,-0.151315514625463,0.130237854482284
9.72241117697786,0.314721206108487,0.0543494511551584,2.23458824050531e-05,0.119531731187201,-0.0653091907139764,-0.0199531586833601,0,0,0,0,0,0,0,0,0,-0.876735032131504,-0.150016602936974,0.129484528172628
9.73241365761261,0.315264836496105,0.0543496558186449,1.85848594417295e-05,0.11887748086389,-0.0655082482607839,-0.0198484153347771,0,0,0,0,0,0,0,0,0,-0.878229092969958,-0.14872518165437,0.128740119628567
9.74241613824736,0.315808468743543,0.0543498231095315,1.48733180075139e-05,0.118221244717293,-0.0657062562530782,-0.0197432997994719,0,0,0,0,0,0,0,0,0,-0.879710273630299,-0.147441161829974,0.128004577757821
9.75241861888211,0.316352102479469,0.0543499535258068,1.12118673880582e-05,0.117563033264182,-0.0659032109669,-0.0196378118455849,0,0,0,0,0,0,0,0,0,-0.881178647701897,-0.146164455034006,0.127277850118926
9.76242109951686,0.31689573733756,0.0543500475715335,7.60111279459602e-06,0.116902857058588,-0.0660991086760276,-0.0195319512527681,0,0,0,0,0,0,0,0,0,-0.882634287892232,-0.144894973367879,0.126559882980653
9.77242358015161,0.317439372956568,0.0543501057568059,4.04165492916752e-06,0.116240726691823,-0.0662939456520978,-0.0194257178134142,0,0,0,0,0,0,0,0,0,-0.884077266032267,-0.143632629476705,0.12585062137137
9.78242606078636,0.317983008980374,0.0543501285977023,5.34089549872243e-07,0.115576652792506,-0.0664877181647398,-0.0193191113338842,0,0,0,0,0,0,0,0,0,-0.88550765308195,-0.142377336561602,0.125150009120855
9.79242854142111,0.318526645058053,0.0543501166162336,-2.92099296390251e-06,0.114910646026576,-0.0666804224817209,-0.0192121316357364,0,0,0,0,0,0,0,0,0,-0.886925519135837,-0.141129008391365,0.12445798891885
9.80243102205586,0.319070280843931,0.0543500703402872,-6.32300804623374e-06,0.11424271709731,-0.0668720548691045,-0.0191047785569545,0,0,0,0,0,0,0,0,0,-0.888330933428823,-0.1398875593136,0.1237745023592
9.81243350269061,0.319613915997641,0.0543499903035668,-9.67137737943602e-06,0.113572876745346,-0.0670626115914209,-0.0189970519531758,0,0,0,0,0,0,0,0,0,-0.889723964341991,-0.138652904265517,0.123099489979442
9.82243598332536,0.320157550184185,0.0543498770455276,-1.29655293288041e-05,0.112901135748691,-0.0672520889118497,-0.0188889516989202,0,0,0,0,0,0,0,0,0,-0.891104679408558,-0.137424958784266,0.122432891301976
9.83243846396011,0.32070118307399,0.0543497311113072,-1.62048993773943e-05,0.112227504922734,-0.067440483092415,-0.018780477688818,0,0,0,0,0,0,0,0,0,-0.892473145319933,-0.136203639016908,0.121774644881831
9.84244094459487,0.321244814342963,0.0543495530516527,-1.93889305607695e-05,0.111551995120259,-0.0676277903941927,-0.0186716298388382,0,0,0,0,0,0,0,0,0,-0.893829427931857,-0.134988861729798,0.121124688343553
9.85244342522962,0.321788443672546,0.0543493434228422,-2.25170739017702e-05,0.110874617231452,-0.0678140070775298,-0.0185624080875176,0,0,0,0,0,0,0,0,0,-0.895173592270651,-0.133780544317815,0.120482958416121
9.86244590586437,0.322332070749775,0.0543491027866037,-2.55887888452673e-05,0.11019538218391,-0.0679991294022768,-0.0184528123971884,0,0,0,0,0,0,0,0,0,-0.896505702539547,-0.132578604813048,0.119849390972147
9.87244838649912,0.322875695267331,0.0543488317100276,-2.86035436929352e-05,0.109514300942638,-0.0681831536280313,-0.0183428427552071,0,0,0,0,0,0,0,0,0,-0.897825822125101,-0.131382961893244,0.119223921057417
9.88245086713387,0.323419316923592,0.0543485307654769,-3.15608160379953e-05,0.108831384510058,-0.0683660760143949,-0.0182324991751824,0,0,0,0,0,0,0,0,0,-0.899134013603694,-0.130193534889896,0.118606482932803
9.89245334776862,0.323962935422689,0.0543482005304915,-3.44600931999955e-05,0.108146643926002,-0.0685478928212415,-0.0181217816982042,0,0,0,0,0,0,0,0,0,-0.900430338748113,-0.129010243795861,0.117997010100658
9.90245582840337,0.324506550474555,0.054347841587689,-3.73008726595589e-05,0.10746009026771,-0.0687286003089989,-0.0180106903940713,0,0,0,0,0,0,0,0,0,-0.9017148585342,-0.127833009272916,0.117395435332237
9.91245830903812,0.325050161794974,0.0543474545246607,-4.00826624931427e-05,0.106771734649826,-0.0689081947389414,-0.0178992253625205,0,0,0,0,0,0,0,0,0,-0.902987633147581,-0.126661752658823,0.1168016907023
9.92246078967287,0.325593769105634,0.0543470399338637,-4.28049818078174e-05,0.106081588224381,-0.069086672373496,-0.0177873867344541,0,0,0,0,0,0,0,0,0,-0.904248721990466,-0.125496395974204,0.116215707613655
9.93246327030762,0.326137372134172,0.0543465984125082,-4.54673611760049e-05,0.105389662180787,-0.0692640294765599,-0.0176751746731693,0,0,0,0,0,0,0,0,0,-0.905498183688507,-0.124336861929104,0.115637416826112
9.94246575094238,0.326680970614221,0.0543461305624406,-4.80693430702549e-05,0.104695967745816,-0.0694402623138309,-0.0175625893755857,0,0,0,0,0,0,0,0,0,-0.90673607609773,-0.123183073929292,0.115066748477994
9.95246823157713,0.327224564285458,0.0543456369900224,-5.06104822980001e-05,0.104000516183581,-0.0696153671531498,-0.017449631073474,0,0,0,0,0,0,0,0,0,-0.907962456311521,-0.122034956082395,0.114503632111765
9.96247071221188,0.327768152893646,0.0543451183060048,-5.30903464363141e-05,0.103303318795516,-0.0697893402648549,-0.0173363000346848,0,0,0,0,0,0,0,0,0,-0.909177380667683,-0.120892433203679,0.113947996698128
9.97247319284663,0.32831173619068,0.0543445751253984,-5.55085162666853e-05,0.102604386920346,-0.0699621779221495,-0.0172225965643762,0,0,0,0,0,0,0,0,0,-0.910380904755536,-0.119755430821711,0.113399770655723
9.98247567348138,0.328855313934625,0.0543440080673393,-5.78645862097577e-05,0.101903731934056,-0.0701338764014807,-0.0171085210062426,0,0,0,0,0,0,0,0,0,-0.911573083423084,-0.118623875183741,0.112858881870788
9.99247815411613,0.329398885889762,0.0543434177549503,-6.0158164760109e-05,0.101201365249859,-0.0703044319829313,-0.0169940737437434,0,0,0,0,0,0,0,0,0,-0.912753970784225,-0.117497693260967,0.112325257716464
10.0024806347509,0.329942451826622,0.0543428048151982,-6.23888749210085e-05,0.100497298318158,-0.0704738409506239,-0.0168792552013305,0,0,0,0,0,0,0,0,0,-0.913923620226026,-0.116376812753536,0.111798825075567
10.0124831153856,0.330486011522025,0.054342169878746,-6.45563546391691e-05,0.0997915426264982,-0.0706420995931364,-0.0167640658456776,0,0,0,0,0,0,0,0,0,-0.915082084416028,-0.115261162095354,0.111279510350641
10.0224855960204,0.33102956475912,0.054341513579802,-6.66602572395201e-05,0.0990841096995279,-0.0708092042039312,-0.0166485061869081,0,0,0,0,0,0,0,0,0,-0.916229415309621,-0.114150670458883,0.11076723948226
10.0324880766551,0.331573111327415,0.054340836555963,-6.87002518599557e-05,0.098375011098942,-0.0709751510817953,-0.0165325767798235,0,0,0,0,0,0,0,0,0,-0.917365664157445,-0.113045267759582,0.110261937966369
10.0424905572899,0.332116651022811,0.0543401394480546,-7.06760238861114e-05,0.0976642584234285,-0.0711399365312941,-0.0164162782251319,0,0,0,0,0,0,0,0,0,-0.918490881512852,-0.111944884660365,0.10976353086446
10.0524930379246,0.332660183647636,0.0543394228999661,-7.25872753861091e-05,0.0969518633086081,-0.0713035568632358,-0.0162996111706763,0,0,0,0,0,0,0,0,0,-0.919605117239395,-0.110849452575835,0.109271942820255
10.0624955185594,0.333203709010671,0.0543386875584818,-7.44337255453309e-05,0.0962378374269691,-0.0714660083951499,-0.0161825763126629,0,0,0,0,0,0,0,0,0,-0.920708420518377,-0.109758903676403,0.108787098070449
10.0724979991941,0.333747226927184,0.0543379340731073,-7.62151111011692e-05,0.0955221924877984,-0.0716272874517764,-0.0160651743968897,0,0,0,0,0,0,0,0,0,-0.921800839856424,-0.108673170892314,0.108308920453411
10.0825004798289,0.334290737218948,0.0543371630958918,-7.79311867777992e-05,0.0948049402371063,-0.0717873903655684,-0.0159474062199749,0,0,0,0,0,0,0,0,0,-0.922882423093111,-0.107592187917591,0.107837333418334
10.0925029604636,0.334834239714273,0.0543363752812462,-7.95817257209308e-05,0.094086092457547,-0.0719463134772063,-0.0158292726305848,0,0,0,0,0,0,0,0,0,-0.923953217408617,-0.106515889213874,0.107372260040228
10.1025054410984,0.335377734248025,0.0543355712857566,-8.11665199325698e-05,0.0933656609683334,-0.072104053136125,-0.0157107745306627,0,0,0,0,0,0,0,0,0,-0.925013269331421,-0.105444210014067,0.106913623026157
10.1125079217331,0.335921220661647,0.0543347517679934,-8.26853807057836e-05,0.0926436576251474,-0.0722606057010524,-0.0155919128766573,0,0,0,0,0,0,0,0,0,-0.926062624746041,-0.104377086326054,0.106461344717348
10.1225104023679,0.336464698803179,0.0543339173883163,-8.4138139059468e-05,0.0919200943200436,-0.0724159675405609,-0.0154726886807504,0,0,0,0,0,0,0,0,0,-0.927101328900798,-0.103314454936298,0.106015347101458
10.1325128830026,0.337008168527275,0.0543330688086747,-8.55246461730868e-05,0.0911949829813486,-0.0725701350336313,-0.0153531030120863,0,0,0,0,0,0,0,0,0,-0.928129426415622,-0.102256253413316,0.105575551817368
10.1425153636374,0.337551629695216,0.0543322066924041,-8.68447738214587e-05,0.0904683355735534,-0.0727231045702284,-0.0152331569979991,0,0,0,0,0,0,0,0,0,-0.929146961289895,-0.101202420111185,0.105141880159351
10.1525178442721,0.338095082174925,0.0543313317040175,-8.80984148094984e-05,0.0897401640972013,-0.0728748725518892,-0.015112851825242,0,0,0,0,0,0,0,0,0,-0.930153976910326,-0.100152894172926,0.104714253079131
10.1625203249069,0.338638525840977,0.0543304445089934,-8.92854834069917e-05,0.0890104805887683,-0.0730254353923237,-0.0149921887412151,0,0,0,0,0,0,0,0,0,-0.931150516058853,-0.0991076155339721,0.104292591188858
10.1725228055416,0.339181960574605,0.0543295457735584,-9.04059157833402e-05,0.0882792971205394,-0.0731747895180271,-0.0148711690551942,0,0,0,0,0,0,0,0,0,-0.932136620920596,-0.0980665249254966,0.103876814773624
10.1825252861764,0.339725386263712,0.0543286361644663,-9.14596704423435e-05,0.0875466258004763,-0.0733229313689054,-0.0147497941395586,0,0,0,0,0,0,0,0,0,-0.933112333091823,-0.0970295638776266,0.103466843781684
10.1925277668111,0.340268802802869,0.0543277163487727,-9.24467286569385e-05,0.0868124787720813,-0.0734698573989126,-0.0146280654310202,0,0,0,0,0,0,0,0,0,-0.934077693587964,-0.0959966747229665,0.103062597824836
10.2025302474459,0.340812210093323,0.0543267869936044,-9.33670949039853e-05,0.0860768682142525,-0.0736155640766999,-0.0145059844318511,0,0,0,0,0,0,0,0,0,-0.935032742851656,-0.0949678005998065,0.102663996189277
10.2125327280806,0.341355608042991,0.0543258487659259,-9.42207972989967e-05,0.0853398063411346,-0.0737600478862783,-0.0143835527111128,0,0,0,0,0,0,0,0,0,-0.935977520760813,-0.0939428854554277,0.102270957826477
10.2225352087154,0.341898996566459,0.0543249023323003,-9.50078880309268e-05,0.0846013054019607,-0.0739033053276923,-0.014260771905884,0,0,0,0,0,0,0,0,0,-0.936912066636737,-0.092921874049493,0.101883401355132
10.2325376893501,0.342442375584978,0.0543239483586466,-9.57284437969187e-05,0.0838613776808896,-0.0740453329177064,-0.014137643722489,0,0,0,0,0,0,0,0,0,-0.937836419252263,-0.0919047119573132,0.101501245058564
10.2425401699849,0.342985745026458,0.0543229875099919,-9.6382566237068e-05,0.0831200354968339,-0.0741861271905044,-0.0140141699377265,0,0,0,0,0,0,0,0,0,-0.938750616839928,-0.0908913455732901,0.10112440688289
10.2525426506197,0.343529104825451,0.0543220204502207,-9.69703823691876e-05,0.0823772912032835,-0.0743256846983996,-0.0138903524000975,0,0,0,0,0,0,0,0,0,-0.939654697100189,-0.0898817221142197,0.10075280443378
10.2625451312544,0.344072454923145,0.0543210478418176,-9.74920450235554e-05,0.08163315718812,-0.074464002012559,-0.0137661930310339,0,0,0,0,0,0,0,0,0,-0.940548697209659,-0.0888757896227987,0.100386354972566
10.2725476118892,0.344615795267348,0.0543200703456081,-9.79477332776956e-05,0.080887645873424,-0.0746010757237384,-0.013641693826127,0,0,0,0,0,0,0,0,0,-0.94143265382939,-0.0878734969710071,0.100024975412103
10.2825500925239,0.345159125812466,0.0543190886204931,-9.83376528911218e-05,0.0801407697152765,-0.0747369024430304,-0.0135168568563556,0,0,0,0,0,0,0,0,0,-0.94230660311318,-0.0868747938636967,0.099668582307796
10.2925525731587,0.345702446519486,0.0543181033231804,-9.86620367401147e-05,0.0793925412035507,-0.0748714788026248,-0.0133916842693145,0,0,0,0,0,0,0,0,0,-0.943170580715929,-0.0858796308421535,0.0993170918578397
10.3025550537934,0.346245757355951,0.0543171151079109,-9.89211452524603e-05,0.0786429728616977,-0.0750048014565809,-0.0132661782904432,0,0,0,0,0,0,0,0,0,-0.944024621802016,-0.0848879592876811,0.0989704198941083
10.3125575344282,0.346789058295934,0.0543161246261809,-9.91152668422357e-05,0.0778920772465236,-0.0751368670816123,-0.0131403412242536,0,0,0,0,0,0,0,0,0,-0.944868761053726,-0.0838997314253454,0.0986284818755997
10.3225600150629,0.347332349320013,0.0543151325264601,-9.92447183445519e-05,0.0771398669479591,-0.0752676723778842,-0.0130141754555589,0,0,0,0,0,0,0,0,0,-0.945703032679702,-0.08291490032769,0.0982911928795333
10.3325624956977,0.347875630415231,0.0543141394539053,-9.93098454503257e-05,0.0763863545888205,-0.0753972140698225,-0.0128876834507019,0,0,0,0,0,0,0,0,0,-0.946527470423446,-0.0819334199186573,0.0979584675931727
10.3425649763324,0.34841890157507,0.0543131460500691,-9.93110231410307e-05,0.0756315528245637,-0.0755254889069353,-0.0127608677587833,0,0,0,0,0,0,0,0,0,-0.947342107571853,-0.0809552449774689,0.0976302203080939
10.3525674569672,0.348962162799409,0.0543121529526053,-9.92486561234777e-05,0.0748754743430282,-0.0756524936646473,-0.01263373101289,0,0,0,0,0,0,0,0,0,-0.948146976963783,-0.0799803311426609,0.0973063649045989
10.3625699376019,0.349505414094484,0.0543111607949691,-9.91231792645429e-05,0.0741181318641745,-0.0757782251451457,-0.0125062759313237,0,0,0,0,0,0,0,0,0,-0.948942110998684,-0.0790086349162762,0.0969868148475615
10.3725724182367,0.350048655472845,0.0543101702061131,-9.89350580259635e-05,0.0733595381398113,-0.0759026801782387,-0.0123785053188291,0,0,0,0,0,0,0,0,0,-0.94972754164524,-0.0780401136679832,0.0966714831776326
10.3825748988714,0.35059188695331,0.0543091818101796,-9.86847888990723e-05,0.0725997059533158,-0.0760258556222264,-0.0122504220678223,0,0,0,0,0,0,0,0,0,-0.950503300450079,-0.0770747256394424,0.096360282491794
10.3925773795062,0.351135108560912,0.0543081962261875,-9.83728998395876e-05,0.0718386481193434,-0.0761477483647838,-0.0121220291596192,0,0,0,0,0,0,0,0,0,-0.951269418546514,-0.0761124299488166,0.0960531249354163
10.4025798601409,0.351678320326853,0.054307214067716,-9.79999507023295e-05,0.0710763774835302,-0.0762683553238562,-0.0119933296656641,0,0,0,0,0,0,0,0,0,-0.952025926663333,-0.0751531865952948,0.0957499221938337
10.4125823407757,0.35222152228844,0.0543062359425826,-9.75665336760316e-05,0.0703129069221849,-0.0763876734485668,-0.0118643267487575,0,0,0,0,0,0,0,0,0,-0.952772855133633,-0.0741969564637712,0.0954505854766547
10.4225848214104,0.352764714489032,0.0543052624525182,-9.70732737180643e-05,0.0695482493419733,-0.0765056997201366,-0.0117350236642852,0,0,0,0,0,0,0,0,0,-0.953510233903705,-0.0732437013296831,0.0951550255022595
10.4325873020452,0.353307896977973,0.0543042941928368,-9.65208289892203e-05,0.0687824176795915,-0.0766224311528169,-0.0116054237614462,0,0,0,0,0,0,0,0,0,-0.954238092541968,-0.0722933838639999,0.0948631524849538
10.4425897826799,0.353851069810529,0.0543033317521013,-9.59098912884518e-05,0.068015424901432,-0.0767378647948335,-0.0114755304844811,0,0,0,0,0,0,0,0,0,-0.954956460247946,-0.0713459676383188,0.0945748761238275
10.4525922633147,0.354394233047819,0.0543023757117848,-9.5241186487655e-05,0.0672472840032378,-0.0768519977293434,-0.0113453473739006,0,0,0,0,0,0,0,0,0,-0.955665365861308,-0.0704014171300748,0.0942901055854011
10.4625947439494,0.35493738675674,0.0543014266459278,-9.45154749664176e-05,0.0664780080097495,-0.0769648270754044,-0.0112148780677142,0,0,0,0,0,0,0,0,0,-0.956364837870951,-0.0694596977279856,0.0940087494862835
10.4725972245842,0.355480531009892,0.0543004851207905,-9.37335520467858e-05,0.06570760997434,-0.077076349988956,-0.0110841263026579,0,0,0,0,0,0,0,0,0,-0.957054904424147,-0.0685207757376075,0.0937307158783736
10.4825997052189,0.3560236658855,0.0542995516945015,-9.28962484280128e-05,0.0649361029786416,-0.0771865636638131,-0.0109530959154229,0,0,0,0,0,0,0,0,0,-0.957735593335738,-0.067584618387076,0.0934559122339364
10.4926021858537,0.356566791467329,0.0542986269167017,-9.20044306213386e-05,0.064163500132162,-0.0772954653326723,-0.0108217908438843,0,0,0,0,0,0,0,0,0,-0.958406932097395,-0.0666511938329616,0.0931842454281804
10.5026046664884,0.357109907844596,0.0542977113281835,-9.10590013847444e-05,0.0633898145718898,-0.0774030522681297,-0.0106902151283289,0,0,0,0,0,0,0,0,0,-0.959068947886933,-0.0657204711663575,0.0929156217178494
10.5126071471232,0.357653015111884,0.0542968054605267,-9.00609001577004e-05,0.0626150594618905,-0.0775093217837115,-0.010558372912684,0,0,0,0,0,0,0,0,0,-0.959721667577691,-0.0647924204191644,0.0926499467269962
10.5226096277579,0.358196113369044,0.054295909835729,-8.90111034959474e-05,0.0618392479928922,-0.0776142712349172,-0.0104262684457456,0,0,0,0,0,0,0,0,0,-0.960365117747975,-0.0638670125704626,0.0923871254290999
10.5326121083927,0.358739202721099,0.0542950249658326,-8.79106255062337e-05,0.0610623933818601,-0.0777178980202743,-0.0102939060824069,0,0,0,0,0,0,0,0,0,-0.960999324690562,-0.0629442195531547,0.0921270621235135
10.5426145890274,0.359282283278144,0.0542941513525466,-8.67605182811133e-05,0.0602845088715611,-0.0778201995824054,-0.0101612902848864,0,0,0,0,0,0,0,0,0,-0.961624314422275,-0.0620240142608087,0.0918696604165983
10.5526170696622,0.359825355155237,0.0542932894868649,-8.55618723336607e-05,0.059505607730117,-0.0779211734091089,-0.0100284256239567,0,0,0,0,0,0,0,0,0,-0.962240112693629,-0.0611063705546782,0.0916148232064888
10.5626195502969,0.360368418472293,0.0542924398486792,-8.4315817032271e-05,0.0587257032505475,-0.0780208170344497,-0.00989531678017265,0,0,0,0,0,0,0,0,0,-0.962846744998541,-0.0601912632708507,0.0913624526580562
10.5726220309317,0.360911473353968,0.054291602906389,-8.30235210353921e-05,0.0579448087503017,-0.0781191280398643,-0.0097619685450995,0,0,0,0,0,0,0,0,0,-0.963444236584124,-0.0592786682277671,0.0911124501796943
10.5826245115664,0.361454519929548,0.0542907791165058,-8.16861927263098e-05,0.0571629375707789,-0.078216104055277,-0.00962838582254178,0,0,0,0,0,0,0,0,0,-0.964032612460545,-0.0583685622338365,0.0908647164074269
10.5926269922012,0.36199755833282,0.0542899689232539,-8.03050806478921e-05,0.0563801030768375,-0.0783117427602289,-0.00949457362977124,0,0,0,0,0,0,0,0,0,-0.964611897410969,-0.0574609230952723,0.0906191511778415
10.6026294728359,0.362540588701953,0.0542891727581662,-7.88814739373553e-05,0.0555963186562939,-0.0784060418850185,-0.0093605370987555,0,0,0,0,0,0,0,0,0,-0.965182116001576,-0.0565557296242485,0.0903756535065664
10.6126319534707,0.363083611179369,0.0542883910396764,-7.74167027610254e-05,0.0548115977194079,-0.0784989992118559,-0.00922628147738633,0,0,0,0,0,0,0,0,0,-0.96574329259167,-0.0556529616471676,0.0901341215661078
10.6226344341054,0.363626625911605,0.0542876241727062,-7.59121387491021e-05,0.0540259536983589,-0.0785906125760276,-0.00909181213070801,0,0,0,0,0,0,0,0,0,-0.966295451343861,-0.054752600013258,0.0898944526599649
10.6326369147402,0.36416963304918,0.0542868725482483,-7.4369195430414e-05,0.0532394000467077,-0.0786808798670752,-0.0089571345421457,0,0,0,0,0,0,0,0,0,-0.96683861623434,-0.053854626603362,0.0896565432010278
10.6426393953749,0.364712632746453,0.0542861365429454,-7.27893286671744e-05,0.0524519502388493,-0.0787697990299851,-0.0088222543147339,0,0,0,0,0,0,0,0,0,-0.967372811063245,-0.0529590243389641,0.0894202886856187
10.6526418760097,0.365255625161477,0.0542854165186643,-7.11740370897746e-05,0.051663617769451,-0.0788573680663915,-0.00868717717234476,0,0,0,0,0,0,0,0,0,-0.967898059465112,-0.0520657771914985,0.0891855836662338
10.6626443566444,0.365798610455849,0.0542847128220662,-6.95248625314899e-05,0.0508744161528809,-0.0789435850357907,-0.00855190896091651,0,0,0,0,0,0,0,0,0,-0.968414384919427,-0.0511748701919232,0.0889523217273724
10.6726468372792,0.366341588794553,0.0542840257841721,-6.78433904632955e-05,0.050084358922622,-0.0790284480567687,-0.00841645564968175,0,0,0,0,0,0,0,0,0,-0.968921810761273,-0.05028628944051,0.088720395460991
10.6826493179139,0.366884560345808,0.0542833557199244,-6.61312504285859e-05,0.049293459630676,-0.0791119553082402,-0.00828082333239593,0,0,0,0,0,0,0,0,0,-0.969420360192071,-0.0494000221169112,0.0884896964364345
10.6926517985487,0.367427525280899,0.0542827029277439,-6.43901164779663e-05,0.0485017318469524,-0.0791941050307007,-0.00814501822856564,0,0,0,0,0,0,0,0,0,-0.969910056290434,-0.0485160564905492,0.0882601151752449
10.7026542791834,0.36797048377401,0.0542820676890822,-6.26217076039859e-05,0.0477091891586473,-0.07927489552749,-0.00800904668467713,0,0,0,0,0,0,0,0,0,-0.970390922023114,-0.0476343819311887,0.0880315411234139
10.7126567598182,0.368513436002056,0.05428145026797,-6.08277881759363e-05,0.0469158451696077,-0.0793543251660687,-0.00787291517542449,0,0,0,0,0,0,0,0,0,-0.970862980256064,-0.0467549889198808,0.0878038626195235
10.7226592404529,0.369056382144502,0.0542808509105616,-5.90101683745604e-05,0.0461217134996844,-0.079432392379307,-0.00773663030493822,0,0,0,0,0,0,0,0,0,-0.971326253765612,-0.0458778690601723,0.0875769668716368
10.7326617210877,0.369599322383186,0.0542802698446736,-5.71707046268682e-05,0.0453268077840704,-0.0795090956667848,-0.00760019880801346,0,0,0,0,0,0,0,0,0,-0.97178076524974,-0.0450030150895133,0.0873507399256657
10.7426642017224,0.370142256902129,0.0542797072793209,-5.53113000408556e-05,0.0445311416726277,-0.0795844335961056,-0.00746362755133844,0,0,0,0,0,0,0,0,0,-0.972226537339488,-0.0441304208910971,0.0871250666330626
10.7526666823572,0.370685185887347,0.0542791634042474,-5.34339048402946e-05,0.0437347288292003,-0.0796584048042215,-0.00732692353472288,0,0,0,0,0,0,0,0,0,-0.972663592610473,-0.0432600815059161,0.0868998306218564
10.7626691629919,0.371228109526657,0.0542786383894522,-5.15405167994705e-05,0.0429375829309134,-0.0797310079987708,-0.00719009389232636,0,0,0,0,0,0,0,0,0,-0.97309195359453,-0.0423919931451806,0.0866749142684354
10.7726716436267,0.371771028009475,0.0542781323847122,-4.9633181677959e-05,0.0421397176674599,-0.0798022419594283,-0.00705314589388661,0,0,0,0,0,0,0,0,0,-0.97351164279148,-0.0415261532029387,0.0864501986657548
10.7826741242614,0.37231394152661,0.0542776455190999,-4.77139936553871e-05,0.0413411467403732,-0.0798721055392674,-0.00691608694594804,0,0,0,0,0,0,0,0,0,-0.973922682681026,-0.0406625602691315,0.0862255635860842
10.7926766048962,0.372856850270059,0.0542771779004968,-4.57850957661767e-05,0.0405418838622857,-0.0799405976661345,-0.00677892459308993,0,0,0,0,0,0,0,0,0,-0.974325095734783,-0.039801214142958,0.0860008874560396
10.8026790855309,0.373399754432789,0.0542767296151026,-4.38486803343357e-05,0.0397419427561747,-0.080007717344036,-0.00664166651915502,0,0,0,0,0,0,0,0,0,-0.974718904428435,-0.0389421158464307,0.0857760473212039
10.8126815661657,0.37394265420852,0.0542763007269399,-4.19069894081882e-05,0.0389413371545927,-0.0800734636545375,-0.00650432054847771,0,0,0,0,0,0,0,0,0,-0.975104131254043,-0.0380852676384464,0.0855509188092359
10.8226840468005,0.374485549791498,0.054275891277355,-3.99623151951466e-05,0.0381400807988856,-0.0801378357581751,-0.00636689464711262,0,0,0,0,0,0,0,0,0,-0.975480798732481,-0.0372306730290816,0.0853253761011027
10.8326865274352,0.375028441376266,0.0542755012845134,-3.80170004964913e-05,0.0373381874383946,-0.080200832895879,-0.00622939692406277,0,0,0,0,0,0,0,0,0,-0.975848929426027,-0.0363783367942382,0.0850992918955243
10.84268900807,0.375571329157433,0.0542751307428922,-3.60734391420966e-05,0.0365356708296458,-0.0802624543904096,-0.00609183563250807,0,0,0,0,0,0,0,0,0,-0.976208545951098,-0.0355282649906495,0.0848725373743051
10.8526914887047,0.376114213329432,0.0542747796227673,-3.41340764252237e-05,0.0357325447355238,-0.0803226996478058,-0.00595421917103367,0,0,0,0,0,0,0,0,0,-0.976559670991138,-0.0346804649712209,0.0846449821662167
10.8626939693395,0.376657094086273,0.0542744478696962,-3.22014095372578e-05,0.0349288229244322,-0.0803815681588456,-0.00581655608485842,0,0,0,0,0,0,0,0,0,-0.976902327309656,-0.0338349454007567,0.0844164943104798
10.8726964499742,0.377199971621299,0.0542741354039971,-3.02779880024901e-05,0.0341245191694372,-0.0804390595005186,-0.00567885506706307,0,0,0,0,0,0,0,0,0,-0.977236537763435,-0.0329917162720327,0.0841869402237807
10.882698930609,0.377742846126924,0.0542738421202229,-2.83664141128635e-05,0.0333196472474002,-0.0804951733375117,-0.00554112495981893,0,0,0,0,0,0,0,0,0,-0.977562325315892,-0.0321507889221822,0.0839561846622969
10.8927014112437,0.37828571779438,0.0542735678866316,-2.64693433627301e-05,0.0325142209380905,-0.080549909423706,-0.0054033747556159,0,0,0,0,0,0,0,0,0,-0.977879713050608,-0.0313121760495283,0.0837240906839872
10.9027038918785,0.378828586813445,0.0542733125446516,-2.45894848836387e-05,0.0317082540232873,-0.0806032676036866,-0.00526561359849113,0,0,0,0,0,0,0,0,0,-0.978188724185027,-0.0304758917307248,0.0834905196112892
10.9127063725132,0.379371453372174,0.0542730759083434,-2.27296018790583e-05,0.0309017602858646,-0.0806552478142651,-0.00512785078525727,0,0,0,0,0,0,0,0,0,-0.978489382084334,-0.0296419514383338,0.0832553309929803
10.922708853148,0.379914317656626,0.0542728577638563,-2.08925120591722e-05,0.0300947535088603,-0.0807058500860131,-0.00499009576673084,0,0,0,0,0,0,0,0,0,-0.978781710275503,-0.0288103720587307,0.0830183825679178
10.9327113337827,0.380457179850575,0.054272657868881,-1.90810880756178e-05,0.0292872474745317,-0.0807550745448092,-0.00485235814896078,0,0,0,0,0,0,0,0,0,-0.979065732461529,-0.0279811719104059,0.0827795302239334
10.9427138144175,0.381000040135231,0.0542724759520981,-1.72982579562677e-05,0.0284792559633931,-0.0808029214133979,-0.0047146476944565,0,0,0,0,0,0,0,0,0,-0.979341472535846,-0.0271543707626934,0.0825386279577954
10.9527162950522,0.381542898688939,0.0542723117126217,-1.5547005539949e-05,0.0276707927532407,-0.0808493910129607,-0.00457697432341661,0,0,0,0,0,0,0,0,0,-0.979608954596935,-0.0263299898548724,0.0822955278387161
10.962718775687,0.382085755686887,0.0542721648194394,-1.38303709112716e-05,0.0268618716181586,-0.0808944837646992,-0.00443934811495706,0,0,0,0,0,0,0,0,0,-0.979868202963119,-0.0255080519156265,0.0820500799671295
10.9727212563217,0.382628611300797,0.0542720349108473,-1.21514508353089e-05,0.0260525063275112,-0.0809382001914312,-0.00430177930833964,0,0,0,0,0,0,0,0,0,-0.980119242187567,-0.0246885811829705,0.0818021324304807
10.9827237369565,0.383171465698618,0.0542719215938806,-1.05133991924545e-05,0.0252427106449182,-0.0809805409191987,-0.00416427830420029,0,0,0,0,0,0,0,0,0,-0.980362097073484,-0.0238716034245921,0.0815515312663721
10.9927262175912,0.383714319044211,0.0542718244437407,-8.91942741306981e-06,0.024432498327215,-0.0810215066788878,-0.00402685566577754,0,0,0,0,0,0,0,0,0,-0.980596792689517,-0.0230571459585182,0.0812981204219657
11.002728698226,0.384257171497023,0.0542717430032171,-7.37280491234799e-06,0.0236218831233944,-0.0810610983078617,-0.00388952212014086,0,0,0,0,0,0,0,0,0,-0.980823354385369,-0.0222452376742674,0.08104174170791
11.0127311788607,0.384800023211766,0.0542716767821049,-5.87685952501424e-06,0.0228108787735346,-0.0810993167516054,-0.003752288559419,0,0,0,0,0,0,0,0,0,-0.981041807807622,-0.0214359090544385,0.0807822347583224
11.0227336594955,0.385342874338081,0.0542716252566191,-4.43497794009456e-06,0.0219994990077089,-0.0811361630653825,-0.00361516604202847,0,0,0,0,0,0,0,0,0,-0.98125217891578,-0.0206291921966634,0.0805194369903767
11.0327361401302,0.385885725020199,0.0542715878688028,-3.05060613572244e-06,0.0211877575448794,-0.0811716384159055,-0.00347816579390185,0,0,0,0,0,0,0,0,0,-0.981454493998537,-0.0198251208360038,0.0802531835593881
11.042738620765,0.386428575396596,0.0542715640259328,-1.72724981381978e-06,0.0203756680917734,-0.0812057440830166,-0.00334129920971605,0,0,0,0,0,0,0,0,0,-0.981648779690267,-0.0190237303678037,0.079983307313065
11.0527411013997,0.386971425599644,0.0542715530999194,-4.68474834935256e-07,0.0195632443417444,-0.0812384814613821,-0.00320457785412104,0,0,0,0,0,0,0,0,0,-0.981835062987746,-0.0182250578709993,0.0797096387520075
11.0627435820345,0.387514275755252,0.0542715544267029,7.22092347058695e-07,0.0187504999736138,-0.0812698520621988,-0.00306801346296777,0,0,0,0,0,0,0,0,0,-0.982013371267111,-0.0174291421317638,0.0794320059836841
11.0727460626692,0.388057125982506,0.0542715673056453,1.84076425013184e-06,0.0179374486504979,-0.0812998575149124,-0.00293161794453698,0,0,0,0,0,0,0,0,0,-0.982183732301053,-0.0166360236677369,0.0791502346780526
11.082748543304,0.388599976393298,0.0542715909989174,2.88379192942912e-06,0.0171241040186151,-0.0813284995689486,-0.00279540338076721,0,0,0,0,0,0,0,0,0,-0.982346174276262,-0.0158457447525573,0.0788641480264591
11.0927510239387,0.389142827091949,0.0542716247308822,3.84736454240968e-06,0.016310479706079,-0.0813557800954558,-0.00265938202848348,0,0,0,0,0,0,0,0,0,-0.982500725811114,-0.0150583494409154,0.078573566689877
11.1027535045735,0.389685678174833,0.0542716676874733,4.72760891416816e-06,0.0154965893216699,-0.081381701089061,-0.0025235663206255,0,0,0,0,0,0,0,0,0,-0.982647415973611,-0.0142738835941197,0.0782783087581055
11.1127559852082,0.390228529729984,0.0542717190155696,5.52058910261019e-06,0.0146824464535928,-0.0814062646696373,-0.0023879688674761,0,0,0,0,0,0,0,0,0,-0.98278627429958,-0.0134923949059674,0.0779781897060112
11.122758465843,0.390771381836708,0.054271777822365,6.22230596376708e-06,0.0138680646682143,-0.0814294730840839,-0.00225260245788956,0,0,0,0,0,0,0,0,0,-0.982917330811137,-0.0127139329291851,0.0776730223440637
11.1327609464777,0.391314234565176,0.0542718431747341,6.8286967169341e-06,0.0130534575087843,-0.0814513287081186,-0.00211748006052009,0,0,0,0,0,0,0,0,0,-0.983040616035411,-0.0119385491022893,0.077362616773517
11.1427634271125,0.391857087976024,0.0542719140985934,7.33563450999947e-06,0.012238638494137,-0.0814718340480823,-0.00198261482505004,0,0,0,0,0,0,0,0,0,-0.983156161023543,-0.0111662967769236,0.0770467803417674
11.1527659077472,0.392399942119935,0.0542719895782588,7.73892798464505e-06,0.0114236211173772,-0.0814909917427555,-0.00184802008341855,0,0,0,0,0,0,0,0,0,-0.983263997369957,-0.0103972312456123,0.0767253175937319
11.162768388382,0.392942797037223,0.0542720685557973,8.03432084156477e-06,0.0106084188445445,-0.0815088045651882,-0.0017137093510496,0,0,0,0,0,0,0,0,0,-0.983364157231921,-0.0096314097700708,0.0763980302265892
11.1727708690167,0.393485652757406,0.0542721499303762,8.21749140575987e-06,0.00979304511326254,-0.0815252754245406,-0.0015796963280807,0,0,0,0,0,0,0,0,0,-0.983456673349378,-0.00886889160986319,0.076064717045214
11.1827733496515,0.394028509298774,0.0542722325576063,8.28405219172046e-06,0.00897751333136701,-0.0815404073679374,-0.001445994900591,0,0,0,0,0,0,0,0,0,-0.98354157906508,-0.0081097380516057,0.0757251739115762
11.1927758302862,0.394571366667949,0.0542723152488818,8.22954946870296e-06,0.0081618368755178,-0.0815542035823336,-0.00131261914182988,0,0,0,0,0,0,0,0,0,-0.983618908345007,-0.00735401243863585,0.0753791936977242
11.202778310921,0.39511422485944,0.0542723967707153,8.04946282594206e-06,0.00734602908978954,-0.0815666673963926,-0.00117958331344515,0,0,0,0,0,0,0,0,0,-0.98368869579909,-0.00660178020115635,0.0750265662412195
11.2127807915557,0.395657083855192,0.0542724758440689,7.73920473792159e-06,0.00653010328424594,-0.0815778022823772,-0.00104690186671165,0,0,0,0,0,0,0,0,0,-0.98375097670224,-0.00585310888679656,0.0746670783007976
11.2227832721905,0.396199943624124,0.0542725511436806,7.2941201295783e-06,0.00571407273349284,-0.0815876118580522,-0.000914589443759363,0,0,0,0,0,0,0,0,0,-0.983805787015677,-0.00510806819164206,0.074300513504394
11.2327857528252,0.396742804121666,0.0542726212973865,6.70948594156881e-06,0.00489795067521429,-0.0815960998885997,-0.000782660878802105,0,0,0,0,0,0,0,0,0,-0.983853163408576,-0.00436672999183709,0.0739266523000244
11.24278823346,0.397285665289287,0.0542726848854385,5.98051069548682e-06,0.00408175030868735,-0.0816032702885464,-0.000651131199365499,0,0,0,0,0,0,0,0,0,-0.983893143280038,-0.00362916837559617,0.0735452719151252
11.2527907140947,0.397828527054011,0.0542727404398177,5.10233405912573e-06,0.00326548479327976,-0.0816091271237036,-0.000520015627515805,0,0,0,0,0,0,0,0,0,-0.983925764781371,-0.00289545967562006,0.0731561463094344
11.2627931947295,0.398371389327937,0.054272786443544,4.07002641169369e-06,0.00244916724692557,-0.0816136746131191,-0.000389329581087918,0,0,0,0,0,0,0,0,0,-0.983951066838706,-0.00216568250204995,0.0727590461211182
11.2727956753642,0.398914252007741,0.0542728213299802,2.87858840906192e-06,0.00163281074458396,-0.0816169171310413,-0.000259088674914015,0,0,0,0,0,0,0,0,0,-0.983969089175946,-0.00143991777596109,0.0723537386252771
11.282798155999,0.399457114974178,0.0542728434821328,1.52295054901873e-06,0.000816428316676027,-0.0816188592088961,-0.000129308722051788,0,0,0,0,0,0,0,0,0,-0.983979872338045,-0.000718248763147651,0.0719755490077161
11.2928006366337,0.399999978091573,0.0542728512319483,-2.02726352111632e-09,3.2947503336711e-08,-0.0816195055372759,-5.73501286044165e-09,0,0,0,0,0,0,0,0,0,-0.983983457714635,-4.97057106241461e-08,0.0718020858980868
11.3028031172685,0.400542841208768,0.0542728434415117,-1.52701877168129e-06,-0.000816362422247086,-0.0816188593238256,0.000129297212972103,0,0,0,0,0,0,0,0,0,-0.983979873332406,0.000718149184312993,0.0719755241626991
11.3128055979032,0.401085704174594,0.0542728212486014,-2.8826695590004e-06,-0.00163274485188079,-0.0816169173612792,0.000259077128282728,0,0,0,0,0,0,0,0,0,-0.983969091168017,0.00143981786751624,0.0723537061751298
11.322808078538,0.40162856685338,0.0542727863212821,-4.07411972582894e-06,-0.00244910135710359,-0.0816136749590336,0.00038931799838667,0,0,0,0,0,0,0,0,0,-0.983951069831731,0.00216558227405148,0.0727590146541503
11.3328105591727,0.402171429125878,0.0542727402765549,-5.10643878327206e-06,-0.00326541890749762,-0.0816091275856482,0.000520004010209191,0,0,0,0,0,0,0,0,0,-0.983925768778498,0.0028953591376796,0.0731561157937107
11.3428130398075,0.402714290888764,0.0542726846810643,-5.98462608427985e-06,-0.00408168442810769,-0.0816032708668598,0.000651119548901288,0,0,0,0,0,0,0,0,0,-0.983893148284321,0.00362906753713183,0.0735452423287617
11.3528155204422,0.403257152054134,0.054272621051798,-6.71361125840703e-06,-0.00489788480100238,-0.0815961005836065,0.000782649196611132,0,0,0,0,0,0,0,0,0,-0.983853169422974,0.00436662886202258,0.0739266236199859
11.362818001077,0.403800012549013,0.0542725508567821,-7.29825464657533e-06,-0.00571400686681778,-0.0815876126700627,0.000914577731255869,0,0,0,0,0,0,0,0,0,-0.983805794043058,0.00510796677943466,0.0743004857109838
11.3728204817117,0.404342872314869,0.0542724755157719,-7.74334773583357e-06,-0.00653003742627928,-0.0815778032116876,0.00104689012529306,0,0,0,0,0,0,0,0,0,-0.983750984745385,0.00585300720097596,0.0746670513742897
11.3828229623465,0.404885731307129,0.0542723964009385,-8.05361359411963e-06,-0.00734596324170626,-0.0815666684432851,0.00117957154449249,0,0,0,0,0,0,0,0,0,-0.983688704860692,0.0066016782502852,0.0750265401581179
11.3928254429813,0.405428589494714,0.0542723148375511,-8.23370730502098e-06,-0.00816177103849508,-0.0815542047470768,0.00131260734670758,0,0,0,0,0,0,0,0,0,-0.983618918427675,0.00735391023102394,0.0753791684368998
11.402827923616,0.405971446859566,0.0542722321046546,-8.28821640253622e-06,-0.00897744750658522,-0.0815404086507864,0.00144598308064725,0,0,0,0,0,0,0,0,0,-0.983541590171341,0.00810963559539261,0.0757251494560279
11.4128304042508,0.406514303396195,0.054272149435743,-8.22166130583594e-06,-0.0097929793019041,-0.0815252768257369,0.0015796844846473,0,0,0,0,0,0,0,0,0,-0.983456685481679,0.00886878891301899,0.0760646933759013
11.4228328848855,0.407057159111222,0.0542720680194291,-8.03849575402401e-06,-0.0106083530477945,-0.0815088060849602,0.0017136974854422,0,0,0,0,0,0,0,0,0,-0.983364170392629,0.00963130684035402,0.0763980073223495
11.4328353655203,0.407600014022936,0.0542719890001088,-7.74310724089875e-06,-0.0114235553364225,-0.0814909933813185,0.00184800819693659,0,0,0,0,0,0,0,0,0,-0.983264011561363,0.0103971280905697,0.0767252954341713
11.442837846155,0.408142868160855,0.0542719134786216,-7.3398174497138e-06,-0.012238572730167,-0.0814718358056386,0.00198260291897707,0,0,0,0,0,0,0,0,0,-0.983156176247863,0.0111661934039058,0.07704675890933
11.4528403267898,0.408685721565292,0.0542718425129067,-6.8328826879397e-06,-0.0130533917629899,-0.0814513305848579,0.00211746813612361,0,0,0,0,0,0,0,0,0,-0.98304063229479,0.0119384455184914,0.0773625960506124
11.4628428074245,0.409228574286931,0.0542717771186551,-6.22649432202442e-06,-0.0138679989417889,-0.0814294750801832,0.00225259051642135,0,0,0,0,0,0,0,0,0,-0.982917348107647,0.0127138291416064,0.0776730023119799
11.4728452880593,0.409771426386406,0.0542717182699565,-5.52477921215523e-06,-0.0146823807477309,-0.0814062667852611,0.00238795691017207,0,0,0,0,0,0,0,0,0,-0.982786292635225,0.0134922909214285,0.0779781703466662
11.482847768694,0.410314277933891,0.0542716668999425,-4.73180014701901e-06,-0.015496523637568,-0.0813817033243616,0.00252355434870599,0,0,0,0,0,0,0,0,0,-0.982647435350327,0.014273779419258,0.078278290054022
11.4928502493288,0.410857129008687,0.0542716239014256,-3.8515562785643e-06,-0.0163104140449346,-0.0813557824505734,0.00265937004315318,0,0,0,0,0,0,0,0,0,-0.982500746230774,0.015058245082202,0.0785735486235075
11.5028527299635,0.411399979698832,0.0542715901275331,-2.88798355676138e-06,-0.0171240383816277,-0.0813285020440113,0.00279539138321538,0,0,0,0,0,0,0,0,0,-0.982346195740671,0.0158456402162786,0.0788641305810884
11.5128552105983,0.411942830100698,0.0542715663923374,-1.84495516436463e-06,-0.0179373830388674,-0.0812998601100367,0.00293160593593744,0,0,0,0,0,0,0,0,0,-0.982183754811956,0.0166359189600297,0.0791502178371865
11.522857691233,0.412485680318607,0.0542715534714816,-7.26281951672261e-07,-0.0187504343885421,-0.0812698547774892,0.00306800144447914,0,0,0,0,0,0,0,0,0,-0.982013394826193,0.0174290372585841,0.0794319897294061
11.5328601718678,0.413028530464452,0.0542715521028006,4.64287128711218e-07,-0.0195631787844337,-0.0812384842969319,0.00320456582688661,0,0,0,0,0,0,0,0,0,-0.981835087596634,0.0182249528381259,0.0797096230690072
11.5428626525025,0.413571380657316,0.0542715629869385,1.72306458711465e-06,-0.0203756025634271,-0.0812057470389076,0.00334128717486408,0,0,0,0,0,0,0,0,0,-0.981648805350528,0.0190236251808862,0.0799832921856454
11.5528651331373,0.414114231023112,0.0542715867879607,3.04642396203892e-06,-0.0211876920467015,-0.0811716414922083,0.00347815375254546,0,0,0,0,0,0,0,0,0,-0.981454520711685,0.019825015500507,0.0802531689711641
11.562867613772,0.414657081694209,0.0542716241339624,4.43079938539552e-06,-0.0219994335409041,-0.0811361662621568,0.00361515399526595,0,0,0,0,0,0,0,0,0,-0.981252206683273,0.0206290867179092,0.0805194229270385
11.5728700944068,0.415199932809086,0.0542716756176728,5.87268514774645e-06,-0.0228108133393082,-0.0810993200688996,0.00375227650833372,0,0,0,0,0,0,0,0,0,-0.981041836630868,0.021435803437605,0.0807822212038596
11.5828725750415,0.415742784511973,0.054271741797054,7.36863526354135e-06,-0.023621817722952,-0.0810611017457139,0.00388951006580144,0,0,0,0,0,0,0,0,0,-0.980823384265723,0.0222451319243567,0.0810417286456784
11.5928750556763,0.416285636952512,0.0542718231958968,8.91526303635836e-06,-0.0244324329617627,-0.0810215102373251,0.004026843609238,0,0,0,0,0,0,0,0,0,-0.980596823628286,0.0230570400803752,0.0812981078388352
11.602877536311,0.416828490285414,0.0542719203044111,1.05092406241409e-05,-0.0252426453156623,-0.080980544598238,0.0041642662465,0,0,0,0,0,0,0,0,0,-0.980362129071926,0.0238714974229564,0.0815515191484717
11.6128800169458,0.41737134467013,0.0542720335798131,1.21472986044388e-05,-0.0260524410356579,-0.080938203991079,0.00430176725050356,0,0,0,0,0,0,0,0,0,-0.980119275246895,0.0246884750624094,0.081802120762162
11.6228824975805,0.417914200270519,0.0542721634469065,1.38262255396446e-05,-0.0268618063649144,-0.0808944876849516,0.00443933605799571,0,0,0,0,0,0,0,0,0,-0.979868237084499,0.0255079456805665,0.0820500687351349
11.6328849782153,0.41845705725453,0.0542723102986612,1.55428675422353e-05,-0.0276707275398119,-0.0808493950538041,0.00457696226832624,0,0,0,0,0,0,0,0,0,-0.97960898978149,0.0263298835096159,0.0822955170295176
11.64288745885,0.418999915793889,0.0542724744967863,1.72941278400083e-05,-0.0284791907909858,-0.0808029255748087,0.00471463564221913,0,0,0,0,0,0,0,0,0,-0.979341508784659,0.0271542643113956,0.0825386175569965
11.6528899394848,0.419542776063781,0.0542726563722994,1.90769663413229e-05,-0.0292871823443516,-0.0807550788267539,0.00485234610054433,0,0,0,0,0,0,0,0,0,-0.979065769775639,0.0279810653570818,0.0827795202177397
11.6628924201195,0.420085638242555,0.0542728562260911,2.08883992003368e-05,-0.030094688422113,-0.0807058544884488,0.00499008372308923,0,0,0,0,0,0,0,0,0,-0.978781748655911,0.0288102654072594,0.0830183729433199
11.6728949007543,0.42062850251142,0.0542730743294858,2.27254983822473e-05,-0.030901695243755,-0.0806552523371393,0.00512783874733043,0,0,0,0,0,0,0,0,0,-0.978489421532003,0.0296418446924699,0.0832553217376081
11.682897381389,0.421171369054152,0.0542733109247977,2.45853912285282e-05,-0.0317081890270198,-0.0806032722469375,0.00526560156720523,0,0,0,0,0,0,0,0,0,-0.978188764700882,0.0304757848941003,0.083490510712133
11.6928998620238,0.421714238056809,0.0542735662258821,2.64652600221695e-05,-0.0325141559888688,-0.0805499141872626,0.00540336273188333,0,0,0,0,0,0,0,0,0,-0.977879754635539,0.0313120691256371,0.0837240821282777
11.7029023426585,0.422257109707449,0.0542738404186834,2.8362341552916e-05,-0.0333195823464271,-0.0804951782212939,0.0055411129445384,0,0,0,0,0,0,0,0,0,-0.977562367970755,0.032150681914401,0.083956176438237
11.7129048232933,0.422799984195852,0.0542741336617778,3.02739266825075e-05,-0.0341244543179151,-0.0804390645044375,0.00567884306111983,0,0,0,0,0,0,0,0,0,-0.977236581489053,0.0329916091836194,0.0841869323184742
11.722907303928,0.423342861713248,0.0542744460869117,3.2197359909915e-05,-0.0349287581235618,-0.0803815732828033,0.00581654408912411,0,0,0,0,0,0,0,0,0,-0.976902372106819,0.0338348382348303,0.0844164867111657
11.7329097845628,0.423885742452054,0.0542747777995368,3.41300389365827e-05,-0.0357324799865058,-0.080322704891696,0.00595420718636672,0,0,0,0,0,0,0,0,0,-0.976559716860605,0.0346803577307837,0.0846449748621952
11.7429122651975,0.424428626605614,0.0542751288793394,3.60694142316637e-05,-0.0365356061336789,-0.0802624597541173,0.00609182365975352,0,0,0,0,0,0,0,0,0,-0.976208592893602,0.0355281576786064,0.0848725303546714
11.7529147458323,0.42497151436794,0.0542754993807662,3.8012988597262e-05,-0.0373381227966769,-0.0802008383792809,0.00622938496405258,0,0,0,0,0,0,0,0,0,-0.975848977442268,0.0363782294133736,0.0850992851477717
11.762917226467,0.425514405933466,0.0542758893335457,3.99583167336682e-05,-0.0381400162126135,-0.0801378413611396,0.00636688270066557,0,0,0,0,0,0,0,0,0,-0.975480847823134,0.0372305655820498,0.0853253696135188
11.7729197071018,0.426057301496801,0.0542762987432051,4.19030048046016e-05,-0.0389412726249617,-0.080073469376925,0.00650430861639965,0,0,0,0,0,0,0,0,0,-0.975104181419758,0.038085160127798,0.0855509125706577
11.7829221877365,0.42660020125249,0.0542767275915828,4.38447100024459e-05,-0.0397418782843782,-0.0800077231856986,0.00664165460223881,0,0,0,0,0,0,0,0,0,-0.974718955669835,0.0389420082745963,0.0857760413210286
11.7929246683713,0.427143105394782,0.054277175837337,4.57811401134911e-05,-0.0405418194495163,-0.0799406036269167,0.00677891269211574,0,0,0,0,0,0,0,0,0,-0.974325148052468,0.0398011065122763,0.0860008816850834
11.802927149006,0.427686014117397,0.0542776434164488,4.77100530831697e-05,-0.0413410823878215,-0.079872111619006,0.00691607506168328,0,0,0,0,0,0,0,0,0,-0.973922736075573,0.0406624525818496,0.0862255580320804
11.8129296296408,0.428228927613304,0.0542781302427227,4.96292565812974e-05,-0.042139653376315,-0.0798022481579523,0.00705313402708609,0,0,0,0,0,0,0,0,0,-0.973511697263445,0.0415260454611492,0.0864501933180629
11.8229321102755,0.428771846074499,0.054278636208281,5.15366075673105e-05,-0.0429375187023624,-0.0797310143159018,0.00719008204373231,0,0,0,0,0,0,0,0,0,-0.973092009144448,0.0423918853509183,0.086674909117891
11.8329345909103,0.429314769691797,0.0542791611840551,5.3430011855507e-05,-0.0437346646644287,-0.0796584112397737,0.00732691170506517,0,0,0,0,0,0,0,0,0,-0.972663649238859,0.0432599736610902,0.0868998256569047
11.842937071545,0.429857698654613,0.054279705020272,5.53074236802825e-05,-0.044531077572819,-0.0795844401498861,0.00746361574133454,0,0,0,0,0,0,0,0,0,-0.972226595046838,0.0441303129975111,0.0871250618442714
11.8529395521798,0.430400633150767,0.0542802675469361,5.71668452613719e-05,-0.0453267437504062,-0.0795091023385933,0.00760018701836867,0,0,0,0,0,0,0,0,0,-0.971780824036532,0.0450029071488877,0.0873507353036764
11.8629420328145,0.430943573366274,0.0542808485743074,5.90063263690858e-05,-0.0461216495333442,-0.0794323991689365,0.00773661853634568,0,0,0,0,0,0,0,0,0,-0.971326313632309,0.0458777610741237,0.087576962407347
11.8729445134493,0.431486519485161,0.0542814478933746,6.08239638895518e-05,-0.0469157812717691,-0.0793543320733053,0.00787290342856532,0,0,0,0,0,0,0,0,0,-0.970863041203113,0.0467548808899475,0.0878038583017221
11.882946994084,0.432029471689264,0.0542820652763244,6.26179013899507e-05,-0.0477091253304853,-0.0792749025521128,0.00800903496022043,0,0,0,0,0,0,0,0,0,-0.970390984050946,0.0476342738587624,0.0880315369427928
11.8929494747188,0.432572430158051,0.0542827004770064,6.43863286837582e-05,-0.0485016680896403,-0.0791941121724823,0.00814500652716875,0,0,0,0,0,0,0,0,0,-0.969910119399468,0.0485159483769827,0.0882601111246635
11.9029519553535,0.433115395068439,0.0542833532313932,6.61274813959811e-05,-0.0492933959453843,-0.0791119625669468,0.00828081165470432,0,0,0,0,0,0,0,0,0,-0.969420424382711,0.0493999139634532,0.0884896925049194
11.9129544359883,0.433658366594614,0.0542840232580364,6.78396405283983e-05,-0.0500842953105193,-0.0790284554321599,0.00841644399632936,0,0,0,0,0,0,0,0,0,-0.968921876033912,0.0502861812482937,0.0887203916397759
11.922956916623,0.434201344907864,0.0542847102585187,6.9521132024798e-05,-0.0508743526151327,-0.0789435925276201,0.00855189733252561,0,0,0,0,0,0,0,0,0,-0.968414451274448,0.0511747619620221,0.0889523180079816
11.9329593972578,0.434744330176407,0.0542854139179011,7.11703263362184e-05,-0.0516635543072211,-0.0788573756744062,0.00868716556952623,0,0,0,0,0,0,0,0,0,-0.967898126902886,0.0520656689248758,0.0891855800395966
11.9429618778926,0.435287322565232,0.0542861339051655,7.27856379861844e-05,-0.0524518868532985,-0.0787698067539264,0.00882224273808718,0,0,0,0,0,0,0,0,0,-0.967372879584135,0.0529589160365122,0.0894202851432667
11.9529643585273,0.435830322235937,0.0542868698736542,7.43655251359481e-05,-0.0532393367389943,-0.0786808877066783,0.00895712299225898,0,0,0,0,0,0,0,0,0,-0.966838685838701,0.0538545182658746,0.0896565397338564
11.9629668391621,0.436373329346576,0.0542876214615033,7.59084891497268e-05,-0.0540258904696382,-0.078590620531022,0.00909180060815828,0,0,0,0,0,0,0,0,0,-0.966295522032039,0.0547524916414455,0.0898944492604837
11.9729693197968,0.436916344051511,0.0542883882920732,7.74130741599429e-05,-0.0548115345708329,-0.0784990072819653,0.00922626998273956,0,0,0,0,0,0,0,0,0,-0.965743364364005,0.0556528532416737,0.0901341182257428
11.9829718004316,0.437459366501262,0.0542891699743742,7.88778666324611e-05,-0.0555962555890144,-0.0784060500699611,0.0093605256325666,0,0,0,0,0,0,0,0,0,-0.965182188858402,0.0565556211856122,0.090375650216912
11.9929742810663,0.438002396842371,0.0542899661034877,8.03014949318294e-05,-0.0563800400920009,-0.0783117510597172,0.00949456219258427,0,0,0,0,0,0,0,0,0,-0.964611971352614,0.0574608146239692,0.0906191479317541
12.0029767617011,0.43854543521726,0.0542907762609827,8.16826288865156e-05,-0.0571628746695292,-0.0782161124690183,0.00962837441489,0,0,0,0,0,0,0,0,0,-0.964032687487335,0.0583684537302622,0.0908647131968893
12.0129792423358,0.439088481764099,0.0542916000153292,8.30199793541483e-05,-0.0579447459337806,-0.0781191365675605,0.00976195716750554,0,0,0,0,0,0,0,0,0,-0.963444312696379,0.0592785596922374,0.0911124469963213
12.0229817229706,0.43963153661668,0.0542924369223058,8.43122977867541e-05,-0.0587256405198931,-0.0780208256757976,0.00989530543314842,0,0,0,0,0,0,0,0,0,-0.96284682219658,0.0601911547035931,0.0913624494938315
12.0329842036053,0.440174599904289,0.0542932865254036,8.5558375795998e-05,-0.0595055450864647,-0.0779211821638002,0.0100284143080038,0,0,0,0,0,0,0,0,0,-0.962240190977767,0.0611062619558483,0.0916148200544544
12.0429866842401,0.440717671751585,0.054294148356226,8.67570447184204e-05,-0.0602844463160429,-0.0778202084501269,0.0101612790004958,0,0,0,0,0,0,0,0,0,-0.961624393792829,0.0620239056304949,0.0918696572684594
12.0529891648748,0.441260752278486,0.0542950219348837,8.79071751806782e-05,-0.0610623309156052,-0.0777179070007078,0.0102938948300593,0,0,0,0,0,0,0,0,0,-0.960999405147846,0.0629441108913462,0.0921270589723238
12.0629916455096,0.441803841600052,0.0542959067703856,8.90076766647816e-05,-0.0618391856170262,-0.0776142803277399,0.0104262572259118,0,0,0,0,0,0,0,0,0,-0.960365199292305,0.0638669038771093,0.092387122268476
12.0729941261443,0.442346939826381,0.0542968023610251,9.00574970733346e-05,-0.0626149971775362,-0.0775093309885958,0.0105583617258243,0,0,0,0,0,0,0,0,0,-0.959721750209382,0.0647923116941277,0.0926499435488941
12.0829966067791,0.442890047062496,0.0542977081947624,9.10556222947722e-05,-0.0633897523801661,-0.0774030615847435,0.0106902039748938,0,0,0,0,0,0,0,0,0,-0.959069031606302,0.0657203624094265,0.0929156185145022
12.0929990874138,0.443433163408252,0.0542986237496023,9.20010757686009e-05,-0.0641634380341851,-0.0772954747606792,0.0108217797243144,0,0,0,0,0,0,0,0,0,-0.958407016904763,0.0666510850438421,0.0931842421931851
12.1030015680486,0.443976288958234,0.0542995484939675,9.28929180506367e-05,-0.0649360409755238,-0.0771865732028721,0.010953084830149,0,0,0,0,0,0,0,0,0,-0.95773567923143,0.067584509565429,0.0934559089618086
12.1130040486833,0.444519423801663,0.0543004818870678,9.37302463782442e-05,-0.0657075480671903,-0.0770763596387219,0.0110841152521009,0,0,0,0,0,0,0,0,0,-0.957054991408489,0.0685206668830293,0.093730712560484
12.1230065293181,0.445062568022305,0.0543014233792647,9.45121942355752e-05,-0.0664779461996735,-0.076964836835528,0.0112148670522857,0,0,0,0,0,0,0,0,0,-0.956364925944274,0.0694595888399642,0.0940087461156262
12.1330090099528,0.445605721698387,0.054302372412432,9.5237930918808e-05,-0.0672472222913379,-0.0768520075994713,0.0113453363940024,0,0,0,0,0,0,0,0,0,-0.95566545502395,0.0704013082080668,0.0942901021570682
12.1430114905876,0.446148884902513,0.0543033284203115,9.59066611013856e-05,-0.0680153632888063,-0.0767378747746082,0.0114755195405056,0,0,0,0,0,0,0,0,0,-0.95495655050025,0.0713458586817137,0.0945748726310906
12.1530139712223,0.446692057701582,0.0543042908288649,9.65176243992556e-05,-0.0687823561673353,-0.0766224412418773,0.0116054128537768,0,0,0,0,0,0,0,0,0,-0.954238183884283,0.0722932748721198,0.0948631489198926
12.1630164518571,0.447235240156715,0.0543052590566214,9.70700949361077e-05,-0.0695481879311778,-0.0765057099181176,0.0117350127932959,0,0,0,0,0,0,0,0,0,-0.953510326336387,0.0732435923017593,0.0951550218581467
12.1730189324918,0.447778432323181,0.05430623251502,9.75633809086142e-05,-0.0703128456139377,-0.0763876837550996,0.011864315914813,0,0,0,0,0,0,0,0,0,-0.952772948657047,0.0741968473989906,0.0954505817483855
12.1830214131266,0.448321634250327,0.0543072106087488,9.79968241516673e-05,-0.0710763162789152,-0.0762683657385686,0.0119933188691203,0,0,0,0,0,0,0,0,0,-0.952026021277852,0.0751530774927871,0.0957499183754506
12.1930238937613,0.448864845981513,0.0543081927360791,9.8369799703619e-05,-0.0718385870194408,-0.0761477588873,0.0121220184008231,0,0,0,0,0,0,0,0,0,-0.95126951425252,0.0761123208076494,0.0960531210207695
12.2030263743961,0.449408067554051,0.054309178289195,9.86817153715194e-05,-0.0725996449592021,-0.076025866252167,0.012250411347112,0,0,0,0,0,0,0,0,0,-0.950503397247963,0.0770746164586224,0.0963602784739478
12.2130288550308,0.449951298999144,0.0543101666545194,9.89320112963559e-05,-0.0733594772525592,-0.0759026909152211,0.012378494636534,0,0,0,0,0,0,0,0,0,-0.949727639535403,0.0780400044464391,0.0966714790504101
12.2230313356656,0.450494540341828,0.0543111572130354,9.91201595182922e-05,-0.0741180710848526,-0.0757782359887841,0.0125062652877647,0,0,0,0,0,0,0,0,0,-0.94894220998154,0.0790085256528912,0.0969868106061854
12.2330338163003,0.451037791600924,0.0543121493406024,9.92456635419063e-05,-0.0748754136727013,-0.0756525046145527,0.0126337204083792,0,0,0,0,0,0,0,0,0,-0.948147077039757,0.0799802218362685,0.0973063605420039
12.2430362969351,0.451581052788985,0.0543131424082696,9.93080579014306e-05,-0.0756314922642929,-0.0755254999627155,0.0127608571936247,0,0,0,0,0,0,0,0,0,-0.947342208741379,0.0809551356268102,0.097630215818837
12.2530387775698,0.45212432391225,0.0543141357825834,9.93069077259898e-05,-0.0763862941396627,-0.0753972252310824,0.0128876729251911,0,0,0,0,0,0,0,0,0,-0.946527572686975,0.0819333105224574,0.0979584629724966
12.2630412582046,0.452667604970599,0.0543151288258921,9.92418083048405e-05,-0.0771398066109674,-0.0752676836442259,0.0130141649699832,0,0,0,0,0,0,0,0,0,-0.945703136037695,0.0829147908845949,0.0982911881206076
12.2730437388393,0.453210895957517,0.0543161208966444,9.91123846526093e-05,-0.0778920170227471,-0.0751368784526349,0.0131403307788922,0,0,0,0,0,0,0,0,0,-0.94486886550666,0.0838996219339434,0.0986284769745441
12.2830462194741,0.453754196860053,0.0543171113496853,9.89182910745318e-05,-0.0786429127521815,-0.0750048129318807,0.0132661678855674,0,0,0,0,0,0,0,0,0,-0.944024727350381,0.0848878497465407,0.098970414844648
12.2930487001088,0.454297507658784,0.0543180995365467,9.86592107316926e-05,-0.0793924812093358,-0.0748714903817956,0.0133916739051877,0,0,0,0,0,0,0,0,0,-0.943170687360229,0.0858795212497371,0.0993170866525451
12.3030511807436,0.454840828327787,0.0543190848057338,9.83348552062626e-05,-0.0801407098373999,-0.0747369141256634,0.0135168465332333,0,0,0,0,0,0,0,0,0,-0.942306710853937,0.0868746842184246,0.0996685769419745
12.3130536613783,0.455384158834608,0.0543200665030072,9.79449640667384e-05,-0.0808875861129184,-0.0746010875094221,0.013641683544257,0,0,0,0,0,0,0,0,0,-0.941432762667139,0.0878733872712476,0.100024969881773
12.3230561420131,0.455927499140237,0.0543210439716608,9.74893044331821e-05,-0.0816330975460141,-0.0744640139008796,0.0137661827906565,0,0,0,0,0,0,0,0,0,-0.940548807144955,0.0888756798668925,0.100386349274122
12.3330586226478,0.456470849199084,0.0543220165527949,9.69676705424586e-05,-0.0823772316806019,-0.0743256966889409,0.0138903422014454,0,0,0,0,0,0,0,0,0,-0.939654808133602,0.0898816123004631,0.100752798559603
12.3430611032826,0.457014208958958,0.0543229835855857,9.63798833134755e-05,-0.083119976094597,-0.0741861392828478,0.0140141597810251,0,0,0,0,0,0,0,0,0,-0.938750728972044,0.0908912356998712,0.101124400826974
12.3530635839173,0.45755757836105,0.0543239444075495,9.57257899124223e-05,-0.0838613184001134,-0.0740453451114313,0.0141376336079563,0,0,0,0,0,0,0,0,0,-0.937836532483688,0.0919046020224084,0.101501238816792
12.3630660645521,0.458100957339917,0.0543248983548036,9.50052633180075e-05,-0.0846012462436575,-0.0739033176223758,0.0142607618337309,0,0,0,0,0,0,0,0,0,-0.936912180968097,0.0929217640512076,0.101883394923062
12.3730685451868,0.458644345823469,0.054325844762322,9.42182018866998e-05,-0.0853397473063117,-0.0737600602814956,0.0143835426815431,0,0,0,0,0,0,0,0,0,-0.93597763619275,0.0939427753918496,0.102270951200068
12.3830710258216,0.459187743732961,0.054326782964187,9.3364528917965e-05,-0.0860768093039137,-0.073615576572024,0.0145059744450615,0,0,0,0,0,0,0,0,0,-0.935032859384834,0.09496769046896,0.102663989361869
12.3930735064563,0.459731150982983,0.0543277122938367,9.24441922195062e-05,-0.0868124199872254,-0.0734698699939146,0.0146280554872006,0,0,0,0,0,0,0,0,0,-0.934077811223065,0.0959965645228063,0.103062590792001
12.4030759870911,0.460274567481455,0.054328632084308,9.14571636725015e-05,-0.0875465671420984,-0.0733229440631546,0.0147497842388923,0,0,0,0,0,0,0,0,0,-0.933112451829549,0.0970294536060887,0.103466836540389
12.4130784677258,0.460817993129625,0.054329541668475,9.04034387968444e-05,-0.0882792385896299,-0.073174802311091,0.0148711591978575,0,0,0,0,0,0,0,0,0,-0.932136740761674,0.0980664145804746,0.103876807319562
12.4230809483606,0.461361427822069,0.0543304403792834,8.92830363163813e-05,-0.0890104221863137,-0.0730254482837679,0.014992178927378,0,0,0,0,0,0,0,0,0,-0.931150637004028,0.099107505113316,0.104292583514094
12.4330834289953,0.461904871446691,0.0543313275499805,8.80959977241508e-05,-0.0897401058241832,-0.072874885541278,0.0151128420550678,0,0,0,0,0,0,0,0,0,-0.930154098960365,0.10015278367437,0.104714245178378
12.4430859096301,0.462448323884729,0.0543322025143408,8.68423868476225e-05,-0.0904682774309496,-0.0727231176571241,0.0152331472716449,0,0,0,0,0,0,0,0,0,-0.92914708444559,0.101202309532474,0.105141872032388
12.4530883902648,0.46299178501076,0.0543330646068868,8.55222894139364e-05,-0.0911949249701319,-0.0725701482175949,0.0153530933297028,0,0,0,0,0,0,0,0,0,-0.928129550677784,0.102256142752181,0.105575543459412
12.4630908708996,0.463535254692711,0.0543339131631064,8.41358126151406e-05,-0.0919200364411829,-0.0724159808211518,0.0154726790424824,0,0,0,0,0,0,0,0,0,-0.927101454270264,0.103314344190387,0.106015338506666
12.4730933515343,0.464078732791865,0.0543347475196653,8.26830846734315e-05,-0.092643599879607,-0.0722606190778287,0.0155919032826433,0,0,0,0,0,0,0,0,0,-0.926062751223671,0.10437697549298,0.106461335880385
12.4830958321691,0.464622219162878,0.0543355670146149,8.11642544063924e-05,-0.0933656033570733,-0.0721040666086434,0.0157107649810354,0,0,0,0,0,0,0,0,0,-0.925013396918099,0.105444099091373,0.10691361394358
12.4930983128038,0.465165713653795,0.0543363709875966,7.95794907922316e-05,-0.0940860349815224,-0.0719463270450221,0.0158292631254708,0,0,0,0,0,0,0,0,0,-0.923953346105251,0.106515778199104,0.107372250708993
12.5031007934386,0.465709216106062,0.0543371587800408,7.79289825350214e-05,-0.0948048828972684,-0.0717874040282357,0.0159473967594954,0,0,0,0,0,0,0,0,0,-0.922882552900635,0.107592076808226,0.107837323832224
12.5131032740733,0.466252726354547,0.0543379297353622,7.62129376299379e-05,-0.0955221352850934,-0.0716273012088483,0.0160651649811601,0,0,0,0,0,0,0,0,0,-0.921800970775797,0.108673059685774,0.10830891061033
12.5231057547081,0.466796244227563,0.0543386831991509,7.44315829284984e-05,-0.0962377803623392,-0.0714660222461782,0.016182566941793,0,0,0,0,0,0,0,0,0,-0.920708552550583,0.109758792370127,0.10878708796764
12.5331082353429,0.467339769546888,0.0543394185193584,7.25851637038022e-05,-0.0969518063829908,-0.0713035708077713,0.0162996018447706,0,0,0,0,0,0,0,0,0,-0.919605250385445,0.110849341167189,0.109271932451973
12.5431107159776,0.46788330212779,0.0543401350464798,7.06739432157672e-05,-0.097664201637757,-0.0711399505688865,0.0164162689442896,0,0,0,0,0,0,0,0,0,-0.918491015773783,0.111944773146673,0.109763520226318
12.5531131966124,0.468426841779056,0.0543408321337318,6.86982022763708e-05,-0.0983749544541447,-0.0709751652119934,0.0165325675441385,0,0,0,0,0,0,0,0,0,-0.917365799534323,0.11304515613812,0.110261927054741
12.5631156772471,0.468970388303015,0.0543415091372256,6.66582388148877e-05,-0.099084053196529,-0.0708092184262828,0.0166484969964691,0,0,0,0,0,0,0,0,0,-0.916229551803535,0.114150558726903,0.110767228293987
12.5731181578819,0.469513941495573,0.0543421654161365,6.45543674431289e-05,-0.0997914862662169,-0.0706421139071886,0.0167640567005685,0,0,0,0,0,0,0,0,0,-0.915082222028099,0.115261050250072,0.111279498881106
12.5831206385166,0.470057501146241,0.0543428003328683,6.23869190206805e-05,-0.100497242101509,-0.0704738553559228,0.0168792461016301,0,0,0,0,0,0,0,0,0,-0.913923758957401,0.116376700792109,0.111798813324371
12.5931231191514,0.470601067038169,0.0543434132532133,6.01562402201432e-05,-0.101201309177754,-0.0703044464790224,0.0169940646895259,0,0,0,0,0,0,0,0,0,-0.912754110636081,0.117497581180602,0.112325245679542
12.6031255997861,0.471144638948181,0.0543440035465092,5.78626930923693e-05,-0.1019036760074,-0.0701338909879086,0.0171085119975775,0,0,0,0,0,0,0,0,0,-0.911573224396623,0.118623762981516,0.112858869540418
12.6131280804209,0.471688216646813,0.0543445705857899,5.55066546317053e-05,-0.10260433114004,-0.0699621925984583,0.0172225876013282,0,0,0,0,0,0,0,0,0,-0.910381046851993,0.119755318494678,0.113399758030702
12.6231305610556,0.472231799898347,0.054345113747933,5.30885163412259e-05,-0.103303263162458,-0.069789355030588,0.0173362911173144,0,0,0,0,0,0,0,0,0,-0.90917752388832,0.120892320748891,0.113947983776006
12.6331330416904,0.472775388460852,0.0543456324138031,5.06086837979772e-05,-0.104000460698662,-0.0696153820078501,0.0174496222018371,0,0,0,0,0,0,0,0,0,-0.907962600657631,0.122034843496855,0.114503618890008
12.6431355223251,0.473318982086226,0.05434612596839,4.80675762182127e-05,-0.104695912409923,-0.0694402772570406,0.017562580549734,0,0,0,0,0,0,0,0,0,-0.906736221570635,0.123182961210004,0.115066734953016
12.6531380029599,0.473862580520235,0.0543465938009432,4.54656260226337e-05,-0.105389606994805,-0.0692640445078209,0.0176751658931505,0,0,0,0,0,0,0,0,0,-0.905498330289563,0.124336749072998,0.115637402994325
12.6631404835946,0.47440618350256,0.0543470353051016,4.28032784016274e-05,-0.106081533189187,-0.0690866874923495,0.0177873780003117,0,0,0,0,0,0,0,0,0,-0.904248869721054,0.125496282978211,0.116215693472279
12.6731429642294,0.474949790766836,0.0543474498790193,4.00809908805064e-05,-0.106771679766294,-0.0689082099449284,0.017899216674294,0,0,0,0,0,0,0,0,0,-0.902987782009117,0.126661639519819,0.116801676247982
12.6831454448641,0.475493402040704,0.0543478369254865,3.72992328847458e-05,-0.10746003553671,-0.0687286156016599,0.0180106817517966,0,0,0,0,0,0,0,0,0,-0.901715008528129,0.127832895987764,0.117395420563884
12.6931479254989,0.476037017045855,0.0543481958520466,3.44584853052262e-05,-0.108146589348397,-0.0685479082001169,0.0181217731019132,0,0,0,0,0,0,0,0,0,-0.900430489875914,0.129010130361416,0.117996995014361
12.7031504061336,0.476580635498076,0.0543485260711087,3.15592400634667e-05,-0.108831330086709,-0.0683660914790243,0.0182324906249036,0,0,0,0,0,0,0,0,0,-0.899134165866875,0.130193421302944,0.118606467526129
12.7131528867684,0.477124257107303,0.0543488270000555,2.86019996768694e-05,-0.109514246674401,-0.0681831691779546,0.0183428342509654,0,0,0,0,0,0,0,0,0,-0.897825975525204,0.131382848150589,0.119223905327566
12.7231553674031,0.477667881577671,0.0543490980613476,2.55872768239543e-05,-0.110195328071635,-0.0679991450370332,0.0184528039390053,0,0,0,0,0,0,0,0,0,-0.896505857078146,0.132578490911421,0.119849374915992
12.7331578480379,0.47821150860756,0.0543493386826224,2.25155939096e-05,-0.110874563275987,-0.0678140227966586,0.0185623996754113,0,0,0,0,0,0,0,0,0,-0.895173747949352,0.133780430253957,0.12048294203264
12.7431603286726,0.478755137889656,0.0543495482967895,1.93874826302821e-05,-0.111551941322443,-0.0676278061972329,0.0186716214728237,0,0,0,0,0,0,0,0,0,-0.893829584752298,0.13498874750042,0.121124671629341
12.7531628093074,0.479298769110996,0.0543497263421217,1.62034835393138e-05,-0.112227451283406,-0.0674404989789056,0.0187804693689071,0,0,0,0,0,0,0,0,0,-0.892473303283788,0.136203524618684,0.121774627836418
12.7631652899421,0.479842401953028,0.0543498722623407,1.296414561208e-05,-0.112901082268683,-0.0672521048813293,0.018888943425122,0,0,0,0,0,0,0,0,0,-0.891104838517532,0.137424844213895,0.122432873922612
12.7731677705769,0.48038603609166,0.0543499855067001,9.67002581128166e-06,-0.113572823425486,-0.0670626276434284,0.0189970437254964,0,0,0,0,0,0,0,0,0,-0.889724124597821,0.138652789519619,0.123099472263589
12.7831702512116,0.480929671197322,0.0543500655300624,6.32168865217104e-06,-0.11424266393842,-0.0668720710031785,0.0191047703753971,0,0,0,0,0,0,0,0,0,-0.888331094833283,0.139887444388824,0.123774484307061
12.7931727318464,0.48147330693502,0.0543501117929726,2.91970576779316e-06,-0.114910593029475,-0.0666804386974001,0.0192121235003018,0,0,0,0,0,0,0,0,0,-0.886925681690733,0.141128893284334,0.124457970527905
12.8031752124811,0.482016942964391,0.0543501237617273,-5.35344525778121e-07,-0.115576599958009,-0.0664877344615629,0.0193191032445706,0,0,0,0,0,0,0,0,0,-0.885507816789123,0.142377221268916,0.125149990386257
12.8131776931159,0.482560578939763,0.0543501009084392,-4.04287766419919e-06,-0.116240674020739,-0.0662939620296035,0.0194257097702172,0,0,0,0,0,0,0,0,0,-0.88407743089359,0.14363251399489,0.125850602292685
12.8231801737506,0.483104214510214,0.0543500427110978,-7.60230326961741e-06,-0.11690280455172,-0.0660991251337546,0.0195319432556812,0,0,0,0,0,0,0,0,0,-0.882634453909614,0.144894857693525,0.12655986356119
12.8331826543854,0.48364784931963,0.0543499486536248,-1.12130255854355e-05,-0.117562980922332,-0.0659032275043872,0.0196378038945991,0,0,0,0,0,0,0,0,0,-0.88117881487728,0.146164339163705,0.12727783035465
12.8431851350201,0.484191483006765,0.0543498182259261,-1.48744439110678e-05,-0.118221192541256,-0.0657062728698644,0.0197432918945765,0,0,0,0,0,0,0,0,0,-0.879710441965662,0.147441045760235,0.128004557646302
12.8531876156549,0.484735115205299,0.0543496509239392,-1.85859530367069e-05,-0.118877428854456,-0.0655082649564082,0.0198484074759591,0,0,0,0,0,0,0,0,0,-0.878229262467312,0.148725065381739,0.128740099169537
12.8631900962896,0.485278745543903,0.0543494462496758,-2.23469436780786e-05,-0.119531679345157,-0.0653092074879779,0.0199531508706048,0,0,0,0,0,0,0,0,0,-0.876735202792896,0.150016486457954,0.129484507365994
12.8731925769244,0.485822373646297,0.0543492037112604,-2.61568029112096e-05,-0.12018393353382,-0.0651091041861611,0.0200575223206551,0,0,0,0,0,0,0,0,0,-0.875228188465934,0.151315397936596,0.130237833327489
12.8831950575591,0.48636599913131,0.0543489228229648,-3.00149146071837e-05,-0.120834180978118,-0.0649079587700772,0.020161522077307,0,0,0,0,0,0,0,0,0,-0.873708144117695,0.152621889269494,0.131000126741976
12.8931975381939,0.486909621612945,0.054348603105238,-3.39206598669042e-05,-0.121482411272913,-0.0647057749562928,0.0202651503995841,0,0,0,0,0,0,0,0,0,-0.87217499348222,0.153936050398369,0.13177143584784
12.9032000188286,0.487453240700439,0.0543482440847311,-3.78734174558557e-05,-0.12212861405023,-0.0645025564587496,0.0203684075531085,0,0,0,0,0,0,0,0,0,-0.870628659391495,0.155257971740057,0.132551807358741
12.9132024994634,0.487996855998326,0.0543478452943194,-4.1872564238867e-05,-0.122772778979227,-0.0642983069887045,0.0204712938088728,0,0,0,0,0,0,0,0,0,-0.869069063770779,0.156587744170783,0.133341286405595
12.9232049800981,0.488540467106496,0.0543474062731187,-4.59174756148663e-05,-0.123414895766171,-0.0640930302546821,0.020573809442011,0,0,0,0,0,0,0,0,0,-0.86749612763408,0.157925459010226,0.134139916482133
12.9332074607329,0.489084073620265,0.0543469265664976,-5.00075259516508e-05,-0.12405495415441,-0.0638867299624393,0.0206759547305708,0,0,0,0,0,0,0,0,0,-0.865909771079811,0.159271208004703,0.134947739369732
12.9432099413676,0.489627675130428,0.0543464057260862,-5.41420890206386e-05,-0.124692943924345,-0.0636794098149426,0.0207777299542845,0,0,0,0,0,0,0,0,0,-0.864309913286599,0.160625083309725,0.135764795074763
12.9532124220024,0.490171271223331,0.0543458433097796,-5.83205384316393e-05,-0.1253288548934,-0.0634710735123569,0.0208791353933415,0,0,0,0,0,0,0,0,0,-0.862696472509289,0.161987177471935,0.136591121754421
12.9632149026371,0.490714861480924,0.0543452388817372,-6.25422480676063e-05,-0.125962676915997,-0.0632617247520475,0.020980171327159,0,0,0,0,0,0,0,0,0,-0.861069366075118,0.16335758341018,0.137426755646093
12.9732173832719,0.491258445480835,0.0543445920123781,-6.68065925194049e-05,-0.126594399883528,-0.0630513672285939,0.0210808380331544,0,0,0,0,0,0,0,0,0,-0.859428510380089,0.164736394396029,0.138271730994201
12.9832198639066,0.49180202279642,0.0543439022783716,-7.11129475205679e-05,-0.127224013724326,-0.0628400046338157,0.0211811357855165,0,0,0,0,0,0,0,0,0,-0.857773820885548,0.166123704033385,0.139126079968544
12.9932223445414,0.492345592996838,0.0543431692626237,-7.54606903820622e-05,-0.127851508403635,-0.0626276406568112,0.0212810648539771,0,0,0,0,0,0,0,0,0,-0.856105212114955,0.167519606237377,0.139989832584651
13.0032248251761,0.492889155647102,0.0543423925542591,-7.98492004270448e-05,-0.128476873923588,-0.0624142789840081,0.0213806255025828,0,0,0,0,0,0,0,0,0,-0.854422597650887,0.168924195212365,0.140863016623528
13.0132273058109,0.49343271030815,0.054341571748599,-8.4277859425627e-05,-0.129100100323179,-0.0621999232992268,0.0214798179884666,0,0,0,0,0,0,0,0,0,-0.85272589013225,0.170337565429236,0.141745657552467
13.0232297864456,0.4939762565369,0.0543407064471344,-8.87460520296347e-05,-0.129721177678234,-0.0619845772837552,0.0215786425606194,0,0,0,0,0,0,0,0,0,-0.851015001251733,0.171759811601823,0.142637778422608
13.0332322670804,0.494519793886317,0.054339796257495,-9.32531662073703e-05,-0.130340096101392,-0.0617682446164364,0.0216770994586619,0,0,0,0,0,0,0,0,0,-0.849289841753499,0.173191028662148,0.143539399785476
13.0432347477151,0.495063321905471,0.054338840793414,-9.77985936783717e-05,-0.130956845742074,-0.061550928973769,0.0217751889116156,0,0,0,0,0,0,0,0,0,-0.847550321431122,0.174631311735179,0.144450539604508
13.0532372283499,0.495606840139599,0.0543378396746882,-0.000102381730348176,-0.131571416786467,-0.0613326340300187,0.0218729111366752,0,0,0,0,0,0,0,0,0,-0.845796349125794,0.176080756112294,0.145371213150305
13.0632397089846,0.496150348130163,0.0543367925271344,-0.000107001976743079,-0.132183799457498,-0.061113363457343,0.0219702663379798,0,0,0,0,0,0,0,0,0,-0.844027832724791,0.177539457223951,0.146301432912086
13.0732421896194,0.496693845414917,0.0543356989825405,-0.000111658738444899,-0.132793984014815,-0.060893120925928,0.0220672547053845,0,0,0,0,0,0,0,0,0,-0.84224467916022,0.179007510611374,0.147241208481706
13.0832446702541,0.497237331527957,0.0543345586786128,-0.00011635142652573,-0.133401960754765,-0.0606719101041374,0.022163876413232,0,0,0,0,0,0,0,0,0,-0.840446794408061,0.180485011896902,0.148190546454833
13.0932471508889,0.497780805999786,0.0543333712589194,-0.000121079457982715,-0.134007720010385,-0.0604497346586735,0.0222601316191246,0,0,0,0,0,0,0,0,0,-0.838634083487497,0.181972056753709,0.14914945033042
13.1032496315237,0.498324268357372,0.0543321363728282,-0.000125842256172797,-0.134611252151375,-0.0602265982547514,0.0223560204626953,0,0,0,0,0,0,0,0,0,-0.836806450460571,0.18346874087413,0.150117920387318
13.1132521121584,0.498867718124202,0.0543308536754415,-0.000130639251247486,-0.135212547584092,-0.060002504556284,0.0224515430643798,0,0,0,0,0,0,0,0,0,-0.834963798432146,0.184975159936915,0.151095953573094
13.1232545927932,0.499411154820346,0.0543295228275256,-0.000135469880587616,-0.135811596751535,-0.0597774572260812,0.0225466995241878,0,0,0,0,0,0,0,0,0,-0.833106029550213,0.186491409573338,0.152083543390614
13.1332570734279,0.499954577962503,0.0543281434954363,-0.00014033358923811,-0.136408390133337,-0.0595514599260594,0.0226414899204752,0,0,0,0,0,0,0,0,0,-0.831233045006537,0.188017585332173,0.153080679774311
13.1432595540627,0.500497987064067,0.0543267153510406,-0.000145229830342737,-0.137002918245754,-0.059324516317465,0.0227359143087148,0,0,0,0,0,0,0,0,0,-0.829344745037658,0.189553782643332,0.154087348956516
13.1532620346974,0.501041381635175,0.0543252380716326,-0.000150158065578878,-0.137595171641661,-0.0590966300611089,0.0228299727202688,0,0,0,0,0,0,0,0,0,-0.827441028926269,0.191100096780168,0.1551035333547
13.1632645153322,0.501584761182764,0.0543237113398468,-0.000155117765592281,-0.138185140910551,-0.0588678048176141,0.02292366516116,0,0,0,0,0,0,0,0,0,-0.825521795002973,0.192656622820856,0.156129211434858
13.1732669959669,0.502128125210621,0.0543221348435658,-0.000160108410431831,-0.13877281667853,-0.0586380442476751,0.0230169916108435,0,0,0,0,0,0,0,0,0,-0.823586940648425,0.19422345560796,0.157164357565182
13.1832694766017,0.502671473219439,0.0543205082758241,-0.0001651294899843,-0.139358189608323,-0.05840735201233,0.0231099520209782,0,0,0,0,0,0,0,0,0,-0.821636362295907,0.195800689706893,0.158208941893087
13.1932719572364,0.503214804706865,0.0543188313347077,-0.000170180504409119,-0.139941250399278,-0.0581757317732445,0.0232025463141986,0,0,0,0,0,0,0,0,0,-0.819669955434297,0.197388419363021,0.159262930190415
13.2032744378712,0.503758119167551,0.054317103723249,-0.00017526096457313,-0.14052198978737,-0.0579431871930084,0.0232947743828864,0,0,0,0,0,0,0,0,0,-0.817687614611501,0.19898673845702,0.160326283712007
13.2132769185059,0.504301416093203,0.0543153251493176,-0.000180370392485353,-0.141100398545219,-0.0577097219354445,0.0233866360879421,0,0,0,0,0,0,0,0,0,-0.81568923343832,0.200595740459162,0.161398959052319
13.2232793991407,0.504844694972628,0.0543134953255065,-0.000185508321731746,-0.141676467482098,-0.0574753396659294,0.0234781312575565,0,0,0,0,0,0,0,0,0,-0.813674704592789,0.202215518381799,0.162480907978844
13.2332818797754,0.505387955291782,0.0543116139690146,-0.000190674297909965,-0.14225018744395,-0.0572400440517268,0.0235692596859823,0,0,0,0,0,0,0,0,0,-0.811643919825,0.203846164730313,0.163572077279465
13.2432843604102,0.505931196533815,0.0543096808015238,-0.000195867879064123,-0.142821549313414,-0.0570038387623335,0.0236600211323062,0,0,0,0,0,0,0,0,0,-0.809596769962422,0.205487771452547,0.164672408604191
13.2532868410449,0.506474418179115,0.0543076955490726,-0.000201088636119559,-0.143390544009844,-0.0567667274698369,0.0237504153192197,0,0,0,0,0,0,0,0,0,-0.807533144915735,0.207140429886595,0.165781838299125
13.2632893216797,0.507017619705351,0.0543056579419254,-0.000206336153317589,-0.143957162489338,-0.0565287138492854,0.0238404419317916,0,0,0,0,0,0,0,0,0,-0.805452933685193,0.208804230706908,0.166900297225167
13.2732918023144,0.507560800587513,0.0543035677144363,-0.000211610028650276,-0.144521395744771,-0.0562898015790705,0.023930100616239,0,0,0,0,0,0,0,0,0,-0.803356024367536,0.210479263868453,0.16802771059739
13.2832942829492,0.508103960297956,0.0543014246049104,-0.000216909874295183,-0.145083234805829,-0.0560499943413221,0.0240193909786991,0,0,0,0,0,0,0,0,0,-0.801242304163471,0.212165618549612,0.169163997808358
13.2932967635839,0.508647098306436,0.0542992283554589,-0.00022223531705014,-0.14564267073905,-0.0558092958223153,0.0241083125840008,0,0,0,0,0,0,0,0,0,-0.799111659385731,0.213863383092803,0.170309072229615
13.3032992442187,0.509190214080146,0.0542969787118511,-0.000227585998768005,-0.146199694647864,-0.0555677097128895,0.0241968649544365,0,0,0,0,0,0,0,0,0,-0.796963975467735,0.21557264494341,0.171462841042416
13.3133017248534,0.509733307083757,0.0542946754233616,-0.000232961576791423,-0.146754297672644,-0.0553252397088803,0.0242850475685335,0,0,0,0,0,0,0,0,0,-0.794799136972873,0.217293490587015,0.172625205036018
13.3233042054882,0.510276376779445,0.054292318242613,-0.000238361724387583,-0.14730647099076,-0.0550818895115634,0.0243728598598258,0,0,0,0,0,0,0,0,0,-0.792617027604427,0.219026005484295,0.173796058415068
13.3333066861229,0.510819422626931,0.0542899069254149,-0.000243786131182994,-0.147856205816628,-0.0548376628281106,0.0244603012156255,0,0,0,0,0,0,0,0,0,-0.790417530216146,0.220770274004401,0.17497528860757
13.3433091667577,0.511362444083509,0.0542874412305974,-0.000249234503598223,-0.148403493401781,-0.0545925633720584,0.0245473709757945,0,0,0,0,0,0,0,0,0,-0.788200526823512,0.222526379356009,0.176162776049805
13.3533116473924,0.511905440604071,0.0542849209198415,-0.000254706565282682,-0.148948325034929,-0.0543465948637889,0.0246340684315165,0,0,0,0,0,0,0,0,0,-0.785965898615687,0.224294403516405,0.177358393984724
13.3633141280272,0.512448411641144,0.0542823457575045,-0.000260202057549365,-0.149490692042029,-0.0540997610310224,0.0247203928240678,0,0,0,0,0,0,0,0,0,-0.7837135259682,0.226074427158495,0.178562008248869
13.3733166086619,0.512991356644906,0.0542797155104409,-0.000265720739809628,-0.150030585786367,-0.0538520656093233,0.0248063433435899,0,0,0,0,0,0,0,0,0,-0.781443288456357,0.227866529575628,0.179773477059361
13.3833190892967,0.513534275063219,0.0542770299478194,-0.000271262390007938,-0.150567997668633,-0.0536035123426173,0.0248919191278601,0,0,0,0,0,0,0,0,0,-0.779155064869424,0.229670788604351,0.180992650783222
13.3933215699314,0.514077166341642,0.0542742888409354,-0.000276826805056644,-0.151102919127009,-0.0533541049837216,0.0249771192610643,0,0,0,0,0,0,0,0,0,-0.776848733225591,0.231487280544611,0.18221937171368
13.4033240505662,0.514620029923462,0.0542714919630189,-0.000282413801270724,-0.151635341637264,-0.0531038472948868,0.0250619427725673,0,0,0,0,0,0,0,0,0,-0.774524170787746,0.233316080078036,0.183453473852619
13.4133265312009,0.515162865249701,0.0542686390890383,-0.000288023214802565,-0.152165256712845,-0.0528527430483518,0.0251463886356856,0,0,0,0,0,0,0,0,0,-0.772181254080078,0.235157260183788,0.184694782666475
13.4233290118357,0.515705671759141,0.0542657299955001,-0.000293654902076704,-0.152692655904985,-0.0526007960269099,0.0252304557664582,0,0,0,0,0,0,0,0,0,-0.769819858905528,0.237010892051958,0.185943114847718
13.4333314924704,0.516248448888336,0.0542627644602435,-0.000299308740224609,-0.15321753080281,-0.0523480100244887,0.0253141430224188,0,0,0,0,0,0,0,0,0,-0.767439860364128,0.238877044994647,0.187198278069754
13.4433339731052,0.516791196071622,0.0542597422622313,-0.000304984627519421,-0.153739873033451,-0.0520943888467409,0.0253974492013669,0,0,0,0,0,0,0,0,0,-0.765041132872237,0.240755786354461,0.188460070746784
13.4533364537399,0.517333912741128,0.0542566631813365,-0.000310682483810733,-0.154259674262167,-0.0518399363116478,0.0254803730401398,0,0,0,0,0,0,0,0,0,-0.762623550182699,0.242647181410784,0.189728281777344
13.4633389343747,0.517876598326788,0.0542535269981238,-0.000316402250959336,-0.154776926192472,-0.0515846562501357,0.0255629132133842,0,0,0,0,0,0,0,0,0,-0.76018698540596,0.244551293283146,0.19100269029396
13.4733414150094,0.518419252256341,0.0542503334936277,-0.000322143893271988,-0.155291620566263,-0.0513285525067039,0.0256450683323275,0,0,0,0,0,0,0,0,0,-0.757731311032163,0.246468182832486,0.192283065403483
13.4833438956442,0.518961873955338,0.0542470824491257,-0.000327907397936179,-0.155803749163964,-0.0510716289400651,0.0257268369435498,0,0,0,0,0,0,0,0,0,-0.755256398954232,0.248397908559324,0.193569165913063
13.4933463762789,0.519504462847143,0.054243773645907,-0.000333692775454879,-0.156313303804671,-0.0508138894237982,0.0258082175277553,0,0,0,0,0,0,0,0,0,-0.752762120492008,0.250340526499546,0.194860740077132
13.5033488569137,0.52004701835293,0.0542404068650377,-0.000339500060081313,-0.156820276346299,-0.0505553378470134,0.0258892084985441,0,0,0,0,0,0,0,0,0,-0.750248346417422,0.252296090117513,0.196157525316452
13.5133513375484,0.520589539891682,0.0542369818871202,-0.000345329310253712,-0.157324658685746,-0.0502959781150297,0.0259698082011834,0,0,0,0,0,0,0,0,0,-0.747714946980761,0.254264650196223,0.197459247948855
13.5233538181832,0.521132026880184,0.05423349849205,-0.000351180609030083,-0.157826442759058,-0.0500358141500643,0.0260500149113798,0,0,0,0,0,0,0,0,0,-0.745161791938043,0.256246254725035,0.198765622912001
13.5333562988179,0.521674478733016,0.0542299564587667,-0.00035705406452296,-0.158325620541598,-0.0497748498919345,0.0261298268340502,0,0,0,0,0,0,0,0,0,-0.742588750579532,0.258240948784286,0.200076353470559
13.5433587794527,0.522216894862538,0.0542263555650015,-0.00036294981033418,-0.158822184048231,-0.0495130892987722,0.0262092421020941,0,0,0,0,0,0,0,0,0,-0.739995691759414,0.260248774427157,0.201391130947351
13.5533612600874,0.522759274678884,0.0542226955870198,-0.00036886800598962,-0.159316125333504,-0.0492505363477503,0.0262882587751647,0,0,0,0,0,0,0,0,0,-0.737382483926681,0.262269770558909,0.202709634425631
13.5633637407222,0.523301617589937,0.0542189762993599,-0.000374808837373987,-0.159807436491846,-0.0489871950358212,0.0263668748384407,0,0,0,0,0,0,0,0,0,-0.734748995157222,0.264303972812796,0.204031530455906
13.5733662213569,0.523843923001318,0.0542151974745674,-0.000380772517165556,-0.160296109657768,-0.0487230693804683,0.0264450882013979,0,0,0,0,0,0,0,0,0,-0.732095093187185,0.266351413423437,0.205356472770043
13.5833687019917,0.524386190316362,0.0542113588829245,-0.000386759285270944,-0.16078213700607,-0.048458163420469,0.026522896696581,0,0,0,0,0,0,0,0,0,-0.729420645447609,0.268412121097002,0.206684101978669
13.5933711826264,0.524928418936092,0.0542074602921758,-0.000392769409259868,-0.161265510752062,-0.0481924812166707,0.026600298078375,0,0,0,0,0,0,0,0,0,-0.726725519100375,0.270486120878542,0.208014045274854
13.6033736632612,0.525470608259195,0.0542035014672495,-0.000398803184799906,-0.161746223151783,-0.0479260268527782,0.0266772900217769,0,0,0,0,0,0,0,0,0,-0.724009581075496,0.272573434016238,0.209345916132952
13.6133761438959,0.526012757681992,0.054199482169974,-0.000404860936091249,-0.162224266502239,-0.0476588044361546,0.0267538701211671,0,0,0,0,0,0,0,0,0,-0.721272698109785,0.27467407782271,0.210679314012019
13.6233786245307,0.526554866598403,0.0541954021587902,-0.000410943016301485,-0.162699633141641,-0.0473908180986333,0.0268300358890816,0,0,0,0,0,0,0,0,0,-0.718514736786916,0.276788065533334,0.212013824038942
13.6333811051654,0.527096934399916,0.0541912611884601,-0.000417049808000332,-0.163172315449655,-0.0471220719973429,0.0269057847549831,0,0,0,0,0,0,0,0,0,-0.715735563578931,0.278915406161208,0.21334901671252
13.6433835858002,0.527638960475546,0.05418705900977,-0.000423181723594425,-0.163642305847657,-0.0468525703155445,0.0269811140640327,0,0,0,0,0,0,0,0,0,-0.712935044889194,0.281056104349554,0.214684447601524
13.6533860664349,0.528180944211792,0.05418279536923,-0.000429339205762053,-0.164109596799002,-0.0465823172634809,0.0270560210758617,0,0,0,0,0,0,0,0,0,-0.710113047096861,0.28321016022064,0.216019657028613
13.6633885470697,0.528722884992597,0.0541784700087693,-0.000435522727887945,-0.164574180809295,-0.046311317079238,0.027130502963343,0,0,0,0,0,0,0,0,0,-0.707269436602851,0.285377569221863,0.217354169771191
13.6733910277045,0.529264782199298,0.0541740826654266,-0.000441732794498005,-0.165036050426677,-0.0460395740296193,0.027204556811363,0,0,0,0,0,0,0,0,0,-0.704404079877393,0.287558321968678,0.218687494746528
13.6833935083392,0.529806635210575,0.0541696330710365,-0.0004479699416941,-0.165495198242112,-0.0457670924110317,0.0272781796155929,0,0,0,0,0,0,0,0,0,-0.701516843509145,0.289752404084391,0.220019124719387
13.693395988974,0.5303484434024,0.0541651209519115,-0.000454234737588795,-0.165951616889693,-0.0454938765503842,0.0273513682812606,0,0,0,0,0,0,0,0,0,-0.698607594255939,0.291959796037239,0.221348535988123
13.7033984696087,0.530890206147977,0.0541605460285199,-0.000460527782740137,-0.166405299046949,-0.0452199308059985,0.0274241196219222,0,0,0,0,0,0,0,0,0,-0.695676199097168,0.294180472973894,0.222675188079699
13.7134009502435,0.531431922817684,0.0541559080151584,-0.000466849710586398,-0.166856237435162,-0.0449452595685325,0.0274964303582335,0,0,0,0,0,0,0,0,0,-0.692722525287853,0.296414404550452,0.223998523461395
13.7234034308782,0.53197359277901,0.054151206619622,-0.000473201187880851,-0.167304424819701,-0.0446698672619151,0.027568297116722,0,0,0,0,0,0,0,0,0,-0.689746440414414,0.298661554760165,0.225317967228075
13.733405911513,0.532515215396484,0.0541464415428678,-0.000479582915126517,-0.167749854010351,-0.0443937583442945,0.0276397164285578,0,0,0,0,0,0,0,0,0,-0.686747812452187,0.300921881758173,0.226632926821154
13.7434083921477,0.533056790031612,0.0541416124786755,-0.000485995627010941,-0.168192517861668,-0.0441169373089974,0.0277106847283263,0,0,0,0,0,0,0,0,0,-0.683726509824696,0.303195337683617,0.227942791727879
13.7534108727825,0.533598316042799,0.0541367191133035,-0.00049244009284094,-0.16863240927333,-0.0438394086855022,0.0277811983527987,0,0,0,0,0,0,0,0,0,-0.680682401464733,0.305481868478351,0.229246933194588
13.7634133534172,0.53413979278527,0.05413176112514,-0.00049891711697737,-0.169069521190508,-0.0435611770404225,0.0278512535397045,0,0,0,0,0,0,0,0,0,-0.677615356877251,0.307781413703326,0.230544703956992
13.773415834052,0.534681219610996,0.0541267381843508,-0.000505427539269889,-0.16950384660424,-0.0432822469785047,0.0279208464265023,0,0,0,0,0,0,0,0,0,-0.674525246204125,0.310093906351899,0.231835437950362
13.7834183146867,0.535222595868603,0.0541216499525217,-0.000511972235491715,-0.169935378551816,-0.0430026231436366,0.0279899730491524,0,0,0,0,0,0,0,0,0,-0.671411940290773,0.312419272660421,0.233118450052383
13.7934207953215,0.535763920903289,0.0541164960822969,-0.000518552117774386,-0.170364110117178,-0.0427223102198691,0.0280586293408875,0,0,0,0,0,0,0,0,0,-0.668275310754707,0.314757431916404,0.234393035810334
13.8034232759562,0.536305194056733,0.0541112762170137,-0.000525168135042524,-0.170790034431325,-0.0424413129324496,0.0281268111309848,0,0,0,0,0,0,0,0,0,-0.665115230055998,0.317108296263648,0.235658471187038
13.813425756591,0.536846414666996,0.0541059899903317,-0.000531821273448602,-0.171213144672731,-0.0421596360488683,0.0281945141435378,0,0,0,0,0,0,0,0,0,-0.661931571569715,0.319471770505331,0.236914012330806
13.8234282372257,0.537387582068425,0.0541006370258589,-0.000538512556807684,-0.171633434067771,-0.0418772843799161,0.0282617339962272,0,0,0,0,0,0,0,0,0,-0.65872420966034,0.321847751904528,0.238158895328723
13.8334307178605,0.53792869559155,0.054095216936772,-0.000545243047032211,-0.172050895891163,-0.0415942627807554,0.0283284661990934,0,0,0,0,0,0,0,0,0,-0.655493019758189,0.324236129982369,0.239392335976674
13.8434331984952,0.538469754562981,0.0540897293254338,-0.000552013844566753,-0.172465523466413,-0.0413105761520025,0.0283947061533074,0,0,0,0,0,0,0,0,0,-0.652237878437869,0.326636786313957,0.240613529570388
13.85343567913,0.539010758305292,0.0540841737830056,-0.000558826088822761,-0.172877310166279,-0.0410262294408234,0.0284604491499428,0,0,0,0,0,0,0,0,0,-0.648958663498784,0.329049594322343,0.241821650712972
13.8634381597647,0.53955170613691,0.0540785498890546,-0.000565680958613342,-0.173286249413238,-0.0407412276420404,0.0285256903687475,0,0,0,0,0,0,0,0,0,-0.645655254047705,0.331474419070597,0.243015853109624
13.8734406403995,0.540092597371998,0.0540728572111586,-0.000572579672588014,-0.173692334679974,-0.0404555757992526,0.0285904248769149,0,0,0,0,0,0,0,0,0,-0.642327530583446,0.333911117051675,0.244195269403274
13.8834431210342,0.540633431320332,0.0540670953045043,-0.000579523489667459,-0.174095559489864,-0.040169279005967,0.028654647627856,0,0,0,0,0,0,0,0,0,-0.63897537508363,0.336359535977205,0.245359011024805
13.893445601669,0.541174207287175,0.0540612637114834,-0.000586513709478307,-0.17449591741749,-0.0398823424067434,0.0287183534599706,0,0,0,0,0,0,0,0,0,-0.635598671093595,0.33881951456435,0.246506168032923
13.9034480823037,0.541714924573147,0.0540553619612823,-0.000593551672787868,-0.174893402089153,-0.0395947711983507,0.0287815370954194,0,0,0,0,0,0,0,0,0,-0.632197303817419,0.341290882321397,0.247635809004473
13.9134505629385,0.54225558247409,0.0540493895694691,-0.000600638761938913,-0.175288007183398,-0.0393065706309358,0.028844193138895,0,0,0,0,0,0,0,0,0,-0.62877116021112,0.343773459332426,0.248746980921522
13.9234530435732,0.542796180280933,0.0540433460375751,-0.000607776401284436,-0.175679726431559,-0.0390177460092045,0.0289063160763942,0,0,0,0,0,0,0,0,0,-0.625320129077992,0.346267056040637,0.24983870908051
13.933455524208,0.543336717279545,0.0540372308526727,-0.0006149660576224,-0.176068553618305,-0.0387283026936152,0.0289679002739891,0,0,0,0,0,0,0,0,0,-0.621844101166123,0.348771473031204,0.250909997042062
13.9434580048427,0.543877192750591,0.0540310434869486,-0.000622209240630508,-0.17645448258221,-0.0384382461015844,0.0290289399765988,0,0,0,0,0,0,0,0,0,-0.618342969268095,0.351286500813594,0.251959826586729
13.9534604854775,0.544417605969381,0.0540247833972728,-0.000629507503300965,-0.176837507216323,-0.0381475817087048,0.0290894293067615,0,0,0,0,0,0,0,0,0,-0.614816628322849,0.353811919603542,0.252987157683193
13.9634629661122,0.544957956205712,0.0540184500247629,-0.000636862442375242,-0.17721762146876,-0.0378563150499753,0.0291493622634053,0,0,0,0,0,0,0,0,0,-0.611264975519738,0.356347499104728,0.253990928499301
13.973465446747,0.545498242723712,0.0540120427943447,-0.000644275698778826,-0.177594819343303,-0.037564451721044,0.0292087327206206,0,0,0,0,0,0,0,0,0,-0.607687910404775,0.358892998290975,0.254970055448581
13.9834679273817,0.546038464781675,0.0540055611143078,-0.000651748958055985,-0.177969094900012,-0.0372719973794623,0.0292675344264312,0,0,0,0,0,0,0,0,0,-0.604085334989032,0.36144816518886,0.255923433229274
13.9934704080165,0.546578621631887,0.0539990043758571,-0.000659283950804542,-0.178340442255851,-0.0369789577459529,0.0293257610015663,0,0,0,0,0,0,0,0,0,-0.600457153859239,0.364012736660685,0.256849934928328
14.0034728886512,0.547118712520462,0.0539923719526604,-0.000666882453110617,-0.17870885558533,-0.0366853386056887,0.0293834059382318,0,0,0,0,0,0,0,0,0,-0.596803274290529,0.366586438189175,0.25774841214501
14.013475369286,0.547658736687157,0.0539856632003906,-0.000674546286983397,-0.179074329121149,-0.0363911458095845,0.029440462598882,0,0,0,0,0,0,0,0,0,-0.59312360636134,0.369168983662921,0.258617695121286
14.0234778499207,0.548198693365193,0.0539788774562646,-0.000682277320789906,-0.179436857154867,-0.036096385275601,0.0294969242149914,0,0,0,0,0,0,0,0,0,-0.589418063070451,0.371760075163684,0.259456592953595
14.0334803305555,0.548738581781067,0.0539720140385776,-0.000690077469689743,-0.179796434037579,-0.0358010629900613,0.0295527838858261,0,0,0,0,0,0,0,0,0,-0.585686560456143,0.374359402756075,0.260263893793196
14.0434828111902,0.54927840115436,0.0539650722462321,-0.000697948696069875,-0.180153054180604,-0.0355051850089792,0.0296080345772157,0,0,0,0,0,0,0,0,0,-0.581929017717442,0.376966644278867,0.26103836510304
14.053485291825,0.549818150697543,0.0539580513582644,-0.000705893009979359,-0.180506712056193,-0.0352087574594,0.0296626691203245,0,0,0,0,0,0,0,0,0,-0.578145357337451,0.379581465139815,0.261778753968625
14.0634877724597,0.550357829615774,0.0539509506333648,-0.000713912469564148,-0.180857402198239,-0.034911786540754,0.0297166802104235,0,0,0,0,0,0,0,0,0,-0.5743355052087,0.382203518113187,0.262483787409001
14.0734902530945,0.550897437106689,0.0539437693093947,-0.000722009181501807,-0.181205119203017,-0.0346142785262215,0.0297700604056618,0,0,0,0,0,0,0,0,0,-0.570499390760529,0.384832443140805,0.263152172764269
14.0834927337292,0.551436972360199,0.0539365066028991,-0.000730185301436313,-0.181549857729922,-0.0343162397641106,0.0298228021258385,0,0,0,0,0,0,0,0,0,-0.56663694708842,0.387467867137322,0.263782598105836
14.093495214364,0.551976434558268,0.0539291617086145,-0.000738443034412787,-0.181891612502229,-0.0340176766792475,0.0298748976511737,0,0,0,0,0,0,0,0,0,-0.562748111085271,0.39010940379948,0.264373732705284
14.1034976949987,0.552515822874693,0.0539217337989724,-0.000746784635312273,-0.182230378307865,-0.0337185957743784,0.0299263391210811,0,0,0,0,0,0,0,0,0,-0.558832823574543,0.392756653420765,0.264924227518536
14.1135001756335,0.553055136474881,0.0539142220235992,-0.000755212409286493,-0.182566150000199,-0.033419003631584,0.0299771185329386,0,0,0,0,0,0,0,0,0,-0.554891029445249,0.395409202710341,0.265432715744114
14.1235026562682,0.553594374515618,0.0539066255088104,-0.000763728712192606,-0.182898922498837,-0.0331189069137069,0.0300272277408606,0,0,0,0,0,0,0,0,0,-0.550922677788718,0.398066624618885,0.265897813442079
14.133505136903,0.55413353614483,0.0538989433571021,-0.000772335951027975,-0.183228690790441,-0.0328183123657901,0.0300766584544694,0,0,0,0,0,0,0,0,0,-0.546927722037067,0.400728478169895,0.266318120153765
14.1435076175377,0.554672620501346,0.0538911746466366,-0.000781036584364922,-0.183555449929558,-0.0325172268165289,0.0301254022376668,0,0,0,0,0,0,0,0,0,-0.542906120103343,0.403394308297927,0.266692219619054
14.1535100981725,0.555211626714649,0.0538833184307248,-0.000789833122785492,-0.183879195039463,-0.0322156571797343,0.0301734505074057,0,0,0,0,0,0,0,0,0,-0.538857834523229,0.406063645694252,0.267018680510703
14.1635125788072,0.555750553904629,0.0538753737373034,-0.000798728129316216,-0.184199921313016,-0.031913610455809,0.0302207945324619,0,0,0,0,0,0,0,0,0,-0.534782832598277,0.408736006659777,0.267296057249805
14.173515059442,0.556289401181322,0.0538673395684085,-0.000807724219862862,-0.18451762401354,-0.0316110937332361,0.0302674254322054,0,0,0,0,0,0,0,0,0,-0.53068108654055,0.411410892967025,0.267522890867768
14.1835175400767,0.556828167644648,0.0538592148996446,-0.000816824063645216,-0.184832298475708,-0.0313081141900791,0.0303133341753724,0,0,0,0,0,0,0,0,0,-0.526552573618621,0.414087791730292,0.26769770990582
14.1935200207115,0.557366852384151,0.0538509986796486,-0.000826030383631831,-0.185143940106442,-0.031004679095495,0.0303585115788367,0,0,0,0,0,0,0,0,0,-0.522397276304812,0.416766175285625,0.267819031391089
14.2035225013462,0.557905454478718,0.0538426898295505,-0.000835345956974775,-0.18545254438584,-0.0307007958112597,0.0304029483063811,0,0,0,0,0,0,0,0,0,-0.518215182423593,0.419445501080506,0.267885361861862
14.213524981981,0.558443972996306,0.0538342872424291,-0.000844773615444415,-0.185758106868102,-0.030396471793305,0.0304466348674697,0,0,0,0,0,0,0,0,0,-0.51400628530103,0.422125211574338,0.267895198473576
14.2235274626158,0.558982406993657,0.0538257897827633,-0.00085431624586417,-0.186060623182485,-0.0300917145932687,0.0304895616160188,0,0,0,0,0,0,0,0,0,-0.509770583915168,0.424804734150256,0.267847030112273
14.2335299432505,0.559520755516011,0.0538171962858798,-0.000863976790545268,-0.186360089034267,-0.029786531860056,0.0305317187491689,0,0,0,0,0,0,0,0,0,-0.505508083047253,0.427483481037885,0.267739338611733
14.2435324238853,0.560059017596807,0.0538085055573954,-0.000873758247721508,-0.186656500205724,-0.0294809313414147,0.0305730963060562,0,0,0,0,0,0,0,0,0,-0.501218793433653,0.430160849249505,0.267570600035901
14.25353490452,0.56059719225739,0.0537997163726554,-0.000883663671984032,-0.186949852557133,-0.0291749208855209,0.0306136841665843,0,0,0,0,0,0,0,0,0,-0.496902731918361,0.43283622052846,0.267339285983373
14.2635373851548,0.561135278506701,0.0537908274761684,-0.000893696174716064,-0.187240142027779,-0.0288685084425787,0.0306534720501958,0,0,0,0,0,0,0,0,0,-0.492559921605944,0.435508961311419,0.267043864995887
14.2735398657895,0.561673275340964,0.0537818375810353,-0.000903858924527695,-0.187527364636986,-0.0285617020664303,0.0306924495146438,0,0,0,0,0,0,0,0,0,-0.488190392014804,0.438178422704962,0.26668280398993
14.2835423464243,0.562211181743373,0.0537727453683751,-0.000914155147690627,-0.187811516485164,-0.0282545099161805,0.0307306059547638,0,0,0,0,0,0,0,0,0,-0.4837941792306,0.44084394047648,0.266254569776704
14.293544827059,0.562748996683767,0.0537635494867458,-0.000924588128572948,-0.188092593754864,-0.0279469402578318,0.030767930601245,0,0,0,0,0,0,0,0,0,-0.479371326059678,0.443504835061172,0.265757630645825
14.3035473076938,0.563286719118304,0.0537542485515614,-0.000935161210073874,-0.18837059271186,-0.0276390014659326,0.030804412519402,0,0,0,0,0,0,0,0,0,-0.474921882182365,0.446160411584624,0.265190457985259
14.3135497883285,0.563824347989122,0.0537448411445039,-0.000945877794058543,-0.188645509706244,-0.0273307020252375,0.0308400406079468,0,0,0,0,0,0,0,0,0,-0.470445904305942,0.448809959902209,0.264551527984243
14.3235522689633,0.564361882224002,0.0537353258129315,-0.000956741341792722,-0.188917341173533,-0.0270220505323798,0.0308748035977597,0,0,0,0,0,0,0,0,0,-0.465943456317154,0.451452754655736,0.263839323392598
14.333554749598,0.56489932073602,0.0537257010692825,-0.000967755374377638,-0.189186083635797,-0.0267130556975564,0.0309086900506615,0,0,0,0,0,0,0,0,0,-0.461414609434045,0.454088055348049,0.263052335336645
14.3435572302328,0.565436662423198,0.053715965390474,-0.000978923473184674,-0.189451733702808,-0.0264037263462251,0.0309416883581851,0,0,0,0,0,0,0,0,0,-0.456859442356973,0.456715106435998,0.262189065179154
14.3535597108675,0.565973906168141,0.0537061172172977,-0.000990249280290174,-0.189714288073195,-0.026094071420814,0.0309737867403468,0,0,0,0,0,0,0,0,0,-0.452278041418596,0.459333137442245,0.261248026477913
14.3635621915023,0.566511050837674,0.0536961549538097,-0.00100173649891018,-0.189973743535626,-0.025784099982443,0.031004973244418,0,0,0,0,0,0,0,0,0,-0.447670500732642,0.461941363087422,0.260227746961835
14.373564672137,0.567048095282476,0.0536860769667173,-0.00101338889383521,-0.190230096970007,-0.025473821212658,0.0310352357436972,0,0,0,0,0,0,0,0,0,-0.443036922341252,0.464538983441466,0.259126770557823
14.3835671527718,0.567585038336696,0.0536758815847611,-0.001025210291865,-0.190483345348686,-0.0251632444151774,0.0310645619362811,0,0,0,0,0,0,0,0,0,-0.438377416360722,0.467125184096322,0.257943659517514
14.3935696334065,0.568121878817576,0.0536655670980917,-0.00103720458224329,-0.190733485737694,-0.0248523790176502,0.0310929393438366,0,0,0,0,0,0,0,0,0,-0.433692101125395,0.469699136359828,0.256676996534229
14.4035721140413,0.568658615525058,0.053655131757644,-0.00104937571709255,-0.190980515297988,-0.0245412345734275,0.031120355310372,0,0,0,0,0,0,0,0,0,-0.428981103329525,0.472259997470762,0.255325386948869
14.413574594676,0.569195247241391,0.0536445737745053,-0.0010617277118488,-0.191224431286718,-0.024229820763345,0.0311467970010093,0,0,0,0,0,0,0,0,0,-0.424244558166858,0.474806910836861,0.253887460998584
14.4235770753108,0.56973177273073,0.0536338913192802,-0.00107426464569629,-0.191465231058511,-0.0239181473975192,0.031172251400755,0,0,0,0,0,0,0,0,0,-0.419482609467742,0.47733900629485,0.252361876079077
14.4335795559455,0.570268190738724,0.0536230825214509,-0.00108699066200233,-0.191702912066774,-0.0236062244171542,0.0311967053132726,0,0,0,0,0,0,0,0,0,-0.414695409833507,0.479855400393721,0.250747319075301
14.4435820365803,0.570804499992105,0.0536121454687325,-0.00109990996875201,-0.191937471865014,-0.0232940618963628,0.0312201453596533,0,0,0,0,0,0,0,0,0,-0.409883120767905,0.482355196701383,0.249042508717799
14.453584517215,0.571340699198266,0.0536010782064251,-0.00111302683898301,-0.192168908108177,-0.0229816700439979,0.0312425579771883,0,0,0,0,0,0,0,0,0,-0.405045912805353,0.48483748613508,0.247246197981729
14.4635869978498,0.571876787044833,0.0535898787367604,-0.00112634561122027,-0.192397218554003,-0.0226690592054978,0.0312639294181403,0,0,0,0,0,0,0,0,0,-0.400183965635769,0.48730134731604,0.245357176473793
14.4735894784845,0.57241276219923,0.0535785450182451,-0.00113987068991088,-0.192622401064403,-0.0223562398647424,0.0312842457485148,0,0,0,0,0,0,0,0,0,-0.39529746822572,0.489745846947633,0.243374272899727
14.4835919591193,0.572948623308242,0.0535670749649988,-0.0011536065458587,-0.192844453606856,-0.0220432226459232,0.031303492846832,0,0,0,0,0,0,0,0,0,-0.390386618935682,0.492170040219392,0.241296357542643
14.493594439754,0.573484368997564,0.0535554664460882,-0.00116755771665925,-0.193063374255814,-0.0217300183154238,0.0313216564028986,0,0,0,0,0,0,0,0,0,-0.385451625633122,0.494572971234745,0.239122344689976
14.5035969203888,0.574019997871348,0.0535437172848572,-0.00118172880713437,-0.193279161194142,-0.0214166377837145,0.0313387219165788,0,0,0,0,0,0,0,0,0,-0.380492705801189,0.496953673463587,0.236851195159384
14.5135994010235,0.574555508511742,0.0535318252582518,-0.00119612448976705,-0.193491812714565,-0.0211030921072579,0.0313546746965665,0,0,0,0,0,0,0,0,0,-0.375510086642745,0.499311170220544,0.23448191876404
14.5236018816583,0.575090899478425,0.0535197880961414,-0.00121074950513616,-0.193701327221136,-0.0207893924904274,0.0313694998591569,0,0,0,0,0,0,0,0,0,-0.370504005179498,0.50164447516686,0.232013576828538
14.533604362293,0.575626169308129,0.0535076034806357,-0.00122560866235119,-0.19390770323073,-0.0204755502874376,0.0313831823270176,0,0,0,0,0,0,0,0,0,-0.365474708345973,0.503952592838998,0.229445284670689
14.5436068429278,0.576161316514161,0.0534952690453966,-0.00124070683948709,-0.194110939374548,-0.0201615770042872,0.0313957068279609,0,0,0,0,0,0,0,0,0,-0.360422453078089,0.506234519200167,0.226776214023665
14.5536093235625,0.576696339585913,0.0534827823749463,-0.00125604898401892,-0.194311034399649,-0.0198474843007145,0.0314070578937147,0,0,0,0,0,0,0,0,0,-0.355347506396089,0.508489242217385,0.224005595545611
14.5636118041973,0.577231236988367,0.0534701410039716,-0.00127164011325671,-0.194507987170492,-0.0195332839921648,0.0314172198586949,0,0,0,0,0,0,0,0,0,-0.350250145481572,0.510715742463208,0.221132721244801
14.573614284832,0.577766007161593,0.0534573424166221,-0.00128748531478015,-0.194701796670508,-0.0192189880517698,0.0314261768587765,0,0,0,0,0,0,0,0,0,-0.345130657748388,0.512912993741307,0.218156946847941
14.5836167654668,0.578300648520244,0.053444384045806,-0.00130358974687342,-0.194892462003689,-0.0189046086123398,0.0314339128300652,0,0,0,0,0,0,0,0,0,-0.339989340907152,0.515079963735575,0.215077694131164
14.5936192461015,0.578835159453032,0.0534312632724805,-0.00131995863895988,-0.195079982396188,-0.0185901579683683,0.0314404115076694,0,0,0,0,0,0,0,0,0,-0.334826503023161,0.517215614682334,0.211894453286934
14.6036217267363,0.579369538322212,0.0534179774249379,-0.00133659729203688,-0.195264357197952,-0.0182756485780484,0.0314456564244714,0,0,0,0,0,0,0,0,0,-0.329642462567451,0.519318904066802,0.208606785181725
14.613624207371,0.579903783463049,0.0534045237780876,-0.00135351107911048,-0.195445585884369,-0.0179610930653017,0.0314496309098994,0,0,0,0,0,0,0,0,0,-0.324437548460785,0.52138878534045,0.205214323500442
14.6236266880058,0.580437893183279,0.0533908995527337,-0.00137070544563028,-0.195623668057932,-0.0176465042218194,0.0314523180886988,0,0,0,0,0,0,0,0,0,-0.319212100110362,0.523424208660375,0.201716776910684
14.6336291686405,0.580971865762567,0.0533771019148482,-0.0013881859099241,-0.195798603449935,-0.017331895009116,0.0314537008797039,0,0,0,0,0,0,0,0,0,-0.313966467439014,0.525424121649957,0.198113931110826
14.6436316492753,0.581505699451951,0.0533631279748398,-0.00140595806363279,-0.195970391922172,-0.0170172785605951,0.0314537619946099,0,0,0,0,0,0,0,0,0,-0.308701010906693,0.527387470179196,0.194405650818077
14.65363412991,0.582039392473287,0.0533489747868184,-0.00142402757214498,-0.196139033468676,-0.0167026681836271,0.0314524839367438,0,0,0,0,0,0,0,0,0,-0.303416101524059,0.529313199165145,0.19059188163248
14.6636366105448,0.582572943018681,0.0533346393478554,-0.00144240017503184,-0.196304528217463,-0.0163880773616396,0.0314498489998366,0,0,0,0,0,0,0,0,0,-0.298112120857959,0.531200253389535,0.18667265179786
14.6736390911795,0.583106349249912,0.0533201185972394,-0.00146108168648185,-0.196466876432306,-0.0160735197562206,0.0314458392667948,0,0,0,0,0,0,0,0,0,-0.292789461028652,0.533047578334437,0.182648073926815
14.6836415718143,0.583639609297852,0.0533054094157278,-0.00148007799573554,-0.19662607851453,-0.0157590092092327,0.0314404366084719,0,0,0,0,0,0,0,0,0,-0.287448524698577,0.53485412103439,0.178518346561928
14.693644052449,0.584172721261878,0.0532905086247937,-0.00149939506752027,-0.196782135004822,-0.0154445597449408,0.0314336226824401,0,0,0,0,0,0,0,0,0,-0.282089725052526,0.536618830943303,0.17428375559232
14.7036465330838,0.584705683209275,0.0532754129858687,-0.00151903894248499,-0.196935046585066,-0.0151301855721509,0.0314253789317619,0,0,0,0,0,0,0,0,0,-0.27671348576907,0.538340660814918,0.169944675553634
14.7136490137185,0.585238493174629,0.0532601191995817,-0.00153901573763499,-0.197084814080203,-0.0148159010863629,0.0314156865837617,0,0,0,0,0,0,0,0,0,-0.271320240983125,0.540018567595712,0.16550157086659
14.7236514943533,0.585771149159218,0.0532446239049924,-0.00155933164676666,-0.197231438460107,-0.0145017208719337,0.0314045266487974,0,0,0,0,0,0,0,0,0,-0.265910435239506,0.541651513330146,0.160954996856427
14.733653974988,0.58630364913039,0.0532289236788215,-0.00157999294090228,-0.197374920841487,-0.0141876597042543,0.0313918799190321,0,0,0,0,0,0,0,0,0,-0.260484523437389,0.543238466073957,0.156305600621521
14.7436564556228,0.586835991020938,0.0532130150346758,-0.00160100596872473,-0.197515262489803,-0.0138737325519378,0.0313777269672059,0,0,0,0,0,0,0,0,0,-0.255042970765593,0.544778400816786,0.151554121800402
14.7536589362575,0.587368172728463,0.0531968944222693,-0.00162237715701231,-0.197652464821217,-0.0135599545790206,0.031362048145407,0,0,0,0,0,0,0,0,0,-0.249586252628587,0.546270300410808,0.146701393100516
14.7636614168923,0.587900192114732,0.0531805582266399,-0.00164411301107345,-0.197786529404556,-0.0132463411471759,0.0313448235838438,0,0,0,0,0,0,0,0,0,-0.244114854563196,0.547713156503943,0.141748340739137
14.7736638975271,0.588432047005025,0.0531640027673618,-0.00166622011518152,-0.197917457963298,-0.0129329078179385,0.0313260331896162,0,0,0,0,0,0,0,0,0,-0.238629272145929,0.54910597047731,0.136695984697173
14.7836663781618,0.58896373518748,0.0531472242977532,-0.00168870513300952,-0.198045252377583,-0.0126196703549434,0.0313056566454877,0,0,0,0,0,0,0,0,0,-0.233130010890945,0.550447754383507,0.131545438720519
14.7936688587966,0.589495254412423,0.0531302190040804,-0.00171157480806493,-0.198169914686249,-0.0123066447261749,0.0312836734086563,0,0,0,0,0,0,0,0,0,-0.227617586138603,0.551737531884094,0.126297910189773
14.8036713394313,0.590026602391695,0.0531129830047566,-0.00173483596412441,-0.198291447088882,-0.0119938471062301,0.0312600627095268,0,0,0,0,0,0,0,0,0,-0.222092522934674,0.552974339185272,0.120954699839682
14.8136738200661,0.590557776797968,0.0530955123495372,-0.00175849550566857,-0.198409851947901,-0.0116812938785926,0.0312348035504819,0,0,0,0,0,0,0,0,0,-0.216555355900174,0.554157225969751,0.115517201254588
14.8236763007008,0.591088775264057,0.05307780301871,-0.00178256041831674,-0.19852513179065,-0.0113690016379199,0.0312078747046543,0,0,0,0,0,0,0,0,0,-0.211006629091933,0.555285256322331,0.109986900104729
14.8336787813356,0.591619595382216,0.0530598509222819,-0.00180703776926175,-0.19863728931153,-0.0110569871923423,0.0311792547146979,0,0,0,0,0,0,0,0,0,-0.20544689585392,0.556357509646499,0.10436537325194
14.8436812619703,0.592150234703437,0.0530416518991606,-0.00183193470770465,-0.19874632737414,-0.0107452675657747,0.0311489218915597,0,0,0,0,0,0,0,0,0,-0.199876718659459,0.557373081572114,0.0986542876886754
14.8536837426051,0.592680690736731,0.0530232017163319,-0.00185725846528949,-0.19885224901345,-0.0104338600002405,0.0311168543132513,0,0,0,0,0,0,0,0,0,-0.194296668944408,0.558331084850781,0.0928553991960339
14.8636862232398,0.593210960948403,0.0530044960680331,-0.0018830163565381,-0.198955057437995,-0.0101227819582071,0.0310830298236205,0,0,0,0,0,0,0,0,0,-0.18870732693146,0.559230650236694,0.0869705508265975
14.8736887038746,0.593741042761325,0.052985530574922,-0.00190921577928481,-0.199054756032088,-0.00981205112493472,0.0310474260311229,0,0,0,0,0,0,0,0,0,-0.183109281445703,0.560070927351654,0.0810016711627951
14.8836911845093,0.594270933554193,0.0529663007832412,-0.00193586421511127,-0.199151348358065,-0.00950168541083701,0.0310100203075938,0,0,0,0,0,0,0,0,0,-0.177503129721617,0.560851085531071,0.074950772417311
14.8936936651441,0.594800630660777,0.0529468021639781,-0.00196296922978116,-0.199244838158542,-0.00919170295385392,0.0309707897870194,0,0,0,0,0,0,0,0,0,-0.171889477201696,0.561570314650982,0.0688199483296612
14.9036961457788,0.595330131369167,0.052927030112021,-0.00199053847367494,-0.199335229358713,-0.00888212212183695,0.0309297113643087,0,0,0,0,0,0,0,0,0,-0.166268937326922,0.562227825931975,0.062611371773507
14.9136986264136,0.595859432921007,0.0529069799453105,-0.00201857968222469,-0.199422526068652,-0.00857296151494635,0.0308867616940651,0,0,0,0,0,0,0,0,0,-0.160642131319291,0.562822852718341,0.0563272922275864
14.9237011070483,0.596388532510719,0.0528866469039863,-0.00204710067634879,-0.199506732585655,-0.00826423996806151,0.0308419171893578,0,0,0,0,0,0,0,0,0,-0.155009687956701,0.563354651231404,0.0499700330710153
14.9337035876831,0.596917427284722,0.0528660261495303,-0.00207610936288671,-0.199587853396594,-0.00795597655320258,0.0307951540204937,0,0,0,0,0,0,0,0,0,-0.149372243340413,0.563822501294563,0.0435419886719519
14.9437060683178,0.597446114340642,0.0528451127639049,-0.00210561373503378,-0.199665893180309,-0.00764819058196521,0.0307464481137891,0,0,0,0,0,0,0,0,0,-0.143730440655429,0.564225707028383,0.0370456212039924
14.9537085489526,0.597974590726511,0.0528239017486869,-0.00213562187277594,-0.19974085681001,-0.00734090160796649,0.0306957751503407,0,0,0,0,0,0,0,0,0,-0.138084929924054,0.564563597511953,0.0304834573352467
14.9637110295873,0.598502853439957,0.0528023880241975,-0.00216614194332451,-0.199812749355711,-0.00703412942930487,0.030643110564798,0,0,0,0,0,0,0,0,0,-0.132436367753032,0.564835527411735,0.0238580848027456
14.9737135102221,0.59903089942739,0.0527805664286272,-0.00219718220155095,-0.199881576086692,-0.0067278940910307,0.0305884295441344,0,0,0,0,0,0,0,0,0,-0.126785417074543,0.565040877574396,0.0171731187936811
14.9837159908568,0.599558725583175,0.0527584317171574,-0.00222875099042158,-0.199947342473976,-0.0064222158876301,0.0305317070264192,0,0,0,0,0,0,0,0,0,-0.121132746881471,0.565179074988079,0.010777150022135
14.9937184714916,0.600086328748801,0.0527359785681336,-0.0022608438166607,-0.20001005419283,-0.00611711534559004,0.0304729542194332,0,0,0,0,0,0,0,0,0,-0.115479031569073,0.565256474043185,0.00587046771914243
15.0037209521263,0.600613705719395,0.0527132040831235,-0.00229285417637177,-0.200069717104493,-0.0058126061575104,0.0304138839936553,0,0,0,0,0,0,0,0,0,-0.109824813010902,0.565296513467435,0.00309454345989737
15.0137234327611,0.601140853294245,0.0526901114854523,-0.00232445174253026,-0.200126337113511,-0.00550868471722903,0.0303554307239408,0,0,0,0,0,0,0,0,0,-0.104170296711373,0.565318380265247,0.00138568852603296
15.0237259133958,0.601667768311966,0.0526667048689991,-0.0023556435201421,-0.200179920068265,-0.00520534494606403,0.0302975759595081,0,0,0,0,0,0,0,0,0,-0.0985156407087586,0.56532423411273,-0.000236365750083323
15.0337283940306,0.602194447651777,0.0526429882578559,-0.00238643645817596,-0.200230471757254,-0.00490258094909437,0.0302403014079041,0,0,0,0,0,0,0,0,0,-0.0928610073032372,0.565313651777571,-0.0019004389994956
15.0437308746653,0.602720888232797,0.0526189656068873,-0.00241683744973333,-0.200277997910928,-0.00460038701357945,0.0301835889345235,0,0,0,0,0,0,0,0,0,-0.0872065629998279,0.56528621590415,-0.00360592673409346
15.0537333553001,0.603247087013363,0.0525946408022885,-0.00244685333221872,-0.200322504203497,-0.0042987576073822,0.0301274205621278,0,0,0,0,0,0,0,0,0,-0.0815524784478917,0.565241515352915,-0.0053521907711229
15.0637358359348,0.603773040990339,0.0525700176621415,-0.00247649088750976,-0.200363996254734,-0.00399768737739759,0.0300717784703648,0,0,0,0,0,0,0,0,0,-0.0758989283772775,0.565179145535066,-0.00713855975861025
15.0737383165696,0.604298747198445,0.0525450999369697,-0.00250575684212746,-0.200402479631757,-0.00369717114798539,0.0300166449952874,0,0,0,0,0,0,0,0,0,-0.0702460915311327,0.565098708741424,-0.00896432965305109
15.0837407972043,0.604824202709576,0.0525198913102907,-0.00253465786740625,-0.200437959850794,-0.00339720391940875,0.0299620026288734,0,0,0,0,0,0,0,0,0,-0.06459415059546,0.56499981446755,-0.0108287641996339
15.0937432778391,0.605349404632141,0.0524943953991677,-0.00256320057966421,-0.200470442378938,-0.00309778086627656,0.0299078340185443,0,0,0,0,0,0,0,0,0,-0.0589432921254339,0.564882079733014,-0.01273109552798
15.1037457584738,0.605874350110397,0.0524686157547585,-0.00259139154037319,-0.200499932635881,-0.00279889733599123,0.0298541219666849,0,0,0,0,0,0,0,0,0,-0.0532937064685657,0.564745129394594,-0.0146705247786746
15.1137482391086,0.606399036323796,0.0524425558628637,-0.00261923725632901,-0.200526435995637,-0.00250054884720067,0.029800849430162,0,0,0,0,0,0,0,0,0,-0.0476455876847544,0.564588596453013,-0.0166462227776279
15.1237507197433,0.606923460486331,0.0524162191444723,-0.00264674417982156,-0.200549957788242,-0.00220273108825612,0.0297479995198444,0,0,0,0,0,0,0,0,0,-0.0419991334633209,0.564412122352644,-0.0186573306685103
15.1337532003781,0.60744761984589,0.0523896089563066,-0.002673918708805,-0.200570503301449,-0.00190543991567372,0.0296955555001214,0,0,0,0,0,0,0,0,0,-0.0363545450370527,0.564215357275597,-0.0207029606367671
15.1437556810128,0.60797151168362,0.0523627285913642,-0.00270076718706789,-0.200588077782402,-0.0016086713526015,0.0296435007884225,0,0,0,0,0,0,0,0,0,-0.0307120270933647,0.563997960426942,-0.0227821967246473
15.1537581616476,0.608495133313289,0.0523355812794595,-0.00272729590440335,-0.20060268643929,-0.00131242158729076,0.0295918189547364,0,0,0,0,0,0,0,0,0,-0.0250717876826339,0.563759600312486,-0.0248940956081456
15.1637606422823,0.609018482080655,0.0523081701877626,-0.00275351109677925,-0.200614334442998,-0.00101668697157289,0.0295404937211305,0,0,0,0,0,0,0,0,0,-0.0194340381238038,0.563499955008462,-0.0270376874228203
15.1737631229171,0.609541555362849,0.052280498421337,-0.0027794189465083,-0.20062302692873,-0.000721464019340325,0.0294895089612698,0,0,0,0,0,0,0,0,0,-0.0137989929073238,0.563218712422776,-0.0292119766115188
15.1837656035518,0.610064350567747,0.0522525690236752,-0.00280502558241826,-0.200628768997625,-0.000426749405032787,0.0294388486999366,0,0,0,0,0,0,0,0,0,-0.00816686959552665,0.562915570547743,-0.0314159428804328
15.1937680841866,0.610586865133366,0.0522243849772332,-0.00283033708002211,-0.200631565718354,-0.000132539962127733,0.0293884971125489,0,0,0,0,0,0,0,0,0,-0.00253788872051686,0.562590237702208,-0.0336485421335986
15.2037705648213,0.61110909652725,0.0521959492039627,-0.00285535946168813,-0.200631422128706,0.000161167318363367,0.0293384385246809,0,0,0,0,0,0,0,0,0,0.00308772632030564,0.562242432765585,-0.0359087073871868
15.2137730454561,0.611631042245868,0.0521672645658417,-0.00288009869681014,-0.200628343237153,0.00045437528939496,0.0292886574115809,0,0,0,0,0,0,0,0,0,0.00870974937102894,0.56187188540169,-0.0381953497932937
15.2237755260908,0.61215269981402,0.0521383338654039,-0.00290456070197758,-0.200622334024404,0.00074708664938192,0.0292391383976916,0,0,0,0,0,0,0,0,0,0.0143279516261882,0.561478336272295,-0.0405073596831696
15.2337780067256,0.612674066784245,0.0521091598462656,-0.00292875134114576,-0.200613399444944,0.00103930394368987,0.0291898662561687,0,0,0,0,0,0,0,0,0,0.0199421017418213,0.561061537240098,-0.0428436076484865
15.2437804873603,0.613195140736227,0.0520797451936518,-0.00295267642580591,-0.200601544428559,0.00133102956611965,0.0291408259084003,0,0,0,0,0,0,0,0,0,0.0255519659484833,0.560621251560641,-0.0452029455686084
15.2537829679951,0.613715919276225,0.0520500925349194,-0.00297634171515542,-0.200586773881841,0.00162226576038802,0.0290920024235265,0,0,0,0,0,0,0,0,0,0.0311573081661514,0.56015725406473,-0.047584207715686
15.2637854486298,0.614236400036487,0.0520202044400804,-0.00299975291626795,-0.200569092689684,0.001913014621603,0.0290433810179579,0,0,0,0,0,0,0,0,0,0.0367578901208785,0.559669331328249,-0.0499862119375045
15.2737879292646,0.614756580674684,0.0519900834223215,-0.0030229156842636,-0.200548505716763,0.00220327809773473,0.0289949470548955,0,0,0,0,0,0,0,0,0,0.0423534714631008,0.559157281830912,-0.0524077607864422
15.2837904098993,0.615276458873344,0.0519597319385234,-0.00304583562247907,-0.200525017808999,0.00249305799108101,0.0289466860438498,0,0,0,0,0,0,0,0,0,0.0479438098874656,0.558620916103495,-0.0548476426818582
15.2937928905341,0.615796032339289,0.0519291523897778,-0.00306851828263782,-0.200498633795007,0.00278235595972859,0.0288985836401597,0,0,0,0,0,0,0,0,0,0.0535286612540846,0.558060056863338,-0.0573046330778631
15.3037953711688,0.616315298803082,0.051898347121903,-0.00309096916502019,-0.200469358487533,0.00307117351900925,0.0288506256445122,0,0,0,0,0,0,0,0,0,0.0591077797110735,0.557474539138209,-0.0597774957201269
15.3137978518036,0.616834256018475,0.0518673184259571,-0.00311319371863365,-0.200437196684873,0.00335951204295162,0.0288027980024611,0,0,0,0,0,0,0,0,0,0.0646809178182777,0.556864210376669,-0.06226498386449
15.3238003324383,0.617352901761865,0.0518360685387505,-0.00313519734138281,-0.20040215317228,0.00364737276572722,0.0287550868039469,0,0,0,0,0,0,0,0,0,0.0702478266720303,0.556228930547554,-0.0647658414555896
15.3338028130731,0.617871233831754,0.0518045996433561,-0.00315698538023972,-0.200364232723356,0.00393475678309269,0.0287074782828156,0,0,0,0,0,0,0,0,0,0.0758082560308577,0.555568572226763,-0.0672788043932235
15.3438052937078,0.618389250048211,0.0517729138696176,-0.00317856313141392,-0.200323440101429,0.00422166505382655,0.028659958816338,0,0,0,0,0,0,0,0,0,0.0813619544419789,0.554883020671409,-0.0698026017996986
15.3538077743426,0.618906948252348,0.051741013294657,-0.00319993584052268,-0.200279780060917,0.00450809840116187,0.0286125149247289,0,0,0,0,0,0,0,0,0,0.0869086693684942,0.554172173881249,-0.0723359573023283
15.3638102549774,0.619424326305791,0.051708899943379,-0.00322110870276109,-0.200233257348673,0.00479405751421301,0.0285651332706664,0,0,0,0,0,0,0,0,0,0.0924481473171087,0.553435942647184,-0.0748775902376755
15.3738127356121,0.619941382090159,0.0516765757889752,-0.00324208686307225,-0.200183876705325,0.0050795429493986,0.0285178006588114,0,0,0,0,0,0,0,0,0,0.0979801339663012,0.552674250588591,-0.0774262169289305
15.3838152162469,0.620458113506552,0.0516440427534256,-0.00326287541631741,-0.20013164286659,0.00536455513185926,0.0284705040353264,0,0,0,0,0,0,0,0,0,0.103504374294784,0.551887034176276,-0.0799805519707895
15.3938176968816,0.620974518475043,0.0516113027079987,-0.00328347940744614,-0.200076560564586,0.00564909435687041,0.0284232304873949,0,0,0,0,0,0,0,0,0,0.109020612710138,0.551074242744102,-0.0825393094891733
15.4038201775164,0.621490594934168,0.0515783574737498,-0.00330390383166651,-0.200018634529119,0.00593316079125092,0.0283759672427406,0,0,0,0,0,0,0,0,0,0.1145285931775,0.550235838486734,-0.0851012044190435
15.4138226581511,0.622006340840429,0.0515452088220179,-0.00332415363461516,-0.199957869488964,0.00621675447476561,0.028328701669147,0,0,0,0,0,0,0,0,0,0.120028059348156,0.549371796445711,-0.0876649536914561
15.4238251387859,0.622521754167801,0.0515118584749205,-0.00334423371252757,-0.199894270173129,0.00649987532152455,0.0282814212739762,0,0,0,0,0,0,0,0,0,0.125518754687954,0.548482104483444,-0.0902292775251745
15.4338276194206,0.62303683290724,0.0514783081058469,-0.00336414891240811,-0.199827841312101,0.00678252312137631,0.0282341137036881,0,0,0,0,0,0,0,0,0,0.131000422605362,0.547566763243445,-0.0927929006780408
15.4438301000554,0.623551575066197,0.0514445593399501,-0.00338390403220028,-0.199758587639087,0.00706469754129742,0.02818676674336,0,0,0,0,0,0,0,0,0,0.136472806579105,0.546625786099295,-0.0953545536474678
15.4538325806901,0.62406597866814,0.0514106137546362,-0.00340350382095684,-0.199686513891233,0.00734639812677581,0.0281393683162057,0,0,0,0,0,0,0,0,0,0.14193565028519,0.545659199090857,-0.0979129738715242
15.4638350613249,0.624580041752079,0.0513764728800528,-0.00342295297900992,-0.199611624810833,0.00762762430319054,0.0280919064830946,0,0,0,0,0,0,0,0,0,0.147388697723265,0.544667040849213,-0.100466906906914
15.4738375419596,0.625093762372094,0.0513421381995755,-0.00344225615814123,-0.199533925146524,0.0079083753771861,0.028044369442071,0,0,0,0,0,0,0,0,0,0.152831693342152,0.543649362509317,-0.103015107647763
15.4838400225944,0.625607138596871,0.0513076111502927,-0.00346141796175223,-0.199453419654466,0.00818865053804249,0.0279967455278736,0,0,0,0,0,0,0,0,0,0.158264382164453,0.542606227610546,-0.105556341468006
15.4938425032291,0.626120168509242,0.0512728931234887,-0.00348044294503421,-0.199370113099509,0.00846844885903949,0.0279490232114542,0,0,0,0,0,0,0,0,0,0.163686509910092,0.541537711986499,-0.108089385336277
15.5038449838639,0.626632850205725,0.0512379854651246,-0.00349933561513854,-0.199284010256348,0.00874776929881714,0.0279011910994976,0,0,0,0,0,0,0,0,0,0.169097823118717,0.54044390364325,-0.110613028916029
15.5138474644986,0.62714518179608,0.0512028894763189,-0.00351810043134673,-0.199195115910661,0.00902661070273077,0.0278532379339402,0,0,0,0,0,0,0,0,0,0.174498069270814,0.539324902627132,-0.113126075676901
15.5238499451334,0.627657161402857,0.0511676064138245,-0.00353674180524068,-0.199103434860238,0.00930497180420191,0.0278051525914896,0,0,0,0,0,0,0,0,0,0.179886996907451,0.538180820880763,-0.115627343974995
15.5338524257681,0.628168787160957,0.0511321374905056,-0.00355526410087277,-0.199008971916089,0.00958285122606325,0.0277569240831439,0,0,0,0,0,0,0,0,0,0.185264355748522,0.537011782089217,-0.118115668020141
15.5438549064029,0.628680057217195,0.0510964838758119,-0.00357367163493604,-0.19891173190355,0.00986024748189994,0.0277085415537107,0,0,0,0,0,0,0,0,0,0.190629896809412,0.535817921516698,-0.120589898909831
15.5538573870376,0.62919096972987,0.0510606466962518,-0.00359196867693433,-0.198811719663363,0.0101371589773854,0.0276599942813265,0,0,0,0,0,0,0,0,0,0.195983372515968,0.534599385832033,-0.123048905614838
15.5638598676724,0.629701522868334,0.0510246270358632,-0.00361015944935249,-0.198708940052753,0.0104135840116129,0.0276112716769758,0,0,0,0,0,0,0,0,0,0.201324536817682,0.533356332925619,-0.125491575895449
15.5738623483071,0.630211714812572,0.0509884259366831,-0.00362824812782646,-0.198603397946484,0.0106895207784214,0.0275623632840106,0,0,0,0,0,0,0,0,0,0.206653145298988,0.532088931716596,-0.127916817212557
15.5838648289419,0.630721543752784,0.0509520443992156,-0.00364623884131348,-0.19849509823791,0.0109649673677175,0.0275132587776692,0,0,0,0,0,0,0,0,0,0.211968955288602,0.530797361951564,-0.130323557574259
15.5938673095766,0.631231007888973,0.0509154833828976,-0.00366413567226221,-0.198384045840001,0.0112399217667922,0.027463947964596,0,0,0,0,0,0,0,0,0,0.217271725966783,0.529481813994819,-0.132710746402052
15.6038697902114,0.631740105430534,0.0508787438065631,-0.00368194265678294,-0.198270245686371,0.0115143818616329,0.0274144207823602,0,0,0,0,0,0,0,0,0,0.222561218470474,0.528142488609744,-0.135077355325443
15.6138722708461,0.632248834595851,0.0508418265489063,-0.00369966378481768,-0.198153702732278,0.0117883454382304,0.0273646672989753,0,0,0,0,0,0,0,0,0,0.2278371959962,0.526779596733146,-0.137422378921929
15.6238747514809,0.632757193611899,0.0508047324489421,-0.00371730300031036,-0.198034421955619,0.0120618101838815,0.0273146777124186,0,0,0,0,0,0,0,0,0,0.233099423900684,0.525393359241848,-0.139744835423411
15.6338772321156,0.63326518071385,0.0507674623064656,-0.00373486420137697,-0.197912408357916,0.0123347736884863,0.0272644423501499,0,0,0,0,0,0,0,0,0,0.238347669799087,0.523984006712888,-0.142043767422957
15.6438797127504,0.633772794144679,0.0507300168825095,-0.00375235124047573,-0.197787666965277,0.0126072334458412,0.027213951668631,0,0,0,0,0,0,0,0,0,0.243581703660814,0.522551779175978,-0.144318242542109
15.6538821933851,0.634280032154783,0.0506923968998001,-0.00376976792457723,-0.197660202829352,0.0128791868549267,0.027163196252845,0,0,0,0,0,0,0,0,0,0.248801297902811,0.521096925860351,-0.146567353964612
15.6638846740199,0.634786893001598,0.0506546030432112,-0.00378711801533458,-0.197530021028281,0.0131506312211904,0.0271121668158154,0,0,0,0,0,0,0,0,0,0.254006227480307,0.519619704936542,-0.148790221029618
15.6738871546546,0.635293374949224,0.0506166359602168,-0.0038044052292536,-0.197397126667615,0.0134215637578255,0.0270608541981257,0,0,0,0,0,0,0,0,0,0.259196269974936,0.518120383251373,-0.150985989769091
15.6838896352894,0.63579947626805,0.0505784962613415,-0.00382163323786294,-0.197261524881237,0.0136919815870445,0.0270092493674379,0,0,0,0,0,0,0,0,0,0.26437120568019,0.516599236058974,-0.153153833360927
15.6938921159241,0.636305195234391,0.05054018452061,-0.00383880566788426,-0.197123220832265,0.0139618817413473,0.0269573434180125,0,0,0,0,0,0,0,0,0,0.26953081768415,0.515056546746712,-0.155292952573162
15.7038945965589,0.636810530130121,0.0505017012759941,-0.00385592610140237,-0.196982219713942,0.0142312611647858,0.0269051275702274,0,0,0,0,0,0,0,0,0,0.274674891949461,0.513492606557322,-0.157402576137558
15.7138970771936,0.637315479242318,0.0504630470298582,-0.0038729980760354,-0.196838526750517,0.0145001167142222,0.0268525931700971,0,0,0,0,0,0,0,0,0,0.279803217390505,0.51190771430736,-0.159481961133045
15.7238995578284,0.637820040862909,0.0504242222494036,-0.00389002508510495,-0.196692147198108,0.0147684451605843,0.026799731688792,0,0,0,0,0,0,0,0,0,0.284915585947739,0.510302176101671,-0.161530393295936
15.7339020384631,0.638324213288319,0.0503852273671106,-0.00390701057780624,-0.196543086345554,0.0150362431901139,0.0267465347221576,0,0,0,0,0,0,0,0,0,0.290011792659162,0.508676305045627,-0.16354718727077
15.7439045190979,0.638827994819128,0.0503460627811788,-0.00392395795937827,-0.196391349515263,0.0153035074056122,0.0266929939902341,0,0,0,0,0,0,0,0,0,0.29509163572889,0.507030420954583,-0.165531686827558
15.7539069997326,0.639331383759728,0.0503067288559662,-0.00394087059127399,-0.196236942064031,0.0155702343276791,0.0266391013367748,0,0,0,0,0,0,0,0,0,0.300154916592817,0.505364850061767,-0.167483265075473
15.7639094803674,0.63983437841799,0.0502672259224262,-0.00395775179133043,-0.196079869383865,0.0158364203959489,0.0265848487287664,0,0,0,0,0,0,0,0,0,0.305201439981343,0.503679924723459,-0.169401324633384
15.7739119610021,0.640336977104928,0.050227554278543,-0.0039746048339389,-0.195920136902784,0.0161020619703199,0.0265302282559473,0,0,0,0,0,0,0,0,0,0.310231013979136,0.501975983123474,-0.171285297677158
15.7839144416369,0.640839178134375,0.0501877141897653,-0.00399143295021507,-0.195757750085609,0.01636715533218,0.0264752321303274,0,0,0,0,0,0,0,0,0,0.315243450081949,0.500253368977392,-0.173134646040555
15.7939169222716,0.641340979822658,0.0501477058894384,-0.00400823932816921,-0.195592714434747,0.0166316966856277,0.0264198526857071,0,0,0,0,0,0,0,0,0,0.320238563250466,0.498512431235024,-0.174948861262635
15.8039194029064,0.641842380488279,0.0501075295792345,-0.00402502711287631,-0.195425035490953,0.0168956821586873,0.0263640823771969,0,0,0,0,0,0,0,0,0,0.325216171961171,0.49675352378369,-0.176727464559692
15.8139218835411,0.642343378451601,0.0500671854295811,-0.00404179940664621,-0.195254718834087,0.0171591078045203,0.026307913780736,0,0,0,0,0,0,0,0,0,0.330176098254247,0.49497700515125,-0.178470006788069
15.8239243641759,0.642843972034536,0.0500266735800884,-0.00405855926919379,-0.195081770083855,0.0174219696026314,0.026251339592612,0,0,0,0,0,0,0,0,0,0.335118167778515,0.493183238210127,-0.180176068346091
15.8339268448106,0.643344159560242,0.0499859941399738,-0.00407530971780914,-0.194906194900545,0.01768426346007,0.0261943526289801,0,0,0,0,0,0,0,0,0,0.340042209833408,0.491372589882295,-0.181845259088982
15.8439293254454,0.643843939352817,0.049945147188486,-0.00409205372752768,-0.194727998985738,0.0179459852126269,0.0261369458253823,0,0,0,0,0,0,0,0,0,0.344948057408005,0.489545430845009,-0.18347721817719
15.8539318060801,0.644343309737006,0.0499041327753266,-0.00410879423130031,-0.194547188083023,0.0182071306260254,0.0260791122362665,0,0,0,0,0,0,0,0,0,0.349835547217125,0.487702135238824,-0.185071613877433
15.8639342867149,0.644842269037904,0.0498629509210701,-0.00412553412016363,-0.194363767978683,0.0184676953971093,0.0260208450345059,0,0,0,0,0,0,0,0,0,0.354704519734511,0.485843080377307,-0.186628143336665
15.8739367673496,0.645340815580666,0.0498216016175823,-0.00414227624341,-0.194177744502387,0.0187276751550238,0.0259621375109183,0,0,0,0,0,0,0,0,0,0.359554819223128,0.483968646459575,-0.188146532359561
15.8839392479844,0.645838947690227,0.0497800848284373,-0.0041590234087578,-0.193989123527854,0.0189870654623942,0.0259029830737849,0,0,0,0,0,0,0,0,0,0.364386293762588,0.482079216284463,-0.189626535156596
15.8939417286191,0.646336663691016,0.0497384004893321,-0.00417577838252151,-0.193797910973518,0.0192458618164974,0.0258433752483703,0,0,0,0,0,0,0,0,0,0.36919879527373,0.480175174968098,-0.191067933982412
15.9039442092539,0.646833961906682,0.0496965485085,-0.00419254388978189,-0.193604112803172,0.0195040596504297,0.025783307676441,0,0,0,0,0,0,0,0,0,0.373992179540402,0.478256909665301,-0.19247053882324
15.9139466898886,0.647330840659819,0.0496545287671225,-0.00420932261455613,-0.193407735026605,0.0197616543342703,0.025722774115785,0,0,0,0,0,0,0,0,0,0.378766306228456,0.476324809293419,-0.193834187066065
15.9239491705234,0.647827298271701,0.0496123411197386,-0.00422611719996805,-0.193208783700229,0.0200186411762389,0.0256617684397311,0,0,0,0,0,0,0,0,0,0.383521038902019,0.474379264260339,-0.195158743098656
15.9339516511582,0.648323333062014,0.0495699853946535,-0.00424293024841819,-0.193007264927688,0.0202750154238492,0.0256002846366679,0,0,0,0,0,0,0,0,0,0.388256245037039,0.472420666196326,-0.196444097894779
15.9439541317929,0.648818943348597,0.0495274613943449,-0.00425976432175399,-0.192803184860462,0.0205307722650574,0.0255383168095632,0,0,0,0,0,0,0,0,0,0.392971796032189,0.470449407690332,-0.197690168568424
15.9539566124277,0.649314127447187,0.0494847688958678,-0.00427662194143997,-0.192596549698457,0.0207859068294053,0.0254758591754833,0,0,0,0,0,0,0,0,0,0.397667567217144,0.468465882030753,-0.198896897948427
15.9639590930624,0.649808883671165,0.0494419076512575,-0.00429350558872787,-0.192387365690582,0.0210404141891602,0.0254129060651119,0,0,0,0,0,0,0,0,0,0.402343437858297,0.466470482950249,-0.200064254116598
15.9739615736972,0.650303210331308,0.0493988773879309,-0.0043104177048268,-0.19217563913532,0.0212942893604483,0.0253494519222697,0,0,0,0,0,0,0,0,0,0.40699929116193,0.464463604375738,-0.201192229892309
15.9839640543319,0.650797105735545,0.0493556778090866,-0.00432736069107339,-0.191961376381277,0.0215475273043838,0.0252854913034336,0,0,0,0,0,0,0,0,0,0.411635014274927,0.462445640183529,-0.20228084231745
15.9939665349667,0.651290568188717,0.0493123085941024,-0.00434433690910197,-0.191744583827735,0.0218001229281937,0.0252210188772558,0,0,0,0,0,0,0,0,0,0.41625049828305,0.460416983959616,-0.203330132132914
16.0039690156014,0.651783595992341,0.0492687693989316,-0.00436134868101472,-0.191525267925177,0.0220520710863374,0.0251560294240831,0,0,0,0,0,0,0,0,0,0.42084563820686,0.458378028765287,-0.204340163282165
16.0139714962362,0.652276187444377,0.0492250598564981,-0.0043783982895518,-0.191303435175817,0.0223033665816215,0.025090517835476,0,0,0,0,0,0,0,0,0,0.425420332995291,0.456329166907352,-0.205311022321249
16.0239739768709,0.652768340838997,0.0491811795770886,-0.00439548797826154,-0.191079092134106,0.0225540041663093,0.0250244791137282,0,0,0,0,0,0,0,0,0,0.429974485516985,0.454270789715549,-0.206242817818468
16.0339764575057,0.653260054466369,0.0491371281487442,-0.00441261995167059,-0.190852245407233,0.022803978543227,0.0249579083713858,0,0,0,0,0,0,0,0,0,0.434508002549417,0.452203287324781,-0.207135679823484
16.0439789381404,0.653751326612426,0.0490929051376495,-0.00442979637545403,-0.190622901655617,0.023053284366863,0.0248908008307662,0,0,0,0,0,0,0,0,0,0.439020794765859,0.450127048463148,-0.207989759292018
16.0539814187752,0.654242155558655,0.0490485100885207,-0.00444701937660563,-0.190391067593378,0.0233019162444646,0.0248231518234778,0,0,0,0,0,0,0,0,0,0.443512776720277,0.448042460245691,-0.208805227464651
16.0639838994099,0.654732539581885,0.0490039425249918,-0.00446429104360787,-0.190156749988814,0.0235498687371276,0.0247549567899389,0,0,0,0,0,0,0,0,0,0.447983866830166,0.445949907974849,-0.209582275227801
16.0739863800447,0.655222476954075,0.0489592019499981,-0.00448161342660223,-0.189919955664848,0.0237971363608834,0.0246862112788972,0,0,0,0,0,0,0,0,0,0.452433987357452,0.443849774946985,-0.210321112536519
16.0839888606794,0.655711965942109,0.04891428784616,-0.00449898853755921,-0.189680691499479,0.0240437135877789,0.0246169109469488,0,0,0,0,0,0,0,0,0,0.456863064387458,0.441742442264397,-0.211021967830752
16.0939913413142,0.6562010048076,0.0488691996761631,-0.00451641835044865,-0.189438964426213,0.0242895948469545,0.0245470515580574,0,0,0,0,0,0,0,0,0,0.461271027806046,0.439628288653517,-0.211685087360123
16.1039938219489,0.656689591806684,0.0488239368831378,-0.00453390480140972,-0.18919478143449,0.0245347745257139,0.024476628983074,0,0,0,0,0,0,0,0,0,0.465657811274949,0.437507690290426,-0.212310734561883
16.1139963025837,0.657177725189832,0.0487784988910369,-0.00455144978892119,-0.188948149570096,0.024779246970592,0.0244056391992556,0,0,0,0,0,0,0,0,0,0.470023352205415,0.435381020631507,-0.212899189463359
16.1239987832184,0.65766540320166,0.0487328851050112,-0.00456905517397153,-0.188699075935565,0.0250230064884162,0.0243340782897847,0,0,0,0,0,0,0,0,0,0.474367591730158,0.433248650250904,-0.213450748028558
16.1340012638532,0.658152624080741,0.0486870949117838,-0.00458672278022911,-0.188447567690569,0.0252660473473643,0.0242619424432886,0,0,0,0,0,0,0,0,0,0.478690474673748,0.43111094668425,-0.213965721554131
16.1440037444879,0.658639386059422,0.0486411276800226,-0.0046044543942123,-0.188193632052303,0.0255083637780157,0.0241892279533583,0,0,0,0,0,0,0,0,0,0.482991949521435,0.428968274278212,-0.214444436004322
16.1540062251227,0.659125687363648,0.048594982760711,-0.00462225176545967,-0.187937276295855,0.0257499499743996,0.0241159312180682,0,0,0,0,0,0,0,0,0,0.487271968386529,0.426820994047523,-0.214887231405132
16.1640087057574,0.659611526212784,0.0485486594875169,-0.00464011660670013,-0.187678507754565,0.0259908000950376,0.0240420487394951,0,0,0,0,0,0,0,0,0,0.491530486976365,0.424669463536642,-0.215294461222433
16.1740111863922,0.660096900819445,0.0485021571771598,-0.00465805059402309,-0.187417333820373,0.0262309082639817,0.0239675771232373,0,0,0,0,0,0,0,0,0,0.49576746455692,0.422514036689229,-0.215666491736654
16.1840136670269,0.66058180938933,0.0484554751297771,-0.00467605536704865,-0.187153761944165,0.0264702685718471,0.0238925130779341,0,0,0,0,0,0,0,0,0,0.499982863916155,0.420355063722321,-0.216003701444667
16.1940161476617,0.661066250121054,0.0484086126292874,-0.00469413252909764,-0.186887799636096,0.0267088750768402,0.0238168534147849,0,0,0,0,0,0,0,0,0,0.504176651326123,0.41819289100776,-0.216306480373592
16.2040186282964,0.661550221205991,0.0483615689437528,-0.00471228364736194,-0.186619454465912,0.0269467218057829,0.0237405950470684,0,0,0,0,0,0,0,0,0,0.508348796503946,0.416027860960105,-0.216575229541906
16.2140211089312,0.662033720828116,0.0483143433257398,-0.00473051025307451,-0.18634873406326,0.0271838027551306,0.0236637349896621,0,0,0,0,0,0,0,0,0,0.512499272571665,0.413860311928841,-0.216810360388933
16.2240235895659,0.662516747163851,0.0482669350126778,-0.0047488138416796,-0.186075646117982,0.0274201118919862,0.0235862703585612,0,0,0,0,0,0,0,0,0,0.516628056015066,0.411690578097698,-0.21701229409398
16.2340260702007,0.662999298381917,0.0482193432272163,-0.0047671958730029,-0.185800198380408,0.0276556431551088,0.023508198370398,0,0,0,0,0,0,0,0,0,0.520735126641527,0.409518989390485,-0.217181460996372
16.2440285508354,0.663481372643187,0.0481715671775806,-0.00478565777142169,-0.185522398661634,0.0278903904559186,0.0234295163419611,0,0,0,0,0,0,0,0,0,0.524820467536949,0.407345871382011,-0.21731830007966
16.2540310314702,0.663962968100544,0.0481236060579249,-0.00480420092603499,-0.185242254833787,0.0281243476794959,0.0233502216897148,0,0,0,0,0,0,0,0,0,0.528884065021816,0.405171545214238,-0.217423258399013
16.2640335121049,0.664444082898741,0.0480754590486849,-0.00482282669083375,-0.184959774830289,0.0283575086855756,0.0232703119293179,0,0,0,0,0,0,0,0,0,0.532925908606463,0.402996327518651,-0.217496790445589
16.2740359927397,0.664924715174265,0.0480271253169279,-0.00484153638487095,-0.184674966646101,0.0285898673095371,0.0231897846751436,0,0,0,0,0,0,0,0,0,0.536945990945579,0.400820530345132,-0.217539357617217
16.2840384733744,0.665404863055209,0.0479786040167013,-0.00486033129243181,-0.184387838337962,0.0288214173633893,0.0231086376397982,0,0,0,0,0,0,0,0,0,0.540944307792039,0.398644461094926,-0.217551427752481
16.2940409540092,0.665884524661139,0.0479298942893798,-0.00487921266320392,-0.18409839802462,0.029052152636751,0.0230268686336405,0,0,0,0,0,0,0,0,0,0.544920857950083,0.39646842245882,-0.217533474522068
16.3040434346439,0.666363698102971,0.0478809952640103,-0.00489818171244738,-0.183806653887052,0.0292820668978258,0.0229444755643011,0,0,0,0,0,0,0,0,0,0.548875643227907,0.394292712362292,-0.217485976897247
16.3140459152787,0.666842381482849,0.0478319060576558,-0.00491723962116501,-0.183512614168668,0.029511153894373,0.0228614564362015,0,0,0,0,0,0,0,0,0,0.552808668389738,0.39211762391433,-0.217409418687343
16.3240483959134,0.667320572894026,0.0477826257757366,-0.00493638753627243,-0.183216287175518,0.0297394073546731,0.0227778093500736,0,0,0,0,0,0,0,0,0,0.556719941107403,0.389943445361826,-0.217304288039116
16.3340508765482,0.667798270420752,0.047733153512371,-0.00495562657076831,-0.182917681276474,0.0299668209884891,0.0226935325024787,0,0,0,0,0,0,0,0,0,0.560609471911497,0.387770460048411,-0.217171076923601
16.3440533571829,0.668275472138159,0.0476834883507135,-0.00497495780390443,-0.182616804903419,0.0301933884880221,0.0226086241853268,0,0,0,0,0,0,0,0,0,0.564477274142129,0.385598946379113,-0.217010280654506
16.3540558378177,0.668752176112157,0.0476336293632913,-0.00499438228135591,-0.182313666551409,0.0304191035288634,0.0225230827853957,0,0,0,0,0,0,0,0,0,0.568323363899372,0.383429177788834,-0.216822397452842
16.3640583184524,0.669228380399326,0.0475835756123396,-0.00501390101539131,-0.182008274778842,0.0306439597709398,0.0224369067838508,0,0,0,0,0,0,0,0,0,0.572147759993391,0.381261422715709,-0.216607927980141
16.3740607990872,0.669704083046815,0.0475333261501348,-0.00503351498504285,-0.181700638207606,0.0308679508594569,0.0223500947557634,0,0,0,0,0,0,0,0,0,0.575950483894355,0.379095944578925,-0.216367374899997
16.3840632797219,0.670179282092246,0.0474828800193259,-0.00505322513627648,-0.181390765523222,0.0310910704258345,0.0222626453696309,0,0,0,0,0,0,0,0,0,0.579731559682118,0.376933001760851,-0.216101242448026
16.3940657603567,0.670653975563619,0.0474322362532648,-0.00507303238216214,-0.181078665474979,0.0313133120886394,0.0221745573868954,0,0,0,0,0,0,0,0,0,0.583491013995778,0.37477284759346,-0.215810036041256
16.4040682409914,0.671128161479219,0.0473813938763339,-0.00509293760304382,-0.180764346876056,0.0315346694545128,0.0220858296614631,0,0,0,0,0,0,0,0,0,0.587228875983085,0.372615730348276,-0.215494261827745
16.4140707216262,0.671601837847529,0.0473303519042733,-0.00511294164670978,-0.180447818603635,0.0317551361190924,0.0219964611392238,0,0,0,0,0,0,0,0,0,0.590945177249803,0.370461893231796,-0.215154426339562
16.4240732022609,0.672075002667146,0.047279109344505,-0.00513304532856268,-0.180129089599012,0.0319747056679303,0.0219064508575696,0,0,0,0,0,0,0,0,0,0.594639951809014,0.368311574382391,-0.214791036139488
16.4340756828957,0.672547653926696,0.0472276651964563,-0.00515324943178972,-0.179808168867688,0.0321933716774056,0.0218157979449147,0,0,0,0,0,0,0,0,0,0.598313236030431,0.36616500687279,-0.214404597364929
16.4440781635304,0.673019789604761,0.047176018451881,-0.00517355470753286,-0.17948506547946,0.0324111277156327,0.0217245016202145,0,0,0,0,0,0,0,0,0,0.601965068589752,0.364022418716102,-0.213995615452599
16.4540806441652,0.6734914076698,0.0471241680951794,-0.0051939618750589,-0.179159788568495,0.0326279673433645,0.0216325611924843,0,0,0,0,0,0,0,0,0,0.605595490418078,0.361884032873817,-0.213564594823408
16.4640831247999,0.673962506080078,0.0470721131037157,-0.00521447162192968,-0.178832347333403,0.0328438841148907,0.0215399760603195,0,0,0,0,0,0,0,0,0,0.609204544651443,0.359750067268123,-0.213112038485566
16.4740856054347,0.674433082783597,0.047019852448135,-0.00523508460417221,-0.178502751037296,0.0330588715789314,0.0214467457114139,0,0,0,0,0,0,0,0,0,0.612792276580476,0.357620734797849,-0.212638447727709
16.4840880860694,0.674903135718031,0.0469673850926772,-0.00525580144644886,-0.178171009007838,0.0332729232795259,0.0213528697220796,0,0,0,0,0,0,0,0,0,0.616358733600245,0.355496243356923,-0.212144321868768
16.4940905667042,0.675372662810663,0.0469147099954905,-0.00527662274222751,-0.177837130637289,0.0334860327569171,0.0212583477567659,0,0,0,0,0,0,0,0,0,0.619903965160285,0.35337679585532,-0.211630157972879
16.504093047339,0.675841661978324,0.0468618261089418,-0.00529754905395166,-0.177501125382537,0.0336981935484301,0.0211631795675786,0,0,0,0,0,0,0,0,0,0.623428022714871,0.351262590243218,-0.211096450506875
16.5140955279737,0.676310131127342,0.0468087323799271,-0.00531858091321063,-0.177163002765126,0.0339093991893466,0.0210673649937994,0,0,0,0,0,0,0,0,0,0.626930959673526,0.3491538195388,-0.210543691096599
16.5240980086085,0.676778068153483,0.0467554277501784,-0.00533971882090973,-0.176822772371266,0.0341196432137752,0.0209709039614048,0,0,0,0,0,0,0,0,0,0.630412831351843,0.347050671857292,-0.209972368343083
16.5341004892432,0.677245470941903,0.0467019111565705,-0.00536096324744037,-0.176480443851847,0.0343289191555155,0.0208737964825858,0,0,0,0,0,0,0,0,0,0.633873694922585,0.344953330442431,-0.2093829675131
16.544102969878,0.677712337367101,0.0466481815314248,-0.00538231463285023,-0.176136026922436,0.0345372205489179,0.0207760426552666,0,0,0,0,0,0,0,0,0,0.637313609367129,0.3428619737017,-0.208775970301225
16.5541054505127,0.678178665292877,0.0465942378028121,-0.00540377338701347,-0.175789531363263,0.0347445409297395,0.0206776426626244,0,0,0,0,0,0,0,0,0,0.640732635427273,0.340776775242552,-0.208151854656033
16.5641079311475,0.678644452572286,0.0465400788948539,-0.00542533988980077,-0.175440967019209,0.0349508738359936,0.0205785967726083,0,0,0,0,0,0,0,0,0,0.644130835557403,0.33869790391113,-0.207511094572575
16.5741104117822,0.679109697047606,0.0464857037280212,-0.00544701449124964,-0.175090343799773,0.035156212808796,0.0204789053374584,0,0,0,0,0,0,0,0,0,0.647508273877076,0.336625523832637,-0.206854159870035
16.584112892417,0.679574396550299,0.0464311112194323,-0.00546879751173442,-0.174737671679042,0.035360551393205,0.0203785687932254,0,0,0,0,0,0,0,0,0,0.650865016124001,0.334559794454495,-0.206181516008299
16.5941153730517,0.680038548900979,0.0463763002831487,-0.00549068924213657,-0.174382960695645,0.0355638831390579,0.0202775876592897,0,0,0,0,0,0,0,0,0,0.654201129607471,0.332500870590403,-0.205493623934988
16.6041178536865,0.680502151909383,0.0463212698304689,-0.0055126899440147,-0.174026220952701,0.0357662016018014,0.0201759625378807,0,0,0,0,0,0,0,0,0,0.657516683162237,0.330448902466546,-0.204790939906985
16.6141203343212,0.68096520337435,0.0462660187702214,-0.00553479984977487,-0.173667462617759,0.0359675003433191,0.0200736941135956,0,0,0,0,0,0,0,0,0,0.660811747102863,0.328404035769219,-0.204073915342247
16.624122814956,0.68142770108379,0.046210546009055,-0.00555701916284061,-0.173306695922729,0.0361677729327514,0.0199707831529194,0,0,0,0,0,0,0,0,0,0.664086393178549,0.326366411694009,-0.203342996671598
16.6341252955907,0.681889642814666,0.0461548504517281,-0.00557934805782316,-0.172943931163806,0.0363670129473136,0.0198672305037436,0,0,0,0,0,0,0,0,0,0.667340694528469,0.324336166996379,-0.202598625211543
16.6441277762255,0.682351026332981,0.0460989310013957,-0.00560178668069157,-0.172579178701387,0.0365652139731067,0.0197630370948855,0,0,0,0,0,0,0,0,0,0.670574725637609,0.322313434043398,-0.201841237022915
16.6541302568602,0.682811849393758,0.0460427865598956,-0.00562433514894294,-0.172212448959972,0.0367623696059252,0.0196582039356075,0,0,0,0,0,0,0,0,0,0.673788562293147,0.320298340867147,-0.201071262817695
16.664132737495,0.68327210974103,0.0459864160280318,-0.00564699355177249,-0.171843752428071,0.0369584734520589,0.0195527321151364,0,0,0,0,0,0,0,0,0,0.676982281541343,0.31829101121832,-0.200289127853066
16.6741352181297,0.683731805107833,0.045929818305857,-0.00566976195024375,-0.17147309965809,0.0371535191290906,0.0194466228021828,0,0,0,0,0,0,0,0,0,0.680155961645,0.316291564621745,-0.199495251804604
16.6841376987645,0.684190933216197,0.0458729922929533,-0.00569264037745873,-0.171100501266215,0.0373475002666886,0.0193398772444596,0,0,0,0,0,0,0,0,0,0.683309682041471,0.314300116432519,-0.198690048680822
16.6941401793992,0.684649491777142,0.0458159368887105,-0.00571562883872802,-0.170725967932286,0.0375404105073941,0.0192324967682025,0,0,0,0,0,0,0,0,0,0.686443523301233,0.312316777893249,-0.197873926778921
16.704142660034,0.685107478490684,0.0457586509926039,-0.00573872731174106,-0.170349510399668,0.0377322435074056,0.0191244827776878,0,0,0,0,0,0,0,0,0,0.689557567087041,0.310341656191063,-0.197047288597718
16.7141451406687,0.685564891045829,0.045701133504469,-0.00576193574673615,-0.169971139475107,0.0379229929373551,0.0190158367547527,0,0,0,0,0,0,0,0,0,0.692651896113647,0.308374854516592,-0.196210530730018
16.7241476213035,0.686021727120583,0.045643383324776,-0.00578525406667075,-0.169590866028583,0.0381126524830834,0.0189065602583142,0,0,0,0,0,0,0,0,0,0.695726594108134,0.30641647212314,-0.195364043836726
16.7341501019382,0.686477984381956,0.0455853993549013,-0.0058086821673915,-0.169208700993154,0.0383012158464071,0.0187966549238883,0,0,0,0,0,0,0,0,0,0.698781745770809,0.304466604386185,-0.19450821261686
16.744152582573,0.686933660485979,0.0455271804973979,-0.0058322199178045,-0.168824655364794,0.0384886767458838,0.018686122463109,0,0,0,0,0,0,0,0,0,0.701817436736735,0.30252534286314,-0.193643415732042
16.7541550632077,0.687388753077709,0.0454687256562642,-0.00585586716004537,-0.168438740202216,0.0386750289175698,0.0185749646632483,0,0,0,0,0,0,0,0,0,0.704833753537829,0.300592775354371,-0.192770025761538
16.7641575438425,0.68784325979125,0.0454100337372107,-0.00587962370964947,-0.168050966626703,0.0388602661157751,0.0184631833867344,0,0,0,0,0,0,0,0,0,0.707830783565592,0.298668985963859,-0.191888409197525
16.7741600244772,0.68829717824977,0.0453511036479254,-0.005903489355722,-0.167661345821911,0.0390443821138124,0.018350780570672,0,0,0,0,0,0,0,0,0,0.710808615034437,0.296754055160309,-0.190998926406781
16.784162505112,0.688750506065523,0.0452919342983372,-0.00592746386110824,-0.167269889033683,0.0392273707047419,0.0182377582263604,0,0,0,0,0,0,0,0,0,0.713767336945641,0.294848059838576,-0.190101931610861
16.7941649857467,0.689203240839871,0.045232524600878,-0.0059515469625636,-0.166876607569843,0.0394092257021105,0.018124118438814,0,0,0,0,0,0,0,0,0,0.716707039051895,0.292951073381176,-0.189197772871728
16.8041674663815,0.68965538016331,0.0451728734707421,-0.00597573837092386,-0.166481512799992,0.0395899409406874,0.0180098633662804,0,0,0,0,0,0,0,0,0,0.719627811822491,0.291063165720001,-0.188286792098556
16.8141699470162,0.690106921615503,0.0451129798261455,-0.00600003777127529,-0.166084616155286,0.0397695102771937,0.0178949952397606,0,0,0,0,0,0,0,0,0,0.722529746409102,0.289184403397686,-0.187369325010951
16.824172427651,0.690557862765306,0.045052842588582,-0.00602444482312482,-0.16568592912822,0.039947927591028,0.0177795163625272,0,0,0,0,0,0,0,0,0,0.725412934612206,0.287314849630063,-0.186445701172081
16.8341749082857,0.691008201170806,0.0449924606830785,-0.00604895916057017,-0.165285463272391,0.0401251867849868,0.0176634291096446,0,0,0,0,0,0,0,0,0,0.728277468848105,0.285454564366873,-0.185516244007973
16.8441773889205,0.691457934379356,0.044931833038448,-0.00607358039247004,-0.164883230202264,0.0403012817859799,0.0175467359274879,0,0,0,0,0,0,0,0,0,0.731123442116567,0.283603604353821,-0.184581270766871
16.8541798695552,0.691907059927616,0.0448709585875416,-0.00609830810261425,-0.164479241592926,0.040476206545742,0.0174294393332619,0,0,0,0,0,0,0,0,0,0.733950947969093,0.281762023194106,-0.18364109256807
16.86418235019,0.69235557534159,0.0448098362674982,-0.0061231418498939,-0.164073509179835,0.040649955041538,0.0173115419145204,0,0,0,0,0,0,0,0,0,0.736760080477782,0.279929871409507,-0.182696014438759
16.8741848308247,0.692803478136675,0.0447484650199925,-0.00614808116847151,-0.163666044758562,0.0408225212768647,0.0171930463286859,0,0,0,0,0,0,0,0,0,0.739550934204818,0.278107196501166,-0.181746335325192
16.8841873114595,0.693250765817707,0.0446868437914819,-0.0061731255679512,-0.163256860184521,0.0409938992821472,0.0170739553025684,0,0,0,0,0,0,0,0,0,0.742323604172557,0.276294043010453,-0.180792348084562
16.8941897920942,0.693697435879007,0.044624971533451,-0.00619827453354884,-0.1628459673727,0.0411640831154302,0.0169542716318845,0,0,0,0,0,0,0,0,0,0.745078185834236,0.274490452579912,-0.179834339554649
16.904192272729,0.694143485804435,0.0445628472026548,-0.00622352752626219,-0.162433378297383,0.0413330668630656,0.0168339981807772,0,0,0,0,0,0,0,0,0,0.747814775045267,0.272696464012736,-0.178872590617371
16.9141947533637,0.694588913067443,0.04450046976136,-0.0062488839830411,-0.162019104991857,0.0415008446403937,0.0167131378813346,0,0,0,0,0,0,0,0,0,0.75053346803514,0.270912113332437,-0.177907376171126
16.9241972339985,0.695033715131133,0.0444378381775849,-0.00627434331695758,-0.161603159548123,0.0416674105924207,0.0165916937331096,0,0,0,0,0,0,0,0,0,0.753234361379921,0.269137433842874,-0.176938965186726
16.9341997146332,0.695477889448313,0.0443749514253372,-0.00629990491737605,-0.161185554116598,0.0418327588944915,0.0164696688026387,0,0,0,0,0,0,0,0,0,0.755917551975341,0.26737245618681,-0.175967620807275
16.944202195268,0.695921433461559,0.0443118084848502,-0.00632556815012346,-0.160766300905803,0.0419968837529567,0.0163470662229613,0,0,0,0,0,0,0,0,0,0.758583137010469,0.265617208403938,-0.174993600343456
16.9542046759027,0.696364344603282,0.0442484083428177,-0.00635133235765943,-0.160345412182052,0.0421597794058358,0.0162238891931394,0,0,0,0,0,0,0,0,0,0.761231213941974,0.263871715989529,-0.174017155315527
16.9642071565375,0.696806620295786,0.0441847499926265,-0.00637719685924642,-0.159922900269134,0.0423214401234749,0.0161001409777764,0,0,0,0,0,0,0,0,0,0.763861880468957,0.262136001951622,-0.173038531535783
16.9742096371722,0.697248257951345,0.0441208324345879,-0.00640316095111986,-0.159498777547982,0.0424818602092,0.0159758249065365,0,0,0,0,0,0,0,0,0,0.766475234508359,0.260410086868024,-0.172057969164504
16.984212117807,0.697689254972268,0.0440566546761671,-0.00642922390665841,-0.159073056456344,0.0426410339999658,0.0158509443736636,0,0,0,0,0,0,0,0,0,0.769071374170939,0.258693988942377,-0.17107570274885
16.9942145984417,0.698129608750971,0.0439922157322108,-0.00645538497655395,-0.15864574948844,0.0427989558669983,0.0157255028375012,0,0,0,0,0,0,0,0,0,0.771650397737804,0.25698772406038,-0.170091961274577
17.0042170790765,0.698569316670056,0.0439275146251733,-0.00648164338898188,-0.158216869194618,0.0429556202164344,0.015599503820011,0,0,0,0,0,0,0,0,0,0.774212403637505,0.255291305844825,-0.169106968246742
17.0142195597112,0.699008376102385,0.0438625503853413,-0.00650799834977119,-0.157786428181004,0.0431110214899553,0.0154729509062927,0,0,0,0,0,0,0,0,0,0.77675749042367,0.253604745710202,-0.168120941742739
17.024222040346,0.699446784411162,0.0437973220510559,-0.00653444904257468,-0.157354439109136,0.0432651541654162,0.0153458477441026,0,0,0,0,0,0,0,0,0,0.779285756753199,0.25192805291667,-0.167134094472736
17.0342245209807,0.699884538950011,0.043731828668934,-0.00656099462903905,-0.156920914695608,0.0434180127574698,0.0152181980433735,0,0,0,0,0,0,0,0,0,0.781797301364969,0.250261234623461,-0.166146633847137
17.0442270016155,0.700321637063065,0.0436660692940875,-0.0065876342489751,-0.156485867711691,0.0435695918181868,0.0150900055757333,0,0,0,0,0,0,0,0,0,0.784292223059099,0.2486042959415,-0.165158762046059
17.0542294822502,0.700758076085046,0.0436000429903408,-0.00661436702052787,-0.156049310982962,0.0437198859376697,0.014961274174025,0,0,0,0,0,0,0,0,0,0.78677062067671,0.246957239985411,-0.164170676070654
17.064231962885,0.701193853341359,0.0435337488304467,-0.00664119204034683,-0.155611257388914,0.0438688897446632,0.0148320077318249,0,0,0,0,0,0,0,0,0,0.789232593080231,0.245320067925118,-0.163182567841709
17.0742344435198,0.701628966148178,0.0434671858963005,-0.00666810838375599,-0.155171719862574,0.0440165979071592,0.0147022102029631,0,0,0,0,0,0,0,0,0,0.791678239134184,0.24369277903588,-0.16219462424596
17.0842369241545,0.702063411812542,0.0434003532791525,-0.00669511510492404,-0.154730711390102,0.0441630051329969,0.0145718856010416,0,0,0,0,0,0,0,0,0,0.7941076576865,0.242075370748957,-0.161207027192138
17.0942394047893,0.702497187632445,0.0433332500798189,-0.00672221123703459,-0.15428824501039,0.0443081061704587,0.0144410379989543,0,0,0,0,0,0,0,0,0,0.796520947550317,0.24046783870053,-0.160219953712917
17.104241885424,0.702930290896939,0.0432658754088905,-0.00674939579245626,-0.153844333814656,0.0444518958088603,0.0143096715284058,0,0,0,0,0,0,0,0,0,0.798918207486266,0.238870176780328,-0.159233576030153
17.1142443660588,0.703362718886228,0.0431982283869403,-0.00677666776291286,-0.153398990946031,0.044594368879137,0.0141777903794307,0,0,0,0,0,0,0,0,0,0.801299536185247,0.237282377179242,-0.158248061625378
17.1242468466935,0.70379446887177,0.0431303081447292,-0.00680402611965351,-0.152952229599138,0.0447355202544244,0.0140453987999133,0,0,0,0,0,0,0,0,0,0.803665032251671,0.235704430436539,-0.157263573279704
17.1342493273283,0.70422553811638,0.0430621138234097,-0.00683146981362285,-0.152504063019669,0.0448753448506348,0.0139125010951061,0,0,0,0,0,0,0,0,0,0.80601479418718,0.234136325486678,-0.156280269182113
17.144251807963,0.704655923874337,0.0429936445747285,-0.00685899777563116,-0.152054504503952,0.0450138376270289,0.0137791016271495,0,0,0,0,0,0,0,0,0,0.808348920374816,0.232578049704363,-0.155298303025317
17.1542542885978,0.705085623391487,0.0429248995612267,-0.00688660891652457,-0.151603567398515,0.0451509935867817,0.0136452048145911,0,0,0,0,0,0,0,0,0,0.810667509063651,0.231029588949437,-0.154317824019536
17.1642567692325,0.705514633905355,0.0428558779564387,-0.00691430212735509,-0.151151265099646,0.0452868077775451,0.0135108151319048,0,0,0,0,0,0,0,0,0,0.812970658353859,0.229490927611659,-0.153338976982883
17.1742592498673,0.705942952645257,0.0427865789450897,-0.00694207627955092,-0.150697611052945,0.0454212752920042,0.0133759371090097,0,0,0,0,0,0,0,0,0,0.815258466182225,0.22796204865379,-0.152361902452859
17.184261730502,0.706370576832407,0.0427170017232905,-0.00696993022508651,-0.150242618752868,0.0455543912684303,0.0132405753307901,0,0,0,0,0,0,0,0,0,0.817531030308093,0.226442933654142,-0.151386736734553
17.1942642111368,0.706797503680039,0.0426471454987318,-0.00699786279665275,-0.14978630174227,0.0456861508912273,0.0131047344366138,0,0,0,0,0,0,0,0,0,0.819788448299728,0.224933562848699,-0.150413611954422
17.2042666917715,0.70722373039352,0.042577009490876,-0.00702587280782711,-0.149328673611942,0.045816549391475,0.0129684191198525,0,0,0,0,0,0,0,0,0,0.822030817521093,0.223433915172588,-0.149442656147987
17.2142691724063,0.707649254170469,0.0425065929311475,-0.00705395905324381,-0.14886974800014,0.0459455820474667,0.0128316341273998,0,0,0,0,0,0,0,0,0,0.824258235119049,0.221943968300447,-0.148473993367122
17.224271653041,0.708074072200878,0.0424358950631214,-0.00708212030876398,-0.14840953859211,0.046073244185242,0.0126943842591913,0,0,0,0,0,0,0,0,0,0.826470798010943,0.22046369868575,-0.147507743705923
17.2342741336758,0.708498181667234,0.0423649151427105,-0.00711035533164578,-0.14794805911961,0.0461995311791149,0.0125566743677236,0,0,0,0,0,0,0,0,0,0.828668602872589,0.218993081600658,-0.146544023379027
17.2442766143105,0.708921579744645,0.0422936524383501,-0.00713866286071463,-0.147485323360419,0.0463244384521977,0.0124185093575732,0,0,0,0,0,0,0,0,0,0.830851746126653,0.217532091173776,-0.145582944825176
17.2542790949453,0.709344263600964,0.0422221062311824,-0.00716704161653324,-0.147021345137853,0.0464479614769185,0.0122798941849164,0,0,0,0,0,0,0,0,0,0.833020323931394,0.216080700427931,-0.144624616751636
17.26428157558,0.709766230396918,0.0421502758152373,-0.00719549030157194,-0.146556138320267,0.0465700957755361,0.012140833857048,0,0,0,0,0,0,0,0,0,0.8351744321698,0.214638881317043,-0.143669144214215
17.2742840562148,0.710187477286237,0.0420781604976131,-0.00722400760037869,-0.146089716820549,0.0466908369206478,0.0120013334319007,0,0,0,0,0,0,0,0,0,0.837314166439071,0.213206604762303,-0.142716628687592
17.2842865368495,0.710608001415789,0.042005759598655,-0.00725259217974929,-0.145622094595623,0.0468101805356945,0.0118613980175644,0,0,0,0,0,0,0,0,0,0.839439622040472,0.211783840687634,-0.141767168143942
17.2942890174843,0.711027799925708,0.0419330724521314,-0.00728124268889754,-0.14515328564593,0.0469281222954591,0.0117210327718054,0,0,0,0,0,0,0,0,0,0.841550893969533,0.210370558054296,-0.140820857101072
17.304291498119,0.711446869949532,0.0418600984054092,-0.00730995775962539,-0.144683304014916,0.0470446579265616,0.0115802429015857,0,0,0,0,0,0,0,0,0,0.843648076906592,0.208966724895388,-0.139877786710269
17.3142939787538,0.711865208614342,0.0417868368196271,-0.00733873600649311,-0.14421216378851,0.0471597832079486,0.0114390336625819,0,0,0,0,0,0,0,0,0,0.84573126520768,0.207572308348694,-0.138938044841406
17.3242964593885,0.712282813040897,0.0417132870698671,-0.00736757602698942,-0.143739879094598,0.0472734939713782,0.011297410358705,0,0,0,0,0,0,0,0,0,0.847800552895728,0.206187274689476,-0.138001716113537
17.3342989400233,0.712699680343776,0.0416394485453246,-0.00739647640170165,-0.143266464102494,0.0473857861018996,0.0111553783416194,0,0,0,0,0,0,0,0,0,0.849856033652106,0.204811589362718,-0.13706888196844
17.344301420658,0.713115807631518,0.0415653206494762,-0.00742543569448592,-0.142791933022401,0.0474966555383293,0.0110129430102616,0,0,0,0,0,0,0,0,0,0.851897800808475,0.203445217014443,-0.136139620771026
17.3543039012928,0.71353119200677,0.0414909028002466,-0.0074544524526373,-0.142316300104875,0.0476060982737205,0.0108701098103605,0,0,0,0,0,0,0,0,0,0.853925947338946,0.202088121521949,-0.135214007857662
17.3643063819275,0.713945830566429,0.0414161944301735,-0.00748352520705989,-0.141839579640277,0.0477141103558296,0.0107268842339558,0,0,0,0,0,0,0,0,0,0.855940565852548,0.200740266024157,-0.134292115578494
17.3743088625623,0.714359720401789,0.04134119498657,-0.0075126524724371,-0.141361785958225,0.0478206878875763,0.0105832718189174,0,0,0,0,0,0,0,0,0,0.857941748585989,0.199401612951001,-0.133374013385975
17.384311343197,0.71477285859869,0.0412659039316869,-0.00754183274740168,-0.14088293342704,0.0479258270275,0.0104392781484651,0,0,0,0,0,0,0,0,0,0.859929587396709,0.198072124052012,-0.13245976790772
17.3943138238318,0.71518524223767,0.0411903207428718,-0.00757106451470601,-0.140403036453187,0.0480295239902112,0.010294908850687,0,0,0,0,0,0,0,0,0,0.861904173756217,0.19675176042424,-0.131549442992234
17.4043163044665,0.715596868394115,0.041114444912727,-0.0076003462413921,-0.139922109480712,0.0481317750468374,0.0101501695980597,0,0,0,0,0,0,0,0,0,0.863865598743702,0.195440482539928,-0.130643099769527
17.4143187851013,0.716007734138411,0.0410382759492665,-0.0076296763789619,-0.139440166990674,0.0482325765254651,0.0100050661069666,0,0,0,0,0,0,0,0,0,0.865813953039921,0.194138250273223,-0.12974079672474
17.424321265736,0.716417836536103,0.0409618133760699,-0.00765905336354731,-0.138957223500575,0.048331924811576,0.00985960413721801,0,0,0,0,0,0,0,0,0,0.867749326921347,0.192845022926376,-0.128842589753344
17.4343237463708,0.716827172648048,0.0408850567324355,-0.00768847561608052,-0.13847329356378,0.04842981634848,0.00971378949156964,0,0,0,0,0,0,0,0,0,0.869671810254579,0.191560759255345,-0.127948532222046
17.4443262270055,0.717235739530574,0.0408080055735315,-0.00771794154246394,-0.137988391768941,0.0485262476377413,0.00956762801524246,0,0,0,0,0,0,0,0,0,0.871581492491006,0.190285417494784,-0.127058675025534
17.4543287076403,0.71764353423564,0.0407306594705455,-0.00774744953374055,-0.137502532739407,0.0486212152396012,0.00942112559544142,0,0,0,0,0,0,0,0,0,0.873478462661714,0.189018955382505,-0.126173066653561
17.464331188275,0.718050553810995,0.0406530180108323,-0.00777699796626395,-0.137015731132643,0.0487147157733957,0.00927428816087512,0,0,0,0,0,0,0,0,0,0.875362809372635,0.187761330183125,-0.12529175322952
17.4743336689098,0.718456795300345,0.0405750807980601,-0.00780658520186855,-0.136528001639626,0.0488067459179683,0.00912712168127469,0,0,0,0,0,0,0,0,0,0.877234620799938,0.18651249871176,-0.124414778587754
17.4843361495445,0.718862255743511,0.0404968474523544,-0.00783620958803974,-0.136039358984257,0.0488973024120776,0.00897963216691323,0,0,0,0,0,0,0,0,0,0.879093984685642,0.185272417356123,-0.123542184331833
17.4943386301793,0.719266932176598,0.0404183176104412,-0.007865869458084,-0.135549817922755,0.0489863820548005,0.00883182566812511,0,0,0,0,0,0,0,0,0,0.880940988333453,0.184041042099053,-0.122674009857514
17.504341110814,0.719670821632163,0.0403394909257877,-0.0078955631312991,-0.135059393243053,0.0490739817059309,0.00868370827482499,0,0,0,0,0,0,0,0,0,0.882775718604832,0.18281832854015,-0.121810292434078
17.5143435914488,0.720073921139378,0.0402603670687418,-0.00792528891314425,-0.13456809976419,0.0491600982863728,0.00853528611602722,0,0,0,0,0,0,0,0,0,0.884598261915254,0.181604231916682,-0.120951067262388
17.5243460720835,0.720476227724204,0.0401809457266693,-0.00795504509541023,-0.134075952335693,0.0492447287785288,0.00838656535936497,0,0,0,0,0,0,0,0,0,0.886408704230703,0.180398707124061,-0.120096367516112
17.5343485527183,0.720877738409562,0.0401012266040901,-0.00798482995638957,-0.133582965836966,0.0493278702266847,0.0082375522106097,0,0,0,0,0,0,0,0,0,0.888207131064339,0.179201708735915,-0.119246224374644
17.544351033353,0.721278450215501,0.0400212094228122,-0.0080146417610467,-0.133089155176667,0.0494095197373879,0.00808825291319007,0,0,0,0,0,0,0,0,0,0.889993627473394,0.178013191023911,-0.118400667101443
17.5543535139878,0.721678360159377,0.0399408939220642,-0.0080444787611881,-0.132594535292079,0.049489674479822,0.00793867374771141,0,0,0,0,0,0,0,0,0,0.891768278056233,0.176833107976267,-0.117559723103932
17.5643559946225,0.722077465256024,0.0398602798586261,-0.0080743391956325,-0.13209912114849,0.0495683316861761,0.00778882103147481,0,0,0,0,0,0,0,0,0,0.893531166949624,0.175661413316364,-0.116723417945535
17.5743584752573,0.722475762517931,0.0397793670069584,-0.00810422129038093,-0.131602927738553,0.0496454886520094,0.00763870111799661,0,0,0,0,0,0,0,0,0,0.895282377826173,0.174498060521023,-0.115891775400826
17.584360955892,0.722873248955421,0.0396981551593293,-0.00813412325878699,-0.131105970081655,0.0497211427366113,0.00748832039652735,0,0,0,0,0,0,0,0,0,0.89702199389195,0.173343002838016,-0.115064817526592
17.5943634365268,0.723269921576828,0.0396166441259403,-0.00816404330172696,-0.130608263223276,0.0497952913633563,0.00733768529157108,0,0,0,0,0,0,0,0,0,0.898750097884287,0.172196193302921,-0.114242564707441
17.6043659171615,0.72366577738868,0.0395348337350505,-0.00819397960776995,-0.130109822234348,0.0498679320200542,0.00718680226240471,0,0,0,0,0,0,0,0,0,0.900466772069731,0.171057584755716,-0.113425035674959
17.6143683977963,0.724060813395875,0.0394527238330987,-0.00822393035334807,-0.129610662210606,0.0499390622592951,0.00703567780259718,0,0,0,0,0,0,0,0,0,0.902172098242179,0.169927129857251,-0.112612247551334
17.624370878431,0.724455026601866,0.0393703142848237,-0.00825389370292652,-0.12911079827194,0.050008679698791,0.00688431843952885,0,0,0,0,0,0,0,0,0,0.903866157721163,0.16880478110498,-0.111804215929334
17.6343733590658,0.72484841400885,0.0392876049733833,-0.00828386780917393,-0.128610245561741,0.0500767820217105,0.0067327307339102,0,0,0,0,0,0,0,0,0,0.905549031350291,0.167690490847818,-0.111000954894714
17.6443758397006,0.725240972617942,0.0392045958004718,-0.00831385081313227,-0.128109019246248,0.0501433669770106,0.00658092127930188,0,0,0,0,0,0,0,0,0,0.907220799495837,0.166584211301433,-0.110202477052277
17.6543783203353,0.725632699429371,0.0391212866864348,-0.0083438408443872,-0.127607134513883,0.0502084323797623,0.00642889670163323,0,0,0,0,0,0,0,0,0,0.908881542045487,0.165485894562584,-0.109408793589693
17.6643808009701,0.72602359144266,0.0390376775703835,-0.0083738360212381,-0.127104606574591,0.0502719761114724,0.00627666365872212,0,0,0,0,0,0,0,0,0,0.91053133840721,0.164395492623129,-0.108619914312205
17.6743832816048,0.726413645656821,0.0389537684103063,-0.00840383445086835,-0.126601450659175,0.0503339961203997,0.00612422883979349,0,0,0,0,0,0,0,0,0,0.912170267508293,0.163312957383672,-0.107835847678541
17.6843857622396,0.726802859070536,0.0388695591831795,-0.00843383422951535,-0.126097682018624,0.0503944904218671,0.00597159896499934,0,0,0,0,0,0,0,0,0,0.913798407794479,0.162238240666855,-0.10705660084119
17.6943882428743,0.727191228682356,0.0387850498850758,-0.00846383344264079,-0.125593315923442,0.0504534570985683,0.00581878078493737,0,0,0,0,0,0,0,0,0,0.915415837229266,0.1611712942302,-0.106282179684731
17.7043907235091,0.727578751490887,0.0387002405312711,-0.00849383016510071,-0.125088367662975,0.0505108943008698,0.00566578108017075,0,0,0,0,0,0,0,0,0,0.917022633293309,0.160112069778624,-0.105512588860419
17.7143932041438,0.727965424494984,0.0386151311563499,-0.00852382246131578,-0.124582852544726,0.0505668002471087,0.00551260666074665,0,0,0,0,0,0,0,0,0,0.918618872983967,0.159060518976602,-0.104747831832882
17.7243956847786,0.728351244693946,0.0385297218143088,-0.00855380838544129,-0.124076785893682,0.0506211732238847,0.00535926436571631,0,0,0,0,0,0,0,0,0,0.920204632814943,0.158016593459743,-0.103987910908742
17.7343981654133,0.728736209087708,0.0384440125786583,-0.00858378598153748,-0.123570183051623,0.0506740115863482,0.00520576106265359,0,0,0,0,0,0,0,0,0,0.921779988816067,0.156980244846376,-0.103232827267216
17.7444006460481,0.729120314677041,0.0383580035425228,-0.00861375328373955,-0.123063059376439,0.0507253137584828,0.00505210364717471,0,0,0,0,0,0,0,0,0,0.923345016533171,0.155951424748521,-0.102482580990929
17.7544031266828,0.729503558463743,0.0382716948187395,-0.00864370831642792,-0.122555430241438,0.0507750782333839,0.0048982990424571,0,0,0,0,0,0,0,0,0,0.924899791028085,0.154930084782854,-0.101737171116498
17.7644056073176,0.729885937450842,0.0381850865399543,-0.00867364909439834,-0.122047311034654,0.0508233035735314,0.00474435419875877,0,0,0,0,0,0,0,0,0,0.926444386878733,0.153916176580667,-0.100996595670034
17.7744080879523,0.73026744864279,0.0380981788587176,-0.00870357362303203,-0.121538717158152,0.0508699884110587,0.00459027609293781,0,0,0,0,0,0,0,0,0,0.927978878179331,0.152909651798124,-0.100260851665391
17.7844105685871,0.730648089045666,0.0380109719475774,-0.00873347989846588,-0.121029664027329,0.0509151314480159,0.0044360717279712,0,0,0,0,0,0,0,0,0,0.929503338540688,0.151910462126253,-0.0995299351592123
17.7944130492218,0.731027855667376,0.0379234659991704,-0.00876336590776259,-0.120520167070214,0.050958731456629,0.00428174813247433,0,0,0,0,0,0,0,0,0,0.931017841090599,0.150918559300107,-0.0988038412995846
17.8044155298566,0.731406745517854,0.0378356612263128,-0.00879322962908082,-0.120010241726766,0.0510007872795538,0.00412731236022006,0,0,0,0,0,0,0,0,0,0.932522458474335,0.149933895107777,-0.0980825643272216
17.8144180104913,0.731784755609261,0.0377475578620878,-0.0088230690318453,-0.119499903448166,0.051041297830125,0.00397277148965828,0,0,0,0,0,0,0,0,0,0.934017262855215,0.148956421399528,-0.0973660975962233
17.8244204911261,0.732161882956194,0.0376591561599325,-0.0088528820769171,-0.11898916769611,0.0510802620926011,0.00381813262343471,0,0,0,0,0,0,0,0,0,0.935502325915277,0.147986090096402,-0.096654433635529
17.8344229717608,0.732538124575887,0.0375704563937223,-0.00888266671676368,-0.118478049942097,0.0511176791224033,0.00366340288791048,0,0,0,0,0,0,0,0,0,0.936977718856019,0.147022853198124,-0.095947564175215
17.8444254523956,0.732913477488415,0.0374814588578546,-0.00891242089562912,-0.11796656566672,0.0511535480463509,0.00350858943268112,0,0,0,0,0,0,0,0,0,0.938443512399237,0.146066662791174,-0.0952454801402742
17.8544279330303,0.733287938716899,0.0373921638673297,-0.00894214254970419,-0.117454730358946,0.051187868062891,0.00335369943009612,0,0,0,0,0,0,0,0,0,0.939899776787922,0.145117471056822,-0.0945481716937813
17.8644304136651,0.733661505287719,0.0373025717578308,-0.0089718296072966,-0.1169425595154,0.051220638442324,0.00319874007477781,0,0,0,0,0,0,0,0,0,0.941346581787256,0.144175230278338,-0.093855628288286
17.8744328942998,0.734034174230711,0.0372126828858016,-0.00900147998900111,-0.116430068639647,0.0512518585270234,0.00304371858314075,0,0,0,0,0,0,0,0,0,0.942783996685662,0.14323989284799,-0.0931678386578094
17.8844353749346,0.734405942579385,0.0371224976285233,-0.00903109160786967,-0.115917273241468,0.0512815277316519,0.00288864219291117,0,0,0,0,0,0,0,0,0,0.944212090295928,0.142311411274425,-0.0924847908490793
17.8944378555693,0.734776807371126,0.0370320163841884,-0.00906066236958162,-0.115404188836135,0.0513096455433722,0.00273351816264576,0,0,0,0,0,0,0,0,0,0.945630930956415,0.141389738189037,-0.0918064722597994
17.9044403362041,0.735146765647409,0.0369412395719741,-0.00909019017261379,-0.114890830943689,0.0513362115220525,0.00257835377125148,0,0,0,0,0,0,0,0,0,0.947040586532305,0.140474826352578,-0.0911328696523303
17.9144428168388,0.735515814454006,0.0368501676321134,-0.00911967290841076,-0.114377215088206,0.0513612253004678,0.00242315631750408,0,0,0,0,0,0,0,0,0,0.948441124416938,0.139566628661263,-0.090463969180999
17.9244452974736,0.735883950841197,0.0367588010259646,-0.00914910846155484,-0.113863356797072,0.0513846865844967,0.00226793311956816,0,0,0,0,0,0,0,0,0,0.949832611533188,0.138665098152827,-0.0897997564054406
17.9344477781083,0.736251171863986,0.0366671402360788,-0.00917849470993645,-0.113349271600247,0.0514065951533123,0.00211269151451565,0,0,0,0,0,0,0,0,0,0.951215114334917,0.137770188012362,-0.0891402163282108
17.9444502587431,0.736617474582305,0.0365751857662665,-0.00920782952492404,-0.112834975029534,0.0514269508595692,0.0019574388578457,0,0,0,0,0,0,0,0,0,0.952588698808467,0.136881851577626,-0.0884853333993321
17.9544527393778,0.736982856061237,0.0364829381416614,-0.00923711077153446,-0.112320482617839,0.0514457536295854,0.00180218252300338,0,0,0,0,0,0,0,0,0,0.953953430474225,0.136000042344789,-0.0878350915438223
17.9644552200126,0.737347313371222,0.0363903979087837,-0.00926633630860297,-0.111805809898439,0.0514630034635194,0.00164692990089925,0,0,0,0,0,0,0,0,0,0.955309374388226,0.135124713973189,-0.0871894742003472
17.9744577006473,0.737710843588273,0.0362975656356005,-0.00929550398895347,-0.111290972404238,0.0514787004355426,0.00149168839942841,0,0,0,0,0,0,0,0,0,0.956656595143811,0.134255820290303,-0.0865484643134405
17.9844601812821,0.738073443794193,0.0362044419115856,-0.0093246116595686,-0.110775985667026,0.0514928446940065,0.00133646544299003,0,0,0,0,0,0,0,0,0,0.957995156873338,0.133393315296664,-0.0859120443527122
17.9944626619168,0.738435111076789,0.0361110273477766,-0.00935365716175996,-0.110260865216739,0.0515054364616056,0.00118126847200617,0,0,0,0,0,0,0,0,0,0.959325123249932,0.132537153170443,-0.085280196358465
18.0044651425516,0.738795842530088,0.0360173225768311,-0.00938263833133825,-0.109745626580713,0.0515164760355352,0.00102610494244129,0,0,0,0,0,0,0,0,0,0.960646557489283,0.131687288271457,-0.0846529019515274
18.0144676231863,0.739155635254552,0.0359233282530806,-0.00941155299878335,-0.109230285282938,0.0515259637876446,0.000870982325321564,0,0,0,0,0,0,0,0,0,0.961959522351488,0.130843675145552,-0.0840301423252057
18.0244701038211,0.739514486357298,0.0358290450525835,-0.00944039898941461,-0.108714856843309,0.051533900164585,0.000715908106253781,0,0,0,0,0,0,0,0,0,0.963264080142929,0.130006268528771,-0.0834118982864962
18.0344725844558,0.739872392952315,0.0357344736731751,-0.00946917412356086,-0.108199356776882,0.0515402856879533,0.000560889784945076,0,0,0,0,0,0,0,0,0,0.964560292718198,0.129175023350915,-0.082798150281285
18.0444750650906,0.740229352160679,0.0356396148345173,-0.00949787621673072,-0.107683800593116,0.0515451209544305,0.000405934874721476,0,0,0,0,0,0,0,0,0,0.965848221482051,0.128349894739207,-0.0821888783928216
18.0544775457253,0.740585361110774,0.0355444692781456,-0.0095265030797826,-0.10716820379513,0.0515484066359158,0.000251050902047946,0,0,0,0,0,0,0,0,0,0.9671279273914,0.127530838021883,-0.0815840623569664
18.0644800263601,0.740940416938513,0.0354490377675151,-0.009555052519095,-0.106652581878942,0.0515501434796551,9.62454060469686e-05,0,0,0,0,0,0,0,0,0,0.968399470957346,0.126717808731547,-0.080983681585208
18.0744825069948,0.741294516787553,0.0353533210880441,-0.00958352233673654,-0.106136950332721,0.0515503323083658,-5.84740619817108e-05,0,0,0,0,0,0,0,0,0,0.969662912247231,0.125910762608309,-0.0803877151883195
18.0844849876296,0.741647657809519,0.0352573200471563,-0.00961191033063622,-0.105621324636026,0.0515489740203559,-0.000213099939042453,0,0,0,0,0,0,0,0,0,0.970918310886739,0.125109655602661,-0.0797961419792326
18.0944874682643,0.74199983716422,0.0351610354743221,-0.00964021429475351,-0.105105720259057,0.0515460695896385,-0.000367624650923753,0,0,0,0,0,0,0,0,0,0.972165726062003,0.124314443878559,-0.0792089404838848
18.1044899488991,0.742351052019874,0.0350644682210964,-0.00966843201924853,-0.104590152661886,0.0515416200660417,-0.000522040612679651,0,0,0,0,0,0,0,0,0,0.973405216521769,0.123525083816083,-0.0786260889685159
18.1144924295338,0.742701299553327,0.0349676191611566,-0.00969656129065219,-0.10407463729371,0.0515356265753136,-0.000676340229109909,0,0,0,0,0,0,0,0,0,0.974636840579556,0.122741532013971,-0.0780475654462821
18.1244949101686,0.743050576950275,0.0348704891903376,-0.00972459989203639,-0.103559189592083,0.0515280903192225,-0.00083051589524151,0,0,0,0,0,0,0,0,0,0.975860656115867,0.121963745292151,-0.0774733476880165
18.1344973908033,0.743398881405485,0.0347730792266656,-0.00975254560318412,-0.103043824982158,0.0515190125756519,-0.000984559996808576,0,0,0,0,0,0,0,0,0,0.977076720580409,0.121191680694054,-0.076903413240397
18.1444998714381,0.743746210123017,0.0346753902103904,-0.00978039620075967,-0.102528558875924,0.0515083946986918,-0.00113846491073379,0,0,0,0,0,0,0,0,0,0.978285090994338,0.120425295488785,-0.0763377394429126
18.1545023520728,0.744092560316449,0.0345774231040154,-0.00980814945847871,-0.102013406671447,0.0514962381187234,-0.00129222300560875,0,0,0,0,0,0,0,0,0,0.97948582395253,0.119664547173097,-0.0757763034213924
18.1645048327076,0.744437929209096,0.0344791788923265,-0.00983580314727854,-0.101498383752101,0.0514825443425009,-0.001445826642175,0,0,0,0,0,0,0,0,0,0.980678975625868,0.118909393473693,-0.075219082116469
18.1745073133423,0.744782314034236,0.0343806585824188,-0.0098633550354882,-0.100983505485808,0.0514673149532273,-0.00159926817380472,0,0,0,0,0,0,0,0,0,0.981864601763552,0.11815979234863,-0.0746660523057251
18.1845097939771,0.745125712035332,0.0342818632037223,-0.00989080288899858,-0.100468787224271,0.0514505516106256,-0.00175253994698125,0,0,0,0,0,0,0,0,0,0.983042757695415,0.117415701989171,-0.0741171905801882
18.1945122746118,0.745468120466254,0.0341827938080247,-0.00991814447143268,-0.0999542443022087,0.0514322560510054,-0.00190563430178022,0,0,0,0,0,0,0,0,0,0.984213498334276,0.116677080821669,-0.0735724733773153
18.2045147552466,0.745809536591507,0.034083451469494,-0.00994537754431567,-0.0994398920365886,0.0514124300873245,-0.00205854357235008,0,0,0,0,0,0,0,0,0,0.985376878178291,0.115943887508756,-0.0730318770072062
18.2145172358814,0.746149957686451,0.033983837284698,-0.00997249986724512,-0.0989257457258611,0.0513910756092462,-0.00221126008739302,0,0,0,0,0,0,0,0,0,0.986532951313324,0.115216080950701,-0.0724953776362506
18.2245197165161,0.746489381037526,0.0338839523726232,-0.00999950919806108,-0.0984118206491916,0.0513681945831906,-0.00236377617064538,0,0,0,0,0,0,0,0,0,0.987681771415333,0.114493620286925,-0.0719629512933631
18.2345221971509,0.746827803942478,0.0337837978746914,-0.0100264032930163,-0.0978981320656919,0.0513437890523827,-0.00251608414135893,0,0,0,0,0,0,0,0,0,0.988823391752769,0.113776464897238,-0.0714345739048196
18.2445246777856,0.747165223710581,0.0336833749547745,-0.0100531799069464,-0.0973846952136523,0.0513178611368943,-0.0026681763147812,0,0,0,0,0,0,0,0,0,0.989957865188984,0.113064574402656,-0.0709102213003463
18.2545271584204,0.747501637662865,0.0335826847992079,-0.0100798367934399,-0.0968715253097725,0.0512904130336817,-0.00282004500263657,0,0,0,0,0,0,0,0,0,0.991085244184647,0.112357908666513,-0.070389869199185
18.2645296390551,0.747837043132337,0.0334817286168026,-0.0101063717050086,-0.0963586375483932,0.0512614470166188,-0.00297168251360663,0,0,0,0,0,0,0,0,0,0.99220558080018,0.111656427795561,-0.0698734932313622
18.2745321196899,0.748171437464207,0.0333805076388544,-0.0101327823932575,-0.0958460471007251,0.0512309654365249,-0.00312308115381135,0,0,0,0,0,0,0,0,0,0.993318926698188,0.110960092140654,-0.0693610689613293
18.2845346003246,0.748504818016115,0.0332790231191526,-0.010159066609055,-0.0953337691140801,0.051198970721188,-0.0032742332272897,0,0,0,0,0,0,0,0,0,0.994425333145914,0.110268862297378,-0.0688525718788567
18.2945370809594,0.748837182158355,0.0331772763339862,-0.0101852221027033,-0.0948218187111018,0.0511654653753834,-0.00342513103648019,0,0,0,0,0,0,0,0,0,0.995524851017679,0.109582699106912,-0.0683479774035484
18.3045395615941,0.749168527274097,0.0330752685821491,-0.0102112466241082,-0.0943102109889939,0.0511304519808867,-0.00357576688270204,0,0,0,0,0,0,0,0,0,0.996617530797355,0.108901563656571,-0.0678472609046219
18.3145420422289,0.749498850759617,0.032973001184943,-0.0102371379229495,-0.0937989610187519,0.0510939331964834,-0.00372613306663548,0,0,0,0,0,0,0,0,0,0.997703422580817,0.108225417280273,-0.0673503977094591
18.3245445228636,0.74982815002452,0.0328704754861785,-0.0102628937488512,-0.09328808384439,0.0510559117579723,-0.00387622188880309,0,0,0,0,0,0,0,0,0,0.998782576078422,0.107554221558908,-0.0668573631035521
18.3345470034984,0.750156422491963,0.0327676928521754,-0.0102885118515512,-0.0927775944821742,0.0510163904781648,-0.00402602565004988,0,0,0,0,0,0,0,0,0,0.999855040617475,0.106887938320806,-0.0663681323375447
18.3445494841331,0.750483665598884,0.0326646546717604,-0.0103139899810723,-0.0922675079198491,0.0509753722468795,-0.00417553665202465,0,0,0,0,0,0,0,0,0,1.00092086514471,0.106226529641967,-0.065882680636671
18.3545519647679,0.750809876796223,0.0325613623562634,-0.0103393258878913,-0.0917578391158698,0.0509328600309314,-0.00432474719766023,0,0,0,0,0,0,0,0,0,1.00198009822876,0.105569957846338,-0.0654009832088495
18.3645544454026,0.751135053549154,0.032457817339512,-0.0103645173231102,-0.0912486029986297,0.0508888568741171,-0.00447364959165491,0,0,0,0,0,0,0,0,0,1.00303278806265,0.104918185505886,-0.0649230152508051
18.3745569260374,0.7514591933373,0.0323540210778246,-0.0103895620386255,-0.090739814465693,0.0508433658971942,-0.00462223614095237,0,0,0,0,0,0,0,0,0,1.00407898246627,0.104271175440747,-0.0644487519508752
18.3845594066721,0.751782293654966,0.0322499750500016,-0.0104144577872989,-0.0902314883830227,0.0507963902978568,-0.0047704991552232,0,0,0,0,0,0,0,0,0,1.00511872888886,0.103628890719241,-0.0639781685016903
18.3945618873069,0.75210435201136,0.0321456807573148,-0.0104392023231273,-0.0897236395842132,0.0507479333507059,-0.00491843094734506,0,0,0,0,0,0,0,0,0,1.00615207441151,0.102991294657777,-0.0635112400931572
18.4045643679416,0.75242536593082,0.0320411397234952,-0.0104637934014128,-0.0892162828697198,0.0506979984072144,-0.00506602383388395,0,0,0,0,0,0,0,0,0,1.00717906574959,0.102358350820999,-0.0630479419330399
18.4145668485764,0.752745332953037,0.031936353494719,-0.0104882287789331,-0.0887094330060902,0.0506465888956886,-0.00521327013557465,0,0,0,0,0,0,0,0,0,1.00819974925529,0.101730023021284,-0.0625882492511524
18.4245693292111,0.75306425063328,0.0318313236395922,-0.0105125062141115,-0.0882031047251971,0.0505937083212232,-0.00536016217780148,0,0,0,0,0,0,0,0,0,1.00921417092007,0.101106275318804,-0.062132137284613
18.4345718098459,0.753382116542617,0.0317260517491333,-0.0105366234671872,-0.0876973127234694,0.0505393602656531,-0.00550669229107924,0,0,0,0,0,0,0,0,0,1.01022237637715,0.100487072021314,-0.0616795813072614
18.4445742904806,0.753698928268147,0.031620539436754,-0.0105605783003851,-0.087192071661125,0.0504835483874994,-0.00565285281153389,0,0,0,0,0,0,0,0,0,1.01122441090395,0.0998723776836334,-0.0612305566322647
18.4545767711154,0.754014683413217,0.0315147883382386,-0.0105843684780866,-0.0866873961614043,0.0504262764219109,-0.00579863608138331,0,0,0,0,0,0,0,0,0,1.0122203194246,0.0992621571073759,-0.0607850386004274
18.4645792517501,0.754329379597645,0.0314088001117219,-0.010607991766999,-0.0861833008098045,0.0503675481806005,-0.00594403444941791,0,0,0,0,0,0,0,0,0,1.01321014651241,0.0986563753406668,-0.0603430025873584
18.4745817323849,0.754643014457951,0.0313025764376647,-0.0106314459363262,-0.0856798001533129,0.0503073675517777,-0.0060890402714817,0,0,0,0,0,0,0,0,0,1.01419393639228,0.0980549976777303,-0.0599044240249622
18.4845842130196,0.754955585647571,0.031196119018828,-0.0106547287579387,-0.0851769086996431,0.0502457385000749,-0.00623364591095277,0,0,0,0,0,0,0,0,0,1.01517173294323,0.0974579896581756,-0.0594692784015993
18.4945866936544,0.755267090837088,0.0310894295802456,-0.0106778380065438,-0.0846746409164705,0.0501826650664701,-0.00637784373922431,0,0,0,0,0,0,0,0,0,1.0161435797008,0.0968653170665812,-0.0590375412469053
18.5045891742891,0.755577527714447,0.0309825098691951,-0.0107007714598554,-0.0841730112306695,0.0501181513682043,-0.00652162613618502,0,0,0,0,0,0,0,0,0,1.01710951985951,0.0962769459320845,-0.0586091881505311
18.5145916549239,0.755886893985185,0.0308753616551664,-0.0107235268987649,-0.0836720340275506,0.0500522015986939,-0.00666498549070024,0,0,0,0,0,0,0,0,0,1.01806959627531,0.0956928425275928,-0.0581841947705639
18.5245941355586,0.756195187372646,0.0307679867298295,-0.0107461021075104,-0.0831717236500993,0.0499848200274387,-0.00680791420109247,0,0,0,0,0,0,0,0,0,1.01902385146804,0.0951129733692024,-0.05776253682732
18.5345966161934,0.756502405618209,0.0306603869070001,-0.0107684948738479,-0.082672094398215,0.0499160109999247,-0.00695040467562234,0,0,0,0,0,0,0,0,0,1.01997232762379,0.0945373052155342,-0.057344190111571
18.5445990968281,0.756808546481504,0.0305525640226036,-0.0107907029892204,-0.0821731605279523,0.0498457789375226,-0.00709244933296901,0,0,0,0,0,0,0,0,0,1.0209150665974,0.0939658050669894,-0.0569291304835548
18.5546015774629,0.757113607740635,0.0304445199346372,-0.010812724248929,-0.0816749362507622,0.0497741283373809,-0.00723404060271126,0,0,0,0,0,0,0,0,0,1.02185210991481,0.0933984401651042,-0.0565173338819778
18.5646040580976,0.757417587192402,0.0303362565231306,-0.0108345564523024,-0.0811774357327338,0.0497010637723146,-0.00737517092580834,0,0,0,0,0,0,0,0,0,1.02278349877553,0.092835177991625,-0.0561087763265046
18.5746065387324,0.757720482652521,0.0302277756901047,-0.0108561974028673,-0.0806806730938396,0.049626589890689,-0.00751583275508026,0,0,0,0,0,0,0,0,0,1.02370927405498,0.0922759862678133,-0.0557034339140125
18.5846090193671,0.75802229195584,0.030119079359529,-0.0108776449085187,-0.0801846624071788,0.0495507114162984,-0.00765601855568902,0,0,0,0,0,0,0,0,0,1.02462947630693,0.0917208329535969,-0.0553012828333886
18.5946115000019,0.758323012956563,0.0300101694772769,-0.0108988967816897,-0.0796894176982249,0.0494734331482408,-0.00779572080561913,0,0,0,0,0,0,0,0,0,1.02554414576583,0.0911696862465777,-0.0549022993570133
18.6046139806366,0.758622643528467,0.0299010480110796,-0.010919950839522,-0.0791949529440721,0.0493947599607864,-0.0079349319961584,0,0,0,0,0,0,0,0,0,1.02645332234924,0.0906225145813533,-0.0545064598389587
18.6146164612714,0.758921181565119,0.0297917169504778,-0.0109408049040358,-0.0787012820726844,0.0493146968032431,-0.00807364463237877,0,0,0,0,0,0,0,0,0,1.02735704566017,0.0900792866285616,-0.054113740741457
18.6246189419061,0.759218624980096,0.0296821783067724,-0.0109614568023002,-0.0782084189621457,0.0492332486998153,-0.0082118512336171,0,0,0,0,0,0,0,0,0,1.02825535498943,0.0895399712936725,-0.0537241186205732
18.6346214225409,0.759514971707201,0.0295724341129732,-0.0109819043666032,-0.0777163774399118,0.0491504207494596,-0.00834954433395563,0,0,0,0,0,0,0,0,0,1.02914828931797,0.089004537716319,-0.0533375701163847
18.6446239031756,0.759810219700682,0.0294624864237454,-0.0110021454346218,-0.0772251712820627,0.0490662181257343,-0.00848671648270324,0,0,0,0,0,0,0,0,0,1.03003588731926,0.0884729552692849,-0.0529540719789127
18.6546263838104,0.760104366935445,0.0293523373153555,-0.0110221778495922,-0.0767348142125575,0.0489806460766452,-0.00862336024487582,0,0,0,0,0,0,0,0,0,1.03091818736153,0.0879451935573184,-0.0525736010645628
18.6646288644451,0.760397411407273,0.029241988885614,-0.0110419994604802,-0.0762453199024905,0.0488937099244854,-0.00875946820167717,0,0,0,0,0,0,0,0,0,1.03179522751021,0.0874212224161901,-0.0521961343247187
18.6746313450799,0.760689351133039,0.0291314432538182,-0.011061608122151,-0.0757567019693497,0.0488054150656719,-0.00889503295097969,0,0,0,0,0,0,0,0,0,1.0326670455301,0.0869010119117346,-0.0518216488151575
18.6846338257146,0.760980184150922,0.0290207025606915,-0.0110810016955395,-0.0752689739762747,0.0487157669705756,-0.00903004710780531,0,0,0,0,0,0,0,0,0,1.03353367888778,0.0863845323387211,-0.051450121711023
18.6946363063494,0.76126990852062,0.0289097689683223,-0.0111001780478206,-0.0747821494313189,0.0486247711833479,-0.00916450330480611,0,0,0,0,0,0,0,0,0,1.03439516475382,0.0858717542195945,-0.0510815302917279
18.7046387869841,0.761558522323564,0.0287986446601008,-0.011119135052579,-0.0742962417867125,0.0485324333217418,-0.00929839419274501,0,0,0,0,0,0,0,0,0,1.03525154000509,0.0853626483036483,-0.0507158519418644
18.7146412676189,0.761846023663131,0.0286873318406535,-0.0111378705899797,-0.0738112644381266,0.0484387590769282,-0.00943171244097676,0,0,0,0,0,0,0,0,0,1.036102841227,0.0848571855657477,-0.0503530641639778
18.7246437482536,0.762132410664854,0.0285758327357773,-0.0111563825469382,-0.0733272307239404,0.0483437542133077,-0.00956445073792843,0,0,0,0,0,0,0,0,0,1.03694910471577,0.0843553372052471,-0.0499931445758581
18.7346462288884,0.762417681476637,0.0284641495923704,-0.0111746688172901,-0.0728441539245085,0.0482474245683173,-0.00969660179158055,0,0,0,0,0,0,0,0,0,1.03779036648067,0.0838570746447671,-0.0496360709107525
18.7446487095231,0.762701834268964,0.0283522846783627,-0.0111927273019619,-0.0723620472614335,0.0481497760522328,-0.0098281583299474,0,0,0,0,0,0,0,0,0,1.03862666224621,0.0833623695291072,-0.0492818210179477
18.7546511901579,0.762984867235107,0.0282402402826437,-0.011210555909141,-0.071880923896836,0.0480508146479653,-0.00995911310155816,0,0,0,0,0,0,0,0,0,1.03945802745443,0.0828711937240125,-0.0489303728669535
18.7646536707926,0.763266778591338,0.0281280187149896,-0.0112281525544456,-0.0714007969326311,0.0479505464108543,-0.0100894588759373,0,0,0,0,0,0,0,0,0,1.04028449726702,0.0823835193150016,-0.0485817045416975
18.7746561514274,0.763547566577137,0.0280156223059872,-0.0112455151610949,-0.0709216794098033,0.0478489774684547,-0.010219188444086,0,0,0,0,0,0,0,0,0,1.04110610656757,0.0818993186062495,-0.0482357942497186
18.7846586320622,0.763827229455398,0.027903053406958,-0.0112626416600795,-0.0704435843076869,0.0477461140203201,-0.0103482946189619,0,0,0,0,0,0,0,0,0,1.04192288996374,0.0814185641192323,-0.0478926203241491
18.7946611126969,0.764105765512641,0.0277903143898787,-0.0112795299903316,-0.0699665245432453,0.0476419623377805,-0.0104767702359609,0,0,0,0,0,0,0,0,0,1.0427348817894,0.0809412285915699,-0.0475521612187668
18.8046635933317,0.764383173059209,0.0276774076473017,-0.0112961780988947,-0.0694905129703561,0.0475365287637153,-0.0106046081533972,0,0,0,0,0,0,0,0,0,1.04354211610682,0.0804672849757699,-0.047214395506931
18.8146660739664,0.764659450429485,0.0275643355922727,-0.0113125839410942,-0.0690155623790944,0.0474298197123222,-0.0107318012529844,0,0,0,0,0,0,0,0,0,1.0443446267088,0.0799967064380908,-0.0468793018891358
18.8246685546012,0.764934595982085,0.027451100658247,-0.0113287454807073,-0.0685416854950222,0.04732184166888,-0.0108583424403162,0,0,0,0,0,0,0,0,0,1.0451424471208,0.0795294663571363,-0.0465468591941862
18.8346710352359,0.765208608100073,0.0273377052990044,-0.0113446606901332,-0.0680688949784784,0.047212601189508,-0.010984224645347,0,0,0,0,0,0,0,0,0,1.04593561060306,0.0790655383226942,-0.0462170463737715
18.8446735158707,0.765481485191152,0.0272241519885616,-0.0113603275505636,-0.0675972034238707,0.0471021049009196,-0.011109440822873,0,0,0,0,0,0,0,0,0,1.0467241501527,0.0786048961344384,-0.0458898425055316
18.8546759965054,0.765753225687878,0.027110443221084,-0.0113757440521523,-0.0671266233589715,0.0469903595001713,-0.0112339839530126,0,0,0,0,0,0,0,0,0,1.04750809850582,0.0781475138007074,-0.0455652267953578
18.8646784771402,0.766023828047851,0.0269965815107948,-0.0113909081941856,-0.0666571672442148,0.0468773717544075,-0.0113578470416875,0,0,0,0,0,0,0,0,0,1.04828748813959,0.0776933655371611,-0.0452431785835092
18.8746809577749,0.766293290753921,0.0268825693918828,-0.0114058179852525,-0.0661888474719979,0.0467631485005993,-0.011481023121103,0,0,0,0,0,0,0,0,0,1.04906235127429,0.0772424257654353,-0.0449236773283957
18.8846834384097,0.766561612314387,0.0267684094184089,-0.0114204714434151,-0.0657216763659824,0.04664769664528,-0.0116035052502292,0,0,0,0,0,0,0,0,0,1.04983271987539,0.0767946691121229,-0.044606702618336
18.8946859190444,0.766828791263191,0.0266541041642099,-0.0114348665963782,-0.0652556661804011,0.0465310231642743,-0.0117252865152818,0,0,0,0,0,0,0,0,0,1.05059862565558,0.0763500704071952,-0.0442922341859375
18.9046883996792,0.767094826160121,0.0265396562228017,-0.0114490014816598,-0.0647908290993655,0.0464131351024235,-0.0118463600302024,0,0,0,0,0,0,0,0,0,1.05136010007681,0.0759086046826936,-0.0439802518780334
18.9146908803139,0.767359715591003,0.02642506820728,-0.0114628741467612,-0.0643271772361778,0.0462940395733062,-0.0119667189371395,0,0,0,0,0,0,0,0,0,1.05211717435228,0.0754702471717522,-0.0436707356685882
18.9246933609487,0.767623458167898,0.0263103427502199,-0.0114764826493371,-0.0638647226326438,0.0461737437589533,-0.0120863564069294,0,0,0,0,0,0,0,0,0,1.05286987944848,0.0750349733070328,-0.0433636656773052
18.9346958415834,0.767886052529296,0.0261954825035729,-0.0114898250573661,-0.0634034772583895,0.0460522549095587,-0.012205265639577,0,0,0,0,0,0,0,0,0,1.05361824608714,0.0746027587193741,-0.0430590221503119
18.9446983222182,0.768147497340312,0.0260804901385636,-0.0115028994493202,-0.0629434530101826,0.0459295803431856,-0.0123234398647361,0,0,0,0,0,0,0,0,0,1.05436230474726,0.0741735792366133,-0.0427567854570675
18.9547008028529,0.768407791292872,0.0259653683455831,-0.0115157039143355,-0.0624846617112525,0.0458057274454667,-0.0124408723421907,0,0,0,0,0,0,0,0,0,1.05510208566699,0.0737474108822971,-0.0424569360995538
18.9647032834877,0.768666933105911,0.0258501198340822,-0.0115282365523823,-0.0620271151106185,0.0456807036693013,-0.0125575563623353,0,0,0,0,0,0,0,0,0,1.05583761884568,0.0733242298743199,-0.0421594547178168
18.9747057641224,0.76892492152556,0.0257347473324613,-0.0115404954744348,-0.061570824882416,0.045554516534546,-0.0126734852466563,0,0,0,0,0,0,0,0,0,1.05656893404574,0.0729040126235239,-0.0418643220809117
18.9847082447572,0.769181755325332,0.0256192535879605,-0.0115524788026419,-0.0611158026252307,0.0454271736277017,-0.0127886523482119,0,0,0,0,0,0,0,0,0,1.05729606079461,0.0724867357325173,-0.0415715190866806
18.9947107253919,0.769437433306317,0.0255036413665463,-0.011564184670497,-0.0606620598614317,0.0452986826015953,-0.0129030510521137,0,0,0,0,0,0,0,0,0,1.05801902838663,0.0720723759942804,-0.0412810267635187
19.0047132060267,0.769691954297363,0.0253879134527973,-0.011575611223008,-0.0602096080365115,0.045169051175057,-0.0130166747760067,0,0,0,0,0,0,0,0,0,1.05873786588497,0.0716609103909479,-0.0409928262741438
19.0147156866614,0.769945317155261,0.0252720726497885,-0.011586756616868,-0.0597584585184249,0.0450382871325914,-0.0131295169705509,0,0,0,0,0,0,0,0,0,1.05945260212353,0.0712523160923389,-0.0407068989158041
19.0247181672962,0.770197520764936,0.0251561217789734,-0.0115976190206248,-0.0593086225969368,0.0449063983240465,-0.013241571119901,0,0,0,0,0,0,0,0,0,1.06016326570876,0.0708465704547356,-0.0404232261104013
19.0347206479309,0.770448564039623,0.0250400636800644,-0.0116081966148516,-0.0588601114829676,0.0447733926642748,-0.0133528307421885,0,0,0,0,0,0,0,0,0,1.06086988502156,0.0704436510196119,-0.0401417894127746
19.0447231285657,0.770698445921052,0.0249239012109121,-0.0116184875923167,-0.0584129363079469,0.044639278132792,-0.0134632893900009,0,0,0,0,0,0,0,0,0,1.06157248821909,0.0700435355122447,-0.0398625705103128
19.0547256092004,0.770947165379631,0.0248076372473819,-0.0116284901581542,-0.0579671081231663,0.0445040627734291,-0.0135729406508641,0,0,0,0,0,0,0,0,0,1.06227110323666,0.0696462018404503,-0.0395855512219623
19.0647280898352,0.771194721414622,0.02469127468323,-0.0116382025300336,-0.0575226378991398,0.0443677546939817,-0.0136817781477217,0,0,0,0,0,0,0,0,0,1.06296575778948,0.0692516280932174,-0.0393107134975714
19.0747305704699,0.771441113054319,0.0245748164299768,-0.0116476229383302,-0.0570795365249644,0.0442303620658521,-0.0137897955394168,0,0,0,0,0,0,0,0,0,1.06365647937451,0.068859792539455,-0.0390380394181158
19.0847330511047,0.77168633935623,0.024458265416779,-0.0116567496262954,-0.0566378148076868,0.0440918931236886,-0.0138969865211721,0,0,0,0,0,0,0,0,0,1.06434329527226,0.0684706736266208,-0.03876751119032
19.0947355317394,0.771930399407247,0.0243416245903003,-0.0116655808502266,-0.0561974834716712,0.0439523561650188,-0.0140033448250712,0,0,0,0,0,0,0,0,0,1.06502623254851,0.0680842499795776,-0.0384991111504527
19.1047380123742,0.772173292323825,0.0242248969145796,-0.0116741148796375,-0.0557585531579735,0.0438117595498788,-0.0141088642205389,0,0,0,0,0,0,0,0,0,1.06570531805616,0.0677005003991457,-0.0382328217759245
19.1147404930089,0.77241501725215,0.0241080853708982,-0.0116823499974283,-0.0553210344237176,0.0436701117004373,-0.0142135385148221,0,0,0,0,0,0,0,0,0,1.06638057843692,0.0673194038607265,-0.0379686256619096
19.1247429736437,0.772655573368317,0.023991192957645,-0.0116902845000556,-0.0548849377414752,0.0435274211006142,-0.014317361553471,0,0,0,0,0,0,0,0,0,1.06705204012308,0.0669409395133229,-0.0377065055318104
19.1347454542784,0.772894959878497,0.0238742226901799,-0.0116979166977029,-0.0544502734986508,0.0433836962956963,-0.0144203272208188,0,0,0,0,0,0,0,0,0,1.06771972933923,0.0665650866779543,-0.0374464442519754
19.1447479349132,0.773133176019103,0.0237571776006961,-0.0117052449144506,-0.0540170519968695,0.0432389458919456,-0.0145224294404638,0,0,0,0,0,0,0,0,0,1.06838367210398,0.0661918248463817,-0.037188424805441
19.1547504155479,0.773370221056966,0.0236400607380798,-0.0117122674884461,-0.0535852834513691,0.0430931785562053,-0.0146236621757491,0,0,0,0,0,0,0,0,0,1.06904389423164,0.0658211336800477,-0.0369324303006948
19.1647528961827,0.773606094289493,0.0235228751677687,-0.0117189827720738,-0.0531549779903964,0.0429464030154992,-0.014724019430244,0,0,0,0,0,0,0,0,0,1.06970042133396,0.0654529930086276,-0.0366784439818466
19.1747553768174,0.773840795044836,0.0234056239716088,-0.0117253891321258,-0.0527261456546067,0.0427986280566271,-0.0148234952482243,0,0,0,0,0,0,0,0,0,1.07035327882175,0.0650873828287653,-0.0364264492204232
19.1847578574522,0.774074322682054,0.0232883102477097,-0.0117314849499716,-0.052298796396468,0.042649862525755,-0.0149220837151534,0,0,0,0,0,0,0,0,0,1.07100249190658,0.0647242833027877,-0.0361764295060647
19.1947603380869,0.774306676591277,0.0231709371102976,-0.0117372686217283,-0.0518729400796704,0.0425001153280015,-0.0150197789581629,0,0,0,0,0,0,0,0,0,1.07164808560242,0.0643636747576276,-0.0359283684600392
19.2047628187217,0.774537856193865,0.0230535076895669,-0.0117427385584309,-0.0514485864785368,0.0423493954270174,-0.0151165751465335,0,0,0,0,0,0,0,0,0,1.07229008472727,0.0640055376832681,-0.0356822498401533
19.2147652993564,0.774767860942563,0.0229360251315305,-0.0117478931862024,-0.0510257452774409,0.042197711844563,-0.0152124664921755,0,0,0,0,0,0,0,0,0,1.07292851390481,0.0636498527315667,-0.0354380575072631
19.2247677799912,0.774996690321669,0.0228184925978676,-0.0117527309464238,-0.0506044260702273,0.042045073660078,-0.0153074472501098,0,0,0,0,0,0,0,0,0,1.07356339756598,0.0632966007153689,-0.0351957754587715
19.2347702606259,0.775224343847177,0.0227009132657706,-0.0117572502959045,-0.0501846383596369,0.0418914900102491,-0.0154015117189487,0,0,0,0,0,0,0,0,0,1.07419475995061,0.0629457626066638,-0.0349553878286318
19.2447727412607,0.775450821066942,0.0225832903277896,-0.0117614497070525,-0.0497663915567371,0.0417369700885706,-0.0154946542413764,0,0,0,0,0,0,0,0,0,1.074822625109,0.0625973195356968,-0.0347168788533625
19.2547752218954,0.775676121560827,0.0224656269916759,-0.0117653276680442,-0.0493496949803548,0.041581523144902,-0.0155868692046299,0,0,0,0,0,0,0,0,0,1.0754470169035,0.0622512527898044,-0.0344802329004442
19.2647777025302,0.775900244940855,0.022347926480223,-0.0117688826829948,-0.0489345578565156,0.0414251584850189,-0.0156781510409799,0,0,0,0,0,0,0,0,0,1.07606795901004,0.06190754381196,-0.0342454344661187
19.2747801831649,0.776123190851362,0.0222301920311067,-0.0117721132721285,-0.0485209893178861,0.0412678854701614,-0.0157684942282114,0,0,0,0,0,0,0,0,0,1.07668547491974,0.0615661741996524,-0.0340124681664159
19.2847826637997,0.77634495896914,0.0221124268967229,-0.0117750179719485,-0.0481089984032225,0.0411097135165755,-0.0158578932901043,0,0,0,0,0,0,0,0,0,1.07729958794041,0.0612271257036107,-0.0337813187322415
19.2947851444344,0.776565549003587,0.0219946343440239,-0.0117775953354074,-0.0476985940568214,0.040950652095051,-0.0159463427969146,0,0,0,0,0,0,0,0,0,1.07791032119809,0.0608903802267812,-0.0335519710193927
19.3047876250692,0.776784960696851,0.0218768176543533,-0.011779843932077,-0.0472897851279774,0.0407907107304542,-0.0160338373658548,0,0,0,0,0,0,0,0,0,1.07851769763854,0.0605559198228523,-0.0333244100089518
19.3147901057039,0.777003193823972,0.0217589801232783,-0.0117817623483186,-0.0468825803704441,0.0406298990012556,-0.0161203716615749,0,0,0,0,0,0,0,0,0,1.07912174002878,0.0602237266952231,-0.033098620797434
19.3247925863387,0.777220248193026,0.0216411250604218,-0.0117833491874536,-0.046476988441901,0.0404682265390537,-0.0162059403966428,0,0,0,0,0,0,0,0,0,1.07972247095858,0.0598937831957257,-0.0328745885990834
19.3347950669734,0.77743612364526,0.021523255789291,-0.0117846030699327,-0.0460730179034237,0.0403057030280921,-0.0162905383320254,0,0,0,0,0,0,0,0,0,1.0803199128419,0.0595660718235476,-0.0326522987479447
19.3447975476082,0.777650820055237,0.021405375647106,-0.0117855226335071,-0.0456706772189598,0.0401423382047741,-0.0163741602775695,0,0,0,0,0,0,0,0,0,1.08091408791839,0.0592405752239129,-0.0324317366999656
19.354800028243,0.777864337330964,0.0212874879846253,-0.0117861065333978,-0.0452699747548108,0.0399781418571709,-0.0164568010924819,0,0,0,0,0,0,0,0,0,1.08150501825483,0.0589172761869622,-0.0322128880222523
19.3648025088777,0.778076675414035,0.0211695961659705,-0.0117863534424665,-0.0448709187791156,0.0398131238245254,-0.0165384556858109,0,0,0,0,0,0,0,0,0,1.08209272574661,0.0585961576466489,-0.0319957384018083
19.3748049895125,0.778287834279757,0.0210517035684491,-0.0117862620513851,-0.0444735174613439,0.0396472939967516,-0.0166191190169266,0,0,0,0,0,0,0,0,0,1.0826772321191,0.0582772026794449,-0.0317802736423949
19.3848074701472,0.778497813937285,0.0209338135823749,-0.0117858310688062,-0.0440777788717889,0.0394806623139282,-0.016698786096002,0,0,0,0,0,0,0,0,0,1.08325855892911,0.0579603945032986,-0.0315664796612464
19.394809950782,0.778706614429748,0.0208159296108882,-0.0117850592215333,-0.0436837109810707,0.039313238765789,-0.0167774519844932,0,0,0,0,0,0,0,0,0,1.0838367275663,0.0576457164764071,-0.0313543424893891
19.4048124314167,0.77891423583438,0.0206980550697728,-0.0117839452546907,-0.0432913216596406,0.0391450333912064,-0.0168551117956208,0,0,0,0,0,0,0,0,0,1.08441175925457,0.0573331520961677,-0.0311438482762452
19.4148149120515,0.779120678262644,0.0205801933872721,-0.011782487931894,-0.042900618677293,0.0389760562776726,-0.0169317606948503,0,0,0,0,0,0,0,0,0,1.08498367505344,0.0570226849978576,-0.0309349832868168
19.4248173926862,0.779325941860354,0.0204623480039028,-0.0117806860354199,-0.0425116097026808,0.0388063175607729,-0.0170073939003731,0,0,0,0,0,0,0,0,0,1.08555249585944,0.0567142989536423,-0.030727733885638
19.434819873321,0.779530026807799,0.0203445223722686,-0.0117785383663766,-0.0421243023028384,0.0386358274236578,-0.017082006683587,0,0,0,0,0,0,0,0,0,1.08611824240744,0.0564079778715758,-0.0305220865569266
19.4448223539557,0.779732933319863,0.0202267199568693,-0.0117760437448739,-0.0417387039427068,0.0384645960965068,-0.017155594369577,0,0,0,0,0,0,0,0,0,1.08668093527205,0.0561037057942065,-0.0303180279033368
19.4548248345905,0.779934661646141,0.0201089442339117,-0.0117732010101932,-0.0413548219846681,0.0382926338559899,-0.017228152337596,0,0,0,0,0,0,0,0,0,1.08724059486893,0.055801466897602,-0.0301155446300289
19.4648273152252,0.780135212071057,0.0199911986911152,-0.011770009020958,-0.0409726636880807,0.0381199510247231,-0.0172996760215462,0,0,0,0,0,0,0,0,0,1.08779724145612,0.0555012454902728,-0.0299146235520707
19.47482979586,0.780334584913978,0.019873486827519,-0.0117664666553037,-0.0405922362088244,0.0379465579707192,-0.017370160910459,0,0,0,0,0,0,0,0,0,1.08835089513537,0.055203026012051,-0.0297152515977782
19.4848322764947,0.780532780529326,0.0197558121532851,-0.011762572811048,-0.0402135465988487,0.0377724651068345,-0.017439602548976,0,0,0,0,0,0,0,0,0,1.08890157585345,0.0549067930329458,-0.0295174158028217
19.4948347571295,0.780729799306686,0.0196381781895011,-0.0117583264058608,-0.039836601805726,0.0375976828902095,-0.0175079965378301,0,0,0,0,0,0,0,0,0,1.08944930340342,0.0546125312521398,-0.0293211033046981
19.5048372377642,0.78092564167092,0.0195205884679805,-0.0117537263774347,-0.0394614086722128,0.0374222218217061,-0.0175753385343261,0,0,0,0,0,0,0,0,0,1.08999409742598,0.0543202254969562,-0.0291263013544069
19.514839718399,0.781120308082267,0.0194030465310616,-0.0117487716836548,-0.0390879739358142,0.0372460924453384,-0.0176416242528212,0,0,0,0,0,0,0,0,0,1.09053597741064,0.0540298607216211,-0.0289329973124168
19.5248421990337,0.78131379903645,0.0192855559314049,-0.0117434613027693,-0.0387163042283563,0.0370693053477009,-0.017706849465206,0,0,0,0,0,0,0,0,0,1.09107496269711,0.0537414220063108,-0.0287411786390761
19.5348446796685,0.78150611506478,0.0191681202317881,-0.011737794233559,-0.0383464060755615,0.0368918711573896,-0.0177710100013854,0,0,0,0,0,0,0,0,0,1.09161107247645,0.0534548945561065,-0.0285508328996448
19.5448471603032,0.781697256734252,0.0190507430049007,-0.0117317694955082,-0.037978285896633,0.0367138005444197,-0.0178341017497589,0,0,0,0,0,0,0,0,0,1.09214432579237,0.0531702636999414,-0.0283619477663837
19.554849640938,0.781887224647648,0.0189334278331349,-0.0117253861289743,-0.037611950003842,0.0365351042196378,-0.017896120657702,0,0,0,0,0,0,0,0,0,1.09267474154245,0.0528875148895124,-0.0281745110167798
19.5648521215727,0.78207601944363,0.0188161783083772,-0.0117186431953582,-0.0372474046021238,0.0363557929341304,-0.0179570627320462,0,0,0,0,0,0,0,0,0,1.09320233847937,0.0526066336982636,-0.0279885105241147
19.5748546022075,0.782263641796831,0.018698998031796,-0.0117115397772745,-0.0368846557886767,0.0361758774786257,-0.0180169240395606,0,0,0,0,0,0,0,0,0,1.09372713521211,0.0523276058204864,-0.0278039342662223
19.5848570828422,0.782450092417955,0.0185818906136294,-0.0117040749787212,-0.0365237095525694,0.0359953686828926,-0.0180757007074318,0,0,0,0,0,0,0,0,0,1.09424915020714,0.052050417070128,-0.0276207703314276
19.594859563477,0.782635372053858,0.0184648596729697,-0.0116962479252509,-0.0361645717743532,0.0358142774151331,-0.0181333889237454,0,0,0,0,0,0,0,0,0,1.09476840178965,0.0517750533797724,-0.0274390069030857
19.6048620441117,0.782819481487642,0.0183479088375477,-0.0116880577641395,-0.0358072482256811,0.0356326145813719,-0.0181899849379663,0,0,0,0,0,0,0,0,0,1.09528490814473,0.0515015007997581,-0.0272586322583617
19.6148645247465,0.783002421538736,0.018231041743514,-0.0116795036645578,-0.0354517445689321,0.0354503911248387,-0.0182454850614198,0,0,0,0,0,0,0,0,0,1.09579868731848,0.0512297454971843,-0.0270796347795163
19.6248670053812,0.783184193062981,0.0181142620352194,-0.0116705848177405,-0.0350980663568417,0.035267618025348,-0.0182998856677719,0,0,0,0,0,0,0,0,0,1.09630975721924,0.0509597737548017,-0.0269020029484289
19.634869486016,0.783364796952711,0.0179975733649933,-0.0116613004371572,-0.0347462190321406,0.0350843062986731,-0.0183531831935105,0,0,0,0,0,0,0,0,0,1.09681813561874,0.0506915719701289,-0.0267257253424536
19.6448719666507,0.783544234136831,0.0178809793929204,-0.0116516497586819,-0.0343962079271964,0.0349004669959146,-0.018405374138426,0,0,0,0,0,0,0,0,0,1.0973238401532,0.0504251266544265,-0.026550790638535
19.6548744472855,0.783722505580893,0.0177644837866159,-0.0116416320407638,-0.034048038263665,0.0347161112028657,-0.018456455066092,0,0,0,0,0,0,0,0,0,1.09782688832447,0.0501604244317304,-0.0263771876039903
19.6648769279202,0.783899612287174,0.0176480902209986,-0.0116312465645968,-0.0337017151521452,0.034531250039371,-0.0185064226043462,0,0,0,0,0,0,0,0,0,1.09832729750121,0.0498974520380104,-0.026204905110349
19.674879408555,0.784075555294741,0.0175318023780628,-0.0116204926342901,-0.0333572435918428,0.0343458946586821,-0.0185552734457711,0,0,0,0,0,0,0,0,0,1.09882508491994,0.0496361963199269,-0.0260339321241614
19.6848818891897,0.784250335679526,0.0174156239466481,-0.0116093695770383,-0.0330146284702387,0.0341600562468067,-0.0186030043481745,0,0,0,0,0,0,0,0,0,1.09932026768616,0.0493766442341737,-0.0258642576962733
19.6948843698245,0.784423954554394,0.0172995586222076,-0.0115978767432914,-0.0326738745627654,0.0339737460218549,-0.0186496121350708,0,0,0,0,0,0,0,0,0,1.09981286277546,0.0491187828464486,-0.0256958709777465
19.7048868504592,0.784596413069202,0.0171836101065744,-0.011586013506925,-0.0323349865324877,0.0337869752333781,-0.0186950936961613,0,0,0,0,0,0,0,0,0,1.10030288703461,0.0488625993304777,-0.0255287612156702
19.714889331094,0.784767712410868,0.0170677821077268,-0.0115737792654106,-0.0319979689297935,0.0335997551617062,-0.0187394459878152,0,0,0,0,0,0,0,0,0,1.1007903571826,0.0486080809670707,-0.0253629177443888
19.7248918117287,0.784937853803427,0.016952078339551,-0.0115611734399856,-0.0316628261920875,0.0334120971172768,-0.0187826660335503,0,0,0,0,0,0,0,0,0,1.10127528981174,0.0483552151433197,-0.0251983299903665
19.7348942923635,0.785106838508094,0.0168365025216028,-0.0115481954758235,-0.0313295626434951,0.0332240124399624,-0.0188247509245136,0,0,0,0,0,0,0,0,0,1.10175770138872,0.0481039893515573,-0.0250349874749098
19.7448967729982,0.785274667823312,0.0167210583788669,-0.0115348448422041,-0.0309981824945694,0.0330355124983909,-0.0188656978199623,0,0,0,0,0,0,0,0,0,1.10223760825563,0.0478543911885016,-0.0248728798042937
19.754899253633,0.785441343084811,0.0166057496415157,-0.0115211210326836,-0.0306686898420088,0.0328466086892617,-0.0189055039477446,0,0,0,0,0,0,0,0,0,1.10271502663102,0.0476064083544114,-0.024711996676779
19.7649017342677,0.785606865665657,0.0164905800446649,-0.0115070235652648,-0.0303410886683786,0.0326573124366582,-0.0189441666047801,0,0,0,0,0,0,0,0,0,1.10318997261094,0.0473600286520907,-0.0245523278798731
19.7749042149025,0.785771236976301,0.0163755533281284,-0.0114925519825671,-0.030015382841841,0.0324676351913532,-0.0189816831575411,0,0,0,0,0,0,0,0,0,1.10366246216993,0.0471152399860984,-0.0243938632871214
19.7849066955372,0.785934458464623,0.0162606732361713,-0.011477705851997,-0.0296915761158915,0.0322775884301119,-0.0190180510425327,0,0,0,0,0,0,0,0,0,1.10413251116206,0.0468720303618182,-0.0242365928619746
19.794909176172,0.786096531615974,0.016145943517261,-0.011462484765918,-0.029369672129102,0.0320871836549882,-0.019053267766774,0,0,0,0,0,0,0,0,0,1.10460013532194,0.04663038788459,-0.0240805066517593
19.8049116568067,0.786257457953224,0.0160313679238167,-0.0114468883418207,-0.0290496744048727,0.0318964323926177,-0.0190873309082791,0,0,0,0,0,0,0,0,0,1.10506535026567,0.0463903007588999,-0.0239255947937109
19.8149141374415,0.78641723903679,0.0159169502119575,-0.011430916222493,-0.0287315863511879,0.0317053461935046,-0.0191202381165372,0,0,0,0,0,0,0,0,0,1.1055281714919,0.046151757287392,-0.0237718475077535
19.8249166180762,0.786575876464679,0.0158026941412479,-0.0114145680761906,-0.0284154112603823,0.0315139366313045,-0.0191519871129937,0,0,0,0,0,0,0,0,0,1.10598861438273,0.0459147458702027,-0.0236192550946251
19.834919098711,0.786733371872522,0.0156886034744428,-0.0113978435968067,-0.0281011523089126,0.0313222153021025,-0.0191825756915311,0,0,0,0,0,0,0,0,0,1.10644669420473,0.0456792550040096,-0.0234678079499775
19.8449215793457,0.786889726933596,0.0155746819772301,-0.0113807425040421,-0.0277888125571366,0.031130193823686,-0.0192120017189497,0,0,0,0,0,0,0,0,0,1.1069024261099,0.0454452732810833,-0.0233174965421854
19.8549240599805,0.787044943358864,0.0154609334179715,-0.0113632645435761,-0.0274783949491,0.0309378838348129,-0.019240263135448,0,0,0,0,0,0,0,0,0,1.1073558251366,0.0452127893887814,-0.0231683114242606
19.8649265406152,0.787199022896988,0.0153473615674418,-0.0113454094872357,-0.0271699023123301,0.0307452969944753,-0.0192673579551041,0,0,0,0,0,0,0,0,0,1.10780690621051,0.0449817921083612,-0.023020243234894
19.87492902125,0.787351967334364,0.0152339701985667,-0.0113271771331663,-0.0268633373576375,0.0305524449811579,-0.0192932842663557,0,0,0,0,0,0,0,0,0,1.10825568414556,0.0447522703144528,-0.0228732826904893
19.8849315018848,0.787503778495132,0.0151207630861587,-0.0113085673060019,-0.0265587026789242,0.0303593394920919,-0.0193180402324815,0,0,0,0,0,0,0,0,0,1.10870217364487,0.0445242129740316,-0.0227274205949685
19.8949339825195,0.7876544582412,0.0150077440066512,-0.011289579857035,-0.0262560007530007,0.0301659922425038,-0.0193416240920819,0,0,0,0,0,0,0,0,0,1.10914638930166,0.0442976091456948,-0.0225826478201464
19.9049364631543,0.787804008472255,0.0148949167378308,-0.0112702146643868,-0.0259552339394091,0.02997241496486,-0.0193640341595593,0,0,0,0,0,0,0,0,0,1.10958834560017,0.0440724479790268,-0.0224389553289385
19.914938943789,0.787952431125779,0.0147822850585685,-0.0112504716331775,-0.0256564044802546,0.0297786194081058,-0.0193852688255992,0,0,0,0,0,0,0,0,0,1.11002805691654,0.0438487187134113,-0.022296334162979
19.9249414244238,0.788099728177055,0.0146698527485485,-0.0112303506956965,-0.0253595145000446,0.0295846173369001,-0.0194053265576509,0,0,0,0,0,0,0,0,0,1.11046553751974,0.0436264106776445,-0.0221547754240867
19.9349439050585,0.788245901639176,0.0145576235879959,-0.0112098518115721,-0.0250645660055356,0.0293904205308453,-0.0194242059004084,0,0,0,0,0,0,0,0,0,1.11090080157247,0.043405513289118,-0.0220142703041669
19.9449463856933,0.788390953563047,0.0144456013574018,-0.0111889749679424,-0.024771560885587,0.029196040783712,-0.0194419054762911,0,0,0,0,0,0,0,0,0,1.11133386313198,0.0431860160528333,-0.0218748100867075
19.954948866328,0.788534886037388,0.014333789837248,-0.0111677201796247,-0.024480500911024,0.0290014899026597,-0.0194584239859243,0,0,0,0,0,0,0,0,0,1.11176473615099,0.0429679085605556,-0.0217363861154172
19.9649513469628,0.788677701188732,0.0142221928077287,-0.0111460874892862,-0.0241913877345067,0.028806779707451,-0.01947376020862,0,0,0,0,0,0,0,0,0,1.11219343447856,0.0427511804904555,-0.0215989897964181
19.9749538275975,0.788819401181422,0.0141108140484717,-0.0111240769676139,-0.0239042228904091,0.0286119220296635,-0.0194879130028583,0,0,0,0,0,0,0,0,0,1.11261997186093,0.042535821606218,-0.0214626126264328
19.9849563082323,0.7889599882176,0.0139996573382564,-0.0111016887134847,-0.0236190077947039,0.0284169287118948,-0.0195008813067672,0,0,0,0,0,0,0,0,0,1.11304436194236,0.0423218217561213,-0.0213272461819578
19.994958788867,0.789099464537202,0.0138887264547318,-0.011078922854136,-0.0233357437448568,0.0282218116069633,-0.0195126641386044,0,0,0,0,0,0,0,0,0,1.11346661826601,0.0421091708723627,-0.0211928821184698
20.0049612695018,0.789237832417943,0.0137780251741317,-0.0110557795453351,-0.023054431919728,0.0280265825771046,-0.0195232605972368,0,0,0,0,0,0,0,0,0,1.11388675427475,0.0418978589701523,-0.0210595121383648
20.0149637501365,0.789375094175299,0.0136675572709883,-0.0110322589715501,-0.0227750733794824,0.0278312534931626,-0.0195326698626225,0,0,0,0,0,0,0,0,0,1.11430478331199,0.0416878761476801,-0.0209271280139818
20.0249662307713,0.789511252162494,0.0135573265178446,-0.0110083613461197,-0.0224976690655075,0.0276358362337767,-0.0195408911962908,0,0,0,0,0,0,0,0,0,1.1147207186225,0.0414792125847506,-0.0207957216321459
20.034968711406,0.789646308770474,0.0134473366849642,-0.0109840869114232,-0.0222222198003387,0.0274403426845618,-0.0195479239418232,0,0,0,0,0,0,0,0,0,1.11513457335323,0.0412718585418577,-0.0206652849238561
20.0449711920408,0.789780266427884,0.0133375915400409,-0.0109594359390511,-0.0219487262875949,0.0272447847372872,-0.0195537675253343,0,0,0,0,0,0,0,0,0,1.11554636055415,0.0410658043602257,-0.02053580986804
20.0549736726755,0.789913127601042,0.0132280948479047,-0.0109344087299747,-0.0216771891119204,0.0270491742890472,-0.0195584214559521,0,0,0,0,0,0,0,0,0,1.11595609317896,0.0408610404608097,-0.0204072885449841
20.0649761533103,0.790044894793909,0.0131188503702276,-0.0109090056147169,-0.0214076087389359,0.0268535232414293,-0.0195618853262995,0,0,0,0,0,0,0,0,0,1.116363784086,0.0406575573432677,-0.020279713118886
20.074978633945,0.790175570548054,0.0130098618652271,-0.0108832269535219,-0.0211399855151971,0.0266578434996755,-0.0195641588129741,0,0,0,0,0,0,0,0,0,1.11676944603893,0.0404553455853098,-0.0201530757832109
20.0849811145798,0.790305157442617,0.0129011330873681,-0.0108570731365254,-0.0208743196681641,0.0264621469718413,-0.0195652416770301,0,0,0,0,0,0,0,0,0,1.11717309170757,0.0402543958427632,-0.0200273688013651
20.0949835952145,0.790433658094276,0.0127926677870627,-0.0108305445839249,-0.0206106113061753,0.0262664455679476,-0.0195651337644579,0,0,0,0,0,0,0,0,0,1.11757473366869,0.0400546988481085,-0.019902584532075
20.1049860758493,0.790561075157198,0.0126844697103692,-0.0108036417461498,-0.0203488604184338,0.026070751199129,-0.0195638350066657,0,0,0,0,0,0,0,0,0,1.11797438440669,0.0398562454100361,-0.0197787153896474
20.114988556484,0.790687411322997,0.0125765425986883,-0.0107763651040313,-0.0200890668749993,0.025875075776777,-0.0195613454209599,0,0,0,0,0,0,0,0,0,1.11837205631446,0.039659026412778,-0.0196557538655414
20.1249910371188,0.790812669320688,0.0124688901884589,-0.0107487151689733,-0.0198312304267908,0.0256794312116784,-0.019557665111026,0,0,0,0,0,0,0,0,0,1.11876776169407,0.0394630328152331,-0.0195336924823345
20.1349935177535,0.790936851916631,0.0123615162108504,-0.0107206924831217,-0.0195753507055959,0.0254838294131487,-0.0195527942674093,0,0,0,0,0,0,0,0,0,1.11916151275751,0.0392682556512186,-0.0194125238579144
20.1449959983883,0.79105996191448,0.0122544243914554,-0.0106922976195349,-0.0193214272240914,0.0252882822881616,-0.0195467331679955,0,0,0,0,0,0,0,0,0,1.11955332162749,0.0390746860273123,-0.0192922406792508
20.154998479023,0.791182002155125,0.012147618449979,-0.0106635311823542,-0.0190694593758693,0.0250928017404717,-0.0195394821784917,0,0,0,0,0,0,0,0,0,1.1199432003381,0.0388823151236283,-0.0191728356552579
20.1650009596578,0.791302975516633,0.0120411020999272,-0.0106343938069734,-0.0188194464354746,0.024897399669735,-0.0195310417529073,0,0,0,0,0,0,0,0,0,1.12033116083561,0.0386911341926023,-0.0190543016236175
20.1750034402925,0.791422884914181,0.0119348790482935,-0.0106048861602097,-0.0185713875584508,0.0247020879706224,-0.0195214124340343,0,0,0,0,0,0,0,0,0,1.1207172149791,0.0385011345576304,-0.0189366314403221
20.1850059209273,0.791541733299992,0.0118289529952438,-0.010575008940473,-0.0183252817813931,0.0245068785319295,-0.0195105948539283,0,0,0,0,0,0,0,0,0,1.12110137454126,0.0383123076140638,-0.0188198180141042
20.195008401562,0.791659523663265,0.0117233276337992,-0.0105447628779368,-0.0180811280220131,0.0243117832356815,-0.0194985897343893,0,0,0,0,0,0,0,0,0,1.12148365120906,0.0381246448271592,-0.0187038543651694
20.2050108821968,0.791776259030099,0.0116180066495181,-0.0105141487347079,-0.0178389250792096,0.0241168139562325,-0.0194853978874426,0,0,0,0,0,0,0,0,0,1.12186405658444,0.0379381377318982,-0.0185887335253123
20.2150133628315,0.791891942463423,0.0115129937201752,-0.0104831673049968,-0.0175986716331512,0.0239219825593619,-0.0194710202158192,0,0,0,0,0,0,0,0,0,1.12224260218503,0.0377527779329363,-0.0184744485976787
20.2250158434663,0.792006577062908,0.0114082925154399,-0.0104518194152878,-0.0173603662453654,0.0237273009013632,-0.0194554577134366,0,0,0,0,0,0,0,0,0,1.12261929944481,0.0375685571032262,-0.0183609927805476
20.235018324101,0.792120165964893,0.0113039066965527,-0.0104201059245089,-0.0171240073588389,0.0235327808281305,-0.0194387114658802,0,0,0,0,0,0,0,0,0,1.12299415971483,0.0373854669834918,-0.0182483593071393
20.2450208047358,0.792232712342293,0.0111998399159996,-0.0103880277242024,-0.0168895932981258,0.0233384341742388,-0.019420782650883,0,0,0,0,0,0,0,0,0,1.12336719426386,0.037203499382055,-0.018136541447946
20.2550232853705,0.792344219404511,0.0110960958171854,-0.0103555857386947,-0.0166571222694656,0.0231442727620202,-0.0194016725388074,0,0,0,0,0,0,0,0,0,1.12373841427906,0.0370226461742629,-0.0180255325506089
20.2650257660053,0.792454690397348,0.0109926780341042,-0.0103227809252668,-0.0164265923609102,0.0229503084006345,-0.0193813824931252,0,0,0,0,0,0,0,0,0,1.12410783086667,0.0368428993015179,-0.0179153260530673
20.27502824664,0.792564128602905,0.0108895901910097,-0.0102896142743238,-0.0161980015424603,0.0227565528851359,-0.0193599139708988,0,0,0,0,0,0,0,0,0,1.12447545505264,0.0366642507704408,-0.017805915417671
20.2850307272748,0.792672537339484,0.010786835902083,-0.0102560868095661,-0.0159713476662118,0.0225630179955342,-0.0193372685232618,0,0,0,0,0,0,0,0,0,1.1248412977833,0.0364866926532194,-0.0176972941332203
20.2950332079095,0.792779919961486,0.0106844187710978,-0.0102221995881584,-0.0157466284665095,0.0223697154958514,-0.0193134477958996,0,0,0,0,0,0,0,0,0,1.12520536992602,0.0363102170867307,-0.0175894558046894
20.3050356885443,0.792886279859306,0.0105823423910859,-0.0101879537009008,-0.0155238415601136,0.0221766571331744,-0.0192884535295307,0,0,0,0,0,0,0,0,0,1.12556768226981,0.0361348162710949,-0.017482394091358
20.315038169179,0.792991620459223,0.0104806103439994,-0.0101533502723983,-0.0153029844463724,0.0219838546367001,-0.0192622875603867,0,0,0,0,0,0,0,0,0,1.125928245526,0.035960482470035,-0.0173761026593484
20.3250406498138,0.793095945223286,0.0103792262003716,-0.0101183904612315,-0.0150840545074068,0.0217913197167799,-0.0192349518206938,0,0,0,0,0,0,0,0,0,1.12628707032886,0.0357872080103797,-0.0172705752474957
20.3350431304485,0.793199257649202,0.0102781935189767,-0.0100830754601262,-0.0148670490083033,0.0215990640639556,-0.019206448339153,0,0,0,0,0,0,0,0,0,1.12664416723619,0.0356149852811068,-0.0171658056762801
20.3450456110833,0.793301561270212,0.0101775158464872,-0.0100474064961241,-0.0146519650973173,0.0214070993479925,-0.0191767792414211,0,0,0,0,0,0,0,0,0,1.12699954673002,0.035443806732666,-0.0170617878021476
20.355048091718,0.793402859654972,0.0100771967171295,-0.0100113848307524,-0.0144387998060853,0.021215437216907,-0.0191459467505916,0,0,0,0,0,0,0,0,0,1.12735321921713,0.0352736648769364,-0.0169585155248496
20.3650505723528,0.793503156407426,0.00997723965233894,-0.00997501176019453,-0.0142275500498479,0.0210240892959902,-0.0191139531876752,0,0,0,0,0,0,0,0,0,1.12770519502972,0.0351045522864031,-0.0168559828254312
20.3750530529875,0.793602455166674,0.00987764816041128,-0.0099382886154599,-0.0140182126276811,0.0208330671868251,-0.0190808009720807,0,0,0,0,0,0,0,0,0,1.128055484426,0.0349364615933542,-0.0167541837077622
20.3850555336223,0.793700759606841,0.00977842573615437,-0.00990121676255419,-0.0138107842227399,0.020642382466301,-0.0190464926220955,0,0,0,0,0,0,0,0,0,1.12840409759078,0.0347693854902273,-0.0166531122260839
20.395058014257,0.793798073436941,0.00967957586053657,-0.00986379760264948,-0.0136052614025083,0.020452046685621,-0.0190110307553671,0,0,0,0,0,0,0,0,0,1.12875104463609,0.0346033167282548,-0.0165527625457544
20.4050604948918,0.793894400400733,0.00958110200033466,-0.00982603257225443,-0.0134016406190629,0.0202620713693068,-0.0189744180893828,0,0,0,0,0,0,0,0,0,1.12909633560173,0.0344382481165962,-0.0164531288158967
20.4150629755265,0.793989744276584,0.00948300760777941,-0.00978792314338452,-0.013199918209344,0.0200724680141968,-0.0189366574419514,0,0,0,0,0,0,0,0,0,1.12943998045586,0.0342741725235306,-0.0163542052297742
20.4250654561613,0.794084108877314,0.00938529612019925,-0.009749470823732,-0.0130000903954374,0.019883248088441,-0.0188977517316834,0,0,0,0,0,0,0,0,0,1.12978198909561,0.034111082874381,-0.0162559860966379
20.435067936796,0.794177498050049,0.00928797095966293,-0.0097106771568362,-0.0128021532848669,0.0196944230304893,-0.0188577039784719,0,0,0,0,0,0,0,0,0,1.13012237134762,0.0339489721512698,-0.0161584657381506
20.4450704174308,0.79426991567607,0.00919103553261998,-0.00967154372225371,-0.012606102870896,0.0195060042480773,-0.0188165173039735,0,0,0,0,0,0,0,0,0,1.13046113696863,0.0337878333931148,-0.016061638531033
20.4550728980655,0.794361365670646,0.00909449322953971,-0.00963207213572839,-0.0124119350328406,0.0193180031172049,-0.0187741949320889,0,0,0,0,0,0,0,0,0,1.13079829564603,0.0336276596945318,-0.0159654988802239
20.4650753787003,0.794451851982882,0.00899834742454815,-0.00959226404936168,-0.0122196455363912,0.0191304309811118,-0.0187307401894439,0,0,0,0,0,0,0,0,0,1.13113385699841,0.0334684442063676,-0.0158700412534652
20.475077859335,0.794541378595548,0.00890260147506373,-0.00955212115178262,-0.0120292300339459,0.0189432991492475,-0.0186861565058696,0,0,0,0,0,0,0,0,0,1.13146783057613,0.0333101801339108,-0.0157752601904354
20.4850803399698,0.79462994952491,0.00880725872143096,-0.00951164516831809,-0.0118406840649536,0.0187566188962362,-0.0186404474148838,0,0,0,0,0,0,0,0,0,1.13180022586186,0.0331528607372417,-0.0156811502567238
20.4950828206046,0.794717568820561,0.00871232248655263,-0.00947083786116308,-0.0116540030562677,0.0185704014608382,-0.0185936165541716,0,0,0,0,0,0,0,0,0,1.13213105227115,0.0329964793303638,-0.0155877060678795
20.5050853012393,0.794804240565242,0.00861779607552011,-0.00942970102955052,-0.0114691823225095,0.0183846580449042,-0.0185456676660658,0,0,0,0,0,0,0,0,0,1.1324603191529,0.0328410292810733,-0.015494922262328
20.5150877818741,0.79488996887466,0.00852368277524203,-0.00938823650992174,-0.011286217066443,0.0181993998123276,-0.0184966045980281,0,0,0,0,0,0,0,0,0,1.13278803578997,0.032686504010632,-0.0154027935674462
20.5250902625088,0.794974757897311,0.00842998585407111,-0.00934644617609658,-0.01110510237936,0.0180146378879893,-0.0184464313031297,0,0,0,0,0,0,0,0,0,1.13311421139967,0.0325328969923145,-0.0153113147388691
20.5350927431436,0.795058611814284,0.00833670856142984,-0.00930433193944329,-0.0109258332414753,0.0178303833567,-0.0183951518405317,0,0,0,0,0,0,0,0,0,1.13343885513428,0.0323802017522958,-0.0152204805733563
20.5450952237783,0.795141534839078,0.00824385412743352,-0.0092618957490491,-0.0107484045223329,0.0176466472621359,-0.0183427703759669,0,0,0,0,0,0,0,0,0,1.13376197608162,0.0322284118679412,-0.015130285922355
20.5550977044131,0.7952235312174,0.00815142576251263,-0.00921913959189001,-0.0105728109812231,0.0174634406057704,-0.0182892911822192,0,0,0,0,0,0,0,0,0,1.13408358326548,0.0320775209684226,-0.0150407256577535
20.5651001850478,0.79530460522697,0.00805942665703255,-0.00917606549300116,-0.0103990472676093,0.0172807743458013,-0.0182347186396054,0,0,0,0,0,0,0,0,0,1.13440368564621,0.0319275227336927,-0.0149517947463414
20.5751026656826,0.795384761177319,0.00796785998091237,-0.00913267551564692,-0.0102271079215666,0.0170986593960724,-0.0181790572364554,0,0,0,0,0,0,0,0,0,1.1347222921212,0.0317784108936125,-0.0148634881494104
20.5851051463173,0.79546400340958,0.00787672888324152,-0.00908897176149103,-0.0100569873742316,0.016917106624991,-0.0181223115695933,0,0,0,0,0,0,0,0,0,1.13503941152535,0.031630179228934,-0.0147758008612146
20.5951076269521,0.795542336296278,0.00778603649189474,-0.00904495637076675,-0.00988867994826081,0.01673612685444,-0.0180644863448179,0,0,0,0,0,0,0,0,0,1.13535505263162,0.031482821569658,-0.0146887279830892
20.6051101075868,0.795619764241119,0.00769578591314555,-0.00900063152244715,-0.00972217985830293,0.0165557308586859,-0.0180055863773838,0,0,0,0,0,0,0,0,0,1.1356692241515,0.0313363317945341,-0.0146022646408114
20.6151125882216,0.795696291678769,0.00760598023127787,-0.00895599943441494,-0.00955748121147956,0.0163759293632809,-0.0179456165924815,0,0,0,0,0,0,0,0,0,1.1359819347355,0.0311907038310716,-0.0145164059548777
20.6251150688563,0.795771923074632,0.00751662250819606,-0.00891106236363308,-0.00939457800787868,0.0161967330439615,-0.017884582025719,0,0,0,0,0,0,0,0,0,1.13629319297361,0.0310459316556344,-0.0144311471040287
20.6351175494911,0.795846662924625,0.00742771578303308,-0.00886582260631455,-0.009233464141058,0.0160181525255416,-0.017822487823602,0,0,0,0,0,0,0,0,0,1.13660300739585,0.030902009292181,-0.0143464833558023
20.6451200301258,0.79592051575495,0.00733926307175694,-0.00882028249809269,-0.0090741333985602,0.0158401983808001,-0.017759339244015,0,0,0,0,0,0,0,0,0,1.13691138647265,0.030758930811748,-0.0142624099835342
20.6551225107606,0.795993486121857,0.00725126736677573,-0.00877444441419137,-0.00891657946243862,0.0156628811293653,-0.0176951416567015,0,0,0,0,0,0,0,0,0,1.13721833861543,0.0306166903328506,-0.0141789222874856
20.6651249913953,0.796065578611409,0.00716373163654079,-0.00872831076959502,-0.00876079590979473,0.0154862112365936,-0.0176299005437455,0,0,0,0,0,0,0,0,0,1.13752387217696,0.0304752820205436,-0.0140960156400701
20.6751274720301,0.796136797839239,0.00707665882514794,-0.00868188401921888,-0.00860677621332684,0.0153101991124426,-0.0175636215000517,0,0,0,0,0,0,0,0,0,1.13782799545192,0.0303347000859167,-0.0140136854397252
20.6851299526648,0.796207148450305,0.00699005185193734,-0.00863516665807921,-0.00845451374188957,0.0151348551103408,-0.0174963102338267,0,0,0,0,0,0,0,0,0,1.1381307166773,0.0301949387860789,-0.0139319271129233
20.6951324332996,0.796276635118641,0.00690391361109162,-0.00858816122146326,-0.00830400176106477,0.0149601895260522,-0.0174279725670593,0,0,0,0,0,0,0,0,0,1.13843204403287,0.0300559924236132,-0.0138507361594232
20.7051349139343,0.7963452625471,0.00681824697123209,-0.00854087028509963,-0.00815523343374441,0.0147862125965351,-0.0173586144360014,0,0,0,0,0,0,0,0,0,1.13873198564165,0.0299178553456555,-0.0137701080839542
20.7151373945691,0.7964130354671,0.00673305477501353,-0.00849329646532835,-0.00800820182072473,0.0146129344987971,-0.0172882418916492,0,0,0,0,0,0,0,0,0,1.13903054957033,0.0297805219447168,-0.0136900384280709
20.7251398752038,0.796479958638363,0.0066483398387167,-0.00844544241927089,-0.00786289988131017,0.014440365348745,-0.0172168611002233,0,0,0,0,0,0,0,0,0,1.13932774382974,0.029643986657124,-0.0136105228066532
20.7351423558386,0.796546036848645,0.00656410495184029,-0.00839731084500062,-0.00771932047393281,0.0142685152000299,-0.01714447834365,0,0,0,0,0,0,0,0,0,1.13962357637528,0.029508243963112,-0.013531556836268
20.7451448364733,0.796611274913468,0.00648035287668971,-0.00834890448171269,-0.00757745635677839,0.0140973940428874,-0.0170711000200416,0,0,0,0,0,0,0,0,0,1.13991805510736,0.0293732883866984,-0.0134531362154762
20.7551473171081,0.796675677675848,0.00639708634796549,-0.00830022610989437,-0.00743730018842828,0.0139270118029729,-0.0169967326441777,0,0,0,0,0,0,0,0,0,1.14021118787181,0.0292391144941681,-0.0133752566270852
20.7651497977428,0.796739250006014,0.00631430807234901,-0.008251278551495,-0.00729884452850971,0.0137573783401923,-0.0169213828479852,0,0,0,0,0,0,0,0,0,1.14050298246037,0.0291057168959039,-0.0132979138005897
20.7751522783776,0.796801996801127,0.00623202072808712,-0.00820206467009638,-0.00716208183836101,0.0135885034475283,-0.01684505738102,0,0,0,0,0,0,0,0,0,1.14079344661104,0.0289730902436221,-0.0132211035630786
20.7851547590123,0.796863922984991,0.00615022696457492,-0.00815258737108285,-0.0070270044817051,0.0134203968498605,-0.016767763110947,0,0,0,0,0,0,0,0,0,1.14108258800855,0.0288412292311845,-0.013144821717947
20.7951572396471,0.796925033507768,0.00606892940193662,-0.00810284960181133,-0.0068936047253384,0.0132530682027824,-0.0166895070240214,0,0,0,0,0,0,0,0,0,1.14137041428477,0.0287101285942601,-0.0130690641147963
20.8051597202818,0.796985333345677,0.00598813063060494,-0.00805285435178157,-0.00676187473982823,0.0130865270914124,-0.0166102962255686,0,0,0,0,0,0,0,0,0,1.14165693301912,0.0285797831097393,-0.0129938265904877
20.8151622009166,0.7970448275007,0.00590783321089859,-0.00800260465280638,-0.00663180660022472,0.0129207830292005,-0.0165301379404664,0,0,0,0,0,0,0,0,0,1.14194215173897,0.0284501875965748,-0.0129191051309458
20.8251646815513,0.797103521000273,0.00582803967259847,-0.00795210357918163,-0.00650339228678326,0.0127558454567305,-0.0164490395136242,0,0,0,0,0,0,0,0,0,1.1422260779201,0.0283213369119581,-0.0128448957385642
20.8351671621861,0.797161418896984,0.00574875251452171,-0.00790135424785652,-0.00637662368569927,0.0125917237405157,-0.0163670084104649,0,0,0,0,0,0,0,0,0,1.142508718987,0.0281932259548141,-0.0127711943104308
20.8451696428208,0.797218526268257,0.00566997420409405,-0.00785035981860367,-0.00625149258985541,0.0124284271717929,-0.0162840522174051,0,0,0,0,0,0,0,0,0,1.14279008231339,0.0280658496644127,-0.0126979969310782
20.8551721234556,0.79727484821604,0.00559170717692089,-0.00779912349418927,-0.00612799069958064,0.0122659649653082,-0.016200178642336,0,0,0,0,0,0,0,0,0,1.14307017522253,0.0279392030180076,-0.0126252996596405
20.8651746040903,0.797330389866479,0.00551395383635633,-0.00774764852054342,-0.00600610962342077,0.0121043462581001,-0.0161153955151043,0,0,0,0,0,0,0,0,0,1.14334900498766,0.0278132810337057,-0.0125530985576911
20.8751770847251,0.797385156369599,0.0054367165530704,-0.00769593818693,-0.00588584087892294,0.0119435801082779,-0.0160297107879927,0,0,0,0,0,0,0,0,0,1.14362657883239,0.0276880787675487,-0.0124813898011196
20.8851795653598,0.797439152898971,0.00535999766461503,-0.00764399582611695,-0.00576717589342984,0.0117836754937932,-0.0159431325362007,0,0,0,0,0,0,0,0,0,1.14390290393103,0.0275635913141448,-0.0124101695635892
20.8951820459946,0.797492384651381,0.0052837994749878,-0.00759182481454657,-0.00565010600488858,0.0116246413112094,-0.0158556689583257,0,0,0,0,0,0,0,0,0,1.14417798740907,0.0274398138060812,-0.0123394340126569
20.9051845266293,0.79754485684649,0.00520812425419451,-0.00753942857250538,-0.00553462246267133,0.0114664863744641,-0.0157673283768434,0,0,0,0,0,0,0,0,0,1.14445183634347,0.027316741414634,-0.0122691793736027
20.9151870072641,0.797596574726493,0.00513297423780954,-0.0074868105642946,-0.00542071642840683,0.0113092194136286,-0.0156781192385885,0,0,0,0,0,0,0,0,0,1.14472445776308,0.0271943693479037,-0.0121994019235838
20.9251894878988,0.797647543555772,0.00505835162653476,-0.00743397429840005,-0.00530837897682629,0.0111528490736596,-0.015588050115236,0,0,0,0,0,0,0,0,0,1.14499585864902,0.0270726928516416,-0.0121300979274321
20.9351919685336,0.797697768620546,0.00498425858575688,-0.00738092332766238,-0.00519760109662049,0.010997383913151,-0.0154971297037813,0,0,0,0,0,0,0,0,0,1.14526604593504,0.0269517072086701,-0.01206126375722
20.9451944491683,0.797747255228515,0.00491069724510282,-0.00732766124944739,-0.00508837369131099,0.0108428324030754,-0.0154053668270212,0,0,0,0,0,0,0,0,0,1.14553502650788,0.0268314077373172,-0.0119928957748969
20.9551969298031,0.797796008708498,0.00483766969799354,-0.00727419170581591,-0.00498068758013123,0.0106892029255247,-0.0153127704340352,0,0,0,0,0,0,0,0,0,1.14580280720763,0.0267117897931841,-0.0119249903291671
20.9651994104378,0.797844034410072,0.00476517800119619,-0.00722051838369413,-0.004874533498923,0.0105365037724442,-0.015219349600665,0,0,0,0,0,0,0,0,0,1.14606939482813,0.026592848767643,-0.0118575438256355
20.9752018910726,0.797891337703203,0.0046932241743742,-0.00716664501504377,-0.00476990210104442,0.0103847431443622,-0.0151251135299971,0,0,0,0,0,0,0,0,0,1.14633479611727,0.0264745800882009,-0.0117905527575902
20.9852043717073,0.797937923977867,0.00462181019963644,-0.00711257537703206,-0.00466678395829032,0.0102339291491154,-0.0150300715528413,0,0,0,0,0,0,0,0,0,1.14659901777742,0.0263569792163814,-0.0117240136496081
20.9952068523421,0.797983798643681,0.00455093802108386,-0.00705831329220224,-0.00456516956182593,0.0100840698005677,-0.0149342331282135,0,0,0,0,0,0,0,0,0,1.14686206646568,0.0262400416492174,-0.0116579229107785
21.0052093329768,0.798028967129512,0.0044806095443548,-0.00700386262864322,-0.00446504932313335,0.00993517301732666,-0.0148376078438155,0,0,0,0,0,0,0,0,0,1.14712394879432,0.0261237629200685,-0.0115922770635641
21.0152118136116,0.798073434883097,0.00441082663616853,-0.00694922730016023,-0.00436641357497067,0.00978724662145337,-0.0147402054165157,0,0,0,0,0,0,0,0,0,1.14738467133111,0.0260081385955354,-0.0115270727828415
21.0252142942464,0.798117207370646,0.0043415911238674,-0.00689441126644469,-0.00426925257234442,0.00964029833716828,-0.0146420356928299,0,0,0,0,0,0,0,0,0,1.14764424059962,0.025893164275497,-0.0114623066869291
21.0352167748811,0.798160290076448,0.0042729047949568,-0.00683941853324445,-0.00417355649349418,0.00949433578955168,-0.0145431086494027,0,0,0,0,0,0,0,0,0,1.14790266307959,0.0257788355942043,-0.0113979753190535
21.0452192555158,0.798202688502472,0.00420476939664356,-0.00678425315253384,-0.00407931544089116,0.00934936650323957,-0.0144434343934874,0,0,0,0,0,0,0,0,0,1.14815994520725,0.0256651482206886,-0.0113340753073491
21.0552217361506,0.79824440816796,0.0041371866353729,-0.00672891922268411,-0.00398651944224965,0.00920539790111582,-0.0143430231634273,0,0,0,0,0,0,0,0,0,1.14841609337572,0.0255520978566551,-0.0112706033932974
21.0652242167854,0.798285454609015,0.0040701581763633,-0.00667342088863315,-0.0038951584515505,0.00906243730299719,-0.0142418853291361,0,0,0,0,0,0,0,0,0,1.14867111393523,0.0254396802363217,-0.0112075563144515
21.0752266974201,0.798325833378189,0.00400368564314011,-0.00661776234205611,-0.0038052223500798,0.00892049192431617,-0.0141400313925791,0,0,0,0,0,0,0,0,0,1.14892501319355,0.0253278911266588,-0.0111449308119081
21.0852291780549,0.798365550044064,0.00393777061706703,-0.00656194782153524,-0.0037167009474785,0.00877956887479653,-0.0140374719882534,0,0,0,0,0,0,0,0,0,1.14917779741626,0.0252167263270782,-0.0110827235799628
21.0952316586896,0.798404610190825,0.00387241463687611,-0.00650598161273007,-0.00362958398280724,0.00863967515712617,-0.0139342178836693,0,0,0,0,0,0,0,0,0,1.14942947282707,0.025106181670681,-0.0110209314466265
21.1052341393244,0.798443019417834,0.00380761919819595,-0.00644986804854787,-0.00354386112562285,0.00850081766562404,-0.0138302799798307,0,0,0,0,0,0,0,0,0,1.1496800456082,0.0249962530203347,-0.0109595512897134
21.1152366199591,0.798480783339195,0.00374338575307852,-0.00639361150931332,-0.00345952197706992,0.00836300318490215,-0.0137256693117157,0,0,0,0,0,0,0,0,0,1.14992952190062,0.0248869362715992,-0.0108985799310165
21.1252391005939,0.798517907583317,0.00367971570952356,-0.00633721642293907,-0.00337655607098386,0.00822623838852346,-0.0136203970487576,0,0,0,0,0,0,0,0,0,1.15017790780443,0.0247782273509221,-0.01083801421984
21.1352415812286,0.798554397792469,0.00361661043100226,-0.00628068726509569,-0.00329495287500936,0.00809052983765415,-0.0135144744953257,0,0,0,0,0,0,0,0,0,1.15042520937911,0.024670122216893,-0.0107778510306779
21.1452440618634,0.798590259622334,0.00355407123597818,-0.00622402855938185,-0.00321470179173058,0.00795588397971242,-0.0134079130912062,0,0,0,0,0,0,0,0,0,1.1506714326439,0.0245626168584849,-0.0107180874216918
21.1552465424981,0.798625498741557,0.00349209939742744,-0.00616724487749466,-0.00313579215981627,0.00782230714701028,-0.0133007244120822,0,0,0,0,0,0,0,0,0,1.15091658357804,0.0244557072931389,-0.0106587202541588
21.1652490231329,0.798660120831283,0.00343069614235667,-0.00611034083939961,-0.00305821325517733,0.00768980555539301,-0.0131929201700156,0,0,0,0,0,0,0,0,0,1.15116066812111,0.024349389572618,-0.0105997464359671
21.1752515037676,0.798694131584702,0.00336986265131893,-0.00605332111350059,-0.0029819542921396,0.00755838530287202,-0.0130845122139268,0,0,0,0,0,0,0,0,0,1.15140369217337,0.0242436597762208,-0.0105411631204957
21.1852539844024,0.798727536706576,0.00330960005792904,-0.00599619041681064,-0.00290700442462788,0.00742805236825361,-0.0129755125300762,0,0,0,0,0,0,0,0,0,1.15164566159597,0.024138514012657,-0.0104829673266186
21.1952564650371,0.798760341912769,0.00324990944837597,-0.0059389535151213,-0.0028333527473669,0.00729881260976288,-0.0128659332425444,0,0,0,0,0,0,0,0,0,1.1518865822113,0.0240339484208624,-0.0104251560537434
21.2052589456719,0.798792552929773,0.00319079186093445,-0.00588161522317354,-0.00276098829709251,0.00717067176366263,-0.0127557866137138,0,0,0,0,0,0,0,0,0,1.15212645980328,0.0239299591695734,-0.0103677263345127
21.2152614263066,0.79882417549422,0.00313224828547427,-0.00582418040482733,-0.00268990005378028,0.00704363544286826,-0.0126450850447481,0,0,0,0,0,0,0,0,0,1.15236530011767,0.0238265424570876,-0.0103106753569395
21.2252639069414,0.798855215352401,0.00307427966296805,-0.00576665397323202,-0.00262007694188468,0.00691770913555601,-0.0125338410760745,0,0,0,0,0,0,0,0,0,1.15260310886232,0.0237236945083954,-0.0102540002696729
21.2352663875761,0.798885678259772,0.00301688688499775,-0.00570904089099672,-0.00255150783159502,0.00679289820376861,-0.0124220673878631,0,0,0,0,0,0,0,0,0,1.15283989170748,0.0236214115788354,-0.0101976981831169
21.2452688682109,0.79891556998046,0.00296007079325875,-0.00565134617036002,-0.00248418154010313,0.00666920788201498,-0.0123097768005087,0,0,0,0,0,0,0,0,0,1.15307565428609,0.0235196899512041,-0.0101417662884049
21.2552713488456,0.798944896286755,0.00290383217906259,-0.00559357487336041,-0.00241808683288644,0.00654664327586411,-0.012196982275111,0,0,0,0,0,0,0,0,0,1.15331040219402,0.0234185259370315,-0.0100862017248103
21.2652738294804,0.798973662958612,0.00284817178283829,-0.00553573211200651,-0.00235321242500511,0.00642520936053724,-0.0120836969139554,0,0,0,0,0,0,0,0,0,1.15354414099044,0.0233179158763428,-0.0100310018540171
21.2752763101151,0.799001875783134,0.00279309029363132,-0.00547782304844684,-0.00228954698241232,0.00630491097949153,-0.0119699339609942,0,0,0,0,0,0,0,0,0,1.15377687619801,0.0232178561334476,-0.00997616385738287
21.2852787907499,0.799029540554057,0.00273858834860156,-0.00541985289514057,-0.00222707912327974,0.00618575284300108,-0.0118557068023268,0,0,0,0,0,0,0,0,0,1.15400861330316,0.0231183431047577,-0.00992168493237145
21.2952812713846,0.799056663071229,0.00268466653251877,-0.00536182691502715,-0.00216579741933631,0.00606773952673352,-0.0117410289666808,0,0,0,0,0,0,0,0,0,1.15423935775644,0.0230193732106473,-0.0098675625089029
21.3052837520194,0.799083249140084,0.00263132537725743,-0.00530375042169659,-0.00210569039722222,0.00595087547031958,-0.0116259141258925,0,0,0,0,0,0,0,0,0,1.15446911497268,0.0229209428989427,-0.00981379380058096
21.3152862326541,0.799109304571106,0.00257856536128865,-0.00524562877955996,-0.00204674653985684,0.00583516497592078,-0.0115103760953881,0,0,0,0,0,0,0,0,0,1.15469789033139,0.0228230486457598,-0.00976037621772395
21.3252887132889,0.7991348351793,0.00252638690917137,-0.00518746740401906,-0.0019889542878207,0.00572061220678923,-0.011394428834664,0,0,0,0,0,0,0,0,0,1.15492568917689,0.0227256869507314,-0.00970730708547517
21.3352911939236,0.799159846783643,0.00247479039104131,-0.00512927176163678,-0.0019323020407519,0.00560722118582533,-0.0112780864477676,0,0,0,0,0,0,0,0,0,1.15515251681867,0.0226288543434837,-0.00965458378601674
21.3452936745584,0.799184345206541,0.00242377612209839,-0.00507104737030748,-0.00187677815875822,0.00549499579412907,-0.0111613631837785,0,0,0,0,0,0,0,0,0,1.15537837853161,0.022532547376019,-0.00960220379867209
21.3552961551931,0.799208336273276,0.00237334436209256,-0.00501279979942664,-0.001822370963841,0.00538393976954658,-0.011044273437289,0,0,0,0,0,0,0,0,0,1.15560327955623,0.0224367626283894,-0.00955016442467758
21.3652986358279,0.799231825811448,0.0023234953148077,-0.00495453467006158,-0.00176906874133725,0.0052740567052133,-0.0109268317488846,0,0,0,0,0,0,0,0,0,1.155827225099,0.0223414967065859,-0.00949846316458431
21.3753011164626,0.799254819650414,0.00227422912754374,-0.00489625765512122,-0.00171685974137331,0.00516535004808969,-0.0108090528056248,0,0,0,0,0,0,0,0,0,1.15605022033254,0.0222467462406621,-0.0094470975410008
21.3853035970974,0.799277323620719,0.00222554589059788,-0.00483797447952627,-0.00166573218033467,0.00505782309749582,-0.0106909514415247,0,0,0,0,0,0,0,0,0,1.15627227039592,0.022152507886169,-0.00939606498056401
21.3953060777321,0.799299343553524,0.00217744563674268,-0.00477969092037974,-0.00161567424234935,0.00495147900363664,-0.0105725426380346,0,0,0,0,0,0,0,0,0,1.15649338039483,0.0220587783246402,-0.00934536309569146
21.4053085583669,0.79932088528003,0.00212992834070377,-0.00472141280713663,-0.00156667408078831,0.00484632076612688,-0.0104538415245215,0,0,0,0,0,0,0,0,0,1.15671355540196,0.0219655542593902,-0.00929498944287629
21.4153110390016,0.799341954630889,0.00208299391863544,-0.00466314602177422,-0.00151871981977741,0.00474235123250761,-0.0103348633787493,0,0,0,0,0,0,0,0,0,1.15693280045705,0.0218728324208351,-0.00924494124992984
21.4253135196364,0.799362557435622,0.00203664222759394,-0.00460489649896266,-0.00147179955572685,0.00463957309676083,-0.0102156236273604,0,0,0,0,0,0,0,0,0,1.15715112056739,0.0217806095677466,-0.0091952164140314
21.4353160002711,0.799382699522021,0.00199087306500997,-0.0045466702262343,-0.0014259013588756,0.0045379888978173,-0.0100961378463556,0,0,0,0,0,0,0,0,0,1.15736852070788,0.0216888824726077,-0.00914581257421002
21.4453184809059,0.799402386715554,0.00194568616815916,-0.00448847324415472,-0.00138101327484727,0.00443760101805931,-0.00997642176157546,0,0,0,0,0,0,0,0,0,1.15758500582123,0.0215976479414214,-0.00909672703670536
21.4553209615406,0.799421624838754,0.00190108121363017,-0.00443031164649219,-0.00133712332622607,0.00433841168182161,-0.00985649124918042,0,0,0,0,0,0,0,0,0,1.15780058081846,0.0215069028005591,-0.00904795768924086
21.4653234421754,0.799440419710616,0.00185705781679234,-0.0043721915803882,-0.00129421951414299,0.0042404229538826,-0.00973636233613257,0,0,0,0,0,0,0,0,0,1.15801525057878,0.02141664389828,-0.0089995020792891
21.4753259228101,0.799458777145979,0.00181361553126064,-0.00431411924652765,-0.00125228981988149,0.00414363673795682,-0.0096160512006751,0,0,0,0,0,0,0,0,0,1.15822901995017,0.0213268681100182,-0.00895135798028469
21.4853284034449,0.799476702954906,0.00177075384835935,-0.0042561008993087,-0.00121132220649411,0.0040480547751764,-0.00949557417281458,0,0,0,0,0,0,0,0,0,1.15844189374932,0.021237572328575,-0.0089035230300859
21.4953308840796,0.799494202942057,0.00172847219658395,-0.00419814284701327,-0.00117130462043774,0.00395367864257242,-0.00937494773480001,0,0,0,0,0,0,0,0,0,1.15865387676206,0.0211487534766392,-0.0088559949588652
21.5053333647144,0.799511282906061,0.00168676994106107,-0.00414025145197689,-0.00113222499322213,0.00386050975154908,-0.00925418852160514,0,0,0,0,0,0,0,0,0,1.15886497374352,0.02106040849242,-0.00880877140728862
21.5153358453491,0.799527948638876,0.00164564638300742,-0.00408243313075909,-0.00109407124307348,0.00376854934635319,-0.00913331332140838,0,0,0,0,0,0,0,0,0,1.15907518941827,0.0209725343458045,-0.00876184991575405
21.5253383259839,0.799544205925149,0.00160510075918595,-0.00402469435431352,-0.00105683127661554,0.00367779850254138,-0.00901233907607368,0,0,0,0,0,0,0,0,0,1.15928452848083,0.0208851280242061,-0.00871522896456586
21.5353408066186,0.799560060541568,0.00156513224136166,-0.00396704164815794,-0.00102049299056403,0.00358825812543764,-0.00889128288163132,0,0,0,0,0,0,0,0,0,1.1594929955955,0.0207981865279135,-0.00866890589199629
21.5453432872534,0.79957551825621,0.00152573993575448,-0.00390948159254453,-0.000985044273436209,0.00349992894859037,-0.00877016198875874,0,0,0,0,0,0,0,0,0,1.1597005953968,0.0207117068975878,-0.00862287811804881
21.5553457678881,0.799590584827881,0.0014869228824907,-0.00385202082263016,-0.00095047300727838,0.00341281153222364,-0.00864899380326178,0,0,0,0,0,0,0,0,0,1.15990733248982,0.0206256861851303,-0.00857714411063872
21.5653482485229,0.799605266005453,0.00144868005505384,-0.00379466602864608,-0.000916767069406299,0.00332690626168198,-0.00852779588655395,0,0,0,0,0,0,0,0,0,1.16011321145009,0.0205401214618515,-0.00853170152614574
21.5753507291576,0.799619567527196,0.00141101035973193,-0.00373742395606873,-0.000883914334161406,0.00324221334587201,-0.00840658595613893,0,0,0,0,0,0,0,0,0,1.16031823682413,0.0204550098265368,-0.00848654797469223
21.5853532097924,0.7996334951201,0.00137391263506467,-0.00368030140578932,-0.000851902674686489,0.00315873281569856,-0.00828538188609035,0,0,0,0,0,0,0,0,0,1.16052241312944,0.020370348398306,-0.00844168144610967
21.5953556904271,0.799647054499197,0.0013373856512881,-0.00362330523428428,-0.000820719964710365,0.00307646452249709,-0.00816420170753274,0,0,0,0,0,0,0,0,0,1.16072574485489,0.0202861343161579,-0.00839710017548085
21.6053581710619,0.799660251366876,0.00130142810977779,-0.0035664423537855,-0.000790354080354161,0.00299540813645878,-0.00804306360912242,0,0,0,0,0,0,0,0,0,1.16092823646074,0.0202023647345194,-0.00835280189183473
21.6153606516967,0.799673091412187,0.00126603864249037,-0.00350971973245013,-0.000760792901949747,0.00291556314505337,-0.00792198593752814,0,0,0,0,0,0,0,0,0,1.16112989237895,0.0201190368378199,-0.00830878411062458
21.6253631323314,0.799685580310148,0.00123121581140309,-0.0034531443945311,-0.000732024315877405,0.00283692885144665,-0.00780098719791188,0,0,0,0,0,0,0,0,0,1.16133071701346,0.0200361478301897,-0.00826504504086268
21.6353656129662,0.799697723721043,0.00119695810795199,-0.00339672342054712,-0.000704036216414211,0.00275950437291184,-0.00768008605440944,0,0,0,0,0,0,0,0,0,1.16153071474028,0.0199536949318868,-0.00822158302059781
21.6453680936009,0.799709527289706,0.0011632639524683,-0.00334046394745276,-0.000676816507604289,0.00268328863923768,-0.00755930133061182,0,0,0,0,0,0,0,0,0,1.16172988990776,0.0198716753802887,-0.00817839550756314
21.6553705742357,0.799720996644819,0.00113013169361311,-0.00328437316880877,-0.000650353105139861,0.00260828039113013,-0.00743865201004468,0,0,0,0,0,0,0,0,0,1.16192824683663,0.0197900864465113,-0.00813548050419606
21.6653730548704,0.799732137398181,0.00109755960780996,-0.0032284583349521,-0.00062463393826237,0.00253447817861237,-0.00731815723665089,0,0,0,0,0,0,0,0,0,1.16212578982064,0.0197089254078934,-0.00809283671163246
21.6753755355052,0.79974295514399,0.00106554589867669,-0.00317272675316611,-0.000599646951676386,0.00246188035941436,-0.00719783631526997,0,0,0,0,0,0,0,0,0,1.16232252312608,0.0196281895615347,-0.00805046139263032
21.6853780161399,0.799753455458107,0.00103408869645467,-0.00311718578785089,-0.000575380107482204,0.00239048509736507,-0.00707770871211903,0,0,0,0,0,0,0,0,0,1.16251845099261,0.0195478762395323,-0.00800835284775173
21.6953804967747,0.799763643897322,0.00100318605743632,-0.00306184286069303,-0.000551821387122148,0.00232029036077269,-0.00695779405527376,0,0,0,0,0,0,0,0,0,1.16271357763315,0.0194679827729829,-0.00796650931820493
21.7053829774094,0.799773525998614,0.000972835963392031,-0.00300670545083608,-0.000528958793345968,0.00225129392080465,-0.00683811213514955,0,0,0,0,0,0,0,0,0,1.16290790723398,0.0193885065291684,-0.00792492821710124
21.7153854580442,0.799783107278394,0.000943036320993643,-0.00295178109505077,-0.000506780352188874,0.00218349334986183,-0.00671868290498152,0,0,0,0,0,0,0,0,0,1.16310144395534,0.0193094448909362,-0.0078836085479478
21.7253879386789,0.799792393231761,0.000913784961237923,-0.00289707738790477,-0.000485274114970541,0.00211688601994619,-0.00659952648130584,0,0,0,0,0,0,0,0,0,1.16329419193116,0.0192307952455028,-0.00784254826215684
21.7353904193137,0.799801389331737,0.000885079638867553,-0.00284260198193332,-0.000464428160304647,0.00205146910102607,-0.00648066314443988,0,0,0,0,0,0,0,0,0,1.16348615526941,0.0191525550166976,-0.00780174476865054
21.7453928999484,0.7998101010285,0.000856918031789958,-0.00278836258780903,-0.000444230596129885,0.0019872395593954,-0.00636211333896383,0,0,0,0,0,0,0,0,0,1.16367733805248,0.0190747216435714,-0.00776119671780777
21.7553953805832,0.799818533748616,0.000829297740495283,-0.00273436697451224,-0.000424669561755964,0.00192419415602759,-0.00624389767420085,0,0,0,0,0,0,0,0,0,1.16386774433711,0.0189972925769529,-0.00772090226206444
21.7653978612179,0.799826692894261,0.000802216287472422,-0.00268062296950116,-0.000405733229923183,0.00186232944492623,-0.0061260369246979,0,0,0,0,0,0,0,0,0,1.1640573781547,0.0189202652928532,-0.00768085939574053
21.7754003418527,0.799834583842436,0.00077567111662296,-0.00262713845888184,-0.000387409808883715,0.00180164177146944,-0.00600855203070635,0,0,0,0,0,0,0,0,0,1.1642462435115,0.0188436372822246,-0.00764106659332497
21.7854028224874,0.79984221194418,0.000749659592673951,-0.0025739213875785,-0.000369687544494152,0.00174212727075014,-0.0058914640986636,0,0,0,0,0,0,0,0,0,1.16443434438871,0.0187674060515961,-0.0076015217037111
21.7954053031222,0.799849582523774,0.000724179000588424,-0.00252097975950385,-0.000352554722328979,0.0016837818659109,-0.00577479440167281,0,0,0,0,0,0,0,0,0,1.1646216847427,0.0186915691349526,-0.00756222319432826
21.8054077837569,0.79985670087794,0.000699226544974951,-0.00246832163772863,-0.00033599966980849,0.00162660126647614,-0.00565856437998401,0,0,0,0,0,0,0,0,0,1.16480826850532,0.0186161240694822,-0.00752316965146046
21.8154102643917,0.799863572275035,0.000674799349494784,-0.00241595514465267,-0.000320010758343314,0.0015705809666752,-0.00554279564147489,0,0,0,0,0,0,0,0,0,1.16499409958369,0.0185410684174512,-0.00748435837055277
21.8254127450264,0.79987020195424,0.000650894456267384,-0.00236388846217416,-0.000304576405496443,0.0015157162437655,-0.00542750996213191,0,0,0,0,0,0,0,0,0,1.16517918186091,0.0184663997701522,-0.0074457877936802
21.8354152256612,0.799876595124736,0.000627508825275007,-0.00231212983186035,-0.000289685077163621,0.00146200215634828,-0.00531272928653056,0,0,0,0,0,0,0,0,0,1.16536351919588,0.0183921157210177,-0.00740745665976683
21.8454177062959,0.799882756964887,0.000604639333764201,-0.00226068755511767,-0.000275325289765177,0.00140943354267826,-0.00519847572831605,0,0,0,0,0,0,0,0,0,1.16554711542357,0.0183182138865681,-0.00736936365538762
21.8554201869307,0.799888692621401,0.000582282775647217,-0.00220956999336162,-0.000261485612462947,0.00135800501897227,-0.00508477157068467,0,0,0,0,0,0,0,0,0,1.16572997435521,0.0182446918865108,-0.00733150646305249
21.8654226675654,0.799894407208503,0.000560435860900661,-0.00215878556818711,-0.000248154669385714,0.00130771097770899,-0.00497163926686404,0,0,0,0,0,0,0,0,0,1.16591209977814,0.0181715473837276,-0.0072938827491935
21.8754251482002,0.799899905807084,0.000539095214962378,-0.00210834276153865,-0.000235321141878686,0.00125854558592832,-0.00485910144059436,0,0,0,0,0,0,0,0,0,1.16609349545683,0.0180987780446089,-0.00725649188599091
21.8854276288349,0.799905193463855,0.000518257378127163,-0.00205825011588028,-0.00022297377076505,0.00121050278351975,-0.00474718088660818,0,0,0,0,0,0,0,0,0,1.16627416513194,0.0180263815445959,-0.00721933189100829
21.8954301094697,0.799910275190495,0.000497918804940871,-0.00200851623436622,-0.000211101358627785,0.00116357628151378,-0.00463590057111227,0,0,0,0,0,0,0,0,0,1.16645411252146,0.0179543555897376,-0.00718240138039772
21.9054325901044,0.799915155962789,0.000478075863592026,-0.0019591497810104,-0.000199692772106547,0.00111775956036085,-0.00452528363226815,0,0,0,0,0,0,0,0,0,1.16663334132014,0.017882697883159,-0.00714569799000876
21.9154350707392,0.799919840719757,0.000458724835302411,-0.0019101594808569,-0.000188736944212758,0.00107304586821048,-0.00441535338067198,0,0,0,0,0,0,0,0,0,1.1668118552,0.0178114061782039,-0.00710921985749501
21.9254375513739,0.799924334362788,0.000439861913715894,-0.00186155412015043,-0.000178222876663109,0.00102942821918541,-0.00430613329983663,0,0,0,0,0,0,0,0,0,1.16698965781089,0.0177404782152535,-0.00707296767592155
21.9354400320087,0.799928641754756,0.000421483204285297,-0.00181334254650574,-0.000168139642226506,0.00098689939164651,-0.0041976470466713,0,0,0,0,0,0,0,0,0,1.1671667527796,0.0176699117337867,-0.00703693796211294
21.9454425126434,0.799932767719135,0.000403584723657854,-0.00176553366907864,-0.000158476387094236,0.000945451926458257,-0.00408991845196316,0,0,0,0,0,0,0,0,0,1.16734314371076,0.0175997045438655,-0.444268117445542
21.9554449932782,0.799936717039112,0.000386162399058275,-0.00171813645873542,-0.000149222333261062,0.000905078125247091,-0.00398297152085746,0,0,0,0,0,0,0,0,0,1.16751883418736,0.00878234525101506,-0.879766989136774
21.9654474739129,0.799940494456683,0.000369212067671369,-0.00167115994822338,-0.000140366780929324,0.000865770048653714,-0.00387683043333865,0,0,0,0,0,0,0,0,0,1.16751883418736,0,-0.439008360611194
21.9754499545477,0.799944104671755,0.00035272947602167,-0.00162461323234107,-0.00013189911092587,0.000827519514583279,-0.00377151954471124,0,0,0,0,0,0,0,0,0,1.16751883418736,0,0
21.9854524351824,0.799947552341233,0.000336710279352295,-0.00157850546810816,-0.000123808787142188,0.000790318096447557,-0.0036670633860799,0,0,0,0,0,0,0,0,0,1.16751883418736,0,0
21.9954549158172,0.799950842078104,0.000321150041001375,-0.00153284587493567,-0.000116085358984386,0.000754157121406559,-0.00356348666483089,0,0,0,0,0,0,0,0,0,1.16751883418736,0,0
22.0054573964519,0.799953978450515,0.000306044231777387,-0.00148764373479644,-0.000108718463849106,0.000719027668600254,-0.00346081426511295,0,0,0,0,0,0,0,0,0,1.16751883418736,0,0
22.0154598770867,0.799956965980845,0.000291388229332397,-0.00144290839239469,-0.00010169782961042,0.000684920567380036,-0.00335907124831757,0,0,0,0,0,0,0,0,0,1.16751883418736,0,0
22.0254623577214,0.799959809144771,0.000277177317534121,-0.00139864925533683,-9.50132771289636e-05,0.000651826395532988,-0.0032582828535594,0,0,0,0,0,0,0,0,0,1.16751883418736,0,0
22.0354648383562,0.799962512370322,0.000263406685835244,-0.00135487579430112,-8.86547227759715e-05,0.000619735477500932,-0.00315847449815809,0,0,0,0,0,0,0,0,0,1.16751883418736,0,0
22.0454673189909,0.799965080036938,0.000250071428641918,-0.00131159754320803,-8.26121809773817e-05,0.000588637882597367,-0.00305967177811835,0,0,0,0,0,0,0,0,0,1.16751883418736,0,0
22.0554697996257,0.799967516474511,0.000237166544680908,-0.0012688240993906,-7.68757667730935e-05,0.000558523423214467,-0.00296190046861099,0,0,0,0,0,0,0,0,0,1.16751883418736,0,0
22.0654722802604,0.799969825962427,0.00022468693636353,-0.00122656512376404,-7.14356983971542e-05,0.000529381653033138,-0.00286518652445312,0,0,0,0,0,0,0,0,0,1.16751883418736,0,0
22.0754747608952,0.799972012728599,0.000212627409149582,-0.00118483034099639,-6.62822998749035e-05,0.000501201865219585,-0.00276955608058963,0,0,0,0,0,0,0,0,0,1.16751883418736,0,0
22.0854772415299,0.799974080948496,0.000200982670908414,-0.00114362953967865,-6.14060036355502e-05,0.000473973090623486,-0.00267503545257358,0,0,0,0,0,0,0,0,0,1.16751883418736,0,0
22.0954797221647,0.799976034744158,0.000189747331278696,-0.00110297257249442,-5.67973531473975e-05,0.00044768409596841,-0.00258165113704711,0,0,0,0,0,0,0,0,0,1.16751883418736,0,0
22.1054822027994,0.799977878183218,0.000178915901026609,-0.00106286935639079,-5.24470055682236e-05,0.000422323382038308,-0.00248942981222207,0,0,0,0,0,0,0,0,0,1.16751883418736,0,0
22.1154846834342,0.799979615277905,0.000168482791402365,-0.001023329872748,-4.83457344133409e-05,0.000397879181858496,-0.00239839833836091,0,0,0,0,0,0,0,0,0,1.16751883418736,0,0
22.1254871640689,0.799981249984043,0.000158442313494357,-0.000984364167549653,-4.44844322431137e-05,0.000374339458871888,-0.00230858375825694,0,0,0,0,0,0,0,0,0,1.16751883418736,0,0
22.1354896447037,0.799982786200054,0.000148788677582549,-0.000945982351553113,-4.08541133713192e-05,0.000351691905113395,-0.00222001329771601,0,0,0,0,0,0,0,0,0,1.16751883418736,0,0
22.1454921253384,0.799984227765938,0.000139515992489556,-0.00090819460045945,-3.74459165846108e-05,0.000329923939373007,-0.00213271436603652,0,0,0,0,0,0,0,0,0,1.16751883418736,0,0
22.1554946059732,0.79998557846226,0.000130618264930292,-0.000871011155083449,-3.42511078891272e-05,0.000309022705361089,-0.00204671455649092,0,0,0,0,0,0,0,0,0,1.16751883418736,0,0
22.1654970866079,0.799986842009124,0.000122089398859791,-0.000834442321524384,-3.12610832673421e-05,0.000288975069864568,-0.00196204164680532,0,0,0,0,0,0,0,0,0,1.16751883418736,0,0
22.1754995672427,0.799988022065141,0.000113923194819218,-0.000798498471335257,-2.84673714606998e-05,0.00026976762089934,-0.00187872359964106,0,0,0,0,0,0,0,0,0,1.16751883418736,0,0
22.1855020478774,0.799989122226392,0.000106113349280394,-0.000763190041693807,-2.58616367647402e-05,0.00025138666585964,-0.00179678856307552,0,0,0,0,0,0,0,0,0,1.16751883418736,0,0
22.1955045285122,0.799990146025385,9.86534539887118e-05,-0.000728527535572216,-2.34356818470671e-05,0.000233818229657262,-0.00171626487108287,0,0,0,0,0,0,0,0,0,1.16751883418736,0,0
22.205507009147,0.799991096930002,9.15369953038148e-05,-0.000694521521907171,-2.1181450579888e-05,0.000217048052865551,-0.00163718104401442,0,0,0,0,0,0,0,0,0,1.16751883418736,0,0
22.2155094897817,0.799991978342444,8.47573535393761e-05,-0.000661182635770662,-1.90910308964509e-05,0.000201061589846838,-0.00155956578907936,0,0,0,0,0,0,0,0,0,1.16751883418736,0,0
22.2255119704165,0.799992793598164,7.83078023003925e-05,-0.000628521578539091,-1.71566576606108e-05,0.000185844006884883,-0.00148344800082623,0,0,0,0,0,0,0,0,0,1.16751883418736,0,0
22.2355144510512,0.799993545964798,7.21815078192356e-05,-0.000596549118064474,-1.53707155595706e-05,0.000171380180307114,-0.00140885676162297,0,0,0,0,0,0,0,0,0,1.16751883418736,0,0
22.245516931686,0.799994238641089,6.63715282897409e-05,-0.000565276088844139,-1.37257420118886e-05,0.0001576546946032,-0.00133582134213796,0,0,0,0,0,0,0,0,0,1.16751883418736,0,0
22.2555194123207,0.7999948747558,6.08708132001645e-05,-0.00053471339219041,-1.22144300973015e-05,0.000144651840540924,-0.00126437120182075,0,0,0,0,0,0,0,0,0,1.16751883418736,0,0
22.2655218929555,0.799995457366627,5.56722026635384e-05,-0.000504871996401854,-1.08296315042833e-05,0.000132355613273002,-0.00119453598938321,0,0,0,0,0,0,0,0,0,1.16751883418736,0,0
22.2755243735902,0.799995989459097,5.07684267469638e-05,-0.000475762936932455,-9.56435949459045e-06,0.000120749710444715,-0.00112634554327932,0,0,0,0,0,0,0,0,0,1.16751883418736,0,0
22.285526854225,0.799996473945467,4.61521047991562e-05,-0.000447397316562117,-8.41179189095542e-06,0.000109817530290016,-0.00105982989218675,0,0,0,0,0,0,0,0,0,1.16751883418736,0,0
22.2955293348597,0.799996913663616,4.18157447759776e-05,-0.000419786305567237,-7.36527407887988e-06,9.95421697292768e-05,-0.000995019255487721,0,0,0,0,0,0,0,0,0,1.16751883418736,0,0
22.3055318154945,0.799997311375919,3.7751742564672e-05,-0.000392941141889883,-6.41832203363002e-06,8.99064224583798e-05,-0.000931944043748856,0,0,0,0,0,0,0,0,0,1.16751883418736,0,0
22.3155342961292,0.799997669768132,3.39523813059281e-05,-0.000366873131309001,-5.56462535847291e-06,8.08927770326031e-05,-0.000870634859202746,0,0,0,0,0,0,0,0,0,1.16751883418736,0,0
22.325536776764,0.799997991448253,3.04098307146936e-05,-0.000341593647609952,-4.79805035050185e-06,7.24834149503683e-05,-0.000811122496228882,0,0,0,0,0,0,0,0,0,1.16751883418736,0,0
22.3355392573987,0.79999827894539,2.71161463989145e-05,-0.000317114132754632,-4.11264307748072e-06,6.46602087254885e-05,-0.000753437941833794,0,0,0,0,0,0,0,0,0,1.16751883418736,0,0
22.3455417380335,0.799998534708614,2.40632691770049e-05,-0.000293446097052249,-3.50263248347082e-06,5.74047199604372e-05,-0.000697612376131505,0,0,0,0,0,0,0,0,0,1.16751883418736,0,0
22.3555442186682,0.799998761105805,2.12430243930681e-05,-0.000270601119328663,-2.96243350172976e-06,5.06981974104587e-05,-0.000643677172825638,0,0,0,0,0,0,0,0,0,1.16751883418736,0,0
22.365546699303,0.799998960422498,1.86471212311815e-05,-0.000248590847096922,-2.48665020041727e-06,4.45215750463357e-05,-0.000591663899688902,0,0,0,0,0,0,0,0,0,1.16751883418736,0,0
22.3755491799377,0.799999134860714,1.62671520265306e-05,-0.000227426996727913,-2.07007893510136e-06,3.88554701105494e-05,-0.000541604319044521,0,0,0,0,0,0,0,0,0,1.16751883418736,0,0
22.3855516605725,0.799999286537791,1.40945915771754e-05,-0.000207121353619259,-1.70771153079619e-06,3.3680181167596e-05,-0.000493530388246521,0,0,0,0,0,0,0,0,0,1.16751883418736,0,0
22.3955541412072,0.799999417485201,1.21207964514647e-05,-0.00018768577236688,-1.3947384771007e-06,2.89756861527376e-05,-0.000447474260161201,0,0,0,0,0,0,0,0,0,1.16751883418736,0,0
22.405556621842,0.799999529647368,1.03370042957504e-05,-0.000169132176934291,-1.12655214540291e-06,2.47216404119111e-05,-0.000403468283647096,0,0,0,0,0,0,0,0,0,1.16751883418736,0,0
22.4155591024767,0.799999624880472,8.73433313989397e-06,-0.000151472560822873,-8.98750026151474e-07,2.08973747415717e-05,-0.000361545004036165,0,0,0,0,0,0,0,0,0,1.16751883418736,0,0
22.4255615831115,0.79999970495125,7.30378069995624e-06,-0.000134718987242314,-7.07137984057304e-07,1.7481893417934e-05,-0.000321737163614652,0,0,0,0,0,0,0,0,0,1.16751883418736,0,0
22.4355640637462,0.799999771535788,6.03622368110235e-06,-0.000118883589280554,-5.4773353450055e-07,1.44538722268647e-05,-0.000284077702103491,0,0,0,0,0,0,0,0,0,1.16751883418736,0,0
22.445566544381,0.799999826218312,4.9224170767595e-06,-0.000103978570073711,-4.16769139116591e-07,1.1791656486378e-05,-0.000248599757139339,0,0,0,0,0,0,0,0,0,1.16751883418736,0,0
22.4555690250157,0.799999870489961,3.9529934684826e-06,-9.00162029771278e-05,-3.10695520616688e-07,9.47325906217305e-06,-0.000215336664755428,0,0,0,0,0,0,0,0,0,1.16751883418736,0,0
22.4655715056505,0.799999905747561,3.11846232124713e-06,-7.70088317340297e-05,-2.26184999202461e-07,7.47635838587064e-06,-0.000184321959861553,0,0,0,0,0,0,0,0,0,1.16751883418736,0,0
22.4755739862852,0.79999993329239,2.40920927967875e-06,-6.49688706473579e-05,-1.60134847132509e-07,5.77829645713977e-06,-0.000155589376726384,0,0,0,0,0,0,0,0,0,1.16751883418736,0,0
22.48557646692,0.799999954328939,1.81549546062615e-06,-5.39088047486745e-05,-1.09670662273853e-07,4.35607685144931e-06,-0.000129172849456727,0,0,0,0,0,0,0,0,0,1.16751883418736,0,0
22.4955789475547,0.799999969963658,1.32745674544243e-06,-4.3841189968761e-05,-7.21497665778781e-08,3.18636271783371e-06,-0.000105106512478477,0,0,0,0,0,0,0,0,0,1.16751883418736,0,0
22.5055814281895,0.799999981203703,9.35103069699128e-07,-3.4778653308126e-05,-4.51646176014009e-08,2.24547477227673e-06,-8.34247010184329e-05,0,0,0,0,0,0,0,0,0,1.16751883418736,0,0
22.5155839088242,0.799999988955672,6.28317711463822e-07,-2.67338930063036e-05,-2.6546248310666e-08,1.5093892873335e-06,-6.41619515840304e-05,0,0,0,0,0,0,0,0,0,1.16751883418736,0,0
22.525586389459,0.799999994024332,3.96856577988824e-07,-1.97196787129999e-05,-1.43677149622157e-08,9.53736075046986e-07,-4.73530024442705e-05,0,0,0,0,0,0,0,0,0,1.16751883418736,0,0
22.5355888700937,0.799999997111347,2.30347490359772e-07,-1.37488516574929e-05,-6.9475817598974e-09,5.53796469147071e-07,-3.30327941112027e-05,0,0,0,0,0,0,0,0,0,1.16751883418736,0,0
22.5455913507285,0.799999998813988,1.18289466867483e-07,-8.8343248190112e-06,-2.85340945316293e-09,2.84501297216112e-07,-2.12364698196042e-05,0,0,0,0,0,0,0,0,0,1.16751883418736,0,0
22.5555938313632,0.799999999623842,5.00520045548791e-08,-4.98908309729939e-06,-9.0527529916784e-10,1.20428851035567e-07,-1.19993760087193e-05,0,0,0,0,0,0,0,0,0,1.16751883418736,0,0
22.565596311998,0.799999999925517,1.48743588904154e-08,-2.22618348200403e-06,-1.79308290437774e-10,3.5802853359107e-08,-5.35706280185844e-06,0,0,0,0,0,0,0,0,0,1.16751883418736,0,0
22.5755987926327,0.79999999999533,1.86482135289268e-09,-5.58755223422323e-07,-1.12449494160671e-11,4.49041526184857e-09,-1.34528448849161e-06,0,0,0,0,0,0,0,0,0,1.16751883418736,0,0
22.5856012732675,0.799999999999996,-3.22658566531686e-15,-2.69576028166796e-15,-8.43769498715119e-15,-5.36463234945828e-15,-4.15639744844043e-15,0,0,0,0,0,0,0,0,0,1.16751883418736,0,0
