t,x,vx,ax,y,vy,ay,z,vz,az,roll,wx,alphax,pitch,wy,alphay,yaw,wz,alphaz

0,0,0,0,0,0,0,0,0,0,0,0,0,0,0,0,1.16747835242104,0,0
0.0100002719613448,7.46549482926007e-13,2.98499627667467e-10,8.9491445186768e-08,1.79800751098672e-12,7.18878176822729e-10,2.15504994360933e-07,0,0,0,0,0,0,0,0,0,1.16747835242104,0,0
0.0200005439226895,1.19268744644287e-11,2.38351937714706e-09,3.57070741049943e-07,2.87193050705516e-11,5.73882634838317e-09,8.59581543771125e-07,0,0,0,0,0,0,0,0,0,1.16747835242104,0,0
0.0300008158840343,6.02892004058435e-11,8.02928675783139e-09,8.01398811768805e-07,1.45144650904243e-10,1.93274261542358e-08,1.92858184068199e-06,0,0,0,0,0,0,0,0,0,1.16747835242104,0,0
0.040001087845379,1.9025763030813e-10,1.89966613604071e-08,1.42114122098541e-06,4.57949598518359e-10,4.57158457263501e-08,3.41887118594135e-06,0,0,0,0,0,0,0,0,0,1.16747835242104,0,0
0.0500013598067238,4.63798693760342e-10,3.70331812183441e-08,2.21496816492474e-06,1.11614100685252e-09,8.90989706794457e-08,5.32682796935509e-06,0,0,0,0,0,0,0,0,0,1.16747835242104,0,0
0.0600016317680686,9.60288359271587e-10,6.38731091005851e-08,3.1815544655149e-06,2.3104948593992e-09,1.53635534906937e-07,7.64884365024881e-06,0,0,0,0,0,0,0,0,0,1.16747835242104,0,0
0.0700019037294133,1.77637950919846e-09,1.01237478735434e-07,4.31957956350727e-06,4.27319539034643e-09,2.43448251182493e-07,1.03813227380294e-05,0,0,0,0,0,0,0,0,0,1.16747835242104,0,0
0.0800021756907581,3.02586987657993e-09,1.50834140965647e-07,5.6277275115967e-06,7.27747551579944e-09,3.62623941567201e-07,1.35206827727469e-05,0,0,0,0,0,0,0,0,0,1.16747835242104,0,0
0.0900024476521028,4.83957044319165e-09,2.14357809834716e-07,7.10468696754165e-06,1.16372585681377e-08,5.15213667622351e-07,1.70633543056558e-05,0,0,0,0,0,0,0,0,0,1.16747835242104,0,0
0.100002719613448,7.36517429813169e-09,2.93490108604364e-07,8.74915118728437e-06,1.77068013315629e-08,7.05232860427821e-07,2.10057808797769e-05,0,0,0,0,0,0,0,0,0,1.16747835242104,0,0
0.110002991574792,1.07671259562496e-08,3.89899615703229e-07,1.05598180180711e-05,2.58803383768945e-08,9.36661450406083e-07,2.5344419010459e-05,0,0,0,0,0,0,0,0,0,1.16747835242104,0,0
0.120003263536137,1.52264911357311e-08,5.05241910606753e-07,1.25353898915722e-05,3.65917276936688e-08,1.21344399695182e-06,3.00757381659405e-05,0,0,0,0,0,0,0,0,0,1.16747835242104,0,0
0.130003535497482,2.09408269941496e-08,6.41159619648272e-07,1.46745738170022e-05,5.03140976175965e-08,1.53948981786712e-06,3.51962207479109e-05,0,0,0,0,0,0,0,0,0,1.16747835242104,0,0
0.140003807458827,2.81240528222976e-08,7.992824617613e-07,1.69760813742405e-05,6.75594950514372e-08,1.91867311860238e-06,4.07023620720727e-05,0,0,0,0,0,0,0,0,0,1.16747835242104,0,0
0.150004079420171,3.70063211951091e-08,9.81227294153023e-07,1.94386287069508e-05,8.88785349773438e-08,2.35483312130266e-06,4.65906703487027e-05,0,0,0,0,0,0,0,0,0,1.16747835242104,0,0
0.160004351381516,4.78338895789852e-08,1.18859815790898e-06,2.20609365157016e-05,1.14860051258736e-07,2.85177419365981e-06,5.28576666632141e-05,0,0,0,0,0,0,0,0,0,1.16747835242104,0,0
0.170004623342861,6.08689923948356e-08,1.42298632352895e-06,2.48417300510866e-05,1.46130748729756e-07,3.41326597757012e-06,5.94998849567176e-05,0,0,0,0,0,0,0,0,0,1.16747835242104,0,0
0.180004895304206,7.63897135361464e-08,1.68597033639405e-06,2.77797391068446e-05,1.83354856570366e-07,4.0430435175976e-06,6.65138720065836e-05,0,0,0,0,0,0,0,0,0,1.16747835242104,0,0
0.19000516726555,9.46898593413877e-08,1.979116062165e-06,3.08736980129796e-05,2.27233782965138e-07,4.74480738924285e-06,7.38961874070034e-05,0,0,0,0,0,0,0,0,0,1.16747835242104,0,0
0.200005439226895,1.16078832020073e-07,2.30397673211165e-06,3.41223456288813e-05,2.78505771043799e-07,5.52222382701759e-06,8.16434035495513e-05,0,0,0,0,0,0,0,0,0,1.16747835242104,0,0
0.21000571118824,1.40881503531779e-07,2.66209298837363e-06,3.7524425336445e-05,3.37945556101584e-07,6.37892485232475e-06,8.97521056037456e-05,0,0,0,0,0,0,0,0,0,1.16747835242104,0,0
0.220005983149585,1.69438089917445e-07,3.05499292915222e-06,4.10786850331918e-05,4.06364024097448e-07,7.31850840114423e-06,9.82188914976108e-05,0,0,0,0,0,0,0,0,0,1.16747835242104,0,0
0.230006255110929,2.02104026082258e-07,3.48419215383351e-06,4.47838771253888e-05,4.84607871428205e-07,8.34453845152421e-06,0.000107040371898239,0,0,0,0,0,0,0,0,0,1.16747835242104,0,0
0.240006527072274,2.39249841029431e-07,3.95119380804262e-06,4.86387585211694e-05,5.73559265976636e-07,9.46054515087806e-06,0.000116213170192352,0,0,0,0,0,0,0,0,0,1.16747835242104,0,0
0.250006799033619,2.81261033544204e-07,4.45748862862919e-06,5.26420906236533e-05,6.74135509431637e-07,1.0670024943087e-05,0.000125733922466862,0,0,0,0,0,0,0,0,0,1.16747835242104,0,0
0.260007070994964,3.28537948327355e-07,5.00455498858411e-06,5.67926393240667e-05,7.87288700878447e-07,1.19764406954081e-05,0.000135599277489433,0,0,0,0,0,0,0,0,0,1.16747835242104,0,0
0.270007342956309,3.8149565257756e-07,5.59385894188736e-06,6.10891749948625e-05,9.14005401657028e-07,1.33832218251884e-05,0.000145805896689046,0,0,0,0,0,0,0,0,0,1.16747835242104,0,0
0.280007614917653,4.40563813021885e-07,6.22685426828713e-06,6.55304724828405e-05,1.05530630148664e-06,1.48937644263837e-05,0.000156350454136555,0,0,0,0,0,0,0,0,0,1.16747835242104,0,0
0.290007886878998,5.06186573393749e-07,6.90498251801009e-06,7.01153111022676e-05,1.21224588585467e-06,1.65114313958843e-05,0.000167229636525253,0,0,0,0,0,0,0,0,0,1.16747835242104,0,0
0.300008158840343,5.78822432357655e-07,7.62967305640285e-06,7.48424746279978e-05,1.38591210466777e-06,1.8239552559645e-05,0.000178440143151432,0,0,0,0,0,0,0,0,0,1.16747835242104,0,0
0.310008430801688,6.58944121879997e-07,8.40234310850468e-06,7.97107512885925e-05,1.57742604216341e-06,2.00814247986216e-05,0.000189978685894944,0,0,0,0,0,0,0,0,0,1.16747835242104,0,0
0.320008702763032,7.47038486045274e-07,9.22439780355141e-06,8.47189337594408e-05,1.78794158807977e-06,2.20403121745129e-05,0.000201841989199765,0,0,0,0,0,0,0,0,0,1.16747835242104,0,0
0.330008974724377,8.43606360317001e-07,1.00972302194105e-05,8.98658191558793e-05,2.01864511008216e-06,2.41194460553076e-05,0.000214026790054553,0,0,0,0,0,0,0,0,0,1.16747835242104,0,0
0.340009246685722,9.49162451242643e-07,1.10222214269472e-05,9.51502090263127e-05,2.27075512744402e-06,2.63220252406382e-05,0.000226529837973214,0,0,0,0,0,0,0,0,0,1.16747835242104,0,0
0.350009518647067,1.06423521660188e-06,1.20007405343223e-05,0.000100570909345334,2.54552198598042e-06,2.86512160869386e-05,0.000239347894975459,0,0,0,0,0,0,0,0,0,1.16747835242104,0,0
0.360009790608411,1.18936674599751e-06,1.30341447312206e-05,0.000106126730506843,2.84422753423229e-06,3.11101526324094e-05,0.000252477735567371,0,0,0,0,0,0,0,0,0,1.16747835242104,0,0
0.370010062569756,1.32511264188832e-06,1.41237793330108e-05,0.000111816487317171,3.16818480089929e-06,3.37019367217873e-05,0.000265916146721961,0,0,0,0,0,0,0,0,0,1.16747835242104,0,0
0.380010334531101,1.47204190106322e-06,1.52709778248368e-05,0.000117638998988194,3.51873767351952e-06,3.64296381309203e-05,0.000279659927859734,0,0,0,0,0,0,0,0,0,1.16747835242104,0,0
0.390010606492446,1.63073679655591e-06,1.64770619056397e-05,0.000123593089130459,3.89726057839393e-06,3.92962946911497e-05,0.000293705890829248,0,0,0,0,0,0,0,0,0,1.16747835242104,0,0
0.40001087845379,1.80179275999954e-06,1.77433415321113e-05,0.000129677585746303,4.30515816175376e-06,4.23049124134958e-05,0.000308050859887677,0,0,0,0,0,0,0,0,0,1.16747835242104,0,0
0.410011150415135,1.98581826442047e-06,1.90711149625792e-05,0.000135891321222969,4.74386497216872e-06,4.54584656126511e-05,0.000322691671681372,0,0,0,0,0,0,0,0,0,1.16747835242104,0,0
0.42001142237648,2.18343470747059e-06,2.04616688008221e-05,0.000142233132325732,5.21484514419437e-06,4.87598970307777e-05,0.000337625175226423,0,0,0,0,0,0,0,0,0,1.16747835242104,0,0
0.430011694337825,2.39527629509748e-06,2.19162780398173e-05,0.000148701860191014,5.71959208325631e-06,5.22121179611111e-05,0.000352848231889222,0,0,0,0,0,0,0,0,0,1.16747835242104,0,0
0.440011966299169,2.62198992565167e-06,2.34362061054188e-05,0.00015529635031951,6.25962815176969e-06,5.58180083713691e-05,0.00036835771536702,0,0,0,0,0,0,0,0,0,1.16747835242104,0,0
0.450012238260514,2.86423507443041e-06,2.50227048999669e-05,0.000162015452569302,6.83650435649171e-06,5.95804170269672e-05,0.000384150511668495,0,0,0,0,0,0,0,0,0,1.16747835242104,0,0
0.460012510221859,3.1226836786571e-06,2.66770148458286e-05,0.000168858021148982,7.45180003710539e-06,6.35021616140382e-05,0.000400223519094309,0,0,0,0,0,0,0,0,0,1.16747835242104,0,0
0.470012782183204,3.39802002289593e-06,2.84003649288699e-05,0.000175822914610773,8.10712255603262e-06,6.75860288622588e-05,0.000416573648217671,0,0,0,0,0,0,0,0,0,1.16747835242104,0,0
0.480013054144548,3.69094062490078e-06,3.01939727418586e-05,0.000182908995843649,8.8041069894745e-06,7.18347746674808e-05,0.000433197821864899,0,0,0,0,0,0,0,0,0,1.16747835242104,0,0
0.490013326105893,4.00215412189792e-06,3.20590445277987e-05,0.000190115132066453,9.54441581967709e-06,7.62511242141688e-05,0.000450092975095982,0,0,0,0,0,0,0,0,0,1.16747835242104,0,0
0.500013598067238,4.33238115730165e-06,3.39967752231957e-05,0.000197440194821019,1.03297386284206e-05,8.08377720976425e-05,0.00046725605518514,0,0,0,0,0,0,0,0,0,1.16747835242104,0,0
0.510013870028583,4.68235426786228e-06,3.60083485012537e-05,0.000204883059965293,1.11617917917299e-05,8.55973824461256e-05,0.000484684021601387,0,0,0,0,0,0,0,0,0,1.16747835242104,0,0
0.520014141989927,5.05281777124578e-06,3.80949368150025e-05,0.00021244260766645,1.20423181758049e-05,9.05325890425994e-05,0.000502373845989094,0,0,0,0,0,0,0,0,0,1.16747835242104,0,0
0.530014413951272,5.44452765404434e-06,4.02577014403578e-05,0.000220117722394017,1.29730868341684e-05,9.56459954464631e-05,0.000520322512148546,0,0,0,0,0,0,0,0,0,1.16747835242104,0,0
0.540014685912617,5.85825146021716e-06,4.24977925191105e-05,0.000227907292912993,1.39558927060292e-05,0.000100940175114999,0.00053852701601651,0,0,0,0,0,0,0,0,0,1.16747835242104,0,0
0.550014957873962,6.29476817996093e-06,4.48163491018485e-05,0.000235810212276968,1.49925563158598e-05,0.000106417671524641,0.00055698436564679,0,0,0,0,0,0,0,0,0,1.16747835242104,0,0
0.560015229835306,6.754868139009e-06,4.72144991908096e-05,0.000243825377821244,1.60849234741847e-05,0.000112080998292057,0.000575691581190794,0,0,0,0,0,0,0,0,0,1.16747835242104,0,0
0.570015501796651,7.23935288835899e-06,4.96933597826652e-05,0.000251951691155953,1.72348649795799e-05,0.000117932639295024,0.000594645694878093,0,0,0,0,0,0,0,0,0,1.16747835242104,0,0
0.580015773757996,7.74903509442763e-06,5.22540369112352e-05,0.000260188058159182,1.84442763218788e-05,0.00012397504879312,0.000613843750996983,0,0,0,0,0,0,0,0,0,1.16747835242104,0,0
0.590016045719341,8.28473842963267e-06,5.48976256901347e-05,0.000268533388970087,1.97150773865855e-05,0.000130210651548216,0.000633282805875048,0,0,0,0,0,0,0,0,0,1.16747835242104,0,0
0.600016317680686,8.84729746340074e-06,5.76252103553512e-05,0.000276986597982019,2.10492121604909e-05,0.000136641842944778,0.000652959927859718,0,0,0,0,0,0,0,0,0,1.16747835242104,0,0
0.61001658964203,9.43755755360078e-06,6.04378643077531e-05,0.000285546603835641,2.24486484384914e-05,0.000143270989109965,0.000672872197298837,0,0,0,0,0,0,0,0,0,1.16747835242104,0,0
0.620016861603375,1.00563747384021e-05,6.33366501555301e-05,0.000294212329412047,2.3915377531608e-05,0.000150100427033545,0.000693016706521216,0,0,0,0,0,0,0,0,0,1.16747835242104,0,0
0.63001713356472,1.07046156285567e-05,6.63226197565639e-05,0.000302982701825886,2.54514139762027e-05,0.000157132464687609,0.000713390559817204,0,0,0,0,0,0,0,0,0,1.16747835242104,0,0
0.640017405526065,1.13831573001046e-05,6.93968142607306e-05,0.000311856652418478,2.70587952443918e-05,0.000164369381146093,0.000733990873419243,0,0,0,0,0,0,0,0,0,1.16747835242104,0,0
0.650017677487409,1.20928871875024e-05,7.2560264152134e-05,0.000320833116750937,2.87395814556537e-05,0.000171813426704101,0.00075481477548243,0,0,0,0,0,0,0,0,0,1.16747835242104,0,0
0.660017949448754,1.28347029771733e-05,7.58139892912706e-05,0.000329911034597292,3.04958550896278e-05,0.000179466822997045,0.000775859406065084,0,0,0,0,0,0,0,0,0,1.16747835242104,0,0
0.670018221410099,1.36095125014788e-05,7.91589989571251e-05,0.000339089349937603,3.23297207001056e-05,0.000187331763119576,0.000797121917109302,0,0,0,0,0,0,0,0,0,1.16747835242104,0,0
0.680018493371444,1.4418233633111e-05,8.2596291889198e-05,0.000348367010951086,3.42433046302083e-05,0.000195410411744333,0.000818599472421521,0,0,0,0,0,0,0,0,0,1.16747835242104,0,0
0.690018765332788,1.52617941799045e-05,8.61268563294633e-05,0.000357742970009228,3.62387547287525e-05,0.000203704905240489,0.000840289247653086,0,0,0,0,0,0,0,0,0,1.16747835242104,0,0
0.700019037294133,1.61411317800679e-05,8.97516700642583e-05,0.000367216183668913,3.83182400677998e-05,0.000212217351792108,0.000862188430280802,0,0,0,0,0,0,0,0,0,1.16747835242104,0,0
0.710019309255478,1.70571937978339e-05,9.34717004661044e-05,0.000376785612665538,4.04839506613884e-05,0.000220949831516305,0.000884294219587504,0,0,0,0,0,0,0,0,0,1.16747835242104,0,0
0.720019581216823,1.80109372195268e-05,9.72879045354585e-05,0.000386450221906133,4.27380971854468e-05,0.000229904396581212,0.000906603826642612,0,0,0,0,0,0,0,0,0,1.16747835242104,0,0
0.730019853178168,1.90033285500479e-05,0.000101201228942397,0.000396208980462486,4.50829106988849e-05,0.000239083071323752,0.0009291144742827,0,0,0,0,0,0,0,0,0,1.16747835242104,0,0
0.740020125139512,2.00353437097768e-05,0.000105212610068228,0.000406060861564256,4.75206423658625e-05,0.000248487852367212,0.00095182339709205,0,0,0,0,0,0,0,0,0,1.16747835242104,0,0
0.750020397100857,2.11079679318887e-05,0.00010932297404704,0.000416004842592099,5.00535631792325e-05,0.000258120708738631,0.00097472784138322,0,0,0,0,0,0,0,0,0,1.16747835242104,0,0
0.760020669062202,2.2222195660087e-05,0.000113533236807176,0.000426039905070787,5.26839636851572e-05,0.000267983581985987,0.000997825065177599,0,0,0,0,0,0,0,0,0,1.16747835242104,0,0
0.770020941023546,2.337903044675e-05,0.000117844304112642,0.000436165034662324,5.54141537088952e-05,0.000278078386295189,0.00102111233818598,0,0,0,0,0,0,0,0,0,1.16747835242104,0,0
0.780021212984891,2.45794848514916e-05,0.000122257071604447,0.000446379221159071,5.82464620817573e-05,0.000288407008606879,0.0010445869417891,0,0,0,0,0,0,0,0,0,1.16747835242104,0,0
0.790021484946236,2.5824580340135e-05,0.000126772424841872,0.000456681458476867,6.118323636923e-05,0.000298971308733041,0.00106824616901823,0,0,0,0,0,0,0,0,0,1.16747835242104,0,0
0.800021756907581,2.71153471840988e-05,0.000131391239343671,0.000467070744648144,6.42268426002635e-05,0.000309773119473403,0.00109208732453572,0,0,0,0,0,0,0,0,0,1.16747835242104,0,0
0.810022028868925,2.84528243601946e-05,0.000136114380629207,0.00047754608181505,6.73796649977232e-05,0.000320814246731665,0.00111610772461555,0,0,0,0,0,0,0,0,0,1.16747835242104,0,0
0.82002230083027,2.98380594508359e-05,0.000140942704259512,0.000488106476222569,7.06441057100023e-05,0.000332096469631513,0.00114030469712393,0,0,0,0,0,0,0,0,0,1.16747835242104,0,0
0.830022572791615,3.12721085446571e-05,0.000145877055878285,0.000498750938211644,7.40225845437938e-05,0.000343621540632449,0.00116467558149981,0,0,0,0,0,0,0,0,0,1.16747835242104,0,0
0.84002284475296,3.27560361375418e-05,0.000150918271252814,0.000509478482212291,7.75175386980194e-05,0.000355391185645427,0.00118921772873548,0,0,0,0,0,0,0,0,0,1.16747835242104,0,0
0.850023116714305,3.42909150340611e-05,0.000156067176314839,0.000520288126736724,8.11314224989147e-05,0.000367407104148291,0.00121392850135712,0,0,0,0,0,0,0,0,0,1.16747835242104,0,0
0.860023388675649,3.58778262493188e-05,0.000161324587201339,0.000531178894372474,8.48667071362671e-05,0.000379670969301018,0.00123880527340537,0,0,0,0,0,0,0,0,0,1.16747835242104,0,0
0.870023660636994,3.75178589112048e-05,0.000166691310295247,0.000542149811775509,8.87258804008052e-05,0.000392184428060771,0.00126384543041585,0,0,0,0,0,0,0,0,0,1.16747835242104,0,0
0.880023932598339,3.92121101630559e-05,0.000172168142266109,0.000553199909663354,9.27114464227383e-05,0.000404949101296755,0.0012890463693998,0,0,0,0,0,0,0,0,0,1.16747835242104,0,0
0.890024204559684,4.09616850667217e-05,0.000177755870110661,0.000564328222808211,9.68259254114431e-05,0.000417966583904875,0.00131440549882456,0,0,0,0,0,0,0,0,0,1.16747835242104,0,0
0.900024476521028,4.27676965060366e-05,0.000183455271193343,0.00057553379003008,0.000101071853396296,0.000431238444922207,0.00133992023859418,0,0,0,0,0,0,0,0,0,1.16747835242104,0,0
0.910024748482373,4.46312650906966e-05,0.000189267113286744,0.000586815654189877,0.000105451781968649,0.000444766227641273,0.00136558802002999,0,0,0,0,0,0,0,0,0,1.16747835242104,0,0
0.920025020443718,4.65535190605403e-05,0.000195192154611981,0.000598172862182559,0.00010996827802495,0.000458551449724111,0.0013914062858511,0,0,0,0,0,0,0,0,0,1.16747835242104,0,0
0.930025292405063,4.85355941902328e-05,0.000201231143879002,0.000609604464930238,0.000114623923510996,0.000472595603316169,0.00141737249015503,0,0,0,0,0,0,0,0,0,1.16747835242104,0,0
0.940025564366407,5.05786336943527e-05,0.000207384820326823,0.000621109517375305,0.000119421315167333,0.000486900155159988,0.00144348409839825,0,0,0,0,0,0,0,0,0,1.16747835242104,0,0
0.950025836327752,5.26837881328817e-05,0.000213653913763705,0.000632687078473551,0.000124363064275788,0.0005014665467087,0.00146973858737672,0,0,0,0,0,0,0,0,0,1.16747835242104,0,0
0.960026108289097,5.48522153170944e-05,0.000220039144607247,0.000644336211187282,0.00012945179640713,0.000516296194239328,0.00149613344520646,0,0,0,0,0,0,0,0,0,1.16747835242104,0,0
0.970026380250442,5.70850802158494e-05,0.000226541223924421,0.000656055982478446,0.000134690151169873,0.000531390488965894,0.00152266617130415,0,0,0,0,0,0,0,0,0,1.16747835242104,0,0
0.980026652211786,5.93835548622809e-05,0.000233160853471534,0.000667845463301749,0.0001400807819602,0.000546750797152331,0.00154933427636764,0,0,0,0,0,0,0,0,0,1.16747835242104,0,0
0.990026924173131,6.17488182608884e-05,0.000239898725734126,0.000679703728597774,0.000145626355713022,0.000562378460225197,0.00157613528235653,0,0,0,0,0,0,0,0,0,1.16747835242104,0,-0.277767233755015
1.00002719613448,6.41820562950261e-05,0.000246755523966788,0.000691629857286107,0.00015132955265416,0.000578274794886205,0.00160306672247274,0,0,0,0,0,0,0,0,0,1.16747835242104,-0.00555549575900112,-0.556234088109348
1.01002746809582,6.66844616347897e-05,0.000253731922232928,0.000703622932258449,0.000157193066053648,0.000594441093224546,0.00163012614114108,0,0,0,0,0,0,0,0,0,1.1673672394841,-0.0111249843105281,-0.279868355336207
1.02002774005717,6.92572336453005e-05,0.000260828585444451,0.000715682040371743,0.000163219601980167,0.000610878622829027,0.00165731109398976,0,0,0,0,0,0,0,0,0,1.16725584668369,-0.0111530150924738,-0.00280753034547244
1.03002801201851,7.19015782953858e-05,0.000268046169401382,0.000727806272441293,0.000169411879056592,0.000627588626900009,0.00168461914783103,0,0,0,0,0,0,0,0,0,1.16714417311587,-0.011181136444517,-0.00281660476826115
1.04002828397985,7.4618708066656e-05,0.000275385320831416,0.000739994723233879,0.000175772628216658,0.000644572324361158,0.00171204788064169,0,0,0,0,0,0,0,0,0,1.16703221787313,-0.0112093487198543,-0.00282571458747553
1.0500285559412,7.74098418629759e-05,0.000282846677429397,0.000752246491460884,0.000182304592462749,0.000661830909970987,0.00173959488154363,0,0,0,0,0,0,0,0,0,1.16691998004445,-0.0112376522732368,-0.00283485996354027
1.06002882790254,8.02762049203309e-05,0.000290430867896735,0.000764560679771411,0.000189010526624791,0.000679365554434223,0.00176725775078448,0,0,0,0,0,0,0,0,0,1.16680745871525,-0.0112660474610698,-0.00284404105908166
1.07002909986389,8.32190287170871e-05,0.000298138511980746,0.000776936394745403,0.000195893197120269,0.000697177404512964,0.00179503409971807,0,0,0,0,0,0,0,0,0,1.16669465296737,-0.0112945346413569,-0.00285325803562218
1.08002937182523,8.62395508846442e-05,0.00030597022051393,0.000789372746886762,0.000202955381715346,0.000715267583137647,0.00182292155078505,0,0,0,0,0,0,0,0,0,1.16658156187907,-0.011323114173734,-0.00286251105471536
1.09002964378658,8.93390151184812e-05,0.000313926595453172,0.000801868850616473,0.000210199869287096,0.000733637189517825,0.00185091773749345,0,0,0,0,0,0,0,0,0,1.166468184525,-0.0113517864194359,-0.00287180028065915
1.10002991574792,9.25186710895935e-05,0.000322008229918889,0.00081442382426572,0.000217629459586838,0.000752287299252746,0.00187902030439923,0,0,0,0,0,0,0,0,0,1.16635451997619,-0.0113805517413845,-0.00288112587830023
1.11003018770927,9.57797743563211e-05,0.000330215708234088,0.000827036790069011,0.000225246963004585,0.000771218964441735,0.00190722690708683,0,0,0,0,0,0,0,0,0,1.16624056730003,-0.0114094105041116,-0.00289048801028358
1.12003045967061,9.91235862765675e-05,0.000338549605963373,0.000839706874157291,0.000233055200334582,0.000790433213794388,0.00193553521214974,0,0,0,0,0,0,0,0,0,1.16612632556027,-0.0114383630737922,-0.00289988684479882
1.13003073163196,0.000102551373920408,0.000347010489951875,0.000852433206551069,0.00024105700254196,0.000809931052740566,0.00196394289717109,0,0,0,0,0,0,0,0,0,1.16601179381697,-0.0114674098183219,-0.00290932255003566
1.1400310035933,0.000106064409983086,0.00035559891836411,0.000865214921153537,0.000249255210530475,0.000829713463540201,0.00199244765070417,0,0,0,0,0,0,0,0,0,1.16589697112652,-0.0114965511072394,-0.00291879528974954
1.15003127555465,0.0001096639726984,0.000364315440722777,0.000878051155743685,0.000257652674911354,0.000849781405392897,0.00202104717225301,0,0,0,0,0,0,0,0,0,1.16578185654159,-0.0115257873117158,-0.00292830523322745
1.16003154751599,0.000113351345752475,0.000373160597947484,0.000890941051969428,0.000266252255773234,0.000870135814547349,0.00204973917225294,0,0,0,0,0,0,0,0,0,1.16566644911115,-0.0115551188046756,-0.00293785255253804
1.17003181947734,0.000117127818197926,0.000382134922393396,0.000903883755340722,0.000275056822453188,0.00089077760441056,0.00207852137205116,0,0,0,0,0,0,0,0,0,1.1655507478804,-0.0115845459607313,-0.00294743741589668
1.18003209143868,0.0001209946843684,0.000391238937889833,0.000916878415222684,0.000284069253308852,0.000911707665656864,0.00210739150388728,0,0,0,0,0,0,0,0,0,1.16543475189083,-0.0116140691561717,-0.00295705999481703
1.19003236340003,0.000124953243793509,0.000400473159778777,0.000929924184828715,0.000293292435491636,0.000932926866336757,0.00213634731087391,0,0,0,0,0,0,0,0,0,1.16531846018013,-0.0116436887690396,-0.00296672046136154
1.20003263536137,0.00012900480111415,0.000409838094953331,0.000943020221213619,0.000302729264721018,0.000954436051985532,0.0021653865469772,0,0,0,0,0,0,0,0,0,1.16520187178219,-0.0116734051790655,-0.00297641898761189
1.21003290732272,0.0001331506659982,0.000419334241896094,0.000956165685266722,0.000312382645059936,0.000976236045731724,0.00219450697699742,0,0,0,0,0,0,0,0,0,1.16508498572711,-0.0117032187677337,-0.00298615574898022
1.22003317928406,0.000137392153056608,0.000428962090717474,0.000969359741704992,0.000322255488691248,0.000998327648405349,0.00222370637654948,0,0,0,0,0,0,0,0,0,1.16496780104118,-0.0117331299182829,-0.00299593091863885
1.23003345124541,0.000141730581759852,0.000438722123193934,0.000982601559066161,0.000332350715695286,0.00102071163864597,0.00225298253204356,0,0,0,0,0,0,0,0,0,1.16485031674683,-0.0117631390156613,-0.00300574467198699
1.24003372320675,0.000146167276354799,0.00044861481280616,0.000995890309701845,0.000342671253828483,0.00104338877301053,0.00228233324066561,0,0,0,0,0,0,0,0,0,1.16473253186263,-0.0117932464466154,-0.00301559718612165
1.25003399516809,0.000150703565781928,0.000458640624777174,0.00100922516977066,0.000353220038303081,0.00106635978608105,0.00231175631035794,0,0,0,0,0,0,0,0,0,1.16461444540329,-0.0118234525996354,-0.00302548863810713
1.26003426712944,0.000155340783592944,0.000468800016110366,0.00102260531923136,0.000364000011567912,0.00108962539057207,0.00234124955979978,0,0,0,0,0,0,0,0,0,1.1644960563796,-0.0118537578650095,-0.00303541920777701
1.27003453909078,0.000160080267868769,0.000479093435627461,0.00103602994183591,0.000375014123090253,0.00111318627743793,0.00237081081838785,0,0,0,0,0,0,0,0,0,1.16437736379846,-0.0118841626348243,-0.00304538907220854
1.28003481105213,0.000164923361137914,0.000489521324006422,0.00104949822512268,0.000386265329138755,0.00113704311597987,0.00240043792621688,0,0,0,0,0,0,0,0,0,1.16425836666283,-0.0119146673029099,-0.00305539841069299
1.29003508301347,0.000169871410295225,0.000500084113819277,0.0010630093604095,0.00039775659256744,0.00116119655395289,0.00243012873406022,0,0,0,0,0,0,0,0,0,1.16413906397174,-0.0119452722649387,-0.0030654474069625
1.30003535497482,0.000174925766521015,0.000510782229569884,0.0010765625427868,0.000409490882600769,0.00118564721767246,0.0024598811033504,0,0,0,0,0,0,0,0,0,1.16401945472023,-0.0119759779184155,-0.00307553624197999
1.31003562693616,0.000180087785200564,0.000521616087731618,0.00109015697111075,0.000421471174619768,0.00121039571212099,0.00248969290615964,0,0,0,0,0,0,0,0,0,1.16389953789937,-0.0120067846626323,-0.00308566509779881
1.32003589889751,0.000185358825844005,0.000532586096784999,0.00110379184799635,0.000433700449949228,0.00123544262105417,0.00251956202518048,0,0,0,0,0,0,0,0,0,1.16377931249622,-0.0120376928987347,-0.00309583415814436
1.33003617085885,0.000190740252006575,0.000543692657255249,0.00111746637981058,0.000446181695645962,0.00126078850710706,0.00254948635370629,0,0,0,0,0,0,0,0,0,1.16365877749382,-0.0120687030296896,-0.00310604360899545
1.3400364428202,0.000196233431209253,0.000554936161749773,0.0011311797766655,0.000458917904288121,0.00128643391190001,0.00257946379561185,0,0,0,0,0,0,0,0,0,1.16353793187118,-0.0120998154603622,-0.00311629363685274
1.35003671478154,0.000201839734859765,0.00056631699499558,0.00114493125241137,0.000471912073765571,0.00131237935614436,0.00260949226533392,0,0,0,0,0,0,0,0,0,1.16341677460325,-0.0121310305974495,-0.0031265844254349
1.36003698674289,0.000207560538173963,0.000577835533876629,0.00115872002462977,0.000485167207071326,0.00133862533974799,0.00263956968785179,0,0,0,0,0,0,0,0,0,1.16329530466089,-0.0121623488494911,-0.00313691616347619
1.37003725870423,0.00021339722009758,0.000589492147471113,0.00117254531462675,0.000498686312094032,0.00136517234192065,0.00266969399866784,0,0,0,0,0,0,0,0,0,1.16317352101088,-0.0121937706269589,-0.00314728904137624
1.38003753066558,0.000219351163228358,0.000601287197088667,0.00118640634742589,0.00051247240141151,0.00139202082127907,0.00269986314378812,0,0,0,0,0,0,0,0,0,1.16305142261588,-0.0122252963422006,-0.00315770324784913
1.39003780262692,0.000225423753738544,0.000613221036307509,0.00120030235176149,0.000526528492085339,0.00141917121595193,0.00273007507970288,0,0,0,0,0,0,0,0,0,1.16292900843442,-0.0122569264094623,-0.00316815897217088
1.40003807458827,0.000231616381297758,0.000625294011011519,0.00121423256007164,0.0005408576054565,0.00144662394368461,0.00276032777336717,0,0,0,0,0,0,0,0,0,1.16280627742087,-0.0122886612448776,-0.00317865640698187
1.41003834654961,0.000237930438996237,0.000637506459427235,0.00122819620849134,0.000555462766942057,0.0014743794019437,0.00279061920218137,0,0,0,0,0,0,0,0,0,1.16268322852544,-0.0123205012665453,-0.00318919574544351
1.42003861851096,0.00024436732326844,0.000649858712160799,0.00124219253684568,0.000570347005832887,0.00150243796802143,0.00282094735397176,0,0,0,0,0,0,0,0,0,1.16255986069414,-0.0123524468944624,-0.00319977717904529
1.4300388904723,0.000250928433817028,0.000662351092234816,0.00125622078864287,0.000585513355092451,0.00153079999913976,0.00285131022697109,0,0,0,0,0,0,0,0,0,1.16243617286878,-0.0123844985505576,-0.00321040090429282
1.44003916243365,0.000257615173537211,0.000674983915125156,0.00127028021106743,0.000600964851156604,0.00155946583255442,0.00288170582979914,0,0,0,0,0,0,0,0,0,1.16231216398692,-0.0124166566587581,-0.00322106711657473
1.45003943439499,0.000264428948441462,0.000687757488797682,0.00128437005497329,0.000616704533734453,0.00158843578565862,0.00291213218144328,0,0,0,0,0,0,0,0,0,1.1621878329819,-0.0124489216449006,-0.00323177601072468
1.46003970635634,0.000271371167584597,0.000700672113744913,0.0012984895748769,0.000632735445610235,0.00161771015608669,0.00294258731123901,0,0,0,0,0,0,0,0,0,1.16206317878277,-0.0124812939368089,-0.00324252778713377
1.47003997831768,0.000278443242989225,0.000713728083022613,0.00131263802895035,0.000649060632446249,0.00164728922181741,0.00297306925885057,0,0,0,0,0,0,0,0,0,1.1619382003143,-0.0125137739643277,-0.00325332264339719
1.48004025027902,0.000285646589571558,0.000726925682286314,0.00132681467901452,0.000665683142586803,0.00167717324127727,0.00300357607425146,0,0,0,0,0,0,0,0,0,1.16181289649696,-0.0125463621592328,-0.00326416077656169
1.49004052224037,0.000292982625067594,0.000740265189827775,0.00134101879053214,0.000682606026863211,0.0017073624534434,0.00303410581770501,0,0,0,0,0,0,0,0,0,1.16168726624687,-0.01257905895531,-0.00327504238981494
1.50004079420171,0.000300452769959653,0.000753746876611361,0.001355249632601,0.000699832338399797,0.00173785707794642,0.00306465655974495,0,0,0,0,0,0,0,0,0,1.16156130847582,-0.012611864788399,-0.00328596768575488
1.51004106616306,0.000308058447403287,0.000767371006310365,0.00136950647794696,0.000717365132420946,0.00176865731517303,0.00309522638115597,0,0,0,0,0,0,0,0,0,1.16143502209122,-0.0126447800963375,-0.0032969368653067
1.5200413381244,0.000315801083154547,0.000781137835343252,0.00138378860291718,0.000735207466059168,0.00179976334636844,0.00312581337295429,0,0,0,0,0,0,0,0,0,1.16130840599611,-0.0126778053189839,-0.00330795013274743
1.53004161008575,0.000323682105497613,0.000795047612909839,0.00139809528747315,0.000753362398164191,0.00183117533373857,0.00315641563636818,0,0,0,0,0,0,0,0,0,1.16118145908909,-0.0127109408982616,-0.00331900769346423
1.54004188204709,0.000331702945172791,0.000809100581027408,0.00141242581518387,0.000771832989113072,0.00186289342055209,0.00318703128281859,0,0,0,0,0,0,0,0,0,1.16105418026437,-0.0127441872781368,-0.00333010975337812
1.55004215400844,0.000339865035304857,0.000823296974566743,0.00142677947321893,0.00079062230062133,0.00189491773124225,0.00321765843389965,0,0,0,0,0,0,0,0,0,1.16092656841168,-0.0127775449046514,-0.00334125651952743
1.56004242596978,0.000348169811331779,0.000837637021288108,0.00144115555234168,0.000809733395555093,0.00192724837150853,0.00324829522135927,0,0,0,0,0,0,0,0,0,1.16079862241628,-0.0128110142259126,-0.00335244819843056
1.57004269793113,0.000356618710933785,0.000852120941877145,0.00145555334690229,0.000829169337744265,0.00195988542841803,0.00327893978707968,0,0,0,0,0,0,0,0,0,1.16067034115896,-0.0128445956920927,-0.00336368500101139
1.58004296989247,0.000365213173962792,0.000866748949980713,0.0014699721548309,0.000848933191796703,0.00199282897050681,0.003309590283058,0,0,0,0,0,0,0,0,0,1.16054172351597,-0.0128782897555174,-0.00337496713874176
1.59004324185382,0.000373954642372202,0.000881521252242654,0.00148441127763076,0.000869028022913405,0.00202607904788086,0.00334024487138681,0,0,0,0,0,0,0,0,0,1.16041276835906,-0.0129120968705887,-0.00338629481978438
1.60004351381516,0.000382844560147041,0.000896438048339488,0.00149887002037132,0.000889456896704709,0.002059635692317,0.0033709017242347,0,0,0,0,0,0,0,0,0,1.16028347455538,-0.0129460174937957,-0.0033976682584004
1.61004378577651,0.000391884373234467,0.000911499531016045,0.00151334769168134,0.000910222879007505,0.00209349891736356,0.00340155902382681,0,0,0,0,0,0,0,0,0,1.16015384096755,-0.0129800520838256,-0.00340908766940641
1.62004405773785,0.000401075529474628,0.000926705886121023,0.00152784360374206,0.000931329035703439,0.00212766871844079,0.00343221496242546,0,0,0,0,0,0,0,0,0,1.16002386645356,-0.0130142011014639,-0.00342055326596099
1.6300443296992,0.000410419478531875,0.000942057292642478,0.00154235707228027,0.000952778432538138,0.00216214507294122,0.00346286774231064,0,0,0,0,0,0,0,0,0,1.1598935498668,-0.0130484650096613,-0.00343206526397605
1.64004460166054,0.000419917671826332,0.00095755392274325,0.00155688741656147,0.000974574134941421,0.00219692794032966,0.0034935155757606,0,0,0,0,0,0,0,0,0,1.15976289005601,-0.0130828442735216,-0.00344362387937118
1.65004487362189,0.000429571562465817,0.00097319594179631,0.00157143395938294,0.000996719207848521,0.00223201726224317,0.00352415668503242,0,0,0,0,0,0,0,0,0,1.15963188586527,-0.0131173393603139,-0.00345522933254246
1.66004514558323,0.000439382605178122,0.000988983508420052,0.00158599602706691,0.0010192167155223,0.00226741296259068,0.00355478930234256,0,0,0,0,0,0,0,0,0,1.15950053613398,-0.0131519507395501,-0.00346688184329496
1.67004541754457,0.000449352256243638,0.00100491677451351,0.00160057294945367,0.00104206972137645,0.00230311494765253,0.00358541166984742,0,0,0,0,0,0,0,0,0,1.15936883969684,-0.0131866788828955,-0.00347858162865115
1.68004568950592,0.000459481973428335,0.00102099588529148,0.00161516405989465,0.00106528128779973,0.00233912310617977,0.00361602203962391,0,0,0,0,0,0,0,0,0,1.15923679538379,-0.0132215242642026,-0.00349032891176065
1.69004596146726,0.000469773215917098,0.00103722097931965,0.00162976869524561,0.00108885447598114,0.00237543730949327,0.00364661867365001,0,0,0,0,0,0,0,0,0,1.15910440202007,-0.0132564873595998,-0.00350212391799389
1.70004623342861,0.000480227444247403,0.00105359218854955,0.00164438619585969,0.00111279234573608,0.00241205741158261,0.00367719984378532,0,0,0,0,0,0,0,0,0,1.1589716584261,-0.0132915686474471,-0.00351396686825875
1.71004650538995,0.000490846120243351,0.00107010963835355,0.00165901590558058,0.00113709795533361,0.00244898324920486,0.00370776383175164,0,0,0,0,0,0,0,0,0,1.15883856341753,-0.0133267686082913,-0.00352585798569036
1.7200467773513,0.000501630706950051,0.00108677344755967,0.0016736571717356,0.00116177436132451,0.00248621464198303,0.00373830892911353,0,0,0,0,0,0,0,0,0,1.1587051158052,-0.0133620877249551,-0.0035377975001219
1.73004704931264,0.000512582668568347,0.00110358372848643,0.00168830934512887,0.00118682461837053,0.00252375139250449,0.00376883343725884,0,0,0,0,0,0,0,0,0,1.15857131439509,-0.013397526482582,-0.00354978564023954
1.74004732127399,0.000523703470389894,0.00112054058697759,0.00170297178003438,0.00121225177907443,0.00256159328641904,0.00379933566737933,0,0,0,0,0,0,0,0,0,1.15843715798833,-0.0134330853685688,-0.0035618226313914
1.75004759323533,0.000534994578732584,0.00113764412243676,0.00171764383418914,0.00123805889381113,0.00259974009253687,0.00382981394045115,0,0,0,0,0,0,0,0,0,1.15830264538116,-0.013468764872566,-0.0035739087028336
1.76004786519668,0.000546457460876313,0.00115489442786207,0.00173232486878629,0.00126424901055983,0.00263819156292633,0.00386026658721551,0,0,0,0,0,0,0,0,0,1.15816777536491,-0.0135045654865555,-0.00358604408770031
1.77004813715802,0.000558093584999103,0.00117229158988061,0.00174701424846822,0.001290825174737,0.00267694743301147,0.00389069194815912,0,0,0,0,0,0,0,0,0,1.15803254672599,-0.0135404877048508,-0.0035982290191256
1.78004840911937,0.000569904420113554,0.001189835688783,0.00176171134131971,0.00131779042903048,0.00271600742166941,0.00392108837349486,0,0,0,0,0,0,0,0,0,1.15789695824583,-0.0135765320240965,-0.00361046372969608
1.79004868108071,0.000581891436003655,0.00120752679855767,0.00177641551886101,0.00134514781323447,0.0027553712313275,0.00395145422314227,0,0,0,0,0,0,0,0,0,1.15776100870092,-0.0136126989432578,-0.00362274845253087
1.80004895304206,0.000594056103161933,0.00122536498692526,0.00179112615604099,0.00137290036408553,0.00279503854806027,0.00398178786670814,0,0,0,0,0,0,0,0,0,1.15762469686271,-0.0136489889636422,-0.00363508342353189
1.8100492250034,0.000606399892726941,0.00124335031537283,0.00180584263123026,0.00140105111509949,0.00283500904168626,0.00401208768346707,0,0,0,0,0,0,0,0,0,1.15748802149765,-0.0136854025889328,-0.00364746888252457
1.82004949696475,0.000618924276421092,0.00126148283918806,0.00182056432621427,0.00142960309640941,0.00287528236586457,0.00404235206234203,0,0,0,0,0,0,0,0,0,1.15735098136713,-0.0137219403252337,-0.00365990506707619
1.83004976892609,0.000631630726488837,0.00127976260749336,0.00183529062618646,0.00145855933460445,0.00291585815819124,0.00407257940188491,0,0,0,0,0,0,0,0,0,1.15721357522747,-0.0137586026809798,-0.00367239221530141
1.84005004088744,0.000644520715635179,0.00129818966327993,0.00185002091974135,0.00148792285256972,0.00295673604029548,0.0041027681102571,0,0,0,0,0,0,0,0,0,1.1570758018299,-0.0137953901670372,-0.00368493057033348
1.85005031284878,0.000657595716964529,0.00131676404344171,0.00186475459886769,0.00151769666932707,0.00299791561793561,0.00413291660521006,0,0,0,0,0,0,0,0,0,1.15693765992051,-0.0138323032967038,-0.00369752037308539
1.86005058481013,0.000670857203919901,0.00133548577880932,0.00187949105894153,0.00154788379987687,0.00303939648109495,0.00416302331406583,0,0,0,0,0,0,0,0,0,1.15679914824026,-0.0138693425856642,-0.00371016186666737
1.87005085677147,0.000684306650222448,0.00135435489418388,0.00189422969871942,0.00157848725504076,0.00308117820407736,0.00419308667369767,0,0,0,0,0,0,0,0,0,1.15666026552494,-0.0139065085520783,-0.00372285529586246
1.88005112873281,0.000697945529811334,0.00137337140837077,0.00190896992033144,0.00160951004130526,0.00312326034560269,0.00422310513051054,0,0,0,0,0,0,0,0,0,1.15652101050515,-0.0139438017165269,-0.00373560090826777
1.89005140069416,0.000711775316783942,0.00139253533421338,0.0019237111292744,0.00164095516066646,0.003165642448902,0.00425307714042173,0,0,0,0,0,0,0,0,0,1.15638138190626,-0.0139812226021218,-0.00374839895199709
1.9000516726555,0.000725797485336421,0.00141184667862668,0.00193845273440491,0.0016728256104756,0.00320832404181258,0.00428300116884137,0,0,0,0,0,0,0,0,0,1.15624137844841,-0.014018771734406,-0.00376124967293597
1.91005194461685,0.00074001350970457,0.00143130544263084,0.00195319414793251,0.00170512438328558,0.00325130463687278,0.00431287569065303,0,0,0,0,0,0,0,0,0,1.15610099884645,-0.0140564496414095,-0.00377415332198886
1.92005221657819,0.000754424864105054,0.00145091162138468,0.00196793478541279,0.00173785446669844,0.00329458373141668,0.00434269919019426,0,0,0,0,0,0,0,0,0,1.15596024180996,-0.0140942568536934,-0.00378711015171769
1.93005248853954,0.000769033022676957,0.00147066520421914,0.00198267406574054,0.0017710188432138,0.00333816080766849,0.00437247016123715,0,0,0,0,0,0,0,0,0,1.15581910604319,-0.014132193904339,-0.00380012041412947
1.94005276050088,0.000783839459423668,0.0014905661746706,0.00199741141114282,0.00180462049007823,0.00338203533283684,0.00440218710696891,0,0,0,0,0,0,0,0,0,1.15567759024505,-0.0141702613289478,-0.00381318436290429
1.95005303246223,0.000798845648155101,0.00151061451051421,0.00201214624717213,0.00183866237913553,0.00342620675920881,0.00443184853997242,0,0,0,0,0,0,0,0,0,1.15553569310908,-0.0142084596656746,-0.00382630225447386
1.96005330442357,0.000814053062430246,0.00153081018379706,0.00202687800269947,0.00187314747667804,0.00347067452424383,0.00446145298220678,0,0,0,0,0,0,0,0,0,1.15539341332343,-0.0142467894552498,-0.00383947434472269
1.97005357638492,0.000829463175500055,0.00155115316087137,0.00204160610990752,0.00190807874329876,0.00351543805066727,0.00449099896498789,0,0,0,0,0,0,0,0,0,1.15525074957083,-0.0142852512409463,-0.00385270089123227
1.98005384834626,0.000845077460250655,0.00157164340242757,0.00205633000428375,0.00194345913374453,0.00356049674656402,0.00452048502896902,0,0,0,0,0,0,0,0,0,1.15510770052854,-0.0143238455686459,-0.00386598215380458
1.99005412030761,0.000860897389146892,0.0015922808635273,0.00207104912461349,0.00197929159677002,0.00360585000547167,0.00454990972412134,0,0,0,0,0,0,0,0,0,1.15496426486839,-0.0143625729868178,-0.00387931839439844
2.00005439226895,0.000876924434176214,0.00161306549363637,0.00208576291297311,0.00201557907499282,0.00365149720647366,0.0045792716097145,0,0,0,0,0,0,0,0,0,1.15482044125668,-0.0144014340465832,-0.00389270987552716
2.0100546642303,0.000893160066792867,0.00163399723665761,0.00210047081472312,0.00205232450474924,0.00369743771429214,0.0046085692542972,0,0,0,0,0,0,0,0,0,1.15467622835419,-0.0144404293016616,-0.00390615685870571
2.02005493619164,0.00090960575786243,0.00165507603096371,0.00211517227850126,0.00208953081595127,0.00374367087938067,0.00463780123567772,0,0,0,0,0,0,0,0,0,1.15453162481616,-0.0144795593084046,-0.00391965960981836
2.03005520815299,0.000926262977606679,0.00167630180942995,0.00212986675621568,0.00212720093194425,0.00379019603801673,0.00466696614090453,0,0,0,0,0,0,0,0,0,1.15438662929226,-0.0145188246258497,-0.00393321839581922
2.04005548011433,0.000943133195548775,0.00169767449946686,0.00214455370303801,0.00216533776936566,0.00383701251239402,0.00469606256624682,0,0,0,0,0,0,0,0,0,1.15424124042653,-0.0145582258156878,-0.00394683348427343
2.05005575207568,0.00096021788045877,0.00171919402305283,0.00215923257739649,0.00220394423800466,0.00388411961071458,0.00472508911717506,0,0,0,0,0,0,0,0,0,1.1540954568574,-0.0145977634423075,-0.00396050514550559
2.06005602403702,0.00097751850029946,0.00174086029676662,0.00217390284096912,0.0022430232406627,0.00393151662728068,0.00475404440834156,0,0,0,0,0,0,0,0,0,1.15394927721763,-0.0146374380728065,-0.00397423364873015
2.07005629599837,0.000995036522172537,0.00176267323181988,0.00218856395867672,0.00228257767301491,0.0039792028425866,0.00478292706356106,0,0,0,0,0,0,0,0,0,1.15380270013431,-0.0146772502769579,-0.00398801926538182
2.08005656795971,0.00101277341226509,0.00178463273408949,0.00220321539867614,0.00232261042347253,0.0040271775234101,0.00481173571579125,0,0,0,0,0,0,0,0,0,1.1536557242288,-0.0147172006272883,-0.00400186227133605
2.09005683992105,0.0010307306357964,0.00180673870414989,0.00221785663235328,0.00236312437304617,0.00407543992290379,0.00484046900711339,0,0,0,0,0,0,0,0,0,1.15350834811674,-0.0147572896990883,-0.00401576294135811
2.1000571118824,0.00104890965696509,0.00182899103730539,0.00223248713431628,0.00240412239520999,0.00412398928068625,0.00486912558871279,0,0,0,0,0,0,0,0,0,1.15336057040799,-0.01479751807038,-0.00402972155132346
2.11005738384374,0.0010673119388966,0.00185138962362228,0.00224710638238862,0.00244560735576687,0.00417282482293301,0.00489770412085944,0,0,0,0,0,0,0,0,0,1.15321238970663,-0.0148378863219718,-0.00404373837877276
2.12005765580509,0.00108593894359093,0.00187393434796102,0.00226171385760222,0.00248758211271439,0.00422194576246725,0.00492620327288855,0,0,0,0,0,0,0,0,0,1.15306380461089,-0.0148783950374365,-0.00405781370346679
2.13005792776643,0.00110479213187074,0.00189662509000826,0.00227630904419061,0.00253004951611174,0.0042713512988504,0.00495462172318111,0,0,0,0,0,0,0,0,0,1.15291481371318,-0.0149190448031781,-0.00407194780795875
2.14005819972778,0.00112387296332981,0.0019194617243088,0.002290891429582,0.00257301240794759,0.00432104061847251,0.00498295815914445,0,0,0,0,0,0,0,0,0,1.15276541560002,-0.0149598362084205,-0.00408614097253156
2.15005847168912,0.00114318289628177,0.00194244412029756,0.0023054605043924,0.00261647362200881,0.00437101289464236,0.00501121127719279,0,0,0,0,0,0,0,0,0,1.15261560885202,-0.0150007698451735,-0.00410039348192512
2.16005874365047,0.00116272338770911,0.00196557214233138,0.00232001576241879,0.00266043598375009,0.0044212672876775,0.00503937978272783,0,0,0,0,0,0,0,0,0,1.15246539204386,-0.0150418463083561,-0.00411470562373801
2.17005901561181,0.00118249589321261,0.00198884564972079,0.00233455670063221,0.00270490231016448,0.004471802944994,0.0050674623901193,0,0,0,0,0,0,0,0,0,1.15231476374425,-0.01508306619573,-0.00412907768160032
2.18005928757316,0.00120250186696103,0.00201226449676177,0.00234908281917084,0.00274987540965484,0.00452261900119602,0.00509545782268551,0,0,0,0,0,0,0,0,0,1.15216372251592,-0.0151244301078871,-0.00414350994578626
2.1900595595345,0.00122274276164109,0.00203582853276733,0.00236359362133321,0.00279535808190613,0.00457371457816523,0.00512336481267391,0,0,0,0,0,0,0,0,0,1.15201226691557,-0.0151659386483948,-0.00415800270828522
2.20005983149585,0.00124322002840783,0.0020595376020991,0.00237808861357123,0.00284135311775865,0.00462508878515001,0.00515118210124169,0,0,0,0,0,0,0,0,0,1.15186039549386,-0.0152075924236848,-0.00417255625773962
2.21006010345719,0.00126393511683521,0.00208339154419886,0.00239256730548338,0.00288786329908215,0.00467674071885441,0.00517890843843629,0,0,0,0,0,0,0,0,0,1.15170810679534,-0.0152493920430976,-0.00418717088834241
2.22006037541854,0.00128488947486713,0.00210739019361992,0.00240702920980778,0.00293489139865082,0.00472866946352702,0.005206542583176,0,0,0,0,0,0,0,0,0,1.1515553993585,-0.0152913381189489,-0.004201846896507
2.23006064737988,0.00130608454876865,0.00213153338005851,0.00242147384241533,0.00298244018001918,0.00478087409104951,0.00523408330323047,0,0,0,0,0,0,0,0,0,1.15140227171566,-0.0153334312665076,-0.00421658457698161
2.24006091934123,0.00132752178307758,0.0021558209283851,0.00243590072230284,0.00303051239739883,0.00483335366102512,0.00526152937520137,0,0,0,0,0,0,0,0,0,1.15124872239297,-0.0153756721039846,-0.00423138422784496
2.25006119130257,0.00134920262055641,0.00218025265867556,0.00245030937158614,0.00307911079553614,0.00488610722086685,0.00528887958450283,0,0,0,0,0,0,0,0,0,1.1510947499104,-0.0154180612526104,-0.00424624615050624
2.26006146326392,0.00137112850214449,0.00220482838624239,0.0024646993154932,0.00312823810959076,0.00493913380588547,0.0053161327253421,0,0,0,0,0,0,0,0,0,1.15094035278169,-0.0154605993366243,-0.00426117064470918
2.27006173522526,0.00139330086691053,0.00222954792166575,0.00247907008235724,0.00317789706501502,0.00499243243937741,0.00534328760070007,0,0,0,0,0,0,0,0,0,1.1507855295143,-0.015503286983252,-0.0042761580129732
2.28006200718661,0.00141572115200549,0.00225441107082451,0.00249342120360988,0.00322809037743428,0.00504600213271236,0.0053703430223118,0,0,0,0,0,0,0,0,0,1.15063027860943,-0.0155461248227832,-0.00429120856003806
2.29006227914795,0.00143839079261568,0.00227941763492719,0.00250775221377422,0.00327882075252802,0.00509984188542072,0.00539729781064717,0,0,0,0,0,0,0,0,0,1.15047459856195,-0.0155891134885385,-0.00430632259175338
2.30006255110929,0.00146131122191621,0.00230456741054284,0.00252206265045801,0.00333009088591194,0.00515395068528088,0.00542415079489134,0,0,0,0,0,0,0,0,0,1.15031848786039,-0.0156322536169248,-0.00432150041787209
2.31006282307064,0.00148448387102476,0.00232986018963188,0.0025363520543467,0.00338190346302083,0.00520832750840624,0.00545090081292538,0,0,0,0,0,0,0,0,0,1.15016194498688,-0.015675545847458,-0.00433674234753969
2.32006309503198,0.00150791016895564,0.00235529575957679,0.00255061996919665,0.00343426115899238,0.00526297131933211,0.00547754671130682,0,0,0,0,0,0,0,0,0,1.15000496841715,-0.0157189908227282,-0.00435204868991876
2.33006336699333,0.00153159154257416,0.00238087390321283,0.00256486594182815,0.00348716663855184,0.00531788107110235,0.00550408734525019,0,0,0,0,0,0,0,0,0,1.14984755662051,-0.0157625891884344,-0.00436741975814509
2.34006363895467,0.00155552941655133,0.00240659439885863,0.00257908952211865,0.00354062255589749,0.00537305570535588,0.00553052157860761,0,0,0,0,0,0,0,0,0,1.14968970805976,-0.0158063415934298,-0.00438285586582216
2.35006391091602,0.00157972521331882,0.00243245702034673,0.00259329026299577,0.00359463155458704,0.00542849415241292,0.0055568482838493,0,0,0,0,0,0,0,0,0,1.14953142119121,-0.0158502486896856,-0.00439835733153184
2.36006418287736,0.00160418035302425,0.00245846153705404,0.0026074677204305,0.00364919626742491,0.00548419533136111,0.00558306634204422,0,0,0,0,0,0,0,0,0,1.14937269446465,-0.0158943111324267,-0.00441392447446324
2.37006445483871,0.00162889625348681,0.00248460771393225,0.0026216214534303,0.00370431931635026,0.00554015815014137,0.00560917464284058,0,0,0,0,0,0,0,0,0,1.14921352632329,-0.0159385295800086,-0.00442955760990263
2.38006472680005,0.00165387433015314,0.00251089531153818,0.00263575102403218,0.00376000331232601,0.00559638150563364,0.00563517208444638,0,0,0,0,0,0,0,0,0,1.14905391520372,-0.0159829046939617,-0.00444525706035236
2.3900649987614,0.00167911599605352,0.00253732408606399,0.00264985599729588,0.0038162508552286,0.00565286428374235,0.00566105757361005,0,0,0,0,0,0,0,0,0,1.14889385953594,-0.0160274371390918,-0.00446102315108973
2.40006527072274,0.00170462266175841,0.00256389378936742,0.00266393594129696,0.00387306453373872,0.00570960535948174,0.00568683002560093,0,0,0,0,0,0,0,0,0,1.14873335774326,-0.0160721275834352,-0.00447685620517218
2.41006554268409,0.00173039573533521,0.0025906041690019,0.00267799042711991,0.00393044692523277,0.00576660359706096,0.00571248836418987,0,0,0,0,0,0,0,0,0,1.14857240824228,-0.0161169766982589,-0.00449275654898773
2.42006581464543,0.0017564366223054,0.00261745496824659,0.0026920190288513,0.00398840059567529,0.00582385784996903,0.0057380315216298,0,0,0,0,0,0,0,0,0,1.1484110094429,-0.0161619851581272,-0.00450872451225462
2.43006608660678,0.00178274672560194,0.0026444459261364,0.00270602132357288,0.00404692809951213,0.0058813669610595,0.00576345843863629,0,0,0,0,0,0,0,0,0,1.14824915974825,-0.0162071536409015,-0.00452476042358093
2.44006635856812,0.00180932744552697,0.00267157677749189,0.00271999689135469,0.00410603197956453,0.00593912976263508,0.00578876806436806,0,0,0,0,0,0,0,0,0,1.14808685755464,-0.0162524828277186,-0.00454086461435019
2.45006663052947,0.0018361801797098,0.0026988472529491,0.00273394531524821,0.00416571476692405,0.00599714507653186,0.00581395935640763,0,0,0,0,0,0,0,0,0,1.1479241012516,-0.0162979734030678,-0.00455703741929472
2.46006690249081,0.00186330632306524,0.00272625707898938,0.00274786618127946,0.00422597898084829,0.00605541171420354,0.0058390312807418,0,0,0,0,0,0,0,0,0,1.14776088922175,-0.0163436260547806,-0.00457327917531254
2.47006717445216,0.00189070726775219,0.00275380597796903,0.00276175907844211,0.00428682712865752,0.00611392847680534,0.00586398281174226,0,0,0,0,0,0,0,0,0,1.14759721984083,-0.0163894414740844,-0.00458959021876446
2.4800674464135,0.00191838440313254,0.00278149366814903,0.00277562359869064,0.00434826170563208,0.00617269415527776,0.00588881293214614,0,0,0,0,0,0,0,0,0,1.14743309147767,-0.0164354203555381,-0.00460597088610258
2.49006771837485,0.00194633911573035,0.00280931986372454,0.00278945933693342,0.00441028519491065,0.00623170753043016,0.00591352063303656,0,0,0,0,0,0,0,0,0,1.14726850249412,-0.0164815633970985,-0.00462242152145946
2.50006799033619,0.00197457278919134,0.00283728427485445,0.00280326589102584,0.00447290006738939,0.00629096737302408,0.00593810491382322,0,0,0,0,0,0,0,0,0,1.14710345124504,-0.0165278713002073,-0.00463894246783879
2.51006826229753,0.0020030868042427,0.00286538660769079,0.00281704286176344,0.00453610878162182,0.00635047244385646,0.00596256478222291,0,0,0,0,0,0,0,0,0,1.14693793607824,-0.0165743447696814,-0.00465553406718864
2.52006853425888,0.00203188253865313,0.00289362656440812,0.00283078985287503,0.00459991378371962,0.00641022149384258,0.00598689925424014,0,0,0,0,0,0,0,0,0,1.14677195533448,-0.0166209845138017,-0.00467219666810037
2.53006880622022,0.00206096136719325,0.00292200384323281,0.00284450647101581,0.00466431750725424,0.00647021326409888,0.00601110735414764,0,0,0,0,0,0,0,0,0,1.14660550734743,-0.0166677912443572,-0.00468893061860988
2.54006907818157,0.00209032466159621,0.00295051813847228,0.00285819232576047,0.00472932237315926,0.00653044648602546,0.00603518811446695,0,0,0,0,0,0,0,0,0,1.1464385904436,-0.0167147656765896,-0.00470573626897348
2.55006935014291,0.00211997379051872,0.00297916914054416,0.00287184702959633,0.00479493078963372,0.00659091988138863,0.00605914057594901,0,0,0,0,0,0,0,0,0,1.14627120294236,-0.0167619085292934,-0.00472261397166767
2.56006962210426,0.00214991011950221,0.0030079565360054,0.00288547019791646,0.00486114515204611,0.00665163216240294,0.00608296378755464,0,0,0,0,0,0,0,0,0,1.14610334315584,-0.0168092205247598,-0.00473956407916931
2.5700698940656,0.00218013501093444,0.00303688000758124,0.0028990614490128,0.00492796784283933,0.00671258203181328,0.0061066568064352,0,0,0,0,0,0,0,0,0,1.14593500938895,-0.0168567023888332,-0.00475658695006097
2.58007016602695,0.00221064982401129,0.00306593923419424,0.00291262040406926,0.00499540123143635,0.0067737681829767,0.00613021869791307,0,0,0,0,0,0,0,0,0,1.14576619993932,-0.0169043548509766,-0.00477368294292487
2.59007043798829,0.00224145591469888,0.0030951338909931,0.00292614668715488,0.00506344767414675,0.00683518929994395,0.00615364853546227,0,0,0,0,0,0,0,0,0,1.14559691309726,-0.0169521786442061,-0.00479085241356829
2.60007070994964,0.00227255463569599,0.00312446364938152,0.0029396399252169,0.00513210951407407,0.00689684405754098,0.00617694540068897,0,0,0,0,0,0,0,0,0,1.14542714714576,-0.0170001745051013,-0.00480809572612457
2.61007098191098,0.00230394733639674,0.00315392817704693,0.00295309974807394,0.00520138908102397,0.0069587311214501,0.00620010838331211,0,0,0,0,0,0,0,0,0,1.14525690036038,-0.017048343173961,-0.00482541324639236
2.62007125387233,0.00233563536285355,0.00318352713798917,0.00296652578840905,0.00527128869141319,0.00702084914829109,0.00622313658114391,0,0,0,0,0,0,0,0,0,1.1450861710093,-0.0170966853946809,-0.00484280533685883
2.63007152583367,0.00236762005774045,0.00321326019254911,0.00297991768176289,0.00534181064817932,0.00708319678570196,0.00624602910007047,0,0,0,0,0,0,0,0,0,1.14491495735321,-0.0171452019148099,-0.00486027236883553
2.64007179779502,0.00239990276031661,0.00324312699743719,0.00299327506652683,0.00541295724069137,0.00714577267241963,0.00626878505403228,0,0,0,0,0,0,0,0,0,1.14474325764534,-0.0171938934856701,-0.00487781471087678
2.65007206975636,0.00243248480639016,0.00327312720576188,0.00300659758393604,0.00548473074466122,0.00720857543836038,0.00629140356500486,0,0,0,0,0,0,0,0,0,1.14457107013135,-0.0172427608621815,-0.00489543273163285
2.66007234171771,0.00246536752828236,0.00330326046705811,0.00301988487806267,0.00555713342205573,0.00727160370470012,0.00631388376297925,0,0,0,0,0,0,0,0,0,1.14439839304936,-0.0172918048030397,-0.00491312680965076
2.67007261367905,0.00249855225479193,0.00333352642731557,0.00303313659580893,0.00563016752100978,0.0073348560839544,0.0063362247859426,0,0,0,0,0,0,0,0,0,1.14422522462988,-0.0173410260707357,-0.0049308973195719
2.6800728856404,0.00253204031115983,0.00336392472900701,0.0030463523869002,0.00570383527574009,0.00739833118005833,0.00635842577985873,0,0,0,0,0,0,0,0,0,1.14405156309577,-0.017390425431458,-0.0049487446366503
2.69007315760174,0.00256583301903414,0.00339445501111644,0.00305953190387818,0.00577813890645976,0.00746202758844622,0.00638048589864871,0,0,0,0,0,0,0,0,0,1.14387740666221,-0.0174400036552032,-0.0049666691450021
2.70007342956308,0.00259993169643537,0.00342511690916723,0.00307267480209401,0.00585308061929365,0.00752594389613106,0.00640240430417138,0,0,0,0,0,0,0,0,0,1.14370275353665,-0.0174897615158421,-0.00498467122596864
2.71007370152443,0.002634337657722,0.00345591005525018,0.00308578073970135,0.00592866260619464,0.00759007868178385,0.00642418016620395,0,0,0,0,0,0,0,0,0,1.14352760191881,-0.0175396997909983,-0.00500275126033532
2.72007397348577,0.00266905221355623,0.00348683407805152,0.00309884937764956,0.00600488704486051,0.00765443051581258,0.00644581266242255,0,0,0,0,0,0,0,0,0,1.14335195000059,-0.0175898192621587,-0.00502090963721414
2.73007424544712,0.00270407667087016,0.00351788860288086,0.00311188037967678,0.00608175609865177,0.00771899796044125,0.00646730097838277,0,0,0,0,0,0,0,0,0,1.14317579596607,-0.0176401207147293,-0.00503914674571727
2.74007451740846,0.00273941233283208,0.00354907325169899,0.00312487341230303,0.00615927191651017,0.00778377956978849,0.00648864430750027,0,0,0,0,0,0,0,0,0,1.14299913799144,-0.0176906049379793,-0.00505746297495655
2.75007478936981,0.00277506049881317,0.00358038764314568,0.0031378281448234,0.00623743663287806,0.00784877388994608,0.00650984185103128,0,0,0,0,0,0,0,0,0,1.14282197424499,-0.0177412727250973,-0.00507585871792984
2.76007506133115,0.00281102246435441,0.00361183139256743,0.0031507442493011,0.0063162523676185,0.00791397945905728,0.00653089281805321,0,0,0,0,0,0,0,0,0,1.14264430288705,-0.0177921248732127,-0.00509433437096488
2.7700753332925,0.0028472995211338,0.00364340411204509,0.00316362140056064,0.00639572122593616,0.00797939480739494,0.0065517964254452,0,0,0,0,0,0,0,0,0,1.14246612206998,-0.0178431621834406,-0.0051128903287444
2.78007560525384,0.00288389295693382,0.00367510541042144,0.00317645927618088,0.00647584529829904,0.0080450184574394,0.00657255189786867,0,0,0,0,0,0,0,0,0,1.14228742993808,-0.0178943854608046,-0.00513152698977728
2.79007587721519,0.00292080405560919,0.00370693489332871,0.00318925755648822,0.00655662666036087,0.00811084892395624,0.00659315846774788,0,0,0,0,0,0,0,0,0,1.1421082246276,-0.0179457955143901,-0.00515024475869769
2.80007614917653,0.00295803409705492,0.00373889216321601,0.00320201592454968,0.00663806737288439,0.00817688471407383,0.00661361537525052,0,0,0,0,0,0,0,0,0,1.14192850426667,-0.0179973931573135,-0.00516904403801905
2.81007642113788,0.0029955843571746,0.00377097681937671,0.00321473406616602,0.00672016948166535,0.00824312432736061,0.00663392186826825,0,0,0,0,0,0,0,0,0,1.14174826697527,-0.0180491792067108,-0.005187925232376
2.82007669309922,0.00303345610784896,0.00380318845797576,0.0032274116698649,0.0068029350174573,0.0083095662559023,0.00665407720239724,0,0,0,0,0,0,0,0,0,1.14156751086518,-0.0181011544837913,-0.00520688875026857
2.83007696506057,0.00307165061690476,0.00383552667207687,0.00324004842689393,0.00688636599589715,0.00837620898437881,0.00667408064091877,0,0,0,0,0,0,0,0,0,1.14138623403996,-0.0181533198138611,-0.00522593500358697
2.84007723702191,0.0031101691480839,0.00386799105166976,0.00325264403121387,0.00697046441743148,0.00844305099014101,0.00669393145477979,0,0,0,0,0,0,0,0,0,1.1412044345949,-0.0182056760263677,-0.00524506440253617
2.85007750898326,0.00314901296101277,0.00390058118369718,0.00326519817949169,0.00705523226724364,0.0085100907432873,0.00671362892257344,0,0,0,0,0,0,0,0,0,1.14102211061696,-0.0182582239548214,-0.00526427736065173
2.8600777809446,0.003188183311172,0.00393329665208197,0.0032777105710937,0.00714067151518161,0.00857732670673995,0.00673317233051967,0,0,0,0,0,0,0,0,0,1.14083926018474,-0.0183109644369406,-0.00528357429924073
2.87007805290595,0.00322768144986632,0.00396613703775403,0.00329018090807871,0.00722678411568658,0.00864475733632129,0.00675256097244576,0,0,0,0,0,0,0,0,0,1.14065588136847,-0.0183638983146622,-0.00530295563572404
2.88007832486729,0.00326750862419479,0.00399910191867721,0.00330260889519109,0.00731357200772239,0.0087123810808297,0.00677179414976688,0,0,0,0,0,0,0,0,0,1.14047197222991,-0.018417026434053,-0.00532242178974294
2.89007859682864,0.00330766607702129,0.00403219086987611,0.00331499423985395,0.00740103711470564,0.00878019638211538,0.00679087117146668,0,0,0,0,0,0,0,0,0,1.14028753082235,-0.018470349645443,-0.00534197318926549
2.90007886878998,0.00334815504694524,0.00406540346346284,0.00332733665216222,0.00748918134443656,0.00884820167515593,0.00680979135407783,0,0,0,0,0,0,0,0,0,1.14010255519056,-0.0185238688034587,-0.0053616102578188
2.91007914075132,0.0033889767682726,0.00409873926866372,0.00333963584487577,0.00757800658903069,0.00891639538813176,0.0068285540216626,0,0,0,0,0,0,0,0,0,1.13991704337073,-0.0185775847669008,-0.00538133342170496
2.92007941271267,0.00343013247098718,0.0041321978518459,0.00335189153341256,0.00766751472485128,0.0089847759425013,0.0068471585057934,0,0,0,0,0,0,0,0,0,1.13973099339045,-0.0186314983989221,-0.00540114311666284
2.93007968467401,0.00347162338072214,0.00416577877654388,0.00336410343584174,0.00775770761244242,0.00905334175307597,0.00686560414553335,0,0,0,0,0,0,0,0,0,1.13954440326865,-0.0186856105670384,-0.00542103977565622
2.94007995663536,0.00351345071873183,0.00419948160348599,0.00337627127287676,0.00784858709646298,0.00912209122809503,0.00688389028741685,0,0,0,0,0,0,0,0,0,1.13935727101558,-0.0187399221430618,-0.00544102383222423
2.9500802285967,0.00355561570186382,0.00423330589062084,0.00338839476786851,0.00794015500562122,0.00919102276930018,0.00690201628543012,0,0,0,0,0,0,0,0,0,1.13916959463272,-0.0187944340031792,-0.00546109572428447
2.96008050055805,0.00359811954253127,0.00426725119314361,0.00340047364679844,0.00803241315261022,0.00926013477200999,0.0069199815009918,0,0,0,0,0,0,0,0,0,1.1389813721128,-0.0188491470279614,-0.00548125589255029
2.97008077251939,0.00364096344868552,0.00430131706352237,0.00341250763827165,0.00812536333404399,0.00932942562519411,0.00693778530293348,0,0,0,0,0,0,0,0,0,1.13879260143968,-0.0189040621024096,-0.0055015047811703
2.98008104448074,0.00368414862378892,0.00433550305152421,0.00342449647351007,0.00821900733039436,0.00939889371154734,0.00695542706748026,0,0,0,0,0,0,0,0,0,1.1386032805884,-0.0189591801159781,-0.00552184283640928
2.99008131644208,0.00372767626678801,0.00436980870424148,0.0034364398863455,0.00831334690592863,0.00946853740756343,0.00697290617823132,0,0,0,0,0,0,0,0,0,1.13841340752504,-0.0190145019625934,-0.00554227050562089
3.00008158840343,0.00377154757208682,0.00440423356611776,0.00344833761321281,0.00840838380864784,0.00953835508360876,0.00699022202614051,0,0,0,0,0,0,0,0,0,1.13822298020673,-0.0190700285406572,-0.00556278823622169
3.01008186036477,0.00381576372952058,0.0044387771789739,0.00346018939314301,0.00850411977022598,0.00960834510399576,0.00700737400949685,0,0,0,0,0,0,0,0,0,1.1380319965816,-0.0191257607530446,-0.00558339648337824
3.02008213232612,0.00386032592432961,0.00447343908203394,0.00347199496775636,0.00860055650594971,0.0096785058270562,0.00702436153390514,0,0,0,0,0,0,0,0,0,1.13784045458873,-0.0191816995072607,-0.00560409570392223
3.03008240428746,0.00390523533713343,0.00450821881195099,0.00348375408125557,0.00869769571465899,0.00974883560521423,0.00704118401226652,0,0,0,0,0,0,0,0,0,1.1376483521581,-0.0192378457153179,-0.00562488635357568
3.04008267624881,0.00395049314390526,0.00454311590283297,0.0034954664804188,0.00879553907868831,0.00981933278505923,0.00705784086475901,0,0,0,0,0,0,0,0,0,1.13745568721053,-0.0192942002938356,-0.00564576889250103
3.05008294821015,0.00399610051594663,0.00457812988626839,0.00350713191459289,0.00889408826380878,0.00988999570741854,0.00707433151881808,0,0,0,0,0,0,0,0,0,1.13726245765767,-0.0193507641640297,-0.00566674378419111
3.0600832201715,0.00404205861986234,0.00461326029135195,0.00351875013568642,0.00899334491917076,0.0099608227074299,0.00709065540911721,0,0,0,0,0,0,0,0,0,1.13706866140193,-0.0194075382517899,-0.00568781149602463
3.07008349213284,0.00408836861753565,0.00464850664471018,0.00353032089816283,0.00909331067724744,0.0100318121146137,0.00710681197754847,0,0,0,0,0,0,0,0,0,1.13687429633643,-0.0194645234876799,-0.00570897249260409
3.08008376409419,0.00413503166610371,0.00468386847052689,0.00354184395903359,0.00919398715377893,0.0101029622529452,0.00712280067320304,0,0,0,0,0,0,0,0,0,1.13667936034498,-0.0195217208068817,-0.00573022724574897
3.09008403605553,0.0041820489179333,0.00471934529056867,0.00355331907785124,0.00929537594771725,0.0101742714409263,0.00713862095235183,0,0,0,0,0,0,0,0,0,1.13648385130199,-0.0195791311493955,-0.00575157623118591
3.10008430801688,0.00422942152059671,0.00475493662421024,0.00356474601670259,0.0093974786411719,0.0102457379916571,0.00715427227842598,0,0,0,0,0,0,0,0,0,1.13628776707245,-0.0196367554599182,-0.00577301992180046
3.11008457997822,0.00427715061684804,0.00479064198845978,0.0035761245402018,0.00950029679935619,0.010317360212908,0.00716975412199748,0,0,0,0,0,0,0,0,0,1.13609110551191,-0.019694594687908,-0.00579455879605078
3.12008485193956,0.00432523734459958,0.00482646089798414,0.00358745441548348,0.00960383197053434,0.0103891364071901,0.00718506596075967,0,0,0,0,0,0,0,0,0,1.13589386446636,-0.0197526497876312,-0.00581619333638973
3.13008512390091,0.00437368283689857,0.00486239286513403,0.00359873541219587,0.00970808568596923,0.0104610648718273,0.00720020727950786,0,0,0,0,0,0,0,0,0,1.13569604177224,-0.0198109217181953,-0.0058379240273817
3.14008539586225,0.00442248822190414,0.00489843739996913,0.0036099673024939,0.00981305945987085,0.0105331438990263,0.00721517757011986,0,0,0,0,0,0,0,0,0,1.13549763525639,-0.0198694114435582,-0.005859751353569
3.1500856678236,0.00447165462286454,0.00493459401028309,0.00362114986103236,0.00991875478934551,0.0106053717759481,0.00722997633153654,0,0,0,0,0,0,0,0,0,1.13529864273595,-0.0199281199325184,-0.00588167580455517
3.16008593978494,0.00452118315809458,0.00497086220162854,0.00363228286495896,0.0100251731543457,0.0106777467847781,0.00724460306974241,0,0,0,0,0,0,0,0,0,1.13509906201838,-0.0199870481588262,-0.0059036978732523
3.17008621174629,0.00457107494095339,0.00500724147734195,0.00364336609390753,0.0101323160176208,0.0107502672027966,0.00725905729774616,0,0,0,0,0,0,0,0,0,1.13489889090136,-0.0200461971011387,-0.00592581805201756
3.18008648370763,0.00462133107982232,0.00504373133856848,0.00365439932999107,0.0102401848246682,0.0108229313024486,0.00727333853556126,0,0,0,0,0,0,0,0,0,1.13469812717277,-0.0201055677430535,-0.00594803684042435
3.19008675566898,0.00467195267808319,0.00508033128428673,0.00366538235779489,0.0103487810036855,0.0108957373514145,0.00728744631018645,0,0,0,0,0,0,0,0,0,1.13449676861063,-0.0201651610732194,-0.00597035473915596
3.20008702763032,0.00472294083409677,0.00511704081133341,0.00367631496436976,0.0104581059655229,0.0109686836126791,0.00730138015558638,0,0,0,0,0,0,0,0,0,1.13429481298302,-0.020224978085248,-0.00599277224723033
3.21008729959167,0.00477429664118141,0.00515385941442799,0.00368719693922498,0.0105681611036369,0.0110417683446016,0.00731513961267213,0,0,0,0,0,0,0,0,0,1.1340922580481,-0.0202850197777688,-0.00601528987254683
3.22008757155301,0.00482602118759206,0.00519078658619724,0.00369802807432157,0.0106789477940443,0.0111149898009848,0.00732872422928177,0,0,0,0,0,0,0,0,0,1.13388910155398,-0.0203452871545516,-0.00603790812689047
3.23008784351436,0.00487811555649942,0.00522782181719972,0.00370880816406529,0.010790467395277,0.0111883462311442,0.00734213356016094,0,0,0,0,0,0,0,0,0,1.13368534123874,-0.0204057812244618,-0.00606062751705092
3.2400881154757,0.00493058082596942,0.00526496459595018,0.00371953700529987,0.0109027212483374,0.0112618358799773,0.00735536716694341,0,0,0,0,0,0,0,0,0,1.13348097483033,-0.0204665030014054,-0.0060834485553676
3.25008838743705,0.00498341806894287,0.0053022144089439,0.00373021439730003,0.0110157106766544,0.0113354569880321,0.00736842461813162,0,0,0,0,0,0,0,0,0,1.13327600004652,-0.0205274535044949,-0.00610637176361726
3.26008865939839,0.00503662835321538,0.00533957074068102,0.0037408401417647,0.0111294369860408,0.0114092077915757,0.00738130548907725,0,0,0,0,0,0,0,0,0,1.13307041459489,-0.0205886337580719,-0.00612939766082407
3.27008893135974,0.00509021274141756,0.00537703307369066,0.00375141404281004,0.0112439014646501,0.0114830865226629,0.00739400936196181,0,0,0,0,0,0,0,0,0,1.13286421617273,-0.0206500447916298,-0.00615252676816317
3.28008920332108,0.00514417229099544,0.00541460088855514,0.00376193590696264,0.0113591053829354,0.011557091409204,0.00740653582577716,0,0,0,0,0,0,0,0,0,1.13265740246703,-0.0207116876399341,-0.00617575961182873
3.29008947528243,0.00519850805419105,0.005452273663934,0.0037724055431526,0.0114750499936078,0.0116312206750335,0.00741888447630611,0,0,0,0,0,0,0,0,0,1.13244997115438,-0.0207735633430022,-0.00619909671923989
3.30008974724377,0.0052532210780234,0.00549005087658803,0.00378282276270664,0.0115917365315962,0.0117054725399771,0.00743105491610294,0,0,0,0,0,0,0,0,0,1.13224191990096,-0.0208356729461482,-0.00622253862269674
3.31009001920512,0.00530831240426955,0.00552793200140317,0.00379318737934126,0.0117091662140075,0.0117798452199199,0.007443046754474,0,0,0,0,0,0,0,0,0,1.13203324636246,-0.0208980175000361,-0.00624608585669663
3.32009029116646,0.005363783069446,0.00556591651141442,0.00380349920915584,0.0118273402400876,0.0118543369268736,0.00745485960745825,0,0,0,0,0,0,0,0,0,1.13182394818405,-0.02096059806067,-0.00626973895913631
3.3300905631278,0.00541963410479032,0.00560400387782959,0.00381375807062575,0.0119462597911829,0.0119289458690439,0.00746649309780783,0,0,0,0,0,0,0,0,0,1.1316140230003,-0.0210234156894721,-0.00629349847010985
3.34009083508915,0.00547586653624296,0.00564219357005307,0.00382396378459548,0.0120659260307026,0.0120036702508971,0.00747794685496862,0,0,0,0,0,0,0,0,0,1.13140346843515,-0.0210864714532488,-0.00631736493137678
3.35009110705049,0.00553248138442935,0.00568048505570943,0.00383411617427175,0.0121863401040817,0.0120785082732276,0.00748922051506079,0,0,0,0,0,0,0,0,0,1.13119228210183,-0.0211497664242577,-0.00634133889080217
3.36009137901184,0.00558947966464223,0.00571887780066707,0.00384421506521666,0.0123075031387446,0.0121534581332239,0.00750031372085939,0,0,0,0,0,0,0,0,0,1.13098046160282,-0.0212133016802629,-0.00636542089902692
3.37009165097318,0.00564686238682419,0.0057573712690617,0.00385426028534079,0.0124294162440693,0.0122285180245355,0.00751122612177488,0,0,0,0,0,0,0,0,0,1.13076800452982,-0.0212770783045351,-0.00638961150669159
3.38009192293453,0.00570463055555048,0.0057959649233198,0.00386425166489629,0.0125520805113522,0.012303686137339,0.0075219573738337,0,0,0,0,0,0,0,0,0,1.13055490846365,-0.0213410973858515,-0.00641391126776694
3.39009219489587,0.00576278517001198,0.00583465822418202,0.00387418903647005,0.0126754970137743,0.0123789606584042,0.00753250713965887,0,0,0,0,0,0,0,0,0,1.1303411709742,-0.0214053600185623,-0.00643832074233071
3.40009246685722,0.00582132722399855,0.00587345063072647,0.00388407223497682,0.0127996668063667,0.0124543397711598,0.00754287508845048,0,0,0,0,0,0,0,0,0,1.13012678962042,-0.0214698673026468,-0.00646284049490033
3.41009273881856,0.00588025770588243,0.00591234160039195,0.00389390109765227,0.012924590925978,0.0125298216557593,0.00755306089596631,0,0,0,0,0,0,0,0,0,1.1299117619502,-0.0215346203437459,-0.0064874710883519
3.42009301077991,0.00593957759860201,0.0059513305890012,0.00390367546404619,0.0130502703912417,0.0126054044891464,0.00756306424450238,0,0,0,0,0,0,0,0,0,1.12969608550037,-0.0215996202530966,-0.00651221308826601
3.43009328274125,0.00599928787964578,0.00599041705078391,0.00391339517601553,0.0131767062025444,0.0126810864451204,0.00757288482287348,0,0,0,0,0,0,0,0,0,1.12947975779661,-0.0216648681476517,-0.00653706706857199
3.4400935547026,0.00605938952103651,0.00602960043839983,0.00392306007771759,0.0133038993419949,0.012756865694401,0.00758252232639377,0,0,0,0,0,0,0,0,0,1.12926277635341,-0.0217303651501271,-0.00656203360276511
3.45009382666394,0.00611988348931566,0.00606888020296169,0.00393267001560311,0.0134318507733935,0.0128327404046933,0.00759197645685734,0,0,0,0,0,0,0,0,0,1.12904513867397,-0.021796112388946,-0.00658711326755127
3.46009409862529,0.00618077074552802,0.00610825579405816,0.00394222483840938,0.0135605614422021,0.012908708740753,0.00760124692251873,0,0,0,0,0,0,0,0,0,1.12882684225023,-0.0218621109983585,-0.00661230664571722
3.47009437058663,0.00624205224520662,0.00614772665977661,0.00395172439715337,0.0136900322755155,0.01298476886445,0.00761033343807353,0,0,0,0,0,0,0,0,0,1.12860788456271,-0.0219283621184439,-0.0066376143201227
3.48009464254798,0.00630372893835776,0.00618729224672594,0.00396116854512487,0.0138202641820323,0.0130609189348334,0.00761923572463896,0,0,0,0,0,0,0,0,0,1.12838826308052,-0.02199486689511,-0.00666303687748882
3.49009491450932,0.00636580176944642,0.00622695200005921,0.00397055713787957,0.0139512580520272,0.0131371571081956,0.00762795350973437,0,0,0,0,0,0,0,0,0,1.1281679752613,-0.0220616264801706,-0.0066885749084217
3.50009518647067,0.00642827167738174,0.00626670536349634,0.00397989003323221,0.014083014757324,0.0132134815381358,0.00763648652726184,0,0,0,0,0,0,0,0,0,1.1279470185511,-0.0221286420313461,-0.00671422900685854
3.51009545843201,0.00649113959550288,0.00630655177934659,0.0039891670912497,0.0142155351512688,0.013289890375624,0.00764483451748675,0,0,0,0,0,0,0,0,0,1.1277253903844,-0.0221959147123293,-0.00673999977117714
3.52009573039336,0.00655440645156493,0.00634649068853109,0.00399838817424422,0.0143488200687037,0.0133663817690646,0.00765299722701833,0,0,0,0,0,0,0,0,0,1.12750308818399,-0.0222634456928084,-0.00676588780086498
3.5300960023547,0.00661807316772524,0.00638652153060528,0.00400755314676637,0.0144828703259422,0.0134429538643598,0.0076609744087902,0,0,0,0,0,0,0,0,0,1.12728010936095,-0.0223312361484665,-0.00679189369818554
3.54009627431604,0.00668214066052978,0.00642664374378119,0.00401666187559824,0.0146176867207437,0.0135196048049723,0.00766876582204097,0,0,0,0,0,0,0,0,0,1.12705645131456,-0.0223992872610372,-0.00681801807095309
3.55009654627739,0.0067466098408999,0.00646685676494981,0.00402571422974659,0.01475327003229,0.0135963327319888,0.00767637123229477,0,0,0,0,0,0,0,0,0,1.12683211143225,-0.0224676002183603,-0.00684426153197708
3.56009681823873,0.00681148161411917,0.0065071600297032,0.00403471008043595,0.0148896210211616,0.0136731357841824,0.00768379041134185,0,0,0,0,0,0,0,0,0,1.12660708708955,-0.0225361762144259,-0.00687062469351201
3.57009709020008,0.00687675687982055,0.00654755297235676,0.00404364930110171,0.015026740429315,0.0137500120980754,0.00769102313721909,0,0,0,0,0,0,0,0,0,1.12638137565002,-0.0226050164493192,-0.00689710817169844
3.58009736216142,0.00694243653197368,0.00658803502597117,0.00405253176738327,0.0151646289800602,0.0138269598080015,0.0076980691941906,0,0,0,0,0,0,0,0,0,1.12615497446519,-0.0226741221293535,-0.00692371258936305
3.59009763412277,0.00700852145887249,0.00662860562237451,0.00406135735711716,0.0153032873780395,0.013903977046168,0.00770492837272827,0,0,0,0,0,0,0,0,0,1.12592788087447,-0.0227434944670708,-0.0069504385698116
3.60009790608411,0.00707501254312296,0.00666926419218412,0.00407012595033014,0.0154427163092064,0.0139810619427179,0.00771160046949233,0,0,0,0,0,0,0,0,0,1.12570009220514,-0.022813134681251,-0.00697728674081534
3.61009817804546,0.00714191066163113,0.00671001016482851,0.00407883742923236,0.0155829164408053,0.0140582126257915,0.00771808528731192,0,0,0,0,0,0,0,0,0,1.12547160577226,-0.0228830439969917,-0.00700425773304776
3.6200984500068,0.00720921668559129,0.00675084296856915,0.00408749167821042,0.0157238884213515,0.0141354272215882,0.00772438263516563,0,0,0,0,0,0,0,0,0,1.12524241887859,-0.0229532236456866,-0.00703135218205223
3.63009872196815,0.00727693148047449,0.00679176203052219,0.00409608858382056,0.0158656328806126,0.0142127038544279,0.0077304923281621,0,0,0,0,0,0,0,0,0,1.12501252881457,-0.0230236748651447,-0.00705857072667657
3.64009899392949,0.00734505590601711,0.00683276677668014,0.00410462803478171,0.0160081504295896,0.0142900406468118,0.00773641418752054,0,0,0,0,0,0,0,0,0,1.12478193285819,-0.0230943988995369,-0.0070859140063995
3.65009926589084,0.00741359081620979,0.00687385663193344,0.00411310992196867,0.0161514416604993,0.014367435719484,0.0077421480405513,0,0,0,0,0,0,0,0,0,1.12455062827501,-0.0231653969994621,-0.00711338266900117
3.66009953785218,0.0074825370592865,0.00691503102009202,0.00412153413840519,0.0162955071467567,0.014444887191492,0.00774769372063648,0,0,0,0,0,0,0,0,0,1.12431861231802,-0.0232366704220472,-0.0071409773633716
3.67009980981353,0.00755189547771382,0.00695628936390672,0.00412990057925711,0.0164403474429586,0.0145223931802471,0.00775305106721042,0,0,0,0,0,0,0,0,0,1.12408588222762,-0.0233082204308692,-0.00716869874006611
3.68010008177487,0.00762166690818049,0.0069976310850907,0.00413820914182548,0.0165859630848677,0.0145999518015853,0.00775821992574029,0,0,0,0,0,0,0,0,0,1.12385243523153,-0.0233800482960664,-0.00719654745741117
3.69010035373622,0.00769185218158712,0.00703905560434074,0.00414645972553966,0.0167323545893965,0.0146775611698274,0.00776320014770671,0,0,0,0,0,0,0,0,0,1.12361826854476,-0.0234521552943828,-0.00722452417428819
3.70010062569756,0.00776245212303615,0.00708056234135851,0.00415465223195047,0.0168795224545932,0.0147552193978388,0.00776799159058418,0,0,0,0,0,0,0,0,0,1.12338337936948,-0.0235245427091348,-0.00725262955512936
3.71010089765891,0.00783346755182196,0.00712215071487173,0.00416278656472329,0.0170274671596271,0.0148329245970894,0.00777259411782178,0,0,0,0,0,0,0,0,0,1.12314776489504,-0.0235972118303552,-0.0072808642676978
3.72010116962025,0.00790489928142131,0.0071638201426553,0.0041708626296312,0.0171761891647747,0.0149106748777136,0.00777700759882365,0,0,0,0,0,0,0,0,0,1.12291142229782,-0.023670163954716,-0.00730922898031157
3.7301014415816,0.00797674811948383,0.00720557004155234,0.00417888033454805,0.0173256889114072,0.0149884683485693,0.00778123190892957,0,0,0,0,0,0,0,0,0,1.12267434874121,-0.0237434003856169,-0.00733772437019591
3.74010171354294,0.00804901486782288,0.00724739982749515,0.00418683958944165,0.0174759668219776,0.0150663031172975,0.00778526692939552,0,0,0,0,0,0,0,0,0,1.12243654137553,-0.0238169224332747,-0.00736635111560769
3.75010198550428,0.00812170032240652,0.00728930891552613,0.00419474030636685,0.0176270233000088,0.0151441772903811,0.00778911254737429,0,0,0,0,0,0,0,0,0,1.12219799733798,-0.0238907314146546,-0.00739510989871498
3.76010225746563,0.00819480527334869,0.00733129671981859,0.00420258239945865,0.0177788587300828,0.015222088973204,0.00779276865589593,0,0,0,0,0,0,0,0,0,1.12195871375253,-0.0239648286536171,-0.00742400140625895
3.77010252942697,0.00826833050490065,0.00737336265369759,0.00421036578492535,0.0179314734778294,0.0153000362701096,0.00779623515384844,0,0,0,0,0,0,0,0,0,1.12171868772989,-0.0240392154808626,-0.0074530263265149
3.78010280138832,0.00834227679544261,0.00741550612966052,0.00421809038104165,0.0180848678899165,0.0153780172844595,0.00779951194595822,0,0,0,0,0,0,0,0,0,1.12147791636744,-0.0241138932340175,-0.0074821853538363
3.79010307334966,0.00841664491747554,0.00745772655939787,0.0042257561081418,0.0182390422940404,0.0154560301186915,0.00780259894277073,0,0,0,0,0,0,0,0,0,1.12123639674912,-0.0241888632576697,-0.00751147918654154
3.80010334531101,0.0084914356376132,0.00750002335381365,0.00423336288861265,0.0183939969989168,0.0155340728743778,0.00780549606063097,0,0,0,0,0,0,0,0,0,1.12099412594541,-0.0242641269034123,-0.00754090852791889
3.81010361727235,0.00856664971657437,0.00754239592304601,0.00424091064688687,0.0185497322942727,0.0156121436522832,0.00780820322166409,0,0,0,0,0,0,0,0,0,1.12075110101324,-0.0243396855298993,-0.00757047408070149
3.8201038892337,0.00864228790917532,0.00758484367648758,0.00424839930943598,0.0187062484508382,0.0156902405524223,0.00781072035375595,0,0,0,0,0,0,0,0,0,1.12050731899591,-0.0244155405027789,-0.00760017655317277
3.83010416119504,0.00871835096432245,0.00762736602280585,0.00425582880476351,0.0188635457203397,0.0157683616741174,0.00781304739053365,0,0,0,0,0,0,0,0,0,1.12026277692302,-0.0244916931948712,-0.00763001666249769
3.84010443315639,0.00879483962500513,0.00766996236996347,0.00426319906339815,0.0190216243354931,0.0158465051160557,0.00781518427134612,0,0,0,0,0,0,0,0,0,1.12001747181042,-0.0245681449861681,-0.00765999512584192
3.85010470511773,0.00887175462828873,0.00771263212523843,0.00427051001788681,0.0191804845099976,0.0159246689763461,0.00781713094124467,0,0,0,0,0,0,0,0,0,1.11977140066012,-0.0246448972638332,-0.00769011266148028
3.86010497707908,0.00894909670530795,0.00775537469524427,0.00427776160278776,0.0193401264385304,0.016002851352577,0.00781888735096355,0,0,0,0,0,0,0,0,0,1.11952456046023,-0.0247219514222244,-0.00772036999490399
3.87010524904042,0.00902686658126016,0.00779818948595009,0.00428495375466378,0.0195005502967415,0.0160810503418718,0.00782045345690053,0,0,0,0,0,0,0,0,0,1.11927694818485,-0.0247993088630157,-0.00775076785993075
3.88010552100177,0.00910506497539919,0.00784107590270061,0.00429208641207526,0.0196617562412499,0.0161592640409467,0.00782182922109745,0,0,0,0,0,0,0,0,0,1.11902856079406,-0.0248769709952416,-0.00778130698760259
3.89010579296311,0.00918369260102906,0.00788403335023611,0.0042991595155733,0.0198237444096392,0.016237490546166,0.00782301461122076,0,0,0,0,0,0,0,0,0,1.11877939523379,-0.0249549392351972,-0.00781198811284722
3.90010606492446,0.00926275016549812,0.00792706123271227,0.00430617300769285,0.0199865149204545,0.016315727953599,0.0078240096005421,0,0,0,0,0,0,0,0,0,1.1185294484358,-0.0250332150066161,-0.0078428119811664
3.9101063368858,0.00934223837019327,0.00797015895371999,0.00431312683294585,0.0201500678732001,0.0163939743590755,0.0078248141679189,0,0,0,0,0,0,0,0,0,1.11827871731753,-0.0251117997407039,-0.00787377933742424
3.92010660884715,0.00942215791053441,0.00801332591630515,0.00432002093781431,0.0203144033483369,0.0164722278582418,0.00782542829777485,0,0,0,0,0,0,0,0,0,1.1180271987821,-0.0251906948760918,-0.0079048909287316
3.93010688080849,0.00950250947596909,0.00805656152298825,0.00432685527074346,0.0204795214072813,0.016550486546616,0.00782585198008057,0,0,0,0,0,0,0,0,0,1.11777488971822,-0.0252699018589281,-0.00793614751455111
3.94010715276984,0.00958329374996738,0.00809986517578401,0.00433362978213484,0.0206454220924036,0.0166287485196438,0.00782608521033407,0,0,0,0,0,0,0,0,0,1.11752178700005,-0.0253494221430335,-0.00796754985198673
3.95010742473118,0.00966451141001686,0.00814323627622092,0.00434034442433947,0.0208121054270281,0.0167070118727533,0.00782612798954141,0,0,0,0,0,0,0,0,0,1.11726788748723,-0.025429257189699,-0.00799909869866806
3.96010769669252,0.0097461631276179,0.00818667422536066,0.00434699915165092,0.0209795714154332,0.0167852747014102,0.00782598032419715,0,0,0,0,0,0,0,0,0,1.11701318802471,-0.0255094084678982,-0.00803079482618605
3.97010796865387,0.00982824956827905,0.00823017842381754,0.00435359392029844,0.0211478200428516,0.0168635351011723,0.00782564222626503,0,0,0,0,0,0,0,0,0,1.11675768544273,-0.0255898774543542,-0.0080626390055202
3.98010824061521,0.0099107713915127,0.0082737482717778,0.00436012868844013,0.0213168512754716,0.0169417911677447,0.00782511371315844,0,0,0,0,0,0,0,0,0,1.11650137655671,-0.0256706656334609,-0.00809463201167806
3.99010851257656,0.00999372925083089,0.00831738316901886,0.00436660341615597,0.0214866650604395,0.0170200409970334,0.00782439480772103,0,0,0,0,0,0,0,0,0,1.1162442581672,-0.0257517744974418,-0.00812677462335395
4.0001087845379,0.0100771237937413,0.0083610825149285,0.00437301806544103,0.021657261325861,0.0170982826852002,0.00782348553820725,0,0,0,0,0,0,0,0,0,1.11598632705978,-0.0258332055462651,-0.00815906762415005
4.01010905649925,0.0101609556617434,0.00840484570852401,0.00437937260019852,0.0218286399808043,0.0171765143287163,0.00782238593826292,0,0,0,0,0,0,0,0,0,1.11572758000501,-0.0259149602878268,-0.00819151180586938
4.02010932846059,0.010245225490325,0.00844867214847119,0.00438566698623297,0.022000800915304,0.0172547340244161,0.0078210960469058,0,0,0,0,0,0,0,0,0,1.11546801375829,-0.0259970402379316,-0.0082241079595041
4.03010960042194,0.0103299339089586,0.00849256123310337,0.00439190119124331,0.0221737440003641,0.0173329398695513,0.00781961590850614,0,0,0,0,0,0,0,0,0,1.11520762505987,-0.0260794469202958,-0.00825685688145222
4.04010987238328,0.0104150815410985,0.0085365123604403,0.00439807518481598,0.0223474690879633,0.0174111299618438,0.00781794557276722,0,0,0,0,0,0,0,0,0,1.11494641063468,-0.0261621818666524,-0.00828975937386346
4.05011014434463,0.0105006690041772,0.00858052492820701,0.0044041889384181,0.0225219760110593,0.0174893023995391,0.00781608509470598,0,0,0,0,0,0,0,0,0,1.11468436719233,-0.0262452466167613,-0.00832281624327104
4.06011041630597,0.0105866969096033,0.00862459833385252,0.00441024242539056,0.0226972645835947,0.0175674552814594,0.0078140345346335,0,0,0,0,0,0,0,0,0,1.11442149142696,-0.0263286427184864,-0.008356028301759
4.07011068826732,0.0106731658627581,0.00866873197456865,0.00441623562094111,0.0228733346005029,0.0176455867070565,0.00781179395813562,0,0,0,0,0,0,0,0,0,1.11415778001721,-0.0264123717278298,-0.00838939636363141
4.08011096022866,0.0107600764629935,0.00871292524730858,0.00442216850213756,0.0230501858377147,0.0177236947764644,0.00780936343605347,0,0,0,0,0,0,0,0,0,1.11389322962612,-0.0264964352089421,-0.00842292124707834
4.09011123219001,0.0108474293036299,0.00875717754880541,0.0044280410479008,0.0232278180521652,0.0178017775905514,0.00780674304446404,0,0,0,0,0,0,0,0,0,1.11362783690102,-0.0265808347341894,-0.0084566037786158
4.10011150415135,0.0109352249719535,0.00880148827559069,0.00443385323899802,0.0234062309818017,0.0178798332509732,0.00780393286466077,0,0,0,0,0,0,0,0,0,1.11336159847352,-0.0266655718842531,-0.00849044478698021
4.1101117761127,0.0110234640492149,0.00884585682401287,0.00443960505803576,0.0235854243455916,0.0179578598602239,0.00780093298313405,0,0,0,0,0,0,0,0,0,1.11309451095933,-0.0267506482480745,-0.00852444510368343
4.12011204807404,0.0111121471106272,0.00889028259025559,0.00444529648945304,0.0237653978435314,0.018035855521689,0.00779774349155183,0,0,0,0,0,0,0,0,0,1.11282657095827,-0.0268360654229659,-0.00855860556800853
4.13011232003539,0.0112012747253644,0.00893476497035602,0.00445092751951451,0.0239461511566552,0.0181138183396961,0.00779436448674019,0,0,0,0,0,0,0,0,0,1.11255777505412,-0.0269218250146545,-0.0085929270242339
4.14011259199673,0.0112908474565601,0.00897930336022309,0.00445649813630355,0.024127683947045,0.0181917464195669,0.00779079607066384,0,0,0,0,0,0,0,0,0,1.11228811981458,-0.0270079286373385,-0.00862741031941361
4.15011286395807,0.011380865861306,0.00902389715565561,0.0044620083297154,0.0243099958578408,0.0182696378676684,0.00778703835040676,0,0,0,0,0,0,0,0,0,1.11201760179115,-0.027094377913687,-0.00866205630282245
4.16011313591942,0.0114713304906515,0.00906854575236037,0.00446745809145026,0.024493086513251,0.0183474907914641,0.00778309143815271,0,0,0,0,0,0,0,0,0,1.11174621751906,-0.0271811744748839,-0.00869686583372608
4.17011340788076,0.0115622418896023,0.00911324854597016,0.00447284741500642,0.0246769555185639,0.0184253032995647,0.0077789554511658,0,0,0,0,0,0,0,0,0,1.1114739635172,-0.0272683199607841,-0.00873183977805149
4.18011367984211,0.01165360059712,0.00915800493206172,0.00447817629567341,0.0248616024601592,0.0185030735017788,0.00777463051177106,0,0,0,0,0,0,0,0,0,1.11120083628799,-0.0273558160198907,-0.00876697899617435
4.19011395180345,0.0117454071461217,0.0092028143061736,0.00448344473052505,0.0250470269055207,0.0185807995091636,0.00777011674733501,0,0,0,0,0,0,0,0,0,1.11092683231735,-0.0274436643092664,-0.00880228435679733
4.2001142237648,0.0118376620634795,0.00924767606382398,0.00448865271841267,0.0252332284032484,0.0186584794340751,0.00776541429024619,0,0,0,0,0,0,0,0,0,1.11065194807457,-0.0275318664947889,-0.00883775674471998
4.21011449572614,0.0119303658700206,0.00929258960052843,0.00449380025995812,0.0254202064830721,0.0187361113902184,0.00776052327789576,0,0,0,0,0,0,0,0,0,1.11037618001225,-0.0276204242512172,-0.00887339703863583
4.22011476768749,0.012023519080527,0.00933755431181753,0.00449888735754697,0.0256079606558653,0.0188136934926971,0.00775544385265804,0,0,0,0,0,0,0,0,0,1.11009952456617,-0.0277093392620036,-0.00890920611945929
4.23011503964883,0.0121171222037363,0.00938256959325456,0.00450391401532162,0.0257964904136589,0.0188912238580639,0.00775017616187106,0,0,0,0,0,0,0,0,0,1.10982197815527,-0.0277986132195258,-0.00894518488253625
4.24011531161018,0.0122111757423416,0.00942763484045291,0.00450888023917437,0.0259857952296566,0.0189687006043694,0.00774472035781717,0,0,0,0,0,0,0,0,0,1.10954353718149,-0.0278882478251433,-0.00898133422376787
4.25011558357152,0.0123056801929925,0.00947274944909368,0.0045137860367406,0.0261758745582495,0.0190461218512116,0.00773907659770353,0,0,0,0,0,0,0,0,0,1.10926419802972,-0.0279782447891526,-0.00901765504127587
4.26011585553287,0.0124006360462953,0.00951791281494298,0.00451863141739184,0.0263667278350324,0.0191234857197854,0.00773324504364273,0,0,0,0,0,0,0,0,0,1.1089839570677,-0.028068605830876,-0.00905414824206314
4.27011612749421,0.0124960437868147,0.00956312433386929,0.00452341639222896,0.0265583544768194,0.0192007903329312,0.00772722586263335,0,0,0,0,0,0,0,0,0,1.10870281064595,-0.0281593326787505,-0.00909081473701829
4.28011639945556,0.0125919038930742,0.00960838340186074,0.00452814097407519,0.0267507538816611,0.0192780338151838,0.00772101922654047,0,0,0,0,0,0,0,0,0,1.10842075509763,-0.0282504270703168,-0.00912765544202524
4.2901166714169,0.0126882168375578,0.00965368941504225,0.00453280517746934,0.0269439254288618,0.0193552142928208,0.00771462531207628,0,0,0,0,0,0,0,0,0,1.10813778673849,-0.0283418907523299,-0.00916467127969223
4.30011694337825,0.0127849830867115,0.0096990417696927,0.00453740901865885,0.0271378684789965,0.0194323298939114,0.00770804430078063,0,0,0,0,0,0,0,0,0,1.10785390186678,-0.0284337254807833,-0.00920186317410427
4.31011721533959,0.0128822031009444,0.00974443986226196,0.00454195251559295,0.0273325823739301,0.0195093787483642,0.00770127637900159,0,0,0,0,0,0,0,0,0,1.10756909676313,-0.0285259330209142,-0.0092392320544028
4.32011748730094,0.0129798773346312,0.00978988308938789,0.00454643568791575,0.027528066436835,0.0195863589879752,0.007694321737876,0,0,0,0,0,0,0,0,0,1.10728336769046,-0.0286185151472993,-0.00927677885837306
4.33011775926228,0.0130780062361137,0.00983537084791322,0.00455085855695938,0.027724319972211,0.0196632687464757,0.00768718057331004,0,0,0,0,0,0,0,0,0,1.10699671089392,-0.0287114736439322,-0.0093145045301466
4.34011803122363,0.013176590247703,0.00988090253490243,0.00455522114573713,0.0279213422659044,0.0197401061595799,0.00767985308595981,0,0,0,0,0,0,0,0,0,1.10670912260076,-0.0288048103042726,-0.00935241001545446
4.35011830318497,0.013275629805682,0.00992647754765853,0.00455952347893652,0.0281191325851284,0.0198168693650325,0.00767233948121188,0,0,0,0,0,0,0,0,0,1.10642059902025,-0.0288985269312293,-0.00939049626243897
4.36011857514632,0.0133751253403075,0.00997209528373971,0.00456376558291246,0.0283176901784834,0.0198935565026553,0.00766463996916381,0,0,0,0,0,0,0,0,0,1.10613113634357,-0.0289926253372253,-0.00942876423028089
4.37011884710766,0.0134750772758133,0.0100177551409761,0.00456794748568034,0.028517014275978,0.0199701657143949,0.00765675476460478,0,0,0,0,0,0,0,0,0,1.10584073074376,-0.0290871073443537,-0.00946721488482144
4.380119119069,0.0135754860304127,0.0100634565174862,0.00457206921690918,0.0287171040890509,0.0200466951443692,0.00764868408699611,0,0,0,0,0,0,0,0,0,1.10554937837555,-0.0291819747843547,-0.00950584919023707
4.39011939103035,0.0136763520163014,0.0101091988116934,0.00457613080791474,0.028917958810592,0.0201231429389139,0.00764042816045184,0,0,0,0,0,0,0,0,0,1.10525707537533,-0.0292772294986055,-0.0095446681195851
4.40011966299169,0.0137776756396609,0.0101549814223427,0.00458013229165264,0.0291195776149659,0.0201995072466293,0.00763198721371928,0,0,0,0,0,0,0,0,0,1.10496381786103,-0.029372873338308,-0.00958367265202905
4.41011993495304,0.0138794573006617,0.0102008037485164,0.00458407370271147,0.0293219596580338,0.020275786218426,0.00762336148015956,0,0,0,0,0,0,0,0,0,1.10466960193199,-0.0294689081644231,-0.00962286377061813
4.42012020691438,0.0139816973934665,0.0102466651896514,0.0045879550773059,0.0295251040771776,0.0203519780075716,0.00761455119772823,0,0,0,0,0,0,0,0,0,1.10437442366893,-0.0295653358478143,-0.00966224246783751
4.43012047887573,0.0140843963062344,0.0102925651455544,0.00459177645326985,0.0297290099913229,0.020428080769736,0.00760555660895577,0,0,0,0,0,0,0,0,0,1.10407827913378,-0.0296621582692927,-0.00970180973450757
4.44012075083707,0.0141875544211239,0.0103385030164186,0.00459553787004956,0.0299336765009642,0.0205040926630375,0.00759637796092822,0,0,0,0,0,0,0,0,0,1.10378116436962,-0.0297593773195389,-0.00974156657143974
4.45012102279842,0.0142911721142977,0.01038447820284,0.00459923936869674,0.0301391026881887,0.0205800118480876,0.00758701550526766,0,0,0,0,0,0,0,0,0,1.10348307540059,-0.0298569948993806,-0.00978151398721663
4.46012129475976,0.0143952497559259,0.0104304901058327,0.00460288099186166,0.0303452876167022,0.0206558364880372,0.00757746949811285,0,0,0,0,0,0,0,0,0,1.10318400823174,-0.0299550129196706,-0.00982165298986627
4.47012156672111,0.0144997877101912,0.0104765381268455,0.0046064627837863,0.030552230331854,0.0207315647486208,0.00756774020009972,0,0,0,0,0,0,0,0,0,1.10288395884898,-0.0300534333013978,-0.00986198459796282
4.48012183868245,0.0146047863352925,0.0105226216677777,0.00460998479029747,0.0307599298606638,0.0208071947982019,0.00755782787634199,0,0,0,0,0,0,0,0,0,1.10258292321897,-0.0301522579757871,-0.00990250983341087
4.4901221106438,0.0147102459834501,0.0105687401309945,0.00461344705879989,0.0309683852118475,0.0208827248078174,0.0075477327964117,0,0,0,0,0,0,0,0,0,1.10228089728897,-0.0302514888842658,-0.00994322972311084
4.50012238260514,0.0148161670009101,0.0106148929193432,0.00461684963826936,0.0311775953758444,0.0209581529512224,0.00753745523431979,0,0,0,0,0,0,0,0,0,1.10197787698681,-0.0303511279785975,-0.00998414530228946
4.51012265456649,0.0149225497279493,0.0106610794361686,0.00462019257924586,0.0313875593248448,0.021033477404934,0.00752699546849664,0,0,0,0,0,0,0,0,0,1.10167385822073,-0.0304511772209148,-0.0100252576117241
4.52012292652783,0.0150293944988805,0.0107072990853288,0.00462347593382666,0.0315982760128176,0.021108696348276,0.00751635378177263,0,0,0,0,0,0,0,0,0,1.10136883687931,-0.0305516385837971,-0.0100665676938576
4.53012319848918,0.0151367016420575,0.0107535512712106,0.00462669975565945,0.0318097443755386,0.0211838079634222,0.00750553046135874,0,0,0,0,0,0,0,0,0,1.10106280883133,-0.0306525140502265,-0.0101080765955735
4.54012347045052,0.0152444714798803,0.0107998353987449,0.00462986409993547,0.0320219633306192,0.0212588104354408,0.0074945257988271,0,0,0,0,0,0,0,0,0,1.1007557699257,-0.0307538056137208,-0.0101497853792969
4.55012374241187,0.0153527043288011,0.0108461508734224,0.0046329690233826,0.0322349317775359,0.0213337019523372,0.00748334009009148,0,0,0,0,0,0,0,0,0,1.10044771599136,-0.030855515278511,-0.0101916951102295
4.56012401437321,0.0154614004993297,0.0108924971013087,0.00463601458425853,0.0324486485976595,0.0214084807050977,0.00747197363538797,0,0,0,0,0,0,0,0,0,1.10013864283712,-0.0309576450594196,-0.0102338068507966
4.57012428633456,0.0155705602960392,0.0109388734890596,0.00463900084234383,0.0326631126542851,0.0214831448877327,0.00746042673925545,0,0,0,0,0,0,0,0,0,1.0998285462516,-0.0310601969819267,-0.0102761216739702
4.5801245582959,0.0156801840175721,0.0109852794439362,0.00464192785893509,0.032878322792663,0.0215576926973193,0.00744869971051618,0,0,0,0,0,0,0,0,0,1.09951742200313,-0.0311631730823147,-0.0103186406604939
4.59012483025724,0.0157902719566466,0.0110317143738204,0.00464479569683803,0.0330942778400291,0.0216321223340446,0.00743679286225639,0,0,0,0,0,0,0,0,0,1.0992052658396,-0.0312665754076794,-0.0103613648983272
4.60012510221859,0.0159008244000625,0.0110781776872293,0.00464760442036067,0.0333109766056364,0.0217064320012475,0.00742470651180679,0,0,0,0,0,0,0,0,0,1.09889207348838,-0.0313704060160627,-0.0104042954804254
4.61012537417993,0.0160118416287081,0.011124668793331,0.00465035409530637,0.0335284178807869,0.0217806199054616,0.00741244098072317,0,0,0,0,0,0,0,0,0,1.0985778406562,-0.0314746669764202,-0.0104474335014079
4.62012564614128,0.0161233239175664,0.0111711871019587,0.00465304478896701,0.0337466004388634,0.0218546842564572,0.00739999659476694,0,0,0,0,0,0,0,0,0,1.09826256302907,-0.031579360368687,-0.0104907800648474
4.63012591810262,0.0162352715357219,0.0112177320236264,0.00465567657011608,0.0339655230353624,0.0219286232672832,0.00738737368388573,0,0,0,0,0,0,0,0,0,1.0979462362721,-0.0316844882838905,-0.0105343362796568
4.64012619006397,0.0163476847463676,0.0112643029695428,0.00465824950900184,0.0341851844079269,0.0220024351543091,0.00737457258219389,0,0,0,0,0,0,0,0,0,1.09762885602948,-0.0317900528241447,-0.0105781032636971
4.65012646202531,0.0164605638068122,0.0113108993516267,0.00466076367734037,0.03440558327638,0.022076118137266,0.00736159362795309,0,0,0,0,0,0,0,0,0,1.09731041792429,-0.0318960561028348,-0.0106220821385146
4.66012673398666,0.0165739089684865,0.0113575205825214,0.00466321914830876,0.0346267183427584,0.0221496704392888,0.0073484371635529,0,0,0,0,0,0,0,0,0,1.09699091755843,-0.0320025002445065,-0.0106662740280805
4.670127005948,0.0166877204769518,0.011404166075609,0.0046656159965382,0.0348485882913472,0.0222230902869568,0.00733510353549129,0,0,0,0,0,0,0,0,0,1.09667035051251,-0.0321093873850249,-0.0107106800723896
4.68012727790935,0.0168019985719065,0.0114508352450255,0.00466795429810709,0.0350711917887138,0.0222963759103345,0.00732159309435526,0,0,0,0,0,0,0,0,0,1.09634871234571,-0.0322167196717362,-0.0107553014088741
4.69012754987069,0.0169167434871942,0.0114975275056748,0.00467023413053419,0.0352945274837436,0.0223695255430133,0.00730790619480137,0,0,0,0,0,0,0,0,0,1.09602599859567,-0.0323244992632548,-0.0108001391804462
4.70012782183204,0.0170319554508111,0.0115442422732431,0.00467245557277169,0.0355185940076751,0.0224425374221511,0.00729404319553628,0,0,0,0,0,0,0,0,0,1.09570220477841,-0.0324327283297858,-0.0108451945438959
4.71012809379338,0.0171476346849143,0.0115909789642134,0.00467461870519839,0.0357433899741363,0.0225154097885133,0.00728000445929736,0,0,0,0,0,0,0,0,0,1.09537732638818,-0.0325414090530801,-0.0108904686565675
4.72012836575473,0.0172637814058294,0.0116377369958794,0.00467672360961281,0.0359689139791799,0.0225881408865129,0.0072657903528332,0,0,0,0,0,0,0,0,0,1.09505135889734,-0.0326505436264902,-0.0109359626835766
4.73012863771607,0.0173803958240589,0.0116845157863603,0.00467877036922624,0.0361951646013213,0.0226607289642503,0.00725140124688422,0,0,0,0,0,0,0,0,0,1.09472429775628,-0.0327601342550699,-0.0109816777933694
4.74012890967742,0.0174974781442908,0.011731314754614,0.00468075906865595,0.0364221404015746,0.0227331722735534,0.00723683751616321,0,0,0,0,0,0,0,0,0,1.09439613839326,-0.0328701831555413,-0.0110276151677141
4.75012918163876,0.0176150285654064,0.0117781333204518,0.00468268979391828,0.0366498399234907,0.0228054690700171,0.00722209953933586,0,0,0,0,0,0,0,0,0,1.09406687621433,-0.0329806925565943,-0.0110737759922649
4.76012945360011,0.0177330472804896,0.0118249709045523,0.00468456263242173,0.036878261693195,0.0228776176130427,0.00720718769900139,0,0,0,0,0,0,0,0,0,1.09373650660318,-0.0330916646986646,-0.011120161448789
4.77012972556145,0.0178515344768351,0.0118718269284749,0.00468637767296011,0.0371074042194255,0.0229496161658772,0.00719210238167307,0,0,0,0,0,0,0,0,0,1.09340502492105,-0.0332031018340782,-0.0111667727390379
4.78012999752279,0.0179704903359576,0.0119187008146739,0.00468813500570566,0.0373372659935718,0.0230214629956524,0.00717684397775875,0,0,0,0,0,0,0,0,0,1.09307242650658,-0.0333150062273064,-0.0112136110703133
4.79013026948414,0.0180899150336006,0.0119655919865125,0.00468983472220216,0.0375678454897136,0.0230931563734236,0.00716141288154151,0,0,0,0,0,0,0,0,0,1.09273870667571,-0.0334273801548219,-0.0112606776476973
4.80013054144549,0.018209808739746,0.0120124998682757,0.00469147691535806,0.0377991411646608,0.0231646945742083,0.00714580949116011,0,0,0,0,0,0,0,0,0,1.09240386072157,-0.0335402259051985,-0.0113079736862623
4.81013081340683,0.0183301716186226,0.0120594238851848,0.00469306167943958,0.0380311514579928,0.0232360758770247,0.00713003420858967,0,0,0,0,0,0,0,0,0,1.09206788391432,-0.0336535457792107,-0.0113555004099626
4.82013108536817,0.0184510038287163,0.0121063634634103,0.00469458911006385,0.038263874792099,0.0233072985649302,0.00711408743962213,0,0,0,0,0,0,0,0,0,1.09173077150106,-0.033767342089912,-0.011403259049414
4.83013135732952,0.0185723055227793,0.0121533180300859,0.00469605930419205,0.038497309572219,0.0233783609250588,0.00709796959384687,0,0,0,0,0,0,0,0,0,1.0913925187057,-0.0338816171626903,-0.0114512508402275
4.84013162929086,0.0186940768478398,0.0122002870133214,0.00469747236012247,0.0387314541864843,0.0234492612486598,0.00708168108463126,0,0,0,0,0,0,0,0,0,1.09105312072882,-0.0339963733353117,-0.0114994770246744
4.85013190125221,0.018816317945212,0.0122472698422163,0.00469882837748367,0.0389663070059584,0.0235199978311349,0.00706522232910122,0,0,0,0,0,0,0,0,0,1.09071257274759,-0.0341116129580102,-0.0115479388489126
4.86013217321355,0.0189390289505057,0.0122942659468731,0.00470012745722761,0.0392018663846802,0.0235905689720759,0.00704859374812175,0,0,0,0,0,0,0,0,0,1.09037086991558,-0.0342273383934759,-0.0115966375702014
4.8701324451749,0.019062209993637,0.0123412747584103,0.00470136970162275,0.0394381306597043,0.0236609729753021,0.00703179576627757,0,0,0,0,0,0,0,0,0,1.0900280073627,-0.0343435520170886,-0.0116455744557914
4.88013271713624,0.0191858611988377,0.012388295708976,0.00470255521424717,0.039675098151145,0.0237312081488971,0.00701482881185358,0,0,0,0,0,0,0,0,0,1.08968398019501,-0.0344602562168839,-0.0116947507712686
4.89013298909759,0.0193099826846666,0.0124353282317602,0.00470368409998171,0.0399127671622181,0.023801272805246,0.0069976933168155,0,0,0,0,0,0,0,0,0,1.08933878349464,-0.0345774533935542,-0.0117441677894335
4.90013326105893,0.0194345745640192,0.0124823717610085,0.00470475646500306,0.0401511359792844,0.0238711652610719,0.00698038971679042,0,0,0,0,0,0,0,0,0,1.08899241231967,-0.0346951459605919,-0.0117938267952994
4.91013353302028,0.0195596369441387,0.0125294257320346,0.00470577241677689,0.0403902028718936,0.0239408838374728,0.00696291845104732,0,0,0,0,0,0,0,0,0,1.08864486170396,-0.0348133363443902,-0.0118437290805412
4.92013380498162,0.0196851699266268,0.0125764895812335,0.00470673206405101,0.0406299660928277,0.0240104268599572,0.00694527996247767,0,0,0,0,0,0,0,0,0,1.08829612665702,-0.0349320269842757,-0.0118938759412738
4.93013407694297,0.0198111736074544,0.0126235627460938,0.00470763551684842,0.0408704238781456,0.0240797926584811,0.00692747469757599,0,0,0,0,0,0,0,0,0,1.08794620216395,-0.0350512203325647,-0.0119442686792404
4.94013434890431,0.0199376480769724,0.012670644665211,0.00470848288646048,0.0411115744472278,0.0241489795674831,0.00690950310642038,0,0,0,0,0,0,0,0,0,1.08759508318522,-0.0351709188546193,-0.0119949086026122
4.95013462086566,0.0200645934199236,0.0127177347782997,0.00470927428544002,0.0413534160028211,0.0242179859259209,0.00689136564265312,0,0,0,0,0,0,0,0,0,1.08724276465659,-0.0352911250289198,-0.0120457970324035
4.960134892827,0.0201920097154529,0.0127648325262064,0.00471000982759445,0.0415959467310843,0.0242868100773062,0.00687306276346122,0,0,0,0,0,0,0,0,0,1.08688924148899,-0.0354118413472497,-0.0120969352927954
4.97013516478835,0.0203198970371196,0.0128119373509217,0.0047106896279789,0.0418391648016339,0.0243554503697405,0.00685459492955697,0,0,0,0,0,0,0,0,0,1.08653450856835,-0.0355330703145733,-0.0121483247098015
4.98013543674969,0.0204482554529084,0.0128590486955935,0.00471131380288931,0.0420830683675898,0.0244239051559501,0.00683596260515849,0,0,0,0,0,0,0,0,0,1.08617856075546,-0.0356548144491952,-0.0121999666260057
4.99013570871104,0.0205770850252412,0.0129061660045384,0.00471188246985559,0.0423276555656222,0.0244921727933209,0.00681716625797036,0,0,0,0,0,0,0,0,0,1.0858213928859,-0.0357770762829321,-0.0122518623875576
5.00013598067238,0.0207063858109886,0.0129532887232546,0.00471239574763469,0.0425729245159979,0.0245602516439336,0.00679820635916407,0,0,0,0,0,0,0,0,0,1.08546299976984,-0.0358998583610123,-0.0123040133433062
5.01013625263372,0.0208361578614824,0.0130004162984342,0.00471285375620376,0.042818873322628,0.0246281400745977,0.00677908338335869,0,0,0,0,0,0,0,0,0,1.08510337619193,-0.0360231632422303,-0.01235642085209
5.02013652459507,0.0209664012225268,0.0130475481779749,0.00471325661675326,0.0430655000731149,0.0246958364568864,0.00675979780860137,0,0,0,0,0,0,0,0,0,1.08474251691118,-0.0361469934989917,-0.0124090862821842
5.03013679655641,0.0210971159344112,0.0130946838109926,0.00471360445168009,0.0433128028388001,0.0247633391671705,0.00674035011634791,0,0,0,0,0,0,0,0,0,1.08438041666078,-0.0362713517174575,-0.0124620110090807
5.04013706851776,0.0212283020319219,0.0131418226478331,0.00471389738458067,0.0435607796748127,0.0248306465866522,0.00672074079144333,0,0,0,0,0,0,0,0,0,1.08401707014802,-0.0363962404975439,-0.0125151964110459
5.0501373404791,0.0213599595443548,0.0131889641400841,0.00471413554024411,0.0438094286201177,0.0248977571013996,0.00670097032210247,0,0,0,0,0,0,0,0,0,1.08365247205409,-0.0365216624529777,-0.0125686438741189
5.06013761244045,0.021492088495528,0.0132361077405873,0.0047143190446453,0.0440587476975646,0.0249646691023796,0.00668103919989043,0,0,0,0,0,0,0,0,0,1.083286617034,-0.0366476202113968,-0.0126223547948834
5.07013788440179,0.0216246889037938,0.01328325290345,0.00471444802493804,0.044308734913937,0.0250313809854914,0.00666094791970329,0,0,0,0,0,0,0,0,0,1.08291949971639,-0.0367741164144606,-0.0126763305793602
5.08013815636314,0.021757760782052,0.0133303990840569,0.00471452260944816,0.0445593882600016,0.0250978911516003,0.00664069697974857,0,0,0,0,0,0,0,0,0,1.08255111470343,-0.0369011537179279,-0.0127305726352361
5.09013842832448,0.0218913041377627,0.0133775457390821,0.00471454292766665,0.0448107057105586,0.0251641980065698,0.0066202868815258,0,0,0,0,0,0,0,0,0,1.08218145657066,-0.0370287347916126,-0.0127850823779687
5.10013870028583,0.0220253189729588,0.0134246923265,0.00471450911024275,0.0450626852244914,0.0252302999612953,0.00659971812980712,0,0,0,0,0,0,0,0,0,1.08181051986683,-0.0371568623195836,-0.012839861231341
5.11013897224717,0.0221598052842596,0.0134718383055976,0.00471442128897709,0.0453153247448169,0.0252961954317361,0.0065789912326178,0,0,0,0,0,0,0,0,0,1.0814382991138,-0.0372855390001313,-0.0128949106274625
5.12013924420852,0.0222947630628834,0.0135189831369855,0.00471427959681483,0.0455686221987372,0.0253618828389482,0.00655810670121684,0,0,0,0,0,0,0,0,0,1.08106478880638,-0.0374147675459673,-0.0129502320101005
5.13013951616986,0.0224301922946614,0.0135661262826098,0.00471408416783874,0.0458225754976897,0.0254273606091164,0.00653706505007752,0,0,0,0,0,0,0,0,0,1.08068998341214,-0.0375445506842583,-0.0130058268224662
5.14013978813121,0.0225660929600509,0.0136132672057627,0.00471383513726235,0.0460771825373992,0.0254926271735863,0.00651586679686792,0,0,0,0,0,0,0,0,0,1.08031387737136,-0.037674891156581,-0.0130616965160972
5.15014006009255,0.0227024650341484,0.0136604053710944,0.00471353264142305,0.0463324411979294,0.0255576809688963,0.00649451246243156,0,0,0,0,0,0,0,0,0,1.07993646509678,-0.0378057917191334,-0.013117842554743
5.1601403320539,0.0228393084867041,0.0137075402446242,0.00471317681777524,0.046588349343735,0.0256225204368091,0.00647300257076789,0,0,0,0,0,0,0,0,0,1.07955774097355,-0.037937255142768,-0.0131742664110343
5.17014060401524,0.0229766232821346,0.0137546712937513,0.00471276780488341,0.0468449048237143,0.0256871440243433,0.00645133764901289,0,0,0,0,0,0,0,0,0,1.07917769935899,-0.0380692842131365,-0.0132309695587119
5.18014087597659,0.0231144093795376,0.0138017979872663,0.00471230574241529,0.0471021054712618,0.0257515501838045,0.0064295182274196,0,0,0,0,0,0,0,0,0,1.07879633458254,-0.0382018817305668,-0.013287953474847
5.19014114793793,0.0232526667327057,0.013848919795362,0.00471179077113496,0.0473599491043209,0.0258157373728166,0.00640754483933876,0,0,0,0,0,0,0,0,0,1.07841364094551,-0.0383350505102528,-0.0133452196598249
5.20014141989927,0.0233913952901399,0.0138960361896442,0.00471122303289596,0.0476184335254379,0.0258797040543525,0.00638541802119923,0,0,0,0,0,0,0,0,0,1.07802961272103,-0.0384687933825311,-0.0134027696168056
5.21014169186062,0.0235305949950646,0.0139431466431427,0.00471060267063445,0.0478775565218151,0.0259434486967649,0.00636313831248873,0,0,0,0,0,0,0,0,0,1.07764424415381,-0.0386031131926594,-0.0134606048445084
5.22014196382196,0.0236702657854414,0.0139902506303223,0.00470992982836227,0.0481373158653649,0.0260069697738166,0.00634070625573423,0,0,0,0,0,0,0,0,0,1.07725752946007,-0.0387380128009497,-0.0135187268555304
5.23014223578331,0.0238104075939836,0.014037347627093,0.0047092046511601,0.0483977093127642,0.0260702657647112,0.00631812239648264,0,0,0,0,0,0,0,0,0,1.07686946282731,-0.0388734950829123,-0.0135771371780101
5.24014250774465,0.0239510203481708,0.0140844371108213,0.00470842728517059,0.0486587346055087,0.0261333351541225,0.00629538728328132,0,0,0,0,0,0,0,0,0,1.07648003841423,-0.0390095629294228,-0.0136358373423066
5.250142779706,0.0240921039702634,0.0141315185603401,0.00470759787759144,0.0489203894699682,0.0261961764322254,0.00627250146765858,0,0,0,0,0,0,0,0,0,1.07608925035053,-0.0391462192465997,-0.0136948288821102
5.26014305166734,0.0242336583773173,0.0141785914559598,0.00470671657666855,0.0491826716174412,0.0262587880947245,0.00624946550410438,0,0,0,0,0,0,0,0,0,1.07569709273678,-0.0392834669559932,-0.0137541133461848
5.27014332362869,0.0243756834811988,0.0142256552794784,0.00470578353168913,0.0494455787442106,0.0263211686428847,0.0062262799500508,0,0,0,0,0,0,0,0,0,1.07530355964425,-0.0394213089946978,-0.0138136922858088
5.28014359559003,0.0245181791885998,0.0142727095141921,0.00470479889297483,0.0497091085315997,0.0263833165835595,0.00620294536585257,0,0,0,0,0,0,0,0,0,1.07490864511474,-0.03955974831529,-0.0138735672606707
5.29014386755138,0.0246611454010522,0.0143197536449054,0.00470376281187484,0.0499732586460278,0.026445230429221,0.00617946231476775,0,0,0,0,0,0,0,0,0,1.0745123431605,-0.0396987878860592,-0.0139337398431116
5.30014413951272,0.0248045820149434,0.0143667871579414,0.00470267544075904,0.0502380267390667,0.0265069086979884,0.00615583136293819,0,0,0,0,0,0,0,0,0,1.07411464776395,-0.0398384306910295,-0.0139942116094769
5.31014441147407,0.0249484889215319,0.0144138095411522,0.00470153693301107,0.0505034104474975,0.0265683499136567,0.0061320530793701,0,0,0,0,0,0,0,0,0,1.07371555287765,-0.0399786797300179,-0.0140549841426819
5.32014468343541,0.0250928660069619,0.0144608202839287,0.00470034744302153,0.0507694073933673,0.0266295526057254,0.00610812803591465,0,0,0,0,0,0,0,0,0,1.07331505242404,-0.0401195380187079,-0.0141160590325676
5.33014495539676,0.0252377131522791,0.0145078188772107,0.00469910712618102,0.0510360151840463,0.0266905153094268,0.00608405680724856,0,0,0,0,0,0,0,0,0,1.07291314029535,-0.0402610085887141,-0.0141774378838737
5.3401452273581,0.0253830302334466,0.014554804813497,0.00469781613887328,0.0513032314122856,0.0267512365657543,0.00605983997085453,0,0,0,0,0,0,0,0,0,1.07250981035339,-0.0404030944878155,-0.0142391223068914
5.35014549931945,0.0255288171213599,0.0146017775868553,0.00469647463846839,0.0515710536562746,0.02681171492149,0.00603547810700197,0,0,0,0,0,0,0,0,0,1.07210505642943,-0.0405457987798336,-0.0143011139108012
5.36014577128079,0.0256750736818628,0.0146487366929317,0.00469508278331574,0.0518394794796994,0.026871948929233,0.00601097179872744,0,0,0,0,0,0,0,0,0,1.07169887232401,-0.0406891245447319,-0.0143634143231015
5.37014604324214,0.0258217997757638,0.0146956816289609,0.00469364073273729,0.0521085064318006,0.0269319371474264,0.00598632163181528,0,0,0,0,0,0,0,0,0,1.0712912518068,-0.0408330748788826,-0.0144260251785071
5.38014631520348,0.0259689952588512,0.0147426118937757,0.00469214864702061,0.0523781320474324,0.0269916781403851,0.00596152819477812,0,0,0,0,0,0,0,0,0,1.0708821886164,-0.0409776528949445,-0.0144889481128423
5.39014658716482,0.0261166599819096,0.0147895269878165,0.00469060668741204,0.0526483538471211,0.0270511704783228,0.00593659207883746,0,0,0,0,0,0,0,0,0,1.07047167646022,-0.0411228617220071,-0.0145521847785842
5.40014685912617,0.0262647937907361,0.0148364264131411,0.00468901501610977,0.0529191693371246,0.0271104127373792,0.00591151387790426,0,0,0,0,0,0,0,0,0,1.0700597090143,-0.0412687045057796,-0.0146157368293205
5.41014713108752,0.0264133965261563,0.0148833096734339,0.00468737379625702,0.0531905760094913,0.0271694034996463,0.00588629418855948,0,0,0,0,0,0,0,0,0,1.06964627992312,-0.0414151844084244,-0.0146796059269644
5.42014740304886,0.0265624680240406,0.0149301762740157,0.0046856831919351,0.0534625713421199,0.0272281413531957,0.00586093361003463,0,0,0,0,0,0,0,0,0,1.06923138279948,-0.0415623046088896,-0.014743793751747
5.4301476750102,0.0267120081153207,0.0149770257218526,0.00468394336815654,0.0537351527988199,0.0272866248921043,0.00583543274419232,0,0,0,0,0,0,0,0,0,1.06881501122427,-0.0417100683029433,-0.0148083019777933
5.44014794697155,0.0268620166260062,0.0150238575255656,0.00468215449085826,0.0540083178293708,0.0273448527164813,0.00580979219550691,0,0,0,0,0,0,0,0,0,1.06839715874636,-0.041858478703017,-0.0148731322931061
5.45014821893289,0.0270124933772011,0.0150706711954398,0.00468031672689465,0.0542820638695835,0.0274028234324935,0.00578401257104496,0,0,0,0,0,0,0,0,0,1.06797781888243,-0.0420075390386395,-0.0149382864023399
5.46014849089424,0.0271634381851202,0.0151174662434331,0.00467843024403067,0.0545563883413602,0.0274605356523913,0.00575809448044582,0,0,0,0,0,0,0,0,0,1.06755698511674,-0.0421572525563367,-0.0150037660029335
5.47014876285558,0.0273148508611066,0.0151642421831861,0.00467649521093501,0.0548312886527563,0.0275179879945347,0.00573203853590225,0,0,0,0,0,0,0,0,0,1.06713465090102,-0.0423076225195869,-0.0150695728073127
5.48014903481693,0.0274667312116477,0.0152109985300303,0.00467451179717321,0.0551067621980404,0.0275751790834184,0.00570584535214092,0,0,0,0,0,0,0,0,0,1.06671080965427,-0.0424586522091655,-0.0151357085434453
5.49014930677827,0.0276190790383928,0.0152577348009975,0.00467248017320074,0.055382806357757,0.027632107549697,0.005679515546403,0,0,0,0,0,0,0,0,0,1.06628545476261,-0.0426103449231111,-0.0152021749365247
5.50014957873962,0.0277718941381699,0.0153044505148283,0.00467040051035616,0.0556594184987874,0.0276887720302104,0.0056530497384247,0,0,0,0,0,0,0,0,0,1.06585857957907,-0.0427627039767039,-0.0152689737245099
5.51014985070096,0.0279251763030029,0.0153511451919814,0.00466827298085424,0.0559365959744121,0.0277451711680082,0.00562644855041787,0,0,0,0,0,0,0,0,0,1.06543017742347,-0.0429157327027426,-0.0153361066547973
5.52015012266231,0.0280789253201286,0.015397818354642,0.00466609775777903,0.0562143361243728,0.0278013036123748,0.00559971260705052,0,0,0,0,0,0,0,0,0,1.06500024158218,-0.0430694344514562,-0.0154035754792237
5.53015039462365,0.0282331409720144,0.0154444695267303,0.00466387501507705,0.0564926362749348,0.0278571680188533,0.0055728425354274,0,0,0,0,0,0,0,0,0,1.064568765308,-0.0432238125906813,-0.0154713819657221
5.540150666585,0.0283878230363754,0.0154910982339105,0.00466160492755037,0.0567714937389502,0.0279127630492707,0.00554583896507057,0,0,0,0,0,0,0,0,0,1.06413574181995,-0.0433788705060063,-0.0155395278822275
5.55015093854634,0.0285429712861919,0.015537704003599,0.00465928767084971,0.0570509058159204,0.0279680873717607,0.00551870252789996,0,0,0,0,0,0,0,0,0,1.06370116430313,-0.0435346116006276,-0.0156080150011145
5.56015121050769,0.0286985854897271,0.0155842863649731,0.00465692342146764,0.0573308697920592,0.0280231396607889,0.00549143385821388,0,0,0,0,0,0,0,0,0,1.06326502590848,-0.0436910392955821,-0.015676845119181
5.57015148246903,0.0288546654105447,0.0156308448489792,0.00465451235673159,0.0576113829403567,0.0280779185971754,0.00546403359266967,0,0,0,0,0,0,0,0,0,1.06282731975267,-0.043848157030003,-0.0157460200322131
5.58015175443038,0.0290112108075266,0.015677378988341,0.00465205465479706,0.0578924425206426,0.0281324228681191,0.00543650237026423,0,0,0,0,0,0,0,0,0,1.06238803891787,-0.0440059682608439,-0.0158155415379242
5.59015202639172,0.0291682214348908,0.0157238883175682,0.00464955049464072,0.0581740457796503,0.0281866511672205,0.00540884083231451,0,0,0,0,0,0,0,0,0,1.06194717645161,-0.0441644764631934,-0.015885411454106
5.60015229835307,0.029325697042209,0.0157703723729641,0.00464700005605347,0.0584561899510809,0.0282406021945049,0.00538104962243819,0,0,0,0,0,0,0,0,0,1.06150472536655,-0.0443236851303618,-0.0159556315968208
5.61015257031441,0.0294836373744251,0.0158168306926343,0.00464440351963365,0.0587388722556676,0.0282942746564455,0.00535312938653413,0,0,0,0,0,0,0,0,0,1.06106067864034,-0.0444835977737598,-0.0160262037982965
5.62015284227575,0.0296420421718728,0.0158632628164942,0.00464176106678011,0.0590220899012403,0.028347667265986,0.00532508077276304,0,0,0,0,0,0,0,0,0,1.06061502921543,-0.0446442179233436,-0.0160971298989863
5.6301531142371,0.029800911170294,0.0159096682862774,0.00463907287968533,0.0593058400827906,0.028400778742563,0.00529690443152793,0,0,0,0,0,0,0,0,0,1.06016776999887,-0.0448055491273337,-0.0161684117374162
5.64015338619844,0.0299602441008569,0.0159560466455432,0.00463633914132855,0.0595901199825365,0.0284536078121285,0.00526860101545476,0,0,0,0,0,0,0,0,0,1.05971889386213,-0.0449675949524579,-0.0162400511731093
5.65015365815979,0.0301200406901742,0.0160023974396848,0.0046335600354689,0.0598749267699879,0.028506153207172,0.00524017117937299,0,0,0,0,0,0,0,0,0,1.05926839364093,-0.0451303589841282,-0.0163120500678087
5.66015393012113,0.0302803006603219,0.0160487202159369,0.00463073574663849,0.060160257602012,0.0285584136667423,0.00521161558029607,0,0,0,0,0,0,0,0,0,1.05881626213502,-0.0452938448263082,-0.0163844102899176
5.67015420208248,0.0304410237288572,0.0160950145233834,0.00462786646013555,0.0604461096228991,0.0286103879364696,0.00518293487740208,0,0,0,0,0,0,0,0,0,1.05836249210805,-0.0454580561017791,-0.0164571337233821
5.68015447404382,0.0306022096088375,0.016141279912965,0.00462495236201757,0.0607324799644284,0.0286620747685864,0.00515412973201425,0,0,0,0,0,0,0,0,0,1.05790707628732,-0.0456229964521843,-0.0165302222549241
5.69015474600517,0.0307638580088385,0.0161875159374868,0.00462199363909439,0.0610193657459342,0.0287134729219497,0.00512520080758156,0,0,0,0,0,0,0,0,0,1.05745000736362,-0.0457886695380405,-0.0166036777790355
5.70015501796651,0.0309259686329735,0.0162337221516258,0.00461899047892132,0.0613067640743723,0.0287645811620614,0.00509614876965925,0,0,0,0,0,0,0,0,0,1.05699127799106,-0.0459550790388821,-0.0166775021990903
5.71015528992786,0.0310885411809118,0.0162798981119383,0.00461594306979228,0.0615946720443864,0.0288153982610897,0.00506697428588943,0,0,0,0,0,0,0,0,0,1.05653088078683,-0.0461222286532942,-0.0167516974284541
5.7201555618892,0.0312515753478974,0.0163260433768673,0.00461285160073289,0.061883086738375,0.0288659229978897,0.00503767802598162,0,0,0,0,0,0,0,0,0,1.05606880833107,-0.0462901220990795,-0.016826265392704
5.73015583385055,0.031415070824768,0.0163721575067496,0.00460971626149365,0.0621720052265584,0.0289161541580242,0.00500826066169328,0,0,0,0,0,0,0,0,0,1.05560505316661,-0.0464587631133358,-0.0169012080190817
5.74015610581189,0.0315790272979745,0.0164182400638234,0.00460653724254299,0.0624614245670457,0.0289660905337837,0.00497872286681045,0,0,0,0,0,0,0,0,0,1.05513960779883,-0.0466281554524116,-0.0169765272426012
5.75015637777324,0.0317434444495992,0.0164642906122348,0.00460331473506041,0.0627513418059026,0.029015730924207,0.00494906531712824,0,0,0,0,0,0,0,0,0,1.05467246469545,-0.0467983028921062,-0.0170522250165937
5.76015664973458,0.0319083219573753,0.0165103087180457,0.00460004893092966,0.0630417539772182,0.0290650741351008,0.00491928869043141,0,0,0,0,0,0,0,0,0,1.05420361628633,-0.0469692092278356,-0.01712830329328
5.77015692169593,0.0320736594947063,0.0165562939492402,0.00459674002273174,0.0633326581031736,0.0291141189790599,0.00488939366647494,0,0,0,0,0,0,0,0,0,1.05373305496327,-0.0471408782744446,-0.0172047640309874
5.78015719365727,0.0322394567306851,0.0166022458757316,0.00459338820373816,0.0636240511941095,0.0291628642754864,0.00485938092696464,0,0,0,0,0,0,0,0,0,1.05326077307984,-0.0473133138665169,-0.017281609208025
5.79015746561862,0.0324057133301131,0.0166481640693696,0.00458999366790393,0.0639159302485945,0.0292113088506095,0.00482925115553756,0,0,0,0,0,0,0,0,0,1.05278676295116,-0.0474865198584644,-0.0173588408049232
5.80015773757996,0.0325724289535198,0.0166940481039468,0.0045865566098608,0.0642082922534933,0.0292594515375045,0.00479900503774276,0,0,0,0,0,0,0,0,0,1.05231101685368,-0.0476605001244827,-0.0174364608060982
5.81015800954131,0.0327396032571825,0.0167398975552054,0.00458307722491027,0.064501134184035,0.0293072911761116,0.00476864326102173,0,0,0,0,0,0,0,0,0,1.05183352702504,-0.0478352585586731,-0.0175144712087327
5.82015828150265,0.0329072358931453,0.0167857120008443,0.00457955570901681,0.0647944530038829,0.0293548266132555,0.00473816651468894,0,0,0,0,0,0,0,0,0,1.05135428566382,-0.0480107990751757,-0.0175928740216652
5.83015855346399,0.033075326509239,0.0168314910205251,0.00457599225880088,0.0650882456652021,0.029402056702663,0.00470757548991248,0,0,0,0,0,0,0,0,0,1.05087328492937,-0.0481871256082697,-0.0176716712576205
5.84015882542534,0.0332438747491011,0.016877234195879,0.00457238707153214,0.0653825091087297,0.0294489803049822,0.00467687087969464,0,0,0,0,0,0,0,0,0,1.05039051694159,-0.048364242112351,-0.0177508649359851
5.85015909738668,0.0334128802521946,0.0169229411105132,0.00456874034512251,0.0656772402638433,0.0294955962878005,0.00464605337885235,0,0,0,0,0,0,0,0,0,1.04990597378072,-0.0485421525620876,-0.0178304570889117
5.86015936934803,0.033582342653829,0.0169686113500172,0.00456505227811934,0.0659724360486312,0.0295419035256627,0.00461512368399784,0,0,0,0,0,0,0,0,0,1.04941964748717,-0.0487208609525194,-0.0179104497557689
5.87015964130937,0.033752261585179,0.0170142445019692,0.00456132306969846,0.0662680933699612,0.0295879009000886,0.0045840824935192,0,0,0,0,0,0,0,0,0,1.04893153006128,-0.048900371299103,-0.0179908449836963
5.88015991327072,0.0339226366733051,0.0170598401559424,0.00455755291965739,0.0665642091235515,0.0296335872995911,0.00455293050756086,0,0,0,0,0,0,0,0,0,1.04844161346316,-0.0490806876378222,-0.018071644826495
5.89016018523206,0.0340934675411736,0.017105397903511,0.00455374202840837,0.0668607801940398,0.0296789616196932,0.00452166842800426,0,0,0,0,0,0,0,0,0,1.04794988961243,-0.0492618140252105,-0.0181528513485126
5.90016045719341,0.0342647538076763,0.0171509173382565,0.00454989059697156,0.067157803455054,0.0297240227629458,0.00449029695844834,0,0,0,0,0,0,0,0,0,1.04745635038804,-0.0494437545385401,-0.0182344666214228
5.91016072915475,0.0344364950876507,0.0171963980557736,0.0045459988269681,0.0674552757692824,0.0297687696389442,0.00445881680419011,0,0,0,0,0,0,0,0,0,1.04696098762808,-0.0496265132757791,-0.0183164927254507
5.9201610011161,0.0346086909919003,0.0172418396536762,0.00454206692061326,0.0677531939885441,0.0298132011643455,0.00442722867220527,0,0,0,0,0,0,0,0,0,1.04646379312954,-0.0498100943558051,-0.018398931750365
5.93016127307744,0.0347813411272149,0.0172872417316036,0.00453809508070955,0.0680515549538601,0.0298573162628849,0.00439553327112864,0,0,0,0,0,0,0,0,0,1.04596475864812,-0.0499945019183829,-0.0184817857887087
5.94016154503879,0.0349544450963906,0.0173326038912257,0.00453408351063984,0.0683503554955239,0.0299011138653924,0.00436373131123492,0,0,0,0,0,0,0,0,0,1.04546387589803,-0.0501797401242419,-0.0185650569474623
5.95016181700013,0.0351280024982501,0.0173779257362496,0.0045300324143605,0.0686495924331723,0.0299445929098092,0.00433182350441902,0,0,0,0,0,0,0,0,0,1.04496113655174,-0.0503658131552878,-0.0186487473407089
5.96016208896148,0.0353020129276636,0.0174232068724244,0.00452594199639449,0.068949262575857,0.0299877523412035,0.00429981056417684,0,0,0,0,0,0,0,0,0,1.04445653223981,-0.0505527252145329,-0.0187328590889689
5.97016236092282,0.0354764759755687,0.0174684469075477,0.0045218124618245,0.069249362722116,0.0300305911117865,0.00426769320558564,0,0,0,0,0,0,0,0,0,1.04395005455067,-0.0507404805262943,-0.0188173943209795
5.98016263288417,0.0356513912289912,0.0175136454514705,0.00451764401628606,0.0695498896600446,0.0300731081809284,0.00423547214528479,0,0,0,0,0,0,0,0,0,1.04344169503039,-0.0509290833361602,-0.0189023551721389
5.99016290484551,0.0358267582710655,0.017558802116103,0.00451343686596067,0.0698508401673674,0.0301153025151736,0.00420314810145618,0,0,0,0,0,0,0,0,0,1.04293144518246,-0.0511185379111569,-0.0189877437895012
6.00016317680686,0.0360025766810556,0.01760391651542,0.0045091912175689,0.0701522110115103,0.0301571730882563,0.00417072179380481,0,0,0,0,0,0,0,0,0,1.04241929646763,-0.0513088485398149,-0.0190735623245617
6.0101634487682,0.0361788460343752,0.0176489882654662,0.00450490727836355,0.0704539989496723,0.0301987188811152,0.00413819394353943,0,0,0,0,0,0,0,0,0,1.04190524030362,-0.0515000195321915,-0.0191598129382518
6.02016372072955,0.0363555659026088,0.0176940169843616,0.00450058525612272,0.0707562007288972,0.030239938881909,0.00410556527335303,0,0,0,0,0,0,0,0,0,1.04138926806496,-0.051692055220037,-0.0192464978042702
6.03016399269089,0.0365327358535324,0.0177390022923065,0.00449622535914299,0.0710588130861466,0.0302808320860306,0.00407283650740342,0,0,0,0,0,0,0,0,0,1.04087137108274,-0.0518849599568837,-0.0193336190957602
6.04016426465223,0.0367103554511344,0.0177839438115869,0.00449182779623245,0.0713618327483721,0.0303213974961222,0.00404000837129382,0,0,0,0,0,0,0,0,0,1.04035154064441,-0.0520787381179463,-0.0194211789975221
6.05016453661358,0.0368884242556362,0.0178288411665793,0.00448739277670392,0.0716652564325874,0.0303616341220892,0.00400708159205332,0,0,0,0,0,0,0,0,0,1.03982976799357,-0.0522733941004541,-0.0195091797032372
6.06016480857492,0.0370669418235135,0.0178736939837562,0.00448292051036802,0.0719690808459418,0.0304015409811145,0.00397405689811763,0,0,0,0,0,0,0,0,0,1.03930604432972,-0.0524689323234965,-0.0195976234099172
6.07016508053627,0.0372459077075172,0.0179185018916905,0.00447841120752628,0.072273302685792,0.0304411170976727,0.0039409350193094,0,0,0,0,0,0,0,0,0,1.03878036080806,-0.0526653572282445,-0.019686512330671
6.08016535249761,0.0374253214566942,0.0179632645210604,0.00447386507896428,0.0725779186397763,0.0304803615035435,0.00390771668681901,0,0,0,0,0,0,0,0,0,1.03825270853927,-0.0528626732780507,-0.0197758486808284
6.09016562445896,0.0376051826164086,0.0180079815046549,0.0044692823359448,0.0728829253858868,0.0305192732378255,0.00387440263318499,0,0,0,0,0,0,0,0,0,1.03772307858929,-0.0530608849583938,-0.019865634681825
6.1001658964203,0.0377854907283631,0.0180526524773776,0.00446466319020084,0.0731883195925431,0.0305578513469497,0.00384099359227464,0,0,0,0,0,0,0,0,0,1.03719146197908,-0.0532599967770566,-0.0199558725673083
6.11016616838165,0.0379662453306195,0.0180972770762521,0.00446000785392886,0.0734940979186655,0.0305960948846922,0.00380749029926453,0,0,0,0,0,0,0,0,0,1.03665784968443,-0.0534600132641919,-0.020046564575366
6.12016644034299,0.0381474459576209,0.0181418549404261,0.00445531653978183,0.0738002570137484,0.0306340029121879,0.00377389349062118,0,0,0,0,0,0,0,0,0,1.03612223263569,-0.0536609389723452,-0.0201377129501912
6.13016671230434,0.038329092140212,0.0181863857111763,0.00445058946086237,0.0741067935179346,0.0306715744979427,0.00374020390408148,0,0,0,0,0,0,0,0,0,1.03558460171758,-0.0538627784765547,-0.0202293199437494
6.14016698426568,0.038511183405661,0.0182308690319126,0.00444582683071586,0.0744137040620884,0.0307088087178465,0.00370642227863335,0,0,0,0,0,0,0,0,0,1.03504494776897,-0.0540655363744063,-0.0203213878218826
6.15016725622703,0.0386937192776808,0.0182753045481826,0.00444102886332357,0.0747209852678694,0.0307457046551852,0.00367254935449628,0,0,0,0,0,0,0,0,0,1.03450326158262,-0.0542692172862563,-0.0204139188570939
6.16016752818837,0.0388766992764503,0.0183196919076761,0.00443619577309578,0.0750286337478073,0.0307822614006535,0.00363858587310185,0,0,0,0,0,0,0,0,0,1.03395953390498,-0.0544738258551419,-0.0205069153146696
6.17016780014972,0.039060122918636,0.0183640307602289,0.00443132777486492,0.0753366461053753,0.0308184780523663,0.00360453257707437,0,0,0,0,0,0,0,0,0,1.03341375543597,-0.0546793667467262,-0.0206003794804347
6.18016807211106,0.0392439897174133,0.0184083207578274,0.0044264250838786,0.075645018935065,0.030854353715871,0.00357039021021136,0,0,0,0,0,0,0,0,0,1.0328659168287,-0.0548858446497644,-0.0206943136535364
6.19016834407241,0.0394282991824884,0.0184525615546126,0.00442148791579287,0.0759537488224599,0.030889887504159,0.00353615951746413,0,0,0,0,0,0,0,0,0,1.03231600868932,-0.0550932642759037,-0.0207887201220197
6.20016861603375,0.0396130508201194,0.0184967528068842,0.00441651648666524,0.076262832344311,0.030925078537677,0.00350184124491844,0,0,0,0,0,0,0,0,0,1.03176402157671,-0.0553016303596613,-0.020883601190027
6.2101688879951,0.0397982441331381,0.0185408941731044,0.00441151101294782,0.0765722660686105,0.0309599259443383,0.00346743613977491,0,0,0,0,0,0,0,0,0,1.03120994600231,-0.0555109476587687,-0.0209789591734814
6.22016915995644,0.0399838786209716,0.0185849853139018,0.00440647171148045,0.076882046554667,0.030994428859534,0.00343294495032965,0,0,0,0,0,0,0,0,0,1.03065377242987,-0.0557212209540629,-0.0210747963873813
6.23016943191779,0.0401699537796644,0.0186290258920757,0.00440139879948385,0.0771921703531802,0.0310285864261439,0.00339836842595488,0,0,0,0,0,0,0,0,0,1.03009549127519,-0.0559324550495763,-0.0211711151618307
6.24016970387913,0.0403564691018993,0.0186730155725993,0.00439629249455266,0.0775026340063158,0.0310623977945468,0.00336370731707939,0,0,0,0,0,0,0,0,0,1.02953509290595,-0.0561446547727494,-0.0212679178253364
6.25016997584047,0.04054342407702,0.0187169540226237,0.00439115301464865,0.0778134340477808,0.0310958621226311,0.00332896237516916,0,0,0,0,0,0,0,0,0,1.02897256764139,-0.0563578249741861,-0.0213652067096745
6.26017024780182,0.0407308181910523,0.0187608409114816,0.00438598057809377,0.078124567002898,0.0311289785758055,0.00329413435270789,0,0,0,0,0,0,0,0,0,1.02840790575216,-0.0565719705279635,-0.0214629841670301
6.27017051976316,0.0409186509267262,0.0188046759106904,0.00438077540356332,0.0784360293886822,0.0311617463270085,0.00325922400317763,0,0,0,0,0,0,0,0,0,1.02784109746005,-0.0567870963317307,-0.0215612525521814
6.28017079172451,0.0411069217634979,0.0188484586939565,0.00437553771007903,0.0787478177139149,0.0311941645567187,0.00322423208103926,0,0,0,0,0,0,0,0,0,1.02727213293774,-0.0570032073066616,-0.0216600142208943
6.29017106368585,0.0412956301775712,0.0188921889371779,0.00437026771700222,0.0790599284792197,0.0312262324529642,0.00318915934171305,0,0,0,0,0,0,0,0,0,1.02670100230858,-0.0572203083975218,-0.0217592715311539
6.3001713356472,0.0414847756419201,0.0189358663184483,0.00436496564402688,0.0793723581771383,0.0312579492113323,0.00315400654155935,0,0,0,0,0,0,0,0,0,1.02612769564636,-0.0574384045726462,-0.0218590268531576
6.31017160760854,0.0416743576263102,0.0189794905180598,0.00435963171117284,0.0796851032922057,0.0312893140349787,0.00311877443785896,0,0,0,0,0,0,0,0,0,1.02555220297507,-0.0576575008242057,-0.0219592825726452
6.32017187956989,0.0418643755973212,0.0190230612185064,0.00435426613877883,0.0799981603010262,0.0313203261346366,0.00308346378879384,0,0,0,0,0,0,0,0,0,1.02497451426866,-0.0578776021682512,-0.0220600410709144
6.33017215153123,0.0420548290183684,0.019066578104487,0.00434886914749562,0.0803115256723493,0.0313509847286257,0.00304807535342761,0,0,0,0,0,0,0,0,0,1.02439461945077,-0.0580987136445808,-0.0221613047298205
6.34017242349258,0.042245717349725,0.0191100408629089,0.0043434409582792,0.0806251958671452,0.0313812890428608,0.00301260989168614,0,0,0,0,0,0,0,0,0,1.02381250839456,-0.058320840316884,-0.0222630759478694
6.35017269545392,0.0424370400485447,0.0191534491828902,0.0043379817923838,0.0809391673386811,0.0314112383108606,0.00297706816433805,0,0,0,0,0,0,0,0,0,1.0232281709224,-0.0585439872729304,-0.0223653571246774
6.36017296741527,0.0426287965688829,0.0191968027557634,0.00433249187135511,0.0812534365325975,0.0314408317737555,0.00294145093297536,0,0,0,0,0,0,0,0,0,1.02264159680569,-0.0587681596244028,-0.0224681506631917
6.37017323937661,0.0428209863617195,0.0192401012750775,0.00432697141702329,0.0815679998869838,0.0314700686802964,0.00290575895999399,0,0,0,0,0,0,0,0,0,1.02205277576458,-0.0589933625071311,-0.0225714589802364
6.38017351133796,0.0430136088749808,0.0192833444366017,0.00432142065149621,0.0818828538324547,0.031498948286862,0.00286999300857432,0,0,0,0,0,0,0,0,0,1.02146169746772,-0.0592196010811362,-0.0226752844915257
6.3901737832993,0.0432066635535621,0.0193265319383274,0.00431583979715247,0.0821979947922271,0.0315274698574672,0.00283415384266182,0,0,0,0,0,0,0,0,0,1.02086835153207,-0.0594468805305634,-0.0227796296166582
6.40017405526065,0.0434001498393493,0.0193696634804713,0.00431022907663458,0.0825134191821959,0.0315556326637699,0.00279824222694751,0,0,0,0,0,0,0,0,0,1.0202727275226,-0.0596752060638268,-0.0228844967807849
6.41017432722199,0.0435940671712418,0.0194127387654778,0.00430458871284207,0.0828291234110104,0.031583435985079,0.0027622589268486,0,0,0,0,0,0,0,0,0,1.0196748149521,-0.0599045829135761,-0.0229898884212683
6.42017459918334,0.0437884149851744,0.0194557574980218,0.00429891892892458,0.0831451038801512,0.0316108791083614,0.00272620470848902,0,0,0,0,0,0,0,0,0,1.01907460328087,-0.0601350163369741,-0.0230958069749142
6.43017487114468,0.0439831927141396,0.0194987193850107,0.00429321994827502,0.0834613569840071,0.0316379613282488,0.00269008033868001,0,0,0,0,0,0,0,0,0,1.01847208191656,-0.0603665116154078,-0.0232022548796407
6.44017514310602,0.0441783997882103,0.0195416241355874,0.00428749199452265,0.0837778791099506,0.0316646819470445,0.00265388658490059,0,0,0,0,0,0,0,0,0,1.01786724021385,-0.0605990740547998,-0.0233092345850211
6.45017541506737,0.0443740356345619,0.0195844714611319,0.00428173529152625,0.0840946666384162,0.0316910402747302,0.00261762421527828,0,0,0,0,0,0,0,0,0,1.01726006747425,-0.0608327089855298,-0.0234167485400744
6.46017568702871,0.0445700996774945,0.0196272610752644,0.0042759500633672,0.0844117159429759,0.0317170356289721,0.00258129399856954,0,0,0,0,0,0,0,0,0,1.01665055294585,-0.0610674217625021,-0.0235247992049212
6.47017595899006,0.0447665913384558,0.0196699926938467,0.00427013653434262,0.0847290233904169,0.0317426673351274,0.00254489670414032,0,0,0,0,0,0,0,0,0,1.01603868582304,-0.0613032177653003,-0.0236333890369063
6.4801762309514,0.0449635100360631,0.019712666034985,0.00426429492895844,0.0850465853408181,0.03176793472625,0.00250843310194671,0,0,0,0,0,0,0,0,0,1.01542445524633,-0.0615401023979768,-0.02374252049504
6.49017650291275,0.045160855186126,0.0197552808190313,0.00425842547192265,0.0853643981476275,0.0317928371430965,0.00247190396251545,0,0,0,0,0,0,0,0,0,1.01480785030203,-0.0617780810892967,-0.0238521960527646
6.50017677487409,0.0453586262016686,0.019797836768586,0.00425252838813824,0.0856824581577388,0.0318173739341319,0.00243531005692451,0,0,0,0,0,0,0,0,0,1.01418886002204,-0.0620171592927827,-0.0239624181835226
6.51017704683544,0.0455568224929526,0.0198403336084994,0.00424660390269647,0.0860007617115689,0.0318415444555344,0.00239865215678358,0,0,0,0,0,0,0,0,0,1.01356747338363,-0.0622573424866701,-0.0240731893563151
6.52017731879678,0.0457554434674988,0.0198827710658737,0.00424065224086992,0.0863193051431348,0.0318653480712016,0.0023619310342148,0,0,0,0,0,0,0,0,0,1.01294367930913,-0.0624986361738629,-0.0241845120534669
6.53017759075813,0.0459544885301107,0.0199251488700648,0.00423467362810562,0.0866380847801309,0.0318887841527548,0.00232514746183312,0,0,0,0,0,0,0,0,0,1.01231746666573,-0.0627410458822443,-0.0242963887628517
6.54017786271947,0.0461539570828964,0.019967466752684,0.00422866829001817,0.0869570969440063,0.031911852079544,0.00228830221272697,0,0,0,0,0,0,0,0,0,1.0116888242652,-0.062984577164477,-0.0244088219558318
6.55017813468082,0.0463538485252913,0.0200097244475996,0.00422263645238287,0.0872763379500422,0.0319345512386527,0.00225139606043884,0,0,0,0,0,0,0,0,0,1.0110577408637,-0.063229235597873,-0.0245218141277746
6.56017840664216,0.0465541622540806,0.0200519216909383,0.00421657834112885,0.0875958041074292,0.0319568810249021,0.0022144297789458,0,0,0,0,0,0,0,0,0,1.01042420516143,-0.0634750267850036,-0.0246353677775109
6.57017867860351,0.0467548976634221,0.0200940582210872,0.00421049418233214,0.0879154917193443,0.0319788408408554,0.00217740414264009,0,0,0,0,0,0,0,0,0,1.00978820580249,-0.0637219563531587,-0.0247494853851518
6.58017895056485,0.0469560541448689,0.0201361337786948,0.00420438420220887,0.088235397083029,0.0320004300968223,0.00214031992630955,0,0,0,0,0,0,0,0,0,1.00914973137455,-0.0639700299545133,-0.0248641694545318
6.5901792225262,0.0471576310873915,0.0201781481066725,0.00419824862710828,0.0885555164898664,0.032021648210862,0.00210317790511846,0,0,0,0,0,0,0,0,0,1.00850877040865,-0.0642192532664353,-0.0249794224832348
6.60017949448754,0.047359627877401,0.0202201009501957,0.00419208768350596,0.088875846225459,0.0320424946087878,0.00206597885458783,0,0,0,0,0,0,0,0,0,1.00786531137891,-0.0644696319910527,-0.0250952469676014
6.61017976644889,0.0475620438987712,0.0202619920567055,0.00418590159799691,0.0891963825697056,0.0320629687241698,0.00202872355057605,0,0,0,0,0,0,0,0,0,1.00721934270233,-0.0647211718556615,-0.025211645417154
6.62018003841023,0.0477648785328621,0.0203038211759095,0.00417969059728863,0.0895171217968798,0.0320830699983387,0.00199141276925958,0,0,0,0,0,0,0,0,0,1.00657085273849,-0.0649738786125817,-0.025328620329204
6.63018031037158,0.0479681311585415,0.020345588059783,0.00417345490819432,0.089838060175707,0.0321027978803885,0.00195404728711327,0,0,0,0,0,0,0,0,0,1.00591982978931,-0.0652277580390569,-0.025446174208832
6.64018058233292,0.0481718011522085,0.0203872924625698,0.00416719475762593,0.0901591939694421,0.0321221518271798,0.00191662788089114,0,0,0,0,0,0,0,0,0,1.00526626209885,-0.0654828159375099,-0.0255643095683379
6.65018085429426,0.0483758878878159,0.0204289341407835,0.00416091037258729,0.0904805194359475,0.032141131303342,0.00187915532760683,0,0,0,0,0,0,0,0,0,1.00461013785297,-0.0657390581354317,-0.0256830289100283
6.66018112625561,0.048580390736893,0.0204705128532083,0.00415460198016729,0.0908020328277706,0.0321597357812763,0.00184163040451414,0,0,0,0,0,0,0,0,0,1.00395144517917,-0.0659964904852926,-0.0258023347439799
6.67018139821695,0.0487853090685681,0.0205120283608996,0.00414826980753292,0.0911237303922213,0.0321779647411577,0.0018040538890877,0,0,0,0,0,0,0,0,0,1.00329017214628,-0.0662551188647866,-0.0259222295786045
6.6801816701783,0.0489906422495913,0.020553480427185,0.00414191408192243,0.0914456083714503,0.0321958176709371,0.00176642655900346,0,0,0,0,0,0,0,0,0,1.00262630676421,-0.0665149491765535,-0.0260427159178757
6.69018194213964,0.0491963896443574,0.0205948688176647,0.00413553503063847,0.0917676630025262,0.0322132940663433,0.00172874919211924,0,0,0,0,0,0,0,0,0,1.00195983698376,-0.0667759873483682,-0.0261637962807514
6.70018221410099,0.0494025506149285,0.0206361933002126,0.00412913288104117,0.0920898905175141,0.032230393430885,0.00169102256645527,0,0,0,0,0,0,0,0,0,1.00129075069627,-0.067038239333251,-0.0262854731792525
6.71018248606233,0.0496091245210568,0.0206774536449762,0.00412270786054126,0.0924122871435526,0.0322471152758516,0.00165324746017492,0,0,0,0,0,0,0,0,0,1.00061903573347,-0.0673017111092185,-0.0264077491076375
6.72018275802368,0.049816110720207,0.0207186496243775,0.00411626019659325,0.092734849102932,0.0322634591203151,0.00161542465156498,0,0,0,0,0,0,0,0,0,0.999944679867161,-0.0675664086791777,-0.0265306265751497
6.73018302998502,0.0500235085675796,0.0207597810131135,0.00410979011668847,0.0930575726131723,0.0322794244911316,0.00157755491901647,0,0,0,0,0,0,0,0,0,0.999267670808986,-0.0678323380713313,-0.0266541081018601
6.74018330194637,0.0502313174161334,0.0208008475881559,0.00410329784834823,0.0933804538871008,0.032295010922941,0.00153963904100512,0,0,0,0,0,0,0,0,0,0.998587996210186,-0.068099505338989,-0.0267781961867448
6.75018357390771,0.0504395366166081,0.0208418491287523,0.00409678361911696,0.0937034891329298,0.0323102179581691,0.00150167779607187,0,0,0,0,0,0,0,0,0,0.997905643661341,-0.0683679165603346,-0.0269028933312765
6.76018384586906,0.0506481655175472,0.0208827854164254,0.00409024765655529,0.094026674554335,0.0323250451470273,0.0014636719628035,0,0,0,0,0,0,0,0,0,0.997220600692119,-0.0686375778387087,-0.0270282020444228
6.7701841178304,0.0508572034653208,0.0209236562349741,0.00408369018823319,0.0943500063505326,0.0323394920475132,0.00142562231981313,0,0,0,0,0,0,0,0,0,0.99653285477103,-0.0689084953024754,-0.0271541248246063
6.78018438979175,0.0510666498041483,0.0209644613704726,0.00407711144172309,0.094673480716358,0.032353558225411,0.00138752964572095,0,0,0,0,0,0,0,0,0,0.995842393305175,-0.0691806751049454,-0.0272806641660839
6.79018466175309,0.0512765038761212,0.0210052006112713,0.00407051164459301,0.0949970938423431,0.032367243254291,0.00134939471913452,0,0,0,0,0,0,0,0,0,0.995149203639993,-0.0694541234243694,-0.0274078225675534
6.80018493371444,0.0514867650212258,0.0210458737479961,0.00406389102439964,0.0953208419147942,0.0323805467155099,0.00131121831862951,0,0,0,0,0,0,0,0,0,0.994453273059014,-0.069728846464033,-0.0275356025279924
6.81018520567578,0.0516974325773659,0.0210864805735482,0.0040572498086815,0.0956447211158701,0.03239346819821,0.0012730012227303,0,0,0,0,0,0,0,0,0,0.99375458878361,-0.0700048504521682,-0.0276640065336089
6.82018547763713,0.0519085058803857,0.0211270208831047,0.00405058822495208,0.0959687276236599,0.0324060072993187,0.00123474420989032,0,0,0,0,0,0,0,0,0,0.993053137972744,-0.070282141641786,-0.0277930370658942
6.83018574959847,0.0521199842640925,0.0211674944741172,0.00404390650069289,0.0962928576122606,0.0324181636235477,0.00119644805847287,0,0,0,0,0,0,0,0,0,0.992348907722723,-0.0705607263107495,-0.0279226966113361
6.84018602155982,0.0523318670602795,0.0212079011463123,0.00403720486334662,0.0966171072518553,0.0324299367833922,0.00115811354673149,0,0,0,0,0,0,0,0,0,0.991641885066949,-0.070840610761801,-0.028052987653923
6.85018629352116,0.0525441535987484,0.0212482407016907,0.00403048354031029,0.0969414727087909,0.0324413263991292,0.00111974145279067,0,0,0,0,0,0,0,0,0,0.990932056975672,-0.0711218013224845,-0.0281839126622589
6.8601865654825,0.0527568432073321,0.021288512944527,0.00402374275892829,0.0972659501456556,0.0324523320988167,0.00108133255462627,0,0,0,0,0,0,0,0,0,0.990219410355738,-0.0714043043449158,-0.0283154741019785
6.87018683744385,0.0529699352119178,0.021328717681369,0.00401698274648562,0.0975905357213572,0.0324629535182918,0.00104288763004617,0,0,0,0,0,0,0,0,0,0.989503932050352,-0.0716881262059529,-0.0284476744471941
6.8801871094052,0.0531834289364693,0.0213688547210369,0.00401020373020087,0.0979152255912008,0.0324731903011687,0.00100440745667083,0,0,0,0,0,0,0,0,0,0.988785608838821,-0.0719732733071952,-0.0285805161544972
6.89018738136654,0.0533973237030501,0.0214089238746231,0.00400340593721945,0.0982400159069658,0.0324830420988375,0.000965892811913826,0,0,0,0,0,0,0,0,0,0.988064427436312,-0.072259752074634,-0.0287140016680349
6.90018765332788,0.0536116188318458,0.0214489249554909,0.00399658959460665,0.0985649028169851,0.032492508570461,0.000927344472962379,0,0,0,0,0,0,0,0,0,0.987340374493609,-0.0725475689587529,-0.0288481334431657
6.91018792528923,0.0538263136411868,0.0214888577792739,0.0039897549293408,0.0988898824662215,0.0325015893829733,0.000888763216758031,0,0,0,0,0,0,0,0,0,0.986613436596868,-0.0728367304346517,-0.0289829139218527
6.92018819725057,0.0540414074475715,0.0215287221638751,0.00398290216830635,0.0992149509963459,0.0325102842110765,0.00085014981997703,0,0,0,0,0,0,0,0,0,0.985883600267366,-0.0731272430016545,-0.0291183455298004
6.93018846921192,0.0542568995656883,0.021568517929466,0.00397603153828704,0.0995401045458153,0.0325185927372385,0.00081150505901112,0,0,0,0,0,0,0,0,0,0.985150851961268,-0.0734191131833765,-0.0292544307007625
6.94018874117326,0.0544727893084387,0.0216082448984853,0.00396914326595894,0.0998653392499496,0.0325265146516897,0.000772829709947871,0,0,0,0,0,0,0,0,0,0.984415178069377,-0.0737123475278184,-0.0293911718557269
6.95018901313461,0.0546890759869599,0.0216479028956382,0.00396223757788368,0.10019065124101,0.03253404965242,0.000734124548551388,0,0,0,0,0,0,0,0,0,0.983676564916893,-0.0740069526070163,-0.0295285713945875
6.96018928509595,0.0549057589106475,0.0216874917478947,0.00395531470050146,0.100516036648277,0.0325411974451754,0.000695390350242829,0,0,0,0,0,0,0,0,0,0.982934998763176,-0.0743029350169701,-0.0296666317200141
6.9701895570573,0.0551228373871779,0.0217270112844888,0.00394837486012427,0.100841491598125,0.0325479577434547,0.000656627890080991,0,0,0,0,0,0,0,0,0,0.982190465801502,-0.0746003013777707,-0.029805355234398
6.98018982901864,0.0553403107225313,0.0217664613369169,0.00394141828292891,0.101167012214105,0.0325543302685054,0.000617837942742806,0,0,0,0,0,0,0,0,0,0.981442952158824,-0.074899058333467,-0.0299447443187608
6.99019010097999,0.0555581782210139,0.0218058417389368,0.0039344451949502,0.101492594617017,0.0325603147493202,0.000579021282503923,0,0,0,0,0,0,0,0,0,0.980692443895535,-0.0751992125517718,-0.0300848013455193
7.00019037294133,0.0557764391852809,0.0218451523265655,0.00392745582207405,0.101818234924991,0.0325659109226326,0.000540178683219378,0,0,0,0,0,0,0,0,0,0.97993892700523,-0.0755007707241835,-0.0302255286784892
7.01019064490268,0.0559950929163589,0.0218843929380786,0.00392045039003058,0.102143929253561,0.0325711185329124,0.000501310918304026,0,0,0,0,0,0,0,0,0,0.979182387414469,-0.0758037395656924,-0.0303669286678841
7.02019091686402,0.0562141387136684,0.0219235634140079,0.00391342912438727,0.102469673715747,0.0325759373323619,0.000462418760713127,0,0,0,0,0,0,0,0,0,0.978422810982543,-0.0761081258148027,-0.0305090036616966
7.03019118882537,0.0564335758750467,0.0219626635971405,0.00390639225054206,0.102795464422128,0.0325803670809106,0.000423502982922924,0,0,0,0,0,0,0,0,0,0.977660183501237,-0.0764139362334657,-0.0306517559887714
7.04019146078671,0.0566534036967698,0.0220016933325162,0.00389933999371645,0.103121297480919,0.0325844075462105,0.000384564356911275,0,0,0,0,0,0,0,0,0,0.9768944906946,-0.0767211776067637,-0.0307951879649076
7.05019173274805,0.0568736214735756,0.0220406524674265,0.00389227257894869,0.103447168998055,0.032588058503631,0.000345603654138058,0,0,0,0,0,0,0,0,0,0.976125718218712,-0.0770298567429653,-0.0309393018992444
7.0601920047094,0.0570942284986862,0.0220795408514122,0.00388519023108679,0.103773075077258,0.0325913197362536,0.000306621645525868,0,0,0,0,0,0,0,0,0,0.975353851661453,-0.0773399804733368,-0.0310841000842669
7.07019227667074,0.05731522406383,0.0221183583362619,0.00387809317478175,0.104099011820122,0.0325941910348666,0.000267619101440551,0,0,0,0,0,0,0,0,0,0.974578876542275,-0.0776515556519979,-0.0312295847999705
7.08019254863209,0.0575366074592647,0.0221571047760094,0.00387098163448063,0.104424975326187,0.0325966721979592,0.000228596791671707,0,0,0,0,0,0,0,0,0,0.973800778311971,-0.077964589155816,-0.0313757583083135
7.09019282059343,0.0577583779737994,0.0221957800269324,0.00386385583441965,0.104750961693017,0.0325987630317157,0.00018955548541329,0,0,0,0,0,0,0,0,0,0.97301954235245,-0.0782790878841511,-0.0315226228645901
7.10019309255478,0.0579805348948173,0.0222343839475496,0.00385671599861733,0.105076967016274,0.0326004633500097,0.000150495951244236,0,0,0,0,0,0,0,0,0,0.972235153976515,-0.0785950587589776,-0.0316701807104968
7.11019336451612,0.0582030775082978,0.0222729163986191,0.00384956235086766,0.105402987389799,0.0326017729743974,0.000111418957108874,0,0,0,0,0,0,0,0,0,0.971447598427635,-0.0789125087244909,-0.0318184340571999
7.12019363647747,0.058426005098839,0.0223113772431355,0.00384239511473313,0.105729018905687,0.0326026917341115,7.23252702976169e-05,0,0,0,0,0,0,0,0,0,0.970656860879722,-0.0792314447468899,-0.0319673851119798
7.13019390843881,0.0586493169496803,0.0223497663463282,0.00383521451353789,0.106055057654363,0.0326032194660545,3.3215657427525e-05,0,0,0,0,0,0,0,0,0,0.969862926436916,-0.0795518738145165,-0.0321170360654656
7.14019418040016,0.0588730123427243,0.0223880835756587,0.00382802077036091,0.106381099724659,0.0326033560147917,-5.90911557733302e-06,0,0,0,0,0,0,0,0,0,0.969065780133362,-0.0798738029373838,-0.0322673890827519
7.1501944523615,0.0590970905585594,0.0224263288008178,0.00382081410802906,0.106707141203891,0.0326031012325445,-4.50482835049194e-05,0,0,0,0,0,0,0,0,0,0.968265406932995,-0.0801972391471366,-0.032418446321717
7.16019472432285,0.0593215508764821,0.0224645018937237,0.00381359474911018,0.107033178177936,0.0326024549791829,-8.42010818751746e-05,0,0,0,0,0,0,0,0,0,0.967461791729321,-0.0805221894969467,-0.0325702099188681
7.17019499628419,0.059546392574519,0.0225026027285187,0.00380636291590632,0.107359206731308,0.032601417122218,-0.000123366746958946,0,0,0,0,0,0,0,0,0,0.96665491934521,-0.0808486610611902,-0.0327226819876792
7.18019526824554,0.0597716149294494,0.022540631181567,0.00379911883044676,0.107685222947233,0.0325999875367949,-0.000162544515797871,0,0,0,0,0,0,0,0,0,0.965844774532676,-0.0811766609353094,-0.0328758646223751
7.19019554020688,0.0599972172168271,0.0225785871314518,0.0037918627144812,0.108011222907728,0.0325981661056842,-0.000201733626223459,0,0,0,0,0,0,0,0,0,0.965031341972676,-0.0815061962355664,-0.0330297599010966
7.20019581216823,0.0602231987110029,0.0226164704589723,0.00378459478947278,0.108337202693675,0.0325959527192746,-0.00024093331687684,0,0,0,0,0,0,0,0,0,0.964214606274896,-0.0818372740989672,-0.0331843698780141
7.21019608412957,0.0604495586851466,0.022654281047141,0.00377731527659132,0.108663158384898,0.0325933472755644,-0.000280142827227918,0,0,0,0,0,0,0,0,0,0.963394551977547,-0.0821699016828584,-0.0333396965846193
7.22019635609092,0.0606762964112692,0.0226920187811806,0.00377002439670638,0.108989086060239,0.0325903496801532,-0.000319361397594957,0,0,0,0,0,0,0,0,0,0.962571163547165,-0.082504086164877,-0.0334957420384555
7.23019662805226,0.0609034111602449,0.0227296835485211,0.00376272237038036,0.109314981797633,0.0325869598462333,-0.000358588269164097,0,0,0,0,0,0,0,0,0,0.961744425378405,-0.0828398347427216,-0.033652508229401
7.24019690001361,0.0611309022018332,0.0227672752387967,0.00375540941786168,0.109640841674188,0.0325831776945808,-0.00039782268400856,0,0,0,0,0,0,0,0,0,0.960914321793845,-0.0831771546338278,-0.0338099971179065
7.25019717197495,0.0613587688047008,0.0228047937438423,0.00374808575907784,0.109966661766254,0.032579003153547,-0.000437063885108338,0,0,0,0,0,0,0,0,0,0.960080837043786,-0.0835160530751043,-0.0339682106442594
7.26019744393629,0.0615870102364439,0.0228422389576906,0.00374075161362856,0.110292438149503,0.0325744361590487,-0.0004763111163695,0,0,0,0,0,0,0,0,0,0.959243955306066,-0.0838565373227935,-0.0341271507273761
7.27019771589764,0.0618156257636099,0.0228796107765689,0.00373340720077894,0.110618166899006,0.0325694766545594,-0.000515563622643578,0,0,0,0,0,0,0,0,0,0.958403660685857,-0.0841986146521834,-0.0342868192609158
7.28019798785899,0.0620446146517193,0.0229169090988953,0.00372605273945251,0.110943844089305,0.0325641245910994,-0.00055482064974717,0,0,0,0,0,0,0,0,0,0.957559937215486,-0.0845422923573908,-0.0344472181160594
7.29019825982033,0.0622739761652879,0.0229541338252754,0.00371868844822442,0.11126946579449,0.0325583799272259,-0.000594081444481216,0,0,0,0,0,0,0,0,0,0.956712768854238,-0.0848875777511281,-0.0346083491192996
7.30019853178167,0.0625037095678482,0.0229912848584991,0.00371131454531449,0.111595028088274,0.0325522426290237,-0.000633345254650552,0,0,0,0,0,0,0,0,0,0.955862139488183,-0.0852344781640431,-0.0347702140815898
7.31019880374302,0.0627338141219718,0.0230283621035364,0.00370393124858041,0.111920527044068,0.0325457126700944,-0.000672611329083279,0,0,0,0,0,0,0,0,0,0.955008032929991,-0.0855830009450683,-0.0349328147963994
7.32019907570436,0.0629642890892905,0.0230653654675343,0.00369653877551078,0.112245958735059,0.0325387900315464,-0.000711878917650224,0,0,0,0,0,0,0,0,0,0.954150432918746,-0.0859331534607217,-0.0350961530086247
7.33019934766571,0.0631951337305188,0.023102294859813,0.00368913734321828,0.112571319234279,0.0325314747019842,-0.000751147271284356,0,0,0,0,0,0,0,0,0,0.953289323119784,-0.0862849430948347,-0.0352602304442916
7.34019961962705,0.0634263473054748,0.0231391501918618,0.00368172716843279,0.112896604614686,0.0325237666774978,-0.000790415642000316,0,0,0,0,0,0,0,0,0,0.952424687124511,-0.0866383772484469,-0.0354250487977866
7.3501998915884,0.0636579290731026,0.0231759313773354,0.00367430846749448,0.113221810949236,0.032515665961652,-0.000829683282913718,0,0,0,0,0,0,0,0,0,0.951556508450236,-0.0869934633392783,-0.0355906097257487
7.36020016354974,0.0638898782914936,0.02321263833205,0.00366688145634696,0.113546934310957,0.0325071725654748,-0.000868949448260725,0,0,0,0,0,0,0,0,0,0.950684770540007,-0.087350208801502,-0.0357569148587298
7.37020043551109,0.064122194217908,0.0232492709739795,0.00365944635053038,0.113871970773025,0.0324982865074464,-0.000908213393417325,0,0,0,0,0,0,0,0,0,0.949809456762446,-0.0877086210854501,-0.0359239657942543
7.38020070747243,0.0643548761087966,0.0232858292232507,0.00365200336517455,0.114196916408838,0.0324890078134878,-0.000947474374918933,0,0,0,0,0,0,0,0,0,0.948930550411589,-0.0880687076572472,-0.0360917640976505
7.39020097943378,0.0645879232198223,0.0233223130021403,0.0036445527149921,0.114521767292092,0.0324793365169489,-0.000986731650479734,0,0,0,0,0,0,0,0,0,0.948048034706732,-0.0884304759985326,-0.0362603112898423
7.40020125139512,0.0648213348058811,0.0233587222350698,0.00363709461427154,0.11484651949685,0.0324692726585965,-0.00102598447901215,0,0,0,0,0,0,0,0,0,0.947161892792276,-0.0887939336058501,-0.0364296088592804
7.41020152335647,0.0650551101211244,0.0233950568486012,0.0036296292768704,0.115171169097623,0.0324588162866027,-0.00106523212064629,0,0,0,0,0,0,0,0,0,0.94627210773758,-0.089159087990609,-0.0365996582705459
7.42020179531781,0.0652892484189794,0.0234313167714334,0.00362215691620841,0.115495712169438,0.0324479674565321,-0.00110447383674933,0,0,0,0,0,0,0,0,0,0.945378662536813,-0.0895259466786456,-0.0367704609360434
7.43020206727916,0.0655237489521713,0.0234675019343972,0.00361467774526051,0.115820144787919,0.0324367262313297,-0.00114370888994508,0,0,0,0,0,0,0,0,0,0.944481540108814,-0.0898945172096179,-0.0369420182290439
7.4402023392405,0.065758610972744,0.0235036122704508,0.00360719197655006,0.116144463029351,0.0324250926813081,-0.00118293654413322,0,0,0,0,0,0,0,0,0,0.943580723296953,-0.0902648071368283,-0.0371143314983957
7.45020261120185,0.0659938337320819,0.0235396477146756,0.00359969982214193,0.116468662970762,0.0324130668841346,-0.00122215606450895,0,0,0,0,0,0,0,0,0,0.942676194869,-0.0906368240269128,-0.0372874020440999
7.46020288316319,0.0662294164809303,0.0235756082042712,0.0035922014936356,0.116792740689992,0.0324006489248181,-0.00126136671758228,0,0,0,0,0,0,0,0,0,0.941767937516989,-0.0910105754591743,-0.0374612311153656
7.47020315512454,0.0664653584694174,0.0236114936785511,0.00358469720215832,0.11711669226577,0.0323878388956962,-0.00130056777119753,0,0,0,0,0,0,0,0,0,0.9408559338571,-0.0913860690252337,-0.0376358199328164
7.48020342708588,0.0667016589470751,0.0236473040789376,0.00357718715835821,0.117440513777783,0.0323746368964212,-0.00133975849455278,0,0,0,0,0,0,0,0,0,0.939940166429528,-0.0917633123288071,-0.0378111696760011
7.49020369904723,0.0669383171628598,0.0236830393489572,0.00356967157239736,0.117764201306751,0.0323610430339469,-0.00137893815821933,0,0,0,0,0,0,0,0,0,0.939020617698376,-0.0921423129851068,-0.0379872814674995
7.50020397100857,0.0671753323651738,0.0237186994342355,0.00356215065394499,0.118087750934502,0.0323470574225147,-0.00141810603416095,0,0,0,0,0,0,0,0,0,0.938097270051531,-0.0925230786203014,-0.0381641563823734
7.51020424296991,0.0674127038018862,0.0237542842824925,0.00355462461217055,0.118411158744039,0.0323326801836394,-0.00145726139575364,0,0,0,0,0,0,0,0,0,0.937170105800568,-0.0929056168711048,-0.0383417954711801
7.52020451493126,0.0676504307203534,0.0237897938435373,0.00354709365573683,0.118734420819621,0.0323179114460952,-0.00149640351780476,0,0,0,0,0,0,0,0,0,0.936239107180636,-0.0932899353846975,-0.0385201997283383
7.5302047868926,0.0678885123674408,0.0238252280692633,0.00353955799279308,0.119057533246828,0.0323027513459012,-0.00153553167657273,0,0,0,0,0,0,0,0,0,0.935304256350362,-0.0936760418176822,-0.0386993700825762
7.54020505885395,0.0681269479895426,0.0238605869136425,0.00353201783096819,0.119380492112637,0.0322872000263066,-0.00157464514978617,0,0,0,0,0,0,0,0,0,0.934365535391758,-0.0940639438358144,-0.0388793074316002
7.55020533081529,0.0683657368326035,0.023895870332721,0.00352447337736369,0.119703293505495,0.0322712576377763,-0.00161374321666366,0,0,0,0,0,0,0,0,0,0.933422926310132,-0.0944536491136517,-0.0390600126185088
7.56020560277664,0.0686048781421387,0.0239310782846131,0.00351692483854699,0.120025933515388,0.0322549243379754,-0.00165282515793295,0,0,0,0,0,0,0,0,0,0.932476411034002,-0.0948451653338117,-0.0392414864401208
7.57020587473798,0.0688443711632551,0.0239662107294962,0.00350937242054446,0.120348408233916,0.0322382002917548,-0.00169189025585051,0,0,0,0,0,0,0,0,0,0.931525971415019,-0.095238500186789,-0.0394237296346928
7.58020614669933,0.0690842151406715,0.0240012676296053,0.00350181632883451,0.120670713754361,0.0322210856711345,-0.00173093779422097,0,0,0,0,0,0,0,0,0,0.930571589227885,-0.0956336613699666,-0.0396067428697117
7.59020641866067,0.0693244093187392,0.0240362489492274,0.00349425676834074,0.120992846171764,0.0322035806552897,-0.00176996705841637,0,0,0,0,0,0,0,0,0,0.929613246170301,-0.0960306565871893,-0.0397905267832426
7.60020669062202,0.0695649529414629,0.024071154654696,0.00348669394342509,0.121314801582993,0.0321856854305336,-0.00180897733539595,0,0,0,0,0,0,0,0,0,0.928650923862888,-0.0964294935486018,-0.0399750819636727
7.61020696258336,0.0698058452525206,0.0241059847143856,0.00347912805788092,0.121636576086812,0.0321674001903022,-0.00184796791372519,0,0,0,0,0,0,0,0,0,0.92768460384914,-0.0968301799698169,-0.040160408920844
7.62020723454471,0.0700470854952844,0.0241407390987054,0.00347155931492612,0.121958165783958,0.0321487251351376,-0.00188693808359564,0,0,0,0,0,0,0,0,0,0.92671426759536,-0.0972327235711764,-0.0403465080968769
7.63020750650605,0.0702886729128403,0.0241754177800945,0.0034639879171963,0.122279566777209,0.0321296604726726,-0.00192588713684403,0,0,0,0,0,0,0,0,0,0.925739896490631,-0.0976371320771356,-0.0405333798983706
7.6402077784674,0.0705306067480092,0.0242100207330151,0.00345641406673781,0.122600775171452,0.032110206417613,-0.00196481436697192,0,0,0,0,0,0,0,0,0,0.924761471846766,-0.0980434132161688,-0.0407210246755819
7.65020805042874,0.0707728862433665,0.0242445479339469,0.00344883796500096,0.122921787073758,0.0320903631917214,-0.00200371906916499,0,0,0,0,0,0,0,0,0,0.923778974898271,-0.0984515747197365,-0.0409094426885637
7.66020832239009,0.0710155106412624,0.0242789993613815,0.00344125981283306,0.123242598593453,0.0320701310238005,-0.00204260054031262,0,0,0,0,0,0,0,0,0,0.922792386802326,-0.0988616243215142,-0.0410986341463057
7.67020859435143,0.0712584791838423,0.0243133749958155,0.00343367981047158,0.123563205842183,0.0320495101496755,-0.00208145807902719,0,0,0,0,0,0,0,0,0,0.92180168863876,-0.0992735697571422,-0.0412885992070069
7.68020886631278,0.0715017911130663,0.0243476748197452,0.00342609815753727,0.123883604933988,0.032028500812177,-0.00212029098566368,0,0,0,0,0,0,0,0,0,0.920806861410036,-0.0996874187634602,-0.0414793379508753
7.69020913827412,0.0717454456707295,0.0243818988176601,0.00341851505302728,0.124203791985374,0.0320071032611235,-0.00215909856233891,0,0,0,0,0,0,0,0,0,0.919807886041242,-0.100103179077713,-0.041670850384295
7.70020941023546,0.0719894420984819,0.0244160469760363,0.00341093069530826,0.124523763115376,0.0319853177533036,-0.0021978801129512,0,0,0,0,0,0,0,0,0,0.918804743380091,-0.100520858436867,-0.0418631364478717
7.71020968219681,0.0722337796378481,0.0244501192833306,0.0034033452821095,0.124843514445634,0.0319631445524582,-0.00223663494319958,0,0,0,0,0,0,0,0,0,0.917797414196929,-0.10094046457698,-0.0420561960253159
7.72020995415815,0.0724784575302472,0.0244841157299739,0.00339575901051603,0.125163042100461,0.031940583929262,-0.00227536236060338,0,0,0,0,0,0,0,0,0,0.916785879184743,-0.101362005232693,-0.0422500289148564
7.7302102261195,0.0727234750170124,0.0245180363083648,0.00338817207696179,0.125482342206909,0.0319176361613059,-0.00231406167452167,0,0,0,0,0,0,0,0,0,0.915770118959181,-0.101785488136027,-0.0424446348442247
7.74021049808084,0.0729688313394107,0.0245518810128629,0.00338058467722267,0.125801410894843,0.031894301533078,-0.00235273219617263,0,0,0,0,0,0,0,0,0,0.914750114058586,-0.102210921016177,-0.0426400134773195
7.75021077004219,0.0732145257386625,0.0245856498397824,0.00337299700640971,0.126120244297006,0.0318705803359448,-0.00239137323865299,0,0,0,0,0,0,0,0,0,0.913725844944018,-0.102638311598444,-0.0428361643795129
7.76021104200353,0.073460557455961,0.0246193427873853,0.00336540925896215,0.126438838549089,0.0318464728681329,-0.00242998411695751,0,0,0,0,0,0,0,0,0,0.91269729199931,-0.103067667603329,-0.0430330870623326
7.77021131396488,0.0737069257324919,0.0246529598558746,0.00335782162864063,0.1267571897898,0.0318219794347094,-0.00246856414799843,0,0,0,0,0,0,0,0,0,0.911664435531109,-0.103498996746363,-0.0432307809576526
7.78021158592622,0.0739536298094524,0.0246865010473875,0.00335023430852024,0.127075294160932,0.0317971003475627,-0.00250711265062483,0,0,0,0,0,0,0,0,0,0.910627255768931,-0.103932306736685,-0.0434292453935473
7.79021185788757,0.0742006689280709,0.0247199663659888,0.00334264749098364,0.12739314780743,0.0317718359253833,-0.00254562894564216,0,0,0,0,0,0,0,0,0,0.909585732865235,-0.104367605276386,-0.0436284796275949
7.80021212984891,0.0744480423296259,0.0247533558176634,0.00333506136771426,0.127710746877461,0.0317461864936438,-0.00258411235583163,0,0,0,0,0,0,0,0,0,0.908539846895494,-0.104804900059757,-0.0438284828491006
7.81021240181026,0.0746957492554655,0.0247866694103096,0.00332747612968932,0.12802808752248,0.0317201523845794,-0.00262256220596967,0,0,0,0,0,0,0,0,0,0.907489577858277,-0.105244198772674,-0.0440292541610521
7.8202126737716,0.0749437889470261,0.0248199071537322,0.00331989196717302,0.1283451658973,0.0316937339371675,-0.00266097782284732,0,0,0,0,0,0,0,0,0,0.906434905675333,-0.105685509091488,-0.0442307925492724
7.83021294573295,0.0751921606458519,0.0248530690596347,0.00331230906970962,0.128661978160154,0.0316669314971077,-0.00269935853528965,0,0,0,0,0,0,0,0,0,0.905375810191701,-0.106128838681791,-0.0444330969347733
7.84021321769429,0.0754408635936135,0.0248861551416129,0.0033047276261166,0.128978520472768,0.0316397454168014,-0.00273770367417544,0,0,0,0,0,0,0,0,0,0.904312271175814,-0.106574195198353,-0.0446361661605209
7.85021348965564,0.0756898970321268,0.0249191654151468,0.00329714782447772,0.129294789000426,0.0316121760553306,-0.00277601257245623,0,0,0,0,0,0,0,0,0,0.903244268319611,-0.107021586283625,-0.0448399989552128
7.86021376161698,0.0759392602033719,0.0249520998975939,0.00328956985213622,0.129610779912034,0.0315842237784382,-0.00281428456517607,0,0,0,0,0,0,0,0,0,0.902171781238672,-0.10747101956695,-0.0450445939661647
7.87021403357833,0.076188952349512,0.0249849586081811,0.00328199389568785,0.129926489380192,0.0315558889585055,-0.00285251898949075,0,0,0,0,0,0,0,0,0,0.901094789472346,-0.107922502663725,-0.0452499497380319
7.88021430553967,0.0764389727129118,0.0250177415679979,0.00327442014097408,0.130241913581253,0.0315271719745326,-0.00289071518468744,0,0,0,0,0,0,0,0,0,0.9000132724839,-0.108376043174185,-0.0454560647229295
7.89021457750102,0.0766893205361561,0.0250504487999884,0.00326684877307516,0.130557048695396,0.0314980732121156,-0.00292887249220404,0,0,0,0,0,0,0,0,0,0.898927209660673,-0.108831648682769,-0.0456629372855878
7.90021484946236,0.0769399950620685,0.0250830803289434,0.00325927997630324,0.130871890906689,0.0314685930634258,-0.00296699025564842,0,0,0,0,0,0,0,0,0,0.897836580314242,-0.109289326757005,-0.0458705656819411
7.9102151214237,0.0771909955337297,0.0251156361814933,0.00325171393419551,0.131186436403153,0.0314387319271874,-0.00300506782081823,0,0,0,0,0,0,0,0,0,0.896741363680589,-0.109749084946449,-0.0460789480513568
7.92021539338505,0.0774423211944958,0.0251481163861,0.00324415082950737,0.13150068137683,0.0314084902086562,-0.00304310453572005,0,0,0,0,0,0,0,0,0,0.895641538920295,-0.110210930781417,-0.0462880824468876
7.93021566534639,0.0776939712880169,0.025180520973049,0.00323659084420542,0.131814622023846,0.0313778683195969,-0.00308109975058898,0,0,0,0,0,0,0,0,0,0.894537085118734,-0.110674871772525,-0.0464979668294418
7.94021593730774,0.0779459450582546,0.0252128499744416,0.00322903415946071,0.13212825454448,0.0313468666782604,-0.00311905281790795,0,0,0,0,0,0,0,0,0,0.893427981286271,-0.111140915409305,-0.0467085990269867
7.95021620926908,0.078198241749501,0.0252451034241867,0.0032214809556418,0.132441575143223,0.0313154857093619,-0.00315696309242734,0,0,0,0,0,0,0,0,0,0.892314206358483,-0.111609069158931,-0.0469199767581371
7.96021648123043,0.078450860606396,0.0252772813579931,0.00321393141230787,0.132754580028847,0.031283725844058,-0.0031948299311842,0,0,0,0,0,0,0,0,0,0.891195739196387,-0.112079340465308,-0.0471320976543618
7.97021675319177,0.0787038008739459,0.0253093838133609,0.00320638570820186,0.133067265414468,0.0312515875199234,-0.0032326526935219,0,0,0,0,0,0,0,0,0,0.89007255858668,-0.112551736748236,-0.0473449592272587
7.98021702515312,0.0789570617975405,0.0253414108295739,0.00319884402124363,0.133379627517609,0.0312190711809279,-0.00327043074110936,0,0,0,0,0,0,0,0,0,0.888944643241979,-0.113026265401851,-0.0475585588453813
7.99021729711446,0.0792106426229717,0.0253733624476909,0.00319130652852297,0.133691662560265,0.0311861772774132,-0.0033081634379607,0,0,0,0,0,0,0,0,0,0.887811971801093,-0.113502933793323,-0.0477728937924494
8.00021756907581,0.0794645425964506,0.0254052387105372,0.00318377340629284,0.134003366768965,0.0311529062660692,-0.00334585015045453,0,0,0,0,0,0,0,0,0,0.886674522829291,-0.11398174926246,-0.0479879612321972
8.01021784103715,0.0797187609646256,0.0254370396626969,0.00317624482996243,0.134314736374841,0.0311192586099101,-0.00338349024735337,0,0,0,0,0,0,0,0,0,0.885532274818584,-0.114462719119708,-0.0482037581853144
8.0202181129985,0.0799732969745994,0.0254687653505035,0.00316872097409029,0.134625767613681,0.031085234778251,-0.00342108309982327,0,0,0,0,0,0,0,0,0,0.884385206188027,-0.114945850645285,-0.0484202815799213
8.03021838495984,0.080228149873947,0.0255004158220323,0.00316120201237742,0.134936456726002,0.0310508352466831,-0.00345862808145308,0,0,0,0,0,0,0,0,0,0.883233295284022,-0.115431151088196,-0.0486375281930822
8.04021865692119,0.0804833189107329,0.0255319911270911,0.00315368811766046,0.135246799957107,0.0310160604970496,-0.00349612456827391,0,0,0,0,0,0,0,0,0,0.882076520380641,-0.115918627664201,-0.0488554946787176
8.05021892888253,0.080738803333528,0.0255634913172118,0.00314617946190474,0.135556793557148,0.0309809110174219,-0.00353357193877861,0,0,0,0,0,0,0,0,0,0.880914859679966,-0.116408287555382,-0.0490741775881064
8.06021920084388,0.0809946023914274,0.0255949164456417,0.00313867621619745,0.135866433781189,0.0309453873020734,-0.00357096957394119,0,0,0,0,0,0,0,0,0,0.879748291312425,-0.116900137908522,-0.0492935733110008
8.07021947280522,0.0812507153340672,0.0256262665673344,0.00313117855074074,0.136175716889269,0.0309094898514561,-0.00360831685723629,0,0,0,0,0,0,0,0,0,0.878576793337159,-0.117394185833495,-0.0495136781119807
8.08021974476657,0.0815071414116414,0.0256575417389413,0.00312368663484479,0.136484639146461,0.0308732191721744,-0.00364561317465864,0,0,0,0,0,0,0,0,0,0.877400343742394,-0.117890438402375,-0.0497344881335077
8.09022001672791,0.081763879874919,0.0256887420188025,0.00311620063692109,0.136793196822936,0.0308365757769606,-0.00368285791474227,0,0,0,0,0,0,0,0,0,0.876218920445827,-0.118388902647882,-0.0499559993615116
8.10022028868926,0.082020929975261,0.0257198674669376,0.00310872072447533,0.137101386194022,0.0307995601846488,-0.00372005046858035,0,0,0,0,0,0,0,0,0,0.875032501295026,-0.118889585561806,-0.050178207654532
8.1102205606506,0.0822782909646368,0.0257509181450367,0.00310124706410072,0.137409203540267,0.0307621729201495,-0.00375719022984422,0,0,0,0,0,0,0,0,0,0.873841064067847,-0.119392494094038,-0.0504011087406619
8.12022083261195,0.0825359620956412,0.0257818941164515,0.00309377982147098,0.137716645147497,0.0307244145144237,-0.00379427659480312,0,0,0,0,0,0,0,0,0,0.872644586472858,-0.119897635150926,-0.0506246981714794
8.13022110457329,0.0827939426215105,0.0258127954461855,0.00308631916133357,0.13802370730688,0.0306862855044568,-0.00383130896234351,0,0,0,0,0,0,0,0,0,0.871443046149785,-0.12040501559339,-0.0508489713792211
8.14022137653463,0.0830522317961396,0.0258436222008855,0.00307886524750268,0.138330386314982,0.0306477864332325,-0.00386828673398855,0,0,0,0,0,0,0,0,0,0.870236420669971,-0.12091464223642,-0.0510739236523554
8.15022164849598,0.0833108288740979,0.0258743744488316,0.00307141824285248,0.138636678473829,0.0306089178497058,-0.0039052093139174,0,0,0,0,0,0,0,0,0,0.869024687536839,-0.121426521846703,-0.0512995500911811
8.16022192045732,0.0835697331106458,0.0259050522599277,0.00306397830931016,0.138942580090969,0.0305696803087771,-0.00394207610898486,0,0,0,0,0,0,0,0,0,0.867807824186396,-0.121940661141233,-0.0515258456838684
8.17022219241867,0.0838289437617508,0.0259356557056928,0.00305654560784906,0.139248087479525,0.0305300743712646,-0.00397888652874069,0,0,0,0,0,0,0,0,0,0.866585807987722,-0.122457066786457,-0.0517528052517864
8.18022246438001,0.0840884600841037,0.0259661848592503,0.00304912029848184,0.13955319695826,0.0304901006038779,-0.00401563998544914,0,0,0,0,0,0,0,0,0,0.86535861624349,-0.122975745395794,-0.0519804234420069
8.19022273634136,0.0843482813351344,0.0259966397953194,0.00304170254025351,0.139857904851635,0.0304497595791903,-0.00405233589410817,0,0,0,0,0,0,0,0,0,0.864126226190508,-0.123496703528629,-0.0522086947620009
8.2002230083027,0.0846084067730281,0.0260270205902046,0.00303429249123462,0.140162207489862,0.0304090518756115,-0.00408897367246921,0,0,0,0,0,0,0,0,0,0.862888615000258,-0.124019947688527,-0.0524376135302358
8.21022328026405,0.0848688356567409,0.0260573273217865,0.00302689030851439,0.140466101208971,0.0303679780773602,-0.00412555274105631,0,0,0,0,0,0,0,0,0,0.861645759779474,-0.124545484321241,-0.0526671739316763
8.22022355222539,0.0851295672460156,0.0260875600695114,0.00301949614819377,0.140769582350859,0.0303265387744359,-0.00416207252318574,0,0,0,0,0,0,0,0,0,0.860397637570719,-0.125073319814032,-0.0528973699872658
8.23022382418674,0.0853906008013973,0.026117718914382,0.00301211016537861,0.141072647263355,0.030284734562591,-0.00419853244498547,0,0,0,0,0,0,0,0,0,0.859144225352977,-0.125603460493066,-0.0531281955056288
8.24022409614808,0.0856519355842486,0.0261478039389469,0.00300473251417278,0.141375292300273,0.0302425660433028,-0.00423493193541435,0,0,0,0,0,0,0,0,0,0.857885500042285,-0.126135912621775,-0.0533596441466227
8.25022436810943,0.0859135708567658,0.0261778152272909,0.00299736334767122,0.141677513821471,0.0302000338237448,-0.00427127042628185,0,0,0,0,0,0,0,0,0,0.856621438492356,-0.12667068239952,-0.0535917094083047
8.26022464007077,0.0861755058819932,0.0262077528650245,0.00299000281795315,0.141979308192907,0.0301571385167585,-0.00430754735226736,0,0,0,0,0,0,0,0,0,0.855352017495236,-0.127207775959688,-0.0538243846036101
8.27022491203212,0.0864377399238393,0.026237616939274,0.00298265107607517,0.142280671786695,0.0301138807408238,-0.00434376215093964,0,0,0,0,0,0,0,0,0,0.854077213781967,-0.127747199367896,-0.0540576628531387
8.28022518399346,0.0867002722470909,0.0262674075386714,0.00297530827206433,0.142581600981164,0.030070261120031,-0.00437991426277614,0,0,0,0,0,0,0,0,0,0.852797004023278,-0.12828895861994,-0.0542915370995862
8.29022545595481,0.0869631021174291,0.0262971247533434,0.00296797455491127,0.142882092160909,0.030026280284051,-0.0044160031311828,0,0,0,0,0,0,0,0,0,0.851511364830293,-0.128833059640287,-0.0545260001035809
8.30022572791615,0.0872262288014434,0.0263267686749019,0.00296065007256341,0.143182141716853,0.029981938868106,-0.00445202820251299,0,0,0,0,0,0,0,0,0,0.850220272755248,-0.129379508279941,-0.0547610444420445
8.3102259998775,0.0874896515666471,0.0263563393964328,0.00295333497191797,0.143481746046297,0.0299372375129403,-0.00448798892608733,0,0,0,0,0,0,0,0,0,0.848923704292244,-0.129928310314902,-0.0549966625108564
8.32022627183884,0.0877533696814913,0.0263858370124856,0.00294602939881516,0.143780901552978,0.0298921768647897,-0.004523884754213,0,0,0,0,0,0,0,0,0,0.847621635877994,-0.13047947144409,-0.0552328464861732
8.33022654380019,0.0880173824153805,0.0264152616190634,0.00293873349803126,0.144079604647122,0.0298467575753525,-0.00455971514220322,0,0,0,0,0,0,0,0,0,0.846314043892617,-0.131032997287024,-0.0554695883510157
8.34022681576153,0.0882816890386859,0.0264446133136112,0.00293144741327175,0.1443778517455,0.0298009803017587,-0.00459547954839654,0,0,0,0,0,0,0,0,0,0.845000904660434,-0.131588893382278,-0.0557068799123114
8.35022708772287,0.0885462888227607,0.0264738921950061,0.00292417128716444,0.144675639271482,0.02975484570654,-0.00463117743417645,0,0,0,0,0,0,0,0,0,0.843682194450787,-0.132147165185506,-0.0559447127722577
8.36022735968422,0.0888111810399537,0.026503098363546,0.0029169052612526,0.144972963655088,0.0297083544575991,-0.00466680826399077,0,0,0,0,0,0,0,0,0,0.842357889478882,-0.132707818067322,-0.0561830783123848
8.37022763164556,0.0890763649636243,0.0265322319209386,0.00290964947598803,0.145269821333048,0.0296615072281786,-0.00470237150537101,0,0,0,0,0,0,0,0,0,0.841027965906647,-0.133270857311005,-0.056421967708286
8.38022790360691,0.0893418398681553,0.0265612929702911,0.00290240407072425,0.145566208748846,0.0296143046968309,-0.00473786662895195,0,0,0,0,0,0,0,0,0,0.839692399843619,-0.133836288110676,-0.0566613719462765
8.39022817556825,0.089607605028968,0.0265902816160985,0.0028951691837096,0.145862122352783,0.0295667475473865,-0.00477329310849096,0,0,0,0,0,0,0,0,0,0.838351167347839,-0.134404115569336,-0.0569012817931311
8.4002284475296,0.0898736597225358,0.0266191979642326,0.00288794495208028,0.146157558602023,0.0295188364689225,-0.0048086504208875,0,0,0,0,0,0,0,0,0,0.837004244426784,-0.134974344696437,-0.0571416877802717
8.41022871949094,0.090140003226397,0.0266480421219313,0.00288073151185357,0.146452513960645,0.0294705721557315,-0.00484393804620246,0,0,0,0,0,0,0,0,0,0.835651607038302,-0.135546980405602,-0.0573825802340221
8.42022899145229,0.0904066348191696,0.026676814197787,0.00287352899792096,0.1467469848997,0.0294219553072901,-0.00487915546767783,0,0,0,0,0,0,0,0,0,0.834293231091594,-0.136122027512805,-0.0576239492789269
8.43022926341363,0.0906735537805642,0.0267055143017353,0.00286633754404114,0.147040967897259,0.0293729866282261,-0.00491430217175581,0,0,0,0,0,0,0,0,0,0.832929092448187,-0.136699490734154,-0.0578657848011268
8.44022953537498,0.0909407593913974,0.0267341425450439,0.00285915728283328,0.147334459438463,0.0293236668282871,-0.00494937764809854,0,0,0,0,0,0,0,0,0,0.831559166922956,-0.137279374683341,-0.0581080764516899
8.45022980733632,0.0912082509336051,0.0267626990403008,0.00285198834577006,0.14762745601558,0.0292739966223083,-0.00498438138960737,0,0,0,0,0,0,0,0,0,0.830183430285153,-0.137861683869489,-0.0583508136510406
8.46023007929767,0.0914760276902555,0.0267911839014032,0.00284483086317079,0.147919954128048,0.0292239767301793,-0.00501931289244236,0,0,0,0,0,0,0,0,0,0.828801858259468,-0.138446422694693,-0.0585939856050683
8.47023035125901,0.0917440889455627,0.0268195972435455,0.00283768496419452,0.148211950282531,0.0291736078768123,-0.00505417165604171,0,0,0,0,0,0,0,0,0,0.827414426527109,-0.139033595452189,-0.0588375812942986
8.48023062322036,0.092012433984899,0.0268479391832082,0.00283055077683325,0.148503440992968,0.0291228907921086,-0.00508895718314124,0,0,0,0,0,0,0,0,0,0.826021110726897,-0.139623206323674,-0.0590815894247676
8.4902308951817,0.0922810620948078,0.0268762098381456,0.00282342842790494,0.148794422780621,0.0290718262109254,-0.00512366897979365,0,0,0,0,0,0,0,0,0,0.824621886456405,-0.140215259376501,-0.0593259984682718
8.50023116714305,0.0925499725630166,0.0269044093273746,0.00281631804304674,0.149084892174125,0.0290204148730435,-0.00515830655538827,0,0,0,0,0,0,0,0,0,0.823216729273106,-0.140809758561796,-0.0595707966887269
8.51023143910439,0.0928191646784492,0.0269325377711621,0.00280921974670795,0.149374845709538,0.0289686575231326,-0.00519286942267018,0,0,0,0,0,0,0,0,0,0.821805614695547,-0.141406707712184,-0.0598159720802759
8.52023171106574,0.0930886377312386,0.0269605952910142,0.00280213366214329,0.149664279930391,0.0289165549107184,-0.00522735709775989,0,0,0,0,0,0,0,0,0,0.820388518204546,-0.142006110538666,-0.0600615123736808
8.53023198302708,0.0933583910127385,0.0269885820096631,0.00279505991140601,0.149953191387731,0.0288641077901487,-0.00526176910017258,0,0,0,0,0,0,0,0,0,0.818965415244428,-0.142607970628477,-0.0603074050665691
8.54023225498842,0.0936284238155366,0.0270164980510557,0.0027879986153409,0.150241576640175,0.0288113169205591,-0.00529610495283765,0,0,0,0,0,0,0,0,0,0.817536281224265,-0.143212291442564,-0.060553637405112
8.55023252694977,0.0938987354334656,0.0270443435403412,0.00278094989357749,0.150529432253955,0.028758183065839,-0.00533036418211827,0,0,0,0,0,0,0,0,0,0.816101091519162,-0.143819076313076,-0.0608001963593316
8.56023279891111,0.0941693251616164,0.0270721186038593,0.0027739138645232,0.150816754802966,0.0287047069945966,-0.00536454631783052,0,0,0,0,0,0,0,0,0,0.814659821471545,-0.144428328440357,-0.0610470686305902
8.57023307087246,0.0944401922963485,0.0270998233691273,0.00276689064535637,0.151103540868813,0.0286508894801255,-0.00539865089326313,0,0,0,0,0,0,0,0,0,0.81321244639251,-0.145040050890574,-0.0612942406993271
8.5802333428338,0.0947113361353027,0.0271274579648284,0.00275988035201947,0.151389787040856,0.0285967313003685,-0.00543267744519681,0,0,0,0,0,0,0,0,0,0.811758941563159,-0.145654246593671,-0.0615416987512339
8.59023361479515,0.0949827559774126,0.027155022520799,0.00275288309921215,0.151675489916258,0.0285422332378833,-0.00546662551392341,0,0,0,0,0,0,0,0,0,0.810299282235987,-0.146270918339525,-0.0617894286780843
8.60023388675649,0.0952544511229159,0.0271825171680162,0.00274589900038438,0.151960646100032,0.0284873960798072,-0.00550049464326596,0,0,0,0,0,0,0,0,0,0.808833443636297,-0.146890068775905,-0.0620374161368557
8.61023415871784,0.0955264208733655,0.0272099420385854,0.00273892816772959,0.152245252205084,0.0284322206178217,-0.00553428438059754,0,0,0,0,0,0,0,0,0,0.807361400963628,-0.14751170040582,-0.0622856464926546
8.62023443067918,0.0957986645316413,0.0272372972657276,0.00273197071217786,0.152529304852261,0.0283767076481169,-0.00556799427686111,0,0,0,0,0,0,0,0,0,0.80588312939322,-0.148135815584335,-0.0625341048345837
8.63023470264053,0.0960711814019606,0.027264582983767,0.0027250267433888,0.152812800670394,0.0283208579713556,-0.00560162388658853,0,0,0,0,0,0,0,0,0,0.80439860407751,-0.14876241651623,-0.0627827759663721
8.64023497460187,0.0963439707898899,0.0272917993281178,0.00271809636974495,0.153095736296341,0.0282646723926372,-0.00563517276792051,0,0,0,0,0,0,0,0,0,0.802907800147642,-0.149391505252639,-0.0630316444020247
8.65023524656322,0.0966170320023548,0.0273189464352717,0.00271117969834477,0.153378108375037,0.028208151721462,-0.00566864048262563,0,0,0,0,0,0,0,0,0,0.801410692715028,-0.150023083688612,-0.0632806943830259
8.66023551852456,0.0968903643476516,0.0273460244427851,0.00270427683499569,0.153659913559532,0.0281512967716944,-0.00570202659612005,0,0,0,0,0,0,0,0,0,0.79990725687291,-0.150657153560105,-0.0635299098440403
8.67023579048591,0.0971639671354572,0.0273730334892658,0.00269738788420741,0.153941148511035,0.0280941083615262,-0.0057353306774867,0,0,0,0,0,0,0,0,0,0.798397467697981,-0.151293716440853,-0.0637792744312571
8.68023606244725,0.09743783967684,0.0273999737143604,0.00269051294918488,0.154221809898961,0.0280365873134405,-0.00576855229949495,0,0,0,0,0,0,0,0,0,0.796881300252008,-0.151932773739724,-0.0640287715030621
8.6902363344086,0.0977119812842698,0.0274268452587408,0.00268365213182141,0.154501894400972,0.0279787344541741,-0.00580169103861992,0,0,0,0,0,0,0,0,0,0.795358729583504,-0.152574326697616,-0.0642783841006131
8.70023660636994,0.0979863912716285,0.0274536482640916,0.00267680553269192,0.154781398703016,0.0279205506146803,-0.00583474647506191,0,0,0,0,0,0,0,0,0,0.793829730729418,-0.153218376384208,-0.0645280949680955
8.71023687833129,0.0982610689542197,0.0274803828730963,0.00266997325104598,0.155060319499372,0.0278620366300923,-0.00586771819276601,0,0,0,0,0,0,0,0,0,0.792294278716869,-0.153864923695272,-0.0647778865591114
8.72023715029263,0.098536013648779,0.0275070492294244,0.00266315538480081,0.155338653492695,0.0278031933396848,-0.00590060577944123,0,0,0,0,0,0,0,0,0,0.790752348564889,-0.154513969349553,-0.0650277410094786
8.73023742225397,0.0988112246734833,0.0275336474777177,0.00265635203053471,0.155616397394049,0.0277440215868367,-0.00593340882658028,0,0,0,0,0,0,0,0,0,0.789203915286224,-0.155165513885526,-0.0652776401316809
8.74023769421532,0.0990867013479611,0.0275601777635774,0.00264956328347986,0.155893547922954,0.027684522218993,-0.00596612692947876,0,0,0,0,0,0,0,0,0,0.787648953889135,-0.155819557658176,-0.0655275654148653
8.75023796617666,0.0993624429933016,0.02758664023355,0.00264278923751557,0.156170101807427,0.0276246960876271,-0.00599875968725459,0,0,0,0,0,0,0,0,0,0.786087439379267,-0.156476100835753,-0.0657774980770227
8.76023823813801,0.0996384489320642,0.0276130350351142,0.00263602998516148,0.156446055784016,0.027564544048202,-0.00603130670286776,0,0,0,0,0,0,0,0,0,0.784519346761518,-0.15713514339759,-0.0660274190089243
8.77023851009935,0.0999147184882873,0.0276393623166671,0.00262928561757052,0.156721406597846,0.0275040669601314,-0.00606376758313931,0,0,0,0,0,0,0,0,0,0.782944651041946,-0.157796685129742,-0.0662773087119522
8.7802387820607,0.100191250987499,0.0276656222275104,0.00262255622452217,0.156996151002657,0.0274432656867421,-0.00609614193877122,0,0,0,0,0,0,0,0,0,0.781363327229726,-0.158460725621561,-0.0665271474018956
8.79023905402204,0.100468045756723,0.0276918149178368,0.00261584189441552,0.157270285760839,0.0273821410952344,-0.00612842938436543,0,0,0,0,0,0,0,0,0,0.77977535033913,-0.159127264263405,-0.0667769150053483
8.80023932598339,0.100745102124491,0.0277179405387159,0.00260914271426236,0.157543807643476,0.0273206940566431,-0.00616062953844372,0,0,0,0,0,0,0,0,0,0.778180695391528,-0.159796300243147,-0.0670265910958765
8.81023959794473,0.101022419420849,0.0277439992420807,0.00260245876968032,0.15781671343038,0.027258925445798,-0.00619274202346666,0,0,0,0,0,0,0,0,0,0.776579337417434,-0.160467832542607,-0.0672761548756911
8.82023986990608,0.101299996977368,0.0277699911807133,0.00259579014488609,0.158088999910132,0.0271968361412846,-0.00622476646585345,0,0,0,0,0,0,0,0,0,0.774971251458581,-0.161141859933688,-0.0675255852161753
8.83024014186742,0.101577834127148,0.0277959165082311,0.00258913692268835,0.158360663880115,0.027134427025405,-0.00625670249600122,0,0,0,0,0,0,0,0,0,0.773356412570046,-0.161818380975628,-0.0677748607047915
8.84024041382877,0.101855930204834,0.0278217753790723,0.00258249918448103,0.158631702146556,0.0270716989841368,-0.00628854974830439,0,0,0,0,0,0,0,0,0,0.77173479582238,-0.162497394012068,-0.0680239595521014
8.85024068579011,0.102134284546614,0.0278475679484821,0.00257587701023642,0.158902111524561,0.027008652907094,-0.00632030786117416,0,0,0,0,0,0,0,0,0,0.770106376303785,-0.163178897166445,-0.0682728596056392
8.86024095775146,0.102412896490237,0.0278732943724982,0.00256927047849827,0.159171888838146,0.0269452896874864,-0.00635197647705804,0,0,0,0,0,0,0,0,0,0.768471129122346,-0.163862888339339,-0.068521538406537
8.8702412297128,0.102691765375013,0.0278989548079368,0.0025626796663748,0.159441030920283,0.026881610222079,-0.00638355524245919,0,0,0,0,0,0,0,0,0,0.766829029408256,-0.164549365204995,-0.0687699731023774
8.88024150167415,0.102970890541827,0.0279245494123779,0.00255610464953209,0.159709534612925,0.0268176154111516,-0.0064150438079558,0,0,0,0,0,0,0,0,0,0.765180052316113,-0.165238325206935,-0.0690181404951996
8.89024177363549,0.103250271333142,0.0279500783441507,0.00254954550218689,0.159977396767048,0.026753306158458,-0.00644644182822072,0,0,0,0,0,0,0,0,0,0.763524173027243,-0.165929765555432,-0.0692660170978474
8.90024204559684,0.103529907093007,0.0279755417623197,0.00254300229709994,0.16024461424268,0.0266886833711848,-0.00647774896204074,0,0,0,0,0,0,0,0,0,0.76186136675204,-0.16662368322425,-0.0695135790029703
8.91024231755818,0.103809797167068,0.0280009398266695,0.00253647510556909,0.160511183908943,0.0266237479599097,-0.0065089648723361,0,0,0,0,0,0,0,0,0,0.760191608732356,-0.167320074945504,-0.0697608019224301
8.92024258951953,0.10408994090257,0.0280262726976904,0.00252996399742223,0.160777102644077,0.0265585008385613,-0.00654008922617977,0,0,0,0,0,0,0,0,0,0.758514874243945,-0.168018937207182,-0.070007661268066
8.93024286148087,0.104370337648368,0.0280515405365635,0.00252346904101067,0.16104236733548,0.0264929429243761,-0.00657112169481718,0,0,0,0,0,0,0,0,0,0.7568311385989,-0.168720266249621,-0.0702541320698218
8.94024313344221,0.10465098675493,0.0280767435051463,0.00251699030320209,0.161306974879741,0.0264270751378575,-0.00660206195368548,0,0,0,0,0,0,0,0,0,0.755140377148171,-0.169424058061395,-0.0705001889753909
8.95024340540356,0.10493188757435,0.0281018817659573,0.00251052784937368,0.161570922182666,0.0263608984027337,-0.00663290968243296,0,0,0,0,0,0,0,0,0,0.753442565284083,-0.170130308375781,-0.0707458062697592
8.9602436773649,0.105213039460346,0.0281269554821613,0.00250408174340532,0.161834206159319,0.0262944136459152,-0.0066636645649385,0,0,0,0,0,0,0,0,0,0.751737678442921,-0.170839012667039,-0.0709909578769789
8.97024394932625,0.105494441768274,0.0281519648175547,0.00249765204767267,0.162096823734046,0.0262276217974525,-0.00669432628933116,0,0,0,0,0,0,0,0,0,0.750025692107527,-0.171550166146913,-0.0712356173414581
8.98024422128759,0.105776093855129,0.0281769099365497,0.00249123882304025,0.16235877184051,0.0261605237904939,-0.00672489454800925,0,0,0,0,0,0,0,0,0,0.748306581809955,-0.172263763760537,-0.0714797578330119
8.99024449324894,0.106057995079555,0.02820179100416,0.0024848421288546,0.162620047421723,0.0260931205612419,-0.00675536903766024,0,0,0,0,0,0,0,0,0,0.746580323134146,-0.172979800183036,-0.0717233521442528
9.00024476521028,0.106340144801848,0.0282266081859848,0.00247846202293744,0.162880647430071,0.0260254130489112,-0.0067857494592799,0,0,0,0,0,0,0,0,0,0.744846891718656,-0.17369826981538,-0.0719663727067878
9.01024503717163,0.106622542383963,0.028251361648194,0.00247209856157871,0.163140568827349,0.0259574021956847,-0.00681603551819175,0,0,0,0,0,0,0,0,0,0.743106263259409,-0.174419166781315,-0.0722087915803231
9.02024530913297,0.106905187189519,0.0282760515575129,0.00246575179952974,0.163399808584791,0.0258890889466703,-0.00684622692406669,0,0,0,0,0,0,0,0,0,0.741358413512487,-0.175142484922987,-0.0724505803996483
9.03024558109432,0.107188078583808,0.0283006780812064,0.00245942178999634,0.163658363683092,0.0258204742498576,-0.00687632339094219,0,0,0,0,0,0,0,0,0,0.739603318296977,-0.175868217796822,-0.0726917104071097
9.04024585305566,0.107471215933793,0.0283252413870637,0.00245310858463193,0.163916231112445,0.025751559056074,-0.00690632463724187,0,0,0,0,0,0,0,0,0,0.737840953497837,-0.1765963586698,-0.0729321525364281
9.05024612501701,0.10775459860812,0.028349741643383,0.00244681223353069,0.164173407872565,0.0256823443189412,-0.00693623038579491,0,0,0,0,0,0,0,0,0,0.736071295068815,-0.177326900517003,-0.0731718773283287
9.06024639697835,0.10803822597712,0.0283741790189554,0.0024405327852207,0.164429890972717,0.0256128309948293,-0.00696604036385549,0,0,0,0,0,0,0,0,0,0.734294319035372,-0.178059836016211,-0.0734108548489416
9.0702466689397,0.108322097412815,0.0283985536830494,0.00243427028665687,0.164685677431742,0.0255430200428151,-0.00699575430312224,0,0,0,0,0,0,0,0,0,0.732510001497706,-0.178795157543812,-0.0736490548257952
9.08024694090104,0.10860621228892,0.0284228658053955,0.00242802478321441,0.164940764278087,0.0254729124246353,-0.00702537193975773,0,0,0,0,0,0,0,0,0,0.730718318633753,-0.179532857172119,-0.0738864466278393
9.09024721286239,0.108890569980853,0.0284471155561696,0.00242179631868159,0.16519514854983,0.0254025091046432,-0.00705489301440769,0,0,0,0,0,0,0,0,0,0.728919246702269,-0.180272926664883,-0.0741229992240853
9.10024748482373,0.109175169865733,0.0284713031059778,0.00241558493525305,0.165448827294704,0.0253318110497629,-0.00708431727222077,0,0,0,0,0,0,0,0,0,0.72711276204592,-0.181015357473781,-0.0743586811683406
9.11024775678508,0.109460011322388,0.0284954286258401,0.00240939067352296,0.165701797570127,0.0252608192294445,-0.0071136444628677,0,0,0,0,0,0,0,0,0,0.725298841094433,-0.181760140733624,-0.0745934605975519
9.12024802874642,0.109745093731359,0.0285194922871745,0.00240321357247799,0.165954056443221,0.0251895346156187,-0.00714287434056082,0,0,0,0,0,0,0,0,0,0.723477460367783,-0.182507267258808,-0.0748273053164491
9.13024830070776,0.110030416474903,0.0285434942617807,0.0023970536694905,0.166205600990841,0.0251179581826518,-0.0071720066640737,0,0,0,0,0,0,0,0,0,0.721648596479413,-0.183256727540222,-0.0750601827281567
9.14024857266911,0.110315978936995,0.028567434721824,0.00239091100031175,0.1664564282996,0.0250460909072989,-0.0072010411967602,0,0,0,0,0,0,0,0,0,0.719812226139487,-0.184008511740308,-0.0752920597886842
9.15024884463046,0.110601780503336,0.0285913138398192,0.00238478559906486,0.166706535465887,0.0249739337686592,-0.00722997770657431,0,0,0,0,0,0,0,0,0,0.717968326158203,-0.184762609689055,-0.0755229030987908
9.1602491165918,0.110887820561353,0.0286151317886141,0.00237867749823804,0.166955919595896,0.0249014877481289,-0.00725881596608935,0,0,0,0,0,0,0,0,0,0.71611687344913,-0.185519010880904,-0.0757526788939875
9.17024938855314,0.111174098500202,0.0286388887413733,0.00237258672867773,0.167204577805647,0.0248287538293558,-0.00728755575251748,0,0,0,0,0,0,0,0,0,0.714257845032585,-0.186277704470536,-0.075981352964057
9.18024966051449,0.111460613710774,0.0286625848715614,0.00236651331958156,0.167452507221005,0.0247557329981918,-0.00731619684772893,0,0,0,0,0,0,0,0,0,0.712391218039049,-0.187038679268167,-0.0762088907113383
9.19024993247583,0.111747365585695,0.028686220352927,0.00236045729849166,0.167699704977708,0.0246824262426475,-0.00734473903827192,0,0,0,0,0,0,0,0,0,0.71051696971264,-0.187801923736508,-0.0764352571801391
9.20025020443718,0.112034353519331,0.0287097953594856,0.00235441869128765,0.167946168221383,0.0246088345528438,-0.00737318211539156,0,0,0,0,0,0,0,0,0,0.708635077414592,-0.188567425986641,-0.0766604169732
9.21025047639852,0.112321576907787,0.0287333100655032,0.00234839752217987,0.168191894107569,0.0245349589209663,-0.00740152587504975,0,0,0,0,0,0,0,0,0,0.706745518626806,-0.189335173773312,-0.0768843343249695
9.22025074835987,0.112609035148914,0.0287567646454797,0.00234239381370236,0.168436879801737,0.024460800341217,-0.00742977011794425,0,0,0,0,0,0,0,0,0,0.704848270955428,-0.190105154492274,-0.0771069730882709
9.23025102032121,0.11289672764231,0.0287801592741318,0.00233640758670615,0.168681122479312,0.0243863598097674,-0.00745791464952828,0,0,0,0,0,0,0,0,0,0.702943312134454,-0.190877355175309,-0.0773282966987883
9.24025129228256,0.113184653789318,0.0288034941263762,0.00233043886035223,0.168924619325689,0.0243116383247107,-0.00748595928003007,0,0,0,0,0,0,0,0,0,0.701030620029398,-0.191651762486865,-0.0775482682211348
9.2502515642439,0.113472812993035,0.0288267693773129,0.00232448765210474,0.169167367536254,0.0242366368860135,-0.00751390382447213,0,0,0,0,0,0,0,0,0,0.699110172640974,-0.192428362719995,-0.0777668503033331
9.26025183620525,0.113761204658306,0.0288499852022079,0.00231855397772409,0.169409364316402,0.0241613564954688,-0.00754174810269065,0,0,0,0,0,0,0,0,0,0.697181948108845,-0.193207141792086,-0.0779840052270523
9.27025210816659,0.114049828191733,0.0288731417764763,0.00231263785126003,0.169650606881554,0.0240857981566467,-0.00756949193935502,0,0,0,0,0,0,0,0,0,0.695245924715384,-0.193988085241806,-0.0781996948873784
9.28025238012794,0.114338683001671,0.0288962392756652,0.00230673928504491,0.169891092457178,0.0240099628748465,-0.0075971351639874,0,0,0,0,0,0,0,0,0,0.693302080889488,-0.194771178224422,-0.0784138807754551
9.29025265208928,0.11462776849823,0.0289192778754363,0.0023008582896866,0.170130818278802,0.023933851657048,-0.00762467761098201,0,0,0,0,0,0,0,0,0,0.691350395210433,-0.195556405508403,-0.0786265239967783
9.30025292405063,0.11491708409328,0.0289422577515489,0.00229499487406174,0.170369781592034,0.0238574655118625,-0.00765211911962446,0,0,0,0,0,0,0,0,0,0.689390846411754,-0.196343751471108,-0.0788375852805415
9.31025319601197,0.115206629200447,0.028965179079842,0.00228914904530886,0.170607979652574,0.0237808054494844,-0.00767945953411149,0,0,0,0,0,0,0,0,0,0.68742341338519,-0.197133200095566,-0.0790470249960551
9.32025346797331,0.115496403235116,0.0289880420362179,0.00228332080882144,0.170845409726234,0.0237038724816411,-0.00770669870357025,0,0,0,0,0,0,0,0,0,0.685448075184622,-0.197924734966499,-0.079254803087294
9.33025373993466,0.115786405614433,0.0290108467966233,0.00227751016824107,0.171082069088949,0.0236266676215442,-0.00773383648207747,0,0,0,0,0,0,0,0,0,0.683464811030105,-0.198718339265797,-0.079460879158493
9.34025401189601,0.116076635757301,0.0290335935370332,0.00227171712545059,0.171317955026795,0.0235491918838398,-0.00776087272867932,0,0,0,0,0,0,0,0,0,0.681473600311893,-0.199513995770244,-0.0796652124378206
9.35025428385735,0.116367093084386,0.0290562824334323,0.00226594168056712,0.171553064836002,0.0234714462845585,-0.00778780730741072,0,0,0,0,0,0,0,0,0,0.679474422594511,-0.20031168684627,-0.0798677617485089
9.3602545558187,0.116657777018109,0.0290789136617976,0.00226018383193529,0.171787395822967,0.0233934318410658,-0.00781464008731478,0,0,0,0,0,0,0,0,0,0.677467257620896,-0.201111394447102,-0.0800684855843532
9.37025482778004,0.116948686982657,0.0291014873980808,0.00225444357612031,0.172020945304266,0.0233151495720112,-0.007841370942462,0,0,0,0,0,0,0,0,0,0.675452085316519,-0.201913100109023,-0.0802673420555908
9.38025509974138,0.117239822403971,0.0291240038181901,0.0022487209079011,0.172253710606669,0.023236600497279,-0.00786799975197013,0,0,0,0,0,0,0,0,0,0.673428885793599,-0.202716784947443,-0.0804642889110914
9.39025537170273,0.117531182709754,0.0291464630979729,0.00224301582026332,0.172485689067152,0.0231577856379363,-0.00789452640002324,0,0,0,0,0,0,0,0,0,0.671397639355311,-0.203522429653598,-0.0806592835197777
9.40025564366407,0.117822767329466,0.0291688654131969,0.00223732830439268,0.172716878032907,0.0230787060161835,-0.00792095077589132,0,0,0,0,0,0,0,0,0,0.66935832650006,-0.204330014490253,-0.0808522829128088
9.41025591562542,0.118114575694325,0.0291912109395333,0.00223165834966794,0.172947274861354,0.0229993626553028,-0.00794727277394979,0,0,0,0,0,0,0,0,0,0.667310927925775,-0.205139519289245,-0.0810432438243672
9.42025618758676,0.118406607237303,0.0292134998525374,0.00222600594365396,0.173176876920149,0.0229197565796068,-0.00797349229369879,0,0,0,0,0,0,0,0,0,0.665255424534236,-0.205950923447999,-0.0812321225487382
9.43025645954811,0.118698861393129,0.0292357323276315,0.002220371072095,0.173405681587199,0.0228398888143874,-0.00799960923978259,0,0,0,0,0,0,0,0,0,0.663191797435435,-0.206764205924214,-0.0814188750627016
9.44025673150945,0.118991337598286,0.0292579085400859,0.00221475371890768,0.173633686250669,0.0227597603858649,-0.0080256235220093,0,0,0,0,0,0,0,0,0,0.661120027952008,-0.207579345234827,-0.0816034570824236
9.4502570034708,0.119284035291008,0.0292800286650011,0.00220915386617417,0.173860888308989,0.0226793723211347,-0.00805153505537002,0,0,0,0,0,0,0,0,0,0.659040097623622,-0.208396319451835,-0.0817858238661297
9.46025727543214,0.119576953911278,0.0293020928772891,0.00220357149413536,0.174087285170866,0.0225987256481169,-0.00807734376005847,0,0,0,0,0,0,0,0,0,0.656951988211485,-0.209215106197315,-0.0819659304094919
9.47025754739349,0.119870092900828,0.0293241013516551,0.00219800658118384,0.174312874255289,0.0225178213955038,-0.00810304956149015,0,0,0,0,0,0,0,0,0,0.654855681702833,-0.210035682643154,-0.0821437314581166
9.48025781935483,0.120163451703138,0.0293460542625789,0.00219245910385716,0.174537652991539,0.0224366605927067,-0.00812865239032213,0,0,0,0,0,0,0,0,0,0.652751160315449,-0.210858025506316,-0.082319181293565
9.49025809131618,0.120457029763429,0.0293679517842966,0.00218692903683087,0.174761618819195,0.0223552442698043,-0.00815415218247234,0,0,0,0,0,0,0,0,0,0.650638406502242,-0.211682111044296,-0.0824922339473328
9.50025836327752,0.120750826528664,0.0293897940907813,0.00218141635291173,0.174984769188138,0.0222735734574904,-0.00817954887913896,0,0,0,0,0,0,0,0,0,0.64851740295586,-0.212507915054661,-0.0826628432102871
9.51025863523887,0.121044841447544,0.0294115813557252,0.00217592102303062,0.175207101558563,0.0221916491870193,-0.00820484242681979,0,0,0,0,0,0,0,0,0,0.646388132613272,-0.213335412870697,-0.0828309624802978
9.52025890720021,0.121339073970506,0.0294333137525201,0.00217044301623598,0.175428613400976,0.0221094724901545,-0.008230032777332,0,0,0,0,0,0,0,0,0,0.644250578660474,-0.214164579357906,-0.08299654490767
9.53025917916156,0.12163352354972,0.0294549914542391,0.00216498229968661,0.175649302196206,0.0220270443991144,-0.00825511988783123,0,0,0,0,0,0,0,0,0,0.64210472453714,-0.214995388912555,-0.0831595433590602
9.5402594511229,0.121928189639083,0.0294766146336171,0.00215953883864504,0.175869165435406,0.0219443659465191,-0.00828010372083116,0,0,0,0,0,0,0,0,0,0.639950553941353,-0.21582781545745,-0.0833199103944425
9.55025972308425,0.12222307169422,0.0294981834630322,0.00215411259647046,0.176088200620057,0.0218614381653368,-0.00830498424422293,0,0,0,0,0,0,0,0,0,0.637788050834345,-0.216661832440033,-0.0834775983512069
9.56025999504559,0.122518169172477,0.0295196981144867,0.002148703534612,0.176306405261972,0.0217782620888298,-0.00832976143129479,0,0,0,0,0,0,0,0,0,0.635617199445266,-0.217497412829834,-0.0836325592620011
9.57026026700693,0.122813481532917,0.0295411587595876,0.00214331161260169,0.176523776883296,0.0216948387505001,-0.00835443526075104,0,0,0,0,0,0,0,0,0,0.633437984275971,-0.21833452911492,-0.0837847449049654
9.58026053896828,0.12310900823632,0.0295625655695278,0.00213793678804775,0.176740313016514,0.0216111691840361,-0.0083790057167321,0,0,0,0,0,0,0,0,0,0.631250390105863,-0.219173153300357,-0.0839341068266411
9.59026081092962,0.123404748745172,0.0295839187150664,0.00213257901662762,0.176956011204446,0.021527254423257,-0.00840347278883328,0,0,0,0,0,0,0,0,0,0.629054401996713,-0.220013256905118,-0.0840805963087823
9.60026108289097,0.123700702523667,0.0296052183665098,0.00212723825208101,0.177170869000251,0.0214430955020592,-0.00842783647212494,0,0,0,0,0,0,0,0,0,0.626850005297558,-0.220854810959877,-0.0842241644589821
9.61026135485231,0.1239968690377,0.0296264646936918,0.00212191444620319,0.177384883967429,0.0213586934543605,-0.00845209676717118,0,0,0,0,0,0,0,0,0,0.624637185649572,-0.221697786005732,-0.0843647621209373
9.62026162681366,0.12429324775486,0.0296476578659547,0.00211660754883793,0.177598053679819,0.0212740493140457,-0.00847625368004993,0,0,0,0,0,0,0,0,0,0.622415928990988,-0.222542152090204,-0.084502339890858
9.630261898775,0.124589838144428,0.0296687980521292,0.00211131750787078,0.177810375721597,0.0211891641149113,-0.00850030722237197,0,0,0,0,0,0,0,0,0,0.620186221562042,-0.223387878766289,-0.0846368482603556
9.64026217073635,0.124886639677371,0.0296898854205151,0.00210604426922208,0.178021847687279,0.0211040388906098,-0.00852425741130046,0,0,0,0,0,0,0,0,0,0.617948049909926,-0.224234935091313,-0.0847682374680547
9.65026244269769,0.125183651826336,0.0297109201388616,0.00210078777684009,0.178232467181714,0.0210186746745938,-0.00854810426957055,0,0,0,0,0,0,0,0,0,0.615701400893747,-0.225083289623017,-0.0848964575100069
9.66026271465904,0.125480874065644,0.0297319023743473,0.00209554797269419,0.178442231820088,0.0209330725000615,-0.00857184782550868,0,0,0,0,0,0,0,0,0,0.613446261689558,-0.225932910418623,-0.0850214583225995
9.67026298662038,0.125778305871286,0.0297528322935607,0.00209032479676795,0.178651139227915,0.0208472333998991,-0.00859548811305188,0,0,0,0,0,0,0,0,0,0.611182619795338,-0.22678376503457,-0.0851431896595914
9.68026325858173,0.126075946720917,0.0297737100624801,0.0020851181870522,0.178859187041038,0.0207611584066255,-0.00861902517176762,0,0,0,0,0,0,0,0,0,0.608910463036031,-0.227635820523127,-0.0852616010654773
9.69026353054307,0.126373796093845,0.0297945358464539,0.00207992807953824,0.179066372905621,0.0206748485523358,-0.00864245904687269,0,0,0,0,0,0,0,0,0,0.606629779568588,-0.228489043431599,-0.0853766419876169
9.70026380250442,0.126671853471031,0.0298153098101799,0.00207475440821089,0.179272694478151,0.0205883048686442,-0.00866578978925312,0,0,0,0,0,0,0,0,0,0.604340557887024,-0.229343399801172,-0.0854882617518009
9.71026407446576,0.12697011833508,0.0298360321176863,0.00206959710504162,0.179478149425425,0.0205015283866282,-0.00868901745548333,0,0,0,0,0,0,0,0,0,0.602042786827486,-0.23019885516564,-0.0855964095358954
9.72026434642711,0.127268590170232,0.0298567029323103,0.00206445609998176,0.17968273542455,0.0204145201367703,-0.00871214210784586,0,0,0,0,0,0,0,0,0,0.59973645557333,-0.23105537454972,-0.085701034456152
9.73026461838845,0.127567268462359,0.0298773224166789,0.00205933132095548,0.179886450162933,0.0203272811489024,-0.00873516381435039,0,0,0,0,0,0,0,0,0,0.597421553660231,-0.2319129224695,-0.0858020855311239
9.7402648903498,0.127866152698953,0.0298978907326879,0.00205422269385304,0.18008929133828,0.0202398124521465,-0.00875808264875355,0,0,0,0,0,0,0,0,0,0.59509807098124,-0.232771462930043,-0.0858995116725152
9.75026516231114,0.128165242369125,0.0299184080414819,0.00204913014252376,0.18029125665858,0.0201521150748593,-0.00878089869057817,0,0,0,0,0,0,0,0,0,0.592765997791949,-0.233630959425644,-0.0859932617592808
9.76026543427249,0.12846453696359,0.0299388745034337,0.00204405358876931,0.180492343842106,0.0200641900445723,-0.0088036120251328,0,0,0,0,0,0,0,0,0,0.590425324715547,-0.234491374938915,-0.0860832846254114
9.77026570623383,0.128764035974665,0.0299592902781238,0.0020389929523367,0.180692550617399,0.0199760383879361,-0.00882622274353105,0,0,0,0,0,0,0,0,0,0.588076042747992,-0.235352671940804,-0.0861695290752013
9.78026597819517,0.129063738896258,0.02997965552432,0.00203394815091152,0.180891874723263,0.0198876611306596,-0.00884873094271114,0,0,0,0,0,0,0,0,0,0.585718143263073,-0.236214812389981,-0.0862519438146956
9.79026625015652,0.12936364522386,0.0299999703999564,0.00202891910011088,0.181090313908755,0.0197990592974543,-0.0088711367254552,0,0,0,0,0,0,0,0,0,0.583351618017596,-0.237077757731487,-0.0863304776393099
9.80026652211786,0.129663754454539,0.0300202350621129,0.00202390571347672,0.181287865933175,0.019710233911974,-0.00889344020040899,0,0,0,0,0,0,0,0,0,0.580976459156471,-0.237941468899873,-0.0864050793608297
9.81026679407921,0.129964066086927,0.0300404496669945,0.00201890790246884,0.181484528566053,0.0196211859967564,-0.00891564148210099,0,0,0,0,0,0,0,0,0,0.578592659217835,-0.238805906316387,-0.0864756977155527
9.82026706604055,0.130264579621216,0.0300606143699104,0.00201392557645801,0.181680299587137,0.0195319165731649,-0.00893774069096202,0,0,0,0,0,0,0,0,0,0.576200211138193,-0.239671029890278,-0.0865422815638408
9.8302673380019,0.130565294559146,0.0300807293252527,0.0020089586427191,0.181875176786388,0.0194424266613288,-0.00895973795334467,0,0,0,0,0,0,0,0,0,0.573799108257518,-0.240536799019974,-0.0866047797851971
9.84026760996324,0.130866210403994,0.0301007946864761,0.00200400700642426,0.182069157963956,0.0193527172800837,-0.00898163340154281,0,0,0,0,0,0,0,0,0,0.571389344324371,-0.241403172592287,-0.0866631413468354
9.85026788192459,0.131167326660571,0.0301208106060761,0.00199907057063591,0.182262240930179,0.0192627894469134,-0.00900342717381071,0,0,0,0,0,0,0,0,0,0.56897091350101,-0.24227010898496,-0.0867173153308701
9.86026815388593,0.131468642835204,0.0301407772355684,0.00199414923630006,0.182454423505557,0.0191726441778881,-0.00902511941438292,0,0,0,0,0,0,0,0,0,0.566543810368462,-0.243137566066419,-0.0867672508471638
9.87026842584728,0.131770158435732,0.0301606947254676,0.00198924290223922,0.182645703520749,0.0190822824876064,-0.0090467102734934,0,0,0,0,0,0,0,0,0,0.564108029931642,-0.244005501196579,-0.0868128971782181
9.88026869780862,0.132071872971494,0.0301805632252656,0.00198435146514558,0.182836078816549,0.0189917053891343,-0.00906819990739519,0,0,0,0,0,0,0,0,0,0.561663567624402,-0.244873871229488,-0.0868542038077474
9.89026896976997,0.13237378595332,0.0302003828834109,0.00197947481957423,0.183025547243876,0.0189009138939452,-0.00908958847837952,0,0,0,0,0,0,0,0,0,0.559210419314598,-0.245742632514707,-0.0868911203029871
9.90026924173131,0.132675896893518,0.0302201538472864,0.00197461285793624,0.183214106663755,0.0188099090118585,-0.00911087615479561,0,0,0,0,0,0,0,0,0,0.556748581309114,-0.2466117408976,-0.0869235963311603
9.91026951369266,0.132978205305863,0.0302398762631886,0.00196976547049169,0.183401754947301,0.0187186917509804,-0.00913206311106973,0,0,0,0,0,0,0,0,0,0.554278050358925,-0.247481151721046,-0.086951581912416
9.920269785654,0.133280710705589,0.0302595502763056,0.00196493254534283,0.183588489975702,0.0186272631176426,-0.0091531495277251,0,0,0,0,0,0,0,0,0,0.55179882366408,-0.248350819830787,-0.086975027280653
9.93027005761535,0.133583412609378,0.0302791760306959,0.00196011396842728,0.1837743096402,0.0185356241163401,-0.00917413559140085,0,0,0,0,0,0,0,0,0,0.549310898878663,-0.24922069957435,-0.0869938827325389
9.94027032957669,0.133886310535344,0.0302987536692661,0.0019553096235111,0.183959211842072,0.0184437757496711,-0.00919502149487181,0,0,0,0,0,0,0,0,0,0.5468142741158,-0.250090744803384,-0.0870080989404799
9.95027060153804,0.134189404003025,0.0303182833337501,0.00195051939218181,0.184143194492613,0.0183517190182758,-0.00921580743706788,0,0,0,0,0,0,0,0,0,0.544308947952565,-0.250960908878838,-0.0870176268655391
9.96027087349938,0.134492692533372,0.0303377651646864,0.00194574315384172,0.184326255513115,0.0182594549207733,-0.00923649362309344,0,0,0,0,0,0,0,0,0,0.54179491943489,-0.251831144671556,-0.0870224177030249
9.97027114546072,0.134796175648733,0.0303571993013963,0.00194098078570086,0.184508392834844,0.0181669844537014,-0.00925708026424637,0,0,0,0,0,0,0,0,0,0.53927218808246,-0.252701404566366,-0.0870224230176512
9.98027141742207,0.135099852872844,0.0303765858819627,0.00193623216277016,0.184689604399021,0.0180743086114534,-0.00927756757803846,0,0,0,0,0,0,0,0,0,0.536740753893535,-0.25357164046538,-0.0870175946330775
9.99027168938341,0.135403723730818,0.0303959250432071,0.00193149715785469,0.184869888156804,0.0179814283862161,-0.00929795578821371,0,0,0,0,0,0,0,0,0,0.534200617349784,-0.254441803789872,-0.0870078847762296
10.0002719613448,0.135707787749125,0.0304152169206684,0.0019267756415465,0.185049242069258,0.0178883447679084,-0.00931824512476875,0,0,0,0,0,0,0,0,0,0.531651779421068,-0.255311845486467,-0.0869932460800754
10.0102722333061,0.136012044455588,0.0304344616485798,0.00192206748221808,0.185227664107336,0.0177950587441167,-0.00933843582397166,0,0,0,0,0,0,0,0,0,0.529094241570149,-0.256181716029074,-0.0869736314856557
10.0202725052674,0.136316493379365,0.0304536593598474,0.00191737254601521,0.185405152251858,0.017701571300034,-0.00935852812838166,0,0,0,0,0,0,0,0,0,0.526528005757438,-0.257051365423112,-0.0869489944335786
10.0302727772288,0.136621134050934,0.0304728101860274,0.00191269069685024,0.18558170449348,0.017607883418396,-0.00937852228686847,0,0,0,0,0,0,0,0,0,0.523953074445617,-0.257920743211277,-0.0869192888043605
10.0402730491901,0.136925966002084,0.0304919142573041,0.00190802179639511,0.185757318832677,0.0175139960794176,-0.00939841855463175,0,0,0,0,0,0,0,0,0,0.521369450604268,-0.258789798476572,-0.0868844688551371
10.0502733211515,0.1372309887659,0.0305109717024669,0.00190336570407456,0.185931993279711,0.0174199102607302,-0.00941821719322058,0,0,0,0,0,0,0,0,0,0.518777137714442,-0.259658479846813,-0.0868444893995086
10.0602735931128,0.137536201876744,0.0305299826488885,0.0018987222770591,0.18610572585461,0.0173256269373182,-0.0094379184705529,0,0,0,0,0,0,0,0,0,0.516176139773193,-0.260526735501251,-0.0867993057856302
10.0702738650742,0.137841604870248,0.0305489472225017,0.00189409137025841,0.186278514587134,0.0172311470814539,-0.00945752266093485,0,0,0,0,0,0,0,0,0,0.513566461298015,-0.261394513174638,-0.0867488738406834
10.0802741370355,0.138147197283294,0.0305678655477771,0.00188947283631415,0.186450357516756,0.0171364716626353,-0.00947703004508027,0,0,0,0,0,0,0,0,0,0.510948107331294,-0.262261760162745,-0.0866931499430463
10.0902744089969,0.138452978654004,0.0305867377477005,0.00188486652559324,0.18662125269263,0.0170416016475204,-0.00949644091013034,0,0,0,0,0,0,0,0,0,0.508321083444638,-0.26312842332787,-0.0866320910650391
10.1002746809582,0.138758948521718,0.0306055639437497,0.00188027228618096,0.186791198173562,0.0169465379998642,-0.0095157555496726,0,0,0,0,0,0,0,0,0,0.505685395743217,-0.263994449105206,-0.0865656548239765
10.1102749529196,0.139065106426989,0.0306243442558719,0.00187568996387411,0.186960192027978,0.0168512816804526,-0.0095349742637608,0,0,0,0,0,0,0,0,0,0.503041050869963,-0.264859783509373,-0.0864937993578479
10.1202752248809,0.139371451911556,0.0306430788024609,0.00187111940217401,0.187128232333901,0.016755833647039,-0.0095540973589341,0,0,0,0,0,0,0,0,0,0.500388056009784,-0.265724372138303,-0.0864164835136201
10.1302754968422,0.139677984518337,0.0306617677003337,0.00186656044227973,0.187295317178915,0.0166601948542792,-0.00957312514823636,0,0,0,0,0,0,0,0,0,0.497726418893682,-0.266588160183532,-0.0863336669187034
10.1402757688036,0.139984703791411,0.030680411064708,0.00186201292308119,0.187461444660136,0.0165643662536649,-0.00959205795123604,0,0,0,0,0,0,0,0,0,0.495056147802764,-0.267451092435517,-0.0862453097172862
10.1502760407649,0.140291609276,0.0306990090091786,0.00185747668115221,0.187626612884174,0.0164683487934598,-0.00961089609404541,0,0,0,0,0,0,0,0,0,0.492377251572254,-0.268313113288658,-0.0861513728287239
10.1602763127263,0.140598700518452,0.0307175616456944,0.00185295155074383,0.187790819967114,0.0163721434186339,-0.00962963990933964,0,0,0,0,0,0,0,0,0,0.4896897395954,-0.269174166751778,-0.0860518179717027
10.1702765846876,0.14090597706623,0.0307360690845352,0.00184843736377708,0.187954064034468,0.0162757510707967,-0.00964828973637702,0,0,0,0,0,0,0,0,0,0.486993621827281,-0.270034196453629,-0.0859466076125901
10.180276856649,0.141213438467887,0.0307545314342883,0.00184393394983647,0.188116343221148,0.0161791726881332,-0.00966684592101744,0,0,0,0,0,0,0,0,0,0.484288908788601,-0.27089314565234,-0.0858357050542701
10.1902771286103,0.141521084273058,0.0307729488018249,0.00183944113616284,0.188277655671432,0.0160824092053352,-0.00968530881574275,0,0,0,0,0,0,0,0,0,0.481575611569306,-0.271750957242702,-0.0857190742911133
10.2002774005717,0.141828914032435,0.0307913212922771,0.00183495874764666,0.188437999538929,0.0159854615535374,-0.00970367877967555,0,0,0,0,0,0,0,0,0,0.478853741832236,-0.272607573762712,-0.0855966802689002
10.210277672533,0.142136927297752,0.0308096490090137,0.00183048660682106,0.188597372986538,0.0158883306602497,-0.00972195617859881,0,0,0,0,0,0,0,0,0,0.476123311816607,-0.273462937406056,-0.0854684888560983
10.2202779444943,0.142445123621771,0.0308279320536174,0.00182602453385496,0.188755774186416,0.0157910174492905,-0.00974014138497549,0,0,0,0,0,0,0,0,0,0.473384334341418,-0.274316990028084,-0.0853344667196287
10.2302782164557,0.142753502558258,0.0308461705258603,0.00182157234654614,0.188913201319941,0.0156935228407202,-0.00975823477796777,0,0,0,0,0,0,0,0,0,0.470636822808811,-0.275169673155801,-0.0851945814490816
10.240278488417,0.143062063661969,0.0308643645236809,0.00181712986031447,0.189069652577673,0.0155958477507732,-0.00977623674345654,0,0,0,0,0,0,0,0,0,0.467880791207274,-0.276020927996331,-0.0850488015988803
10.2502787603784,0.143370806488628,0.0308825141431596,0.0018126968881951,0.189225126159313,0.0154979930917926,-0.00979414767406089,0,0,0,0,0,0,0,0,0,0.465116254114838,-0.276870695447752,-0.0848970967941104
10.2602790323397,0.143679730594914,0.0309006194784954,0.00180827324083117,0.189379620273668,0.0153999597721604,-0.00981196796915762,0,0,0,0,0,0,0,0,0,0.462343226702066,-0.277718916109671,-0.0847394375351895
10.2702793043011,0.143988835538436,0.0309186806219815,0.0018038587264675,0.189533133138607,0.0153017486962308,-0.00982969803490027,0,0,0,0,0,0,0,0,0,0.459561724735025,-0.278565530290158,-0.0845757953050635
10.2802795762624,0.144298120877717,0.0309366976639817,0.00179945315094322,0.189685662981024,0.0152033607642633,-0.00984733828423917,0,0,0,0,0,0,0,0,0,0.45677176457815,-0.279410478018466,-0.0844061428270382
10.2902798482238,0.144607586172174,0.0309546706929057,0.00179505631768529,0.189837208036796,0.0151047968723531,-0.00986488913694035,0,0,0,0,0,0,0,0,0,0.453973363196957,-0.280253699057115,-0.0842304538041344
10.3002801201851,0.144917230982097,0.0309725997951859,0.00179066802770123,0.189987766550738,0.0150060579123631,-0.00988235101960531,0,0,0,0,0,0,0,0,0,0.451166538160662,-0.281095132909404,-0.0840487029505944
10.3102803921464,0.145227054868633,0.0309904850552519,0.0017862880795726,0.190137336776562,0.0149071447718567,-0.00989972436569033,0,0,0,0,0,0,0,0,0,0.448351307644748,-0.281934718832124,-0.0838608662196055
10.3202806641078,0.14553705739376,0.0310083265555076,0.00178191626944785,0.190285916976836,0.0148080583340275,-0.00991700961552598,0,0,0,0,0,0,0,0,0,0.445527690433329,-0.282772395847624,-0.0836669206853305
10.3302809360691,0.145847238120273,0.0310261243763057,0.00177755239103562,0.190433505422938,0.0147087994776318,-0.00993420721633641,0,0,0,0,0,0,0,0,0,0.442695705921474,-0.283608102754167,-0.0834668445834519
10.3402812080305,0.146157596611758,0.0310438785959236,0.00177319623559775,0.190580100395009,0.0146093690769184,-0.00995131762225883,0,0,0,0,0,0,0,0,0,0.439855374117364,-0.284441778138803,-0.0832606173799846
10.3502814799918,0.146468132432575,0.0310615892905395,0.00176884759194246,0.190725700181913,0.0145097680015605,-0.00996834129436317,0,0,0,0,0,0,0,0,0,0.437006715644361,-0.285273360389106,-0.0830482197239596
10.3602817519532,0.146778845147832,0.0310792565342068,0.00176450624641738,0.190870303081186,0.0144099971165853,-0.00998527870067125,0,0,0,0,0,0,0,0,0,0.434149751742928,-0.286102787705094,-0.0828296335628836
10.3702820239145,0.147089734323371,0.0310968803988304,0.0017601719829029,0.19101390739899,0.0143100572823055,-0.0100021303161762,0,0,0,0,0,0,0,0,0,0.431284504272461,-0.28692999811328,-0.0826048421144325
10.3802822958759,0.14740079952574,0.0311144609541413,0.00175584458280495,0.191156511450069,0.0142099493542475,-0.0100188966228622,0,0,0,0,0,0,0,0,0,0.428410995712926,-0.28775492947803,-0.0823738298318848
10.3902825678372,0.147712040322172,0.0311319982676722,0.00175152382504841,0.191298113557698,0.0141096741830841,-0.0100355781097236,0,0,0,0,0,0,0,0,0,0.425529249166465,-0.288577519514913,-0.0821365825528936
10.4002828397985,0.148023456280568,0.0311494924047326,0.00174720948607007,0.19143871205363,0.014009232614562,-0.0100521752727848,0,0,0,0,0,0,0,0,0,0.422639288358767,-0.289397705805039,-0.0818930874789533
10.4102831117599,0.148335046969468,0.0311669434283837,0.00174290133981179,0.191578305278058,0.0139086254894329,-0.0100686886151188,0,0,0,0,0,0,0,0,0,0.419741137640386,-0.290215425808001,-0.0816433331449944
10.4202833837212,0.148646811958031,0.0311843513994139,0.00173859915771371,0.191716891579552,0.0138078536433818,-0.0100851186468678,0,0,0,0,0,0,0,0,0,0.416834821987852,-0.2910306168756,-0.081387309502384
10.4302836556826,0.148958750816015,0.0312017163763127,0.00173430270870723,0.191854469315015,0.013706917906957,-0.0101014658852617,0,0,0,0,0,0,0,0,0,0.413920367004718,-0.291843216266453,-0.0811250079069746
10.4402839276439,0.149270863113749,0.031219038415247,0.00173001175920818,0.191991036849631,0.0136058191054984,-0.0101177308546379,0,0,0,0,0,0,0,0,0,0.410997798922376,-0.292653161159472,-0.0808564211375782
10.4502841996053,0.149583148422112,0.0312363175700349,0.00172572607310995,0.192126592556808,0.0135045580590676,-0.0101339140864608,0,0,0,0,0,0,0,0,0,0.408067144600834,-0.293460388668846,-0.0805815434937875
10.4602844715666,0.149895606312512,0.0312535538921208,0.00172144541177667,0.192261134818132,0.0134031355823747,-0.0101500161193416,0,0,0,0,0,0,0,0,0,0.405128431529235,-0.294264835859478,-0.080300370715626
10.470284743528,0.150208236356856,0.0312707474305497,0.00171716953403624,0.192394662023308,0.0133015524847086,-0.0101660374990564,0,0,0,0,0,0,0,0,0,0.402181687826324,-0.295066439760352,-0.0800129000536402
10.4802850154893,0.150521038127531,0.0312878982319425,0.00171289819617344,0.192527172570105,0.0131998095698638,-0.0101819787785673,0,0,0,0,0,0,0,0,0,0.399226942240697,-0.295865137381382,-0.0797191303131598
10.4902852874507,0.150834011197379,0.0313050063404701,0.0017086311519231,0.192658664864304,0.0130979076360694,-0.0101978405180408,0,0,0,0,0,0,0,0,0,0.396264224150935,-0.296660865727659,-0.0794190618481838
10.500285559412,0.15114715513967,0.0313220717978275,0.00170436815246327,0.192789137319641,0.0129958474759164,-0.0102136232848676,0,0,0,0,0,0,0,0,0,0.393293563565568,-0.297453561816176,-0.0791126966062152
10.5102858313733,0.151460469528078,0.0313390946432092,0.00170010894640825,0.192918588357747,0.0128936298762854,-0.0102293276536819,0,0,0,0,0,0,0,0,0,0.39031499112287,-0.298243162690974,-0.0788000380226541
10.5202861033347,0.151773953936657,0.0313560749132824,0.0016958532798017,0.193047016408096,0.0127912556182741,-0.0102449542063808,0,0,0,0,0,0,0,0,0,0.387328538090525,-0.299029605437757,-0.0784810911914788
10.530286375296,0.152087607939816,0.0313730126421619,0.00169160089610988,0.193174419907943,0.0126887254771254,-0.0102605035321441,0,0,0,0,0,0,0,0,0,0.384334236365127,-0.29981282720245,-0.0781558629666978
10.5402866472574,0.152401431112292,0.0313899078613845,0.00168735153621466,0.193300797302265,0.0125860402221532,-0.0102759762274533,0,0,0,0,0,0,0,0,0,0.381332118471477,-0.300592765207839,-0.0778243617172722
10.5502869192187,0.152715423029121,0.0314067605998825,0.00168310493840663,0.193426147043703,0.0124832006166696,-0.0102913728961112,0,0,0,0,0,0,0,0,0,0.378322217561745,-0.301369356767232,-0.0774865974841579
10.5602871911801,0.153029583265621,0.031423570883958,0.00167886083837832,0.193550467592503,0.0123802074179125,-0.0103066941492616,0,0,0,0,0,0,0,0,0,0.375304567414501,-0.30214253930424,-0.0771425820446621
10.5702874631414,0.153343911397354,0.0314403387372572,0.00167461896921726,0.19367375741645,0.0122770613769705,-0.0103219406054081,0,0,0,0,0,0,0,0,0,0.372279202433478,-0.302912250367726,-0.0767923287952806
10.5802877351028,0.15365840700011,0.0314570641807439,0.00167037906139902,0.193796014990811,0.0121737632387112,-0.010337112890434,0,0,0,0,0,0,0,0,0,0.3692461576463,-0.303678427649236,-0.0764358530220515
10.5902880070641,0.153973069649871,0.0314737472326735,0.0016661408427805,0.193917238798269,0.0120703137417056,-0.0103522116376222,0,0,0,0,0,0,0,0,0,0.366205468702907,-0.304441009003361,-0.0760731716049892
10.6002882790254,0.154287898922792,0.0314903879085666,0.00166190403859299,0.194037427328861,0.0119667136181538,-0.0103672374876734,0,0,0,0,0,0,0,0,0,0.363157171873861,-0.30519993245926,-0.0757043030811251
10.6102885509868,0.154602894395165,0.0315069862211831,0.00165766837143518,0.194156579079917,0.0118629635938135,-0.0103821910887266,0,0,0,0,0,0,0,0,0,0.360101304048553,-0.305955136242272,-0.0753292680350966
10.6202888229481,0.154918055643399,0.0315235421804957,0.00165343356126635,0.194274692555988,0.0117590643879221,-0.0103970730963782,0,0,0,0,0,0,0,0,0,0.357037902733075,-0.30670655879326,-0.0749480886680766
10.6302890949095,0.155233382243987,0.0315400557936632,0.00164919932539961,0.194391766268788,0.0116550167131237,-0.0104118841737014,0,0,0,0,0,0,0,0,0,0.353967006048032,-0.307454138781599,-0.0745607888917202
10.6402893668708,0.155548873773481,0.0315565270650041,0.00164496537849487,0.194507798737123,0.0115508212753944,-0.0104266249912654,0,0,0,0,0,0,0,0,0,0.350888652726161,-0.308197815126399,-0.0741673945955688
10.6502896388322,0.15586452980846,0.0315729559959705,0.00164073143255192,0.194622788486825,0.0114464787739666,-0.0104412962271555,0,0,0,0,0,0,0,0,0,0.347802882109719,-0.30893752701484,-0.0737679333693854
10.6602899107935,0.156180349925505,0.0315893425851208,0.00163649719690375,0.194736734050685,0.0113419899012538,-0.0104558985669918,0,0,0,0,0,0,0,0,0,0.344709734147733,-0.309673213917839,-0.0733624346273542
10.6702901827549,0.156496333701165,0.0316056868280934,0.00163226237820949,0.194849633968384,0.0112373553427762,-0.0104704327039493,0,0,0,0,0,0,0,0,0,0.341609249393075,-0.310404815610879,-0.0729509297694477
10.6802904547162,0.156812480711935,0.0316219887175795,0.00162802668044762,0.194961486786423,0.0111325757770832,-0.0104848993387768,0,0,0,0,0,0,0,0,0,0.338501468999294,-0.311132272192894,-0.0725334519079276
10.6902907266775,0.157128790534218,0.0316382482432973,0.00162378980490906,0.195072291058054,0.0110276518756789,-0.0104992991798166,0,0,0,0,0,0,0,0,0,0.335386434717315,-0.311855524101628,-0.0721100359739317
10.7002909986389,0.157445262744302,0.0316544653919635,0.00161955145019027,0.195182045343211,0.0109225843029461,-0.0105136329430238,0,0,0,0,0,0,0,0,0,0.332264188891966,-0.312574512134658,-0.0716807188852184
10.7102912706002,0.157761896918325,0.0316706401472677,0.00161531131218644,0.195290748208429,0.0108173737160692,-0.010527901351986,0,0,0,0,0,0,0,0,0,0.329134774458252,-0.313289177468102,-0.0712455394046451
10.7202915425616,0.158078692632248,0.0316867724898448,0.00161106908408456,0.195398398226787,0.0107120207649587,-0.0105421051379423,0,0,0,0,0,0,0,0,0,0.325998234937511,-0.313999461674816,-0.070804538153618
10.7302918145229,0.158395649461822,0.0317028623972477,0.00160682445635649,0.195504993977822,0.0106065260921738,-0.0105562450398034,0,0,0,0,0,0,0,0,0,0.322854614433324,-0.314705306743369,-0.0703577575730965
10.7402920864843,0.158712766982559,0.0317189098439206,0.00160257711675219,0.19561053404746,0.0105008903328461,-0.0105703218041703,0,0,0,0,0,0,0,0,0,0.319703957627287,-0.315406655095459,-0.0699052420929061
10.7502923584456,0.1590300447697,0.0317349148011713,0.00159832675029278,0.195715017027943,0.010395114114603,-0.0105843361853543,0,0,0,0,0,0,0,0,0,0.316546309774579,-0.316103449608275,-0.0694470380960541
10.760292630407,0.159347482398182,0.031750877237144,0.00159407303926358,0.195818441517749,0.0102891980574888,-0.0105982889453961,0,0,0,0,0,0,0,0,0,0.313381716699283,-0.3167956336312,-0.0689831936424495
10.7702929023683,0.159665079442608,0.0317667971167923,0.0015898156632075,0.195920806121521,0.0101831427738893,-0.0106121808540853,0,0,0,0,0,0,0,0,0,0.310210224789622,-0.317483151002648,-0.0685137588367907
10.7802931743296,0.159982835477214,0.0317826744018509,0.00158555429891784,0.196022109449985,0.0100769488684536,-0.0106260126889802,0,0,0,0,0,0,0,0,0,0.307031880992941,-0.318165946074123,-0.0680387857395999
10.790293446291,0.160300750075839,0.031798509050809,0.00158128862043149,0.196122350119876,0.00997061693801486,-0.0106397852354266,0,0,0,0,0,0,0,0,0,0.303846732810462,-0.318843963725279,-0.0675583281673941
10.8002937182523,0.160618822811888,0.0318143010188818,0.00157701829902231,0.196221526753858,0.00986414757151497,-0.0106534992865777,0,0,0,0,0,0,0,0,0,0.300654828291969,-0.319517149383979,-0.0670724419173632
10.8102939902137,0.160937053258303,0.0318300502579839,0.00157274300319387,0.196319637980445,0.00975754134992377,-0.0106671556434132,0,0,0,0,0,0,0,0,0,0.297456216030155,-0.320185449045849,-0.0665811846390066
10.820294262175,0.161255440987529,0.0318457567167004,0.00156846239867277,0.196416682433919,0.00965079884616283,-0.0106807551147594,0,0,0,0,0,0,0,0,0,0.294250945154921,-0.320848809291776,-0.0660846159495878
10.8302945341364,0.161573985571479,0.0318614203402602,0.00156417614840185,0.196512658754254,0.00954392062502553,-0.0106942985173081,0,0,0,0,0,0,0,0,0,0.291039065327373,-0.321507177309763,-0.0655827973196428
10.8402948060977,0.161892686581503,0.0318770410705071,0.00155988391253305,0.196607565587028,0.00943690724309829,-0.0107077866756358,0,0,0,0,0,0,0,0,0,0.287820626733678,-0.32216050091014,-0.0650757920260831
10.8502950780591,0.162211543588349,0.0318926188458727,0.00155558534842078,0.196701401583344,0.00932975924868282,-0.0107212204222235,0,0,0,0,0,0,0,0,0,0.284595680078764,-0.322808728546485,-0.0645636653159379
10.8602953500204,0.162530556162136,0.0319081536013478,0.00155128011061494,0.196794165399749,0.00922247718171556,-0.0107346005974765,0,0,0,0,0,0,0,0,0,0.281364276579756,-0.323451809334102,-0.0640464843210717
10.8702956219818,0.162849723872313,0.0319236452684546,0.00154696785085391,0.196885855698145,0.00911506157368961,-0.0107479280497431,0,0,0,0,0,0,0,0,0,0.278126467959304,-0.324089693069242,-0.0635243180351786
10.8802958939431,0.163169046287629,0.0319390937752187,0.00154264821805795,0.196976471145707,0.00900751294757362,-0.0107612036353344,0,0,0,0,0,0,0,0,0,0.274882306438634,-0.324722330247123,-0.0629972371773585
10.8902961659044,0.163488522976092,0.0319544990461403,0.00153832085832214,0.197066010414797,0.00889983181773338,-0.0107744282185438,0,0,0,0,0,0,0,0,0,0.271631844730518,-0.325349672078416,-0.0624653143455716
10.9002964378658,0.163808153504942,0.0319698610021667,0.00153398541490943,0.197154472182877,0.00879201868985212,-0.0107876026716665,0,0,0,0,0,0,0,0,0,0.268375136031997,-0.325971670510336,-0.0619286241811684
10.9102967098271,0.164127937440606,0.0319851795606633,0.00152964152824396,0.197241855132425,0.0086840740608496,-0.0108007278750184,0,0,0,0,0,0,0,0,0,0.265112234016923,-0.326588278246423,-0.0613872430048241
10.9202969817885,0.164447874348671,0.0320004546353855,0.00152528883590407,0.197328157950838,0.00857599841880093,-0.0108138047169565,0,0,0,0,0,0,0,0,0,0.261843192828294,-0.327199448760347,-0.0608412488093503
10.9302972537498,0.164767963793838,0.0320156861364502,0.00152092697261532,0.197413379330357,0.00846779224285848,-0.0108268340938972,0,0,0,0,0,0,0,0,0,0.258568067070512,-0.327805136315546,-0.0602907215526887
10.9402975257112,0.165088205339897,0.0320308739703071,0.00151655557024387,0.197497517967964,0.008359456003169,-0.0108398169103366,0,0,0,0,0,0,0,0,0,0.255286911801332,-0.328405295984892,-0.0597357429478767
10.9502977976725,0.165408598549679,0.0320460180397099,0.00151217425778939,0.197580572565298,0.008250990160794,-0.0108527540788696,0,0,0,0,0,0,0,0,0,0.251999782523723,-0.328999883666129,-0.0591763964372268
10.9602980696339,0.165729142985026,0.0320611182436883,0.00150778266137819,0.197662541828567,0.00814239516762805,-0.0108656465202095,0,0,0,0,0,0,0,0,0,0.248706735177508,-0.329588856101021,-0.0586127672208003
10.9702983415952,0.166049838206751,0.0320761744775184,0.00150338040425644,0.197743424468447,0.00803367146631752,-0.0108784951632073,0,0,0,0,0,0,0,0,0,0.245407826130845,-0.330172170891359,-0.0580449422293964
10.9802986135565,0.166370683774603,0.0320911866326943,0.00149896710678328,0.197823219199996,0.00792481949017955,-0.0108913009448709,0,0,0,0,0,0,0,0,0,0.242103112171545,-0.33074978651757,-0.0574730100680797
10.9902988855179,0.166691679247223,0.0321061545968993,0.00149454238642373,0.197901924742559,0.00781583966311948,-0.010904064810385,0,0,0,0,0,0,0,0,0,0.23879265049818,-0.331321662353595,-0.0568970609991826
11.0002991574792,0.167012824182113,0.0321210782539765,0.00149010585774227,0.197979539819672,0.00770673239955062,-0.0109167877131305,0,0,0,0,0,0,0,0,0,0.235476498711104,-0.331887758685156,-0.0563171871106887
11.0102994294406,0.167334118135592,0.0321359574839002,0.00148565713239537,0.198056063158967,0.0075974981043104,-0.0109294706147034,0,0,0,0,0,0,0,0,0,0.232154714803195,-0.332448036728005,-0.055733482022198
11.0202997014019,0.16765556066276,0.0321507921627464,0.0014811958191251,0.198131493492078,0.00748813717257859,-0.0109421144849351,0,0,0,0,0,0,0,0,0,0.228827357150513,-0.333002458640306,-0.055146040823589
11.0302999733633,0.167977151317459,0.0321655821626641,0.00147672152375195,0.198205829554539,0.00737864998979571,-0.0109547203019109,0,0,0,0,0,0,0,0,0,0.225494484502796,-0.333550987539659,-0.0545549604132497
11.0403002453246,0.16829888965223,0.0321803273518455,0.0014722338491682,0.198279070085693,0.00726903693158008,-0.01096728905199,0,0,0,0,0,0,0,0,0,0.22215615597377,-0.334093587522252,-0.0539603392605909
11.050300517286,0.16862077521828,0.0321950275944972,0.0014677323953307,0.198351213828589,0.00715929836364372,-0.0109798217298251,0,0,0,0,0,0,0,0,0,0.218812431031268,-0.334630223675124,-0.0533622772202388
11.0603007892473,0.168942807565435,0.0322096827508101,0.00146321675925439,0.198422259529881,0.00704943464171116,-0.0109923193383815,0,0,0,0,0,0,0,0,0,0.215463369487296,-0.33516086209161,-0.0527608757268516
11.0703010612086,0.169264986242103,0.0322242926769308,0.00145868653500511,0.198492205939733,0.00693944611143476,-0.0110047828889563,0,0,0,0,0,0,0,0,0,0.212109031487838,-0.335685469887499,-0.0521562377228958
11.08030133317,0.169587310795233,0.0322388572249316,0.00145414131369281,0.198561051811712,0.00682933310831251,-0.0110172134011982,0,0,0,0,0,0,0,0,0,0.208749477502602,-0.336204015215029,-0.051548467568446
11.0903016051313,0.169909780770277,0.032253376242781,0.0014495806834649,0.198628795902693,0.00671909595760318,-0.0110296119031273,0,0,0,0,0,0,0,0,0,0.205384768314545,-0.336716467277249,-0.0509376710990508
11.1003018770927,0.170232395711141,0.0322678495743139,0.0014450042294988,0.198695436972748,0.00660873497424388,-0.0110419794311538,0,0,0,0,0,0,0,0,0,0.202014965009331,-0.337222796343165,-0.0503239554694149
11.110302149054,0.170555155160152,0.0322822770592019,0.00144041153399574,0.198760973785048,0.00649825046276411,-0.0110543170300977,0,0,0,0,0,0,0,0,0,0.198640128964552,-0.337722973758978,-0.0497074292082066
11.1203024210154,0.170878058658014,0.032296658532924,0.00143580217617341,0.198825405105758,0.00638764271720453,-0.0110666257532086,0,0,0,0,0,0,0,0,0,0.195260321838963,-0.338216971964328,-0.0490882022820296
11.1303026929767,0.17120110574376,0.0323109938267359,0.00143117573225927,0.198888729703931,0.00627691202102871,-0.0110789066621845,0,0,0,0,0,0,0,0,0,0.19187560556138,-0.338704764504806,-0.0484663857503035
11.1403029649381,0.171524295954717,0.0323252827676406,0.00142653177548363,0.198950946351398,0.00616605864704197,-0.0110911608271919,0,0,0,0,0,0,0,0,0,0.188486042319661,-0.339186326041301,-0.0478420919570517
11.1503032368994,0.171847628826463,0.0323395251783585,0.0014218698760728,0.199012053822668,0.00605508285730494,-0.0111033893268847,0,0,0,0,0,0,0,0,0,0.185091694549415,-0.339661632366346,-0.047215434635521
11.1603035088608,0.172171103892777,0.0323537208772967,0.00141718960124213,0.199072050894816,0.00594398490304923,-0.0111155932484238,0,0,0,0,0,0,0,0,0,0.181692624922665,-0.340130660415557,-0.0465865285950485
11.1703037808221,0.172494720685602,0.0323678696785195,0.00141249051518918,0.199130936347374,0.00583276502459114,-0.0111277736874967,0,0,0,0,0,0,0,0,0,0.178288896336321,-0.340593388277717,-0.0459554897292551
11.1803040527834,0.172818478735002,0.0323819713917179,0.00140777217908692,0.199188708962222,0.00572142345124785,-0.0111399317483371,0,0,0,0,0,0,0,0,0,0.174880571900639,-0.341049795206376,-0.0453224350881037
11.1903043247448,0.173142377569113,0.0323960258221793,0.00140303415107673,0.199245367523478,0.00560996040125048,-0.0111520685437436,0,0,0,0,0,0,0,0,0,0.171467714927472,-0.34149986163138,-0.0446874827816919
11.2003045967061,0.173466416714102,0.0324100327707574,0.00139827598626148,0.19930091081739,0.00549837608165943,-0.0111641851950999,0,0,0,0,0,0,0,0,0,0.168050388918488,-0.341943569168546,-0.0440507519149217
11.2103048686675,0.173790595694124,0.0324239920338413,0.00139349723669892,0.199355337632215,0.00538667068827761,-0.0111762828323937,0,0,0,0,0,0,0,0,0,0.164628657553235,-0.342380900629882,-0.0434123626247638
11.2203051406288,0.174114914031275,0.0324379034033254,0.00138869745139441,0.199408646758114,0.00527484440556514,-0.0111883625942368,0,0,0,0,0,0,0,0,0,0.16120258467715,-0.34281184003401,-0.0427724359428754
11.2303054125902,0.174439371245544,0.0324517666665789,0.00138387617629438,0.199460836987036,0.00516289740655172,-0.0112004256278836,0,0,0,0,0,0,0,0,0,0.157772234289417,-0.343236372613638,-0.0421310938204115
11.2403056845515,0.174763966854777,0.0324655816064148,0.00137903295427935,0.199511907112603,0.00505082985275197,-0.0112124730892515,0,0,0,0,0,0,0,0,0,0.154337670530826,-0.343654484826476,-0.0414884590467725
11.2503059565129,0.175088700374618,0.0324793480010597,0.00137416732515679,0.199561855929992,0.00493864189407611,-0.0112245061429396,0,0,0,0,0,0,0,0,0,0.150898957671416,-0.344066164361087,-0.0408446551926405
11.2603062284742,0.175413571318476,0.0324930656241225,0.00136927882565471,0.199610682235825,0.00482633366874639,-0.0112365259622488,0,0,0,0,0,0,0,0,0,0.147456160098211,-0.344471400146663,-0.040199806625158
11.2703065004355,0.17573857919747,0.0325067342445639,0.00136436698941447,0.199658384828043,0.00471390530320614,-0.0112485337292004,0,0,0,0,0,0,0,0,0,0.144009342302672,-0.344870182359177,-0.0395540383787549
11.2803067723969,0.176063723520386,0.0325203536266651,0.00135943134698383,0.199704962505795,0.00460135691203663,-0.0112605306345566,0,0,0,0,0,0,0,0,0,0.14055856886831,-0.345262502428577,-0.0389074762753065
11.2903070443582,0.176389003793628,0.032533923529998,0.00135447142581031,0.199750414069314,0.00448868859786571,-0.0112725178778386,0,0,0,0,0,0,0,0,0,0.137103904457992,-0.345648353047343,-0.0382602466973941
11.3003073163196,0.176714419521175,0.0325474437093926,0.00134948675023436,0.1997947383198,0.00437590045128274,-0.0112844966673475,0,0,0,0,0,0,0,0,0,0.133645413801382,-0.346027728173142,-0.0376124765339744
11.3103075882809,0.177039970204526,0.0325609139149067,0.00134447684148197,0.199837934059301,0.00426299255074896,-0.0112964682201826,0,0,0,0,0,0,0,0,0,0.130183161682196,-0.346400623036302,-0.036964293246356
11.3203078602423,0.17736565534266,0.0325743338917947,0.00133944121765848,0.199880000090585,0.00414996496251103,-0.0113084337622614,0,0,0,0,0,0,0,0,0,0.126717212925497,-0.346767034143787,-0.0363158248134635
11.3303081322036,0.177691474431983,0.0325877033804766,0.00133437939374116,0.199920935217023,0.00403681774051158,-0.0113203945283391,0,0,0,0,0,0,0,0,0,0.123247632384863,-0.347126959285572,-0.0356671997088679
11.340308404165,0.178017426966281,0.0326010221165058,0.00132929088157262,0.199960738242462,0.0039235509263011,-0.0113323517620274,0,0,0,0,0,0,0,0,0,0.119774484929556,-0.347480397538163,-0.0350185466392421
11.3503086761263,0.178343512436671,0.0326142898305389,0.00132417518985387,0.199999407971104,0.00381016454894863,-0.0113443067158147,0,0,0,0,0,0,0,0,0,0.116297835431627,-0.347827349265739,-0.0343699946283438
11.3603089480876,0.178669730331553,0.0326275062483032,0.00131903182413736,0.200036943207378,0.00369665862495477,-0.0113562606510854,0,0,0,0,0,0,0,0,0,0.112817748753054,-0.34816781612535,-0.0337216731471218
11.370309220049,0.178996080136556,0.0326406710905655,0.00131386028682014,0.200073342755814,0.0035830331581606,-0.0113682148381387,0,0,0,0,0,0,0,0,0,0.109334289732745,-0.348501801070664,-0.0330737119147226
11.3803094920103,0.179322561334496,0.0326537840731012,0.00130866007713703,0.200108605420919,0.00346928813965967,-0.0113801705562088,0,0,0,0,0,0,0,0,0,0.105847523173604,-0.348829308353187,-0.0324262407204595
11.3903097639717,0.179649173405318,0.0326668449066616,0.00130343069115382,0.200142730007045,0.00335542354770696,-0.0113921290934839,0,0,0,0,0,0,0,0,0,0.102357513829506,-0.349150343522442,-0.0317793893605958
11.400310035933,0.179975915826052,0.0326798532969427,0.00129817162176,0.200175715318261,0.0032414393476315,-0.0114040917471258,0,0,0,0,0,0,0,0,0,0.0988643263923613,-0.34946491342593,-0.0311332879835978
11.4103103078944,0.180302788070757,0.0326928089445536,0.0012928823586624,0.200207560158228,0.00312733549174572,-0.0114160598232895,0,0,0,0,0,0,0,0,0,0.0953680254790914,-0.349773026216215,-0.030488066754604
11.4203105798557,0.180629789610475,0.0327057115449843,0.00128756238837802,0.20023826333006,0.00301311191925331,-0.0114280346371424,0,0,0,0,0,0,0,0,0,0.0918686756185518,-0.350074691344173,-0.0298438555672582
11.4303108518171,0.180956919913175,0.0327185607885736,0.00128221119422711,0.200267823636202,0.00289876855616273,-0.0114400175128833,0,0,0,0,0,0,0,0,0,0.0883663412386402,-0.350369919560311,-0.0292007844576224
11.4403111237784,0.181284178443705,0.0327313563604775,0.0012768282563265,0.200296239878287,0.00278430531519356,-0.0114520097837631,0,0,0,0,0,0,0,0,0,0.0848610866531966,-0.350658722916295,-0.0285589833037589
11.4503113957397,0.181611564663735,0.0327440979406372,0.00127141305158246,0.200323510857014,0.00266972209568798,-0.0114640127921028,0,0,0,0,0,0,0,0,0,0.0813529760490787,-0.350941114760265,-0.0279185818365655
11.4603116677011,0.181939078031714,0.0327567852037465,0.00126596505368404,0.200349635372005,0.00255501878351883,-0.0114760278893142,0,0,0,0,0,0,0,0,0,0.0778420734731563,-0.351217109738576,-0.027279709527238
11.4703119396624,0.182266718002806,0.0327694178192198,0.00126048373309613,0.200374612221673,0.00244019525099829,-0.0114880564359181,0,0,0,0,0,0,0,0,0,0.0743284428193522,-0.351486723788863,-0.0266424954295789
11.4803122116238,0.182594484028845,0.0327819954511598,0.00125496855705256,0.200398440203088,0.00232525135678844,-0.011500099801565,0,0,0,0,0,0,0,0,0,0.0708121478157749,-0.351749974138625,-0.0260070685700907
11.4903124835851,0.18292237555828,0.0327945177583258,0.00124941898954907,0.200421118111834,0.00221018694580864,-0.0115121593650537,0,0,0,0,0,0,0,0,0,0.0672932520117877,-0.352006879306099,-0.025373557457088
11.5003127555465,0.183250392036118,0.0328069843940998,0.00124383449133684,0.20044264474188,0.00209500184914271,-0.0115242365143505,0,0,0,0,0,0,0,0,0,0.0637718187651243,-0.352257459089021,-0.0247420900707168
11.5103130275078,0.183578532903876,0.0328193950064553,0.00123821451991507,0.200463018885431,0.00197969588395067,-0.0115363326466099,0,0,0,0,0,0,0,0,0,0.0602479112291827,-0.352501734565298,-0.0241127940956944
11.5203132994692,0.18390679759952,0.0328317492379248,0.00123255852952462,0.200482239332799,0.00186426885337229,-0.0115484491681925,0,0,0,0,0,0,0,0,0,0.0567215923401275,-0.35273972808643,-0.0234857965396786
11.5303135714305,0.184235185557417,0.0328440467255662,0.0012268659711407,0.200500304872253,0.00174872054643918,-0.0115605874946858,0,0,0,0,0,0,0,0,0,0.0531929248043125,-0.352971463270549,-0.0228612239113056
11.5403138433919,0.184563696208275,0.0328562871009307,0.00122113629246631,0.200517214289882,0.0016330507379792,-0.0115727490509225,0,0,0,0,0,0,0,0,0,0.0496619710855289,-0.353196964999395,-0.0222392021268152
11.5503141153532,0.18489232897909,0.0328684699900299,0.0012153689379251,0.200532966369453,0.00151725918852598,-0.0115849352710008,0,0,0,0,0,0,0,0,0,0.0461287933924814,-0.353416259409492,-0.0216198563144481
11.5603143873145,0.185221083293091,0.0328805950133037,0.00120956334865479,0.200547559892265,0.00140134564422457,-0.0115971475983034,0,0,0,0,0,0,0,0,0,0.0425934536662167,-0.353629373885214,-0.0210033109598465
11.5703146592759,0.185549958569683,0.0328926617855859,0.00120371896250004,0.200560993637008,0.00128530983674042,-0.0116093874855169,0,0,0,0,0,0,0,0,0,0.039056013567737,-0.353836337052866,-0.0203896897649115
11.5803149312372,0.185878954224391,0.0329046699160727,0.00119783521400551,0.200573266379613,0.00116915148316366,-0.0116216563946515,0,0,0,0,0,0,0,0,0,0.0355165344655472,-0.354037178770927,-0.0197791155549777
11.5903152031986,0.186208069668802,0.0329166190082888,0.00119191153440943,0.200584376893111,0.00105287028591886,-0.0116339557970603,0,0,0,0,0,0,0,0,0,0.031975077423464,-0.354231930122275,-0.0191717104087779
11.6003154751599,0.186537304310513,0.0329285086600547,0.00118594735163606,0.200594323947482,0.000936465932668359,-0.0116462871734585,0,0,0,0,0,0,0,0,0,0.0284317031883175,-0.354420623407031,-0.0185675952942774
11.6103157471213,0.186866657553067,0.0329403384634532,0.00117994209028942,0.200603106309509,0.000819938096220562,-0.0116586520139435,0,0,0,0,0,0,0,0,0,0.0248864721779046,-0.354603292127497,-0.0179668902498939
11.6203160190826,0.187196128795901,0.0329521080047966,0.00117389517164607,0.200610722742629,0.00070328643443651,-0.0116710518180136,0,0,0,0,0,0,0,0,0,0.0213394444689912,-0.354779970984628,-0.0173697146066578
11.630316291044,0.187525717434286,0.0329638168645931,0.00116780601364827,0.20061717200678,0.000586510590133585,-0.0116834880945879,0,0,0,0,0,0,0,0,0,0.017790679785336,-0.354950695867412,-0.0167761862622517
11.6403165630053,0.187855422859266,0.0329754646175132,0.00116167403089716,0.200622452858255,0.000469610190991864,-0.0116959623620255,0,0,0,0,0,0,0,0,0,0.0142402374859058,-0.355115503834822,-0.0161864220078764
11.6503168349666,0.188185244457608,0.0329870508323567,0.00115549863464595,0.200626564049547,0.000352584849462185,-0.0117084761481451,0,0,0,0,0,0,0,0,0,0.0106881765532596,-0.355274433111732,-0.0156005377914023
11.660317106928,0.18851518161173,0.0329985750720192,0.00114927923279275,0.200629504329197,0.000235434162667355,-0.0117210309902446,0,0,0,0,0,0,0,0,0,0.00713455558184597,-0.355427523076136,-0.0150186481317429
11.6703173788893,0.188845233699656,0.0330100368934578,0.00114301522987413,0.200631272441637,0.000118157712310507,-0.0117336284351196,0,0,0,0,0,0,0,0,0,0.0035794327666426,-0.35557481424335,-0.0144408663338852
11.6803176508507,0.189175400094945,0.0330214358476585,0.00113670602705782,0.200631867127044,7.55064578302758e-07,-0.0117462700390842,0,0,0,0,0,0,0,0,0,2.2865891769655e-05,-0.355716348257529,-0.013867304430155
11.690317922812,0.189505680166638,0.0330327714796017,0.00113035102213611,0.200631287121174,-0.000116774229953832,-0.01175895736799,0,0,0,0,0,0,0,0,0,-0.00353508768070085,-0.355852167874695,-0.0132980731535973
11.7003181947734,0.189836073279195,0.0330440433282286,0.00112394960951888,0.200629531155212,-0.00023443063641631,-0.0117716919972444,0,0,0,0,0,0,0,0,0,-0.00709437102179249,-0.355982316953725,-0.0127332819339794
11.7103184667347,0.190166578792434,0.0330552509264075,0.00111750118022658,0.200626597955614,-0.000352214635743478,-0.0117844755118319,0,0,0,0,0,0,0,0,0,-0.0106549276466346,-0.356106840439296,-0.0121730386214335
11.7203187386961,0.190497196061473,0.0330663938008999,0.00111100512188366,0.200622486243944,-0.000470126724766531,-0.0117973095063319,0,0,0,0,0,0,0,0,0,-0.0142167015251688,-0.356225784347345,-0.0116174496947457
11.7303190106574,0.190827924436665,0.0330774714723261,0.00110446081871136,0.200617194736721,-0.000588167416311823,-0.0118101955849393,0,0,0,0,0,0,0,0,0,-0.0177796370928682,-0.356339195752185,-0.0110666202215026
11.7403192826187,0.19115876326354,0.0330884834551314,0.00109786765152113,0.200610722145252,-0.000706337239295378,-0.0118231353614834,0,0,0,0,0,0,0,0,0,-0.0213436792611863,-0.356447122771161,-0.0105206536881207
11.7503195545801,0.191489711882738,0.033099429257552,0.00109122499770743,0.200603067175477,-0.000824636738821427,-0.0118361304594472,0,0,0,0,0,0,0,0,0,-0.0249087734279692,-0.35654961454837,-0.0099796519620919
11.7603198265414,0.191820769629954,0.0331103083815812,0.00108453223124124,0.200594228527801,-0.00094306647627678,-0.0118491825119871,0,0,0,0,0,0,0,0,0,-0.028474865487579,-0.356646721238562,-0.00944371530698194
11.7703200985028,0.19215193583587,0.033121120322934,0.00107778872266273,0.200584204896934,-0.00106162702942958,-0.0118622931619528,0,0,0,0,0,0,0,0,0,-0.0320419018409842,-0.35673849399116,-0.00891294239876132
11.7803203704641,0.192483209826092,0.0331318645710139,0.00107099383907479,0.200572994971726,-0.00118031899252423,-0.0118754640619054,0,0,0,0,0,0,0,0,0,-0.0356098294055633,-0.356824984934489,-0.00838743025125873
11.7903206424255,0.192814590921091,0.0331425406088779,0.00106414694413592,0.200560597435002,-0.00129914297638106,-0.0118886968741384,0,0,0,0,0,0,0,0,0,-0.0391785956248795,-0.356906247158299,-0.00786727416726533
11.8003209143868,0.193146078436132,0.033153147913202,0.00105724739805335,0.200547010963394,-0.0014180996084913,-0.0119019932706957,0,0,0,0,0,0,0,0,0,-0.0427481484781352,-0.356982334697023,-0.00735256769379122
11.8103211863482,0.193477671681221,0.0331636859542473,0.00105029455757628,0.200532234227177,-0.00153718953311751,-0.0119153549333926,0,0,0,0,0,0,0,0,0,-0.0463184364896116,-0.357053302511403,-0.00684340254939497
11.8203214583095,0.193809369961028,0.0331741541958245,0.00104328777598884,0.200516265890097,-0.00165641341138837,-0.0119287835538336,0,0,0,0,0,0,0,0,0,-0.0498894087377559,-0.357119206470293,-0.00633986863882711
11.8303217302708,0.194141172574833,0.0331845520952594,0.00103622640310353,0.200499104609205,-0.00177577192139935,-0.0119422808334332,0,0,0,0,0,0,0,0,0,-0.0534610148642568,-0.357180103332578,-0.00584205408530062
11.8403220022322,0.194473078816454,0.0331948791033592,0.00102910978525378,0.200480749034686,-0.00189526575830803,-0.0119558484834346,0,0,0,0,0,0,0,0,0,-0.0570332050827699,-0.357236050729625,-0.00535004520516513
11.8503222741935,0.194805087974185,0.0332051346643756,0.00102193726528772,0.200461197809687,-0.00201489563443574,-0.011969488224929,0,0,0,0,0,0,0,0,0,-0.0606059301876421,-0.357287107146693,-0.00486392623039799
11.8603225461549,0.19513719933073,0.0332153182159724,0.00101470818256076,0.200440449570143,-0.00213466227936363,-0.0119832017888757,0,0,0,0,0,0,0,0,0,-0.064179141562268,-0.357333331899832,-0.00438377962089793
11.8703228181162,0.195469412163136,0.0332254291891885,0.0010074218729291,0.200418502944612,-0.00225456644003176,-0.011996990916121,0,0,0,0,0,0,0,0,0,-0.0677527911873457,-0.357374785123548,-0.00390968598063578
11.8803230900776,0.195801725742726,0.0332354670084039,0.00100007766874257,0.200395356554089,-0.00237460888084048,-0.0120108573574178,0,0,0,0,0,0,0,0,0,-0.0713268316489933,-0.357411527746012,-0.00344172362686035
11.8903233620389,0.196134139335035,0.0332454310913043,0.000992674898837861,0.20037100901184,-0.00249479038374649,-0.0120248028734453,0,0,0,0,0,0,0,0,0,-0.0749012161465054,-0.357443621468116,-0.00297996893831002
11.9003236340003,0.19646665219974,0.033255320848846,0.00098521288853177,0.200345458923225,-0.00261511174836382,-0.0120388292348277,0,0,0,0,0,0,0,0,0,-0.0784758985000516,-0.357471128745651,-0.00252449644424457
11.9103239059616,0.196799263590592,0.0332651356852209,0.000977690959614122,0.200318704885513,-0.00273557379206196,-0.0120529382221547,0,0,0,0,0,0,0,0,0,-0.0820508331580763,-0.357494112770132,-0.00207537870368122
11.920324177923,0.197131972755354,0.0332748749978203,0.000970108430340904,0.200290745487717,-0.00285617735006795,-0.0120671316260002,0,0,0,0,0,0,0,0,0,-0.0856259752046135,-0.35751263744857,-0.0016326859905717
11.9303244498843,0.197464778935725,0.033284538177201,0.000962464615427482,0.200261579310404,-0.00297692327556525,-0.0120814112469417,0,0,0,0,0,0,0,0,0,-0.089201280366283,-0.357526767377999,-0.00119648633846252
11.9403247218456,0.197797681367276,0.0332941246070484,0.000954758826041902,0.200231204925516,-0.00309781243979314,-0.0120957788955802,0,0,0,0,0,0,0,0,0,-0.0927767050190944,-0.357536567826135,-0.000766845914291358
11.950324993807,0.19813067927938,0.0333036336641421,0.000946990369797396,0.200199620896199,-0.00321884573214705,-0.0121102363925588,0,0,0,0,0,0,0,0,0,-0.0963522061950573,-0.357542104713389,-0.000343828829187977
11.9603252657683,0.198463771895144,0.0333130647183193,0.000939158550746304,0.200166825776607,-0.00334002406028053,-0.0121247855685836,0,0,0,0,0,0,0,0,0,-0.0999277415886254,-0.357543444589736,7.25031674477171e-05
11.9703255377297,0.198796958431338,0.0333224171324401,0.000931262669372499,0.200132818111727,-0.00346134835020493,-0.0121394282644418,0,0,0,0,0,0,0,0,0,-0.103503269562844,-0.357540654610604,0.000482090518932702
11.980325809691,0.199130238098325,0.0333316902623514,0.000923302022584862,0.200097596437198,-0.00358281954639008,-0.0121541663310215,0,0,0,0,0,0,0,0,0,-0.107078749155312,-0.357533802517137,0.000884875675021581
11.9903260816524,0.19946361009999,0.0333408834568508,0.000915275903710544,0.200061159279115,-0.00370443861186559,-0.0121690016293314,0,0,0,0,0,0,0,0,0,-0.110654140083934,-0.3575229566158,0.00128416316911052
12.0003263536137,0.199797073633673,0.0333499960576515,0.000907183602487665,0.200023505153851,-0.00382620652832309,-0.0121839360305202,0,0,0,0,0,0,0,0,0,-0.114229402752476,-0.357508118555269,0.00182057235555102
12.0103266255751,0.200130627890102,0.0333590274147892,0.000899036237583311,0.199984632567908,-0.0039481242525812,-0.0121989379869961,0,0,0,0,0,0,0,0,0,-0.117804496911817,-0.357486544178438,0.00281014902374963
12.0203268975364,0.200464272055685,0.0333679775023904,0.000890946976568228,0.199944540024344,-0.00407019097723483,-0.0122136877380353,0,0,0,0,0,0,0,0,0,-0.121379328081088,-0.35745191404629,0.0043064767765175
12.0303271694977,0.200798005321527,0.0333768471249878,0.000882943531702781,0.199903226048325,-0.00419240354940194,-0.0122281071249628,0,0,0,0,0,0,0,0,0,-0.124953729618949,-0.357400412300518,0.00600170976476478
12.0403274414591,0.201131826887233,0.033385637136492,0.000875025049089272,0.199860689197814,-0.00431475867818153,-0.0122421987110314,0,0,0,0,0,0,0,0,0,-0.128527530725291,-0.357331876586529,0.00770043363958286
12.0503277134204,0.201465735960904,0.0333943483823026,0.000867190680499903,0.199816928063553,-0.00443725309822573,-0.0122559650434738,0,0,0,0,0,0,0,0,0,-0.132100561511595,-0.357246399439285,0.00938976726578001
12.0603279853818,0.201799731759054,0.0334029816993651,0.000859439583359203,0.199771941268813,-0.00455988356957978,-0.012269408653553,0,0,0,0,0,0,0,0,0,-0.1356726530285,-0.357144076133906,0.0110694382878505
12.0703282573431,0.202133813506524,0.0334115379162271,0.00085177092072645,0.199725727469139,-0.00468264687752254,-0.012282532056611,0,0,0,0,0,0,0,0,0,-0.13924363729304,-0.35702500465261,0.0127391777481474
12.0803285293045,0.202467980436399,0.0334200178530946,0.000844183861278084,0.199678285352099,-0.00480553983240764,-0.0122953377521194,0,0,0,0,0,0,0,0,0,-0.142813347315552,-0.356889285649815,0.0143987202709308
12.0903288012658,0.202802231789926,0.0334284223218883,0.000836677579290137,0.199629613637033,-0.00492855926950495,-0.0123078282237285,0,0,0,0,0,0,0,0,0,-0.146381617126216,-0.3567370224154,0.0160478041978746
12.1003290732272,0.203136566816427,0.0334367521262993,0.000829251254620655,0.199579711074804,-0.00505170204884257,-0.012320005939317,0,0,0,0,0,0,0,0,0,-0.149948281801221,-0.356568320837093,0.0176861717357503
12.1103293451885,0.203470984773225,0.033445008061845,0.00082190407269211,0.199528576447556,-0.00517496505504948,-0.0123318733510419,0,0,0,0,0,0,0,0,0,-0.153513177488558,-0.356383289360775,0.0193135691103302
12.1203296171498,0.203805484925553,0.0334531909159243,0.000814635224473836,0.199476208568461,-0.00529834519719838,-0.0123434328953882,0,0,0,0,0,0,0,0,0,-0.157076141433394,-0.356182038949798,0.0209297466826771
12.1303298891112,0.20414006654648,0.0334613014678735,0.000807443906464434,0.199422606281483,-0.00542183940864943,-0.0123546869932181,0,0,0,0,0,0,0,0,0,-0.160637012003047,-0.355964683042958,0.0225344591154459
12.1403301610725,0.20447472891683,0.033469340489021,0.000800329320674207,0.19936776846113,-0.00554544464689415,-0.0123656380498213,0,0,0,0,0,0,0,0,0,-0.164195628711521,-0.355731337510485,0.0241274654897592
12.1503304330339,0.204809471325097,0.0334773087427429,0.000793290674607577,0.199311694012217,-0.00566915789339989,-0.012376288454964,0,0,0,0,0,0,0,0,0,-0.167751832243602,-0.355482120609686,0.0257085294140663
12.1603307049952,0.205144293067374,0.0334852069845172,0.000786327181245503,0.199254381869626,-0.00579297615345496,-0.0123866405829392,0,0,0,0,0,0,0,0,0,-0.171305464478505,-0.355217152938752,0.0272774191649049
12.1703309769566,0.205479193447265,0.033493035961979,0.000779438059027905,0.199195830998069,-0.00591689645601409,-0.012396696792616,0,0,0,0,0,0,0,0,0,-0.174856368513047,-0.354936557389581,0.0288339077954418
12.1803312489179,0.205814171775815,0.0335007964149746,0.000772622531836092,0.199136040391849,-0.00604091585354435,-0.0124064594274893,0,0,0,0,0,0,0,0,0,-0.178404388684344,-0.354640459099426,0.0303777732365366
12.1903315208793,0.206149227371428,0.0335084890756164,0.000765879828975171,0.199075009074631,-0.00616503142187181,-0.0124159308157295,0,0,0,0,0,0,0,0,0,-0.181949370592027,-0.35432898540169,0.0319087984219157
12.2003317928406,0.20648435955979,0.0335161146683363,0.000759209185156476,0.199012736099206,-0.00628924026002849,-0.0124251132702324,0,0,0,0,0,0,0,0,0,-0.185491161119952,-0.354002265775068,0.0334267713747681
12.210332064802,0.206819567673794,0.0335236739099403,0.000752609840479996,0.198949220547258,-0.00641353949009966,-0.0124340090886683,0,0,0,0,0,0,0,0,0,-0.189029608457393,-0.353660431792616,0.0349314852869937
12.2203323367633,0.207154851053464,0.033531167509662,0.00074608104041678,0.198884461529139,-0.00653792625707218,-0.0124426205535324,0,0,0,0,0,0,0,0,0,-0.192564562119738,-0.353303617069301,0.0364227386403365
12.2303326087246,0.207490209045878,0.0335385961692162,0.000739622035791373,0.198818458183636,-0.0066623977286827,-0.0124509499321936,0,0,0,0,0,0,0,0,0,-0.196095872968633,-0.352931957208655,0.0379003352701705
12.240332880686,0.207825641005094,0.0335459605828527,0.000733232082764231,0.198751209677748,-0.00678695109526681,-0.0124589994769452,0,0,0,0,0,0,0,0,0,-0.19962339323161,-0.352545589749045,0.0393640844520117
12.2503331526473,0.208161146292076,0.0335532614374089,0.000726910442814142,0.198682715206457,-0.00691158356960847,-0.0124667714250535,0,0,0,0,0,0,0,0,0,-0.203146976521159,-0.352144654108596,0.0408138009752767
12.2603334246087,0.208496724274619,0.0335604994123638,0.000720656382720653,0.198612973992508,-0.00703629238678991,-0.0124742679988084,0,0,0,0,0,0,0,0,0,-0.20666647785325,-0.351729291529987,0.0422493051939346
12.27033369657,0.208832374327277,0.0335676751798899,0.000714469174546486,0.198541985286184,-0.00716107480404226,-0.0124814914055723,0,0,0,0,0,0,0,0,0,-0.210181753665301,-0.351299645024362,0.0436704231234303
12.2803339685314,0.20916809583129,0.0335747894049069,0.000708348095619958,0.198469748365088,-0.00728592810059648,-0.0124884438378304,0,0,0,0,0,0,0,0,0,-0.213692661833585,-0.350855859314185,0.0450769864774759
12.2903342404927,0.209503888174511,0.0335818427451337,0.000702292428517414,0.198396262533919,-0.00741084957753464,-0.0124951274732399,0,0,0,0,0,0,0,0,0,-0.217199061690048,-0.350398080776416,0.0464688327077182
12.3003345124541,0.209839750751334,0.0335888358511408,0.000696301461045633,0.19832152712426,-0.00753583655764219,-0.0125015444746799,0,0,0,0,0,0,0,0,0,-0.220700814038579,-0.349926457384578,0.0478458050820208
12.3103347844154,0.210175682962623,0.0335957693664028,0.000690374486224262,0.198245541494359,-0.00766088638526019,-0.012507696990301,0,0,0,0,0,0,0,0,0,-0.224197781170679,-0.349441138650357,0.0492077527054164
12.3203350563767,0.210511684215644,0.0336026439273503,0.000684510802268229,0.198168305028911,-0.00778599642613839,-0.0125135871535749,0,0,0,0,0,0,0,0,0,-0.227689826880551,-0.348942275565256,0.0505545305669321
12.3303353283381,0.21084775392399,0.0336094601634218,0.000678709712570169,0.198089817138852,-0.00791116406728868,-0.0125192170833444,0,0,0,0,0,0,0,0,0,-0.231176816479605,-0.348430020541262,0.0518859995720038
12.3403356002994,0.211183891507515,0.0336162186971151,0.000672970525682847,0.19801007726114,-0.00803638671683892,-0.0125245888838726,0,0,0,0,0,0,0,0,0,-0.23465861681037,-0.347904527351844,0.0532020265509949
12.3503358722608,0.211520096392263,0.0336229201440394,0.000667292555301574,0.197929084858548,-0.00816166180388755,-0.0125297046448928,0,0,0,0,0,0,0,0,0,-0.238135096259808,-0.347365951072453,0.054502484308624
12.3603361442221,0.2118563680104,0.033629565112966,0.000661675120246633,0.197846839419456,-0.00828698677835849,-0.0125345664416581,0,0,0,0,0,0,0,0,0,-0.241606124772041,-0.346814448020533,0.0557872516336549
12.3703364161835,0.212192705800148,0.0336361542058801,0.000656117544445699,0.197763340457639,-0.00841235911085648,-0.0125391763349912,0,0,0,0,0,0,0,0,0,-0.245071573860466,-0.346250175695828,0.0570562132887071
12.3803366881448,0.212529109205712,0.0336426880180312,0.000650619156916264,0.197678587512066,-0.00853777629252313,-0.012543536371334,0,0,0,0,0,0,0,0,0,-0.248531316619285,-0.34567329272059,0.0583092600419663
12.3903369601062,0.212865577677218,0.0336491671379842,0.000645179291748048,0.197592580146694,-0.00866323583489339,-0.0125476485827972,0,0,0,0,0,0,0,0,0,-0.251985227734425,-0.345083958779259,0.0595462886698122
12.4003372320675,0.213202110670645,0.0336555921476702,0.000639797288085435,0.197505317950262,-0.00878873526975231,-0.01255151498721,0,0,0,0,0,0,0,0,0,-0.255433183493865,-0.344482334558617,0.0607672019382373
12.4103375040288,0.213538707647758,0.0336619636224365,0.000634472490109884,0.197416800536091,-0.00891427214899268,-0.0125551375881697,0,0,0,0,0,0,0,0,0,-0.258875061797355,-0.343868581687834,0.0619719086098434
12.4203377759902,0.213875368076042,0.0336682821310972,0.000629204247022354,0.197327027541885,-0.00903984404447276,-0.0125585183750916,0,0,0,0,0,0,0,0,0,-0.262310742165545,-0.343242862678493,0.0631603234232364
12.4303380479515,0.214212091428639,0.0336745482359835,0.000623991913025727,0.197235998629531,-0.00916544854787488,-0.0125616593232583,0,0,0,0,0,0,0,0,0,-0.265740105748506,-0.342605340865036,0.0643323670865763
12.4403383199129,0.214548877184282,0.0336807624929932,0.000618834847307224,0.197143713484901,-0.00929108327056426,-0.0125645623938699,0,0,0,0,0,0,0,0,0,-0.269163035333664,-0.341956180344927,0.065487966254749
12.4503385918742,0.214885724827232,0.0336869254516405,0.000613732414020836,0.197050171817655,-0.00941674584344839,-0.0125672295340931,0,0,0,0,0,0,0,0,0,-0.27257941535313,-0.341295545919551,0.0666270534934346
12.4603388638356,0.21522263384721,0.033693037655106,0.000608683982269736,0.196955373361048,-0.00954243391683707,-0.0125696626771111,0,0,0,0,0,0,0,0,0,-0.275989131890447,-0.340623603035092,0.0677495672771094
12.4703391357969,0.215559603739343,0.0336990996402858,0.000603688926088706,0.196859317871738,-0.00966814516030268,-0.0125718637421733,0,0,0,0,0,0,0,0,0,-0.279392072686738,-0.339940517723482,0.068855451924048
12.4803394077583,0.215896634004092,0.0337051119378405,0.000598746624426558,0.19676200512959,-0.00979387726254118,-0.012573834634645,0,0,0,0,0,0,0,0,0,-0.282788127146277,-0.339246456544568,0.0699446575759217
12.4903396797196,0.216233724147194,0.0337110750722449,0.000593856461128551,0.196663434937487,-0.00991962793123351,-0.0125755772460571,0,0,0,0,0,0,0,0,0,-0.286177186341474,-0.338541586527477,0.0710171401747638
12.5003399516809,0.216570873679602,0.0337169895618362,0.000589017824918822,0.196563607121145,-0.0100453948929074,-0.0125770934541553,0,0,0,0,0,0,0,0,0,-0.289559143017277,-0.337826075113239,0.0720728613834868
12.5103402236423,0.216908082117421,0.0337228559188631,0.000584230109382796,0.196462521528918,-0.0101711758927999,-0.0125783851229507,0,0,0,0,0,0,0,0,0,-0.292933891595006,-0.337100090097743,0.0731117885656662
12.5203404956036,0.217245348981848,0.0337286746495342,0.000579492712949617,0.196360178031616,-0.0102969686947202,-0.0125794541027683,0,0,0,0,0,0,0,0,0,-0.296301328175619,-0.336363799574765,0.0741338947269965
12.530340767565,0.217582673799112,0.0337344462540665,0.000574805038874563,0.196256576522322,-0.010422771080913,-0.0125803022302978,0,0,0,0,0,0,0,0,0,-0.299661350542404,-0.335617371880095,0.0751391584505091
12.5403410395263,0.217920056100417,0.0337401712267332,0.000570166495221472,0.196151716916202,-0.0105485808519224,-0.0125809313286424,0,0,0,0,0,0,0,0,0,-0.303013858163125,-0.334860975535862,0.0761275638580984
12.5503413114877,0.218257495421877,0.0337458500559122,0.000565576494845162,0.196045599150327,-0.0106743958264563,-0.0125813432073689,0,0,0,0,0,0,0,0,0,-0.306358752191604,-0.334094779195424,0.0770991005325505
12.560341583449,0.218594991304462,0.0337514832241335,0.000561034455373853,0.195938223183494,-0.0108002138412513,-0.0125815396625574,0,0,0,0,0,0,0,0,0,-0.309695935468764,-0.333318951589261,0.0780537634542697
12.5703418554104,0.218932543293939,0.0337570712081271,0.000556539799191584,0.19582958899604,-0.0109260327509381,-0.0125815224768506,0,0,0,0,0,0,0,0,0,-0.31302531252313,-0.332533661471126,0.0789915529550514
12.5803421273717,0.219270150940814,0.0337626144788704,0.000552091953420643,0.195719696589669,-0.0110518504279073,-0.0125812934195039,0,0,0,0,0,0,0,0,0,-0.31634678957079,-0.331739077564862,0.0799124746277553
12.5903423993331,0.219607813800272,0.0337681135016354,0.000547690349903981,0.195608545987274,-0.0111776647621758,-0.0125808542464349,0,0,0,0,0,0,0,0,0,-0.319660274514838,-0.330935368512363,0.0808165392547021
12.6003426712944,0.219945531432125,0.033773568736036,0.000543334425187638,0.19549613723276,-0.0113034736612537,-0.0125802067002727,0,0,0,0,0,0,0,0,0,-0.322965676944293,-0.330122702821818,0.081703762745907
12.6103429432557,0.220283303400752,0.0337789806360747,0.000539023620503163,0.19538247039087,-0.0114292750500115,-0.0125793525104084,0,0,0,0,0,0,0,0,0,-0.326262908132503,-0.329301248816914,0.0825741660441753
12.6203432152171,0.220621129275044,0.0337843496501898,0.000534757381750035,0.195267545547015,-0.0115550668705483,-0.0125782933930438,0,0,0,0,0,0,0,0,0,-0.329551881035052,-0.328471174586972,0.0834277750690262
12.6303434871784,0.22095900862835,0.0337896762213015,0.000530535159478083,0.195151362807096,-0.0116808470820598,-0.0125770310512419,0,0,0,0,0,0,0,0,0,-0.332832510287167,-0.327632647937274,0.0842646206215027
12.6403437591398,0.22129694103842,0.0337949607868585,0.000526356408869916,0.195033922297342,-0.0118066136607074,-0.0125755671749761,0,0,0,0,0,0,0,0,0,-0.336104712200629,-0.326785836341103,0.085084738279688
12.6503440311011,0.221634926087352,0.0338002037788843,0.00052222058972333,0.194915224164133,-0.0119323645994872,-0.0125739034411798,0,0,0,0,0,0,0,0,0,-0.33936840476022,-0.32593090689216,0.08588816835525
12.6603443030625,0.221972963361536,0.0338054056240234,0.000518127166433743,0.194795268573839,-0.0120580979081005,-0.0125720415137964,0,0,0,0,0,0,0,0,0,-0.342623507619688,-0.325068026257475,0.0866749557839597
12.6703445750238,0.222311052451604,0.0338105667435869,0.000514075607976611,0.194674055712648,-0.0121838116128234,-0.0125699830438288,0,0,0,0,0,0,0,0,0,-0.345869942097245,-0.324197360632006,0.0874451500271779
12.6803448469852,0.222649192952374,0.0338156875535982,0.000510065387889847,0.194551585786405,-0.0123095037563783,-0.012567729669389,0,0,0,0,0,0,0,0,0,-0.349107631170628,-0.32331907569353,0.0881988049998099
12.6903451189465,0.222987384462797,0.0338207684648388,0.000506095984256247,0.194427859020446,-0.0124351723978044,-0.0125652830157479,0,0,0,0,0,0,0,0,0,-0.352336499471697,-0.322433336558679,0.0889359789616669
12.7003453909078,0.223325626585907,0.0338258098828937,0.000502166879685911,0.194302875659437,-0.0125608156123307,-0.0125626446953849,0,0,0,0,0,0,0,0,0,-0.355556473280609,-0.32154030774,0.0896567344397444
12.7103456628692,0.223663918928768,0.0338308122081962,0.00049827756129866,0.19417663596721,-0.0126864314912472,-0.0125598163080375,0,0,0,0,0,0,0,0,0,-0.358767480519566,-0.320640153103552,0.0903611381312222
12.7203459348305,0.224002261102423,0.0338357758360732,0.000494427520706464,0.194049140226606,-0.0128120181417784,-0.0125567994407511,0,0,0,0,0,0,0,0,0,-0.361969450746135,-0.319733035827902,0.0910492607880206
12.7303462067919,0.224340652721842,0.03384070115679,0.000490616253995859,0.193920388739316,-0.0129375736869563,-0.0125535956679286,0,0,0,0,0,0,0,0,0,-0.365162315146177,-0.318819118364032,0.0917211771405967
12.7403464787532,0.224679093405875,0.0338455885555949,0.00048684326171037,0.193790381825721,-0.0130630962654946,-0.01255020655138,0,0,0,0,0,0,0,0,0,-0.368346006526368,-0.317898562395861,0.0923769658012332
12.7503467507146,0.225017582777196,0.0338504384127636,0.000483108048832934,0.193659119824738,-0.0131885840316626,-0.0125466336403722,0,0,0,0,0,0,0,0,0,-0.371520459306335,-0.31697152880208,0.0930167091492662
12.7603470226759,0.225356120462261,0.0338552511036439,0.000479410124768317,0.193526603093665,-0.01331403515516,-0.0125428784716786,0,0,0,0,0,0,0,0,0,-0.374685609510416,-0.316038177618977,0.0936404932486702
12.7703472946373,0.225694706091253,0.0338600269986993,0.00047574900332554,0.193392832008026,-0.0134394478209928,-0.0125389425696287,0,0,0,0,0,0,0,0,0,-0.37784139475905,-0.315098668003918,0.0942484077413356
12.7803475665986,0.226033339298035,0.0338647664635533,0.000472124202700301,0.193257806961421,-0.0135648202293484,-0.012534827446158,0,0,0,0,0,0,0,0,0,-0.380987754259809,-0.314153158200303,0.0948405457390934
12.7903478385599,0.226372019720105,0.0338694698590331,0.000468535245457392,0.193121528365372,-0.0136901505954722,-0.0125305346008573,0,0,0,0,0,0,0,0,0,-0.384124628798087,-0.313201805503211,0.0954170037467323
12.8003481105213,0.226710746998542,0.0338741375412131,0.000464981658513123,0.192983996649174,-0.0138154371495445,-0.0125260655210227,0,0,0,0,0,0,0,0,0,-0.387251960727441,-0.312244766225895,0.0959778815314866
12.8103483824826,0.227049520777965,0.0338787698614586,0.000461462973117747,0.192845212259747,-0.0139406781365578,-0.012521421681705,0,0,0,0,0,0,0,0,0,-0.390369693959618,-0.311282195668034,0.0965232820379242
12.820348654444,0.227388340706483,0.0338833671664687,0.000457978724837874,0.192705175661489,-0.0140658718161942,-0.0125166045457596,0,0,0,0,0,0,0,0,0,-0.393477773954251,-0.310314248083933,0.0970533113008733
12.8303489264053,0.227727206435647,0.0338879297983196,0.000454528453538899,0.192563887336126,-0.0141910164627042,-0.0125116155638961,0,0,0,0,0,0,0,0,0,-0.396576147708257,-0.309341076652518,0.0975680783134595
12.8403491983667,0.228066117620408,0.0338924580945074,0.000451111703367422,0.192421347782573,-0.0143161103647852,-0.0125064561747279,0,0,0,0,0,0,0,0,0,-0.399664763744932,-0.308362833448173,0.0980676949526011
12.850349470328,0.228405073919069,0.0338969523879911,0.000447728022733665,0.192277557516784,-0.014441151825461,-0.0125011278048218,0,0,0,0,0,0,0,0,0,-0.402743572102762,-0.307379669412222,0.0985522758695132
12.8603497422894,0.228744074993239,0.0339014130072347,0.000444376964293904,0.192132517071614,-0.014566139161961,-0.0124956318687479,0,0,0,0,0,0,0,0,0,-0.405812524323953,-0.306391734325963,0.0990219383816031
12.8703500142507,0.229083120507792,0.0339058402762498,0.000441058084932876,0.191986226996674,-0.0146910707056014,-0.012489969769129,0,0,0,0,0,0,0,0,0,-0.408871573442697,-0.305399176784311,0.099476802386438
12.880350286212,0.229422210130816,0.0339102345146378,0.000437770945746215,0.191838687858194,-0.0148159448016652,-0.0124841428966906,0,0,0,0,0,0,0,0,0,-0.411920673973181,-0.304402144170545,0.0999169902533548
12.8903505581734,0.229761343533576,0.0339145960376321,0.000434515112022862,0.191689900238881,-0.0149407598092838,-0.0124781526303101,0,0,0,0,0,0,0,0,0,-0.414959781897341,-0.303400782632126,0.100342626731885
12.9003508301347,0.230100520390469,0.0339189251561397,0.000431290153227495,0.191539864737783,-0.0150655141013188,-0.012472000337067,0,0,0,0,0,0,0,0,0,-0.417988854652393,-0.302395237057276,0.100753838845456
12.9103511020961,0.230439740378977,0.0339232221767827,0.000428095642982946,0.191388581970151,-0.0151902060642441,-0.012465687372292,0,0,0,0,0,0,0,0,0,-0.421007851118118,-0.301385651052917,0.101150755790631
12.9203513740574,0.230779003179628,0.0339274874019402,0.000424931159052623,0.191236052567304,-0.0153148340980287,-0.0124592150796173,0,0,0,0,0,0,0,0,0,-0.424016731603945,-0.300372166923272,0.101533508860653
12.9303516460188,0.231118308475953,0.0339317211297896,0.000421796283322932,0.191082277176498,-0.0154393966160201,-0.0124525847910257,0,0,0,0,0,0,0,0,0,-0.42701545783582,-0.299354925649325,0.101902231333599
12.9403519179801,0.231457655954443,0.0339359236543474,0.000418690601785699,0.190927256460784,-0.0155638920448279,-0.0124457978269005,0,0,0,0,0,0,0,0,0,-0.430003992942868,-0.298334066869664,0.102257058367194
12.9503521899415,0.231797045304511,0.0339400952655104,0.00041561370452059,0.190770991098886,-0.0156883188242081,-0.0124388554960752,0,0,0,0,0,0,0,0,0,-0.432982301443881,-0.297309728862047,0.10259812692956
12.9603524619028,0.232136476218447,0.0339442362490964,0.000412565185677536,0.190613481785064,-0.0158126754069479,-0.0124317590958833,0,0,0,0,0,0,0,0,0,-0.435950349233616,-0.296282048525624,0.102925575691246
12.9703527338642,0.232475948391379,0.033948346886885,0.00040954464345915,0.190454729228985,-0.0159369602587508,-0.0124245099122075,0,0,0,0,0,0,0,0,0,-0.438908103568922,-0.295251161364666,0.103239544931847
12.9803530058255,0.232815461521232,0.0339524274566578,0.000406551680103151,0.190294734155597,-0.0160611718581224,-0.0124171092195298,0,0,0,0,0,0,0,0,0,-0.441855533054715,-0.294217201472656,0.103540176457854
12.9903532777868,0.233155015308691,0.0339564782322389,0.000403585901864788,0.190133497304999,-0.0161853086962569,-0.0124095582809811,0,0,0,0,0,0,0,0,0,-0.444792607629787,-0.293180301517658,0.103827613493289
13.0003535497482,0.233494609457159,0.0339604994835346,0.000400646918999256,0.189971019432315,-0.0163093692769233,-0.0124018583483907,0,0,0,0,0,0,0,0,0,-0.447719298552487,-0.292140592728595,0.104102000617964
13.0103538217095,0.233834243672718,0.0339644914765738,0.000397734345744119,0.189807301307571,-0.0164333521163531,-0.0123940106623361,0,0,0,0,0,0,0,0,0,-0.450635578386256,-0.291098204881858,0.104363483668948
13.0203540936709,0.234173917664092,0.0339684544735475,0.000394847800301736,0.189642343715566,-0.0165572557431279,-0.0123860164521926,0,0,0,0,0,0,0,0,0,-0.453541420985042,-0.29005326628955,0.104612209635939
13.0303543656322,0.234513631142608,0.0339723887328483,0.000391986904821679,0.189476147455756,-0.0166810786980675,-0.0123778769361831,0,0,0,0,0,0,0,0,0,-0.4564368014786,-0.289005903788185,0.104848326604918
13.0403546375936,0.234853383822157,0.0339762945091098,0.000389151285383152,0.189308713342126,-0.0168048195341187,-0.0123695933214273,0,0,0,0,0,0,0,0,0,-0.459321696257674,-0.287956242728067,0.10507198366074
13.0503549095549,0.235193175419158,0.0339801720532461,0.00038634057197742,0.189140042203073,-0.0169284768162445,-0.0123611668039923,0,0,0,0,0,0,0,0,0,-0.462196082959095,-0.286904406963934,0.105283330792616
13.0603551815163,0.235533005652523,0.0339840216124903,0.000383554398490222,0.188970134881284,-0.017052049121314,-0.0123525985689412,0,0,0,0,0,0,0,0,0,-0.46505994045077,-0.285850518846223,0.105482518841537
13.0703554534776,0.235872874243616,0.0339878434304338,0.000380792402684198,0.188798992233621,-0.0171755350379921,-0.0123438897903836,0,0,0,0,0,0,0,0,0,-0.467913248816602,-0.284794699212768,0.105669699402162
13.0803557254389,0.236212780916218,0.033991637747065,0.00037805422618131,0.188626615130997,-0.017298933166631,-0.0123350416315246,0,0,0,0,0,0,0,0,0,-0.470755989341324,-0.283737067382032,0.105845024733285
13.0903559974003,0.236552725396495,0.0339954047988073,0.000375339514445261,0.188453004458269,-0.0174222421191605,-0.0123260552447151,0,0,0,0,0,0,0,0,0,-0.473588144495272,-0.282677741146592,0.106008647709304
13.1003562693616,0.236892707412957,0.0339991448185581,0.00037264791676392,0.188278161114113,-0.0175454605189805,-0.012316931771501,0,0,0,0,0,0,0,0,0,-0.476409697919093,-0.281616836767337,0.106160721725833
13.110356541323,0.237232726696428,0.0340028580357264,0.000369979086231739,0.188102086010918,-0.0176685870008526,-0.012307672342673,0,0,0,0,0,0,0,0,0,-0.479220634408406,-0.28055446896885,0.106301400630742
13.1203568132843,0.237572782980007,0.0340065446762711,0.000367332679732179,0.187924780074667,-0.0177916202107934,-0.0122982780783164,0,0,0,0,0,0,0,0,0,-0.482020939898411,-0.279490750934979,0.106430838661129
13.1303570852457,0.237912875999036,0.0340102049627388,0.00036470835792013,0.187746244244828,-0.0179145588059668,-0.0122887500878606,0,0,0,0,0,0,0,0,0,-0.484810601448466,-0.27842579430548,0.106549190344274
13.140357357207,0.238253005491066,0.0340138391143012,0.000362105785204331,0.187566479474244,-0.0180374014545788,-0.0122790894701288,0,0,0,0,0,0,0,0,0,-0.487589607226628,-0.277359709173571,0.106656610462839
13.1503576291684,0.238593171195822,0.0340174473467928,0.000359524629729793,0.18738548672902,-0.0181601468357707,-0.0122692973133877,0,0,0,0,0,0,0,0,0,-0.490357946494176,-0.276292604083273,0.106753253976343
13.1603579011297,0.238933372855173,0.034021029872748,0.000356964563360222,0.187203266988415,-0.0182827936395143,-0.0122593746953973,0,0,0,0,0,0,0,0,0,-0.49311560959011,-0.275224586028527,0.106839275934136
13.170358173091,0.239273610213094,0.0340245869014382,0.000354425261660436,0.187019821244736,-0.018405340566507,-0.0122493226834601,0,0,0,0,0,0,0,0,0,-0.495862587915644,-0.274155760452284,0.106914831441203
13.1803584450524,0.23961388301564,0.0340281186389089,0.000351906403878793,0.186835150503231,-0.0185277863280674,-0.0122391423344714,0,0,0,0,0,0,0,0,0,-0.498598873918694,-0.273086231246301,0.106980075575885
13.1903587170137,0.239954191010908,0.0340316252880165,0.000349407672929606,0.18664925578198,-0.0186501296460315,-0.0122288346949686,0,0,0,0,0,0,0,0,0,-0.501324461078367,-0.272016100751875,0.107035163339782
13.2003589889751,0.24029453394901,0.0340351070484643,0.000346928755375567,0.186462138111796,-0.0187723692526495,-0.0122184008011808,0,0,0,0,0,0,0,0,0,-0.504039343889461,-0.270945469760651,0.107080249595728
13.2103592609364,0.240634911582036,0.0340385641168398,0.000344469341410172,0.186273798536116,-0.0188945038904826,-0.0122078416790786,0,0,0,0,0,0,0,0,0,-0.506743517846969,-0.269874437516584,0.107115488992983
13.2203595328978,0.24097532366403,0.0340419966866499,0.000342029124840137,0.186084238110901,-0.0190165323123011,-0.0121971583444239,0,0,0,0,0,0,0,0,0,-0.509436979430622,-0.268803101718246,0.107141035935192
13.2303598048591,0.241315769950954,0.0340454049483579,0.000339607803067823,0.185893457904535,-0.0191384532809824,-0.0121863518028194,0,0,0,0,0,0,0,0,0,-0.51211972608944,-0.267731558521439,0.107157044520698
13.2403600768205,0.241656250200661,0.0340487890894189,0.000337205077073656,0.185701458997721,-0.0192602655694093,-0.0121754230497581,0,0,0,0,0,0,0,0,0,-0.51479175622632,-0.266659902542685,0.107163668473445
13.2503603487818,0.241996764172863,0.0340521492943152,0.000334820651398549,0.185508242483387,-0.0193819679603698,-0.0121643730706733,0,0,0,0,0,0,0,0,0,-0.517453069182665,-0.26558822686322,0.107161061099675
13.2603606207432,0.2423373116291,0.0340554857445926,0.000332454234126326,0.185313809466582,-0.0195035592464561,-0.0121532028409882,0,0,0,0,0,0,0,0,0,-0.520103665223047,-0.264516623033359,0.107149375242974
13.2703608927045,0.242677892332717,0.0340587986188951,0.000330105536866139,0.185118161064383,-0.0196250382299655,-0.0121419133261653,0,0,0,0,0,0,0,0,0,-0.522743545519925,-0.263445181077384,0.107128763237362
13.2803611646658,0.243018506048829,0.0340620880930001,0.000327774274734891,0.184921298405793,-0.0197464037228,-0.0121305054817563,0,0,0,0,0,0,0,0,0,-0.525372712138407,-0.262373989498846,0.107099376849844
13.2903614366272,0.243359152544294,0.0340653543398539,0.00032546016633966,0.184723222631652,-0.0198676545463685,-0.0121189802534519,0,0,0,0,0,0,0,0,0,-0.527991168021068,-0.261303135286606,0.107061367231835
13.3003617085885,0.243699831587686,0.034068597529606,0.000323162933760117,0.184523934894537,-0.0199887895314879,-0.0121073385771311,0,0,0,0,0,0,0,0,0,-0.530598916972843,-0.260232703921103,0.107014884893913
13.3103619805499,0.244040542949269,0.0340718178296437,0.000320882302530952,0.184323436358672,-0.0201098075182849,-0.0120955813789111,0,0,0,0,0,0,0,0,0,-0.533195963645963,-0.259162779380903,0.106960079647535
13.3203622525112,0.244381286400962,0.0340750154046273,0.00031861800162429,0.184121728199833,-0.0202307073560996,-0.012083709575197,0,0,0,0,0,0,0,0,0,-0.535782313524977,-0.258093444150138,0.106897100566726
13.3303625244726,0.244722061716323,0.0340781904165232,0.000316369763432117,0.183918811605256,-0.0203514879033876,-0.0120717240727311,0,0,0,0,0,0,0,0,0,-0.538357972911846,-0.257024779225811,0.106826095954779
13.3403627964339,0.245062868670513,0.0340813430246393,0.000314137323748699,0.183714687773551,-0.0204721480276243,-0.0120596257686433,0,0,0,0,0,0,0,0,0,-0.540922948911102,-0.255956864125905,0.1067472132882
13.3503630683953,0.245403707040273,0.034084473385658,0.000311920421753006,0.183509357914606,-0.0205926866052086,-0.0120474155505,0,0,0,0,0,0,0,0,0,-0.54347724941511,-0.254889776897815,0.106660599205319
13.3603633403566,0.245744576603899,0.0340875816536701,0.000309718799991131,0.183302823249501,-0.0207131025213679,-0.0120350942963541,0,0,0,0,0,0,0,0,0,-0.546020883089392,-0.253823594126678,0.106566399461332
13.3703636123179,0.246085477141215,0.034090667980209,0.000307532204358711,0.183095085010422,-0.0208333946700629,-0.0120226628747949,0,0,0,0,0,0,0,0,0,-0.548553859358055,-0.252758390944706,0.106464758876397
13.3803638842793,0.246426408433548,0.0340937325142832,0.000305360384083352,0.182886144440572,-0.0209535619538933,-0.0120101221449972,0,0,0,0,0,0,0,0,0,-0.551076188389309,-0.251694241040553,0.106355821329262
13.3903641562406,0.246767370263701,0.0340967754024104,0.000303203091707048,0.182676002794085,-0.0210736032840039,-0.0119974729567714,0,0,0,0,0,0,0,0,0,-0.553587881081075,-0.250631216668776,0.106239729714784
13.400364428202,0.247108362415931,0.0340997967886498,0.000301060083068604,0.18246466133594,-0.0211935175799913,-0.0119847161506132,0,0,0,0,0,0,0,0,0,-0.55608894904669,-0.249569388660057,0.106116625908978
13.4103647001633,0.247449384675925,0.0341027968146356,0.000298931117286054,0.182252121341883,-0.0213133037698109,-0.011971852557753,0,0,0,0,0,0,0,0,0,-0.558579404600729,-0.248508826431356,0.105986650751238
13.4203649721247,0.247790436830771,0.0341057756196093,0.000296815956739089,0.182038384098334,-0.0214329607896844,-0.0119588830002056,0,0,0,0,0,0,0,0,0,-0.561059260744907,-0.247449597996488,0.105849944002449
13.430365244086,0.24813151866894,0.0341087333404523,0.000294714367051471,0.181823450902313,-0.0215524875840082,-0.0119458082908201,0,0,0,0,0,0,0,0,0,-0.56352853115411,-0.246391769977121,0.105706644338542
13.4403655160474,0.24847262998026,0.0341116701117187,0.00029262611707346,0.181607323061356,-0.0216718831052615,-0.0119326292333293,0,0,0,0,0,0,0,0,0,-0.565987230162523,-0.245335407613475,0.105556889314222
13.4503657880087,0.248813770555893,0.0341145860656665,0.000290550978864234,0.181390001893434,-0.021791146313916,-0.0119193466223995,0,0,0,0,0,0,0,0,0,-0.568435372749874,-0.244280574776049,0.105400815329684
13.46036605997,0.249154940188311,0.0341174813322908,0.000288488727674311,0.181171488726873,-0.0219102761783449,-0.0119059612436803,0,0,0,0,0,0,0,0,0,-0.570872974527791,-0.243227333976987,0.105238557633204
13.4703663319314,0.249496138671277,0.0341203560393545,0.000286439141927967,0.180951784900277,-0.0220292716747335,-0.011892473873854,0,0,0,0,0,0,0,0,0,-0.573300051726279,-0.242175746381746,0.105070250283322
13.4803666038927,0.249837365799819,0.0341232103124209,0.000284402003205662,0.180730891762451,-0.0221481317869891,-0.0118788852806852,0,0,0,0,0,0,0,0,0,-0.57571662118031,-0.241125871821227,0.104896026121271
13.4903668758541,0.250178621370211,0.0341260442748846,0.000282377096226462,0.180508810672321,-0.0222668555066528,-0.0118651962230711,0,0,0,0,0,0,0,0,0,-0.578122700316537,-0.240077768803992,0.104716016777646
13.5003671478154,0.250519905179947,0.0341288580480028,0.000280364208830454,0.180285542998862,-0.0223854418328107,-0.0118514074510902,0,0,0,0,0,0,0,0,0,-0.580518307140135,-0.239031494528257,0.104530352637992
13.5103674197768,0.250861217027729,0.0341316517509268,0.000278363131961176,0.180061090121019,-0.0225038897720058,-0.0118375197060529,0,0,0,0,0,0,0,0,0,-0.582903460221755,-0.237987104894802,0.104339162814782
13.5203676917381,0.251202556713434,0.0341344255007326,0.000276373659648032,0.179835453427636,-0.0226221983381511,-0.0118235337205505,0,0,0,0,0,0,0,0,0,-0.585278178684617,-0.236944654519523,0.10414257515851
13.5303679636995,0.251543924038103,0.0341371794124519,0.000274395588988718,0.179608634317382,-0.0227403665524421,-0.0118094502185052,0,0,0,0,0,0,0,0,0,-0.587642482191719,-0.235904196746122,0.103940716229657
13.5403682356608,0.251885318803918,0.0341399135991024,0.000272428720131639,0.179380634198677,-0.0228583934432705,-0.0117952699152198,0,0,0,0,0,0,0,0,0,-0.589996390933185,-0.234865783659216,0.103733711285378
13.5503685076221,0.252226740814177,0.0341426281717186,0.000270472856258336,0.179151454489624,-0.0229762780461386,-0.0117809935174269,0,0,0,0,0,0,0,0,0,-0.592339925613732,-0.233829466097295,0.103521684267281
13.5603687795835,0.252568189873284,0.0341453232393818,0.000268527803565902,0.178921096617934,-0.0230940194035734,-0.0117666217233393,0,0,0,0,0,0,0,0,0,-0.594673107440283,-0.232795293666078,0.103304757786725
13.5703690515448,0.25290966578672,0.0341479989092502,0.000266593371249408,0.178689562020859,-0.0232116165650417,-0.0117521552226991,0,0,0,0,0,0,0,0,0,-0.596995958109696,-0.231763314751759,0.103083053125647
13.5803693235062,0.25325116836103,0.0341506552865888,0.000264669371484322,0.178456852145121,-0.0233290685868662,-0.0117375946968276,0,0,0,0,0,0,0,0,0,-0.599308499796644,-0.230733576534353,0.102856690220745
13.5903695954675,0.253592697403803,0.0341532924747991,0.000262755619408931,0.178222968446847,-0.0234463745321406,-0.0117229408186747,0,0,0,0,0,0,0,0,0,-0.601610755141611,-0.229706125001256,0.102625787650436
13.6003698674289,0.25393425272365,0.0341559105754488,0.000260851933106763,0.1779879123915,-0.0235635334706469,-0.0117081942528692,0,0,0,0,0,0,0,0,0,-0.603902747239042,-0.22868100496085,0.10239046262902
13.6103701393902,0.254275834130192,0.034158509688301,0.000258958133589009,0.177751685453809,-0.0236805444787721,-0.0116933556557677,0,0,0,0,0,0,0,0,0,-0.606184499625615,-0.22765826005618,0.102150831002522
13.6203704113516,0.254617441434037,0.0341610899113434,0.000257074044776942,0.177514289117711,-0.0237974066394258,-0.0116784256755047,0,0,0,0,0,0,0,0,0,-0.608456036268659,-0.226637932778645,0.101907007249807
13.6303706833129,0.254959074446764,0.0341636513408173,0.000255199493484342,0.177275724876279,-0.0239141190419582,-0.0116634049520421,0,0,0,0,0,0,0,0,0,-0.610717381554702,-0.22562006448165,0.101659104467858
13.6403709552743,0.255300732980907,0.0341661940712464,0.000253334309399916,0.177035994231663,-0.0240306807820787,-0.0116482941172193,0,0,0,0,0,0,0,0,0,-0.612968560278164,-0.224604695394594,0.101407234359852
13.6503712272356,0.255642416849935,0.0341687181954659,0.000251478325069719,0.176795098695021,-0.0241470909617748,-0.0116330937948021,0,0,0,0,0,0,0,0,0,-0.615209597630184,-0.223591864636758,0.101151507249314
13.6603714991969,0.255984125868239,0.0341712238046502,0.000249631375879573,0.176553039786465,-0.0242633486892317,-0.0116178046005329,0,0,0,0,0,0,0,0,0,-0.617440519187588,-0.222581610231008,0.100892032074004
13.6703717711583,0.256325859851113,0.034173710988342,0.000247793300037497,0.176309819034992,-0.0243794530787523,-0.0116024271421804,0,0,0,0,0,0,0,0,0,-0.619661350901992,-0.221573969117812,0.100628916370937
13.6803720431196,0.256667618614736,0.0341761798344797,0.00024596393855612,0.176065437978426,-0.0244954032506775,-0.0115869620195888,0,0,0,0,0,0,0,0,0,-0.621872119089053,-0.220568977169238,0.100362266281931
13.690372315081,0.257009401976163,0.0341786304294261,0.000244143135235104,0.175819898163358,-0.0246111983313077,-0.0115714098247282,0,0,0,0,0,0,0,0,0,-0.624072850417848,-0.21956666920286,0.100092186556658
13.7003725870423,0.257351209753301,0.0341810628579957,0.000242330736643572,0.175573201145089,-0.0247268374528237,-0.0115557711417435,0,0,0,0,0,0,0,0,0,-0.626263571900403,-0.218567078995694,0.099818780555977
13.7103728590037,0.2576930417649,0.0341834772034822,0.000240526592102518,0.175325348487566,-0.0248423197532093,-0.0115400465470045,0,0,0,0,0,0,0,0,0,-0.628444310881356,-0.217570239298041,0.0995421502438894
13.720373130965,0.258034897830534,0.0341858735476864,0.000238730553667241,0.17507634176333,-0.0249576443761731,-0.0115242366091555,0,0,0,0,0,0,0,0,0,-0.630615095027754,-0.216576181847582,0.0992623961825325
13.7303734029264,0.258376777770588,0.0341882519709431,0.000236942476109757,0.174826182553455,-0.0250728104710721,-0.011508341889165,0,0,0,0,0,0,0,0,0,-0.632775952319007,-0.21558493738332,0.0989796175512188
13.7403736748877,0.258718681406244,0.0341906125521485,0.000235162216901227,0.174574872447496,-0.0251878171928352,-0.0114923629403753,0,0,0,0,0,0,0,0,0,-0.634926911036959,-0.214596535659298,0.0986939121445455
13.750373946849,0.259060608559464,0.0341929553687866,0.000233389636194373,0.174322413043431,-0.0253026637018864,-0.011476300308552,0,0,0,0,0,0,0,0,0,-0.637067999756117,-0.213611005458572,0.0984053763640492
13.7603742188104,0.259402559052981,0.0341952804969564,0.000231624596805904,0.174068805947604,-0.0254173491640703,-0.011460154531934,0,0,0,0,0,0,0,0,0,-0.639199247334003,-0.2126283746071,0.0981141052300033
13.7703744907717,0.259744532710279,0.0341975880113983,0.000229866964198935,0.173814052774677,-0.0255318727505764,-0.0114439261412831,0,0,0,0,0,0,0,0,0,-0.641320682901656,-0.211648669987484,0.0978201923802603
13.7803747627331,0.260086529355584,0.0341998779855202,0.000228116606465411,0.173558155147574,-0.0256462336378648,-0.0114276156599333,0,0,0,0,0,0,0,0,0,-0.643432335854267,-0.210671917552873,0.0975237300886418
13.7903750346944,0.26042854881385,0.0342021504914243,0.000226373394308524,0.173301114697425,-0.0257604310075921,-0.011411223603841,0,0,0,0,0,0,0,0,0,-0.64553423584195,-0.209698142340341,0.0972248092602611
13.8003753066558,0.260770590910745,0.0342044055999326,0.00022463720102514,0.173042933063524,-0.0258744640465381,-0.0113947504816342,0,0,0,0,0,0,0,0,0,-0.647626412760651,-0.208727368484888,0.0969235194219647
13.8103755786171,0.26111265547264,0.0342066433806129,0.000222907902488217,0.172783611893265,-0.0259883319465324,-0.0113781967946627,0,0,0,0,0,0,0,0,0,-0.649708896743199,-0.207759619233,0.0966199487570215
13.8203758505785,0.261454742326594,0.0342088639018046,0.000221185377129227,0.172523152842106,-0.0261020339043822,-0.011361563037047,0,0,0,0,0,0,0,0,0,-0.651781718150482,-0.206794916955965,0.0963141840979147
13.8303761225398,0.261796851300344,0.0342110672306441,0.000219469505920579,0.172261557573506,-0.0262155691217998,-0.0113448496957287,0,0,0,0,0,0,0,0,0,-0.653844907562766,-0.205833283163572,0.0960063109193966
13.8403763945011,0.262138982222293,0.03421325343309,0.000217760172358039,0.171998827758889,-0.0263289368053319,-0.0113280572505199,0,0,0,0,0,0,0,0,0,-0.655898495771147,-0.204874738517566,0.0956964133709629
13.8503766664625,0.262481134921497,0.0342154225739484,0.00021605726244315,0.171734965077585,-0.0264421361662874,-0.0113111861741526,0,0,0,0,0,0,0,0,0,-0.657942513769136,-0.203919302844702,0.0953845742715777
13.8603769384238,0.262823309227655,0.034217574716898,0.000214360664665661,0.17146997121679,-0.0265551664206679,-0.0112942369323289,0,0,0,0,0,0,0,0,0,-0.659976992744376,-0.2029669951503,0.0950708751085649
13.8703772103852,0.263165504971098,0.0342197099245146,0.000212670269985938,0.171203847871516,-0.026668026789097,-0.0112772099837701,0,0,0,0,0,0,0,0,0,-0.662001964070496,-0.202017833631325,0.0947553960623144
13.8803774823465,0.263507721982775,0.0342218282582959,0.000210985971817392,0.170936596744548,-0.026780716496751,-0.0112601057802668,0,0,0,0,0,0,0,0,0,-0.664017459299086,-0.201071835689444,0.0944382160034977
13.8903777543079,0.263849960094247,0.0342239297786859,0.000209307666008901,0.170668219546395,-0.0268932347732897,-0.0112429247667284,0,0,0,0,0,0,0,0,0,-0.666023510151818,-0.200129017944167,0.0941194125105567
13.9003780262692,0.264192219137673,0.034226014545099,0.000207635250827228,0.170398717995248,-0.027005580852788,-0.0112256673812327,0,0,0,0,0,0,0,0,0,-0.668020148512683,-0.199189396245549,0.0937990618741457
13.9103782982306,0.264534498945801,0.0342280826159445,0.000205968626939445,0.170128093816936,-0.0271177539736679,-0.0112083340550758,0,0,0,0,0,0,0,0,0,-0.670007406420362,-0.198252985687246,0.0934772390965749
13.9203785701919,0.26487679935196,0.0342301340486502,0.000204307697395353,0.169856348744882,-0.0272297533786303,-0.0111909252128213,0,0,0,0,0,0,0,0,0,-0.671985316060725,-0.197319800619226,0.0931540179231718
13.9303788421533,0.265219120190047,0.0342321688996861,0.000202652367609904,0.169583484520062,-0.027341578314589,-0.0111734412723506,0,0,0,0,0,0,0,0,0,-0.673953909759463,-0.196389854660198,0.0928294708375676
13.9403791141146,0.265561461294519,0.0342341872245882,0.000201002545345626,0.169309502890962,-0.027453228032603,-0.0111558826449121,0,0,0,0,0,0,0,0,0,-0.675913219974827,-0.195463160710419,0.0925036690611371
13.9503793860759,0.265903822500384,0.0342361890779818,0.000199358140695037,0.169034405613535,-0.0275647017878112,-0.011138249735171,0,0,0,0,0,0,0,0,0,-0.677863279290519,-0.194539730964131,0.0921766825918521
13.9603796580373,0.266246203643191,0.0342381745136045,0.000197719066063074,0.168758194451167,-0.0276759988393666,-0.0111205429412589,0,0,0,0,0,0,0,0,0,-0.679804120408684,-0.193619576921593,0.0918485801984607
13.9703799299986,0.266588604559025,0.0342401435843296,0.000196085236149511,0.168480871174629,-0.027787118450371,-0.0111027626548236,0,0,0,0,0,0,0,0,0,-0.681735776143032,-0.192702709401635,0.0915194294204833
13.98038020196,0.266931025084491,0.0342420963421886,0.00019445656793138,0.168202437562044,-0.0278980598878107,-0.0110849092610788,0,0,0,0,0,0,0,0,0,-0.683658279412092,-0.191789138553689,0.091189296601238
13.9903804739213,0.267273465056715,0.0342440328383942,0.000192832980645394,0.167922895398845,-0.0280088224224921,-0.0110669831388536,0,0,0,0,0,0,0,0,0,-0.68557166323257,-0.190878873869683,0.0908582468845145
14.0003807458827,0.267615924313327,0.0342459531233626,0.000191214395770368,0.167642246477738,-0.0281194053289785,-0.0110489846606422,0,0,0,0,0,0,0,0,0,-0.687475960712836,-0.189971924196137,0.0905263442262263
14.010381017844,0.267958402692459,0.034247857246736,0.000189600737009641,0.167360492598666,-0.0282298078855266,-0.0110309141926536,0,0,0,0,0,0,0,0,0,-0.689371205046533,-0.189068297745826,0.090193651416897
14.0203812898054,0.268300900032738,0.0342497452574046,0.000187991930273497,0.167077635568771,-0.0283400293740243,-0.0110127720948612,0,0,0,0,0,0,0,0,0,-0.69125742950629,-0.188168002109426,0.0898602300783223
14.0303815617667,0.268643416173271,0.0342516172035285,0.000186387903661587,0.166793677202359,-0.028450069079928,-0.0109945587210528,0,0,0,0,0,0,0,0,0,-0.693134667437567,-0.187271044267241,0.0895261406810599
14.040381833728,0.268985950953648,0.0342534731325599,0.000184788587445348,0.166508619320863,-0.0285599262922016,-0.0109762744188798,0,0,0,0,0,0,0,0,0,-0.695002952252605,-0.186377430600505,0.0891914425641395
14.0503821056894,0.269328504213928,0.0342553130912644,0.000183193914050431,0.166222463752811,-0.0286696003032552,-0.0109579195299071,0,0,0,0,0,0,0,0,0,-0.69686231742449,-0.185487166902709,0.0888561939361605
14.0603823776507,0.269671075794634,0.0342571371257424,0.000181603818039113,0.165935212333787,-0.0287790904088842,-0.0109394943896626,0,0,0,0,0,0,0,0,0,-0.698712796481338,-0.184600258390882,0.0885204518889184
14.0703826496121,0.270013665536746,0.0342589452814507,0.000180018236092729,0.165646866906404,-0.0288883959082095,-0.0109209993276874,0,0,0,0,0,0,0,0,0,-0.700554423000577,-0.183716709716648,0.0881842724142596
14.0803829215734,0.270356273281699,0.0342607376032232,0.000178437106994084,0.165357429320266,-0.0289975161036179,-0.0109024346675846,0,0,0,0,0,0,0,0,0,-0.702387230603357,-0.18283652497717,0.08784771041223
14.0903831935348,0.27069889887137,0.0342625141352924,0.000176860371609882,0.165066901431937,-0.0291064503007025,-0.0108838007270697,0,0,0,0,0,0,0,0,0,-0.704211252949055,-0.181959707726041,0.0875108197041287
14.1003834654961,0.271041542148075,0.0342642749213095,0.000175287972873142,0.164775285104909,-0.0292151978082047,-0.0108650978180199,0,0,0,0,0,0,0,0,0,-0.706026523729892,-0.181086260983967,0.0871736530448277
14.1103837374575,0.271384202954568,0.0342660200043652,0.000173719855765625,0.164482582209573,-0.0293237579379557,-0.010846326246524,0,0,0,0,0,0,0,0,0,-0.70783307666566,-0.180216187249416,0.0868362621382233
14.1203840094188,0.271726881134026,0.0342677494270106,0.000172155967300247,0.164188794623186,-0.0294321300048189,-0.0108274863129318,0,0,0,0,0,0,0,0,0,-0.709630945498553,-0.17934948850899,0.0864986976429794
14.1303842813801,0.272069576530052,0.0342694632312765,0.000170596256503513,0.163893924229841,-0.0295403133266328,-0.010808578311904,0,0,0,0,0,0,0,0,0,-0.711420163988096,-0.178486166247953,0.0861610091842007
14.1403845533415,0.272412288986666,0.0342711614586943,0.000169040674397927,0.163597972920439,-0.0296483072241544,-0.0107896025324616,0,0,0,0,0,0,0,0,0,-0.713200765906188,-0.177626221460378,0.085823245378963
14.1503848253028,0.272755018348301,0.0342728441503153,0.000167489173984418,0.163300942592658,-0.0297561110210029,-0.0107705592580359,0,0,0,0,0,0,0,0,0,-0.714972785032236,-0.176769654659163,0.0854854538363097
14.1603850972642,0.273097764459798,0.0342745113467308,0.000165941710224764,0.163002835150927,-0.0298637240436042,-0.010751448766518,0,0,0,0,0,0,0,0,0,-0.716736255148397,-0.175916465886174,0.0851476811691979
14.1703853692255,0.273440527166401,0.0342761630880913,0.000164398240024009,0.162703652506396,-0.0299711456211358,-0.0107322713303084,0,0,0,0,0,0,0,0,0,-0.718491210034917,-0.175066654722023,0.0848099730147462
14.1803856411869,0.273783306313756,0.034277799414126,0.000162858722212887,0.162403396576913,-0.0300783750854717,-0.0107130272163666,0,0,0,0,0,0,0,0,0,-0.720237683465563,-0.17422022029581,0.0844723740411816
14.1903859131482,0.274126101747902,0.034279420364162,0.000161323117530245,0.16210206928699,-0.030185411771129,-0.0106937166862612,0,0,0,0,0,0,0,0,0,-0.721975709203164,-0.173377161294759,0.084134927961993
14.2003861851096,0.274468913315269,0.0342810259771432,0.00015979138860546,0.161799672567783,-0.0302922550152136,-0.0106743399962191,0,0,0,0,0,0,0,0,0,-0.72370532099523,-0.172537475973674,0.0837976775461922
14.2103864570709,0.274811740862677,0.0342826162916493,0.000158263499940866,0.161496208357065,-0.0303989041573671,-0.0106548973971753,0,0,0,0,0,0,0,0,0,-0.725426552569685,-0.171701162164377,0.0834606646316485
14.2203867290322,0.275154584237326,0.034284191345914,0.000156739417894171,0.161191678599199,-0.0305053585397144,-0.0106353891348226,0,0,0,0,0,0,0,0,0,-0.727139437630676,-0.170868217284892,0.083123930143954
14.2303870009936,0.275497443286802,0.0342857511778441,0.00015521911066088,0.160886085245116,-0.0306116175068116,-0.0106158154496613,0,0,0,0,0,0,0,0,0,-0.728844009854483,-0.170038638348506,0.0827875140983621
14.2403872729549,0.275840317859064,0.0342872958250373,0.000153702548256718,0.160579430252289,-0.0307176804055937,-0.0105961765770489,0,0,0,0,0,0,0,0,0,-0.73054030288552,-0.169212421972917,0.0824514556147847
14.2503875449163,0.276183207802448,0.0342888253248005,0.00015218970250005,0.160271715584709,-0.0308235465853241,-0.0105764727472495,0,0,0,0,0,0,0,0,0,-0.732228350332417,-0.168389564388993,0.0821157929372182
14.2603878168776,0.276526112965661,0.0342903397141678,0.000150680546994303,0.159962943212866,-0.0309292153975437,-0.010556704185484,0,0,0,0,0,0,0,0,0,-0.733908185764204,-0.16757006144953,0.0817805634340108
14.270388088839,0.276869033197779,0.0342918390299179,0.000149175057110387,0.15965311511372,-0.0310346861960203,-0.0105368711119791,0,0,0,0,0,0,0,0,0,-0.735579842706567,-0.166753908638009,0.081445803622298
14.2803883608003,0.277211968348244,0.0342933233085923,0.000147673209969118,0.159342233270686,-0.0311399583366997,-0.0105169737420174,0,0,0,0,0,0,0,0,0,-0.737243354638199,-0.165941101076863,0.0811115491760479
14.2903886327617,0.277554918266863,0.0342947925865122,0.000146174984423637,0.159030299673607,-0.0312450311776558,-0.010497012285987,0,0,0,0,0,0,0,0,0,-0.738898754987234,-0.165131633536076,0.0807778349243908
14.300388904723,0.277897882803806,0.034296246899796,0.000144680361041835,0.158717316318735,-0.0313499040790423,-0.0104769869494311,0,0,0,0,0,0,0,0,0,-0.740546077127763,-0.164325500441478,0.080444694886874
14.3103891766844,0.278240861809602,0.0342976862843762,0.00014318932208877,0.158403285208712,-0.0314545764030442,-0.0104568979330977,0,0,0,0,0,0,0,0,0,-0.742185354376432,-0.163522695882643,0.0801121622756781
14.3203894486457,0.278583855135139,0.0342991107760164,0.000141701851509093,0.158088208352546,-0.0315590475138305,-0.0104367454329894,0,0,0,0,0,0,0,0,0,-0.74381661998912,-0.162723213621142,0.0797802694945064
14.330389720607,0.278926862631661,0.034300520410328,0.000140217934909469,0.157772087765595,-0.0316633167775065,-0.0104165296404126,0,0,0,0,0,0,0,0,0,-0.745439907157702,-0.161927047098454,0.0794490481705071
14.3403899925684,0.279269884150769,0.0343019152227865,0.000138737559540993,0.157454925469548,-0.0317673835620676,-0.0103962507420279,0,0,0,0,0,0,0,0,0,-0.747055249006884,-0.161134189443592,0.0791185291562113
14.3503902645297,0.279612919544417,0.0343032952487485,0.000137260714281619,0.157136723492403,-0.0318712472373527,-0.0103759089198989,0,0,0,0,0,0,0,0,0,-0.748662678591116,-0.160344633480967,0.0787887425378542
14.3603905364911,0.279955968664913,0.0343046605234669,0.000135787389618578,0.156817483868451,-0.0319749071749986,-0.0103555043515428,0,0,0,0,0,0,0,0,0,-0.750262228891588,-0.15955837173785,0.0784597176578699
14.3703908084524,0.280299031364915,0.0343060110821077,0.000134317577630798,0.156497208638258,-0.0320783627483948,-0.0103350372099793,0,0,0,0,0,0,0,0,0,-0.751853932813292,-0.158775396451789,0.07813148311405
14.3803910804138,0.280642107497435,0.0343073469597658,0.00013285127197133,0.156175899848649,-0.0321816133326388,-0.0103145076637807,0,0,0,0,0,0,0,0,0,-0.753437823182164,-0.157995699578083,0.0778040667761911
14.3903913523751,0.280985196915834,0.0343086681914799,0.000131388467849764,0.155853559552689,-0.0322846583044918,-0.0102939158771212,0,0,0,0,0,0,0,0,0,-0.755013932742299,-0.157219272796868,0.0774774958012306
14.4003916243365,0.281328299473823,0.034309974812249,0.000129929162014656,0.155530189809667,-0.032387497042335,-0.0102732620098271,0,0,0,0,0,0,0,0,0,-0.756582294153231,-0.15644610752029,0.0771517966394988
14.4103918962978,0.281671415025465,0.034311266857047,0.000128473352735944,0.15520579268508,-0.0324901289261265,-0.010252546217426,0,0,0,0,0,0,0,0,0,-0.758142939987292,-0.155676194899465,0.0768269950467453
14.4203921682591,0.282014543425169,0.0343125443608379,0.000127021039787375,0.15488037025062,-0.0325925533373582,-0.0102317686511966,0,0,0,0,0,0,0,0,0,-0.759695902727035,-0.154909525831409,0.076503116095734
14.4303924402205,0.282357684527698,0.0343138073585911,0.000125572224428922,0.154553924584155,-0.0326947696590139,-0.0102109294582185,0,0,0,0,0,0,0,0,0,-0.761241214762726,-0.15414609096577,0.0761801841868646
14.4403927121818,0.282700838188161,0.034315055885296,0.000124126909389211,0.154226457769716,-0.0327967772755276,-0.0101900287814216,0,0,0,0,0,0,0,0,0,-0.762778908389907,-0.153385880711541,0.0758582230608252
14.4503929841432,0.28304400426202,0.0343162899759762,0.000122685098847934,0.153897971897483,-0.0328985755727418,-0.0101690667596361,0,0,0,0,0,0,0,0,0,-0.764309015807018,-0.152628885243545,0.0755372558048349
14.4603932561045,0.283387182605085,0.0343175096657047,0.000121246798418279,0.153568469063772,-0.0330001639378673,-0.0101480435276419,0,0,0,0,0,0,0,0,0,-0.765831569113092,-0.151875094509017,0.0752173048649973
14.4703935280659,0.283730373073519,0.0343187149896174,0.000119812015129347,0.153237951371019,-0.0331015417594426,-0.0101269592162184,0,0,0,0,0,0,0,0,0,-0.767346600305508,-0.151124498233846,0.0748983920648889
14.4803938000272,0.284073575523835,0.0343199059829278,0.000118380757408576,0.152906420927769,-0.0332027084272942,-0.0101058139521941,0,0,0,0,0,0,0,0,0,-0.768854141277812,-0.150377085928785,0.0745805386013966
14.4903940719886,0.284416789812901,0.0343210826809403,0.00011695303506416,0.152573879848661,-0.0333036633324973,-0.0100846078584962,0,0,0,0,0,0,0,0,0,-0.770354223817593,-0.149632846895771,0.0742637650636002
14.5003943439499,0.284760015797935,0.0343222451190645,0.00011552885926747,0.152240330254421,-0.0334044058673374,-0.0100633410542005,0,0,0,0,0,0,0,0,0,-0.771846879604428,-0.148891770233766,0.0739480914474713
14.5103946159112,0.285103253336514,0.0343233933328281,0.000114108242535481,0.151905774271843,-0.0335049354252713,-0.0100420136545808,0,0,0,0,0,0,0,0,0,-0.77333214020788,-0.148153844844777,0.0736335371536548
14.5203948878726,0.285446502286567,0.0343245273578911,0.000112691198713186,0.151570214033782,-0.0336052514008903,-0.0100206257711589,0,0,0,0,0,0,0,0,0,-0.774810037085561,-0.147419059439741,0.0733201210066246
14.5303951598339,0.285789762506383,0.0343256472300581,0.000111277742956024,0.151233651679141,-0.0337053531898819,-0.0099991775117539,0,0,0,0,0,0,0,0,0,-0.776280601581246,-0.146687402544167,0.0730078612649493
14.5403954317953,0.286133033854609,0.0343267529852919,0.000109867891712298,0.150896089352864,-0.0338052401889938,-0.00997766898053195,0,0,0,0,0,0,0,0,0,-0.777743864923051,-0.14595886250381,0.0726967756257313
14.5503957037566,0.286476316190252,0.0343278446597263,0.000108461662705597,0.150557529205918,-0.0339049117959972,-0.00995610027805613,0,0,0,0,0,0,0,0,0,-0.77919985822166,-0.145233427490226,0.0723868812343224
14.560395975718,0.286819609372681,0.0343289222896784,0.000107059074917219,0.15021797339529,-0.0340043674096512,-0.00993447150133593,0,0,0,0,0,0,0,0,0,-0.780648612468612,-0.144511085506256,0.0720781946970897
14.5703962476793,0.287162913261631,0.0343299859116615,0.00010566014856859,0.149877424083976,-0.0341036064296675,-0.00991278274387696,0,0,0,0,0,0,0,0,0,-0.782090158534643,-0.143791824391319,0.0717707320958479
14.5803965196407,0.2875062277172,0.0343310355623972,0.000104264905103687,0.149535883440968,-0.0342026282566755,-0.0098910340957306,0,0,0,0,0,0,0,0,0,-0.783524527168074,-0.14307563182661,0.0714645089878639
14.590396791602,0.287849552599859,0.0343320712788276,0.000102873367171462,0.149193353641249,-0.0343014322921881,-0.00986922564354374,0,0,0,0,0,0,0,0,0,-0.784951748993258,-0.142362495340394,0.0711595404125091
14.6003970635633,0.288192887770444,0.0343330930981272,0.000101485558608256,0.148849836865781,-0.0344000179385679,-0.00984735747060833,0,0,0,0,0,0,0,0,0,-0.786371854509074,-0.141652402313071,0.0708558409145796
14.6103973355247,0.288536233090169,0.0343341010577149,0.000100101504420232,0.1485053353015,-0.0344983845989939,-0.00982542965691115,0,0,0,0,0,0,0,0,0,-0.787784874087475,-0.140945339982003,0.0705534245434627
14.620397607486,0.288879588420621,0.0343350951952651,9.87212307657845e-05,0.148159851141307,-0.0345965316774285,-0.00980344227918341,0,0,0,0,0,0,0,0,0,-0.789190837972082,-0.140241295446593,0.0702523048614588
14.6303978794474,0.289222953623764,0.0343360755487199,9.73447649379695e-05,0.147813386584057,-0.0346944585785855,-0.00978139541095046,0,0,0,0,0,0,0,0,0,-0.790589776276829,-0.139540255672951,0.0699524949590514
14.6403981514087,0.289566328561945,0.0343370421562996,9.59721353469234e-05,0.147465943834558,-0.0347921647078982,-0.00975928912258144,0,0,0,0,0,0,0,0,0,-0.791981718984652,-0.138842207498663,0.0696540074507384
14.6503984233701,0.289909713097893,0.0343379950565143,9.46033715022828e-05,0.147117525103557,-0.034889649471488,-0.00973712348133891,0,0,0,0,0,0,0,0,0,-0.79336669594623,-0.138147137637541,0.0693568544980774
14.6603986953314,0.290253107094727,0.0343389342881746,9.32385039956081e-05,0.14676813260774,-0.0349869122761335,-0.00971489855142859,0,0,0,0,0,0,0,0,0,-0.794744736878766,-0.137455032683935,0.0690610478155053
14.6703989672928,0.29059651041595,0.0343398598904023,9.1877564482805e-05,0.146417768569718,-0.0350839525292404,-0.00969261439404896,0,0,0,0,0,0,0,0,0,-0.796115871364819,-0.13676587911736,0.0687665986683929
14.6803992392541,0.290939922925462,0.0343407719026411,9.05205856665453e-05,0.146066435218029,-0.0351807696388115,-0.00967027106744098,0,0,0,0,0,0,0,0,0,-0.797480128851178,-0.136079663306854,0.0684735178922086
14.6903995112155,0.291283344487559,0.0343416703646668,8.91676012786873e-05,0.145714134787126,-0.0352773630134177,-0.0096478686269377,0,0,0,0,0,0,0,0,0,-0.798837538647773,-0.135396371515216,0.0681818158952819
14.7003997831768,0.291626774966934,0.0343425553165978,8.78186460627008e-05,0.145360869517376,-0.0353737320621685,-0.00962540712501398,0,0,0,0,0,0,0,0,0,-0.800188129926641,-0.134715989903311,0.0678915026684798
14.7104000551381,0.291970214228686,0.0343434267989046,8.64737557560843e-05,0.145006641655049,-0.0354698761946844,-0.0096028866113361,0,0,0,0,0,0,0,0,0,-0.801531931720923,-0.134038504534118,0.0676025877945764
14.7204003270995,0.292313662138318,0.0343442848524203,8.51329670727917e-05,0.144651453452319,-0.0355657948210686,-0.00958030713281152,0,0,0,0,0,0,0,0,0,-0.802868972923907,-0.133363901376838,0.0673150804470243
14.7304005990608,0.292657118561744,0.0343451295183497,8.37963176856478e-05,0.144295307167257,-0.0356614873518798,-0.00955766873363842,0,0,0,0,0,0,0,0,0,-0.804199282288111,-0.132692166310978,0.0670289894115885
14.7404008710222,0.293000583365292,0.0343459608382794,8.24638462087738e-05,0.143938205063825,-0.0357569531981055,-0.00953497145535547,0,0,0,0,0,0,0,0,0,-0.805522888424406,-0.132023285130018,0.0667443230889852
14.7504011429835,0.293344056415709,0.0343467788541863,8.11355921800092e-05,0.143580149411875,-0.0358521917711353,-0.00951221533689144,0,0,0,0,0,0,0,0,0,-0.806839819801172,-0.131357243545446,0.0664610894923268
14.7604014149449,0.293687537580161,0.0343475836084477,7.98115960433303e-05,0.143221142487141,-0.0359472024827353,-0.0094894004146149,0,0,0,0,0,0,0,0,0,-0.8081501047435,-0.130694027190477,0.0661792962673031
14.7704016869062,0.294031026726243,0.0343483751438496,7.84918991312752e-05,0.14286118657124,-0.0360419847450229,-0.00946652672238385,0,0,0,0,0,0,0,0,0,-0.809453771432428,-0.130033621623679,0.0658989506957495
14.7804019588676,0.294374523721979,0.0343491535035956,7.71765436473618e-05,0.142500283951664,-0.0361365379704414,-0.00944359429159544,0,0,0,0,0,0,0,0,0,-0.810750847904211,-0.129376012332628,0.0656200596981417
14.7904022308289,0.294718028435825,0.0343499187313158,7.58655726485124e-05,0.142138436921782,-0.0362308615717363,-0.00942060315123557,0,0,0,0,0,0,0,0,0,-0.81204136204963,-0.128721184737477,0.0653426298471974
14.8004025027902,0.295061540736678,0.0343506708710751,7.45590300274742e-05,0.141775647780833,-0.0363249549619311,-0.0093975533279286,0,0,0,0,0,0,0,0,0,-0.813325341613334,-0.128069124194345,0.0650666673714856
14.8104027747516,0.295405060493876,0.0343514099673813,7.32569604952395e-05,0.141411918833924,-0.0364188175543036,-0.00937444484598702,0,0,0,0,0,0,0,0,0,-0.814602814193219,-0.127419815998811,0.0647921781579203
14.8204030467129,0.295748587577207,0.0343521360651935,7.19594095634689e-05,0.141047252392028,-0.0365124487623637,-0.0093512777274611,0,0,0,0,0,0,0,0,0,-0.815873807239839,-0.126773245389251,0.0645191677670273
14.8304033186743,0.296092121856908,0.0343528492099296,7.0666423526913e-05,0.140681650771983,-0.0366058479998307,-0.00932805199218856,0,0,0,0,0,0,0,0,0,-0.817138348055849,-0.126129397550031,0.0642476414348908
14.8404035906356,0.296435663203674,0.0343535494474746,6.9378049445831e-05,0.14031511629649,-0.0366990146806113,-0.00930476765784421,0,0,0,0,0,0,0,0,0,-0.818396463795481,-0.125488257614803,0.063977604081195
14.850403862597,0.296779211488662,0.0343542368241877,6.80943351284177e-05,0.139947651294108,-0.0367919482187784,-0.00928142473998967,0,0,0,0,0,0,0,0,0,-0.819648181464055,-0.124849810669536,0.0637090603156127
14.8604041345583,0.297122766583493,0.0343549113869099,6.68153291132192e-05,0.139579258099255,-0.0368846480285501,-0.00925802325212302,0,0,0,0,0,0,0,0,0,-0.820893527917516,-0.124214041755687,0.0634420144358632
14.8704044065197,0.297466328360259,0.0343555731829712,6.55410806515589e-05,0.139209939052208,-0.0369771135242695,-0.00923456320572841,0,0,0,0,0,0,0,0,0,-0.822132529862005,-0.123580935873268,0.0631764704476889
14.880404678481,0.29780989669153,0.0343562222601976,6.42716396899544e-05,0.138839696499098,-0.0370693441203847,-0.00921104461032581,0,0,0,0,0,0,0,0,0,-0.823365213853457,-0.122950477983618,0.0629124320676357
14.8904049504423,0.298153471450356,0.0343568586669179,6.30070568525449e-05,0.138468532791914,-0.0371613392314291,-0.00918746747352063,0,0,0,0,0,0,0,0,0,-0.824591606297232,-0.122322653012416,0.0626499027186157
14.9004052224037,0.29849705251027,0.0343574824519707,6.17473834235082e-05,0.138096450288497,-0.0372530982720032,-0.00916383180105339,0,0,0,0,0,0,0,0,0,-0.825811733447771,-0.121697445852542,0.0623888855446073
14.910405494365,0.298840639745301,0.0343580936647104,6.04926713294829e-05,0.137723451352543,-0.0373446206567553,-0.0091401375968494,0,0,0,0,0,0,0,0,0,-0.827025621408285,-0.121074841366794,0.0621293834153807
14.9204057663264,0.299184233029969,0.0343586923550139,5.92429731219924e-05,0.137349538353601,-0.0374359058003646,-0.00911638486306839,0,0,0,0,0,0,0,0,0,-0.828233296130461,-0.120454824390653,0.0618713989353796
14.9304060382877,0.299527832239298,0.0343592785732869,5.79983419598628e-05,0.136974713667073,-0.037526953117523,-0.00909257360015424,0,0,0,0,0,0,0,0,0,-0.82943478341421,-0.119837379734828,0.0616149344456572
14.9404063102491,0.299871437248821,0.0343598523704695,5.67588315916482e-05,0.136598979674217,-0.0376177620229185,-0.0090687038068846,0,0,0,0,0,0,0,0,0,-0.830630108907427,-0.119222492187979,0.0613599920211077
14.9504065822104,0.300215047934578,0.034360413798042,5.55244963380496e-05,0.13622233876214,-0.0377083319312187,-0.00904477548042054,0,0,0,0,0,0,0,0,0,-0.831819298105788,-0.118610146519314,0.0611065734898932
14.9604068541718,0.30055866417313,0.034360962908031,5.42953910743364e-05,0.135844793323805,-0.037798662257055,-0.00902078861635628,0,0,0,0,0,0,0,0,0,-0.833002376352563,-0.118000327480929,0.0608546804387124
14.9704071261331,0.300902285841561,0.0343614997530144,5.30715712127693e-05,0.13546634575803,-0.0378887524150072,-0.00899674320876879,0,0,0,0,0,0,0,0,0,-0.834179368838462,-0.117393019810298,0.0606043142053104
14.9804073980945,0.301245912817483,0.0343620243861269,5.18530926850221e-05,0.135086998469486,-0.0379786018195883,-0.00897263925026751,0,0,0,0,0,0,0,0,0,-0.835350300601496,-0.116788208232762,0.0603554758898603
14.9904076700558,0.30158954497904,0.0343625368610652,5.06400119246026e-05,0.1347067538687,-0.0380682098852304,-0.00894847673204398,0,0,0,0,0,0,0,0,0,-0.836515196526873,-0.116185877463789,0.060108166363561
15.0004079420171,0.30193318220492,0.0343630372320924,4.94323858492719e-05,0.134325614372055,-0.0381575760262706,-0.00892425564392152,0,0,0,0,0,0,0,0,0,-0.837674081346907,-0.115586012211295,0.0598623862736369
15.0104082139785,0.302276824374353,0.0343635255540436,4.82302718434683e-05,0.133943582401793,-0.0382466996569375,-0.00889997597440489,0,0,0,0,0,0,0,0,0,-0.838826979640954,-0.114988597177806,0.0596181360442192
15.0204084859398,0.302620471367122,0.0343640018823296,4.70337277407313e-05,0.133560660386012,-0.0383355801913385,-0.00887563771072997,0,0,0,0,0,0,0,0,0,-0.83997391583537,-0.114393617062753,0.059375415878885
15.0304087579012,0.302964123063566,0.0343644662729421,4.58428118061184e-05,0.133176850758671,-0.0384242170434472,-0.00885124083891342,0,0,0,0,0,0,0,0,0,-0.841114914203493,-0.113801056564592,0.0591342257732721
15.0404090298625,0.303307779344589,0.0343649187824573,4.46575827186264e-05,0.13279215595959,-0.0385126096270913,-0.00882678534380233,0,0,0,0,0,0,0,0,0,-0.842249998865639,-0.113210900382841,0.0588945655140624
15.0504093018239,0.30365144009166,0.0343653594680403,4.34780995536197e-05,0.132406578434451,-0.0386007573559416,-0.00880227120912393,0,0,0,0,0,0,0,0,0,-0.843379193789127,-0.11262313322022,0.0586564346853535
15.0604095737852,0.303995105186827,0.0343657883874489,4.23044217652439e-05,0.132020120634803,-0.0386886596435006,-0.00877769841753517,0,0,0,0,0,0,0,0,0,-0.844502522788321,-0.112037739784568,0.0584198326738272
15.0704098457466,0.304338774512714,0.0343662055990371,4.11366091688513e-05,0.131632785018057,-0.0387763159030922,-0.00875306695067252,0,0,0,0,0,0,0,0,0,-0.845620009524687,-0.111454704790871,0.0581847586682314
15.0804101177079,0.304682447952536,0.034366611161759,3.99747219234231e-05,0.131244574047495,-0.0388637255478519,-0.00872837678920151,0,0,0,0,0,0,0,0,0,-0.846731677506881,-0.110874012963193,0.0579512116733068
15.0904103896692,0.305026125390097,0.034367005135172,3.88188205139878e-05,0.130855490192266,-0.038950887990717,-0.00870362791286644,0,0,0,0,0,0,0,0,0,-0.847837550090842,-0.110295649036426,0.0577191905050647
15.1004106616306,0.305369806709802,0.0343673875794397,3.7668965734046e-05,0.130465535927395,-0.039037802644418,-0.0086788203005401,0,0,0,0,0,0,0,0,0,-0.848937650479916,-0.109719597758314,0.0574886937957835
15.1104109335919,0.305713491796659,0.0343677585553353,3.65252186679897e-05,0.130074713733776,-0.03912446892147,-0.00865395393027334,0,0,0,0,0,0,0,0,0,-0.850032001724987,-0.109145843891106,0.0572597200081668
15.1204112055533,0.306057180536287,0.0343681181242441,3.53876406735247e-05,0.129683026098183,-0.0392108862341646,-0.0086290287793448,0,0,0,0,0,0,0,0,0,-0.851120626724639,-0.10857437221329,0.0570322674259029
15.1304114775146,0.306400872814925,0.0343684663481664,3.42562933640923e-05,0.129290475513266,-0.0392970539945625,-0.00860404482431059,0,0,0,0,0,0,0,0,0,-0.852203548225318,-0.108005167521443,0.0568063341611589
15.140411749476,0.30674456851943,0.0343688032897198,3.31312385912907e-05,0.128897064477557,-0.0393829716144867,-0.0085790020410539,0,0,0,0,0,0,0,0,0,-0.853280788821529,-0.107438214631813,0.0565819181681845
15.1504120214373,0.307088267537293,0.0343691290121416,3.20125384272967e-05,0.12850279549547,-0.0394686385055156,-0.00855390040483469,0,0,0,0,0,0,0,0,0,-0.854352370956037,-0.106873498381891,0.0563590172363679
15.1604122933987,0.307431969756637,0.0343694435792909,3.0900255147286e-05,0.128107671077306,-0.0395540540789777,-0.00852873989033939,0,0,0,0,0,0,0,0,0,-0.855418316920087,-0.106311003632137,0.0561376289941229
15.17041256536,0.307775675066229,0.0343697470556503,2.97944512118562e-05,0.127711693739254,-0.0396392177459452,-0.0085035204717305,0,0,0,0,0,0,0,0,0,-0.856478648853646,-0.105750715267478,0.0559177509194389
15.1804128373213,0.308119383355482,0.0343700395063281,2.86951892494484e-05,0.127314866003393,-0.03972412891723,-0.00847824212269634,0,0,0,0,0,0,0,0,0,-0.85753338874565,-0.105192618198815,0.0556993803365458
15.1904131092827,0.308463094514465,0.0343703209970597,2.76025320387675e-05,0.126917190397694,-0.0398087870033782,-0.00845290481650064,0,0,0,0,0,0,0,0,0,-0.858582558434274,-0.10463669736459,0.055482514426186
15.200413381244,0.308806808433908,0.0343705915942087,2.65165424912036e-05,0.126518669456028,-0.0398931914146671,-0.00842750852603223,0,0,0,0,0,0,0,0,0,-0.859626179607216,-0.104082937732093,0.0552671502264454
15.2104136532054,0.309150525005205,0.0343708513647687,2.54372836332564e-05,0.126119305718162,-0.039977341561101,-0.00840205322385474,0,0,0,0,0,0,0,0,0,-0.860664273801988,-0.103531324299004,0.0550532846280348
15.2204139251667,0.309494244120425,0.0343711003763639,2.43648185889541e-05,0.125719101729763,-0.0400612368524082,-0.00837653888225622,0,0,0,0,0,0,0,0,0,-0.861696862406232,-0.102981842094802,0.0548409143903915
15.2304141971281,0.309837965672316,0.0343713386972504,2.32992105622736e-05,0.125318060042406,-0.0401448766980391,-0.00835096547329883,0,0,0,0,0,0,0,0,0,-0.862723966658044,-0.102434476181979,0.0546300361402848
15.2404144690894,0.310181689554314,0.0343715663963164,2.22405228195655e-05,0.124916183213571,-0.0402282605071636,-0.00832533296886853,0,0,0,0,0,0,0,0,0,-0.863745607646308,-0.10188921165748,0.0544206463698786
15.2504147410508,0.310525415660542,0.0343717835430832,2.11888186719741e-05,0.124513473806648,-0.0403113876886696,-0.00829964134072466,0,0,0,0,0,0,0,0,0,-0.864761806311048,-0.101346033653957,0.0542127414453348
15.2604150130121,0.310869143885827,0.0343719902077053,2.01441614578596e-05,0.12410993439094,-0.0403942576511625,-0.00827389056054974,0,0,0,0,0,0,0,0,0,-0.865772583443794,-0.100804927341033,0.0540063176070847
15.2704152849734,0.311212874125696,0.0343721864609708,1.91066145252167e-05,0.123705567541664,-0.0404768698029641,-0.00824808059999899,0,0,0,0,0,0,0,0,0,-0.866777959687956,-0.100265877926554,0.0538013709787192
15.2804155569348,0.311556606276391,0.034372372374301,1.80762412140996e-05,0.123300375839958,-0.040559223552113,-0.00822221143075012,0,0,0,0,0,0,0,0,0,-0.867777955539211,-0.0997288706576721,0.0535978975633764
15.2904158288961,0.311900340234868,0.0343725480197509,1.70531048390435e-05,0.12289436187288,-0.0406413183063646,-0.00819628302455292,0,0,0,0,0,0,0,0,0,-0.868772591345905,-0.0991938908221736,0.0533958932426286
15.3004161008575,0.31224407589881,0.0343727134700081,1.60372686714824e-05,0.122487528233411,-0.0407231534731927,-0.00817029535327897,0,0,0,0,0,0,0,0,0,-0.869761887309462,-0.0986609237495816,0.053195353793695
15.3104163728188,0.312587813166626,0.0343728687983928,1.50287959221749e-05,0.12207987752046,-0.0408047284597904,-0.00814424838897126,0,0,0,0,0,0,0,0,0,-0.870745863484811,-0.0981299548121398,0.0529962748819471
15.3204166447802,0.312931551937467,0.0343730140788569,1.40277497236241e-05,0.121671412338865,-0.0408860426730723,-0.0081181421038939,0,0,0,0,0,0,0,0,0,-0.871724539780814,-0.0976009694260663,0.0527986520609044
15.3304169167415,0.313275292111221,0.0343731493859832,1.30341931124981e-05,0.121262135299398,-0.0409670955196771,-0.00809197647058178,0,0,0,0,0,0,0,0,0,-0.872697935960715,-0.0970739530525369,0.0526024807822311
15.3404171887029,0.313619033588527,0.0343732747949845,1.20481890120529e-05,0.120852049018763,-0.0410478864059702,-0.00806575146189022,0,0,0,0,0,0,0,0,0,-0.873666071642591,-0.0965488911987389,0.0524077563944751
15.3504174606642,0.313962776270782,0.0343733903817018,1.10698002145531e-05,0.120441156119606,-0.0411284147380475,-0.00803946705104464,0,0,0,0,0,0,0,0,0,-0.874628966299822,-0.0960257694188795,0.0522144741513081
15.3604177326256,0.314306520060141,0.0343734962226037,1.00990893636961e-05,0.12002945923051,-0.0412086799217391,-0.00801312321169022,0,0,0,0,0,0,0,0,0,-0.875586639261563,-0.0955045733150756,0.0520226292040613
15.3704180045869,0.314650264859529,0.0343735923947843,9.13611893702676e-06,0.119616960986002,-0.041288681362614,-0.0079867199179416,0,0,0,0,0,0,0,0,0,-0.876539109713228,-0.0949852885385099,0.0518322166072322
15.3804182765482,0.314994010572643,0.0343736789759616,8.18095122836798e-06,0.119203664026556,-0.0413684184659848,-0.0079602571444325,0,0,0,0,0,0,0,0,0,-0.877486396696987,-0.0944679007902123,0.051643231330561
15.3904185485096,0.315337757103962,0.0343737560444755,7.23364833023525e-06,0.118789570998593,-0.0414478906369132,-0.00793373486636543,0,0,0,0,0,0,0,0,0,-0.878428519112267,-0.0939523958219734,0.0514556682488321
15.4004188204709,0.315681504358752,0.0343738236792858,6.29427211626128e-06,0.118374684554485,-0.0415270972802159,-0.00790715305956132,0,0,0,0,0,0,0,0,0,-0.879365495716266,-0.0934387594373302,0.0512695221476112
15.4104190924323,0.316025252243069,0.0343738819599699,5.36288422361834e-06,0.117959007352559,-0.0416060378004714,-0.0078805117005092,0,0,0,0,0,0,0,0,0,-0.880297345124475,-0.0929269774923648,0.0510847877316998
15.4204193643936,0.316369000663771,0.0343739309667204,4.43954603543645e-06,0.117542542057094,-0.0416847116020263,-0.00785381076641589,0,0,0,0,0,0,0,0,0,-0.881224085811205,-0.092417035896521,0.0509014596187539
15.430419636355,0.31671274952852,0.0343739707803422,3.5243186632274e-06,0.117125291338331,-0.0417631180890032,-0.00782705023525562,0,0,0,0,0,0,0,0,0,-0.882145736110128,-0.0919089206135309,0.0507195323456625
15.4404199083163,0.317056498745788,0.0343740014822502,2.61726292930691e-06,0.116707257872467,-0.0418412566653085,-0.00780023008581973,0,0,0,0,0,0,0,0,0,-0.883062314214823,-0.0914026176621033,0.0505390003724341
15.4504201802777,0.317400248224864,0.0343740231544657,1.71843934921353e-06,0.116288444341663,-0.0419191267346408,-0.00777335029776633,0,0,0,0,0,0,0,0,0,-0.883973838179328,-0.0908981131167732,0.0503598580774853
15.460420452239,0.317743997875864,0.0343740358796138,8.27908114131863e-07,0.115868853434046,-0.0419967277004998,-0.00774641085166997,0,0,0,0,0,0,0,0,0,-0.884880325918704,-0.0903953931086842,0.0501820997670694
15.4704207242003,0.318087747609728,0.0343740397409197,-5.42709266844986e-08,0.115448487843705,-0.0420740589661956,-0.00771941172907129,0,0,0,0,0,0,0,0,0,-0.885781795209607,-0.0898944438262492,0.0500057196752777
15.4804209961617,0.318431497338235,0.0343740348222055,-9.28038283494839e-07,0.115027350270701,-0.0421511199348591,-0.0076923529125267,0,0,0,0,0,0,0,0,0,-0.886678263690857,-0.0893952515159331,0.0498307119607127
15.490421268123,0.318775246974003,0.0343740212078861,-1.79333484364808e-06,0.114605443421062,-0.0422279100094515,-0.00766523438565804,0,0,0,0,0,0,0,0,0,-0.887569748864031,-0.08889780248298,0.0496570707153661
15.5004215400844,0.3191189964305,0.0343739989829657,-2.65010188915899e-06,0.114182770006789,-0.0423044285927763,-0.00763805613320225,0,0,0,0,0,0,0,0,0,-0.888456268094048,-0.0884020830920183,0.0494847899654531
15.5104218120457,0.319462745622043,0.0343739682330337,-3.49828111429178e-06,0.113759332745855,-0.0423806750874898,-0.00761081814106105,0,0,0,0,0,0,0,0,0,-0.88933783860977,-0.0879080797677709,0.0493138636639179
15.5204220840071,0.319806494463811,0.0343739290442604,-4.33781464313364e-06,0.113335134362207,-0.0424566488961134,-0.00758352039635058,0,0,0,0,0,0,0,0,0,-0.890214477504603,-0.0874157789958106,0.0491442857026448
15.5304223559684,0.320150242871847,0.0343738815033927,-5.16864504717426e-06,0.112910177585768,-0.0425323494210461,-0.00755616288745108,0,0,0,0,0,0,0,0,0,-0.891086201737112,-0.086925167323026,0.0489760499160695
15.5404226279298,0.320493990763063,0.0343738256977493,-5.99071536288903e-06,0.112484465152439,-0.042607776064577,-0.00752874560405656,0,0,0,0,0,0,0,0,0,-0.891953028131634,-0.0864362313583044,0.0488091500722932
15.5504228998911,0.320837738055249,0.0343737617152164,-6.80396910931005e-06,0.112057999804096,-0.042682928228899,-0.00750126853722444,0,0,0,0,0,0,0,0,0,-0.892814973378905,-0.0859489577731759,0.0486435798783578
15.5604231718524,0.321181484667074,0.0343736896442423,-7.60835030560905e-06,0.111630784288596,-0.0427578053161228,-0.00747373167942529,0,0,0,0,0,0,0,0,0,-0.893672054036686,-0.0854633333023904,0.0484793329844128
15.5704234438138,0.321525230518097,0.0343736095738328,-8.40380348867504e-06,0.111202821359775,-0.0428324067282907,-0.00744613502459239,0,0,0,0,0,0,0,0,0,-0.894524286530399,-0.0849793447444785,0.048316402989259
15.5804237157751,0.32186897552877,0.0343735215935455,-9.19027373069529e-06,0.110774113777448,-0.0429067318673922,-0.00741847856817146,0,0,0,0,0,0,0,0,0,-0.895371687153769,-0.0844969789622174,0.0481547834325824
15.5904239877365,0.32221271962044,0.0343734257934847,-9.96770665672884e-06,0.110344664307411,-0.0429807801353788,-0.00739076230717036,0,0,0,0,0,0,0,0,0,-0.896214272069468,-0.0840162228833475,0.0479944677957866
15.6004242596978,0.322556462715361,0.0343733222642954,-1.07360484622857e-05,0.109914475721441,-0.0430545509341801,-0.00736298624020867,0,0,0,0,0,0,0,0,0,-0.897052057309766,-0.0835370635010217,0.0478354495155884
15.6104245316592,0.322900204736695,0.0343732110971579,-1.14952459309124e-05,0.109483550797296,-0.0431280436657204,-0.00733515036756741,0,0,0,0,0,0,0,0,0,-0.897885058777192,-0.0830594878742494,0.0476777219748653
15.6204248036205,0.323243945608519,0.0343730923837816,-1.22452464517579e-05,0.109051892318715,-0.043201257731935,-0.00730725469123872,0,0,0,0,0,0,0,0,0,-0.898713292245191,-0.0825834831285296,0.0475212785065345
15.6304250755819,0.323587685255828,0.034372966216399,-1.29859980371669e-05,0.108619503075417,-0.043274192534788,-0.00727929921497545,0,0,0,0,0,0,0,0,0,-0.899536773358793,-0.0821090364562171,0.0473661123968869
15.6404253475432,0.323931423604545,0.0343728326877593,-1.37174493402445e-05,0.108186385863101,-0.0433468474762903,-0.00725128394434095,0,0,0,0,0,0,0,0,0,-0.900355517635284,-0.0816361351170886,0.047212216879483
15.6504256195045,0.32427516058152,0.0343726918911218,-1.44395496724446e-05,0.107752543483447,-0.0434192219585172,-0.00722320888675861,0,0,0,0,0,0,0,0,0,-0.901169540464881,-0.0811647664388314,0.0470595851476362
15.6604258914659,0.324618896114539,0.0343725439202494,-1.51522490211421e-05,0.107317978744113,-0.0434913153836283,-0.00719507405156161,0,0,0,0,0,0,0,0,0,-0.901978857111418,-0.0806949178173598,0.046908210352476
15.6704261634272,0.324962630132331,0.0343723888694017,-1.58554980672171e-05,0.106882694458736,-0.0435631271538858,-0.00716687945004254,0,0,0,0,0,0,0,0,0,-0.902783482713025,-0.080226576717342,0.0467580855939888
15.6804264353886,0.325306362564565,0.0343722268333279,-1.65492482026254e-05,0.106446693446929,-0.0436346566716751,-0.00713862509550312,0,0,0,0,0,0,0,0,0,-0.90358343228282,-0.0797597306726963,0.0466092039322254
15.6904267073499,0.325650093341864,0.0343720579072597,-1.72334515479865e-05,0.106009978534281,-0.0437059033395249,-0.00711031100330379,0,0,0,0,0,0,0,0,0,-0.904378720709606,-0.079294367286894,0.0464615583879834
15.7004269793113,0.325993822395804,0.034371882186904,-1.79080609701542e-05,0.105572552552356,-0.0437768665601277,-0.00708193719091344,0,0,0,0,0,0,0,0,0,-0.905169362758564,-0.0788304742334408,0.0463151419393432
15.7104272512726,0.326337549658921,0.034371699768435,-1.85730300997997e-05,0.105134418338688,-0.0438475457363619,-0.00705350367795906,0,0,0,0,0,0,0,0,0,-0.905955373071959,-0.0783680392562505,0.0461699475270063
15.720427523234,0.326681275064715,0.0343715107484869,-1.9228313348987e-05,0.104695578736784,-0.0439179402713128,-0.00702501048627538,0,0,0,0,0,0,0,0,0,-0.906736766169844,-0.0779070501700187,0.0460259680514061
15.7304277951953,0.327024998547653,0.0343713152241458,-1.98738659287537e-05,0.104256036596117,-0.0439880495682955,-0.00699645763995457,0,0,0,0,0,0,0,0,0,-0.907513556450771,-0.0774474948606541,0.0458831963755832
15.7404280671567,0.327368720043179,0.0343711132929416,-2.05096438666895e-05,0.103815794772127,-0.0440578730308775,-0.00696784516539591,0,0,0,0,0,0,0,0,0,-0.908285758192506,-0.0769893612855954,0.0457416253267782
15.750428339118,0.32771243948771,0.0343709050528398,-2.11356040245121e-05,0.103374856126217,-0.0441274100629019,-0.00693917309135541,0,0,0,0,0,0,0,0,0,-0.909053385552744,-0.0765326374742107,0.0456012476961511
15.7604286110793,0.328056156818648,0.0343706906022329,-2.1751704115649e-05,0.10293322352575,-0.0441966600685116,-0.00691044144899552,0,0,0,0,0,0,0,0,0,-0.909816452569829,-0.0760773115281191,0.0454620562412762
15.7704288830407,0.32839987197438,0.0343704700399321,-2.23579027228133e-05,0.102490899844047,-0.0442656224521731,-0.00688165027193478,0,0,0,0,0,0,0,0,0,-0.910574973163482,-0.0756233716215412,0.0453240436828176
15.780429155002,0.328743584894283,0.0343702434651585,-2.29541593155835e-05,0.10204788796038,-0.0443342966187017,-0.00685279959629751,0,0,0,0,0,0,0,0,0,-0.911328961135527,-0.075170806001687,0.0451872027081343
15.7904294269634,0.329087295518729,0.0343700109775337,-2.35404342679816e-05,0.101604190759975,-0.0444026819732869,-0.00682388946076343,0,0,0,0,0,0,0,0,0,-0.912078430170623,-0.0747196029890337,0.0450515259751659
15.8004296989247,0.329431003789086,0.0343697726770711,-2.41166888760505e-05,0.101159811134002,-0.0444707779215176,-0.00679491990661736,0,0,0,0,0,0,0,0,0,-0.912823393836995,-0.0742697509776365,0.0449170061096569
15.8104299708861,0.329774709647727,0.0343695286641666,-2.46828853754366e-05,0.100714751979574,-0.0445385838694091,-0.00676589097779888,0,0,0,0,0,0,0,0,0,-0.913563865587178,-0.0738212384354618,0.0447836357037694
15.8204302428474,0.33011841303803,0.0343692790395888,-2.52389869589634e-05,0.100269016199741,-0.0446060992234294,-0.00673680272095199,0,0,0,0,0,0,0,0,0,-0.914299858758751,-0.0733740539047256,0.0446514073191358
15.8304305148088,0.330462113904381,0.0343690239044696,-2.57849577942091e-05,0.0998226067034855,-0.0446733233905268,-0.0067076551854748,0,0,0,0,0,0,0,0,0,-0.915031386575085,-0.0729281860021655,0.0445203134901909
15.8404307867701,0.33080581219218,0.0343687633602942,-2.63207630410936e-05,0.0993755264057205,-0.0447402557781576,-0.00667844842356916,0,0,0,0,0,0,0,0,0,-0.915758462146089,-0.0724836234193131,0.0443903467225036
15.8504310587314,0.331149507847846,0.0343684975088914,-2.68463688694479e-05,0.0989277782272802,-0.0448068957943143,-0.00664918249029034,0,0,0,0,0,0,0,0,0,-0.916481098468959,-0.0720403549227987,0.0442614994891713
15.8604313306928,0.331493200818813,0.0343682264524229,-2.73617424765947e-05,0.0984793650949167,-0.0448732428475543,-0.00661985744359673,0,0,0,0,0,0,0,0,0,-0.917199308428929,-0.0715983693546958,0.0441337642369248
15.8704316026541,0.331836891053543,0.0343679502933735,-2.78668521049301e-05,0.0980302899412935,-0.0449392963470295,-0.00659047334439944,0,0,0,0,0,0,0,0,0,-0.91791310480003,-0.0711576556327044,0.0440071333877941
15.8804318746155,0.332180578501522,0.03436766913454,-2.83616670594995e-05,0.0975805557049798,-0.0450050557025159,-0.00656103025661203,0,0,0,0,0,0,0,0,0,-0.918622500245846,-0.0707182027504616,0.0438815993343901
15.8904321465768,0.332524263113266,0.0343673830790211,-2.88461577255751e-05,0.0971301653304442,-0.0450705203244439,-0.00653152824720014,0,0,0,0,0,0,0,0,0,-0.919327507320275,-0.0702799997778191,0.0437571544426779
15.9004324185382,0.332867944840324,0.0343670922302058,-2.9320295586238e-05,0.0966791217680474,-0.0451356896239288,-0.00650196738623116,0,0,0,0,0,0,0,0,0,-0.920028138468289,-0.0698430358610989,0.04363379105337
15.9104326904995,0.333211623635279,0.0343667966917631,-2.97840532399537e-05,0.0962274279740356,-0.0452005630128026,-0.00647234774692392,0,0,0,0,0,0,0,0,0,-0.920724406026709,-0.0694073002233427,0.0435115014816421
15.9204329624609,0.333555299451754,0.0343664965676302,-3.02374044181511e-05,0.0957750869105333,-0.0452651399036453,-0.00644266940569833,0,0,0,0,0,0,0,0,0,-0.921416322224962,-0.0689727821645731,0.0433902780174139
15.9304332344222,0.33389897224441,0.034366191962001,-3.06803240028002e-05,0.0953221015455352,-0.0453294197098175,-0.00641293244222505,0,0,0,0,0,0,0,0,0,-0.922103899185861,-0.0685394710620377,0.0432701129272937
15.9404335063835,0.334242641968955,0.0343658829793153,-3.1112788043995e-05,0.094868474852899,-0.0453934018454927,-0.00638313693947518,0,0,0,0,0,0,0,0,0,-0.922787148926376,-0.0681073563704311,0.0431509984504119
15.9504337783449,0.334586308582138,0.034365569724246,-3.15347737775233e-05,0.0944142098123363,-0.0454570857256911,-0.00635328298376989,0,0,0,0,0,0,0,0,0,-0.923466083358406,-0.0676764276222223,0.0430329268036944
15.9604340503062,0.334929972041761,0.0343652523016879,-3.19462596424547e-05,0.093959309409404,-0.0455204707663131,-0.00632337066483011,0,0,0,0,0,0,0,0,0,-0.924140714289565,-0.0672466744277719,0.0429158901826993
15.9704343222676,0.335273632306671,0.0343649308167453,-3.23472252987132e-05,0.0935037766354962,-0.0455835563841733,-0.0062934000758262,0,0,0,0,0,0,0,0,0,-0.924811053423954,-0.0668180864756419,0.0427998807549683
15.9804345942289,0.33561728933677,0.0343646053747197,-3.27376516446575e-05,0.093047614487834,-0.0456463419970357,-0.0062633713134276,0,0,0,0,0,0,0,0,0,-0.925477112362951,-0.0663906535328463,0.0426848906668623
15.9904348661903,0.335960943093015,0.0343642760810973,-3.31175208346584e-05,0.0925908259694559,-0.0457088270236487,-0.00623328447785249,0,0,0,0,0,0,0,0,0,-0.926138902605994,-0.0659643654450241,0.0425709120463016
16.0004351381516,0.336304593537415,0.0343639430415364,-3.34868162966798e-05,0.0921334140892085,-0.0457710108837807,-0.0062031396729175,0,0,0,0,0,0,0,0,0,-0.926796435551366,-0.0655392121366353,0.0424579369934042
16.010435410113,0.33664824063304,0.0343636063618549,-3.3845522749854e-05,0.0916753818617354,-0.0458328929982568,-0.00617293700608736,0,0,0,0,0,0,0,0,0,-0.927449722496991,-0.0651151836113208,0.0423459575853401
16.0204356820743,0.336991884344017,0.0343632661480165,-3.4193626222063e-05,0.0912167323074662,-0.0458944727889949,-0.00614267658852447,0,0,0,0,0,0,0,0,0,-0.928098774641219,-0.0646922699520013,0.0422349658820536
16.0304359540356,0.337335524635533,0.0343629225061183,-3.45311140675131e-05,0.0907574684526069,-0.0459557496790434,-0.00611235853513876,0,0,0,0,0,0,0,0,0,-0.928743603083624,-0.0642704613211236,0.0421249539173313
16.040436225997,0.337679161473839,0.0343625755423771,-3.48579749843168e-05,0.0902975933291263,-0.0460167230926188,-0.00608198296463717,0,0,0,0,0,0,0,0,0,-0.929384218825803,-0.0638497479609365,0.042015913704841
16.0504364979583,0.338022794826246,0.0343622253631159,-3.51741990320724e-05,0.0898371099747459,-0.0460773924551438,-0.00605154999957341,0,0,0,0,0,0,0,0,0,-0.93002063277217,-0.0634301201936179,0.0419078372359085
16.0604367699197,0.338366424661131,0.0343618720747503,-3.54797776494391e-05,0.0893760214329266,-0.0461377571932863,-0.00602105976639764,0,0,0,0,0,0,0,0,0,-0.930652855730757,-0.0630115684215947,0.0418007164816006
16.070437041881,0.338710050947934,0.0343615157837744,-3.57747036717159e-05,0.0889143307528565,-0.0461978167349981,-0.00599051239550606,0,0,0,0,0,0,0,0,0,-0.931280898414023,-0.0625940831276278,0.0416945433937551
16.0804373138424,0.339053673657161,0.0343611565967471,-3.60589713484211e-05,0.0884520409894376,-0.0462575705095553,-0.00595990802129065,0,0,0,0,0,0,0,0,0,-0.931904771439652,-0.0621776548751115,0.0415893098948193
16.0904375858037,0.339397292760383,0.0343607946202775,-3.63325763608725e-05,0.0879891552032729,-0.0463170179475979,-0.00592924678218881,0,0,0,0,0,0,0,0,0,-0.932524485331363,-0.0617622743083621,0.0414850078914658
16.1004378577651,0.33974090823024,0.0343604299610107,-3.65955158397619e-05,0.0875256764606516,-0.0463761584811708,-0.00589852882073301,0,0,0,0,0,0,0,0,0,-0.933140050519721,-0.0613479321526451,0.0413816292739379
16.1104381297264,0.340084520040434,0.0343600627256132,-3.68477883827352e-05,0.0870616078335359,-0.046434991543765,-0.00586775428360047,0,0,0,0,0,0,0,0,0,-0.933751477342948,-0.0609346192144763,0.0412791659035966
16.1204384016878,0.340428128165738,0.034359693020758,-3.70893940719733e-05,0.0865969523995455,-0.0464935165703593,-0.00583692332166285,0,0,0,0,0,0,0,0,0,-0.934358776047733,-0.0605223263818983,0.0411776096219055
16.1304386736491,0.34077173258199,0.03435932095311,-3.73203344917674e-05,0.0861317132419431,-0.0465517329974621,-0.00580603609003588,0,0,0,0,0,0,0,0,0,-0.934961956790052,-0.0601110446246019,0.0410769522500546
16.1404389456104,0.341115333266094,0.0343589466293105,-3.75406127460985e-05,0.0856658934496188,-0.0466096402631549,-0.00577509274812904,0,0,0,0,0,0,0,0,0,-0.935561029635986,-0.0597007649942108,0.0409771855894156
16.1504392175718,0.341458930196021,0.0343585701559621,-3.77502334762148e-05,0.0851994961170732,-0.0466672378071347,-0.00574409345969523,0,0,0,0,0,0,0,0,0,-0.936156004562537,-0.0592914786243927,0.0408783014208631
16.1604394895331,0.341802523350809,0.0343581916396133,-3.79492028782161e-05,0.0847325243444026,-0.0467245250707581,-0.00571303839288042,0,0,0,0,0,0,0,0,0,-0.936746891458454,-0.0588831767311579,0.0407802914990482
16.1704397614945,0.342146112710558,0.0343578111867428,-3.81375287206233e-05,0.0842649812372815,-0.0467815014970853,-0.00568192772027337,0,0,0,0,0,0,0,0,0,-0.937333700125056,-0.0584758506130858,0.0406831475602341
16.1804400334558,0.342489698256436,0.0343574289037435,-3.83152203619584e-05,0.0837968699069443,-0.0468381665309251,-0.00565076161895519,0,0,0,0,0,0,0,0,0,-0.937916440277058,-0.0580694916514661,0.0405868613213616
16.1904403054172,0.342833279970672,0.034357044896907,-3.84822887683338e-05,0.0833281934701695,-0.0468945196188794,-0.00561954027054912,0,0,0,0,0,0,0,0,0,-0.9384951215434,-0.0576640913105439,0.0404914244761581
16.2004405773785,0.343176857836558,0.0343566592724067,-3.86387465310177e-05,0.0828589550492601,-0.0469505602093898,-0.00558826386127016,0,0,0,0,0,0,0,0,0,-0.939069753468077,-0.0572596411377385,0.0403968286921842
16.2104408493399,0.343520431838447,0.0343562721362824,-3.87846078840162e-05,0.0823891577720258,-0.0470062877527828,-0.00555693258197471,0,0,0,0,0,0,0,0,0,-0.939640345510973,-0.0568561327639484,0.0403030656185552
16.2204411213012,0.343864001961754,0.0343558835944227,-3.8919888721654e-05,0.0819188047717629,-0.0470617017013173,-0.00552554662821022,0,0,0,0,0,0,0,0,0,-0.940206907048696,-0.0564535579036155,0.0402101268869499
16.2304413932625,0.344207568192947,0.0343554937525495,-3.90446066161541e-05,0.0814478991872361,-0.0471168015092311,-0.00549410620026492,0,0,0,0,0,0,0,0,0,-0.940769447375416,-0.0560519083550091,0.0401180041008941
16.2404416652239,0.344551130519555,0.0343551027161999,-3.91587808352138e-05,0.0809764441626574,-0.0471715866327891,-0.00546261150321746,0,0,0,0,0,0,0,0,0,-0.941327975703701,-0.055651176000505,0.0400266888405816
16.2504419371852,0.34489468893016,0.0343547105907102,-3.92624323595791e-05,0.0805044428476663,-0.0472260565303311,-0.00543106274698658,0,0,0,0,0,0,0,0,0,-0.941882501165363,-0.0552513528067732,0.0399361726646487
16.2604422091466,0.345238243414396,0.0343543174811981,-3.93555839006332e-05,0.0800318983973079,-0.0472802106623204,-0.00539946014638071,0,0,0,0,0,0,0,0,0,-0.942433032812301,-0.0548524308250215,0.0398464471120183
16.2704424811079,0.345581793962947,0.0343539234925454,-3.94382599179684e-05,0.0795588139720124,-0.0473340484913934,-0.00536780392114776,0,0,0,0,0,0,0,0,0,-0.942979579617345,-0.0544544021911462,0.039757503699347
16.2804427530693,0.345925340567544,0.0343535287293805,-3.95104866369602e-05,0.0790851927375728,-0.0473875694824087,-0.00533609429602469,0,0,0,0,0,0,0,0,0,-0.943522150475109,-0.0540572591260263,0.0396693339125212
16.2904430250306,0.346268883220964,0.0343531332960607,-3.95722920663575e-05,0.0786110378651222,-0.0474407731024975,-0.00530433150078722,0,0,0,0,0,0,0,0,0,-0.944060754202836,-0.0536609939358449,0.0395819292155354
16.300443296992,0.346612421917027,0.0343527372966543,-3.96237060158494e-05,0.0781363525311107,-0.0474936588211145,-0.00527251577029944,0,0,0,0,0,0,0,0,0,-0.944595399541258,-0.0532655990122061,0.0394952810553897
16.3104435689533,0.346955956650589,0.0343523408349222,-3.9664760113655e-05,0.0776611399172825,-0.0475462261100883,-0.0052406473445636,0,0,0,0,0,0,0,0,0,-0.945126095155448,-0.0528710668323577,0.0394093808496597
16.3204438409146,0.347299487417546,0.0343519440142999,-3.96954878240886e-05,0.0771854032106515,-0.0475984744436739,-0.00520872646876961,0,0,0,0,0,0,0,0,0,-0.945652849635678,-0.0524773899595566,0.0393242199877958
16.330444112876,0.347643014214824,0.0343515469378791,-3.97159244651491e-05,0.0767091456034769,-0.0476504032986041,-0.00517675339334488,0,0,0,0,0,0,0,0,0,-0.946175671498282,-0.0520845610432662,0.0392397898399907
16.3404443848373,0.34798653704038,0.0343511497083889,-3.97261072260972e-05,0.0762323702932379,-0.0477020121541427,-0.0051447283740038,0,0,0,0,0,0,0,0,0,-0.946694569186518,-0.0516925728193448,0.0391560817508411
16.3504446567987,0.348330055893193,0.0343507524281771,-3.9726075185025e-05,0.0757550804826084,-0.0477533004921372,-0.00511265167179759,0,0,0,0,0,0,0,0,0,-0.947209551071432,-0.0513014181103681,0.0390730870348965
16.36044492876,0.348673570773268,0.0343503551991912,-3.97158693264453e-05,0.075277279379431,-0.0478042677970726,-0.00508052355316384,0,0,0,0,0,0,0,0,0,-0.94772062545273,-0.0509110898259082,0.0389907969818558
16.3704452007214,0.349017081681624,0.0343499581229591,-3.96955325588678e-05,0.0747989701966902,-0.0478549135561254,-0.00504834428997624,0,0,0,0,0,0,0,0,0,-0.948227800559647,-0.0505215809627518,0.0389092028582197
16.3804454726827,0.349360588620295,0.03434956130057,-3.96651097323669e-05,0.0743201561524847,-0.0479052372592186,-0.00501611415959419,0,0,0,0,0,0,0,0,0,-0.94873108455182,-0.0501328846051456,0.0388282959019947
16.3904457446441,0.349704091592323,0.034349164832655,-3.96246476561768e-05,0.0738408404700006,-0.0479552383990761,-0.00498383344491254,0,0,0,0,0,0,0,0,0,-0.949230485520163,-0.0497449939251208,0.0387480673202932
16.4004460166054,0.350047590601753,0.0343487688193668,-3.95741951162567e-05,0.0733610263774828,-0.048004916471279,-0.0049515024344112,0,0,0,0,0,0,0,0,0,-0.949726011487753,-0.0493579021827867,0.0386685082942951
16.4104462885667,0.350391085653632,0.0343483733603608,-3.95138028928812e-05,0.0728807171082053,-0.0480542709743213,-0.00491912142220481,0,0,0,0,0,0,0,0,0,-0.950217670410702,-0.0489716027265558,0.0385896099802616
16.4204465605281,0.350734576753998,0.034347978554774,-3.94435237782002e-05,0.0723999159004433,-0.0481033014096667,-0.00488669070809245,0,0,0,0,0,0,0,0,0,-0.95070547017905,-0.0485860889934171,0.0385113635043516
16.4304468324894,0.35107806390988,0.0343475845012056,-3.93634125938402e-05,0.0719186259974419,-0.0481520072818054,-0.00485421059760726,0,0,0,0,0,0,0,0,0,-0.951189418617647,-0.0482013545092644,0.0384337599582745
16.4404471044508,0.351421547129287,0.0343471912976966,-3.92735262084671e-05,0.0714368506473866,-0.0482003880983121,-0.00482168140206614,0,0,0,0,0,0,0,0,0,-0.951669523487046,-0.0478173928892574,0.0383567904060879
16.4504473764121,0.351765026421209,0.0343467990417084,-3.91739235553707e-05,0.0709545931033707,-0.0482484433699039,-0.00478910343861936,0,0,0,0,0,0,0,0,0,-0.952145792484397,-0.047434197838014,0.0382804458879872
16.4604476483735,0.352108501795606,0.0343464078301031,-3.90646656500357e-05,0.0704718566233652,-0.0482961726104986,-0.0047564770303003,0,0,0,0,0,0,0,0,0,-0.952618233244342,-0.0470517631498947,0.0382047174085679
16.4704479203348,0.352451973263403,0.0343460177591221,-3.8945815607734e-05,0.0699886444701859,-0.0483435753372743,-0.00472380250607507,0,0,0,0,0,0,0,0,0,-0.953086853339916,-0.0466700827094301,0.038129595936089
16.4804481922962,0.352795440836487,0.0343456289243649,-3.88174386610941e-05,0.0695049599114601,-0.0483906510707286,-0.00469108020089222,0,0,0,0,0,0,0,0,0,-0.953551660283448,-0.0462891504916204,0.0380550724122122
16.4904484642575,0.353138904527695,0.0343452414207681,-3.86796021776758e-05,0.0690208062195932,-0.0484373993347389,-0.0046583104557323,0,0,0,0,0,0,0,0,0,-0.954012661527468,-0.0459089605621684,0.0379811377502415
16.5004487362189,0.35348236435081,0.0343448553425838,-3.85323756775572e-05,0.0685361866717352,-0.0484838196566227,-0.00462549361765769,0,0,0,0,0,0,0,0,0,-0.954469864465616,-0.0455295070778131,0.0379077828234971
16.5104490081802,0.353825820320556,0.0343444707833581,-3.83758308509112e-05,0.0680511045497456,-0.0485299115671989,-0.00459263003986211,0,0,0,0,0,0,0,0,0,-0.954923276433556,-0.0451507842867954,0.0378349984695701
16.5204492801415,0.354169272452587,0.0343440878359092,-3.8210041575579e-05,0.067565563140158,-0.0485756746008495,-0.00455972008172042,0,0,0,0,0,0,0,0,0,-0.955372904709888,-0.0447727865291075,0.0377627754980122
16.5304495521029,0.354512720763483,0.0343437065923056,-3.80350839346514e-05,0.0670795657341438,-0.0486211082955812,-0.00452676410883815,0,0,0,0,0,0,0,0,0,-0.955818756517073,-0.0443955082368046,0.0376911046830269
16.5404498240642,0.354856165270739,0.0343433271438436,-3.78510362340521e-05,0.0665931156274767,-0.0486662121930883,-0.00449376249310127,0,0,0,0,0,0,0,0,0,-0.956260839022349,-0.0440189439344,0.0376199767613835
16.5504500960256,0.35519960599276,0.0343429495810256,-3.76579790201103e-05,0.0661062161204945,-0.0487109858388157,-0.00446071561272584,0,0,0,0,0,0,0,0,0,-0.956699159338663,-0.0436430882392181,0.0375493824302914
16.5604503679869,0.355543042948853,0.034342573993537,-3.74559950971362e-05,0.0656188705180621,-0.0487554287820223,-0.00442762385230765,0,0,0,0,0,0,0,0,0,-0.957133724525599,-0.043267935861833,0.0374793123522057
16.5704506399483,0.355886476159217,0.0343422004702237,-3.72451695450113e-05,0.0651310821295319,-0.0487995405758454,-0.00439448760287188,0,0,0,0,0,0,0,0,0,-0.957564541590312,-0.0428934816063255,0.0374097571569545
16.5804509119096,0.356229905644934,0.0343418290990695,-3.70255897367538e-05,0.064642854268706,-0.0488433207773649,-0.00436130726192279,0,0,0,0,0,0,0,0,0,-0.957991617488463,-0.0425197203706782,0.0373407074308814
16.590451183871,0.356573331427963,0.0343414599671728,-3.67973453561061e-05,0.0641541902537956,-0.0488867689476682,-0.00432808323349341,0,0,0,0,0,0,0,0,0,-0.958414959125166,-0.04214664714725,0.0372721537191565
16.6004514558323,0.356916753531129,0.0343410931607237,-3.65605284151079e-05,0.0636650934073806,-0.0489298846519165,-0.00429481592819511,0,0,0,0,0,0,0,0,0,-0.958834573355926,-0.0417742570231249,0.0372040865313093
16.6104517277936,0.357260171978113,0.0343407287649801,-3.63152332716785e-05,0.0631755670563692,-0.0489726674594099,-0.0042615057632674,0,0,0,0,0,0,0,0,0,-0.959250466987595,-0.0414025451804769,0.0371364963372523
16.620451999755,0.357603586793447,0.0343403668642449,-3.60615566471939e-05,0.0626856145319555,-0.0490151169436546,-0.0042281531626275,0,0,0,0,0,0,0,0,0,-0.959662646779319,-0.041031506896997,0.0370693735626325
16.6304522717163,0.357946998002498,0.0343400075418414,-3.57995976440641e-05,0.0621952391695774,-0.0490572326824295,-0.00419475855692003,0,0,0,0,0,0,0,0,0,-0.960071119443502,-0.0406611375463509,0.0370027085899535
16.6404525436777,0.358290405631462,0.0343396508800904,-3.55294577633091e-05,0.0617044443088737,-0.049099014257854,-0.00416132238356671,0,0,0,0,0,0,0,0,0,-0.960475891646762,-0.0402914325985851,0.0369364917630238
16.650452815639,0.358633809707355,0.0343392969602851,-3.52512409221445e-05,0.0612132332936395,-0.049140461256456,-0.00412784508681594,0,0,0,0,0,0,0,0,0,-0.960876970010898,-0.0399223876204946,0.0368707133800758
16.6604530876004,0.358977210257998,0.0343389458626677,-3.49650534715582e-05,0.0607216094717829,-0.0491815732692402,-0.00409432711779258,0,0,0,0,0,0,0,0,0,-0.961274361113864,-0.039553998276166,0.0368053636926473
16.6704533595617,0.359320607312011,0.0343385976664044,-3.46710042138817e-05,0.0602295761952796,-0.0492223498917574,-0.00406076893454755,0,0,0,0,0,0,0,0,0,-0.961668071490739,-0.0391862603273692,0.0367404329105245
16.6804536315231,0.3596640008988,0.0343382524495612,-3.43692044203773e-05,0.0597371368201262,-0.0492627907241738,-0.00402717100210749,0,0,0,0,0,0,0,0,0,-0.962058107634708,-0.0388191696340004,0.0366759111957341
16.6904539034844,0.360007391048546,0.0343379102890787,-3.40597678488097e-05,0.0592442947062949,-0.0493028953713411,-0.00399353379252444,0,0,0,0,0,0,0,0,0,-0.962444475998046,-0.0384527221545943,0.0366117886636331
16.7004541754457,0.360350777792191,0.0343375712607476,-3.3742810761031e-05,0.0587510532176857,-0.0493426634428669,-0.00395985778492554,0,0,0,0,0,0,0,0,0,-0.962827182993107,-0.0380869139467453,0.0365480553832767
16.7104544474071,0.360694161161434,0.0343372354391834,-3.34184519405527e-05,0.0582574157220784,-0.049382094553186,-0.00392614346556265,0,0,0,0,0,0,0,0,0,-0.963206234993317,-0.0377217411676121,0.0364847013710054
16.7204547193684,0.361037541188711,0.0343369028978008,-3.30868127101304e-05,0.0577633855910844,-0.0494211883216313,-0.00389239132786204,0,0,0,0,0,0,0,0,0,-0.963581638334171,-0.0373572000744682,0.0364217165953475
16.7304549913298,0.361380917907186,0.0343365737087886,-3.27480169493389e-05,0.0572689662000966,-0.0494599443725067,-0.003858601872474,0,0,0,0,0,0,0,0,0,-0.963953399314236,-0.0369932870251072,0.0363590909793246
16.7404552632911,0.36172429135074,0.0343362479430839,-3.24021911121477e-05,0.0567741609282402,-0.0494983623351586,-0.00382477560732264,0,0,0,0,0,0,0,0,0,-0.964321524196161,-0.0366299984783472,0.0362968143883293
16.7504555352525,0.362067661553956,0.0343359256703464,-3.20494642445029e-05,0.0562789731583216,-0.0495364418440495,-0.00379091304765543,0,0,0,0,0,0,0,0,0,-0.96468601920769,-0.0362673309946796,0.0362348766360967
16.7604558072138,0.362411028552107,0.0343356069589321,-3.16899680019134e-05,0.0557834062767762,-0.0495741825388316,-0.00375701471609289,0,0,0,0,0,0,0,0,0,-0.965046890542679,-0.0359052812366536,0.0361732674884992
16.7704560791752,0.362754392381145,0.0343352918758673,-3.1323836667009e-05,0.0552874636736175,-0.0496115840644201,-0.0037230811426783,0,0,0,0,0,0,0,0,0,-0.96540414436212,-0.0355438459694488,0.0361119766506892
16.7804563511365,0.363097753077683,0.0343349804868224,-3.0951207167144e-05,0.0547911487423829,-0.0496486460710683,-0.00368911286492734,0,0,0,0,0,0,0,0,0,-0.965757786795172,-0.0351830220615165,0.036050993774404
16.7904566230978,0.363441110678984,0.034334672856085,-3.05722190919505e-05,0.0542944648800801,-0.0496853682144425,-0.00365511042787774,0,0,0,0,0,0,0,0,0,-0.966107823940194,-0.0348228064850071,0.035990308459117
16.8004568950592,0.36378446522295,0.0343343690465335,-3.01870147109407e-05,0.0537974154871334,-0.0497217501556972,-0.00362107438413899,0,0,0,0,0,0,0,0,0,-0.966454261865787,-0.0344631963163887,0.0359299102444546
16.8104571670205,0.3641278167481,0.0343340691196101,-2.97957389910657e-05,0.0533000039673275,-0.0497577915615511,-0.00358700529394196,0,0,0,0,0,0,0,0,0,-0.966797106611836,-0.0341041887370247,0.0358697886118706
16.8204574389819,0.364471165293564,0.0343337731352935,-2.93985396143077e-05,0.0528022337277521,-0.0497934921043639,-0.0035529037251886,0,0,0,0,0,0,0,0,0,-0.967136364190569,-0.0337457810337594,0.0358099329816854
16.8304577109432,0.364814510899062,0.0343334811520722,-2.89955669952503e-05,0.052304108178745,-0.049828851462213,-0.0035187702535016,0,0,0,0,0,0,0,0,0,-0.967472040587608,-0.0333879705995558,0.035750332716352
16.8404579829046,0.365157853604892,0.0343331932269167,-2.85869742986592e-05,0.0518056307338336,-0.0498638693189708,-0.00348460546227402,0,0,0,0,0,0,0,0,0,-0.967804141763035,-0.0330307549340152,0.0356909771203684
16.8504582548659,0.365501193451915,0.0343329094152518,-2.81729174570633e-05,0.0513068048096783,-0.049898545364383,-0.00345040994271901,0,0,0,0,0,0,0,0,0,-0.968132673652465,-0.0326741316440163,0.0356318554326196
16.8604585268273,0.365844530481537,0.0343326297709292,-2.77535551883324e-05,0.0508076338260122,-0.049932879294147,-0.00341618429391946,0,0,0,0,0,0,0,0,0,-0.968457642168117,-0.0323180984443882,0.0355729568253538
16.8704587987886,0.366187864735696,0.0343323543461993,-2.73290490132485e-05,0.0503081212055809,-0.0499668708099905,-0.00338192912287764,0,0,0,0,0,0,0,0,0,-0.9687790531999,-0.0319626531585708,0.0355142704109606
16.88045907075,0.366531196256842,0.0343320831916833,-2.68995632730949e-05,0.0498082703740829,-0.0500005196197514,-0.00334764504456488,0,0,0,0,0,0,0,0,0,-0.969096912616501,-0.0316077937191515,0.0354557852388275
16.8904593427113,0.366874525087926,0.0343318163563446,-2.64652651472289e-05,0.0493080847601073,-0.0500338254374575,-0.00331333268197128,0,0,0,0,0,0,0,0,0,-0.969411226266479,-0.0312535181685882,0.0353974902866725
16.9004596146726,0.367217851272379,0.0343315538874606,-2.60263246706604e-05,0.0488075677950718,-0.0500667879834069,-0.00327899266615531,0,0,0,0,0,0,0,0,0,-0.96972199997937,-0.03089982465992,0.0353393744639652
16.910459886634,0.367561174854094,0.0343312958305938,-2.55829147516318e-05,0.0483067229131595,-0.050099406984249,-0.0032446256362935,0,0,0,0,0,0,0,0,0,-0.970029239566793,-0.0305467114574212,0.0352814266147126
16.9204601585953,0.367904495877415,0.0343310422295633,-2.5135211189196e-05,0.0478055535512547,-0.0501316821730659,-0.00321023223973012,0,0,0,0,0,0,0,0,0,-0.970332950823568,-0.0301941769372572,0.0352236355148736
16.9304604305567,0.368247814387112,0.0343307931264155,-2.46833926907954e-05,0.0473040631488787,-0.0501636132894547,-0.00317581313202684,0,0,0,0,0,0,0,0,0,-0.970633139528836,-0.0298422195881893,0.0351659898654597
16.940460702518,0.368591130428368,0.0343305485613953,-2.4227640889839e-05,0.0468022551481243,-0.0501952000796091,-0.00314136897701241,0,0,0,0,0,0,0,0,0,-0.970929811447192,-0.0294908380123683,0.0351084782940269
16.9504609744794,0.36893444404676,0.0343303085729162,-2.37681403632796e-05,0.0463001329935883,-0.0502264422964031,-0.00310690044683226,0,0,0,0,0,0,0,0,0,-0.97122297232982,-0.0291400309260107,0.0350510893583879
16.9604612464407,0.369277755288238,0.0343300731975313,-2.33050786491955e-05,0.0457977001323057,-0.0502573396994741,-0.00307240822199827,0,0,0,0,0,0,0,0,0,-0.971512627915636,-0.0287897971601178,0.0349938115413628
16.9704615184021,0.369621064199109,0.0343298424699033,-2.28386462643723e-05,0.0452949600136809,-0.0502878920553068,-0.00303789299143835,0,0,0,0,0,0,0,0,0,-0.971798783932446,-0.0284401356612554,0.0349366332485069
16.9804617903634,0.369964370826018,0.0343296164227747,-2.23690367218685e-05,0.0447919160894188,-0.0503180991373177,-0.00300335545254618,0,0,0,0,0,0,0,0,0,-0.972081446098097,-0.0280910454923201,0.0348795428076013
16.9904620623247,0.370307675215927,0.0343293950869378,-2.18964465486086e-05,0.0442885718134555,-0.0503479607259399,-0.0029687963112308,0,0,0,0,0,0,0,0,0,-0.972360620121649,-0.0277425258333286,0.0348225284696885
17.0004623342861,0.370650977416095,0.0343291784912046,-2.14210753029519e-05,0.0437849306418868,-0.0503774766087087,-0.00293421628196631,0,0,0,0,0,0,0,0,0,-0.972636311704552,-0.027394575982163,0.0347655784087301
17.0104626062474,0.37099427747406,0.0343289666623758,-2.0943125592277e-05,0.0432809960328979,-0.0504066465803471,-0.00289961608784156,0,0,0,0,0,0,0,0,0,-0.972908526541824,-0.0270471953553672,0.0347086807122567
17.0204628782088,0.371337575437619,0.0343287596252111,-2.04628030905544e-05,0.0427767714466905,-0.0504354704428527,-0.00286499646060979,0,0,0,0,0,0,0,0,0,-0.973177270323243,-0.0267003834890789,0.0346518233874899
17.0304631501701,0.371680871354804,0.0343285574023978,-1.99803165559308e-05,0.042272260345409,-0.0504639480055844,-0.00283035814073829,0,0,0,0,0,0,0,0,0,-0.97344254873455,-0.0263541400397043,0.0345949943634756
17.0404634221315,0.372024165273866,0.03432836001452,-1.94958778483049e-05,0.0417674661930678,-0.0504920790853495,-0.0027957018774581,0,0,0,0,0,0,0,0,0,-0.973704367458652,-0.026008464784807,0.0345381814794616
17.0504636940928,0.372367457243247,0.0343281674800277,-1.90097019469008e-05,0.0412623924554757,-0.0505198635064921,-0.00276102842881365,0,0,0,0,0,0,0,0,0,-0.97396273217684,-0.0256633576240146,0.0344813724897014
17.0604639660542,0.372710747311568,0.0343279798152054,-1.85220069678563e-05,0.040757042600159,-0.0505473011009811,-0.00272633856171238,0,0,0,0,0,0,0,0,0,-0.974217648570015,-0.0253188185798121,0.0344245550617066
17.0704642380155,0.373054035527598,0.0343277970341403,-1.80330141817987e-05,0.0402514200962875,-0.0505743917084992,-0.00269163305197456,0,0,0,0,0,0,0,0,0,-0.974469122319916,-0.0249748477984838,0.0343677167728299
17.0804645099768,0.373397321940238,0.0343276191486915,-1.75429480314162e-05,0.0397455284145939,-0.0506011351765324,-0.00265691268438276,0,0,0,0,0,0,0,0,0,-0.974717159110371,-0.0246314455509746,0.0343108451148386
17.0904647819382,0.373740606598495,0.0343274461684573,-1.7052036149045e-05,0.0392393710272973,-0.0506275313604595,-0.00262217825273165,0,0,0,0,0,0,0,0,0,-0.974961764628538,-0.02428861223374,0.0342539274859503
17.1004650538995,0.37408388955146,0.0343272781007436,-1.65605093742377e-05,0.0387329514080234,-0.050653580123643,-0.00258743055987765,0,0,0,0,0,0,0,0,0,-0.975202944566173,-0.0239463483697672,0.0341969511878778
17.1104653258609,0.374427170848287,0.034327114950532,-1.60686017713603e-05,0.0382262730317231,-0.0506792813375197,-0.00255267041778851,0,0,0,0,0,0,0,0,0,-0.975440704620895,-0.0236046546094847,0.0341399034343468
17.1204655978222,0.374770450538168,0.0343269567204469,-1.55765506471426e-05,0.0377193393745933,-0.0507046348816917,-0.00251789864759309,0,0,0,0,0,0,0,0,0,-0.97567505049747,-0.0232635317316122,0.0340827713424448
17.1304658697836,0.375113728670309,0.0343268034107234,-1.50845965682865e-05,0.0372121539139933,-0.0507296406440192,-0.00248311607963097,0,0,0,0,0,0,0,0,0,-0.97590598790909,-0.0229229806442432,0.0340255419285425
17.1404661417449,0.375457005293905,0.0343266550191747,-1.45929833790234e-05,0.0367047201283615,-0.0507542985207117,-0.0024483235535021,0,0,0,0,0,0,0,0,0,-0.976133522578684,-0.022583002385777,0.0339682021141214
17.1504664137063,0.375800280458118,0.0343265115411586,-1.41019582187013e-05,0.0361970414971335,-0.0507786084164219,-0.00241352191811653,0,0,0,0,0,0,0,0,0,-0.976357660240213,-0.0222435981258849,0.033910738721804
17.1604666856676,0.376143554212052,0.0343263729695453,-1.36117715393587e-05,0.0356891215006544,-0.0508025702443383,-0.00237871203174398,0,0,0,0,0,0,0,0,0,-0.976578406639999,-0.0219047691665208,0.0338531384720724
17.170466957629,0.376486826604725,0.0343262392946835,-1.31226771233139e-05,0.0351809636200951,-0.0508261839262795,-0.00234389476206361,0,0,0,0,0,0,0,0,0,-0.976795767538045,-0.0215665169429533,0.0337953879811318
17.1804672295903,0.376830097685048,0.0343261105043674,-1.26349321007307e-05,0.0346725713373649,-0.0508494493927882,-0.00230907098621363,0,0,0,0,0,0,0,0,0,-0.977009748709376,-0.0212288430248197,0.0337374737622016
17.1904675015516,0.377173367501796,0.034325986583803,-1.21487969672018e-05,0.034163948135023,-0.0508723665832265,-0.00227424159084094,0,0,0,0,0,0,0,0,0,-0.977220355945391,-0.0208917491171318,0.0336793822259858
17.200467773513,0.377516636103583,0.0343258675155743,-1.16645356013246e-05,0.033655097496191,-0.0508949354458708,-0.00223940747215086,0,0,0,0,0,0,0,0,0,-0.977427595055215,-0.0205552370613199,0.0336210996736024
17.2104680454743,0.377859903538834,0.0343257532796097,-1.11824152822915e-05,0.0331460229044631,-0.0509171559380076,-0.00220456953595679,0,0,0,0,0,0,0,0,0,-0.977631471867077,-0.0202193088363808,0.0335626122958353
17.2204683174357,0.378203169855763,0.0343256438531473,-1.07027067074507e-05,0.0326367278438142,-0.0509390280260305,-0.0021697286977298,0,0,0,0,0,0,0,0,0,-0.977831992229684,-0.0198839665599368,0.0335039061771025
17.230468589397,0.378546435102341,0.0343255392107013,-1.02256840098926e-05,0.0321272157985103,-0.0509605516855361,-0.00213488588264837,0,0,0,0,0,0,0,0,0,-0.978029162013616,-0.019549212489304,0.0334449672892689
17.2404688613584,0.37888969932627,0.0343254393240271,-9.75162477603593e-06,0.0316174902530144,-0.0509817269014221,-0.00210004202564807,0,0,0,0,0,0,0,0,0,-0.97822298711273,-0.0192150490226749,0.0333857814904982
17.2504691333197,0.379232962574957,0.0343253441620867,-9.2808100631991e-06,0.0311075546918941,-0.0510025536679846,-0.00206519807147116,0,0,0,0,0,0,0,0,0,-0.978413473445571,-0.01888147870021,0.033326334524061
17.2604694052811,0.379576224895482,0.0343252536910143,-8.81352441716539e-06,0.0305974125997264,-0.0510230319890166,-0.00203035497471631,0,0,0,0,0,0,0,0,0,-0.978600626956799,-0.0185485042052441,0.0332666120183212
17.2704696772424,0.379919486334576,0.0343251678740808,-8.35005588979308e-06,0.0300870674610022,-0.0510431618779072,-0.0019955136998882,0,0,0,0,0,0,0,0,0,-0.978784453618628,-0.0182161283653785,0.0332065994858557
17.2804699492037,0.380262746938584,0.0343250866716591,-7.89069605656426e-06,0.0295765227600305,-0.05106294335774,-0.00196067522144729,0,0,0,0,0,0,0,0,0,-0.978964959432272,-0.0178843541537042,0.0331462823141574
17.2904702211651,0.380606006753443,0.0343250100411884,-7.43574003418158e-06,0.0290657819808406,-0.0510823764613939,-0.0019258405238594,0,0,0,0,0,0,0,0,0,-0.979142150429408,-0.0175531846900803,0.0330856457738956
17.3004704931264,0.380949265824648,0.0343249379371389,-6.98548649812644e-06,0.0285548486070832,-0.0511014612316428,-0.00189101060164541,0,0,0,0,0,0,0,0,0,-0.979316032673649,-0.0172226232421928,0.0330246750150543
17.3104707650878,0.381292524197225,0.0343248703109763,-6.54023770026884e-06,0.0280437261219316,-0.0511201977212565,-0.00185618645943094,0,0,0,0,0,0,0,0,0,-0.979486612262027,-0.0168926732269092,0.0329633550584566
17.3204710370491,0.381635781915699,0.0343248071111255,-6.10029948641796e-06,0.0275324180079811,-0.0511385859931021,-0.00182136911199594,0,0,0,0,0,0,0,0,0,-0.979653895326495,-0.016563338211507,0.0329016708038975
17.3304713090105,0.381979039024062,0.0343247482829349,-5.66598131390749e-06,0.0270209277471473,-0.0511566261202458,-0.00178655958432449,0,0,0,0,0,0,0,0,0,-0.979817888035433,-0.0162346219148659,0.0328396070216399
17.3404715809718,0.382322295565747,0.0343246937686402,-5.23759626918361e-06,0.0265092588205638,-0.0511743181860552,-0.00175175891165436,0,0,0,0,0,0,0,0,0,-0.979978596595172,-0.0159065282088667,0.0327771483523334
17.3504718529332,0.382665551583592,0.0343246435073277,-4.81546108538106e-06,0.025997414708478,-0.0511916622843019,-0.00171696813952667,0,0,0,0,0,0,0,0,0,-0.980136027251532,-0.0155790611195846,0.0327142793080702
17.3604721248945,0.38300880711981,0.0343245974348982,-4.39989615988044e-06,0.025485398890148,-0.051208658519265,-0.00168218832383565,0,0,0,0,0,0,0,0,0,-0.980290186291368,-0.0152522248286666,0.0326509842671925
17.3704723968558,0.383352062215957,0.0343245554840299,-3.99122557192188e-06,0.0249732148437356,-0.0512253070058347,-0.00164742053087823,0,0,0,0,0,0,0,0,0,-0.980441080044136,-0.0149260236746296,0.0325872474743008
17.3804726688172,0.383695316912899,0.0343245175841418,-3.58977710015454e-06,0.0244608660462,-0.0512416078696169,-0.00161266583740372,0,0,0,0,0,0,0,0,0,-0.980588714883464,-0.0146004621542372,0.0325230530382309
17.3904729407785,0.384038571250781,0.0343244836613564,-3.19588224023714e-06,0.0239483559731906,-0.0512575612470376,-0.00157792533066348,0,0,0,0,0,0,0,0,0,-0.980733097228744,-0.0142755449238385,0.0324583849323683
17.4004732127399,0.384381825268992,0.0343244536384623,-2.8098762223836e-06,0.023435688098938,-0.0512731672854482,-0.0015432001084606,0,0,0,0,0,0,0,0,0,-0.980874233546734,-0.0139512768007379,0.032393226988069
17.4104734847012,0.384725079006132,0.0343244274348772,-2.4320980289848e-06,0.022922865896144,-0.0512884261432318,-0.00150849127919955,0,0,0,0,0,0,0,0,0,-0.981012130353175,-0.0136276627646659,0.0323275628954075
17.4204737566626,0.385068332499976,0.0343244049666099,-2.06289041216094e-06,0.0224098928358711,-0.0513033379899086,-0.00147379996193588,0,0,0,0,0,0,0,0,0,-0.981146794214422,-0.0133047079591347,0.0322613762064261
17.4304740286239,0.385411585787447,0.0343243861462228,-1.70259991133482e-06,0.0218967723874301,-0.0513179030062434,-0.0014391272864258,0,0,0,0,0,0,0,0,0,-0.98127823174909,-0.0129824176928429,0.0321946503266628
17.4404743005853,0.38575483890457,0.0343243708827936,-1.35157687082619e-06,0.0213835080182678,-0.0513321213843525,-0.00140447439317597,0,0,0,0,0,0,0,0,0,-0.98140644962971,-0.0126607974412007,0.0321273685124553
17.4504745725466,0.386098091886449,0.0343243590818777,-1.01017545742785e-06,0.0208701031938525,-0.0513459933278117,-0.00136984243349306,0,0,0,0,0,0,0,0,0,-0.981531454584409,-0.0123398528477891,0.0320595138774257
17.4604748445079,0.386441344767221,0.0343243506454691,-6.78753677977716e-07,0.0203565613775586,-0.051359519051764,-0.00133523256953345,0,0,0,0,0,0,0,0,0,-0.981653253398592,-0.0120195897257551,0.031991069383797
17.4704751164693,0.386784597580029,0.0343243454719627,-3.57673396932166e-07,0.019842886030551,-0.0513726987830291,-0.00130064597435293,0,0,0,0,0,0,0,0,0,-0.981771852916651,-0.0117000140594447,0.0319220178395621
17.4804753884306,0.387127850356977,0.0343243434561153,-4.73003539571814e-08,0.0193290806116679,-0.0513855327602122,-0.00126608383195637,0,0,0,0,0,0,0,0,0,-0.981887260043684,-0.0113811320058542,0.0318523419052245
17.490475660392,0.387471103129103,0.0343243444890065,2.51995818489024e-07,0.0188151485773008,-0.0513980212338137,-0.00123154733734727,0,0,0,0,0,0,0,0,0,-0.981999481747225,-0.0110629498961287,0.0317820240824291
17.5004759323533,0.387814355926335,0.0343243484580001,5.398415776031e-07,0.0183010933812777,-0.0514101644663396,-0.00119703769657761,0,0,0,0,0,0,0,0,0,-0.982108525058996,-0.0107454742372415,0.0317110467152701
17.5104762043147,0.388157608777455,0.0343243552467047,8.1585945263269e-07,0.01778691847474,-0.0514219627324125,-0.00116255612679735,0,0,0,0,0,0,0,0,0,-0.982214397076677,-0.0104287117134655,0.0316393919944906
17.520476476276,0.388500861710064,0.0343243647349346,1.0796680273e-06,0.0172726273060218,-0.051433416318882,-0.0011281038563042,0,0,0,0,0,0,0,0,0,-0.982317104965678,-0.0101126691879686,0.0315670419470139
17.5304767482374,0.38884411475054,0.0343243767986696,1.33088192224738e-06,0.0167582233205276,-0.0514445255249373,-0.00109368212459325,0,0,0,0,0,0,0,0,0,-0.982416655960946,-0.00979735370449483,0.0314939784358632
17.5404770201987,0.389187367924004,0.034324391310016,1.56911177743365e-06,0.0162437099606069,-0.0514552906622191,-0.00105929218240662,0,0,0,0,0,0,0,0,0,-0.982513057368771,-0.00948277248896179,0.0314201831631368
17.5504772921601,0.389530621254276,0.0343244081371665,1.79396423455607e-06,0.0157290906654308,-0.0514657120549321,-0.00102493529178316,0,0,0,0,0,0,0,0,0,-0.982606316568621,-0.00916893295108162,0.0313456376659693
17.5604775641214,0.389873874763839,0.0343244271443598,2.00504191948917e-06,0.0152143688708647,-0.0514757900399586,-0.000990612726108136,0,0,0,0,0,0,0,0,0,-0.982696441014983,-0.00885584268603891,0.0312703233118921
17.5704778360827,0.390217128473799,0.0343244481918407,2.20194342469477e-06,0.0146995480093408,-0.051485524966972,-0.000956325770162799,0,0,0,0,0,0,0,0,0,-0.982783438239235,-0.00854350947620536,0.0311942212986639
17.5804781080441,0.390560382403844,0.0343244711358196,2.38426329165033e-06,0.0141846315097306,-0.0514949171985511,-0.000922075720174149,0,0,0,0,0,0,0,0,0,-0.982867315851516,-0.00823194129282083,0.0311173126541914
17.5904783800054,0.390903636572204,0.0343244958284319,2.55159199324864e-06,0.0136696227972145,-0.0515039671102945,-0.000887863883864569,0,0,0,0,0,0,0,0,0,-0.982948081542631,-0.00792114629770919,0.0310395782317496
17.6004786519668,0.391246890995608,0.0343245221176972,2.70351591625531e-06,0.0131545252931511,-0.0515126750909365,-0.00085369158050148,0,0,0,0,0,0,0,0,0,-0.983025743085962,-0.00761113284505502,0.0309609987105487
17.6104789239281,0.391590145689246,0.0343245498474781,2.83961734370798e-06,0.0126393424149459,-0.0515210415424619,-0.000819560140947048,0,0,0,0,0,0,0,0,0,-0.9831003083394,-0.00730190948310847,0.0308815545949727
17.6204791958895,0.391933400666727,0.0343245788574398,2.95947443733075e-06,0.0121240775759168,-0.051529066880223,-0.000785470907707767,0,0,0,0,0,0,0,0,0,-0.983171785247298,-0.00699348495597739,0.0308012262072893
17.6304794678508,0.392276655940032,0.0343246089830079,3.06266121997154e-06,0.0116087341851615,-0.0515367515330559,-0.000751425234984206,0,0,0,0,0,0,0,0,0,-0.983240181842435,-0.00668586820547694,0.030719993688585
17.6404797398122,0.392619911519477,0.0343246400553275,3.14874755802256e-06,0.0110933156474212,-0.0515440959433976,-0.000717424488720659,0,0,0,0,0,0,0,0,0,-0.983305506248003,-0.00637906837290404,0.0306378370007289
17.6504800117735,0.392963167413668,0.0343246719012214,3.21729914383602e-06,0.0105778253629438,-0.051551100567404,-0.000683470046654767,0,0,0,0,0,0,0,0,0,-0.983367766679613,-0.0060730948008476,0.0305547359209531
17.6604802837348,0.393306423629456,0.0343247043431483,3.26787747814477e-06,0.0100622667273466,-0.0515577658750678,-0.000649563298367272,0,0,0,0,0,0,0,0,0,-0.983426971447314,-0.00576795703507089,0.0304706700369472
17.6704805556962,0.393649680171897,0.0343247371991607,3.30003985248148e-06,0.00954664313147724,-0.0515640923503375,-0.000615705645331562,0,0,0,0,0,0,0,0,0,-0.983483128957637,-0.00546366482641991,0.0303856187502661
17.6804808276575,0.393992937044202,0.0343247702828628,3.31333933162228e-06,0.00903095796127346,-0.0515700804912362,-0.000581898500963468,0,0,0,0,0,0,0,0,0,-0.983536247715654,-0.00516022813263804,0.0302995612739737
17.6904810996189,0.394336194247699,0.034324803403368,3.30732473596688e-06,0.00851521459762181,-0.0515757308099815,-0.000548143290670823,0,0,0,0,0,0,0,0,0,-0.983586336327055,-0.00485765712032152,0.0302124766264625
17.7004813715802,0.394679451781781,0.0343248363652567,3.28154062399885e-06,0.0079994164162146,-0.0515810438331057,-0.000514441451903182,0,0,0,0,0,0,0,0,0,-0.98363340350025,-0.0045559621668573,0.030124343632741
17.7104816435416,0.395022709643866,0.0343248689685332,3.23552727469318e-06,0.00748356678740714,-0.0515860201015764,-0.000480794434201478,0,0,0,0,0,0,0,0,0,-0.983677458048483,-0.00425515386235275,0.0300351409231213
17.7204819155029,0.39536596782935,0.0343249010085832,3.1688206699361e-06,0.00696766907607221,-0.0515906601709177,-0.000447203699247719,0,0,0,0,0,0,0,0,0,-0.983718508891972,-0.00395524301160019,0.0299448469293903
17.7304821874643,0.395709226331556,0.0343249322761302,3.08095247694424e-06,0.00645172664145341,-0.0515949646113316,-0.000413670720914559,0,0,0,0,0,0,0,0,0,-0.983756565060062,-0.00365624063608321,0.0298534398847351
17.7404824594256,0.396052485141694,0.0343249625571929,2.97145003068237e-06,0.0059357428370187,-0.0515989340078206,-0.000380196985315094,0,0,0,0,0,0,0,0,0,-0.983791635693406,-0.00335815797594223,0.0297608978201205
17.7504827313869,0.396395744248809,0.0343249916330413,2.83983631631419e-06,0.00541972101031124,-0.0516025689603102,-0.000346783990852445,0,0,0,0,0,0,0,0,0,-0.983823730046159,-0.00306100649205326,0.0296671985610335
17.7604830033483,0.396739003639735,0.0343250192801534,2.6856299515821e-06,0.00490366450279969,-0.0516058700837719,-0.000313433248269433,0,0,0,0,0,0,0,0,0,-0.983852857488198,-0.00276479786805907,0.0295723197316174
17.7704832753096,0.397082263299045,0.0343250452701714,2.5083451692503e-06,0.00438757664972711,-0.0516088380083468,-0.000280146280698269,0,0,0,0,0,0,0,0,0,-0.983879027507356,-0.00246954401236518,0.0294762387490471
17.780483547271,0.397425523209008,0.0343250693698576,2.30749179953632e-06,0.00387146077995823,-0.0516114733794703,-0.000246924623710169,0,0,0,0,0,0,0,0,0,-0.983902249711686,-0.00217525706028312,0.0293789328152741
17.7904838192323,0.397768783349532,0.0343250913410502,2.08257525250843e-06,0.00335532021582668,-0.0516137768579958,-0.00021376982536511,0,0,0,0,0,0,0,0,0,-0.983922533831734,-0.00188194937619159,0.0292803789257032
17.8004840911937,0.39811204369812,0.0343251109406196,1.83309650052125e-06,0.00283915827297984,-0.0516157491203208,-0.00018068344626144,0,0,0,0,0,0,0,0,0,-0.983939889722845,-0.00158963355550655,0.0291805538663047
17.810484363155,0.398455304229819,0.0343251279204232,1.55855206064278e-06,0.00232297826022212,-0.0516173908585119,-0.000147667059585509,0,0,0,0,0,0,0,0,0,-0.983954327367482,-0.00129832242690011,0.0290794342013291
17.8204846351164,0.398798564917168,0.0343251420272613,1.25843397706378e-06,0.00180678347935867,-0.0516187027804312,-0.000114722251161433,0,0,0,0,0,0,0,0,0,-0.98396585687757,-0.00100802905451595,0.028976996280956
17.8304849070777,0.39914182573015,0.0343251530028318,9.32229803528566e-07,0.0012905772250365,-0.0516196856098629,-8.18506195006501e-05,0,0,0,0,0,0,0,0,0,-0.983974488496862,-0.000718766740035285,0.0288732162397007
17.8404851790391,0.399485086636139,0.0343251605836857,5.79422585734318e-07,0.00077436278458351,-0.0516203400866403,-4.90537758516367e-05,0,0,0,0,0,0,0,0,0,-0.983980232603324,-0.000430549024924455,0.0287691939878763
17.8504854510004,0.399828347599847,0.0343251645011816,1.99490843798863e-07,0.000258143437849745,-0.0516206669667737,-1.63333442496673e-05,0,0,0,0,0,0,0,0,0,-0.983983099711546,-0.000143367212060337,0.0286918890236671
17.8604857229617,0.400171608583286,0.0343251644930651,-2.01114467888166e-07,-0.000258077542911834,-0.0516206669897218,1.63287512785099e-05,0,0,0,0,0,0,0,0,0,-0.983983100025546,0.000143304361718282,0.0286918830756932
17.8704859949231,0.400514869546832,0.0343251605593152,-5.81049648708203e-07,-0.000774296890105143,-0.0516203401555687,4.90491730541593e-05,0,0,0,0,0,0,0,0,0,-0.983980233546365,0.000430486055619687,0.0287691814069582
17.8804862668844,0.400858130452495,0.0343251529621736,-9.33860181811403e-07,-0.00129051133147737,-0.0516196857248686,8.18460071166065e-05,0,0,0,0,0,0,0,0,0,-0.983974490070282,0.000718703638068025,0.0288732030992606
17.8904865388458,0.401201391264989,0.0343251419702828,-1.26006754800158e-06,-0.00180671758718062,-0.051618702941609,0.000114717629428935,0,0,0,0,0,0,0,0,0,-0.983965859082684,0.00100796582239524,0.0289769833903025
17.9004868108071,0.401544651951687,0.0343251278470931,-1.56018870247052e-06,-0.00232291236988711,-0.051617391065954,0.000147662428740905,0,0,0,0,0,0,0,0,0,-0.983954330205579,0.00129825906711277,0.0290794215568542
17.9104870827685,0.401887912482571,0.0343251108509078,-1.8347360923769e-06,-0.00283909238495085,-0.0516157493741172,0.000180678806539328,0,0,0,0,0,0,0,0,0,-0.983939893195189,0.00158957007048945,0.0291805414649721
17.9204873547298,0.40223117283018,0.0343250912349278,-2.08421767442498e-06,-0.00335525433056805,-0.0516137771582341,0.000213765176998428,0,0,0,0,0,0,0,0,0,-0.983922537939566,0.00188188576837086,0.0292803667633216
17.9304876266912,0.40257443296956,0.0343250692472968,-2.30913693244249e-06,-0.00387139489793463,-0.0516114737262358,0.000246919966930111,0,0,0,0,0,0,0,0,0,-0.983902254456222,0.00217519333201167,0.0293789208865379
17.9404878986525,0.402917692878215,0.0343250451311458,-2.50999289495956e-06,-0.00438751077140426,-0.0516088384017225,0.000280141615734344,0,0,0,0,0,0,0,0,0,-0.983879032889789,0.00246948016596323,0.0294762270529234
17.9504881706138,0.403260952536053,0.0343250191246377,-2.68728015278699e-06,-0.00490359862864426,-0.0516058705238384,0.000313428575349472,0,0,0,0,0,0,0,0,0,-0.983852863509696,0.00276473390585889,0.0295723082650741
17.9604884425752,0.403604211925341,0.0343249914610112,-2.84148887659477e-06,-0.00541965514079023,-0.0516025694471461,0.000346779310202548,0,0,0,0,0,0,0,0,0,-0.98382373670787,0.00306094241631421,0.0296671873186993
17.9704887145365,0.403947471030653,0.0343249623686254,-2.97310483449071e-06,-0.00593567697260033,-0.051598934541502,0.000380192297159707,0,0,0,0,0,0,0,0,0,-0.983791642996454,0.00335809378888914,0.0297608867989213
17.9804889864979,0.404290729838822,0.0343249320710034,-3.08260940959859e-06,-0.00645166078260654,-0.0515949651919324,0.000413666025476433,0,0,0,0,0,0,0,0,0,-0.983756573005549,0.00365617633991417,0.0298534290822922
17.9904892584592,0.404633988338894,0.0343249007868765,-3.17047961763684e-06,-0.00696760322326625,-0.0515906607985096,0.000447198996747925,0,0,0,0,0,0,0,0,0,-0.983718517480978,0.00395517860849248,0.0299448363423946
18.0004895304206,0.404977246522078,0.034324868730227,-3.23718812449707e-06,-0.00748350094111269,-0.051586020776229,0.000480789724859468,0,0,0,0,0,0,0,0,0,-0.983677467282068,0.00425508935443804,0.0300351305475466
18.0104898023819,0.405320504381697,0.0343248361103325,-3.28320326382237e-06,-0.00799935057690244,-0.0515810445548863,0.000514436735936695,0,0,0,0,0,0,0,0,0,-0.98363341337945,0.00455589755623235,0.0301243334655131
18.0204900743433,0.405663761913146,0.0343248031318085,-3.30898905458588e-06,-0.00851514876576355,-0.0515757315789553,0.000548138568295967,0,0,0,0,0,0,0,0,0,-0.983586346852887,0.00485759240905673,0.0302124666649678
18.0304903463046,0.406007019113844,0.0343247699946517,-3.31500521866927e-06,-0.00903089213734156,-0.0515700813074661,0.000581893772394697,0,0,0,0,0,0,0,0,0,-0.983536258889114,0.00516016332277788,0.0302995515149032
18.0404906182659,0.406350275983184,0.0343247368942829,-3.30170719844117e-06,-0.00954657731594425,-0.0515640932138845,0.00061570091078167,0,0,0,0,0,0,0,0,0,-0.983483140779701,0.0054635999199684,0.0303856091898284
18.0504908902273,0.406693532522492,0.0343247040215897,-3.26954617433568e-06,-0.0100622009206861,-0.0515577667859906,0.000649558558047423,0,0,0,0,0,0,0,0,0,-0.983426983918939,0.00576789203399667,0.0304706606720679
18.0604911621886,0.407036788734982,0.0343246715629691,-3.21896908243081e-06,-0.0105777595656299,-0.0515511015257592,0.000683465300774512,0,0,0,0,0,0,0,0,0,-0.983367779801734,0.00607302970709341,0.030554726749339
18.07049143415,0.407380044625706,0.0343246397003696,-3.15041863202701e-06,-0.0110932498599284,-0.0515440969492399,0.000717419737487875,0,0,0,0,0,0,0,0,0,-0.983305520021538,0.00637900318839266,0.0306378280190714
18.0804917061113,0.407723300201519,0.0343246086113335,-3.06433332322553e-06,-0.0116086684079652,-0.0515367525864377,0.000751420478605206,0,0,0,0,0,0,0,0,0,-0.983240196268282,0.00668580293208471,0.0307199848933269
18.0904919780727,0.408066555471023,0.0343245784690393,-2.96114746450702e-06,-0.0121240118094925,-0.0515290679811948,0.000785466146387214,0,0,0,0,0,0,0,0,0,-0.983171800326336,0.00699341959555595,0.0308012175953559
18.100492250034,0.408409810444536,0.0343245494423427,-2.84129119030995e-06,-0.0126392766597698,-0.0515210426910721,0.000819555374888007,0,0,0,0,0,0,0,0,0,-0.983100324072491,0.00730184403747289,0.0308815461641145
18.1104925219954,0.408753065134039,0.0343245216958192,-2.70519047860905e-06,-0.0131544595497,-0.0515126762872314,0.000853686809905412,0,0,0,0,0,0,0,0,0,-0.983025759473948,0.00761106731601194,0.0309609904584971
18.1204927939567,0.40909631955314,0.0343244953898047,-2.55326716849391e-06,-0.0136695570659651,-0.0515039683543186,0.000887859108931296,0,0,0,0,0,0,0,0,0,-0.982948098586339,0.00792108068702809,0.0310395701539287
18.130493065918,0.40943957371703,0.0343244706804375,-2.38593897774714e-06,-0.0141845657911606,-0.0514949184903466,0.00092207094110195,0,0,0,0,0,0,0,0,0,-0.982867333551752,0.00823187560221694,0.0311173047478907
18.1404933378794,0.409782827642437,0.0343244477196992,-2.20361952042328e-06,-0.0146994823039282,-0.0514855263065794,0.000956320987148348,0,0,0,0,0,0,0,0,0,-0.98278345659679,0.00854344370739394,0.0311942135619405
18.1504936098407,0.410126081347592,0.0343244266554552,-2.00671832442701e-06,-0.0152143031790875,-0.0514757914274164,0.000990607939346518,0,0,0,0,0,0,0,0,0,-0.982696460030631,0.00885577684069635,0.0312703157419707
18.1604938818021,0.410469334852182,0.0343244076314963,-1.79564084909151e-06,-0.0157290249877682,-0.0514657134902767,0.00102493050146791,0,0,0,0,0,0,0,0,0,-0.982606336243118,0.00916886703086765,0.0313456302603518
18.1704941537634,0.410812588177313,0.0343243907875786,-1.57078850275726e-06,-0.0162436442975377,-0.0514552921454851,0.00105928738872967,0,0,0,0,0,0,0,0,0,-0.982513077702859,0.00948270649550285,0.0314201759179378
18.1804944257248,0.411155841345469,0.0343243762594643,-1.33255866035036e-06,-0.016758157672531,-0.0514445270561574,0.00109367732774497,0,0,0,0,0,0,0,0,0,-0.982416676955349,0.00979728763937294,0.0314939713477523
18.1904946976861,0.411499094380469,0.0343243641789618,-1.08134468096065e-06,-0.0172725616735781,-0.0514334178980869,0.00112809905647345,0,0,0,0,0,0,0,0,0,-0.982317126621105,0.0101126030527435,0.0315670350143257
18.2004949696475,0.411842347307434,0.0343243546739658,-8.17535925421135e-07,-0.0177868528583286,-0.0514219643596312,0.00116255132417138,0,0,0,0,0,0,0,0,0,-0.98221441939382,0.0104286455096861,0.0316393852161151
18.2104952416088,0.412185600152743,0.0343243478684972,-5.41517773885191e-07,-0.0183010277813793,-0.0514101661415991,0.00119703289134215,0,0,0,0,0,0,0,0,0,-0.982108548038534,0.0107454079664453,0.0317110400867665
18.2204955135702,0.412528852943995,0.034324343882743,-2.53671643406065e-07,-0.0188150829943958,-0.0513980229571391,0.00123154252968651,0,0,0,0,0,0,0,0,0,-0.98199950538982,0.0110628835597756,0.0317820175997353
18.2304957855315,0.412872105709975,0.0343243428330953,4.56249944850183e-08,-0.0193290150462367,-0.0513855345316269,0.00126607902205292,0,0,0,0,0,0,0,0,0,-0.981887284349985,0.0113810656054006,0.0318523355684218
18.2404960574928,0.413215358480609,0.0343243448321915,3.5599859620072e-07,-0.0198428204830752,-0.0513727006025546,0.00130064116238795,0,0,0,0,0,0,0,0,0,-0.981771877887292,0.011699947596352,0.031922011645757
18.2504963294542,0.413558611286935,0.0343243499889525,6.77079528518471e-07,-0.0203564958485191,-0.05135952091942,0.00133522775568651,0,0,0,0,0,0,0,0,0,-0.981653279034191,0.0120195232014221,0.0319910633289643
18.2604966014155,0.413901864161058,0.0343243584086228,1.0085020510023e-06,-0.0208700376837307,-0.0513459952436161,0.00136983761794223,0,0,0,0,0,0,0,0,0,-0.981531480885572,0.0123397862635965,0.032059507960478
18.2704968733769,0.41424511713612,0.0343243701928083,1.34990429842488e-06,-0.0213834425275457,-0.0513321233483216,0.00140446957609786,0,0,0,0,0,0,0,0,0,-0.98140647659703,0.0126607307985255,0.0321273627301789
18.2804971453382,0.41458837024626,0.0343243854395158,1.70092826318768e-06,-0.021896706916589,-0.0513179050183915,0.00143912246799543,0,0,0,0,0,0,0,0,0,-0.981278259383143,0.0129823509930016,0.0321946446757044
18.2904974172996,0.41493162352658,0.034324404243191,2.06121977774425e-06,-0.022409827385393,-0.0513033400502483,0.00147379514232681,0,0,0,0,0,0,0,0,0,-0.981146822515774,0.0133046412034372,0.0322613706861367
18.3004976892609,0.415274877013107,0.0343244266947569,2.43042849702034e-06,-0.022922800466511,-0.0512884282517741,0.00150848645858386,0,0,0,0,0,0,0,0,0,-0.981012159322378,0.0136275959544159,0.032327557502757
18.3104979612223,0.415618130742761,0.0343244528816522,2.80820788083599e-06,-0.0234356226906319,-0.0512731694422023,0.00154319528700883,0,0,0,0,0,0,0,0,0,-0.980874263184327,0.0139512099371845,0.0323932217192429
18.3204982331836,0.415961384753321,0.0343244828878687,3.19421517632738e-06,-0.0239482905866937,-0.0512575634520109,0.00157792050854474,0,0,0,0,0,0,0,0,0,-0.980733127535255,0.014275478008209,0.0324583797867884
18.3304985051449,0.416304639083384,0.0343245167939898,3.58811140036762e-06,-0.0244608006819945,-0.0512416101228154,0.00161266101478562,0,0,0,0,0,0,0,0,0,-0.980588745859407,0.0146003951877694,0.0325230480141841
18.3404987771063,0.416647893772342,0.0343245546772276,3.98956132198863e-06,-0.0249731495023037,-0.0512253093072625,0.00164741570792691,0,0,0,0,0,0,0,0,0,-0.980441111690013,0.0149259566585165,0.0325872425679247
18.3504990490676,0.416991148860337,0.0343245966114605,4.39823344480313e-06,-0.0254853335719724,-0.0512086608689246,0.0016821835007158,0,0,0,0,0,0,0,0,0,-0.98029021860767,0.0152521577640686,0.0326509794760137
18.360499321029,0.417334404388237,0.0343246426672704,4.8137999894253e-06,-0.0259973494140409,-0.0511916646821942,0.00171696331640149,0,0,0,0,0,0,0,0,0,-0.980136060238737,0.0155789940076453,0.0327142746301232
18.3704995929903,0.417677660397598,0.03432469291198,5.23593687589289e-06,-0.0265091935503473,-0.0511743206321794,0.00175175408868562,0,0,0,0,0,0,0,0,0,-0.979978630253749,0.0159064610507072,0.0327771437853961
18.3804998649517,0.418020916930633,0.0343247474096892,5.66432370608857e-06,-0.0270208625016341,-0.0511566286145996,0.00178655476167252,0,0,0,0,0,0,0,0,0,-0.979817922365838,0.0162345547115855,0.0328396025635151
18.390500136913,0.418364174030181,0.0343248062213125,6.09864374616135e-06,-0.0275323527876531,-0.0511385885356814,0.00182136428981959,0,0,0,0,0,0,0,0,0,-0.979653930329174,0.0165632709641825,0.0329016664534535
18.4005004088744,0.418707431739674,0.0343248694046152,6.53858390894867e-06,-0.0280436609272711,-0.0511202003120559,0.00185618163788765,0,0,0,0,0,0,0,0,0,-0.979486647937415,0.0168926059366174,0.0329633508123395
18.4105006808357,0.419050690103104,0.0343249370142495,6.98383473639707e-06,-0.0285547834385725,-0.0511014638706551,0.0018910057808912,0,0,0,0,0,0,0,0,0,-0.97931606902217,0.0172225559099437,0.0330246708702561
18.420500952797,0.419393949164998,0.0343250091017913,7.43409038198411e-06,-0.0290657168389617,-0.0510823791486105,0.00192583570404884,0,0,0,0,0,0,0,0,0,-0.979142187451478,0.0175531173168904,0.0330856417304401
18.4305012247584,0.41973720897038,0.034325085715776,7.88904859314043e-06,-0.0295764576452656,-0.0510629460931507,0.00196067040273355,0,0,0,0,0,0,0,0,0,-0.978964997128294,0.0178842867405838,0.0331462783683678
18.4405014967197,0.420080469564747,0.0343251669017339,8.34841069367028e-06,-0.0300870023738331,-0.0510431646615002,0.00199550888242303,0,0,0,0,0,0,0,0,0,-0.978784491988997,0.0182160609132705,0.0332065956352105
18.4505017686811,0.420423730994034,0.0343252527022266,8.81188156617353e-06,-0.0305973475406347,-0.0510230348207787,0.00203035015865005,0,0,0,0,0,0,0,0,0,-0.9786006660019,0.0185484367151088,0.0332666082631902
18.4605020406424,0.42076699330459,0.0343253431568821,9.27916963446774e-06,-0.0311074896613617,-0.051002556547901,0.00206519325695278,0,0,0,0,0,0,0,0,0,-0.978413513165779,0.0188814111729974,0.0333263308609664
18.4705023126038,0.421110256543142,0.0343254383024302,9.74998684600864e-06,-0.0316174252515227,-0.0509817298294767,0.00210003721282511,0,0,0,0,0,0,0,0,0,-0.978223027508412,0.0192149814592757,0.0333857779163297
18.4805025845651,0.421453520756773,0.0343255381727375,1.02240486543122e-05,-0.0321271508265403,-0.0509605546617111,0.00213488107166697,0,0,0,0,0,0,0,0,0,-0.978029203085129,0.0195491448906061,0.0334449638028034
18.4905028565265,0.421796785992889,0.0343256427988427,1.07010740013767e-05,-0.0326366629018475,-0.0509390310503068,0.00216972388873476,0,0,0,0,0,0,0,0,0,-0.977832033977376,0.0198838989268063,0.0335039027766743
18.5005031284878,0.422140052299193,0.0343257522089911,1.11807853001029e-05,-0.0331459579929804,-0.0509171590103647,0.00220456472909152,0,0,0,0,0,0,0,0,0,-0.977631514291289,0.0202192411696726,0.0335626089789466
18.5105034004492,0.422483319723657,0.0343258664286694,1.16629084167168e-05,-0.0336550326156733,-0.0508949385662865,0.00223940266755739,0,0,0,0,0,0,0,0,0,-0.977427638156279,0.0205551693618499,0.0336210964380334
18.5205036724105,0.422826588314493,0.0343259854806401,1.21471726531904e-05,-0.0341638832859502,-0.0508723697516776,0.00227423678865991,0,0,0,0,0,0,0,0,0,-0.977220399723629,0.0208916813857104,0.0336793790717362
18.5305039443718,0.423169858120127,0.0343261093849755,1.26333107296643e-05,-0.0346725065202176,-0.0508494526092498,0.00230906618658437,0,0,0,0,0,0,0,0,0,-0.977009793165105,0.021228775262263,0.0337374706862186
18.5405042163332,0.423513129189175,0.0343262381590925,1.31210587668678e-05,-0.0351808988353535,-0.0508261871907252,0.00234388996512409,0,0,0,0,0,0,0,0,0,-0.976795812671571,0.0215664491500106,0.0337953849798072
18.5505044882945,0.423856401570412,0.0343263718177857,1.3610156268541e-05,-0.0356890567487977,-0.0508025735567408,0.00237870723763077,0,0,0,0,0,0,0,0,0,-0.976578452451624,0.0219047013439359,0.033853135545406
18.5605047602559,0.424199675312747,0.0343265103732616,1.41003461038572e-05,-0.0361969767786414,-0.0507786117767521,0.00241351712696491,0,0,0,0,0,0,0,0,0,-0.976357706730228,0.0222435302744072,0.0339107358681309
18.5705050322172,0.4245429504652,0.0343266538351721,1.45913744898429e-05,-0.0367046554437133,-0.0507543019289394,0.00244831876544602,0,0,0,0,0,0,0,0,0,-0.976133569747375,0.0225829345061171,0.0339681993308695
18.5805053041786,0.424886227076875,0.034326802210648,1.50829909738003e-05,-0.0372120892636673,-0.0507296441001127,0.00248311129480301,0,0,0,0,0,0,0,0,0,-0.975906035756736,0.022922912737099,0.0340255392136457
18.5905055761399,0.425229505196934,0.0343269555043318,1.55749484157289e-05,-0.0377192747590686,-0.0507046383856181,0.00251789386612454,0,0,0,0,0,0,0,0,0,-0.97567509902434,0.0232634637976528,0.0340827686937387
18.6005058481013,0.425572784874574,0.0343271137184112,1.60670029707464e-05,-0.0382262084514777,-0.0506792848892447,0.00255266563980934,0,0,0,0,0,0,0,0,0,-0.975440753827257,0.0236045866493649,0.0341399008515473
18.6105061200626,0.425916066159,0.0343272768526518,1.65589140715106e-05,-0.0387328868635348,-0.0506535837231312,0.00258742578551649,0,0,0,0,0,0,0,0,0,-0.975202994452283,0.0239462803841505,0.0341969486693441
18.6205063920239,0.426259349099404,0.0343274449044298,1.70504444106413e-05,-0.0392393065190435,-0.050627535007674,0.00262217348211589,0,0,0,0,0,0,0,0,0,-0.974961815194648,0.0242885442232481,0.0342539250277787
18.6305066639853,0.426602633744941,0.0343276178687643,1.75413599231409e-05,-0.0397454639430517,-0.050601138871435,0.00265690791763842,0,0,0,0,0,0,0,0,0,-0.974717210356728,0.024631377516193,0.0343108427161721
18.6405069359466,0.426945920144701,0.0343277957383501,1.80314297688165e-05,-0.0402513556619334,-0.0505743954510508,0.00269162828922639,0,0,0,0,0,0,0,0,0,-0.974469174246759,0.0249747797400174,0.0343677144334336
18.650507207908,0.427289208347694,0.0343279785035893,1.8520426314702e-05,-0.0407569782034697,-0.0505473048911409,0.00272633380308387,0,0,0,0,0,0,0,0,0,-0.974217701177578,0.0253187504982414,0.0344245527782743
18.6605074798693,0.42763249840282,0.0343281661526238,1.90081251174784e-05,-0.0412623280969269,-0.0505198673442184,0.00276102367442697,0,0,0,0,0,0,0,0,0,-0.973962785465352,0.0256632895198783,0.0344813702602235
18.6705077518307,0.427975790358848,0.0343283586713667,1.94943049058956e-05,-0.041767401873135,-0.0504920829705992,0.00279569712743418,0,0,0,0,0,0,0,0,0,-0.973704421428335,0.0260083966586455,0.0345381793030808
18.680508023792,0.428319084264399,0.0343285560435344,1.99787475631954e-05,-0.0422721960645672,-0.0504639519383133,0.00283035339519677,0,0,0,0,0,0,0,0,0,-0.973442603385622,0.0263540718920392,0.0345949922394508
18.6905082957534,0.428662380167917,0.0343287582506773,2.04612381095308e-05,-0.0427767072054142,-0.0504354744230154,0.00286499171966905,0,0,0,0,0,0,0,0,0,-0.973177325655916,0.0267003153204358,0.0346518213136254
18.7005085677147,0.429005678117652,0.0343289652722121,2.09415646843893e-05,-0.0432809318316615,-0.050406650607897,0.00289961135161873,0,0,0,0,0,0,0,0,0,-0.972908582556306,0.0270471271662236,0.0347086786848284
18.710508839676,0.429348978161637,0.034329177085452,2.14195185290132e-05,-0.0437848664811636,-0.050377480683598,0.00293421155057725,0,0,0,0,0,0,0,0,0,-0.972636368401046,0.0273945077729701,0.0347655764279908
18.7205091116374,0.429692280347669,0.034329393665638,2.18948939688224e-05,-0.0442885076937187,-0.0503479648481198,0.00296879158479015,0,0,0,0,0,0,0,0,0,-0.972360677500352,0.0277424576045692,0.0348225265346687
18.7305093835987,0.430035584723287,0.0343296149859698,2.23674883958344e-05,-0.0447918520111414,-0.0503181033067381,0.00300335073116734,0,0,0,0,0,0,0,0,0,-0.972081504159202,0.0280909772444259,0.0348795409155505
18.7405096555601,0.43037889133575,0.0343298410176362,2.28371022510869e-05,-0.0452948959773346,-0.0502878962719165,0.00303788827523347,0,0,0,0,0,0,0,0,0,-0.971798842676144,0.028440067394654,0.0349366313984272
18.7505099275214,0.430722200232022,0.0343300717298455,2.33035390070595e-05,-0.0457976361383624,-0.0502573439632207,0.00307240351107828,0,0,0,0,0,0,0,0,0,-0.971512687342111,0.0287897288752209,0.0349938097310088
18.7605101994828,0.431065511458746,0.0343303070898557,2.37666051500942e-05,-0.0463000690425191,-0.0502264466072333,0.00310689574130689,0,0,0,0,0,0,0,0,0,-0.971223032439252,0.0291399626232012,0.0350510875868395
18.7705104714441,0.431408825062229,0.0343305470630046,2.42261101628175e-05,-0.0468021912403996,-0.0501952044374684,0.00314136427699014,0,0,0,0,0,0,0,0,0,-0.97092987223976,0.0294907696920395,0.0351084765604892
18.7805107434055,0.431752141088425,0.0343307916127398,2.46818665065625e-05,-0.0473039992849689,-0.0501636176942876,0.00317580843761499,0,0,0,0,0,0,0,0,0,-0.970633201004713,0.029842151250708,0.0351659881666334
18.7905110153668,0.432095459582909,0.0343310407006483,2.51336896037894e-05,-0.0478054897316291,-0.0501316866248157,0.00321022755103477,0,0,0,0,0,0,0,0,0,-0.970333012982923,0.030194108582951,0.0352236338501848
18.8005112873281,0.432438780590864,0.0343312942864857,2.55813978205073e-05,-0.0483066591382868,-0.050099411482858,0.00324462095341954,0,0,0,0,0,0,0,0,0,-0.970029302409793,0.0305466430866453,0.0352814249841611
18.8105115592895,0.432782104157062,0.0343315523282063,2.60248124486966e-05,-0.0488075040654206,-0.0500667925288164,0.00327898798920646,0,0,0,0,0,0,0,0,0,-0.969722063506178,0.0308997562730019,0.0353393728633884
18.8205118312508,0.433125430325846,0.0343318147819915,2.64637576887293e-05,-0.0493080210761452,-0.0500338300296077,0.00331332801105006,0,0,0,0,0,0,0,0,0,-0.969411290477254,0.0312534497657999,0.0353974887149597
18.8305121032122,0.43346875914111,0.0343320816022793,2.68980606317911e-05,-0.0498082067362768,-0.0500005242585816,0.00334764037977262,0,0,0,0,0,0,0,0,0,-0.969096977511401,0.0316077253007983,0.0354557836968113
18.8405123751735,0.433812090646287,0.0343323527417927,2.73275512423032e-05,-0.0503080576143977,-0.0499668754954387,0.00338192446431453,0,0,0,0,0,0,0,0,0,-0.96877911877908,0.0319625847249413,0.0355142688955886
18.8505126471349,0.434155424884327,0.034332628151569,2.77520623403432e-05,-0.0508075702819176,-0.0499328840261506,0.00341617964168451,0,0,0,0,0,0,0,0,0,-0.968457708431727,0.0323180299957267,0.0355729553346826
18.8605129190962,0.43449876189768,0.0343329077809876,2.81714295840669e-05,-0.0513067413131376,-0.0498985501428782,0.00345040529691006,0,0,0,0,0,0,0,0,0,-0.968132740600655,0.0326740631805726,0.0356318539666499
18.8705131910576,0.434842101728286,0.0343331915777984,2.85854914521303e-05,-0.0518055672853113,-0.0498638741438927,0.00348460082298778,0,0,0,0,0,0,0,0,0,-0.967804209395952,0.0330306864560335,0.0356909756777127
18.8805134630189,0.43518544441755,0.0343334794881505,2.89940892261105e-05,-0.052304044778705,-0.049828856333496,0.00351876562083362,0,0,0,0,0,0,0,0,0,-0.967472108905395,0.0333879021072582,0.0357503312950883
18.8905137349803,0.435528790006335,0.0343337714566192,2.93970669729272e-05,-0.0528021703766581,-0.0497934970219415,0.0035528990992333,0,0,0,0,0,0,0,0,0,-0.967136433193369,0.0337457125273517,0.0358099315787234
18.9005140069416,0.435872138534938,0.0343340674262348,2.97942715272646e-05,-0.0532999406656416,-0.0497577965253555,0.0035870006747926,0,0,0,0,0,0,0,0,0,-0.966797176299789,0.0341041202166669,0.0358697872266147
18.9105142789029,0.436215490043081,0.0343343673385094,3.0185552473993e-05,-0.0537973522353177,-0.0497217551656599,0.00362106977188773,0,0,0,0,0,0,0,0,0,-0.966454332239031,0.0344631277822751,0.0359299088781155
18.9205145508643,0.436558844569892,0.0343346711334644,3.057076213059e-05,-0.0542944016785959,-0.0496853732704941,0.00365510582261562,0,0,0,0,0,0,0,0,0,-0.966107894998866,0.034822737937322,0.0359903071100554
18.9305148228256,0.436902202153894,0.0343349787496584,3.09497555295618e-05,-0.0547910855916906,-0.0496486511731385,0.00368910826674425,0,0,0,0,0,0,0,0,0,-0.965757858539407,0.0351829535004209,0.036050992439995
18.940515094787,0.437245562832988,0.0343352901242133,3.13223904008657e-05,-0.0552874005741773,-0.0496115892124375,0.00372307655166307,0,0,0,0,0,0,0,0,0,-0.965404216792051,0.0355437773950746,0.0361119753270212
18.9505153667483,0.437588926644436,0.0343356051928421,3.16885271543305e-05,-0.0557833432290471,-0.0495741877327242,0.00375701013233322,0,0,0,0,0,0,0,0,0,-0.965046963658439,0.035905212649084,0.0361732661765581
18.9605156387097,0.437932293624854,0.0343359238898748,3.20480288620785e-05,-0.0562789101627616,-0.0495364470837444,0.00379090847123791,0,0,0,0,0,0,0,0,0,-0.96468609300941,0.036267262394066,0.0362348753381282
18.970515910671,0.438275663810193,0.0343362461482856,3.24007612409474e-05,-0.0567740979853075,-0.0494983676205818,0.0038247710383328,0,0,0,0,0,0,0,0,0,-0.96432159868397,0.0366299298648175,0.0362968130988818
18.9805161826324,0.438619037235727,0.034336571899719,3.27465926349113e-05,-0.0572689033102479,-0.0494599497035835,0.00385859731099627,0,0,0,0,0,0,0,0,0,-0.963953474488264,0.0369932183987038,0.0363590896967073
18.9905164545937,0.43896241393604,0.0343369010745156,3.30853939975023e-05,-0.0577633227547757,-0.0494211936982863,0.00389238677397974,0,0,0,0,0,0,0,0,0,-0.963581714194546,0.0373571314352854,0.0364217153211519
19.000516726555,0.439305793945012,0.0343372336017389,3.34170388742323e-05,-0.0582573529397655,-0.0493820999753427,0.0039261389193581,0,0,0,0,0,0,0,0,0,-0.963206311540166,0.0377216725157243,0.036484700101649
19.0105169985164,0.43964917729581,0.0343375694092005,3.37414033850144e-05,-0.0587509904898232,-0.0493426689104482,0.00395985324647996,0,0,0,0,0,0,0,0,0,-0.962827260226557,0.0380868452821747,0.0365480541176978
19.0205172704777,0.439992564020869,0.0343379084234861,3.40583662065839e-05,-0.0592442320333363,-0.0493029008842689,0.00399352926191796,0,0,0,0,0,0,0,0,0,-0.962444553918224,0.0384526534773941,0.0366117874026379
19.0305175424391,0.440335954151888,0.0343382505699806,3.4367808554921e-05,-0.0597370742025248,-0.0492627962823694,0.00402716647941921,0,0,0,0,0,0,0,0,0,-0.962058186241739,0.0388191009442092,0.0366759099365257
19.0405178144004,0.440679347719811,0.0343385957728939,3.46696141676713e-05,-0.0602295136334877,-0.0492223554951412,0.00406076441985555,0,0,0,0,0,0,0,0,0,-0.96166815078475,0.0391861916249842,0.0367404316520186
19.0505180863618,0.441022744754819,0.0343389439552856,3.49636692865675e-05,-0.0607215469662519,-0.0491815789177319,0.00409432261117386,0,0,0,0,0,0,0,0,0,-0.96127444109498,0.0395539295612041,0.0368053624342843
19.0605183583231,0.441366145286319,0.0343392950390902,3.52498626398515e-05,-0.0612131708448202,-0.0491404669499743,0.00412784058834648,0,0,0,0,0,0,0,0,0,-0.960877050679246,0.0399223188929416,0.0368707121198872
19.0705186302845,0.441709549342931,0.034339648945142,3.55280854246952e-05,-0.0617043819172159,-0.0490990199963172,0.00416131789332147,0,0,0,0,0,0,0,0,0,-0.960475973002467,0.0402913638584187,0.0369364905004848
19.0805189022458,0.442052956952477,0.0343400055931992,3.57982312896224e-05,-0.0621951768355304,-0.0490572384657549,0.00419475407497295,0,0,0,0,0,0,0,0,0,-0.96007120148669,0.0406610687935466,0.0370027073236159
19.0905191742071,0.442396368141972,0.0343403649019688,3.60601963169303e-05,-0.0626855522559671,-0.0490151227717589,0.00422814868905148,0,0,0,0,0,0,0,0,0,-0.959662729510118,0.0410314381315031,0.0370693722914964
19.1005194461685,0.442739782937615,0.0343407267891307,3.63138790051112e-05,-0.063175504838887,-0.0489726733322091,0.00426150129813435,0,0,0,0,0,0,0,0,0,-0.95925055040613,0.0414024764022491,0.0371364950600101
19.1105197181298,0.443083201364773,0.0343410911713617,3.65591802512736e-05,-0.0636650312488511,-0.0489298905693257,0.00429481147157594,0,0,0,0,0,0,0,0,0,-0.958834657462326,0.0417741882320855,0.0372040852465737
19.1205199900912,0.443426623447977,0.0343414579643595,3.67960033335639e-05,-0.0641541281546643,-0.048886774909602,0.00432807878545801,0,0,0,0,0,0,0,0,0,-0.95841504391956,0.0421465783433268,0.037272152426372
19.1305202620525,0.44377004921091,0.0343418270828664,3.70242538935883e-05,-0.0646427922294181,-0.048843326783737,0.00436130282254011,0,0,0,0,0,0,0,0,0,-0.95799170297098,0.0425196515537824,0.0373407061278279
19.1405205340139,0.444113478676398,0.0343421984406929,3.72438399188336e-05,-0.0651310201505313,-0.048799546626569,0.00439448317220984,0,0,0,0,0,0,0,0,0,-0.957564627761081,0.0428934127763406,0.0374097558439096
19.1505208059752,0.444456911866399,0.0343425719507408,3.74546717250894e-05,-0.0656188085997916,-0.0487554348770099,0.0044276194304332,0,0,0,0,0,0,0,0,0,-0.957133811384752,0.0432678670186756,0.0374793110294466
19.1605210779366,0.444800348801998,0.0343429475250268,3.76566619388694e-05,-0.0661061542633966,-0.048710991977979,0.00446071119970498,0,0,0,0,0,0,0,0,0,-0.956699246886333,0.0436430193827772,0.0375493810933781
19.1705213498979,0.445143789503393,0.0343433250747052,3.78497254798329e-05,-0.0665930538319926,-0.0486662183763385,0.00449375808899901,0,0,0,0,0,0,0,0,0,-0.956260927258668,0.0440188750645036,0.0376199754100381
19.1805216218592,0.445487233989892,0.0343437045100911,3.8033779543206e-05,-0.0670795040007139,-0.0486211145228287,0.00452675971371855,0,0,0,0,0,0,0,0,0,-0.955818845442178,0.0443954393533361,0.037691103318637
19.1905218938206,0.445830682279899,0.0343440857406824,3.82087435822037e-05,-0.0675655014692219,-0.0485756808720042,0.00455971569564661,0,0,0,0,0,0,0,0,0,-0.955372994323915,0.0447727176319225,0.0377627741173709
19.2005221657819,0.446174134390913,0.0343444686751831,3.83745392904513e-05,-0.0680510429417421,-0.0485299178821701,0.00459262566289625,0,0,0,0,0,0,0,0,0,-0.954923366736642,0.0451507153757133,0.0378349970704941
19.2105224377433,0.446517590339512,0.0343448532215252,3.85310905844055e-05,-0.0685361251271017,-0.0484838260153189,0.00462548924986098,0,0,0,0,0,0,0,0,0,-0.954469955457902,0.0455294381526457,0.0379077814063988
19.2205227097046,0.446861050141352,0.0343452392868907,3.86783235857765e-05,-0.0690207447387666,-0.0484374057370681,0.00465830609716506,0,0,0,0,0,0,0,0,0,-0.954012753209095,0.0459088916227436,0.0379811363159048
19.230522981666,0.447204513811156,0.0343456267777339,3.88161666039492e-05,-0.0695048984948764,-0.0483906575165983,0.00469107585161379,0,0,0,0,0,0,0,0,0,-0.953551752654559,0.0462890815377657,0.0380550709584435
19.2405232536273,0.44754798136271,0.034346015599803,3.89445501184044e-05,-0.0699885831182799,-0.0483435818265913,0.00472379816614392,0,0,0,0,0,0,0,0,0,-0.953086946400658,0.0466700137409291,0.0381295944598568
19.2505235255887,0.447891452808851,0.0343464056581617,3.90634067611415e-05,-0.0704717953365711,-0.0482961791431691,0.00475647269977395,0,0,0,0,0,0,0,0,0,-0.952618326994861,0.0470516941665143,0.0382047159101226
19.26052379755,0.448234928161465,0.0343467968572109,3.91726712990984e-05,-0.0709545318821214,-0.0482484499458336,0.00478909911755444,0,0,0,0,0,0,0,0,0,-0.952145886924843,0.0474341288395433,0.038280444367613
19.2705240695114,0.448578407431479,0.0343471891007094,3.92722806165743e-05,-0.0714367894921143,-0.0482003947174061,0.00482167709051837,0,0,0,0,0,0,0,0,0,-0.951669618617572,0.0478173238754689,0.0383567888618687
19.2805243414727,0.448921890628853,0.0343475822917957,3.93621736976509e-05,-0.0719185649085778,-0.0481520139439682,0.00485420629563147,0,0,0,0,0,0,0,0,0,-0.951189514438407,0.0482012854799085,0.0384337583882338
19.290524613434,0.449265377762578,0.0343479763330084,3.94422916086134e-05,-0.0723998548784176,-0.0481033081148023,0.00488668641574258,0,0,0,0,0,0,0,0,0,-0.950705566690201,0.0485860199482268,0.0385113619073521
19.3005248853954,0.449608868840664,0.0343483711263069,3.9512577480373e-05,-0.0728806561534472,-0.0480542777223333,0.00491911713953392,0,0,0,0,0,0,0,0,0,-0.950217767612404,0.048971533665259,0.0385896083580295
19.3105251573567,0.449952363870141,0.0343487665730924,3.95729764908873e-05,-0.0733609654904204,-0.0480049232620702,0.00495149816147145,0,0,0,0,0,0,0,0,0,-0.949726109380167,0.049357833105151,0.0386685066460251
19.3205254293181,0.450295862857047,0.034349162574228,3.96234358475827e-05,-0.0738407796510617,-0.047955245232549,0.00498382918175528,0,0,0,0,0,0,0,0,0,-0.949230584103455,0.0497449248308577,0.0387480656406242
19.3305257012794,0.45063936580643,0.0343495590300589,3.96639047697758e-05,-0.0743200954020953,-0.0479052441352751,0.00501610990626986,0,0,0,0,0,0,0,0,0,-0.948731183826157,0.0501328154939155,0.0388282941917315
19.3405259732408,0.450982872722335,0.0343499558404323,3.96943344710943e-05,-0.0747989095152757,-0.047854920474667,0.00504834004653442,0,0,0,0,0,0,0,0,0,-0.948227900525201,0.0505215118342825,0.0389092011205306
19.3505262452021,0.451326383607805,0.0343503529047177,3.97146781418994e-05,-0.075277218767416,-0.0478042747580001,0.00508051931965329,0,0,0,0,0,0,0,0,0,-0.947720726109674,0.0509110206799235,0.0389907952123285
19.3605265171635,0.451669898464875,0.0343507501218261,3.97248909317068e-05,-0.0757550199404162,-0.0477533074953511,0.00511264744826623,0,0,0,0,0,0,0,0,0,-0.947209652419943,0.0513013489465073,0.0390730852300567
19.3705267891248,0.452013417294565,0.0343511473902299,3.9724929931608e-05,-0.0762323098212906,-0.047702019199543,0.00514472416049866,0,0,0,0,0,0,0,0,0,-0.946694671226777,0.0516925036372622,0.0391560799131587
19.3805270610861,0.45235694009688,0.0343515446079817,3.97147541566927e-05,-0.0767090852021961,-0.0476504103860903,0.00517674918991221,0,0,0,0,0,0,0,0,0,-0.946175774230472,0.0520844918426507,0.0392397879690819
19.3905273330475,0.4527004668708,0.0343519416727341,3.96943245284696e-05,-0.0771853428804576,-0.0475984815731449,0.00520872227545484,0,0,0,0,0,0,0,0,0,-0.945652953059987,0.0524773207400549,0.0393242180818313
19.4005276050088,0.453043997614282,0.0343523384817583,3.96636038572878e-05,-0.0776610796585946,-0.0475462332814429,0.00524064316141129,0,0,0,0,0,0,0,0,0,-0.945126199272066,0.0528709975936219,0.0394093789077076
19.4105278769702,0.453387532324255,0.0343527349319628,3.9622556824759e-05,-0.0781362923443473,-0.0474936660342507,0.00527251159735339,0,0,0,0,0,0,0,0,0,-0.944595504350379,0.0532655297538643,0.0394952790754149
19.4205281489315,0.453731070996613,0.0343531309199125,3.95711499661787e-05,-0.0786109777507006,-0.0474407803573132,0.0053043273380904,0,0,0,0,0,0,0,0,0,-0.944060859704658,0.0536609246575086,0.0395819271978151
19.4305284208929,0.454074613626214,0.0343535263418465,3.95093516529475e-05,-0.0790851326959093,-0.047387576778801,0.0053360901436193,0,0,0,0,0,0,0,0,0,-0.943522256669834,0.054057189827329,0.0396693318567775
19.4405286928542,0.454418160206878,0.0343539210936969,3.94371320749929e-05,-0.0795587540035223,-0.0473340558292593,0.00536779977907518,0,0,0,0,0,0,0,0,0,-0.94297968650518,0.0544543328716939,0.0397575016044701
19.4505289648156,0.454761710731383,0.0343543150711067,3.93544632231907e-05,-0.0800318385024053,-0.0472802180415563,0.00539945601468154,0,0,0,0,0,0,0,0,0,-0.942433140393453,0.0548523614844255,0.0398464449766206
19.4605292367769,0.455105265191462,0.0343547081694477,3.92613188717867e-05,-0.0805043830267646,-0.047226063950833,0.00543105862570065,0,0,0,0,0,0,0,0,0,-0.941882609440047,0.0552512834446117,0.0399361704867873
19.4705295087382,0.455448823577798,0.0343551002838382,3.91576745608181e-05,-0.0809763844161686,-0.0471715940944528,0.00546260739238383,0,0,0,0,0,0,0,0,0,-0.941328084672134,0.0556511066163506,0.0400266866210889
19.4805297806996,0.455792385880027,0.0343554913091609,3.9043507578535e-05,-0.0814478395155713,-0.0471168090119518,0.00549410209992187,0,0,0,0,0,0,0,0,0,-0.940769557037821,0.0560518389484566,0.0401180018383825
19.4905300526609,0.456135952086731,0.0343558811400798,3.89187969438218e-05,-0.0819187451753322,-0.0470617092449899,0.00552554253839528,0,0,0,0,0,0,0,0,0,-0.940207017405298,0.0564534884742097,0.0402101245805868
19.5005303246223,0.456479522185438,0.0343562696710577,3.87835233886192e-05,-0.082389098251238,-0.0470062953373019,0.00555692850272466,0,0,0,0,0,0,0,0,0,-0.939640456562003,0.0568560633112674,0.0403030632696821
19.5105305965836,0.456823096162621,0.0343566567963733,3.86376693403452e-05,-0.0828588956045236,-0.0469505678346495,0.00558825979262105,0,0,0,0,0,0,0,0,0,-0.93906986521377,0.0572595716613539,0.0403968262964604
19.520530868545,0.457166674003692,0.034357042410138,3.84812189043168e-05,-0.0833281341018909,-0.0468945272847736,0.00561953621253623,0,0,0,0,0,0,0,0,0,-0.938495233983996,0.0576640218099469,0.0404914220322209
19.5305311405063,0.457510255693007,0.0343574264063123,3.83141578461719e-05,-0.0837968106155295,-0.0468381742373472,0.00565075757161307,0,0,0,0,0,0,0,0,0,-0.937916553412801,0.0580694221262015,0.0405868588318146
19.5405314124677,0.457853841213856,0.034357808678723,3.81364735742901e-05,-0.0842649220231352,-0.0467815092439285,0.00568192368363586,0,0,0,0,0,0,0,0,0,-0.937333813956196,0.0584757810626967,0.0406831450234411
19.550531684429,0.458197430548472,0.0343581891210787,3.79481551222149e-05,-0.0847324652079287,-0.046724532857915,0.00571303436698066,0,0,0,0,0,0,0,0,0,-0.936747005985243,0.058883107155156,0.0407802889126542
19.5605319563903,0.458541023678022,0.0343585676269867,3.77491931310749e-05,-0.0851994370586739,-0.0466672456344979,0.00574408944456558,0,0,0,0,0,0,0,0,0,-0.936156119785234,0.0592914090222741,0.040878298784839
19.5705322283517,0.458884620582607,0.0343589440899685,3.75395798320052e-05,-0.0856658344696958,-0.0466096481306165,0.00577508874380122,0,0,0,0,0,0,0,0,0,-0.935561145554855,0.0597006953654869,0.0409771829042026
19.580532500313,0.459228221241265,0.0343593184034758,3.73193090285693e-05,-0.0861316543408972,-0.046551740904914,0.00580603209654089,0,0,0,0,0,0,0,0,0,-0.934962073405362,0.0601109749687778,0.0410769495140163
19.5905327722744,0.459571825631969,0.0343596904609062,3.70883760791805e-05,-0.0865968935777756,-0.0464935245176929,0.00583691933903097,0,0,0,0,0,0,0,0,0,-0.934358893359756,0.0605222566984522,0.0411776068334616
19.6005330442357,0.459915433731623,0.0343600601556186,3.68467778795231e-05,-0.0870615490914404,-0.0464349995308716,0.00586775031186133,0,0,0,0,0,0,0,0,0,-0.933751595351964,0.0609345495028816,0.041279163061608
19.6105333161971,0.460259045516066,0.0343604273809484,3.65945128449744e-05,-0.0875256177986278,-0.0463761665079413,0.00589852485991554,0,0,0,0,0,0,0,0,0,-0.933140169226015,0.0613478624123577,0.0413816263800141
19.6205335881584,0.46060266096007,0.0343607920302226,3.6331580893026e-05,-0.0879890966217167,-0.0463170260139229,0.00592924283232127,0,0,0,0,0,0,0,0,0,-0.932524604735223,0.0617622045388875,0.0414850049464688
19.6305338601198,0.460946280037342,0.034361153996775,3.60579834257052e-05,-0.0884519824887443,-0.0462575786153252,0.00595990408240064,0,0,0,0,0,0,0,0,0,-0.931904891541372,0.0621775850759226,0.0415893068926693
19.6405341320811,0.461289902720519,0.0343615131739606,3.57737233119969e-05,-0.0889142723334198,-0.0461978248801029,0.00599050846762052,0,0,0,0,0,0,0,0,0,-0.931281019213905,0.0625940132981085,0.041694540333035
19.6505344040425,0.461633528981174,0.0343618694551705,3.54788048702646e-05,-0.0893759630951395,-0.0461377653776159,0.00602105584954285,0,0,0,0,0,0,0,0,0,-0.930652977229106,0.0630114985611897,0.0418007133670318
19.6605346760038,0.461977158789814,0.034362222733846,3.51732338506727e-05,-0.0898370517189999,-0.0460774006785878,0.006051546093775,0,0,0,0,0,0,0,0,0,-0.930020754969297,0.0634300503018056,0.0419078340664113
19.6705349479651,0.46232079211588,0.0343625729034932,3.48570174176069e-05,-0.0902975351558121,-0.0460167313550664,0.00608197906992013,0,0,0,0,0,0,0,0,0,-0.929384341722027,0.0638496780371399,0.0420159104762175
19.6805352199265,0.462664428927749,0.0343629198576966,3.45301641320969e-05,-0.090757410362114,-0.0459557579803837,0.00611235465152746,0,0,0,0,0,0,0,0,0,-0.928743726679266,0.0642703913647369,0.0421249506289971
19.6905354918878,0.463008069192733,0.0343632634901334,3.41926839342373e-05,-0.091216674300183,-0.0458944811291168,0.00614267271604263,0,0,0,0,0,0,0,0,0,-0.928098898936608,0.0646921999624362,0.0422349625360165
19.7005357638492,0.463351712877083,0.034363603694587,3.38445881256089e-05,-0.0916753239380491,-0.0458329013770488,0.0061729331447581,0,0,0,0,0,0,0,0,0,-0.927449847492462,0.0651151135880118,0.042345954179936
19.7105360358105,0.463695359945988,0.0343639403649604,3.34858893517011e-05,-0.0921333562495055,-0.0457710193011312,0.00620313582276334,0,0,0,0,0,0,0,0,0,-0.92679656124726,0.0655391420789603,0.0424579335263656
19.7205363077719,0.464039010363575,0.03436427339529,3.31166015843327e-05,-0.0925907682141209,-0.0457088354794458,0.00623328063889529,0,0,0,0,0,0,0,0,0,-0.926139029002656,0.0659642953523724,0.0425709085195922
19.7305365797332,0.464382664092915,0.0343646026797582,3.27367401040734e-05,-0.093047556817251,-0.0456463504911673,0.00626336748568865,0,0,0,0,0,0,0,0,0,-0.925477239460735,0.0663905834046351,0.0426848870782431
19.7405368516946,0.464726321096019,0.0343649281127067,3.23463214826656e-05,-0.0935037190500481,-0.0455835649165272,0.00629339625932622,0,0,0,0,0,0,0,0,0,-0.924811181223219,0.0668180163112159,0.0427998771025508
19.7505371236559,0.465069981333843,0.0343652495886496,3.19453635654462e-05,-0.0939592519094723,-0.0455204793367767,0.0063233668595892,0,0,0,0,0,0,0,0,0,-0.924140842790676,0.0672466042265105,0.0429158864689735
19.7605373956172,0.465413644766289,0.0343655670022855,3.15338854537674e-05,-0.0944141523983016,-0.0454570943341518,0.00635327918980758,0,0,0,0,0,0,0,0,0,-0.923466212561735,0.0676763573835197,0.0430329230254914
19.7705376675786,0.465757311352209,0.0343658802485101,3.11119074874186e-05,-0.0948684175251409,-0.0453934104918376,0.00638313315681043,0,0,0,0,0,0,0,0,0,-0.922787278832299,0.0681072860936034,0.0431509946055875
19.7805379395399,0.4661009810494,0.0343661892224289,3.06794512270486e-05,-0.0953220443044318,-0.0453294283939335,0.00641292867087624,0,0,0,0,0,0,0,0,0,-0.922104029794764,0.0685394007464366,0.0432701090201257
19.7905382115013,0.466444653814617,0.034366493819369,3.02365394365856e-05,-0.0957750297564617,-0.0452651486254192,0.00644266564568329,0,0,0,0,0,0,0,0,0,-0.921416453537235,0.0689727118096001,0.0433902740450353
19.8005384834626,0.466788329603565,0.034366793934891,2.97831960656602e-05,-0.096227370907372,-0.0452005717721209,0.00647234399825993,0,0,0,0,0,0,0,0,0,-0.92072453804275,0.0694072298282918,0.0435114974408702
19.810538755424,0.467132008370908,0.0343670894648008,2.93194462320262e-05,-0.0966790647891665,-0.0451356984206779,0.00650196364893494,0,0,0,0,0,0,0,0,0,-0.920028271188502,0.0698429654253081,0.0436337869479889
19.8205390273853,0.467475690070268,0.0343673803051614,2.8845316203982e-05,-0.09713010843972,-0.0450705291585101,0.00653152452128789,0,0,0,0,0,0,0,0,0,-0.91932764074507,0.0702799293006584,0.0437571502696502
19.8305392993467,0.467819374654231,0.0343676663523042,2.83608333827928e-05,-0.0975804989027848,-0.0450050645737853,0.0065610265420994,0,0,0,0,0,0,0,0,0,-0.918622634375641,0.0707181322312079,0.0438815950898915
19.840539571308,0.468163062074345,0.0343679475028399,2.78660262851115e-05,-0.0980302332279992,-0.0449393052553879,0.00659046964130156,0,0,0,0,0,0,0,0,0,-0.917913239635249,0.0711575850706513,0.0440071290755639
19.8505398432693,0.468506752281128,0.0343682236536702,2.73609245254006e-05,-0.0984793084708932,-0.0448732517928876,0.0066198537519282,0,0,0,0,0,0,0,0,0,-0.917199443970003,0.0715982987491953,0.0441337598582427
19.8605401152307,0.468850445224067,0.0343684947019984,2.68455587983531e-05,-0.098927721692897,-0.044806904776508,0.00664917881006527,0,0,0,0,0,0,0,0,0,-0.916481234716326,0.0720402842731696,0.0442614950394502
19.870540387192,0.469194140851622,0.0343687605453397,2.63199608613149e-05,-0.0993754699613456,-0.0447402647970974,0.00667844475480112,0,0,0,0,0,0,0,0,0,-0.915758599100195,0.0724835527248156,0.0443903422004486
19.8805406591534,0.469537839111231,0.0343690210815325,2.57841635167061e-05,-0.0998225503494857,-0.0446733324460979,0.00670765152817689,0,0,0,0,0,0,0,0,0,-0.915031524236381,0.0729281152620928,0.0445203088979069
19.8905409311147,0.469881539949312,0.0343692762087483,2.5238200594442e-05,-0.100268959936482,-0.044606108315517,0.0067367990751368,0,0,0,0,0,0,0,0,0,-0.914299997127696,0.07337398311838,0.0446514026557135
19.9005412030761,0.470225243311267,0.0343695258255019,2.4682106934355e-05,-0.100714695807421,-0.0445385929978984,0.00676588734347852,0,0,0,0,0,0,0,0,0,-0.913564004664239,0.0738211676021182,0.0447836309673647
19.9105414750374,0.470568949141482,0.0343697698306615,2.41159183686165e-05,-0.101159755053318,-0.0444707870862936,0.00679491628380345,0,0,0,0,0,0,0,0,0,-0.912823533622646,0.0742696800965602,0.0449170013008863
19.9205417469988,0.470912657383336,0.0343700081234585,2.35396717041573e-05,-0.101604134771122,-0.0444026911742344,0.00682388584946713,0,0,0,0,0,0,0,0,0,-0.912078570665343,0.074719532059512,0.0450515210931132
19.9305420189601,0.471256367979202,0.0343702406034972,2.29534047050906e-05,-0.102047832063719,-0.0443343058557056,0.00685279599652952,0,0,0,0,0,0,0,0,0,-0.911329102339806,0.0751707350229671,0.0451871977519221
19.9405422909214,0.471600080870449,0.0343704671707643,2.23571560751324e-05,-0.102490844039938,-0.0442656317251179,0.00688164668370532,0,0,0,0,0,0,0,0,0,-0.910575115077816,0.0756233005928927,0.0453240386530687
19.9505425628828,0.471943795997452,0.0343706877256382,2.17509654400234e-05,-0.102933167814553,-0.0441966693772819,0.00691043787231437,0,0,0,0,0,0,0,0,0,-0.90981659519472,0.0760772404488014,0.0454620511352439
19.9605428348441,0.472287513299587,0.0343709021688981,2.11348733299507e-05,-0.103374800508288,-0.0441274194073823,0.00693916952623191,0,0,0,0,0,0,0,0,0,-0.909053528888703,0.0765325663434386,0.0456012425146162
19.9705431068055,0.472631232715241,0.0343711104017327,2.05089211619693e-05,-0.103815739247824,-0.0440578824109523,0.00696784161183895,0,0,0,0,0,0,0,0,0,-0.908285902240051,0.0769892901026443,0.0457416200722259
19.9805433787668,0.472974954181818,0.0343713123257497,1.98731512224229e-05,-0.104255981165794,-0.0439880589838489,0.00699645409797262,0,0,0,0,0,0,0,0,0,-0.907513701210428,0.0774474236247882,0.0458831910430536
19.9905436507282,0.473318677635736,0.0343715078429835,1.92276066493665e-05,-0.104695523400796,-0.0439179497222291,0.00702500695587647,0,0,0,0,0,0,0,0,0,-0.906736911642145,0.077906978880414,0.0460259626392298
20.0005439226895,0.473662403012439,0.0343716968559045,1.8572331414988e-05,-0.105134363097389,-0.0438475552225252,0.0070535001591508,0,0,0,0,0,0,0,0,0,-0.905955519257446,0.0783679679121381,0.0461699420398825
20.0105441946509,0.474006130246395,0.0343718792674265,1.79073703080277e-05,-0.105572497406097,-0.043776876081422,0.00708193368370306,0,0,0,0,0,0,0,0,0,-0.905169509657786,0.0788304028340907,0.0463151363753489
20.0205444666122,0.474349859271105,0.0343720549809156,1.72327689162026e-05,-0.106009923483413,-0.0437059128958342,0.00711030750769808,0,0,0,0,0,0,0,0,0,-0.904378868323119,0.0792942958314987,0.0464615527442709
20.0305447385735,0.474693590019106,0.0343722239001975,1.65485736086264e-05,-0.106446638491801,-0.0436346662628835,0.00713862161150848,0,0,0,0,0,0,0,0,0,-0.90358358061119,0.0797596591604688,0.0466091982102943
20.0405450105349,0.475037322421974,0.0343723859295654,1.58548315182305e-05,-0.106882639599696,-0.0435631367798769,0.007166875977665,0,0,0,0,0,0,0,0,0,-0.902783631756822,0.080226505147505,0.0467580797921939
20.0505452824962,0.475381056410333,0.0343725409737877,1.5151590524187e-05,-0.107317923981509,-0.043491325044286,0.0071950705908068,0,0,0,0,0,0,0,0,0,-0.901979006871223,0.0806948461890933,0.0469082044707146
20.0605455544576,0.475724791913855,0.0343726889381152,1.44388992343296e-05,-0.107752488817625,-0.0434192316537253,0.00722320543763178,0,0,0,0,0,0,0,0,0,-0.901169690941282,0.0811646947513561,0.0470595791873425
20.0705458264189,0.476068528861266,0.0343728297282885,1.37168069675751e-05,-0.108186331294406,-0.0433468572059324,0.00725128050684696,0,0,0,0,0,0,0,0,0,-0.900355668828877,0.0816360633696129,0.0472122108372564
20.0805460983803,0.476412267180355,0.0343729632505447,1.29853637363439e-05,-0.108619448604193,-0.0432742022987478,0.00727929578911885,0,0,0,0,0,0,0,0,0,-0.899536925270183,0.0821089646478938,0.0473661062716637
20.0905463703416,0.476756006797974,0.0343730894116244,1.22446202289832e-05,-0.109051837945305,-0.0432012675300961,0.00730725127702365,0,0,0,0,0,0,0,0,0,-0.89871344487499,0.0825834112585462,0.0475212723020095
20.100546642303,0.477099747640044,0.0343732081187787,1.14946277921886e-05,-0.109483496522041,-0.0431280534979663,0.00733514696499769,0,0,0,0,0,0,0,0,0,-0.897885212126021,0.0830594159418324,0.0476777156904217
20.1105469142643,0.477443489631563,0.0343733192797751,1.07354384134231e-05,-0.109914421544681,-0.0430545608003945,0.00736298284928777,0,0,0,0,0,0,0,0,0,-0.897052211378253,0.0835369915053459,0.0478354431466807
20.1205471862257,0.477787232696608,0.0343734228029042,9.96710470334157e-06,-0.110344610229485,-0.042980790035445,0.00739075892790142,0,0,0,0,0,0,0,0,0,-0.896214426858249,0.0840161508235488,0.0479944613430481
20.130547458187,0.478130976758341,0.0343735185969859,9.18967987821139e-06,-0.110774059798694,-0.0429067418011938,0.00741847520055727,0,0,0,0,0,0,0,0,0,-0.895371842663491,0.0844969068374835,0.0481547768994667
20.1405477301483,0.478474721739017,0.034373606571375,8.40321774233222e-06,-0.11120276748053,-0.0428324166957111,0.00744613166863543,0,0,0,0,0,0,0,0,0,-0.894524442761714,0.084979272554014,0.0483163963737262
20.1505480021097,0.478818467559986,0.0343736866359674,7.60777267046035e-06,-0.111630730509196,-0.0427578153170453,0.00747372833512775,0,0,0,0,0,0,0,0,0,-0.893672210990256,0.0854632610453422,0.0484793262832717
20.160548274071,0.479162214141699,0.0343737587012056,6.8033995902286e-06,-0.112057946124874,-0.0426829382632071,0.00750126520458816,0,0,0,0,0,0,0,0,0,-0.892815131055401,0.0859488854486849,0.0486435730935987
20.1705485460324,0.479505961403716,0.0343738226780838,5.99015396456748e-06,-0.112484411573729,-0.042607786132154,0.0075287422830831,0,0,0,0,0,0,0,0,0,-0.891953186531733,0.0864361589655573,0.0488091432031008
20.1805488179937,0.479849709264706,0.0343738784781536,5.16809177412789e-06,-0.112910124107903,-0.0425323595217754,0.00755615957814171,0,0,0,0,0,0,0,0,0,-0.891086360861502,0.0869250948611472,0.0489760429615206
20.1905490899551,0.480193457642461,0.0343739260135291,4.33726949970215e-06,-0.113335080985517,-0.0424566590298784,0.00758351709870626,0,0,0,0,0,0,0,0,0,-0.890214637353979,0.0874157064639687,0.0491442786648206
20.2005493619164,0.480537206453894,0.0343739651968915,3.49774410464485e-06,-0.11375927947067,-0.0423806852541738,0.00761081485508249,0,0,0,0,0,0,0,0,0,-0.889337999184836,0.087908007165132,0.0493138565416137
20.2105496338778,0.480880955615049,0.0343739959414939,2.6495730172957e-06,-0.114182716833438,-0.0423044387922627,0.00763805285888987,0,0,0,0,0,0,0,0,0,-0.888456429395517,0.0884020104177265,0.0494847827568464
20.2205499058391,0.481224705041104,0.0343740181611661,1.79281411339973e-06,-0.114605390349872,-0.0422279202416236,0.00766523112301199,0,0,0,0,0,0,0,0,0,-0.887569910892622,0.0888977297361649,0.0496570634194246
20.2305501778004,0.481568454646378,0.0343740317703188,9.27525698530871e-07,-0.115027297301999,-0.0421511301996001,0.00769234966154687,0,0,0,0,0,0,0,0,0,-0.886678426447301,0.0893951786957184,0.0498307045792756
20.2405504497618,0.48191220434434,0.0343740366839478,5.37664905096961e-08,-0.115448434977815,-0.0420740692633891,0.00771940848975733,0,0,0,0,0,0,0,0,0,-0.885781958694642,0.0898943709318014,0.0500057122082849
20.2505507217231,0.482255954047608,0.0343740328176382,-8.28404398170638e-07,-0.115868800671292,-0.0419967380300289,0.00774640762402127,0,0,0,0,0,0,0,0,0,-0.884880490133077,0.0903953201391257,0.0501820922132198
20.2605509936845,0.482599703667962,0.0343740200875678,-1.71892747792563e-06,-0.116288391682369,-0.041919137096389,0.00777334708178204,0,0,0,0,0,0,0,0,0,-0.883974003123794,0.0908980400712443,0.0503598504368215
20.2705512656458,0.482943453116345,0.0343739984105117,-2.6177428996576e-06,-0.116707205316954,-0.0418412670591591,0.00780022688149878,0,0,0,0,0,0,0,0,0,-0.883062479890146,0.0914025445397273,0.0505389926437757
20.2805515376072,0.48328720230287,0.0343739677038447,-3.52479047233336e-06,-0.117125238886919,-0.0417631285148395,0.00782704704259671,0,0,0,0,0,0,0,0,0,-0.882145902517081,0.0919088474134247,0.050719524530928
20.2905518095685,0.48363095113683,0.0343739278855455,-4.4400096805626e-06,-0.117542489710103,-0.0416847220597318,0.0078538075854175,0,0,0,0,0,0,0,0,0,-0.88122425295057,0.0924169626178462,0.0509014517182745
20.3005520815299,0.483974699526696,0.0343738788741993,-5.36333970217823e-06,-0.117958955110307,-0.0416060482899294,0.0078805085311696,0,0,0,0,0,0,0,0,0,-0.880297512997041,0.0929269041342446,0.0510847797415945
20.3105523534912,0.484318447380133,0.0343738205890011,-6.29471942581189e-06,-0.118374632417289,-0.0415271078013099,0.00790714990187858,0,0,0,0,0,0,0,0,0,-0.879365664322833,0.0934386859988487,0.051269514069233
20.3205526254525,0.484662194603996,0.0343737529497584,-7.23408746847468e-06,-0.118789518966767,-0.0414479011895266,0.00793373172033741,0,0,0,0,0,0,0,0,0,-0.878428688453643,0.0939523223022813,0.051455660085248
20.3305528974139,0.485005941104345,0.0343736758768939,-8.18138219313551e-06,-0.119203612100417,-0.0413684290500011,0.00796025401005689,0,0,0,0,0,0,0,0,0,-0.877486566773988,0.0944678271884548,0.0516432230787334
20.3405531693752,0.485349686786447,0.0343735892914478,-9.13654172629795e-06,-0.119616909165862,-0.0412886919779167,0.0079867167952159,0,0,0,0,0,0,0,0,0,-0.876539280526679,0.0949852148537767,0.0518322082649093
20.3505534413366,0.485693431554779,0.03437349311508,-1.00995039755804e-05,-0.120029407516682,-0.0412086905682117,0.00801312010061173,0,0,0,0,0,0,0,0,0,-0.875586810812299,0.095504499546467,0.0520226207735951
20.3605537132979,0.486037175313041,0.0343733872700728,-1.10702066472941e-05,-0.120441104512401,-0.0411284254155734,0.00803946395161053,0,0,0,0,0,0,0,0,0,-0.874629138588686,0.0960256955655325,0.0522144656347057
20.3705539852593,0.486380917964159,0.0343732716793319,-1.20485872640211e-05,-0.120851997518492,-0.0410478971144331,0.00806574837409748,0,0,0,0,0,0,0,0,0,-0.873666244670433,0.0965488172597938,0.0524077477892274
20.3805542572206,0.486724659410289,0.0343731462663889,-1.30345831821923e-05,-0.121262083906368,-0.0409671062589605,0.00809197339442724,0,0,0,0,0,0,0,0,0,-0.872698109728397,0.0970738790270801,0.052602472087968
20.390554529182,0.487068399552826,0.0343730109554027,-1.40281316096688e-05,-0.121671361053384,-0.04088605344306,0.00811813903937425,0,0,0,0,0,0,0,0,0,-0.871724714289207,0.0976008953132312,0.0527986432783689
20.4005548011433,0.487412138292412,0.0343728656711606,-1.50291696233164e-05,-0.122079826342835,-0.0408047392603659,0.00814424533608305,0,0,0,0,0,0,0,0,0,-0.870746038734791,0.0981298806110276,0.0529962660095609
20.4105550731047,0.487755875528938,0.0343727103390797,-1.60376341865861e-05,-0.122487477163947,-0.0407231643042397,0.00817029231201861,0,0,0,0,0,0,0,0,0,-0.869762063301917,0.0986608494592941,0.0531953448338982
20.420555345066,0.488099611161551,0.0343725448852082,-1.70534621670928e-05,-0.122894310911881,-0.040641329167767,0.0081962799949167,0,0,0,0,0,0,0,0,0,-0.868772768081731,0.0991938164418605,0.0533958841944819
20.4305556170273,0.488443345088664,0.0343723692362259,-1.80765903541941e-05,-0.123300324987728,-0.0405592344437544,0.00822220841273421,0,0,0,0,0,0,0,0,0,-0.867778133019313,0.0997287961864165,0.0535978884244592
20.4405558889887,0.48878707720796,0.0343721833194451,-1.91069554765668e-05,-0.123705516798504,-0.0404768807247285,0.00824807759359944,0,0,0,0,0,0,0,0,0,-0.866778137913247,0.100265803363457,0.0538013617538759
20.45055616095,0.489130807416396,0.0343719870628109,-2.01444942197869e-05,-0.12410988375715,-0.0403942686029336,0.00827388756576248,0,0,0,0,0,0,0,0,0,-0.865772762415198,0.100804852685276,0.054006308295386
20.4605564329114,0.489474535610214,0.034371780394902,-2.11891432439088e-05,-0.124513423282529,-0.0403113986703314,0.00829963835754557,0,0,0,0,0,0,0,0,0,-0.864761986029495,0.101345958904622,0.0542127320405291
20.4705567048727,0.489818261684944,0.0343715632449304,-2.22408392010415e-05,-0.124916132799421,-0.0402282715185999,0.00832532999729335,0,0,0,0,0,0,0,0,0,-0.863745788112739,0.101889136813621,0.0544206368774329
20.4805569768341,0.490161985535411,0.0343713355427414,-2.32995187529286e-05,-0.125318009738522,-0.040144887739134,0.00835096251332325,0,0,0,0,0,0,0,0,0,-0.862724147873409,0.102434401242789,0.0546300265638266
20.4905572487954,0.490505707055741,0.0343710972188139,-2.43651185885277e-05,-0.12571905153644,-0.0400612479230457,0.00837653593387583,0,0,0,0,0,0,0,0,0,-0.861697044371489,0.102981767059408,0.0548409047230183
20.5005575207568,0.49084942613937,0.0343708482042596,-2.54375754415861e-05,-0.126119255635695,-0.0399773526611651,0.00840205028706507,0,0,0,0,0,0,0,0,0,-0.860664456518102,0.103531249166462,0.0550532748704459
20.5105577927181,0.491193142679047,0.0343705884308224,-2.65168261082213e-05,-0.126518619484712,-0.0398932025440421,0.00842750560082874,0,0,0,0,0,0,0,0,0,-0.859626363075164,0.104082862501543,0.0552671403854949
20.5205580646794,0.49153685656684,0.0343703178308781,-2.76028074644999e-05,-0.126917140537821,-0.0398087981619481,0.00845290190287875,0,0,0,0,0,0,0,0,0,-0.85858274265504,0.104636622035224,0.0554825044981035
20.5305583366408,0.491880567694147,0.0343700363374332,-2.86954564840146e-05,-0.127314816255254,-0.0397241401048789,0.00847823922065142,0,0,0,0,0,0,0,0,0,-0.857533573720227,0.105192542769698,0.0556993703163992
20.5405586086021,0.492224275951697,0.0343697438841239,-2.97947102554622e-05,-0.127711644103139,-0.0396392289625575,0.00850351758125786,0,0,0,0,0,0,0,0,0,-0.856478834583036,0.105750639737703,0.0559177408129621
20.5505588805635,0.49256798122956,0.0343694404052149,-3.09005060002256e-05,-0.128107621553505,-0.0395540653244376,0.00852873701143432,0,0,0,0,0,0,0,0,0,-0.8554185034053,0.106310928000885,0.056137618804324
20.5605591525248,0.49291168341715,0.034369125835598,-3.20127810899476e-05,-0.12850274608427,-0.0394686497797076,0.00855389753749245,0,0,0,0,0,0,0,0,0,-0.854352558198092,0.106873422648314,0.0563590069580481
20.5705594244862,0.493255382403235,0.0343688001107904,-3.31314730641128e-05,-0.128897015179245,-0.039382982917295,0.00857899918526974,0,0,0,0,0,0,0,0,0,-0.853280976821454,0.107438138794989,0.0565819078008148
20.5805596964475,0.493599078075938,0.0343684631669332,-3.42565196476238e-05,-0.129290426328128,-0.0392970653258717,0.00860404198007972,0,0,0,0,0,0,0,0,0,-0.852203736984151,0.108005091580514,0.0568063237091241
20.5905599684089,0.493942770322751,0.0343681149407889,-3.53878587683821e-05,-0.129682977026504,-0.0392108975938591,0.00862902594666245,0,0,0,0,0,0,0,0,0,-0.851120816243424,0.10857429616742,0.0570322568883652
20.6005602403702,0.494286459030534,0.0343677553697401,-3.65254285748644e-05,-0.130074664775838,-0.0391244803094344,0.00865395110913473,0,0,0,0,0,0,0,0,0,-0.850032192004779,0.10914576773942,0.0572597093859947
20.6105605123315,0.494630144085524,0.0343673843917863,-3.76691674537017e-05,-0.130465487083481,-0.0390378140605369,0.00867881749094046,0,0,0,0,0,0,0,0,0,-0.848937841521776,0.109719521499995,0.0574886830886831
20.6205607842929,0.494973825373341,0.0343670019455423,-3.8819014047259e-05,-0.130855441462657,-0.0389508994348749,0.00870362511480103,0,0,0,0,0,0,0,0,0,-0.847837741895842,0.110295572670592,0.0577191797096909
20.6305610562542,0.495317502778996,0.0343666079702349,-3.99749072712117e-05,-0.131244525432469,-0.0388637370199336,0.00872837400266558,0,0,0,0,0,0,0,0,0,-0.8467318700761,0.11087393648896,0.0579512007952479
20.6405613282156,0.495661176186892,0.0343662024057003,-4.11367863321248e-05,-0.131632736517895,-0.0387763274029824,0.00875306417566139,0,0,0,0,0,0,0,0,0,-0.845620202859213,0.111454628207471,0.0581847477091457
20.6505616001769,0.496004845480836,0.0343657851923813,-4.23045907450334e-05,-0.132020072249781,-0.0386886711710841,0.00877769565404417,0,0,0,0,0,0,0,0,0,-0.844502716889249,0.112037663091147,0.0584198216275511
20.6605618721383,0.496348510544043,0.0343653562713238,-4.34782603510179e-05,-0.132406530164847,-0.0386007689111032,0.00880226845714844,0,0,0,0,0,0,0,0,0,-0.843379388657563,0.112623056415888,0.0586564235558005
20.6705621440996,0.496692171259138,0.0343649155841737,-4.46577353347842e-05,-0.132792107805677,-0.0385126212097158,0.00882678260333779,0,0,0,0,0,0,0,0,0,-0.842250194502696,0.113210823466823,0.0588945543063059
20.680562416061,0.49703582750817,0.0343644630731732,-4.58429562422426e-05,-0.133176802720724,-0.0384242286534195,0.00885123810995533,0,0,0,0,0,0,0,0,0,-0.841115110610291,0.113800979536099,0.0591342144823158
20.6905626880223,0.497379479172609,0.0343639986811572,-4.70338639980859e-05,-0.133560612464305,-0.0383355918285437,0.00887563499327389,0,0,0,0,0,0,0,0,0,-0.839974113013039,0.11439353992091,0.0593754045025871
20.7005629599836,0.497723126133358,0.0343635223515495,-4.82303999233659e-05,-0.133943534596596,-0.0382467113212605,0.00889997326844644,0,0,0,0,0,0,0,0,0,-0.838827177590631,0.11498851992178,0.0596181245890424
20.710563231945,0.498066768270759,0.0343630340283584,-4.94325057530761e-05,-0.13432556668364,-0.0381575877175964,0.00892425294945643,0,0,0,0,0,0,0,0,0,-0.837674280069738,0.115585934840342,0.0598623747411796
20.7205635039063,0.498410405464595,0.0343625336561729,-5.06401236537256e-05,-0.134706706297336,-0.0380682216034442,0.00894847404906805,0,0,0,0,0,0,0,0,0,-0.836515396024011,0.116185799977107,0.0601081547495213
20.7305637758677,0.498754037594097,0.0343620211801582,-5.18531962409206e-05,-0.135086951015441,-0.0379786135645752,0.00897263657877664,0,0,0,0,0,0,0,0,0,-0.835350500874103,0.116788130629521,0.0603554641963176
20.740564047829,0.499097664537953,0.034361496546051,-5.30716665969424e-05,-0.135466298421572,-0.0378887641866523,0.00899674054875898,0,0,0,0,0,0,0,0,0,-0.834179569887707,0.11739294208974,0.0606043024343183
20.7505643197904,0.499441286174309,0.0343609597001545,-5.42954782883246e-05,-0.135844746105199,-0.0377986740552435,0.00902078596782365,0,0,0,0,0,0,0,0,0,-0.833002578179624,0.118000249642263,0.0608546685896009
20.7605645917517,0.499784902380777,0.0343604105893342,-5.55245753834322e-05,-0.136222291661651,-0.0377083437558358,0.00904477284336132,0,0,0,0,0,0,0,0,0,-0.831819500711849,0.118610068561767,0.0611065615639199
20.7705648637131,0.500128513034443,0.0343598491610121,-5.67589024700404e-05,-0.13659893269211,-0.0376177738738496,0.00906870118129513,0,0,0,0,0,0,0,0,0,-0.830630312293681,0.119222414110787,0.0613599800180864
20.7805651356744,0.500472118011866,0.0343592753631616,-5.79984046729141e-05,-0.13697466680361,-0.0375269649946534,0.00909257098603102,0,0,0,0,0,0,0,0,0,-0.829434987581857,0.119837301537214,0.0616149223687527
20.7905654076358,0.500815717189091,0.0343586891443022,-5.92430276713841e-05,-0.137349491609043,-0.0374359177035796,0.00911638226040803,0,0,0,0,0,0,0,0,0,-0.828233501080709,0.120454746071916,0.0618713867862799
20.8005656795971,0.501159310441649,0.034358090453494,-6.0492717716926e-05,-0.13772340472715,-0.0373446325859403,0.00914013500564866,0,0,0,0,0,0,0,0,0,-0.827025827142349,0.121074762926191,0.0621293711903105
20.8105659515584,0.501502897644564,0.0343574792403312,-6.17474216507411e-05,-0.138096403782529,-0.0372531102270436,0.00916382922130922,0,0,0,0,0,0,0,0,0,-0.825811939966875,0.121697367289297,0.0623888732445839
20.8205662235198,0.501846478672359,0.034356855454937,-6.30070869213322e-05,-0.138468486405628,-0.0371613512122104,0.0091874649052301,0,0,0,0,0,0,0,0,0,-0.824591813602604,0.122322574325806,0.062649890349432
20.8305664954811,0.502190053399062,0.0343562190479567,-6.42716616020825e-05,-0.138839650232751,-0.0370693561267923,0.00921104205348616,0,0,0,0,0,0,0,0,0,-0.823365421946335,0.122950399172982,0.0629124196307491
20.8405667674425,0.502533621698209,0.034355569970552,-6.55410944088356e-05,-0.139209892906056,-0.0369771255561891,0.00923456066033708,0,0,0,0,0,0,0,0,0,-0.822132738743633,0.123580856937914,0.0631764579389485
20.8505670394038,0.50287718344285,0.0343549081743939,-6.68153347174721e-05,-0.139579212073553,-0.036884660085867,0.00925802071817762,0,0,0,0,0,0,0,0,0,-0.820893737589145,0.12421396269487,0.0634420018560565
20.8605673113652,0.503220738505555,0.0343542336116564,-6.80943325814889e-05,-0.139947605389108,-0.0367919603013782,0.009281422217488,0,0,0,0,0,0,0,0,0,-0.819648391926942,0.124849731482579,0.0637090476714092
20.8705675833265,0.503564286758416,0.0343535462350095,-6.93780387495791e-05,-0.140315070512446,-0.0366990267883796,0.00930476514678427,0,0,0,0,0,0,0,0,0,-0.818396675050891,0.125488178301095,0.0639775913715085
20.8805678552879,0.503907828073058,0.0343528459976122,-7.06664046832071e-05,-0.140681605109146,-0.036605860132653,0.00932804949256855,0,0,0,0,0,0,0,0,0,-0.817138560105053,0.126129318108873,0.0642476286569142
20.8905681272492,0.504251362320636,0.0343521328531053,-7.19593825741897e-05,-0.141047206850646,-0.0365124609201258,0.00935127523927943,0,0,0,0,0,0,0,0,0,-0.815874020084116,0.126773165819976,0.0645191549254766
20.9005683992105,0.504594889371846,0.0343514067556037,-7.32569253622748e-05,-0.141411873414247,-0.0364188297368909,0.00937444236924233,0,0,0,0,0,0,0,0,0,-0.814603027833852,0.127419736300815,0.0647921652561805
20.9105686711719,0.504938409096928,0.0343506676596896,-7.45589867527179e-05,-0.14177560248311,-0.0363249671692294,0.00939755086261975,0,0,0,0,0,0,0,0,0,-0.813325556051614,0.128069044367029,0.0650666544070398
20.9205689431332,0.505281921365669,0.0343499155204037,-7.58655212338628e-05,-0.142138391746258,-0.0362308738036312,0.00942060069736165,0,0,0,0,0,0,0,0,0,-0.812041577286853,0.128721104780185,0.0653426168191348
20.9305692150946,0.505625426047407,0.0343491502932383,-7.71764840947163e-05,-0.142500238898585,-0.0361365502268185,0.00944359184915579,0,0,0,0,0,0,0,0,0,-0.810751063941681,0.129375932244743,0.0656200466131645
20.9405694870559,0.505968923011041,0.0343483719341285,-7.84918314425324e-05,-0.142861141640849,-0.0360419970257679,0.00946652429137806,0,0,0,0,0,0,0,0,0,-0.809453988271453,0.130033541404681,0.0658989375556262
20.9505697590173,0.506312412125029,0.0343475803994443,-7.98115202203864e-05,-0.143221097679683,-0.0359472147877338,0.0094893979950428,0,0,0,0,0,0,0,0,0,-0.808150322385393,0.130693946839783,0.0661792830694685
20.9605700309786,0.506655893257395,0.0343467756459818,-8.11355082247538e-05,-0.143580104727591,-0.035852204100273,0.00951221292875314,0,0,0,0,0,0,0,0,0,-0.806840038247254,0.131357163062484,0.0664610762383205
20.97057030294,0.506999366275733,0.0343459576309551,-8.24637541230916e-05,-0.143938160502956,-0.0357569655512681,0.00953496905865135,0,0,0,0,0,0,0,0,0,-0.805523107676002,0.132023204514237,0.0667443097808424
20.9805705749013,0.507342831047212,0.034345126311987,-8.37962174714129e-05,-0.144295262730043,-0.035661499728953,0.00955766634836913,0,0,0,0,0,0,0,0,0,-0.804199502346553,0.132692085561845,0.0670289760541754
20.9905708468626,0.507686287438578,0.0343442816471003,-8.51328587318677e-05,-0.144651409138998,-0.0355658072219379,0.00958030475897799,0,0,0,0,0,0,0,0,0,-0.802869193790529,0.133363820493901,0.0673150670412964
21.000571118824,0.508029735316162,0.0343434235947087,-8.64736392903218e-05,-0.145006597465858,-0.0354698886192355,0.00960288424893958,0,0,0,0,0,0,0,0,0,-0.801532153397067,0.134038423516863,0.0676025743365497
21.0105713907853,0.508373174545876,0.0343425521136072,-8.78185214739339e-05,-0.145360825452552,-0.035373744510287,0.00962540477405599,0,0,0,0,0,0,0,0,0,-0.800188352413652,0.134715908751206,0.0678914891632986
21.0205716627467,0.508716604993227,0.0343416671629628,-8.91674685687336e-05,-0.145714090846905,-0.0352773754849892,0.00964786628742008,0,0,0,0,0,0,0,0,0,-0.798837761947003,0.135396290227851,0.0681818023499949
21.030571934708,0.509060026523313,0.0343407687023048,-9.05204448372024e-05,-0.146066391402643,-0.0351807821337217,0.0096702687393659,0,0,0,0,0,0,0,0,0,-0.797480352963981,0.136079581883836,0.0684735043025343
21.0405722066694,0.509403439000828,0.0343398566915149,-9.187741553585e-05,-0.146417724879401,-0.0350839650473746,0.00969261207741889,0,0,0,0,0,0,0,0,0,-0.796116096292554,0.136765797558194,0.0687665850329996
21.0505724786307,0.509746842290069,0.0343389310908173,-9.32383469327927e-05,-0.146768089042723,-0.0349869248173775,0.00971489624624633,0,0,0,0,0,0,0,0,0,-0.794744962622797,0.137454950988201,0.0690610341431802
21.0605727505921,0.510090236254936,0.0343379918607682,-9.46032063253339e-05,-0.147117481664071,-0.0348896620357272,0.00973712118760763,0,0,0,0,0,0,0,0,0,-0.793366922507924,0.138147055804921,0.0693568407896225
21.0705730225534,0.510433620758935,0.0343370389622459,-9.59719620575407e-05,-0.147465900520832,-0.0347921772950181,0.00975928684030462,0,0,0,0,0,0,0,0,0,-0.79198194636538,0.138842125528753,0.0696539937040011
21.0805732945147,0.510776995665183,0.0343360723564397,-9.73445835378212e-05,-0.14781334339632,-0.0346944711884715,0.00978139314013195,0,0,0,0,0,0,0,0,0,-0.790590004477966,0.139540173565389,0.0699524811795898
21.0905735664761,0.511120360836412,0.0343350920048395,-9.87210412565086e-05,-0.148159808079785,-0.0345965443099659,0.00980344001982742,0,0,0,0,0,0,0,0,0,-0.789191066995006,0.140241213201087,0.0702522910506163
21.1005738384374,0.511463716134968,0.034334097869225,-0.000100101306803431,-0.14850529236642,-0.0344983972540681,0.00982542740902224,0,0,0,0,0,0,0,0,0,-0.787785103933566,0.140945257598216,0.0705534107020898
21.1105741103988,0.511807061422817,0.0343330899116541,-0.000101485352885499,-0.148849794057367,-0.0344000306160643,0.00984735523419146,0,0,0,0,0,0,0,0,0,-0.786372085179718,0.14165231979073,0.0708558270471381
21.1205743823601,0.512150396561547,0.0343320680944523,-0.000102873153344276,-0.149193310959725,-0.0343014449919919,0.00986922341860422,0,0,0,0,0,0,0,0,0,-0.784951980489841,0.142362412679251,0.0711595265183981
21.1305746543215,0.512493721412372,0.0343310323802007,-0.000104264683173563,-0.149535840886557,-0.0342026409786719,0.00989103188227417,0,0,0,0,0,0,0,0,0,-0.783524759491987,0.143075549026378,0.0714644950703095
21.1405749262828,0.51283703583613,0.0343299827317249,-0.000105659918536975,-0.149877381656899,-0.0341036191737416,0.00991278054190972,0,0,0,0,0,0,0,0,0,-0.782090391687276,0.143791741451817,0.0717707181601504
21.1505751982442,0.513180339693291,0.0343289191120827,-0.000107058836785515,-0.150217931095768,-0.0340043801756881,0.00993446931086442,0,0,0,0,0,0,0,0,0,-0.78064884645136,0.144511002427303,0.0720781807419
21.1605754702055,0.513523632843955,0.0343278414845525,-0.000108461416475163,-0.150557487034168,-0.0339049245838819,0.00995609809908728,0,0,0,0,0,0,0,0,0,-0.779200093035917,0.145233344271613,0.0723868672607962
21.1705757421669,0.513866915147858,0.034326749812621,-0.000109867637384442,-0.150896047309105,-0.0338052529986112,0.0099776668130731,0,0,0,0,0,0,0,0,0,-0.777744100570216,0.145958779145379,0.0726967616417485
21.1805760141282,0.514210186464369,0.0343256440599709,-0.000111277480532004,-0.151233609763591,-0.033705366021117,0.00999917535581284,0,0,0,0,0,0,0,0,0,-0.776280838062718,0.146687319045866,0.073007847273215
21.1905762860895,0.514553446652496,0.0343245241904687,-0.00011269092819421,-0.151570172246654,-0.0336052642536277,0.0100206236267439,0,0,0,0,0,0,0,0,0,-0.774810274402738,0.147418975801468,0.073320107002563
21.2005765580509,0.514896695570888,0.0343233901681515,-0.000114107963922702,-0.151905732613354,-0.0335049482993958,0.0100420115217005,0,0,0,0,0,0,0,0,0,-0.773332378362163,0.148153761066387,0.073633523142912
21.2105768300122,0.515239933077833,0.0343222419572145,-0.000115528572561985,-0.152240288724783,-0.0334044187627335,0.0100633389328639,0,0,0,0,0,0,0,0,0,-0.771847118597218,0.14889168631527,0.0739480774393667
21.2205771019736,0.515583159031263,0.0343210795219979,-0.000116952740267008,-0.152573838448087,-0.0333036762490497,0.0100846057487129,0,0,0,0,0,0,0,0,0,-0.770354463650291,0.149632762837212,0.0742637510541279
21.2305773739349,0.515926373288753,0.0343199028269739,-0.000118380454520737,-0.152906379656468,-0.0332027213648871,0.0101058118539742,0,0,0,0,0,0,0,0,0,-0.768854381951819,0.150377001730092,0.0745805245892599
21.2405776458963,0.516269575707524,0.0343187118367329,-0.000119811704151737,-0.153237910229203,-0.0331015547179605,0.0101269571295724,0,0,0,0,0,0,0,0,0,-0.767346841822226,0.151124413895037,0.074898378061891
21.2505779178576,0.516612766144444,0.0343175065159705,-0.00012124647935175,-0.153568428051649,-0.0330001769171943,0.0101480414525808,0,0,0,0,0,0,0,0,0,-0.76583181147392,0.151875010030257,0.0752172908766261
21.260578189819,0.516955944456027,0.0343162868294732,-0.000122684771693274,-0.15389793101526,-0.032898588572762,0.0101690646961713,0,0,0,0,0,0,0,0,0,-0.764309259013356,0.15262880062496,0.0755372418248092
21.2705784617803,0.517299110498437,0.0343150527421051,-0.000124126574147141,-0.1542264170176,-0.0327967902961249,0.0101900267295651,0,0,0,0,0,0,0,0,0,-0.762779152443153,0.153385795953173,0.0758582090900155
21.2805787337416,0.517642264127484,0.0343138042187932,-0.00012557188110009,-0.154553883962351,-0.0326947827000723,0.0102109274179827,0,0,0,0,0,0,0,0,0,-0.761241459664279,0.154146006067762,0.0761801702374056
21.290579005703,0.517985405198631,0.0343125412245138,-0.00012702068837236,-0.154880329759332,-0.0325925663987613,0.0102317666225946,0,0,0,0,0,0,0,0,0,-0.759696148478288,0.154909440794044,0.0765031021706674
21.3005792776643,0.51832853356699,0.0343112637242775,-0.00012847299323525,-0.155205752324511,-0.0324901420077579,0.0102525442004713,0,0,0,0,0,0,0,0,0,-0.758143186589638,0.155676109722948,0.0768269811440404
21.3105795496257,0.518671649087321,0.0343099716831151,-0.000129928794428712,-0.155530149580018,-0.0323875101440783,0.0102732600045336,0,0,0,0,0,0,0,0,0,-0.756582541608061,0.156446022204863,0.0771517827655175
21.320579821587,0.519014751614036,0.0343086650660624,-0.000131388092178923,-0.155853519454161,-0.0322846714262302,0.0102939138835036,0,0,0,0,0,0,0,0,0,-0.755014181051,0.157219187342864,0.0774774819581821
21.3305800935484,0.519357841001199,0.0343073438381455,-0.000132850888215863,-0.156175859881442,-0.0321816264742554,0.0103145056818539,0,0,0,0,0,0,0,0,0,-0.75343807234612,0.157995613985787,0.0778040529682732
21.3405803655097,0.519700917102521,0.0343060079643655,-0.000134317185790896,-0.156497168802569,-0.0320783759097727,0.0103350352397592,0,0,0,0,0,0,0,0,0,-0.751854182833884,0.158775310721619,0.0781314693475063
21.3505806374711,0.520043979771365,0.0343046574096836,-0.000135786989694349,-0.156817444164477,-0.0319749203560207,0.0103555023930454,0,0,0,0,0,0,0,0,0,-0.750262479770194,0.159558285870216,0.0784597039309642
21.3605809094324,0.520387028860742,0.034303292139005,-0.000137260306273086,-0.157136683920341,-0.0318712604379016,0.0103759069731411,0,0,0,0,0,0,0,0,0,-0.748662930329108,0.160344547476251,0.0787887288561666
21.3705811813937,0.520730064223312,0.0343019121171637,-0.000138737143448092,-0.157454886029593,-0.0317673967820259,0.0103962488070269,0,0,0,0,0,0,0,0,0,-0.747055501605631,0.161134103302317,0.0791185155292783
21.3805814533551,0.521073085711384,0.0343005173089065,-0.000140217510732046,-0.15777204845794,-0.0316633300167564,0.0104165277171864,0,0,0,0,0,0,0,0,0,-0.745440160618567,0.161926960821193,0.0794490345968845
21.3905817253164,0.521416093176912,0.0342991076788773,-0.000141701419246907,-0.158088169177382,-0.0315590607722542,0.0104367435215564,0,0,0,0,0,0,0,0,0,-0.743816874313459,0.162723127208387,0.0797802559735083
21.4005819972778,0.521759086471499,0.0342976831916002,-0.000143188881741482,-0.158403246166231,-0.0314545896805237,0.0104568960334772,0,0,0,0,0,0,0,0,0,-0.742185609565598,0.163522609334954,0.0801121488187697
21.4105822692391,0.522102065446388,0.0342962438114641,-0.000144679912609015,-0.158717277409128,-0.0313499173754594,0.0104769850616426,0,0,0,0,0,0,0,0,0,-0.740546333183102,0.164325413759578,0.0804446814992097
21.4205825412005,0.52244502995247,0.0342947895027051,-0.000146174527904759,-0.159030260897062,-0.0312450444928921,0.0104970104100508,0,0,0,0,0,0,0,0,0,-0.738899011910085,0.165131546720626,0.0807778216053007
21.4305828131618,0.522787979840273,0.034293320229391,-0.000147672745363556,-0.15934219462739,-0.0311399716706365,0.0105169718779545,0,0,0,0,0,0,0,0,0,-0.737243612429895,0.165941014128574,0.0811115359311729
21.4405830851232,0.523130914959969,0.0342918359554032,-0.000149174584417417,-0.159653076603861,-0.0310346995485388,0.0105368692598111,0,0,0,0,0,0,0,0,0,-0.735580101368432,0.166753821557654,0.0814457904579892
21.4505833570845,0.523473835161364,0.0342903366444206,-0.000150680066213097,-0.159962904836627,-0.0309292287685247,0.0105567023452331,0,0,0,0,0,0,0,0,0,-0.733908445297555,0.167569974237947,0.081780550350297
21.4605836290459,0.523816740293903,0.0342888222599017,-0.000152189213629677,-0.160271677342276,-0.0308235599746485,0.0105764709189384,0,0,0,0,0,0,0,0,0,-0.732228610738562,0.168389477046957,0.0821157799385008
21.4705839010072,0.524159630206662,0.0342872927650678,-0.000153702051296142,-0.160579392143844,-0.0307176938131419,0.0105961747607011,0,0,0,0,0,0,0,0,0,-0.730540564165759,0.169212334501353,0.0824514427129087
21.4805841729685,0.524502504748348,0.0342857481228848,-0.000155218605608957,-0.160886047270841,-0.0306116309324638,0.0106158136453009,0,0,0,0,0,0,0,0,0,-0.728844272010106,0.170038550748426,0.0827875012949712
21.4905844449299,0.524845363767299,0.0342841882960458,-0.000156738904749649,-0.161191640759274,-0.0305053719833507,0.0106353873424744,0,0,0,0,0,0,0,0,0,-0.727139700662964,0.170868129557253,0.0831239174424422
21.5005847168912,0.525188207111475,0.0342826132469531,-0.000158262978702381,-0.161496170651669,-0.0303989176188672,0.0106548956168648,0,0,0,0,0,0,0,0,0,-0.725426816479909,0.171701074310259,0.0834606520370011
21.5105849888526,0.525531034628461,0.0342810229377001,-0.000159790859271535,-0.161799634997095,-0.030292268494457,0.0106743382279724,0,0,0,0,0,0,0,0,0,-0.723705585784649,0.172537387994135,0.0837976650597627
21.5205852608139,0.525873846165459,0.0342794173300528,-0.000161322580099287,-0.162102031851186,-0.0301854252679949,0.0106937149301052,0,0,0,0,0,0,0,0,0,-0.721975974873026,0.173377073190906,0.0841349155949259
21.5305855327753,0.52621664156929,0.0342777963854318,-0.00016285817668319,-0.162403359276169,-0.0300783885998391,0.0107130254723287,0,0,0,0,0,0,0,0,0,-0.720237950017107,0.174220132068923,0.0844723618004181
21.5405858047366,0.526559420686385,0.034276160064893,-0.000164397686393746,-0.162703615340887,-0.0299711591528833,0.0107322695984168,0,0,0,0,0,0,0,0,0,-0.718491477469365,0.175066566373348,0.0848099608971613
21.550586076698,0.526902183362784,0.0342745083291095,-0.00016594114849199,-0.163002798120825,-0.0298637375926103,0.0107514470468017,0,0,0,0,0,0,0,0,0,-0.716736523466962,0.175916377416928,0.0851476691828671
21.5605863486593,0.527244929444132,0.034272841138352,-0.000167488604147065,-0.163300905698135,-0.0297561245871456,0.0107705575505245,0,0,0,0,0,0,0,0,0,-0.714973054236117,0.176769566070755,0.0854854419941014
21.5705866206206,0.527587658775675,0.0342711584524701,-0.000169040096453803,-0.163597936161667,-0.0296483208073115,0.0107896008371855,0,0,0,0,0,0,0,0,0,-0.713201035996569,0.177626132754282,0.0858232336797114
21.580586892582,0.527930371202255,0.0342694602308724,-0.000170595670450303,-0.163893887606989,-0.0295403269266819,0.0108085766288942,0,0,0,0,0,0,0,0,0,-0.711420434966148,0.178486077425553,0.0861609976286066
21.5905871645433,0.528273066568305,0.0342677464325077,-0.000172155373135505,-0.164188758136422,-0.0294321436216371,0.0108274846422203,0,0,0,0,0,0,0,0,0,-0.709631217365431,0.179349399571776,0.0864986862458376
21.6005874365047,0.528615744717847,0.0342660170158448,-0.000173719253486778,-0.164482545859064,-0.0293237715714198,0.0108463245881433,0,0,0,0,0,0,0,0,0,-0.707833349422504,0.180216098199068,0.0868362509055246
21.610587708466,0.528958405494484,0.0342642719388525,-0.000175287362477489,-0.164775248890821,-0.0292152114581912,0.0108650961720033,0,0,0,0,0,0,0,0,0,-0.706026797377824,0.181086171822093,0.0871736419756231
21.6205879804274,0.529301048741395,0.0342625111589802,-0.000176859753094585,-0.165066865354434,-0.0291064639670877,0.0108837990934513,0,0,0,0,0,0,0,0,0,-0.704211527489185,0.181959618454302,0.0875108088076632
21.6305882523887,0.529643674301333,0.034260734633137,-0.000178436480356174,-0.165357393379513,-0.0289975297862775,0.0109024330463994,0,0,0,0,0,0,0,0,0,-0.702387506036774,0.182836435597361,0.0878476996953254
21.6405885243501,0.529986282016615,0.0342589423176716,-0.000180017601329099,-0.165646831102562,-0.0288884096070192,0.010920997718971,0,0,0,0,0,0,0,0,0,-0.700554699328352,0.183716620230566,0.0881842618823733
21.6505887963114,0.530328871729121,0.0342571341683517,-0.000181603175146521,-0.165935176667017,-0.0287791041237189,0.0109394927934515,0,0,0,0,0,0,0,0,0,-0.698713073704524,0.18460016880043,0.0885204415493854
21.6605890682727,0.530671443280284,0.0342553101403435,-0.000183193263025492,-0.166222428223272,-0.0286696140339898,0.0109579179462383,0,0,0,0,0,0,0,0,0,-0.696862595544123,0.18548707720983,0.088856183794296
21.6705893402341,0.531013996511087,0.0342534701881901,-0.000184787928284539,-0.166508583928715,-0.0285599400387105,0.0109762728477916,0,0,0,0,0,0,0,0,0,-0.695003231269698,0.18637734080721,0.0891914326256881
21.6805896121954,0.531356531262053,0.0342516142657912,-0.000186387236361241,-0.166793641947758,-0.0284500828420851,0.0109945571625839,0,0,0,0,0,0,0,0,0,-0.693134947353114,0.187270954375588,0.0895261309554699
21.6905898841568,0.531699047373241,0.0342497423263812,-0.000187991254829803,-0.167077600451873,-0.0283400431517032,0.0110127705490513,0,0,0,0,0,0,0,0,0,-0.691257710321264,0.188167912121613,0.0898602205728454
21.7005901561181,0.532041544684242,0.034247854322508,-0.000189600053418642,-0.167360457619625,-0.0282298216786006,0.0110309126595432,0,0,0,0,0,0,0,0,0,-0.689371486761885,0.189068207664058,0.090193642132046
21.7105904280795,0.532384023034166,0.0342459502060114,-0.000191213704027957,-0.167642211636708,-0.0281194191373203,0.0110489831402726,0,0,0,0,0,0,0,0,0,-0.687476243329496,0.189971834022622,0.0905263351722655
21.7205907000408,0.532726482261639,0.0342440299280014,-0.000192832280747316,-0.167922860695978,-0.0280088362459742,0.011066981631267,0,0,0,0,0,0,0,0,0,-0.685571946751442,0.190878783606831,0.0908582380753955
21.7305909720022,0.533068922204793,0.0342420934388357,-0.00019445585987323,-0.168202402997491,-0.0278980737263049,0.0110849077663183,0,0,0,0,0,0,0,0,0,-0.683658563834057,0.191789048203988,0.0911892880369341
21.7405912439635,0.533411342701261,0.0342401406880983,-0.00019608451992673,-0.16848083674854,-0.027787132303749,0.0111027611729329,0,0,0,0,0,0,0,0,0,-0.681736061468947,0.192702618967492,0.0915194211036622
21.7505915159248,0.533753743588167,0.0342381716245765,-0.000197718341670946,-0.168758160163689,-0.0276760127074994,0.0111205414722828,0,0,0,0,0,0,0,0,0,-0.679804406639381,0.193619486405551,0.0918485721470066
21.7605917878862,0.53409612470212,0.0342361861962388,-0.000199357408128692,-0.169034371464816,-0.0275647156705694,0.0111382482791551,0,0,0,0,0,0,0,0,0,-0.677863566426804,0.194539640368955,0.092176674810237
21.7705920598475,0.534438485879203,0.034234184350212,-0.000201001804600037,-0.169309468881146,-0.0274532419298567,0.011155881201903,0,0,0,0,0,0,0,0,0,-0.675913508017478,0.19546307003874,0.0925036615497138
21.7805923318089,0.534780826954967,0.0342321660327584,-0.000202651618679881,-0.169583450649294,-0.027341592226208,0.0111734398423956,0,0,0,0,0,0,0,0,0,-0.673954198709231,0.196389763914789,0.0928294636122662
21.7905926037702,0.535123147764422,0.034230131189253,-0.000204306940275547,-0.169856315013306,-0.0272297673044837,0.0111909237959687,0,0,0,0,0,0,0,0,0,-0.671985605918333,0.197319709803037,0.0931540109911181
21.8005928757316,0.535465448142024,0.0342280797641597,-0.000205967861624346,-0.170128060224692,-0.0271177679136244,0.0112083326513747,0,0,0,0,0,0,0,0,0,-0.670007697186502,0.198252894803192,0.0934772324606803
21.8105931476929,0.535807727921673,0.0342260117010085,-0.000207634477311156,-0.170398684542478,-0.0270055948067161,0.0112256659907332,0,0,0,0,0,0,0,0,0,-0.668020440188022,0.199189305296638,0.0937990555455678
21.8205934196543,0.536149986936696,0.0342239269423718,-0.000209306884286014,-0.170668186233237,-0.0268932487410569,0.0112429233894816,0,0,0,0,0,0,0,0,0,-0.666023802736987,0.200128926933538,0.0941194065000157
21.8305936916156,0.536492225019843,0.0342218254298404,-0.000210985181881679,-0.17093656357114,-0.0267807304782245,0.0112601044163245,0,0,0,0,0,0,0,0,0,-0.664017752794686,0.201071744620319,0.0944382103148585
21.840593963577,0.536834442003274,0.0342197071039997,-0.000212669471831217,-0.171203814837995,-0.0266680407841436,0.0112772086331853,0,0,0,0,0,0,0,0,0,-0.662002258477096,0.202017742506921,0.0947553907039744
21.8505942355383,0.537176637718551,0.034217571904406,-0.00021435985828558,-0.17146993832329,-0.0265551804291537,0.0112942355951554,0,0,0,0,0,0,0,0,0,-0.659977288062515,0.202966903974006,0.0950708700918895
21.8605945074996,0.537518811996624,0.0342154197695616,-0.000216056447831186,-0.17173493232424,-0.026442150188078,0.0113111848504452,0,0,0,0,0,0,0,0,0,-0.657942809999312,0.203919211619962,0.0953845696020787
21.870594779461,0.537860964667824,0.0342132506368907,-0.000217759349507491,-0.171998795145832,-0.0263289508402923,0.0113280559403342,0,0,0,0,0,0,0,0,0,-0.655898792913829,0.204874647247879,0.0956964090633993
21.8805950514223,0.538203095561852,0.0342110644427147,-0.000219468674824572,-0.172261525100869,-0.0262155831697947,0.0113448483991215,0,0,0,0,0,0,0,0,0,-0.653845205618385,0.205833191852678,0.0960063069820993
21.8905953233837,0.538545204507763,0.0342088611222277,-0.000221184537780709,-0.172523120510016,-0.0261020479652753,0.0113615617540759,0,0,0,0,0,0,0,0,0,-0.651782017119432,0.20679482560753,0.0963141805291348
21.900595595345,0.538887291333963,0.034206640609471,-0.000222907054879956,-0.172783579701853,-0.0259883460201872,0.0113781955253864,0,0,0,0,0,0,0,0,0,-0.649709196625837,0.207759527850729,0.0966199455726093
21.9105958673064,0.539229355868188,0.0342044028373083,-0.000224636345149723,-0.173042901012914,-0.0258744781328173,0.0113947492261124,0,0,0,0,0,0,0,0,0,-0.647626713557296,0.208727277072763,0.0969235166373011
21.9205961392677,0.539571397937499,0.0342021477374004,-0.000226372530158356,-0.173301082787746,-0.0257604451063578,0.0114112223621342,0,0,0,0,0,0,0,0,0,-0.64553453755288,0.209698050902375,0.0972248068763916
21.9305964112291,0.539913417368268,0.0341998752401795,-0.000228115734032712,-0.173558123378947,-0.0256462477489785,0.0114276144321033,0,0,0,0,0,0,0,0,0,-0.643432638479721,0.210671826093069,0.0975237281148525
21.9405966831904,0.540255413986162,0.0341975852748235,-0.000229866083475741,-0.173814021147227,-0.0255318868738992,0.0114439249273925,0,0,0,0,0,0,0,0,0,-0.641320986441833,0.21164857851004,0.0978201908313605
21.9505969551517,0.540597387616138,0.0341952777692306,-0.000231623707784063,-0.174068774461451,-0.0254173632994624,0.0114601533320465,0,0,0,0,0,0,0,0,0,-0.639199551789056,0.212628283116317,0.0981141041128394
21.9605972271131,0.540939338082421,0.0341929526499928,-0.000233388738865545,-0.174322381698695,-0.0253026778492073,0.0114762991227323,0,0,0,0,0,0,0,0,0,-0.637068305126158,0.213610913958784,0.0984053756858606
21.9705974990744,0.541281265208498,0.0341906098423698,-0.000235161311256881,-0.174574841244297,-0.025187831351944,0.0114923617686891,0,0,0,0,0,0,0,0,0,-0.634927217322058,0.214596444154951,0.098693911920052
21.9805977710358,0.5416231688171,0.0341882492702627,-0.000236941562141171,-0.174826151491909,-0.0250728246418272,0.0115083407316793,0,0,0,0,0,0,0,0,0,-0.632776259519184,0.215584845879043,0.0989796177883777
21.9905980429971,0.541965048730193,0.0341858708561876,-0.000238729631365499,-0.175076310843553,-0.024957658558432,0.011524235465938,0,0,0,0,0,0,0,0,0,-0.630615403142987,0.216576090347979,0.0992623968894001
22.0005983149585,0.542306904768957,0.0341834745212483,-0.000240525661458509,-0.175325317709672,-0.0248423339468291,0.0115400454181241,0,0,0,0,0,0,0,0,0,-0.628444619911575,0.217570147807901,0.0995421514359262
22.0105985869198,0.54264873675378,0.0341810601851103,-0.000242329797647989,-0.175573170509192,-0.0247268516576607,0.0115557700272702,0,0,0,0,0,0,0,0,0,-0.62626388184549,0.218566987519932,0.0998187822395503
22.0205988588812,0.542990544504235,0.0341786277659728,-0.000244142187878444,-0.175819867669569,-0.0246112125472173,0.0115714087247331,0,0,0,0,0,0,0,0,0,-0.624073161277633,0.219566577746393,0.100092188737833
22.0305991308425,0.543332327839075,0.034176177180542,-0.000245962982828676,-0.176065407626854,-0.0244954174775147,0.0115869609341441,0,0,0,0,0,0,0,0,0,-0.621872430863318,0.220568885737101,0.100362268977412
22.0405994028038,0.543674086576206,0.0341737083440037,-0.000247792335929365,-0.176309788825746,-0.0243794673163712,0.0116024260713593,0,0,0,0,0,0,0,0,0,-0.619661663590469,0.221573877715256,0.100628919594328
22.0505996747652,0.544015820532683,0.0341712211699953,-0.000249630403380644,-0.176553009719653,-0.0242633629374857,0.0116178035444098,0,0,0,0,0,0,0,0,0,-0.617440832789954,0.22258151886334,0.100892035828826
22.0605999467265,0.544357529524689,0.0341687155705782,-0.000251477344169681,-0.176795068770748,-0.0241471052205165,0.0116330927534524,0,0,0,0,0,0,0,0,0,-0.615209912146064,0.2235917733093,0.101151511551195
22.0706002186879,0.544699213367517,0.03416619145621,-0.000253333320088254,-0.177035964450032,-0.02403069505116,0.0116482930907196,0,0,0,0,0,0,0,0,0,-0.612968875707129,0.224604604112966,0.101407239221316
22.0806004906492,0.545040871875558,0.0341636487357163,-0.00025519849575033,-0.177275695237395,-0.0239141333212302,0.0116634039404702,0,0,0,0,0,0,0,0,0,-0.610717697896265,0.225619973251425,0.101659109890116
22.0906007626106,0.545382504862283,0.0341610873162622,-0.000257073038609647,-0.177514259621674,-0.0237974209287388,0.0116784246789393,0,0,0,0,0,0,0,0,0,-0.608456353522278,0.226637841605465,0.101907013250711
22.1006010345719,0.545724112140227,0.034158507103324,-0.000258957118977289,-0.177751656100719,-0.0236805587779756,0.0116933546742889,0,0,0,0,0,0,0,0,0,-0.606184817790691,0.227658168945976,0.102150837600011
22.1106013065333,0.54606569352097,0.0341559080006605,-0.000260850910039263,-0.177987883181454,-0.0235635477795897,0.0117081932865581,0,0,0,0,0,0,0,0,0,-0.603903066314915,0.228680913919624,0.102390469826579
22.1206015784946,0.54640724881512,0.034153289910284,-0.000262754587874085,-0.178222939379943,-0.0234463888506706,0.0117229398676136,0,0,0,0,0,0,0,0,0,-0.601611075127561,0.229706034035007,0.102625795455624
22.130601850456,0.546748777832298,0.0341506527324317,-0.000264668331470348,-0.178456823221453,-0.0233290829148305,0.0117375937610999,0,0,0,0,0,0,0,0,0,-0.599308820691891,0.230733485649235,0.102856698652316
22.1406021224173,0.547090280381118,0.034147996365536,-0.000266592322744308,-0.178689533240521,-0.0232116309022866,0.0117521543023896,0,0,0,0,0,0,0,0,0,-0.596996279913398,0.231763223954146,0.103083062196615
22.1506023943786,0.547431756269169,0.0341453207061955,-0.000268526746557462,-0.178921067981018,-0.023094033749944,0.0117666208185337,0,0,0,0,0,0,0,0,0,-0.594673430151532,0.232795202962384,0.103304767504667
22.16060266634,0.547773205302996,0.0341426256491452,-0.000270471790734122,-0.179151425996221,-0.0229762924014797,0.0117809926282122,0,0,0,0,0,0,0,0,0,-0.592340249231558,0.233829375494046,0.103521694644124
22.1706029383013,0.548114627288083,0.0341399110872272,-0.000272427646078998,-0.179380605848875,-0.0228584078074257,0.0117952690416842,0,0,0,0,0,0,0,0,0,-0.589996715456548,0.234865693163064,0.103733722332177
22.1806032102627,0.548456022028832,0.0341371769113602,-0.000274394506394774,-0.179608606111269,-0.0227403809252541,0.0118094493607382,0,0,0,0,0,0,0,0,0,-0.587642807619516,0.235904106363815,0.10394072796311
22.190603482224,0.548797389328544,0.0341344230105099,-0.000276372568499688,-0.179835425365297,-0.0226222127194618,0.0118235328786427,0,0,0,0,0,0,0,0,0,-0.585278505015675,0.236944564258047,0.104142587592224
22.2006037541854,0.549138728989401,0.0341316492716587,-0.000278362032245107,-0.180061062202539,-0.0225039041616561,0.0118375188800961,0,0,0,0,0,0,0,0,0,-0.582903787454831,0.237987014761175,0.104339175951452
22.2106040261467,0.549480040812444,0.0341288555797751,-0.000280363100533112,-0.180285515224324,-0.0223854562306406,0.0118514066411776,0,0,0,0,0,0,0,0,0,-0.580518635273915,0.239031404529521,0.104530366491522
22.2206042981081,0.549821324597553,0.0341260418177831,-0.000282375979334071,-0.180508783041806,-0.0222668699125015,0.0118651954292969,0,0,0,0,0,0,0,0,0,-0.578123029349636,0.240077678947444,0.104716031372579
22.2306045700694,0.550162580143429,0.0341232078665317,-0.000284400877704217,-0.180730864276037,-0.0221481462006946,0.0118788845031451,0,0,0,0,0,0,0,0,0,-0.575716951111269,0.241125782114398,0.10489604146587
22.2406048420307,0.550503807247568,0.0341203536047637,-0.000286438007803233,-0.180951757558043,-0.0220292860961331,0.0118924731126447,0,0,0,0,0,0,0,0,0,-0.573300382553565,0.242175656832098,0.105070266377707
22.2506051139921,0.550845005706244,0.0341174789090847,-0.000288487584911821,-0.181171461528894,-0.0219102906072748,0.0119059604989001,0,0,0,0,0,0,0,0,0,-0.570873306249793,0.243227244592054,0.105238574498012
22.2606053859534,0.551186175314487,0.0341145836539316,-0.000290549827449289,-0.181389974839786,-0.0217911607502113,0.0119193458941476,0,0,0,0,0,0,0,0,0,-0.568435705364906,0.244280485563707,0.10540083298676
22.2706056579148,0.55152731586606,0.0341116677115416,-0.000292624956991125,-0.181607296152111,-0.0216718975487565,0.0119326285217064,0,0,0,0,0,0,0,0,0,-0.56598756366882,0.245335318581694,0.105556907764832
22.2806059298761,0.551868427153436,0.0341087309519198,-0.000294713198286577,-0.181823424137542,-0.0215525020345359,0.0119458075959281,0,0,0,0,0,0,0,0,0,-0.563528865549826,0.246391681133801,0.1057066635949
22.2906062018375,0.552209508967777,0.0341057732428081,-0.000296814779276228,-0.182038357478106,-0.0214329752470772,0.0119588823221478,0,0,0,0,0,0,0,0,0,-0.561059596028118,0.247449509349845,0.105849964086677
22.3006064737988,0.552550561098914,0.034102794449653,-0.000298929931109582,-0.182252094866267,-0.0213133182338999,0.0119718518966339,0,0,0,0,0,0,0,0,0,-0.558579740769426,0.248508737989732,0.105986671671953
22.3106067457602,0.552891583335316,0.0340997944355729,-0.000301058888162634,-0.182464635005002,-0.0211935320506065,0.0119847155065387,0,0,0,0,0,0,0,0,0,-0.556089286098782,0.24956930043184,0.106116647675667
22.3206070177215,0.553232575464075,0.0340967730613266,-0.000303201888055455,-0.182675976607888,-0.0210736177609743,0.0119974723298486,0,0,0,0,0,0,0,0,0,-0.553588219014385,0.250631128662497,0.106239752342957
22.3306072896828,0.553573537270877,0.0340937301852801,-0.000305359171669766,-0.18288611839918,-0.0209535764370469,0.0120101215353346,0,0,0,0,0,0,0,0,0,-0.551076527201575,0.25169415326491,0.106355844832767
22.3406075616442,0.553914468539979,0.0340906656633742,-0.000307530983166519,-0.183095059113896,-0.0208334091592266,0.0120226622825024,0,0,0,0,0,0,0,0,0,-0.548554199046925,0.25275830340851,0.106464783270294
22.3506078336055,0.554255369054188,0.0340875793490915,-0.000309717570003474,-0.1833027974979,-0.0207131170163674,0.0120350937215429,0,0,0,0,0,0,0,0,0,-0.546021223652428,0.253823506838928,0.106566424761148
22.3606081055669,0.554596238594829,0.0340844710934236,-0.000311919182952781,-0.183509332307987,-0.0205927011058685,0.0120474149932825,0,0,0,0,0,0,0,0,0,-0.543477590849783,0.254889689867629,0.106660625415945
22.3706083775282,0.554937076941729,0.0340813407448375,-0.000314136076118551,-0.18371466231197,-0.020472162533768,0.0120596252291336,0,0,0,0,0,0,0,0,0,-0.54092329121479,0.255956777362381,0.106747240424459
22.3806086494896,0.555277883873182,0.0340781881492423,-0.000316368506954444,-0.183918786288768,-0.0203515024148376,0.0120717235510443,0,0,0,0,0,0,0,0,0,-0.538358316081836,0.257024692738365,0.106826124038357
22.3906089214509,0.555618659165933,0.0340750131499557,-0.00031861673628124,-0.184121703028488,-0.0202307218726769,0.0120837090714498,0,0,0,0,0,0,0,0,0,-0.535782657558461,0.2580933579483,0.106897129604911
22.4006091934123,0.555959402595142,0.0340718155876704,-0.00032088102830442,-0.184323411332523,-0.0201098220398097,0.0120955808932216,0,0,0,0,0,0,0,0,0,-0.533196308540037,0.259162693474237,0.106960109651256
22.4106094653736,0.556300113934368,0.0340685953004197,-0.000323161650631745,-0.184523910013631,-0.0199888040577788,0.0121073381096187,0,0,0,0,0,0,0,0,0,-0.530599262724507,0.260232618319356,0.107014915884739
22.4206097373349,0.556640792955532,0.0340653521235439,-0.000325458874290833,-0.184723197896035,-0.0198676690772434,0.0121189798042375,0,0,0,0,0,0,0,0,0,-0.527991514627224,0.261303049999773,0.107061399222115
22.4306100092963,0.556981439428898,0.0340620858896556,-0.000327772973746744,-0.184921273815511,-0.0197464182580751,0.012130505050962,0,0,0,0,0,0,0,0,0,-0.525373059595854,0.262373904536922,0.107099409841834
22.4406102812576,0.557322053123041,0.0340587964286056,-0.000330104226919544,-0.185118136619479,-0.019625052769456,0.0121419129139148,0,0,0,0,0,0,0,0,0,-0.522743893825366,0.263445096450408,0.107128797251782
22.450610553219,0.55766263380482,0.0340554835674478,-0.0003324529152019,-0.185313785167098,-0.0195035737899761,0.0121532024474066,0,0,0,0,0,0,0,0,0,-0.52010401437308,0.264516538751742,0.107149410303695
22.4606108251803,0.558003181239352,0.034052147130405,-0.000334819323476647,-0.185508218329361,-0.0193819825077318,0.0121643726958872,0,0,0,0,0,0,0,0,0,-0.517453419173783,0.265588142937478,0.107161097208418
22.4706110971417,0.55834369518998,0.0340487869388333,-0.000337203740134373,-0.185701434989191,-0.0192602801204247,0.0121754226938954,0,0,0,0,0,0,0,0,0,-0.514792107054914,0.266659818983262,0.107163705638774
22.480611369103,0.558684175418248,0.0340454028111873,-0.000339606457090991,-0.185893434041536,-0.0191384678354614,0.0121863514660096,0,0,0,0,0,0,0,0,0,-0.512120077751793,0.267731475339024,0.107157082767301
22.4906116410644,0.559024621683867,0.0340419945629846,-0.000342027769805328,-0.186084214393468,-0.0190165468700525,0.0121971580267978,0,0,0,0,0,0,0,0,0,-0.509437331922909,0.268803018923777,0.107141075275628
22.5006119130257,0.559365033744692,0.0340385620067706,-0.00034446797729669,-0.18627377496428,-0.0188945184513138,0.0122078413807686,0,0,0,0,0,0,0,0,0,-0.506743871165256,0.269874355120999,0.107115529434176
22.5106121849871,0.559705411356686,0.0340351049520822,-0.000346927382162449,-0.186462114685587,-0.0187723838163668,0.0122184005223207,0,0,0,0,0,0,0,0,0,-0.504039698029704,0.270945387775027,0.107080291155045
22.5206124569484,0.560045754273891,0.0340316232054124,-0.000349406290595624,-0.186649232501426,-0.0186501442124396,0.0122288344356937,0,0,0,0,0,0,0,0,0,-0.501324816036411,0.272016019187499,0.107035206030881
22.5306127289097,0.560386062248402,0.0340281165701743,-0.000351905012402449,-0.186835127368357,-0.0185278008969698,0.0122391420949186,0,0,0,0,0,0,0,0,0,-0.498599229690269,0.273086150114522,0.106980119412239
22.5406130008711,0.56072633503033,0.0340245848466645,-0.000354423861019963,-0.187019798255567,-0.0184053551377058,0.0122493224637677,0,0,0,0,0,0,0,0,0,-0.495862944496367,0.274155679764659,0.106914876439093
22.5506132728324,0.561066572367773,0.0340210278320269,-0.000356963153533581,-0.187203244144972,-0.0182828082128102,0.012259374495705,0,0,0,0,0,0,0,0,0,-0.493115966975482,0.275224505796731,0.106839322096011
22.5606135447938,0.561406774006787,0.0340174453202165,-0.000359523210694673,-0.187385464031324,-0.018160161410963,0.012269297133837,0,0,0,0,0,0,0,0,0,-0.49035830467958,0.27629252431891,0.106753301320096
22.5706138167551,0.561746939691348,0.0340138371019618,-0.000362104356938146,-0.187566456922313,-0.0180374160314654,0.0122790893108625,0,0,0,0,0,0,0,0,0,-0.48758996620733,0.277359629888676,0.106656659017563
22.5806140887165,0.562087069163325,0.0340102029647287,-0.000364706920400024,-0.187746221838677,-0.0179145733843442,0.0122887499490231,0,0,0,0,0,0,0,0,0,-0.48481096121961,0.278425715512238,0.106549240106751
22.5906143606778,0.562427162162445,0.0340065426926829,-0.000367331232935017,-0.18792475781431,-0.0177916347904563,0.0122982779600537,0,0,0,0,0,0,0,0,0,-0.482021300455022,0.27949067264536,0.10643088963676
22.6006146326392,0.56276721842626,0.034002856066653,-0.000369977630134107,-0.188102063896367,-0.0176686015815948,0.0123076722451326,0,0,0,0,0,0,0,0,0,-0.479220995745385,0.280554391195149,0.106301452847367
22.6106149046005,0.563107237690113,0.0339991428640927,-0.00037264645134213,-0.188278139145378,-0.0175454751005938,0.0123169316948319,0,0,0,0,0,0,0,0,0,-0.476410060031219,0.28161675952208,0.106160775198752
22.6206151765618,0.563447219687104,0.0339954028590433,-0.000375338039675342,-0.188452982635358,-0.0174222567014355,0.012326055189068,0,0,0,0,0,0,0,0,0,-0.473588507377197,0.282677664442379,0.106008702440346
22.6306154485232,0.563787164148057,0.0339916358220959,-0.000378052742039011,-0.188626593453915,-0.0172989477493567,0.0123350415970516,0,0,0,0,0,0,0,0,0,-0.470756352987577,0.283736991231425,0.105845080733761
22.6406157204845,0.564127070801483,0.0339878415203535,-0.000380790909144987,-0.188798970702371,-0.0171755496209562,0.0123438897772385,0,0,0,0,0,0,0,0,0,-0.467913613221582,0.284794623628595,0.105669756694839
22.6506159924459,0.564466939373549,0.0339840197173928,-0.000383552895529284,-0.188970113495869,-0.0170520637043021,0.0123525985772796,0,0,0,0,0,0,0,0,0,-0.465060305608746,0.2858504438415,0.105482577435679
22.6606162644072,0.564806769588038,0.0339801701732259,-0.000386339059569654,-0.189140020963491,-0.0169284913990412,0.012361166833971,0,0,0,0,0,0,0,0,0,-0.462196448864209,0.286904332551676,0.105283390694692
22.6706165363686,0.565146561166314,0.0339762926442614,-0.000389149763503173,-0.189308692248374,-0.0168048341165068,0.0123695933732049,0,0,0,0,0,0,0,0,0,-0.459322062903937,0.287956168921419,0.105072044885464
22.6806168083299,0.56548631382729,0.0339723868832666,-0.000391985373443814,-0.189476126507828,-0.0166810932798281,0.0123778770099198,0,0,0,0,0,0,0,0,0,-0.456437168859887,0.289005830600454,0.104848389165002
22.6906170802913,0.565826027287386,0.0339684526393276,-0.000394846259400026,-0.189642322913456,-0.0165572703240407,0.0123860165480504,0,0,0,0,0,0,0,0,0,-0.453541789095099,0.290053193734137,0.104612273546128
22.7006173522526,0.566165701260495,0.033964489657811,-0.000397732795292315,-0.189807280651269,-0.016433366696196,0.0123940107804784,0,0,0,0,0,0,0,0,0,-0.450635947218691,0.291098132972366,0.104363548942167
22.7106176242139,0.566505335457944,0.0339604976803246,-0.000400645358970819,-0.18997099892181,-0.0163093838554726,0.0124018584889826,0,0,0,0,0,0,0,0,0,-0.447719668100773,0.292140521478682,0.104102067255805
22.7206178961753,0.566844929588457,0.0339564764446776,-0.000403584332232889,-0.190133476940276,-0.0161853232732872,0.0124095584441894,0,0,0,0,0,0,0,0,0,-0.44479297788726,0.293180230940958,0.103827681510734
22.7306181681366,0.567184483358119,0.0339524256848415,-0.000406550100840668,-0.190294713936639,-0.0160611864334069,0.0124171094055229,0,0,0,0,0,0,0,0,0,-0.441855904014573,0.294217131583129,0.103540245874643
22.740618440098,0.567523996470333,0.03394834513091,-0.000409543054538665,-0.190454709155774,-0.0159369748320606,0.0124245101211555,0,0,0,0,0,0,0,0,0,-0.438908475224224,0.29525109217634,0.103239615747757
22.7506187120593,0.567863468625784,0.0339442345090595,-0.00041256358707134,-0.190613461857579,-0.0158126899780527,0.0124317593279581,0,0,0,0,0,0,0,0,0,-0.435950721577279,0.296281980052453,0.102925647919533
22.7606189840207,0.568202899522398,0.0339400935415085,-0.000415612096200676,-0.190770971317104,-0.0156883333928758,0.0124388557514502,0,0,0,0,0,0,0,0,0,-0.432982674468683,0.297309661118326,0.102598200593704
22.770619255982,0.568542288855307,0.0339359219464778,-0.000418688983723765,-0.19092723682468,-0.0155639066108245,0.0124457981057508,0,0,0,0,0,0,0,0,0,-0.430004366641441,0.298333999869817,0.102257133464446
22.7806195279434,0.568881636316799,0.0339317194381499,-0.000421794655490379,-0.191082257686043,-0.01543941117911,0.0124525850935283,0,0,0,0,0,0,0,0,0,-0.427015832200656,0.29935485940759,0.10190230786459
22.7906197999047,0.569220941596289,0.0339274857266283,-0.000424929521420549,-0.191236033222469,-0.0153148486579745,0.0124592154059507,0,0,0,0,0,0,0,0,0,-0.42401710662739,0.300372101454086,0.101533586848846
22.800620071866,0.569560204380268,0.0339232205178966,-0.000428093995522151,-0.191388562770902,-0.0151902206208065,0.0124656877226366,0,0,0,0,0,0,0,0,0,-0.421008226792372,0.301385586370989,0.101150835252219
22.8106203438274,0.569899424352269,0.0339189235137779,-0.000431288495908478,-0.191539845684086,-0.0150655286542569,0.0124720007116047,0,0,0,0,0,0,0,0,0,-0.417989230969511,0.302395173177365,0.100753919779979
22.8206206157887,0.570238601192821,0.0339145944118934,-0.000434513444815821,-0.191689881330698,-0.0149407743583547,0.0124781530292247,0,0,0,0,0,0,0,0,0,-0.414960158849229,0.303400719568931,0.100342709142957
22.8306208877501,0.570577734579407,0.0339102329056212,-0.000437769268621041,-0.191838669095486,-0.0148159593466241,0.0124841433201677,0,0,0,0,0,0,0,0,0,-0.411921051551597,0.3044020819389,0.099917074156455
22.8406211597114,0.570916824186425,0.0339058386840546,-0.000441056397859158,-0.191986208379398,-0.0146910852462018,0.0124899702173558,0,0,0,0,0,0,0,0,0,-0.408871951639252,0.305399115399224,0.0994768877921482
22.8506214316728,0.571255869685139,0.0339014114319605,-0.000444375267240925,-0.192132498599725,-0.0145661536979545,0.0124956323419134,0,0,0,0,0,0,0,0,0,-0.405812903130104,0.306391673802479,0.099022025293832
22.8606217036341,0.571594870743641,0.033896950829738,-0.000447726315670403,-0.192277539190235,-0.0144411663565972,0.0125011283031168,0,0,0,0,0,0,0,0,0,-0.402743951509819,0.307379609765427,0.0985523642979075
22.8706219755955,0.571933827026805,0.0338924565533756,-0.000451109986262544,-0.192421329601314,-0.014316124890812,0.012506456698345,0,0,0,0,0,0,0,0,0,-0.399665143744052,0.308362774693304,0.0980677849050839
22.8806222475568,0.57227273819624,0.0338879282744096,-0.000454526726360767,-0.192563869300105,-0.0141910309833672,0.0125116161130298,0,0,0,0,0,0,0,0,0,-0.396576528290443,0.309341018804822,0.0975681697972064
22.8906225195182,0.572611603910252,0.0338833656598814,-0.000457976987554537,-0.19270515777065,-0.0140658863312373,0.0125166051206059,0,0,0,0,0,0,0,0,0,-0.393478155110356,0.31031419115879,0.0970534043256934
22.9006227914795,0.57295042382379,0.0338787683722953,-0.000461461225696944,-0.192845194514033,-0.0139406926457229,0.0125214222824619,0,0,0,0,0,0,0,0,0,-0.390370075680338,0.311282139680884,0.0965233766007666
22.9106230634408,0.573289197588409,0.0338741360695754,-0.000464979900922284,-0.192983979048525,-0.0138154516525715,0.0125260661478899,0,0,0,0,0,0,0,0,0,-0.38725234300332,0.31224471119206,0.0959779776401998
22.9206233354022,0.573627924852217,0.0338694684050227,-0.000468533477663629,-0.193121510909725,-0.013690165092099,0.0125305352540366,0,0,0,0,0,0,0,0,0,-0.384125011619513,0.313201751438288,0.0954171014252137
22.9306236073635,0.573966605259835,0.0338647650272725,-0.000472122424670419,-0.193257789650712,-0.0135648347193107,0.0125348281258527,0,0,0,0,0,0,0,0,0,-0.380988137617015,0.314153105120091,0.0948406449789143
22.9406238793249,0.574305238452343,0.0338600255802506,-0.000475747215026023,-0.193392814842186,-0.0134394623040246,0.0125389432760441,0,0,0,0,0,0,0,0,0,-0.37784177864211,0.315098615923845,0.0942485085375663
22.9506241512862,0.574643824067239,0.0338552497031302,-0.000479408326165333,-0.193526586072623,-0.0133140496309931,0.0125428792050218,0,0,0,0,0,0,0,0,0,-0.374685993909252,0.316038126554744,0.0936405956242224
22.9606244232476,0.574982361738389,0.0338504370302881,-0.00048310623989234,-0.193659102948421,-0.0131885985000264,0.0125466344008522,0,0,0,0,0,0,0,0,0,-0.371520844210707,0.316971478769574,0.0930168131056219
22.9706246952089,0.575320851095976,0.0338455871912611,-0.000486841442397702,-0.193790365094053,-0.0130631107261169,0.0125502073392076,0,0,0,0,0,0,0,0,0,-0.368346391925881,0.317898513410812,0.0923770713315452
22.9806249671703,0.575659291766456,0.0338406998107018,-0.000490614424276331,-0.193920372152219,-0.0129375881395625,0.0125535964833165,0,0,0,0,0,0,0,0,0,-0.365162701030277,0.31881907044219,0.0917212842537578
22.9906252391316,0.575997683372505,0.0338357745083349,-0.000494425680544973,-0.194049123783998,-0.0128120325860918,0.012556800283914,0,0,0,0,0,0,0,0,0,-0.361969837104111,0.319732988985174,0.0910493694913279
23.0006255110929,0.576336025532975,0.0338308108989124,-0.000498275710659783,-0.194176619669006,-0.0126864459269889,0.0125598171791918,0,0,0,0,0,0,0,0,0,-0.358767867340546,0.320640107355835,0.0903612484237263
23.0106257830543,0.576674317862835,0.0338258085921693,-0.0005021650185339,-0.19430285950555,-0.0125608300392197,0.012562645594749,0,0,0,0,0,0,0,0,0,-0.355556860553564,0.321540263103182,0.0896568463263237
23.0206260550156,0.577012559973131,0.0338207671927792,-0.000506094112555033,-0.194427843010787,-0.0124351868155576,0.0125652839435421,0,0,0,0,0,0,0,0,0,-0.352336887185438,0.322433293048754,0.0889360924419945
23.030626326977,0.577350751470927,0.0338156863003089,-0.000510063505603039,-0.19455156992088,-0.0123095181647102,0.0125677306258354,0,0,0,0,0,0,0,0,0,-0.349108019313806,0.323319033326381,0.0881989200744115
23.0406265989383,0.577688891959258,0.0338105655091741,-0.000514073715067492,-0.194674039991162,-0.0121838260114464,0.0125699840291516,0,0,0,0,0,0,0,0,0,-0.345870330658351,0.324197319423636,0.0874452667005255
23.0506268708997,0.578026981037076,0.0338054044085935,-0.000518125262865266,-0.194795252996293,-0.0120581122967247,0.0125720425282217,0,0,0,0,0,0,0,0,0,-0.342623896587056,0.325067986223856,0.086675074055452
23.060627142861,0.578365018299201,0.0338002025825441,-0.000522218675458127,-0.194915208730426,-0.0119323789778204,0.0125739044849356,0,0,0,0,0,0,0,0,0,-0.339368794122022,0.325930868049285,0.0858882882243778
23.0706274148224,0.578703003336265,0.0337949596097151,-0.000526354483870291,-0.19503390700737,-0.0118066280284551,0.0125755682482923,0,0,0,0,0,0,0,0,0,-0.336105101944875,0.326785798704932,0.0850848597458921
23.0806276867837,0.57904093573466,0.0337896750634624,-0.000530533223706007,-0.195151347660751,-0.0116808614389253,0.0125770321543506,0,0,0,0,0,0,0,0,0,-0.332832900401712,0.327632611523788,0.0842647436874764
23.090627958745,0.579378815076484,0.033784348511763,-0.000534755435167152,-0.195267530544187,-0.0115550812162325,0.0125782945261787,0,0,0,0,0,0,0,0,0,-0.329552271507589,0.328471139412188,0.0834278997290535
23.1006282307064,0.579716640939489,0.0337789795171685,-0.00053902166307079,-0.195382455531446,-0.0114292893842129,0.0125793536738053,0,0,0,0,0,0,0,0,0,-0.326263298950563,0.329301214896697,0.0825742922953217
23.1106285026677,0.580054412897025,0.033773567636759,-0.000543332456866754,-0.195496122516623,-0.0113034879836685,0.0125802078941696,0,0,0,0,0,0,0,0,0,-0.322966068095252,0.330122670172125,0.0817038905975214
23.1206287746291,0.580392130517983,0.0337681124220968,-0.00054768837065524,-0.195608531414305,-0.0111776790724979,0.0125808554710715,0,0,0,0,0,0,0,0,0,-0.319660665985909,0.330935337149247,0.0808166686938706
23.1306290465904,0.580729793366745,0.0337626134191796,-0.000552089963204359,-0.195719682159745,-0.0110518647258279,0.0125812946751221,0,0,0,0,0,0,0,0,0,-0.316347181349029,0.331739047504022,0.0799126056427426
23.1406293185518,0.581067401003122,0.0337570701683941,-0.000556537797967739,-0.195829574709036,-0.0109260470361463,0.0125815237636942,0,0,0,0,0,0,0,0,0,-0.313025704595434,0.332533632728382,0.0789916855597651
23.1506295905131,0.581404952982302,0.0337514822044684,-0.000561032443102098,-0.195938209039281,-0.0108002281134335,0.0125815409808723,0,0,0,0,0,0,0,0,0,-0.309696327821872,0.333318924180588,0.0780538976403589
23.1606298624745,0.581742448854791,0.0337458490564258,-0.000565574471484809,-0.196045585148774,-0.0106744100852966,0.012581344557403,0,0,0,0,0,0,0,0,0,-0.306359144812096,0.334094753136475,0.0770992362895429
23.1706301344358,0.582079888166357,0.0337401702475366,-0.000570164460731494,-0.196151703057172,-0.0105485950971024,0.0125809327106456,0,0,0,0,0,0,0,0,0,-0.303014251037427,0.334860950842403,0.0761277011858583
23.1806304063972,0.582417270457971,0.0337344452952711,-0.000574802993213599,-0.196256562805679,-0.0104227853121116,0.0125803036445221,0,0,0,0,0,0,0,0,0,-0.29966174365678,0.335617348567776,0.0751392973360864
23.1906306783585,0.58275459526575,0.0337286737112521,-0.000579490656075967,-0.196360164457218,-0.0102969829116141,0.0125794555494678,0,0,0,0,0,0,0,0,0,-0.29630172151618,0.336363777659093,0.0741340351684675
23.2006309503198,0.583091862120897,0.0337228550012065,-0.000584228041254418,-0.196462508096619,-0.0101711900950629,0.0125783866023813,0,0,0,0,0,0,0,0,0,-0.292934285147707,0.337100069594329,0.0731119305626304
23.2106312222812,0.583429070549642,0.0337169886649179,-0.000589015745493334,-0.196563593830798,-0.010045409080211,0.0125770949665754,0,0,0,0,0,0,0,0,0,-0.289559536767917,0.337826056037584,0.0720730049209129
23.2206314942425,0.583766220073185,0.0337110741961781,-0.000593854370363234,-0.196663421788941,-0.00991964210324642,0.0125755787917267,0,0,0,0,0,0,0,0,0,-0.286177580275699,0.33854156889489,0.0710172852410042
23.2306317662039,0.584103310207632,0.0337051110827388,-0.000598744522278346,-0.19676199212269,-0.00979389141892963,0.0125738362138266,0,0,0,0,0,0,0,0,0,-0.282788521249578,0.339246440370317,0.069944804173268
23.2406320381652,0.584440340463934,0.0336990988062632,-0.000603686812514191,-0.196859305006326,-0.00966815930073026,0.0125718653551313,0,0,0,0,0,0,0,0,0,-0.279392466944456,0.339940503022921,0.06885560004332
23.2506323101266,0.584777310347832,0.0336930368422771,-0.00060868185722517,-0.196955360636963,-0.00954244804096463,0.012569664324112,0,0,0,0,0,0,0,0,0,-0.275989526287768,0.340623589823306,0.0677497168987521
23.2606325820879,0.585114219359789,0.0336869246601201,-0.000613730277462123,-0.197050159234732,-0.00941675995093415,0.0125672312154055,0,0,0,0,0,0,0,0,0,-0.272579809875091,0.341295534211505,0.0666272046140509
23.2706328540493,0.58545106699493,0.0336807617228967,-0.000618832699189923,-0.197143701042972,-0.00929109736106378,0.0125645641097647,0,0,0,0,0,0,0,0,0,-0.269163429965152,0.341956170155636,0.0654881188723939
23.2806331260106,0.585787852742979,0.0336745474874268,-0.000623989753305051,-0.197235986328425,-0.00916546262104092,0.0125616610740084,0,0,0,0,0,0,0,0,0,-0.265740500474258,0.342605332209426,0.0643325211772837
23.2906333979719,0.586124576088199,0.0336682814041965,-0.000629202075653174,-0.197327015381426,-0.00903985809995538,0.0125585201609718,0,0,0,0,0,0,0,0,0,-0.26231113697015,0.343242855571099,0.0631604789702142
23.3006336699333,0.586461236509323,0.0336619629173084,-0.000634470307046712,-0.197416788516101,-0.00891428618643923,0.0125551394094574,0,0,0,0,0,0,0,0,0,-0.258875456665259,0.343868576143248,0.0619720656176434
23.3106339418946,0.586797833479493,0.033655591464432,-0.000639795093282442,-0.197505306070558,-0.00878874928880728,0.0125515168441845,0,0,0,0,0,0,0,0,0,-0.255433578409364,0.344482330591465,0.0607673603899488
23.320634213856,0.587134366466198,0.0336491664767536,-0.000645177085159058,-0.197592568407092,-0.00866324983519847,0.0125476504757401,0,0,0,0,0,0,0,0,0,-0.251985622681674,0.345083956403793,0.0595464485461532
23.3306344858173,0.587470834931202,0.0336426873789262,-0.000650616938494741,-0.197678575912375,-0.0085377902737173,0.012543538300529,0,0,0,0,0,0,0,0,0,-0.248531711582295,0.345673291951052,0.0583094213369282
23.3406347577787,0.587807238330486,0.0336361535890193,-0.000656115314144768,-0.197763328997666,-0.00841237307257568,0.0125391783007241,0,0,0,0,0,0,0,0,0,-0.245071968823106,0.346250176546349,0.0570563759853327
23.35063502974,0.588143576114177,0.0336295645184684,-0.000661672878019059,-0.197846828099005,-0.00828700072023589,0.0125345684442169,0,0,0,0,0,0,0,0,0,-0.24160651971804,0.346814450505016,0.0557874157096191
23.3606353017014,0.588479847726481,0.0336229195720245,-0.000667290301099769,-0.19792907367742,-0.00816167572555348,0.0125297066845679,0,0,0,0,0,0,0,0,0,-0.238135491172758,0.347365955204582,0.0545026497525955
23.3706355736627,0.588816052605622,0.0336162181477029,-0.000672968259458874,-0.198010066219129,-0.00803640061792076,0.0125245909609565,0,0,0,0,0,0,0,0,0,-0.234659011673725,0.347904533145296,0.053202193355734
23.380635845624,0.589152190183766,0.0336094596367327,-0.000678707434275735,-0.198089806235752,-0.00791117794741081,0.0125192191981318,0,0,0,0,0,0,0,0,0,-0.231177211276682,0.348430028009577,0.0518861677178282
23.3906361175854,0.589488259886959,0.0336026434235054,-0.000684508511854685,-0.19816829426451,-0.00778601028492232,0.0125135893063627,0,0,0,0,0,0,0,0,0,-0.227690221594534,0.348942284721716,0.0505547000362264
23.4006363895467,0.589824261135056,0.0335957688855235,-0.000690372183642603,-0.19824553086844,-0.00766090022232442,0.0125076991813882,0,0,0,0,0,0,0,0,0,-0.224198175784622,0.34944114950815,0.0492079234786377
23.4106366615081,0.590160193341652,0.0335888353933489,-0.000696299146246499,-0.198321516636606,-0.00753585037260217,0.0125015467043681,0,0,0,0,0,0,0,0,0,-0.220701208535402,0.349926469956595,0.047845977137534
23.4206369334694,0.590496055914012,0.0335818423105517,-0.000702290101451088,-0.198396252184306,-0.00741086337000286,0.0124951297418328,0,0,0,0,0,0,0,0,0,-0.217199456052543,0.350398095075414,0.0464690060378106
23.4306372054308,0.590831848253004,0.0335747889936578,-0.000708345756236362,-0.198469738153289,-0.00728594187018238,0.0124884461456339,0,0,0,0,0,0,0,0,0,-0.213693056044419,0.350855875352898,0.0450771610677563
23.4406374773921,0.591167569753021,0.0335676747920971,-0.000714466822795187,-0.198541975211969,-0.00716108855035218,0.0124814937528946,0,0,0,0,0,0,0,0,0,-0.210182147707014,0.351299662815259,0.0436705989405208
23.4506377493535,0.59150321980192,0.0335604990481512,-0.000720654018550858,-0.198612964055642,-0.00703630610942704,0.01247427038596,0,0,0,0,0,0,0,0,0,-0.206666871708257,0.351729311085138,0.0422494822187296
23.4606380213148,0.591838797780939,0.033553261096901,-0.000726908066174693,-0.198682705406701,-0.00691159726817302,0.0124667738523472,0,0,0,0,0,0,0,0,0,-0.203147370171758,0.352144675440086,0.0408139792059217
23.4706382932761,0.592174303064634,0.0335459602661743,-0.000733229693603617,-0.198751200014859,-0.00678696476935573,0.012459001944696,0,0,0,0,0,0,0,0,0,-0.199623786659976,0.352545612868906,0.0393642638565956
23.4806385652375,0.592509735020803,0.0335385958764929,-0.000739619634057716,-0.198818448657368,-0.0066624113778898,0.012450952440719,0,0,0,0,0,0,0,0,0,-0.196096266156823,0.352931982128334,0.037900515814456
23.4906388371988,0.59284509301041,0.0335311672410198,-0.00074607862605784,-0.19888445213924,-0.00653793988098816,0.0124426231031519,0,0,0,0,0,0,0,0,0,-0.192564955049697,0.353303643800146,0.03642292032218
23.5006391091602,0.593180376387514,0.0335236736655057,-0.00075260741344317,-0.198949211293474,-0.00641355308831194,0.0124340116797042,0,0,0,0,0,0,0,0,0,-0.189030001110951,0.35366046034603,0.0349316680906206
23.5106393811215,0.593515584499196,0.0335161144482363,-0.0007592067453888,-0.199012726981277,-0.00628925383212123,0.0124251159030088,0,0,0,0,0,0,0,0,0,-0.185491553478827,0.354002296162085,0.0334269552601202
23.5206396530829,0.593850716685479,0.0335084888799786,-0.000765877376423316,-0.199075000092295,-0.00616504496742599,0.0124159334905733,0,0,0,0,0,0,0,0,0,-0.181949762637829,0.354329017632912,0.0319089833661779
23.5306399250442,0.594185772279258,0.0335007962439272,-0.000772620066446358,-0.199136031544838,-0.00604092937213768,0.0124064621447294,0,0,0,0,0,0,0,0,0,-0.178404780398577,0.354640493185429,0.0303779592304501
23.5406401970056,0.594520750606222,0.0334930358156505,-0.000779435580746234,-0.19919582228611,-0.00591690994722088,0.0123966995525839,0,0,0,0,0,0,0,0,0,-0.174856759877109,0.354936593340783,0.0288340948137471
23.5506404689669,0.594855650984774,0.0334852068630369,-0.000786324690017465,-0.199254373292445,-0.00579298961684629,0.0123866433859687,0,0,0,0,0,0,0,0,0,-0.171305855473694,0.355217190765222,0.0272776071810592
23.5606407409283,0.59519047272596,0.0334773086462406,-0.000793288170378377,-0.199311685569533,-0.00566917132854348,0.0123762913013913,0,0,0,0,0,0,0,0,0,-0.167752222851115,0.355482160321313,0.025708718405481
23.5706410128896,0.595525215133388,0.0334693404176269,-0.000800326803388682,-0.199367760152657,-0.00554545805335425,0.0123656409399849,0,0,0,0,0,0,0,0,0,-0.164196018912456,0.355731379116887,0.024127655428194
23.5806412848509,0.59585987750315,0.0334613014217184,-0.000807441376067051,-0.199422598106933,-0.005421852785987,0.0123546899274591,0,0,0,0,0,0,0,0,0,-0.160637401778408,0.355964726553456,0.0225346499851883
23.5906415568123,0.596194459123742,0.0334531908951397,-0.000814632680908696,-0.199476200527541,-0.00529835854497094,0.0123434358740498,0,0,0,0,0,0,0,0,0,-0.157076530764094,0.356182084373698,0.0209299384574858
23.6006418287736,0.59652895927599,0.0334450080665628,-0.000821901515902943,-0.199528568539967,-0.00517497837281105,0.0123318763744699,0,0,0,0,0,0,0,0,0,-0.153513566355418,0.356383336706874,0.0193137617531375
23.610642100735,0.596863377232962,0.033436752156652,-0.000829248684550818,-0.199579703300245,-0.00505171533614377,0.0123200090078596,0,0,0,0,0,0,0,0,0,-0.149948670184975,0.356568370113954,0.0176863652344159
23.6206423726963,0.597197712259896,0.0334284223780091,-0.000836674995882617,-0.199629605995196,-0.00492857252589288,0.0123078313377363,0,0,0,0,0,0,0,0,0,-0.146382005007511,0.356737073631578,0.0160479985366066
23.6306426446577,0.597531963614113,0.033420017935117,-0.000844181264475497,-0.199678277842673,-0.00480555305742584,0.0122953409119455,0,0,0,0,0,0,0,0,0,-0.142813734674954,0.356889338813557,0.01439891540954
23.640642916619,0.597866130544939,0.0334115380242855,-0.000851768310471041,-0.199725720091808,-0.00468266007071102,0.0122825352626109,0,0,0,0,0,0,0,0,0,-0.139244024111032,0.357025059771666,0.0127393736539219
23.6506431885804,0.59820021229362,0.0334029818335943,-0.000859436959592842,-0.199771934023256,-0.00455989673047504,0.0122694119060847,0,0,0,0,0,0,0,0,0,-0.13567303928549,0.357144133215869,0.011069634949159
23.6606434605417,0.598534208093244,0.033394348542838,-0.000867188043164087,-0.199816920949445,-0.00443726622636061,0.0122559683428978,0,0,0,0,0,0,0,0,0,-0.132100947187916,0.357246458491675,0.00938996465892227
23.670643732503,0.598868117168653,0.0333856373234696,-0.000875022398125125,-0.199860682214826,-0.00431477177308529,0.0122422020577105,0,0,0,0,0,0,0,0,0,-0.128527915801202,0.357331937616463,0.00770063173018586
23.6806440044644,0.599201938736361,0.0333768473385441,-0.000882940867051047,-0.199903219196122,-0.00419241661060021,0.0122281105192625,0,0,0,0,0,0,0,0,0,-0.124954114074639,0.357400475314827,0.00600190852850807
23.6906442764257,0.599535672004472,0.0333679777426626,-0.000890944298169283,-0.199944533302585,-0.00407020400424953,0.0122136911803235,0,0,0,0,0,0,0,0,0,-0.121379711896678,0.357451979051607,0.00430666559367316
23.7006445483871,0.599869316172592,0.0333590276819151,-0.000899033545377154,-0.19998462597625,-0.00394813724493055,0.0121989414776432,0,0,0,0,0,0,0,0,0,-0.117804880067364,0.357486610969193,0.00281027609617715
23.7106448203484,0.600202870431837,0.0333499963517229,-0.000907180912138484,-0.20002349869194,-0.00382621948565958,0.0121839395254127,0,0,0,0,0,0,0,0,0,-0.114229785232216,0.357508186102104,0.00182060260780903
23.7206450923098,0.600536333968594,0.0333408837777671,-0.000915273225213083,-0.200061152946606,-0.00370445153437243,0.0121690051001911,0,0,0,0,0,0,0,0,0,-0.110654521888509,0.357523024011616,0.00128414388993744
23.7306453642711,0.600869705973602,0.0333316906099947,-0.000923299355787169,-0.200097590233745,-0.0035828324343058,0.012154169778211,0,0,0,0,0,0,0,0,0,-0.107079130287098,0.357533869678377,0.000884852584215163
23.7406456362325,0.601202985644199,0.0333224175066942,-0.000931260014123861,-0.200132812036985,-0.00346136120376482,0.0121394316883211,0,0,0,0,0,0,0,0,0,-0.103503650024157,0.357540721544592,0.000482068201803136
23.7506459081938,0.601536172184268,0.0333130651190694,-0.000939155906897461,-0.200166819830232,-0.00334003687971595,0.01212478896951,0,0,0,0,0,0,0,0,0,-0.099928121381696,0.357543511304621,7.24816228485729e-05
23.7606461801551,0.601869264804172,0.033303634091275,-0.00094698773720034,-0.200199615077853,-0.0032188585176855,0.012110239770887,0,0,0,0,0,0,0,0,0,-0.0963525853220364,0.357542171216473,-0.000343849692841997
23.7706464521165,0.602202262720679,0.0332941250604525,-0.000954756204549803,-0.200231199234861,-0.00309782519165881,0.012095782251662,0,0,0,0,0,0,0,0,0,-0.0927770834820665,0.357536634123737,-0.000766866083636295
23.7806467240778,0.602535165156895,0.0332845386567658,-0.000962462004894977,-0.200261573747102,-0.00297693599397921,0.0120814145811267,0,0,0,0,0,0,0,0,0,-0.0892016581672734,0.357526833477685,-0.00119650573100571
23.7906469960392,0.602867971342192,0.033274875503437,-0.000970105830623696,-0.200290740051437,-0.00285619003524711,0.0120671349386351,0,0,0,0,0,0,0,0,0,-0.0856263523455565,0.35751270335831,-0.00163270468021576
23.8006472680005,0.60320068051214,0.0332651362167818,-0.000977688370569369,-0.200318699575924,-0.00273558644421982,0.0120529415135834,0,0,0,0,0,0,0,0,0,-0.0820512096408367,0.357494178496015,-0.00207539680042647
23.8106475399619,0.603533291908437,0.0332553214062455,-0.000985210310017865,-0.200345453739995,-0.00261512436771103,0.0120388325053916,0,0,0,0,0,0,0,0,0,-0.0784762743264405,0.357471194293446,-0.0025245138578909
23.8206478119232,0.603865804778845,0.0332454316744375,-0.000992672330714401,-0.200371003954645,-0.00249480297049053,0.0120248061234831,0,0,0,0,0,0,0,0,0,-0.0749015913182737,0.357443686845717,-0.00297998556519927
23.8306480838846,0.604198218377113,0.0332354676171676,-0.00100007511087041,-0.200395351622602,-0.00237462143518459,0.012010860587266,0,0,0,0,0,0,0,0,0,-0.0713272061677953,0.35741159296126,-0.00344173951968737
23.8406483558459,0.604530531962919,0.0332254298234809,-0.00100741932517041,-0.200418498138511,-0.00225457896217603,0.0119969941261132,0,0,0,0,0,0,0,0,0,-0.0677531650547742,0.357374850183283,-0.00390970125340001
23.8506486278072,0.604862744801795,0.0332153188756931,-0.00101470564477894,-0.200440444889107,-0.00213467476950453,0.011983204979343,0,0,0,0,0,0,0,0,0,-0.0641795147798393,0.357333396809617,-0.00438379430406369
23.8606488997686,0.605194856165064,0.0332051353494255,-0.00102193473734736,-0.200461193253396,-0.00201490809276756,0.0119694913961998,0,0,0,0,0,0,0,0,0,-0.0606063027568389,0.357287171912757,-0.00486394021129544
23.8706491717299,0.605526865329773,0.0331948798136404,-0.00102910726702078,-0.200480744602824,-0.00189527818502099,0.0119558516358349,0,0,0,0,0,0,0,0,0,-0.0570335770049853,0.357236115359784,-0.00535005850623279
23.8806494436913,0.605858771578623,0.0331845528306758,-0.00103622389444493,-0.200499100301456,-0.00177578431668037,0.0119422839672865,0,0,0,0,0,0,0,0,0,-0.0534613861408152,0.357180167832614,-0.00584206675030221
23.8906497156526,0.606190574199907,0.0331741549562808,-0.00104328527677306,-0.200516261706148,-0.00165642577542171,0.0119287866694605,0,0,0,0,0,0,0,0,0,-0.0498897793699348,0.357119270847145,-0.00633988062279197
23.900649987614,0.606522272487444,0.0331636867396498,-0.00105029206767276,-0.200532230166716,-0.00153720186608335,0.0119153580311115,0,0,0,0,0,0,0,0,0,-0.0463188064785974,0.357053366771753,-0.0068434138946171
23.9106502595753,0.606853865740511,0.0331531487234583,-0.00105724491733291,-0.200547007026111,-0.0014181119105674,0.0119019963508224,0,0,0,0,0,0,0,0,0,-0.0427485178250728,0.356982398846965,-0.0073525784453128
23.9206505315367,0.60718535326378,0.0331425414438965,-0.00106414447247052,-0.200560593620589,-0.00129915524774139,0.0118886999369861,0,0,0,0,0,0,0,0,0,-0.0391789643308322,0.356906311203613,-0.00786728433378332
23.930650803498,0.607516734367252,0.0331318654307051,-0.00107099137633763,-0.200572991279878,-0.00118033123334055,0.0118754671077851,0,0,0,0,0,0,0,0,0,-0.0356101974715592,0.356825048881094,-0.00838743979405647
23.9406510754594,0.607848008366194,0.0331211212072092,-0.00107778626872814,-0.200584201327345,-0.00106163923986987,0.0118622961911727,0,0,0,0,0,0,0,0,0,-0.0320422692679694,0.356738557845613,-0.00891295129655521
23.9506513474207,0.608179174581075,0.0331103092903529,-0.00108452978598479,-0.200594225080168,-0.000943078656506375,0.0118491855248532,0,0,0,0,0,0,0,0,0,-0.0284752322764517,0.356646785007207,-0.00944372358348144
23.960651619382,0.608510232337501,0.0330994301907341,-0.00109122256100591,-0.2006030638495,-0.000824648889001931,0.0118361334562625,0,0,0,0,0,0,0,0,0,-0.0249091395795474,0.356549678237288,-0.0099796596452721
23.9706518913434,0.608841180966154,0.0330884844126388,-0.00109786522325243,-0.200610718940631,-0.000706349359585926,0.0118231383425489,0,0,0,0,0,0,0,0,0,-0.0213440447762454,0.356447186386138,-0.010520660809732
23.9806521633047,0.609172019802725,0.0330774724540752,-0.00110445839875466,-0.200617191653157,-0.000588179506868099,0.0118101985505536,0,0,0,0,0,0,0,0,0,-0.0177800019721117,0.356339259298667,-0.0110666268055826
23.9906524352661,0.609502748187856,0.0330663948068083,-0.00111100271011921,-0.200622483281141,-0.00047013878574197,0.0117973124567908,0,0,0,0,0,0,0,0,0,-0.0142170657692644,0.356225847830637,-0.0116174557165159
24.0006527072274,0.609833365467074,0.0330552519563937,-0.00111749877653589,-0.200626595113276,-0.000352226667288063,0.0117844784474289,0,0,0,0,0,0,0,0,0,-0.0106552912561783,0.356106903865339,-0.012173044044075
24.0106529791888,0.610163870990734,0.0330440443822124,-0.00112394721378455,-0.200629528433047,-0.000234442638677346,0.0117716949182708,0,0,0,0,0,0,0,0,0,-0.00709473399733205,0.355982380328561,-0.0127332868146019
24.0206532511501,0.61049426411395,0.0330327725575042,-0.00113034863424197,-0.200631284518888,-0.000116786203075228,0.0117589602747343,0,0,0,0,0,0,0,0,0,-0.00353545002271397,0.355852231203123,-0.0132980775333175
24.0306535231115,0.610824544196542,0.0330214369494019,-0.00113670364688877,-0.200631864644347,7.43120454625538e-07,0.011746272931833,0,0,0,0,0,0,0,0,0,2.25041828324661e-05,0.355716411544768,-0.0138673082399415
24.0406537950728,0.611154710602968,0.0330100380189653,-0.00114301285731626,-0.200631270078241,0.000118145797046317,0.0117336313141564,0,0,0,0,0,0,0,0,0,0.00357907169040932,0.355574877495581,-0.0144408696022195
24.0506540670341,0.611484762702267,0.0329985762212153,-0.00114927686773332,-0.200629502084812,0.000235422276126968,0.0117210338558511,0,0,0,0,0,0,0,0,0,0.00713419513798842,0.355427586298007,-0.0150186509002321
24.0606543389955,0.611814699868001,0.0329870520051672,-0.00115549627697328,-0.200626561923889,0.000352572991512606,0.0117084790006007,0,0,0,0,0,0,0,0,0,0.0106878167414975,0.355274496308591,-0.0156005400783593
24.0706546109568,0.612144521478188,0.0329754658138645,-0.00116167168050081,-0.200622450851037,0.000469598361503203,0.0116959652016067,0,0,0,0,0,0,0,0,0,0.0142398783060192,0.355115567010952,-0.0161864238003424
24.0806548829182,0.61247422691525,0.0329638180844131,-0.00116780367041882,-0.200617170117718,0.000586498788977953,0.0116834909215692,0,0,0,0,0,0,0,0,0,0.0177903212371315,0.354950759028421,-0.0167761875079615
24.0906551548795,0.61280381556595,0.0329521092480143,-0.00117389283547529,-0.200610720971441,0.000703274661489924,0.0116710546326671,0,0,0,0,0,0,0,0,0,0.0213390865523598,0.354780034135844,-0.0173697154371419
24.1006554268409,0.613133286821333,0.0329403397299984,-0.00117993976107019,-0.200603104655913,0.00081992635136087,0.0116586548165389,0,0,0,0,0,0,0,0,0,0.0248861148927581,0.354603355271896,-0.0179668906589294
24.1106556988022,0.613462640076669,0.0329285099498583,-0.00118594502926233,-0.200594322411198,0.000936454215775864,0.0116462899642633,0,0,0,0,0,0,0,0,0,0.0284313465346078,0.354420686550066,-0.0185675951531536
24.1206559707636,0.613791874731394,0.032916620321283,-0.00119190921877628,-0.20058437547386,0.00105285859687735,0.0116339585763394,0,0,0,0,0,0,0,0,0,0.0319747214012132,0.354231993269497,-0.0191717098232105
24.1306562427249,0.614120990189052,0.0329046712521905,-0.0011978329050092,-0.200573265077117,0.00116913982185937,0.0116216591626679,0,0,0,0,0,0,0,0,0,0.0355161790748168,0.354037241925674,-0.019779114570219
24.1406565146862,0.614449985857236,0.0328926631447616,-0.00120371666003776,-0.20056099245099,0.00128529820306163,0.011609390242531,0,0,0,0,0,0,0,0,0,0.0390556588086148,0.353836400219783,-0.02038968834287
24.1506567866476,0.614778861147535,0.0328805963954723,-0.00120956105262501,-0.200547558822449,0.00140133403806296,0.0115971503445734,0,0,0,0,0,0,0,0,0,0.0425930995388583,0.353629437068402,-0.0210033091288397
24.1606570586089,0.615107615475473,0.0328684713951278,-0.00121536664822723,-0.200532965415565,0.00151724760977497,0.0115849380067826,0,0,0,0,0,0,0,0,0,0.046128439897058,0.35341632261303,-0.0216198540556812
24.1706573305703,0.615436248260454,0.0328562885288948,-0.00122113400900088,-0.200517213451648,0.00163303918653549,0.0115727517764696,0,0,0,0,0,0,0,0,0,0.0496616182222763,0.35319702822776,-0.0222391994673557
24.1806576025316,0.615764758925706,0.0328440481763349,-0.00122686369380939,-0.2005003041494,0.0017487090222015,0.0115605902102496,0,0,0,0,0,0,0,0,0,0.0531925725734902,0.352971526527277,-0.022861220891486
24.190657874493,0.616093146898225,0.0328317507114373,-0.0012325562582301,-0.200482238725056,0.00186425735624217,0.0115484518740223,0,0,0,0,0,0,0,0,0,0.0567212407420433,0.352739791375193,-0.0234857931162637
24.2006581464543,0.616421411608718,0.0328193965026516,-0.00123821225456113,-0.200463018392527,0.00197968441383174,0.0115363353429524,0,0,0,0,0,0,0,0,0,0.0602475602641707,0.352501797890496,-0.0241127902874067
24.2106584184157,0.616749552491551,0.0328069859129207,-0.00124383223182826,-0.200442644363545,0.00209499040594184,0.0115242392014505,0,0,0,0,0,0,0,0,0,0.0637714684335798,0.352257522453951,-0.0247420859296109
24.220658690377,0.617077568984691,0.0327945192997136,-0.00124941673579179,-0.200421117847801,0.00221017552943404,0.0115121620431534,0,0,0,0,0,0,0,0,0,0.0672929023141081,0.352006942714122,-0.0253735529620111
24.2306589623384,0.617405460529653,0.0327819970150576,-0.00125496630895343,-0.200398440053087,0.0023252399671518,0.0115001024709049,0,0,0,0,0,0,0,0,0,0.0708117987524247,0.35175003759346,-0.0260070637608995
24.2406592342997,0.617733226571444,0.0327694194055712,-0.00126048149056321,-0.200374612185439,0.00244018388801283,0.011488059096736,0,0,0,0,0,0,0,0,0,0.0743280943908044,0.351486787293072,-0.0266424902694391
24.250659506261,0.618060866558512,0.0327567868124964,-0.0012659628166263,-0.200349635449271,0.00255500744710047,0.0114760305418458,0,0,0,0,0,0,0,0,0,0.0778417256799254,0.351217173296616,-0.0272797039962737
24.2606597782224,0.61838837994269,0.0327440995717313,-0.00127141081990995,-0.200323511047515,0.00266971078575542,0.0114640154365819,0,0,0,0,0,0,0,0,0,0.0813526288917257,0.350941178375097,-0.0279185760530323
24.2706600501837,0.618715766179144,0.0327313580138624,-0.00127682602995034,-0.200296240181758,0.00278429403166729,0.0114520124204209,0,0,0,0,0,0,0,0,0,0.0848607401322964,0.350658786590008,-0.0285589772456256
24.2806603221451,0.619043024726319,0.0327185624641967,-0.00128220897305944,-0.200267824052379,0.00289875729896551,0.0114400201419492,0,0,0,0,0,0,0,0,0,0.0883659953547968,0.350369983296309,-0.0292007780918546
24.2906605941064,0.619370155045886,0.032705713242794,-0.00128756017233194,-0.200238263858681,0.00301310068831051,0.0114280372588434,0,0,0,0,0,0,0,0,0,0.0918683303724068,0.350074755145206,-0.0298438488998118
24.3006608660678,0.619697156602694,0.0326928106644992,-0.0012928801476521,-0.20020756079903,0.00312732428698456,0.0114160624378507,0,0,0,0,0,0,0,0,0,0.0953676808713026,0.349773090085566,-0.0304880598228374
24.3106611380291,0.62002402886471,0.0326798550389741,-0.00129816941570061,-0.200175716070984,0.00324142816898224,0.0114040943547699,0,0,0,0,0,0,0,0,0,0.0988639824236374,0.349464977365601,-0.0311332808515636
24.3206614099905,0.620350771302974,0.0326668466707297,-0.00130342848996151,-0.200142730871427,0.00335541239510091,0.0113921316944314,0,0,0,0,0,0,0,0,0,0.102357170500546,0.349150407534437,-0.0317793819327314
24.3306616819518,0.620677383391548,0.0326537858591579,-0.00130865788072907,-0.2001086063967,0.00346927701303108,0.0113801731506783,0,0,0,0,0,0,0,0,0,0.105847180485154,0.34882937244142,-0.0324262330232652
24.3406619539131,0.621003864607458,0.0326406728985633,-0.00131385809511461,-0.200073343842735,0.00358302205744621,0.0113682174263467,0,0,0,0,0,0,0,0,0,0.109333947685584,0.348501865236607,-0.0330737040612988
24.3506622258745,0.621330214430652,0.0326275080781954,-0.00131902963705345,-0.20003694440518,0.00369664755009264,0.0113562632332462,0,0,0,0,0,0,0,0,0,0.112817407347959,0.348167880370656,-0.0337216650857061
24.3606624978358,0.621656432343942,0.0326142916822799,-0.00132417300731177,-0.199999409279529,0.00381015349987937,0.0113443092921406,0,0,0,0,0,0,0,0,0,0.116297494669408,0.347827413592915,-0.034369986309894
24.3706627697972,0.621982517832959,0.0326010239900505,-0.00132928870349345,-0.199960739661252,0.00392353990296726,0.0113323543327283,0,0,0,0,0,0,0,0,0,0.119774144811039,0.347480461949843,-0.0350185380888398
24.3806630417585,0.622308470386102,0.0325877052757806,-0.00133437722004701,-0.19992093674592,0.0040368067428584,0.0113203970936232,0,0,0,0,0,0,0,0,0,0.123247292910911,0.34712702378376,-0.0356671910105983
24.3906633137199,0.622634289494487,0.0325743358088147,-0.00133943904827246,-0.199880001729334,0.00414995399048533,0.0113084363223347,0,0,0,0,0,0,0,0,0,0.126716874096979,0.346767098729436,-0.0363158159827117
24.4006635856812,0.6229599746519,0.0325609158535998,-0.00134447467632815,-0.199837935807645,0.00426298160429951,0.0112964707752489,0,0,0,0,0,0,0,0,0,0.130182823499994,0.34640068771111,-0.0369642842291095
24.4106638576426,0.623285525354747,0.032547445669717,-0.00134948458923772,-0.199794740177484,0.00437588953036038,0.0112844992176086,0,0,0,0,0,0,0,0,0,0.133645076266394,0.346027792939141,-0.0376124673483755
24.4206641296039,0.623610941102005,0.0325339255119125,-0.00135446926889693,-0.199750416036082,0.00448867770242361,0.0112725204234945,0,0,0,0,0,0,0,0,0,0.137103567571144,0.345648417905868,-0.0382602373755122
24.4306644015652,0.623936221395175,0.0325203556301293,-0.00135942919408053,-0.199704964581393,0.00460134604202955,0.0112605331758049,0,0,0,0,0,0,0,0,0,0.140558232630529,0.34526256738102,-0.0389074668462604
24.4406646735266,0.624261365738234,0.0325067362695378,-0.00136436484044919,-0.199658387012218,0.00471389445859111,0.0112485362662371,0,0,0,0,0,0,0,0,0,0.144009006714909,0.344870247406289,-0.0395540288156656
24.4506649454879,0.624586373637585,0.0324930676705673,-0.00136927668055632,-0.199610684528322,0.00482632284948174,0.0112365284952674,0,0,0,0,0,0,0,0,0,0.147455825161407,0.344471465290373,-0.0401997969038191
24.4606652174493,0.624911244602016,0.0324793500689371,-0.00137416518385501,-0.199561858330559,0.00493863110012328,0.0112245086721319,0,0,0,0,0,0,0,0,0,0.150898623386562,0.344066229602631,-0.040844645371377
24.4706654894106,0.625235978142643,0.0324655836956872,-0.00137903081670487,-0.199511909620985,0.00505081908407321,0.0112124756148071,0,0,0,0,0,0,0,0,0,0.154337336898889,0.343654550166616,-0.0414884491335767
24.480665761372,0.625560573772875,0.0324517687772092,-0.0013838740423789,-0.199460839602982,0.00516288666311205,0.0112004281499903,0,0,0,0,0,0,0,0,0,0.157771901311402,0.34323643805345,-0.0421310838345083
24.4906660333333,0.625885031008359,0.0324379055352774,-0.00138869532107043,-0.199408649481371,0.00527483368733065,0.0111883651130804,0,0,0,0,0,0,0,0,0,0.161202252354044,0.342811905573873,-0.0427724258965917
24.5006663052947,0.626209349366936,0.0324239941870793,-0.00139349510989991,-0.199355340462531,0.00538665999521681,0.011176285348158,0,0,0,0,0,0,0,0,0,0.164628325886052,0.342380966270626,-0.0434123525091547
24.510666577256,0.626533528368597,0.0324100349452467,-0.00139827386292189,-0.199300913754514,0.00549836541374216,0.0111641877079667,0,0,0,0,0,0,0,0,0,0.168050057908233,0.341943634910726,-0.0440507417248907
24.5206668492173,0.626857567535438,0.0323960280178856,-0.00140303203113181,-0.199245370567159,0.00560994975844883,0.0111520710538928,0,0,0,0,0,0,0,0,0,0.171467384575169,0.34149992747593,-0.0446874725308775
24.5306671211787,0.627181466391613,0.0323819736086075,-0.00140777006247295,-0.199188712112208,0.0057214128335355,0.0111399342559466,0,0,0,0,0,0,0,0,0,0.174880242207311,0.341049861153579,-0.0453224248118563
24.54066739314,0.627505224463288,0.0323678719165594,-0.00141248840184324,-0.199130939603414,0.00583275443194367,0.0111277761927424,0,0,0,0,0,0,0,0,0,0.178288567302998,0.340593454327797,-0.0459554794176274
24.5506676651014,0.6278288412786,0.0323537231364546,-0.00141718749110222,-0.199072054256661,0.00594397433544377,0.0111155957514797,0,0,0,0,0,0,0,0,0,0.181692296550375,0.340130726568998,-0.0465865182673729
24.5606679370627,0.628152316367611,0.0323395274586026,-0.00142186776907786,-0.199012057290067,0.00605507231472067,0.011103391827923,0,0,0,0,0,0,0,0,0,0.185091366839198,0.339661698622986,-0.0472154243237461
24.5706682090241,0.628475649262265,0.0323252850689398,-0.00142652967157345,-0.1989509499241,0.00616604812945921,0.0110911633263828,0,0,0,0,0,0,0,0,0,0.188485715272539,0.339186392400983,-0.0478420816229981
24.5806684809854,0.628798839496342,0.0323109961490595,-0.00143117363137451,-0.198888733381687,0.00627690152842993,0.0110789091596964,0,0,0,0,0,0,0,0,0,0.191875279178392,0.338704830968132,-0.0484663753697492
24.5906687529468,0.629121886605417,0.0322966608762421,-0.00143580007825562,-0.198825408888318,0.00638763224957385,0.0110666282492077,0,0,0,0,0,0,0,0,0,0.195259996121144,0.338217038531626,-0.0490881919476399
24.6006690249081,0.629444790126816,0.0322822794234852,-0.00144040943898736,-0.198760977672162,0.00649824002008761,0.0110543195247487,0,0,0,0,0,0,0,0,0,0.198639803912946,0.337723040428998,-0.0497074189460603
24.6106692968695,0.629767549599576,0.0322678519595334,-0.00144500213734313,-0.198695440964167,0.00660872455650822,0.0110419819246193,0,0,0,0,0,0,0,0,0,0.202014640624948,0.337222863115712,-0.050323945210974
24.6206695688308,0.630090164564398,0.0322533786489087,-0.00144957859410608,-0.198628799998168,0.00671908556479776,0.0110296143955681,0,0,0,0,0,0,0,0,0,0.205384444598426,0.336716534152443,-0.0509376608766017
24.6306698407921,0.630412634563607,0.0322388596519397,-0.00145413922707594,-0.198561056010993,0.00682932274042758,0.0110172158927732,0,0,0,0,0,0,0,0,0,0.208749154455761,0.336204082192031,-0.0515484573994256
24.6406701127535,0.630734959141113,0.0322242951247921,-0.00145868445107597,-0.198492210242571,0.00693943576846256,0.0110047853798225,0,0,0,0,0,0,0,0,0,0.212108709111295,0.335685536966079,-0.0521562275925962
24.6506703847148,0.631057137842364,0.032209685219498,-0.00146321467795975,-0.198422263936027,0.00704942432364529,0.0109923218286943,0,0,0,0,0,0,0,0,0,0.215463047782062,0.335160929271223,-0.0527608656612031
24.6606706566762,0.631379170214311,0.0321950300839857,-0.00146773031661814,-0.198351218337794,0.00715928807047961,0.010979824219738,0,0,0,0,0,0,0,0,0,0.218812109998354,0.334630290955023,-0.0533622672205968
24.6706709286375,0.63170105580536,0.0321803298621091,-0.0014722317729861,-0.198279074697709,0.00726902666331435,0.0109672915416543,0,0,0,0,0,0,0,0,0,0.222155835614171,0.334093654901863,-0.0539603293501235
24.6806712005989,0.632022794165339,0.0321655846936776,-0.00147671945004964,-0.198205834269115,0.00737863974642688,0.0109547227914763,0,0,0,0,0,0,0,0,0,0.22549416481751,0.333551055017773,-0.0545549506257584
24.6906714725602,0.632344384845452,0.0321507947144853,-0.00148119374785261,-0.198131498308966,0.00748812695410607,0.0109421169745497,0,0,0,0,0,0,0,0,0,0.228827038140512,0.333002526215673,-0.0551460310963104
24.7006717445216,0.632665827398242,0.0321359600563404,-0.00148565506350364,-0.198056068077918,0.00759748791073548,0.0109294731045134,0,0,0,0,0,0,0,0,0,0.232154396469454,0.332448104400669,-0.0557334723609647
24.7106720164829,0.632987121377549,0.0321210808470945,-0.00149010379118302,-0.197979544840437,0.00770672223087628,0.0109167902032801,0,0,0,0,0,0,0,0,0,0.235476181054594,0.331887826453753,-0.0563171776242513
24.7206722884442,0.633308266338474,0.032106157210672,-0.00149454032214957,-0.197901929864889,0.00781582951934968,0.0109040673010169,0,0,0,0,0,0,0,0,0,0.238792333519848,0.331321730215993,-0.0568970516411002
24.7306725604056,0.633629261837336,0.0320911892670991,-0.00149896504474748,-0.197823224423642,0.00792480937131949,0.0108913034361258,0,0,0,0,0,0,0,0,0,0.242102795872319,0.330749854473334,-0.0574730007794381
24.7406728323669,0.633950107431635,0.0320761771325331,-0.00150337834441327,-0.197743429793159,0.00803366137237453,0.0108784976552243,0,0,0,0,0,0,0,0,0,0.245407510511665,0.330172238939535,-0.0580449330837837
24.7506731043283,0.634270802680015,0.0320611209192912,-0.00150778060368259,-0.197662547254097,0.00814238509861029,0.0108656490131259,0,0,0,0,0,0,0,0,0,0.248706420239283,0.329588924239702,-0.0586127582324983
24.7606733762896,0.634591347142221,0.0320460207358798,-0.00151217220219715,-0.197580578091397,0.00825098011671116,0.0108527565728209,0,0,0,0,0,0,0,0,0,0.251999468267353,0.328999951894076,-0.0591763875925756
24.770673648251,0.634911740379069,0.0320308766870231,-0.00151655351671159,-0.197497523594381,0.00835944598403208,0.0108398194054564,0,0,0,0,0,0,0,0,0,0.255286598227703,0.328405364300471,-0.059735734251484
24.7806739202123,0.635231981952397,0.0320156888736921,-0.00152092492110036,-0.197413385056843,0.00846778224867975,0.0108268365903177,0,0,0,0,0,0,0,0,0,0.258567754180492,0.327805204717425,-0.0602907130092916
24.7906741921737,0.635552071425041,0.0320004573931332,-0.00152528678636458,-0.197328163777145,0.00857598844959417,0.010813807214808,0,0,0,0,0,0,0,0,0,0.26184288062274,0.327199517246798,-0.0608412404145937
24.800674464135,0.635872008360786,0.0319851823388972,-0.00152963948063893,-0.197241861058301,0.00868406411662957,0.0108007303744297,0,0,0,0,0,0,0,0,0,0.265111922496669,0.326588346816202,-0.0613872347776762
24.8106747360963,0.636191792324336,0.0319698638008676,-0.00153398336919856,-0.197154478208074,0.00879200877063549,0.0107876051727642,0,0,0,0,0,0,0,0,0,0.268374825197876,0.325971739161335,-0.06192861618783
24.8206750080577,0.636511422881275,0.0319545018652896,-0.00153831881446592,-0.197066016539063,0.00889982192353725,0.0107744307214533,0,0,0,0,0,0,0,0,0,0.271631534583321,0.325349740808066,-0.06246530651728
24.830675280019,0.636830899598034,0.0319390966147979,-0.00154264617601767,-0.196976477368792,0.00900750307841656,0.0107612061401791,0,0,0,0,0,0,0,0,0,0.274881996979144,0.324722399054691,-0.0629972294595949
24.8406755519804,0.637150222041848,0.031923648128446,-0.00154696581059158,-0.196885862019799,0.00911505172959195,0.0107479305566449,0,0,0,0,0,0,0,0,0,0.278126159188295,0.324089761953252,-0.0635243105412659
24.8506758239417,0.637469389780728,0.0319081564817336,-0.00155127807209333,-0.196794171819721,0.00922246736269867,0.0107346031065556,0,0,0,0,0,0,0,0,0,0.281363968497983,0.323451878291552,-0.0640464770836884
24.8606760959031,0.637788402383421,0.0318926217466357,-0.0015555833116035,-0.196701408101384,0.00932974945476868,0.0107212229335983,0,0,0,0,0,0,0,0,0,0.284595372686942,0.322808797575246,-0.0645636582672791
24.8706763678644,0.638107259419378,0.0318770439916305,-0.00155988187738437,-0.196607572202883,0.00943689747431056,0.0107077891894231,0,0,0,0,0,0,0,0,0,0.287820320032518,0.322160570008568,-0.0650757851631127
24.8806766398258,0.638425960458715,0.0318614232817274,-0.0015641741148868,-0.196512665467674,0.00954391088138876,0.0106943010336232,0,0,0,0,0,0,0,0,0,0.291038759317557,0.321507246475788,-0.0655827906663851
24.8906769117871,0.638744505072182,0.0318457596784953,-0.00156846036675718,-0.196416689244653,0.00965078912770308,0.0106807576337159,0,0,0,0,0,0,0,0,0,0.294250639837119,0.320848878523272,-0.0660846095320872
24.9006771837484,0.639062892831128,0.0318300532400906,-0.00157274097284423,-0.19631964488824,0.0097575316566679,0.0106671581651228,0,0,0,0,0,0,0,0,0,0.297455911405008,0.320185518340227,-0.0665811784392315
24.9106774557098,0.639381123307467,0.0318143040212848,-0.00157701627020593,-0.196221533758462,0.00986413790349099,0.0106535018111506,0,0,0,0,0,0,0,0,0,0.300654524360093,0.319517218739474,-0.067072435932142
24.9206777276711,0.639699196073642,0.0317985120734932,-0.00158128659311636,-0.196122357221037,0.00997060729525217,0.0106397877629717,0,0,0,0,0,0,0,0,0,0.303846429572462,0.318844033139365,-0.0675583224205591
24.9306779996325,0.640017110702596,0.0317826774448015,-0.00158555227307262,-0.196022116647449,0.0100769392509822,0.0106260152196045,0,0,0,0,0,0,0,0,0,0.307031578449384,0.318166015544559,-0.0680387802324962
24.9406782715938,0.640334866767734,0.0317668001799947,-0.00158981363880171,-0.195920813415036,0.010183133181741,0.0106121833878944,0,0,0,0,0,0,0,0,0,0.310209922941068,0.317483220526878,-0.0685137535928981
24.9506785435552,0.640652463842894,0.031750880320584,-0.00159407101626735,-0.195818448907062,0.0102891884906955,0.0105982914824936,0,0,0,0,0,0,0,0,0,0.313381415546248,0.316795703206516,-0.0689831886162325
24.9606788155165,0.640969901502312,0.0317349179048348,-0.00159832472867694,-0.195715024512799,0.0103951045731982,0.0105843387258426,0,0,0,0,0,0,0,0,0,0.316546009317569,0.316103519233032,-0.0694470333172451
24.9706790874779,0.641287179320591,0.031718912967794,-0.00160257509648838,-0.195610541627606,0.0105008808168644,0.0105703243481501,0,0,0,0,0,0,0,0,0,0.319703657866785,0.315406724766353,-0.06990523761212
24.9806793594392,0.641604296872669,0.0317028655413177,-0.00160682243741699,-0.195505001653002,0.0106065166016503,0.0105562475873738,0,0,0,0,0,0,0,0,0,0.322854315369771,0.314705376457745,-0.0703577533147805
24.9906796314006,0.641921253733786,0.0316867756540982,-0.00161106706644234,-0.195398405996748,0.0107120112999299,0.0105421076892009,0,0,0,0,0,0,0,0,0,0.325997936571335,0.31399953143088,-0.0708045341338769
25.0006799033619,0.642238049479453,0.0316706433316917,-0.0016153092958152,-0.195290756072915,0.0108173642765726,0.0105279039070288,0,0,0,0,0,0,0,0,0,0.329134476789857,0.313289247262875,-0.0712455356760257
25.0106801753232,0.642554683685422,0.0316544685965454,-0.00161954943506436,-0.195182053301966,0.0109225748890199,0.0105136355019454,0,0,0,0,0,0,0,0,0,0.332263891921723,0.312574581965296,-0.0716807154255292
25.0206804472846,0.642871155927653,0.0316382514680249,-0.00162378779100353,-0.195072299110824,0.0110276424873624,0.0104993017427098,0,0,0,0,0,0,0,0,0,0.335386138445571,0.311855593965597,-0.0721100327623806
25.0306807192459,0.643187465782285,0.0316219919624409,-0.00162802466773823,-0.19496149493295,0.0111325664144165,0.0104849019057332,0,0,0,0,0,0,0,0,0,0.338501173426367,0.311132342087765,-0.0725334489628006
25.0406809912073,0.643503612825605,0.0316056900930764,-0.00163226036667265,-0.194849642208412,0.0112373460058006,0.0104704352750587,0,0,0,0,0,0,0,0,0,0.341608954519266,0.310404885533752,-0.0729509271373655
25.0506812631686,0.643819596634017,0.031589345870214,-0.00163649518651656,-0.194736742383956,0.0113419805900112,0.0104559011423425,0,0,0,0,0,0,0,0,0,0.344709439973303,0.309673283865353,-0.0733624322739665
25.06068153513,0.644135416784014,0.0315729593011625,-0.00164072942329215,-0.194622796913083,0.0114464694884996,0.0104412988068343,0,0,0,0,0,0,0,0,0,0.347802588634899,0.308937596984781,-0.0737679312541498
25.0706818070913,0.644451072852146,0.0315565303902837,-0.00164496337034094,-0.194507807256109,0.011550812015747,0.0104266275753579,0,0,0,0,0,0,0,0,0,0.350888359951167,0.308197885116219,-0.0741673927784756
25.0806820790527,0.644766564414994,0.0315400591390194,-0.00164919731833065,-0.194391774880244,0.0116550074793403,0.0104118867622913,0,0,0,0,0,0,0,0,0,0.353966713973046,0.307454208787884,-0.0745607873736581
25.090682351014,0.645081891049137,0.0315235455459178,-0.00165343155526208,-0.194274701259654,0.0117590551800481,0.0103970756895481,0,0,0,0,0,0,0,0,0,0.357037611358245,0.306706628813441,-0.0749480874173878
25.1006826229753,0.645397052331127,0.0315069896066606,-0.00165766636647598,-0.194156587875535,0.0118629544118953,0.0103821936865574,0,0,0,0,0,0,0,0,0,0.360101013374009,0.305955206273571,-0.075329267106649
25.1106828949367,0.645712047837456,0.031490391314089,-0.00166190203465996,-0.194037436216171,0.0119667044622382,0.0103672400902445,0,0,0,0,0,0,0,0,0,0.363156881899695,0.305200002498011,-0.0757043024364789
25.120683166898,0.646026877144532,0.0314737506582307,-0.00166613883985534,-0.19391724777701,0.0120703046118401,0.0103522142450117,0,0,0,0,0,0,0,0,0,0.366205179429175,0.304441079047554,-0.0760731711967868
25.1306834388594,0.646341539828651,0.031457067626326,-0.00167037705946402,-0.193796024060723,0.0121737541349451,0.0103371155027185,0,0,0,0,0,0,0,0,0,0.369245869073057,0.303678497696151,-0.0764358529487137
25.1406837108207,0.646656035465963,0.0314403422028544,-0.00167461696825542,-0.193673766577272,0.0122770522993528,0.0103219432226625,0,0,0,0,0,0,0,0,0,0.372278914560724,0.302912320413385,-0.0767923290326244
25.1506839827821,0.646970363632454,0.0314235743695605,-0.00167885883837328,-0.193550476843972,0.0123801983664931,0.0103066967715598,0,0,0,0,0,0,0,0,0,0.375304280242208,0.302142609346409,-0.07714258254761
25.1606842547434,0.64728452390391,0.0314067641054808,-0.0016831029393426,-0.193426156385558,0.0124831915914995,0.0102913755235255,0,0,0,0,0,0,0,0,0,0.378321931089872,0.301369426802832,-0.0774865983038148
25.1706845267048,0.647598515855896,0.0313899113869694,-0.0016873495380765,-0.193300806734242,0.0125860312232838,0.0102759788600545,0,0,0,0,0,0,0,0,0,0.381331832699935,0.300592835233613,-0.0778243628336391
25.1806847986661,0.647912339063728,0.0313730161877242,-0.00169159889888308,-0.193174429429779,0.012688716504609,0.0102605061700016,0,0,0,0,0,0,0,0,0,0.384333951293809,0.299812897215722,-0.0781558643929611
25.1906850706274,0.648225993102444,0.0313560784788129,-0.00169585128347234,-0.193047026019528,0.0127912466721635,0.0102449568495627,0,0,0,0,0,0,0,0,0,0.387328253719286,0.299029675435006,-0.0784810929259955
25.2006853425888,0.648539477546779,0.0313390982286991,-0.00170010695096303,-0.19291859805851,0.0128936209566341,0.0102293303022547,0,0,0,0,0,0,0,0,0,0.390314707451534,0.298243232669555,-0.0788000400133172
25.2106856145501,0.648852791971143,0.0313220754032682,-0.00170436615788953,-0.192789147109471,0.0129958385827788,0.0102136259388968,0,0,0,0,0,0,0,0,0,0.393293280593939,0.29745363177361,-0.0791126988961919
25.2206858865115,0.649165935949589,0.0313050099658527,-0.00170862915820875,-0.192658674742935,0.0130978987695005,0.0101978431775902,0,0,0,0,0,0,0,0,0,0.396263941878786,0.296660935660439,-0.0794190644824703
25.2306861584728,0.649478909055791,0.0312879018772586,-0.001712896203307,-0.192527182537271,0.013199800729919,0.0101819814436993,0,0,0,0,0,0,0,0,0,0.399226660667761,0.29586520728613,-0.0797191332553667
25.2406864304342,0.64979171086302,0.0312707510957907,-0.00171716754200685,-0.192394672078742,0.0133015436714439,0.0101660401698322,0,0,0,0,0,0,0,0,0,0.402181406952307,0.295066509634286,-0.0800129032790596
25.2506867023955,0.650104340944118,0.0312535575772785,-0.00172144342057404,-0.192261144961568,0.013403126795847,0.010150018795821,0,0,0,0,0,0,0,0,0,0.405128151353817,0.294264905699715,-0.0803003742311111
25.2606869743569,0.650416798871469,0.0312363212751011,-0.00172572408272436,-0.192126602787978,0.0135045492993341,0.0101339167687024,0,0,0,0,0,0,0,0,0,0.408066865123661,0.293460458472469,-0.0805815473223557
25.2706872463182,0.650729084216984,0.0312190421402136,-0.00173000976963049,-0.191991047168266,0.0136058103726172,0.0101177335426985,0,0,0,0,0,0,0,0,0,0.410997520143068,0.292653230923136,-0.0808564252734589
25.2806875182796,0.651041196552068,0.0312017201211715,-0.00173430071992892,-0.191854479720847,0.0137069092009864,0.0101014685791972,0,0,0,0,0,0,0,0,0,0.413920088922856,0.291843285987355,-0.0811250123355544
25.2906877902409,0.651353135447601,0.031184355164157,-0.00173859716972682,-0.191716902072311,0.013807844964381,0.0100851213467327,0,0,0,0,0,0,0,0,0,0.416834544603,0.29103068655069,-0.081387314245196
25.3006880622022,0.651664900473912,0.0311669472130035,-0.00174289935260891,-0.191578315857474,0.0139086168374613,0.0100686913209662,0,0,0,0,0,0,0,0,0,0.419740860952063,0.290215495434045,-0.0816433381975697
25.3106883341636,0.651976491200758,0.031149496209221,-0.00174720749964436,-0.191438722719433,0.0140092239896798,0.0100521779846665,0,0,0,0,0,0,0,0,0,0.422639012366473,0.289397775379074,-0.0818930928334727
25.3206886061249,0.652287907197299,0.0311320020920216,-0.00175152183939364,-0.191298124309616,0.0141096655853517,0.0100355808276902,0,0,0,0,0,0,0,0,0,0.425528973869661,0.288577589033864,-0.0821365882020248
25.3306888780863,0.652599148032076,0.0311144647983439,-0.00175584259791541,-0.191156522287831,0.0142099407837261,0.0100188993469627,0,0,0,0,0,0,0,0,0,0.42841072111105,0.28775499893908,-0.0823738357598222
25.3406891500476,0.652910213272987,0.0310968842628786,-0.00176016999877345,-0.191013918322323,0.0143100487390566,0.0100021330464586,0,0,0,0,0,0,0,0,0,0.431284230364915,0.286930067513669,-0.0826048483443063
25.350689422009,0.653221102487266,0.0310792604180931,-0.00176450426304344,-0.190870314089817,0.0144099886006714,0.00998528143718221,0,0,0,0,0,0,0,0,0,0.434149478529096,0.286102857041543,-0.082829640118293
25.3606896939703,0.653531815241463,0.0310615931942563,-0.00176884560931993,-0.190725711275569,0.0145097595130436,0.00996834403714814,0,0,0,0,0,0,0,0,0,0.437006443123582,0.285273429658382,-0.083048226571122
25.3706899659317,0.653842351101416,0.0310438825194634,-0.00177319425372316,-0.190580111573416,0.0146093606158617,0.00995132037136188,0,0,0,0,0,0,0,0,0,0.439855102288956,0.284441847338305,-0.0832606245108161
25.380690237893,0.654152709632237,0.031026128319661,-0.00177755040990601,-0.190433516685819,0.0147087910440986,0.00993420997180033,0,0,0,0,0,0,0,0,0,0.442695434784722,0.283608171880823,-0.0834668520229558
25.3906905098543,0.654462890398284,0.0310083305186711,-0.00178191428906079,-0.190285928323918,0.0148080499280818,0.00991701237739243,0,0,0,0,0,0,0,0,0,0.445527419987491,0.282772464898332,-0.0836669284162313
25.4006907818157,0.654772892963143,0.0309904890382161,-0.00178628609992618,-0.190137348207567,0.0149071363935625,0.00989972713399965,0,0,0,0,0,0,0,0,0,0.448351037889049,0.281934787804158,-0.0838608742351043
25.410691053777,0.655082716889608,0.0309726037979433,-0.0017906660487941,-0.189987778065389,0.0150060495617852,0.00988235379439655,0,0,0,0,0,0,0,0,0,0.451166269094303,0.281095201799797,-0.0840487112544807
25.4206913257384,0.655392361739659,0.0309546747154491,-0.00179505433951658,-0.189837219634817,0.0151047885495563,0.00986489191825142,0,0,0,0,0,0,0,0,0,0.453973094819103,0.280253767863067,-0.0842304624023411
25.4306915976997,0.655701827074441,0.0309367017063036,-0.00179945117351265,-0.189685674662136,0.0152033524693133,0.00984734107210675,0,0,0,0,0,0,0,0,0,0.456771496887947,0.279410546736891,-0.0844061517455067
25.4406918696611,0.656011112454245,0.0309186846840746,-0.00180385674977521,-0.189533144902531,0.0153017404291931,0.00982970082935987,0,0,0,0,0,0,0,0,0,0.459561457731577,0.278565598917736,-0.0845758044957013
25.4506921416224,0.656320217438488,0.0309006235603523,-0.00180827126487791,-0.189379632120124,0.015399951533101,0.00981197077024343,0,0,0,0,0,0,0,0,0,0.462342960384452,0.277718984644278,-0.0847394469660603
25.4606924135838,0.656629141585693,0.0308825182447729,-0.00181269491298205,-0.189225138088022,0.0154979848807782,0.00979415048180604,0,0,0,0,0,0,0,0,0,0.465115988482119,0.276870763886707,-0.0848971065379751
25.4706926855451,0.656937884453469,0.0308643686450431,-0.00181712788584342,-0.189069664588354,0.0155958395678705,0.00977623955789279,0,0,0,0,0,0,0,0,0,0.467880526258476,0.276020996336056,-0.0850488116481301
25.4806929575064,0.657246445598492,0.0308461746669641,-0.00182157037281922,-0.188913213412313,0.0156935146859961,0.00975823759912579,0,0,0,0,0,0,0,0,0,0.470636558542923,0.275169741393766,-0.0851945917465741
25.4906932294678,0.65755482457649,0.0308279362144552,-0.00182602256087492,-0.188755786360196,0.0157910093228126,0.00974014421288481,0,0,0,0,0,0,0,0,0,0.473384070757418,0.274317058161853,-0.0853344772940259
25.5006935014291,0.657863020942217,0.0308096531895781,-0.00183048463459115,-0.188597385241443,0.0158883225620856,0.00972195901328774,0,0,0,0,0,0,0,0,0,0.476123048913432,0.273463005432527,-0.0854684997361872
25.5106937733905,0.65817103424944,0.0307913254925605,-0.00183495677617056,-0.188438011874676,0.015985453483755,0.00970368162117125,0,0,0,0,0,0,0,0,0,0.478853479608801,0.272607641678873,-0.0855966914344127
25.5206940453518,0.658478864050919,0.0307729530218199,-0.00183943916544472,-0.188277668087738,0.0160824011640025,0.00968531166407127,0,0,0,0,0,0,0,0,0,0.481575350024492,0.271751025045856,-0.0857190856849259
25.5306943173132,0.65878650989839,0.0307545356739872,-0.001843931979881,-0.188116355717726,0.0161791646753187,0.00966684877620361,0,0,0,0,0,0,0,0,0,0.484288647921267,0.270893213340618,-0.085835716708441
25.5406945892745,0.659093971342544,0.0307360733439304,-0.00184843539458944,-0.187954076611033,0.0162757430865695,0.00964829259844447,0,0,0,0,0,0,0,0,0,0.486993361636269,0.270034264023694,-0.08594661957686
25.5506948612359,0.659401247933015,0.0307175659247781,-0.00185294958232961,-0.187790832623381,0.0163721354630624,0.00962964277831107,0,0,0,0,0,0,0,0,0,0.489689480079504,0.269174234200765,-0.0860518301901776
25.5606951331972,0.659708339218358,0.030699013307943,-0.00185747471351755,-0.187626625619856,0.0164683408666135,0.00961089896994214,0,0,0,0,0,0,0,0,0,0.492376992730258,0.268313180614347,-0.0861513852886047
25.5706954051585,0.660015244746033,0.0306804153831454,-0.00186201095623258,-0.187461457474943,0.016564358355613,0.00959206083407852,0,0,0,0,0,0,0,0,0,0.495055889633418,0.267451159635299,-0.086245322430581
25.5806956771199,0.660321964062391,0.0306617720384362,-0.00186655847622423,-0.187295330072562,0.0166601869850914,0.00957312803804373,0,0,0,0,0,0,0,0,0,0.497726161395717,0.266588227254948,-0.0863336799165046
25.5906959490812,0.660628496712653,0.0306430831602204,-0.0018711174369191,-0.187128245306097,0.0167558258067851,0.0095541002557245,0,0,0,0,0,0,0,0,0,0.500387799181902,0.265724439078122,-0.086416496788807
25.6006962210426,0.660934842240898,0.0306243486332805,-0.00187568799942775,-0.186960205078433,0.0168512738692023,0.00953497716755133,0,0,0,0,0,0,0,0,0,0.503040794710832,0.264859850315278,-0.0864938128489744
25.6106964930039,0.661241000190041,0.0306055683407992,-0.00188027032255154,-0.186791211301986,0.0169465302176876,0.00951575846047913,0,0,0,0,0,0,0,0,0,0.50568514025149,0.263994515775195,-0.086565668564036
25.6206967649653,0.661546970101826,0.0305867421643828,-0.00188486456278957,-0.186621265898733,0.0170415938944879,0.00949644382796766,0,0,0,0,0,0,0,0,0,0.508320828618942,0.263128489858966,-0.0866321050679047
25.6306970369266,0.661852751516802,0.0305678699840838,-0.00188947087434553,-0.186450370800246,0.0171364639388171,0.00947703296996219,0,0,0,0,0,0,0,0,0,0.510947853170225,0.26226182655267,-0.0866931641793771
25.640697308888,0.662158343974311,0.0305489516784243,-0.00189408940913457,-0.186278527947717,0.0172311393869207,0.009457525592874,0,0,0,0,0,0,0,0,0,0.513566207800154,0.261394579421,-0.0867488883226625
25.6506975808493,0.662463747012473,0.0305299871244186,-0.0018987203167902,-0.186105739291993,0.0173256192721404,0.00943792140956098,0,0,0,0,0,0,0,0,0,0.516175886937087,0.260526801601528,-0.0867993205170364
25.6606978528107,0.662768960168172,0.030510976197596,-0.00190336374467115,-0.185932006793602,0.0174199026249788,0.00941822013930818,0,0,0,0,0,0,0,0,0,0.518776885538623,0.259658545798539,-0.0868445043717945
25.670698124772,0.663073982977037,0.0304919187720234,-0.00190801983786828,-0.18575733242278,0.0175139884731632,0.00939842150780837,0,0,0,0,0,0,0,0,0,0.521369199087233,0.258789864277395,-0.0868844840387427
25.6806983967333,0.663378814973434,0.0304728147203281,-0.00191268873921142,-0.1855817181595,0.0176078758417096,0.00937852524714259,0,0,0,0,0,0,0,0,0,0.52395282358585,0.257920808859322,-0.0869193042097482
25.6906986686947,0.663683455690445,0.0304536639137205,-0.00191737058927628,-0.185405165993498,0.0177015637529868,0.00935853109576072,0,0,0,0,0,0,0,0,0,0.526527755553399,0.257051430915819,-0.0869490100969361
25.700698940656,0.663987904659859,0.0304344662220163,-0.00192206552639133,-0.185227677924301,0.0177950512267796,0.00933843879846206,0,0,0,0,0,0,0,0,0,0.529093992020272,0.256181781363844,-0.0869736473690769
25.7106992126174,0.664292161412156,0.030415221513659,-0.00192677368664463,-0.185049255961249,0.0178883372803525,0.00931824810637589,0,0,0,0,0,0,0,0,0,0.53165153052376,0.255311910661497,-0.086993262165721
25.7206994845787,0.664596225476492,0.0303959296557427,-0.00193149520389081,-0.184869902123524,0.0179814209285128,0.00929795877694196,0,0,0,0,0,0,0,0,0,0.534200369103444,0.25444186880292,-0.0870079010961441
25.7306997565401,0.66490009638069,0.0303765905140336,-0.00193623020975785,-0.184689618440171,0.0180743011836737,0.00927757057389117,0,0,0,0,0,0,0,0,0,0.536740506296524,0.253571705314003,-0.0870176111670482
25.7407000285014,0.665203773651221,0.0303572039529931,-0.001940978833654,-0.184508406950122,0.0181669770559168,0.00925708326722605,0,0,0,0,0,0,0,0,0,0.539271941133127,0.252701469248726,-0.0870224397636367
25.7507003004628,0.665507256813197,0.0303377698357992,-0.00194574120277468,-0.184326269702223,0.0182594475530549,0.00923649663320133,0,0,0,0,0,0,0,0,0,0.541794673131562,0.25183120918525,-0.0870224346665638
25.7607005724241,0.665810545390354,0.0303182880243692,-0.00195051744210931,-0.18414320875525,0.0183517116806949,0.00921581045430453,0,0,0,0,0,0,0,0,0,0.544308702293541,0.250960973221918,-0.0870176440278207
25.7707008443854,0.66611363890504,0.0302987583793815,-0.00195530767444826,-0.183959226177936,0.0184437684422991,0.00919502451923649,0,0,0,0,0,0,0,0,0,0.546814029099367,0.250090808973823,-0.0870081163131445
25.7807011163468,0.666416536878206,0.0302791807602972,-0.00196011202038964,-0.183774324048988,0.0185356168392481,0.00917413862289196,0,0,0,0,0,0,0,0,0,0.549310654503083,0.249220763569967,-0.0869939002900241
25.7907013883081,0.666719238829389,0.0302595550253827,-0.00196493059834627,-0.183588504457111,0.018627255870902,0.00915315256634016,0,0,0,0,0,0,0,0,0,0.551798579927595,0.248350883650066,-0.0869750450357691
25.8007016602695,0.667021744276705,0.0302398810317309,-0.0019697635245525,-0.183401769501028,0.0187186845346626,0.00913206615680531,0,0,0,0,0,0,0,0,0,0.554277807259765,0.247481215361551,-0.0869515999015068
25.8107019322308,0.667324052736834,0.0302201586352833,-0.00197461091307111,-0.183214121289494,0.0188099018260342,0.00911087920764722,0,0,0,0,0,0,0,0,0,0.556748338845474,0.246611804357088,-0.0869236144842328
25.8207022041922,0.66762616372501,0.0302003876908515,-0.00197947287580019,-0.183025561941323,0.0189009067386858,0.00908959153834183,0,0,0,0,0,0,0,0,0,0.559210177484662,0.24574269579214,-0.0868911386181428
25.8307024761535,0.667928076755009,0.030180568052139,-0.00198434952248001,-0.182836093585397,0.0189916982645111,0.00906820297446181,0,0,0,0,0,0,0,0,0,0.561663326426345,0.244873934322663,-0.0868542223430584
25.8407027481149,0.668229791339139,0.0301606995717625,-0.00198924096069993,-0.182645718360692,0.0190822753936901,0.0090467133476571,0,0,0,0,0,0,0,0,0,0.564107789363605,0.244005564103297,-0.0868129159031156
25.8507030200762,0.668531306988228,0.0301407821012735,-0.00199414729590523,-0.182454438416287,0.0191726371147496,0.00902512249563543,0,0,0,0,0,0,0,0,0,0.566543570428573,0.243137628785086,-0.0867672697301458
25.8607032920375,0.668832623211616,0.0301208154911799,-0.00199906863140403,-0.182262255911388,0.0192627824146236,0.00900343026214296,0,0,0,0,0,0,0,0,0,0.568970674187379,0.242270171514007,-0.0867173343859013
25.8707035639989,0.669133739517142,0.0301007995909668,-0.00200400506837417,-0.182069173015336,0.0193527102787136,0.00898163649694479,0,0,0,0,0,0,0,0,0,0.571389105635097,0.241403234929843,-0.0866631605840797
25.8807038359602,0.669434655411134,0.0300807342491185,-0.00200895670587006,-0.181875191907628,0.0194424196909487,0.00895974105580551,0,0,0,0,0,0,0,0,0,0.573798870190673,0.240536861164266,-0.0866047991867682
25.8907041079216,0.6697353703984,0.0300606193131391,-0.00201392364082958,-0.181680314777928,0.0195319096338456,0.00893774380046983,0,0,0,0,0,0,0,0,0,0.576199973691838,0.239671091839792,-0.0865423011337033
25.9007043798829,0.670035883982219,0.0300404546295739,-0.00201890596808096,-0.181484543826083,0.0196211790885682,0.00891564459864308,0,0,0,0,0,0,0,0,0,0.578592422390014,0.238805968069271,-0.0864757174459198
25.9107046518443,0.670336195664332,0.0300202400440304,-0.00202390378034966,-0.181287881262133,0.0197102270349871,0.00889344332397175,0,0,0,0,0,0,0,0,0,0.580976222945209,0.237941530454769,-0.0864050992478423
25.9207049238056,0.670636304944928,0.0299999754011992,-0.00202891716826525,-0.181090329306329,0.0197990524517391,0.00887113985602414,0,0,0,0,0,0,0,0,0,0.583351382420906,0.23707781908662,-0.0863304977106645
25.930705195767,0.67093621132264,0.0299796605448754,-0.00203394622036827,-0.180891890189139,0.0198876543162859,0.00884873408027086,0,0,0,0,0,0,0,0,0,0.585717908278946,0.236214873543439,-0.0862519640203585
25.9407054677283,0.671235914294537,0.0299592953179786,-0.00203899102311713,-0.180692566151263,0.0199760316049736,0.0088262258880654,0,0,0,0,0,0,0,0,0,0.588075808374404,0.235352732891813,-0.0861695494090637
25.9507057396897,0.671535413356108,0.0299388795625744,-0.002044051660895,-0.180492359443644,0.0200641832930911,0.00880361517662467,0,0,0,0,0,0,0,0,0,0.590425090950474,0.234491435685685,-0.0860833051352574
25.960706011651,0.671834708001262,0.0299184131198951,-0.00204912821601668,-0.180291272327478,0.0201521083549284,0.00878090184900963,0,0,0,0,0,0,0,0,0,0.59276576463333,0.233631019966445,-0.0859932824189918
25.9707062836123,0.672133797722315,0.0298978958303598,-0.00205422076873544,-0.180089307074221,0.0202398057638354,0.00875808581410579,0,0,0,0,0,0,0,0,0,0.595097838427015,0.232771523263607,-0.0858995324587631
25.9807065555737,0.672432682009984,0.0298773275335954,-0.00205932939724998,-0.1798864659656,0.0203272744922801,0.00873516698660378,0,0,0,0,0,0,0,0,0,0.597421321708316,0.231912982594565,-0.0858021064484065
25.990706827535,0.672731360353378,0.0298567080684573,-0.00206445417771124,-0.179682751293626,0.020414513511906,0.00871214528697993,0,0,0,0,0,0,0,0,0,0.59973622422164,0.231055434464927,-0.0857010555180552
26.0007070994964,0.673029832239989,0.0298360372730492,-0.00206959518422931,-0.179478165360593,0.0205015217935903,0.00868902064147683,0,0,0,0,0,0,0,0,0,0.602042556073907,0.230198914869455,-0.0855964307259579
26.0107073714577,0.673328097155689,0.0298153149847441,-0.0020747524888803,-0.179272710479091,0.0205882983075014,0.00866579298208386,0,0,0,0,0,0,0,0,0,0.604340327729442,0.229343459292567,-0.0854882830658998
26.0207076434191,0.673626154584718,0.0297945410402043,-0.00207992616171324,-0.179066388972015,0.0206748420231562,0.00864246224651781,0,0,0,0,0,0,0,0,0,0.60662955000487,0.22848910270912,-0.085376663433089
26.0307079153804,0.673924004009681,0.0297737152754017,-0.00208511627075693,-0.178859203172565,0.0207611519094772,0.0086190283782034,0,0,0,0,0,0,0,0,0,0.608910234064032,0.2276358795856,-0.0852616226289281
26.0407081873418,0.674221644911538,0.029752837525638,-0.00209032288202684,-0.178651155424255,0.0208472269348499,0.00859549132625382,0,0,0,0,0,0,0,0,0,0.611182391412901,0.226783823880811,-0.085143211350305
26.0507084593031,0.674519076769598,0.0297319076255646,-0.00209554605953199,-0.17844224808092,0.0209330660671789,0.00857185104545136,0,0,0,0,0,0,0,0,0,0.613446033894515,0.22593296904727,-0.0850214801412366
26.0607087312644,0.674816299061516,0.0297109254092031,-0.00210078586528182,-0.178232483506715,0.0210186682739451,0.00854810749622792,0,0,0,0,0,0,0,0,0,0.615701173683915,0.225083348032873,-0.0848964794176149
26.0707090032258,0.675113311263281,0.0296898907099646,-0.00210604235929308,-0.178021864076127,0.0211040325222619,0.00852426064464556,0,0,0,0,0,0,0,0,0,0.617947823283113,0.224234993281796,-0.0847682594697707
26.0807092751871,0.675410112849215,0.0296688033606703,-0.00211131559959668,-0.177810392173968,0.0211891577789312,0.00850031046237713,0,0,0,0,0,0,0,0,0,0.620185995516052,0.223387936736099,-0.0846368704012108
26.0907095471485,0.675706703291966,0.0296476631935707,-0.00211660564224463,-0.17759807019539,0.0212740430104997,0.00847625692668676,0,0,0,0,0,0,0,0,0,0.622415703523602,0.222542209837858,-0.0845023621374343
26.1007098191098,0.676003082062498,0.0296264700403657,-0.00212191254131685,-0.177384900545875,0.0213586871833148,0.00845210002041044,0,0,0,0,0,0,0,0,0,0.624636960758566,0.221697843530598,-0.0843647844479387
26.1107100910712,0.676299248630094,0.0296052237322244,-0.00212723634892811,-0.177170885641246,0.0214430892635796,0.00842783973193662,0,0,0,0,0,0,0,0,0,0.626849780980701,0.220854868260978,-0.0842241868966126
26.1207103630325,0.676595202462343,0.0295839240998043,-0.00213257711523487,-0.176956027907664,0.0215272482174092,0.00840347605518674,0,0,0,0,0,0,0,0,0,0.62905417825176,0.220013313981219,-0.0840806188420428
26.1307106349939,0.67689094302514,0.0295625709732712,-0.00213793488844218,-0.176740329781629,0.0216111630108852,0.00837900898959575,0,0,0,0,0,0,0,0,0,0.631250166930559,0.219173210150781,-0.0839341294402291
26.1407109069552,0.677186469782676,0.0295411641823186,-0.00214330971481055,-0.176523793709981,0.0216948326101112,0.00835443854009278,0,0,0,0,0,0,0,0,0,0.633437761668058,0.218334585738737,-0.0837847676113947
26.1507111789165,0.67748178219744,0.0295197035561868,-0.00214870163866282,-0.176306422149897,0.0217782559812674,0.00832976471708161,0,0,0,0,0,0,0,0,0,0.635616977402469,0.217497469226117,-0.0836325820550445
26.1607114508779,0.67777687973021,0.029498188923683,-0.00215411070239107,-0.176088217568896,0.0218614320906654,0.00830498753642124,0,0,0,0,0,0,0,0,0,0.637787829354388,0.216661888607977,-0.0834776212369222
26.1707117228392,0.67807176184005,0.0294766201131998,-0.00215953694646348,-0.175869182444829,0.0219443599048025,0.00828010701940649,0,0,0,0,0,0,0,0,0,0.639950333021945,0.215827871396007,-0.0833199333672834
26.1807119948006,0.678366427984305,0.0294549969527345,-0.00216498040943122,-0.175649319265882,0.0220270383904162,0.00825512319274855,0,0,0,0,0,0,0,0,0,0.642104504175985,0.214995444621029,-0.0831595663952377
26.1907122667619,0.678660877618599,0.0294333192699089,-0.00217044112793529,-0.175428630530575,0.0221094665145379,0.00823003608855552,0,0,0,0,0,0,0,0,0,0.644250358855267,0.214164634835727,-0.0829965680163078
26.2007125387233,0.678955110196831,0.0294115868919876,-0.00217591913671348,-0.175207118747754,0.0221916432445472,0.00820484574431298,0,0,0,0,0,0,0,0,0,0.646387913361703,0.213335468116987,-0.0828309856623957
26.2107128106846,0.67924912517117,0.0293897996458974,-0.00218141446860715,-0.17498478643659,0.0222735675482253,0.00817955220286458,0,0,0,0,0,0,0,0,0,0.648517184255608,0.212507970068826,-0.0826628664636905
26.220713082646,0.679542921992051,0.029367957358246,-0.00218692715456821,-0.174761636126574,0.0223552383938085,0.00815415551239257,0,0,0,0,0,0,0,0,0,0.650638188350987,0.211682165825504,-0.0824922572702398
26.2307133546073,0.679836500108177,0.0293460598553411,-0.00219245722366592,-0.174537670357514,0.0224366547500416,0.00812865572639835,0,0,0,0,0,0,0,0,0,0.652750942710851,0.210858080054011,-0.0823192046631217
26.2407136265686,0.68012985896651,0.0293241069632092,-0.00219800470309381,-0.174312891679525,0.0225178155862311,0.00810305290368309,0,0,0,0,0,0,0,0,0,0.654855464642561,0.210035736956959,-0.0821437549032941
26.25071389853,0.680422998012272,0.029302098507614,-0.00220356961817656,-0.174087302653029,0.0225987198722976,0.00807734710832822,0,0,0,0,0,0,0,0,0,0.656951771693193,0.209215160276093,-0.0819659539338379
26.2607141704913,0.68071591668894,0.0292800343140753,-0.00220915199237686,-0.173860905848744,0.0226793665788291,0.00805153840967605,0,0,0,0,0,0,0,0,0,0.659039881644955,0.20839637329514,-0.0817858474186073
26.2707144424527,0.681008614438248,0.0292579142078877,-0.0022147518473023,-0.173633703847681,0.0227597546771332,0.00802562688231028,0,0,0,0,0,0,0,0,0,0.661119812510611,0.207579398842543,-0.0816034806891077
26.280714714414,0.681301090700178,0.0292357380141388,-0.00222036920271226,-0.173405699241132,0.0228398831392896,0.00799961260603663,0,0,0,0,0,0,0,0,0,0.663191582528951,0.206764259295373,-0.0814188987345854
26.2907149863754,0.681593344912965,0.0292135055577278,-0.00222600407652478,-0.173176894630666,0.0229197509382019,0.00797349566586332,0,0,0,0,0,0,0,0,0,0.665255210160291,0.205950976582265,-0.0812321462463771
26.3007152583367,0.68188537651309,0.0291912166633841,-0.00223165648482344,-0.172947292628117,0.0229993570476499,0.00794727615198168,0,0,0,0,0,0,0,0,0,0.667310714082006,0.205139572186438,-0.0810432675800336
26.3107155302981,0.682177184935281,0.0291688711556851,-0.00223732644186423,-0.17271689585558,0.023078700442341,0.00792095415974673,0,0,0,0,0,0,0,0,0,0.669358113184087,0.204330067149392,-0.0808523067281744
26.3207158022594,0.682468769612513,0.0291464688590751,-0.00224301396008244,-0.172485706945396,0.0231577800979621,0.00789452978965771,0,0,0,0,0,0,0,0,0,0.671397426564753,0.20352248207447,-0.080659307349277
26.3307160742208,0.682760129976001,0.0291240095978828,-0.00224871905009956,-0.172253728540144,0.0232365949912308,0.0078680031473386,0,0,0,0,0,0,0,0,0,0.673428673526073,0.202716837129979,-0.0804643127733386
26.3407163461821,0.683051265455207,0.02910149319634,-0.00225444172073012,-0.172020963292633,0.0233151440999462,0.00784137434351878,0,0,0,0,0,0,0,0,0,0.67545187356964,0.201913152052638,-0.0802673659664288
26.3507166181434,0.683342175477831,0.029078919478599,-0.00226018197898861,-0.171787413865886,0.0233934264030404,0.00781464349401353,0,0,0,0,0,0,0,0,0,0.67746704639227,0.201111446151409,-0.080068509533744
26.3607168901048,0.683632859469817,0.0290562882687513,-0.00226593983009631,-0.171553082933133,0.0234714408806292,0.00778781071970458,0,0,0,0,0,0,0,0,0,0.679474211881747,0.200311738310884,-0.0798677857311816
26.3707171620661,0.683923316855349,0.0290335993908449,-0.00227171527748823,-0.171317973177796,0.0235491865140621,0.00776087614652072,0,0,0,0,0,0,0,0,0,0.681473390112588,0.199514046994885,-0.0796652364416424
26.3807174340275,0.684213547056849,0.0290108526689025,-0.00227750832281993,-0.171082087293478,0.0236266622859734,0.00773383990541833,0,0,0,0,0,0,0,0,0,0.683464601341862,0.198718390250322,-0.0794609031900908
26.3907177059888,0.684503549494982,0.0289880479269389,-0.00228331896597447,-0.170845427983949,0.0237038671803319,0.00770670213236193,0,0,0,0,0,0,0,0,0,0.685447866005035,0.197924785710495,-0.0792548271426748
26.4007179779502,0.684793323588653,0.0289651849889791,-0.00228914720506919,-0.170607997963132,0.023780800182491,0.00767946296830476,0,0,0,0,0,0,0,0,0,0.687423204711853,0.197133250598969,-0.079047049068623
26.4107182499115,0.685082868755005,0.0289422636790756,-0.00229499303646271,-0.170369799955092,0.0238574602792388,0.00765212255916937,0,0,0,0,0,0,0,0,0,0.689390638242263,0.196343801733639,-0.0788376093704311
26.4207185218729,0.685372184409423,0.0289192838213262,-0.00230085645476171,-0.170130836694015,0.0239338464588471,0.00762468105582812,0,0,0,0,0,0,0,0,0,0.691350187542375,0.195556455529996,-0.0786265480975452
26.4307187938342,0.685661269965535,0.0288962452398913,-0.00230673745282786,-0.169891110924202,0.0240099577111214,0.00759713861408379,0,0,0,0,0,0,0,0,0,0.693301873720455,0.194771228004924,-0.0784139048957447
26.4407190657955,0.685950124835208,0.0288731477590114,-0.00231263602178468,-0.169650625400044,0.0240857930274495,0.00756949539465011,0,0,0,0,0,0,0,0,0,0.695245718042963,0.193988134780979,-0.0781997190228873
26.4507193377569,0.686238748428553,0.0288499912030244,-0.00231855215102444,-0.169409382886012,0.0241613514008514,0.00754175156313235,0,0,0,0,0,0,0,0,0,0.697181741930623,0.193207191089865,-0.0779840293727542
26.4607196097182,0.686527140153926,0.0288267753963828,-0.00232448582821504,-0.169167386156639,0.024236631826027,0.00751390729000787,0,0,0,0,0,0,0,0,0,0.699109966954536,0.192428411776241,-0.077766874456272
26.4707198816796,0.686815299417926,0.0288035001636714,-0.00233043703930684,-0.168924637996502,0.0243116332994057,0.00748596275060665,0,0,0,0,0,0,0,0,0,0.701030414832327,0.191651811301572,-0.0775482923841472
26.4807201536409,0.6871032256254,0.0287801653296235,-0.0023364057685396,-0.168681141200206,0.0243863548191941,0.00745791812509195,0,0,0,0,0,0,0,0,0,0.702943107424336,0.190877403748283,-0.0773283208676086
26.4907204256023,0.687390918179443,0.0287567707191391,-0.00234239199844934,-0.168436898572364,0.024460795385425,0.00742977359844072,0,0,0,0,0,0,0,0,0,0.704848066729844,0.190105202823592,-0.0771069972523174
26.5007206975636,0.6876783764814,0.0287333161573009,-0.00234839570987523,-0.168191912927581,0.0245349540000046,0.00740152936042429,0,0,0,0,0,0,0,0,0,0.706745314883341,0.189335221862991,-0.0768843584909794
26.510720969525,0.687965599930866,0.0287098014693919,-0.00235441688196641,-0.167946187090431,0.024608829666761,0.0073731856055889,0,0,0,0,0,0,0,0,0,0.708634874150827,0.188567473834625,-0.0766604411306337
26.5207212414863,0.688252587925692,0.0286862264809119,-0.00236045549218897,-0.167699723895444,0.0246824213914914,0.0073447425332362,0,0,0,0,0,0,0,0,0,0.710516766926161,0.187801971343025,-0.0764352813347753
26.5307215134476,0.688539339861985,0.0286625910175946,-0.00236651151633275,-0.167452526187079,0.02475572818201,0.0073162003474039,0,0,0,0,0,0,0,0,0,0.712391015727441,0.187038726633046,-0.0762089148670876
26.540721785409,0.688825855134109,0.0286388949054241,-0.00237258492851825,-0.167204596819709,0.0248287490481949,0.00728755925684629,0,0,0,0,0,0,0,0,0,0.714257643193429,0.186277751593925,-0.0759813771037303
26.5507220573703,0.689112133134691,0.0286151379706514,-0.00237867570120351,-0.166955938657596,0.0249014830020354,0.00725881947501477,0,0,0,0,0,0,0,0,0,0.716116672080015,0.185519057762976,-0.0757527030333528
26.5607223293317,0.689398173254619,0.0285913200398116,-0.00238478380519097,-0.166706554574874,0.0249739290576786,0.00722998122003847,0,0,0,0,0,0,0,0,0,0.717968125256713,0.184762656329644,-0.0755229272309499
26.570722601293,0.689683974883052,0.0285674409397396,-0.0023909092096344,-0.166456447455522,0.0250460862314764,0.00720104471470479,0,0,0,0,0,0,0,0,0,0.719812025703209,0.184008558139723,-0.0752920838881324
26.5807228732544,0.689969537407414,0.0285435004975875,-0.00239705188204571,-0.166205620193347,0.0251179535420318,0.00717201018643994,0,0,0,0,0,0,0,0,0,0.721648396505937,0.183256773698809,-0.0750602068147696
26.5907231452157,0.690254860213407,0.0285194985408399,-0.0024032117883019,-0.165954075691957,0.0251895300102453,0.00714287786728953,0,0,0,0,0,0,0,0,0,0.723477260854702,0.182507313176479,-0.0748273294008214
26.6007234171771,0.690539942685005,0.0284954348973313,-0.00240938889265187,-0.165701816864742,0.0252608146593607,0.00711364799389914,0,0,0,0,0,0,0,0,0,0.725298642039336,0.18176018641051,-0.0745934846498258
26.6107236891384,0.690824784204466,0.0284713093952615,-0.00241558315772336,-0.165448846634845,0.0253318065150117,0.00708432080749481,0,0,0,0,0,0,0,0,0,0.727112563446402,0.181015402910393,-0.0743587051931574
26.6207239610997,0.691109384152329,0.0284471218632121,-0.00242179454452979,-0.165195167935142,0.0254025046052668,0.0070548965538637,0,0,0,0,0,0,0,0,0,0.728919048555928,0.18027297186126,-0.0741230232476684
26.6307242330611,0.691393741907423,0.028422872130163,-0.00242802301247718,-0.164940783708218,0.025472907960675,0.00702537548333461,0,0,0,0,0,0,0,0,0,0.730718120938186,0.179532902128246,-0.0738864706294788
26.6407245050224,0.691677856846867,0.0283985600255076,-0.00243426851937098,-0.164685696906336,0.0255430156143118,0.00699575785075849,0,0,0,0,0,0,0,0,0,0.732509804250512,0.178795202260143,-0.0736490787865074
26.6507247769838,0.691961728346076,0.0283741853790694,-0.00244053102142299,-0.16442991049142,0.0256128266018235,0.00696604391548908,0,0,0,0,0,0,0,0,0,0.734294122234157,0.17805988049311,-0.0734108787738687
26.6607250489451,0.692245355778767,0.0283497480211179,-0.0024468104732582,-0.164173427435022,0.0256823399614723,0.00693623394136347,0,0,0,0,0,0,0,0,0,0.736071098711183,0.177326944754823,-0.0731719012350416
26.6707253209065,0.692528738516961,0.0283252477823841,-0.00245310682792173,-0.1639162507183,0.0257515547341814,0.00690632819668259,0,0,0,0,0,0,0,0,0,0.737840757581402,0.176596402668552,-0.072932176431188
26.6807255928678,0.692811875930989,0.0283006844940763,-0.00245942003688566,-0.163658383331989,0.0258204699635793,0.00687632695419181,0,0,0,0,0,0,0,0,0,0.739603122819345,0.175868261556733,-0.0726917342532223
26.6907258648292,0.693094767389495,0.0282760579878963,-0.0024657500500559,-0.163399828276373,0.0258890846960442,0.00684623049106154,0,0,0,0,0,0,0,0,0,0.741358218471275,0.175142528444804,-0.0724506041938807
26.7007261367905,0.693377412259445,0.0282513680960543,-0.00247209681577914,-0.163140588561261,0.025957397980748,0.00681603908886774,0,0,0,0,0,0,0,0,0,0.743106068652236,0.174419210065328,-0.0722088153557349
26.7107264087519,0.693659809906128,0.028226614651285,-0.00247846028084964,-0.162880667205954,0.0260254088697005,0.00678575303357248,0,0,0,0,0,0,0,0,0,0.744846697543147,0.173698312861677,-0.0719663964641392
26.7207266807132,0.693941959693162,0.0282017974868628,-0.00248484039051618,-0.16262006723922,0.0260931164177929,0.00675537261550454,0,0,0,0,0,0,0,0,0,0.746580129387923,0.172979842991889,-0.0717233758555049
26.7307269526745,0.694223860982504,0.0281769164366176,-0.00249123708848891,-0.162358791699265,0.0261605196828417,0.00672489812933998,0,0,0,0,0,0,0,0,0,0.748306388490646,0.172263806332595,-0.0714797814923848
26.7407272246359,0.694505513134448,0.0281519713349494,-0.00249765031694623,-0.162096843633699,0.0262276177256317,0.00669432987408262,0,0,0,0,0,0,0,0,0,0.750025499212768,0.171550208482567,-0.0712356409628083
26.7507274965972,0.694786915507638,0.0281269620168445,-0.00250408001654167,-0.161834226099512,0.0262944096099597,0.00666366815304467,0,0,0,0,0,0,0,0,0,0.751737485970348,0.170839054766657,-0.0709909814588214
26.7607277685586,0.695068067459069,0.0281018883178901,-0.00251052612641078,-0.161570942163041,0.0263608944026767,0.00663291327382732,0,0,0,0,0,0,0,0,0,0.753442373231339,0.170130350239785,-0.0707458298039626
26.7707280405199,0.695348968344096,0.0280767500742895,-0.00251698858417799,-0.161306994899937,0.0264270711737317,0.0066020655483012,0,0,0,0,0,0,0,0,0,0.755140185512902,0.169424099690316,-0.0705002124666764
26.7807283124813,0.695629617516438,0.0280515471228776,-0.00252346732596353,-0.161042387395139,0.0264929389962132,0.00657112529258703,0,0,0,0,0,0,0,0,0,0.756830947378757,0.168720307643786,-0.0702541555237895
26.7907285844426,0.695910014328186,0.0280262793011354,-0.00252996228639024,-0.160777122742838,0.0265584969463926,0.00654009282703616,0,0,0,0,0,0,0,0,0,0.758514683436581,0.168018978367011,-0.070007684674555
26.800728856404,0.69619015812981,0.028000946447205,-0.00253647339859054,-0.160511204046447,0.0266237441037658,0.00650896847621109,0,0,0,0,0,0,0,0,0,0.760191418335432,0.167320115871527,-0.0697608252698777
26.8107291283653,0.696470048270163,0.0279755483999051,-0.00254300059421323,-0.160244634418567,0.0266886795510953,0.0064777525688661,0,0,0,0,0,0,0,0,0,0.761861176763219,0.166623723917118,-0.0695136022965956
26.8207294003266,0.696749684096491,0.0279500849987448,-0.00254954380343041,-0.159977416980955,0.0267533023744523,0.00644644543792776,0,0,0,0,0,0,0,0,0,0.763523983444198,0.16592980601557,-0.0692660403625091
26.830729672288,0.697029064954438,0.0279245560839391,-0.00255610295494435,-0.159709554864493,0.0268176116632581,0.00641504742047553,0,0,0,0,0,0,0,0,0,0.765179863136516,0.165238365434497,-0.069018163710161
26.8407299442493,0.697308190188054,0.0278989614964234,-0.00256267797599438,-0.159441051209151,0.0268816065103253,0.00638355885772226,0,0,0,0,0,0,0,0,0,0.766828840629785,0.164549405200821,-0.0687699962403067
26.8507302162107,0.697587059139802,0.0278733010778679,-0.00256926879236376,-0.159171909163952,0.0269452860118998,0.00635198009499482,0,0,0,0,0,0,0,0,0,0.768470940742688,0.163862928104129,-0.0685215614936955
26.860730488172,0.697865671150565,0.0278475746706922,-0.00257587532838656,-0.158902131886942,0.0270086492677009,0.00632031148171464,0,0,0,0,0,0,0,0,0,0.770106188320632,0.163178936700515,-0.0682728826493517
26.8707307601334,0.698144025559653,0.0278217821180797,-0.00258249750695453,-0.158631722545151,0.0270716953809628,0.00628855337137823,0,0,0,0,0,0,0,0,0,0.771734608233424,0.162497433315972,-0.068023982538019
26.8807310320947,0.698422121704814,0.0277959232639925,-0.002589135249524,-0.158360684314562,0.0271344234584751,0.00625670612153781,0,0,0,0,0,0,0,0,0,0.773356225372992,0.161818420049967,-0.0677748836395995
26.8907313040561,0.698699958922237,0.0277699979531849,-0.00259578847612276,-0.158089020380067,0.0271968326106231,0.00622477009378184,0,0,0,0,0,0,0,0,0,0.774971064651134,0.161141898778883,-0.0675256080877953
26.9007315760174,0.698977536546566,0.0277440060312181,-0.00260245710535692,-0.157816733935442,0.0272589219514283,0.00619274565371554,0,0,0,0,0,0,0,0,0,0.776579150997305,0.160467871159501,-0.0672761776737447
26.9107318479787,0.699254853910901,0.0277179473444746,-0.00260914105441781,-0.157543828183301,0.0273206905985882,0.00616063317094153,0,0,0,0,0,0,0,0,0,0.77818050935644,0.159796338632369,-0.0670266138422396
26.9207321199401,0.699531910346811,0.0276918217401718,-0.00261584023908883,-0.157270306335064,0.0273821376735164,0.00612843301904036,0,0,0,0,0,0,0,0,0,0.779775164686807,0.15912730242536,-0.0667769377020491
26.9307323919014,0.699808705184343,0.0276656290663765,-0.00262255457375237,-0.156996171610918,0.0274432623013824,0.00609614557555101,0,0,0,0,0,0,0,0,0,0.781363141957897,0.158460763556836,-0.0665271700331408
26.9407326638628,0.700085237752027,0.0276393691720184,-0.00262928397139667,-0.15672142723978,0.0275040636111507,0.00606377122195156,0,0,0,0,0,0,0,0,0,0.782944466148348,0.15779672283906,-0.066277331263804
26.9507329358241,0.700361507376888,0.0276130419069046,-0.00263602834362268,-0.156446076459258,0.0275645407356202,0.0060313103436397,0,0,0,0,0,0,0,0,0,0.784519162243897,0.157135180881816,-0.0660274414958104
26.9607332077855,0.700637513384452,0.0275866471217328,-0.002642787600651,-0.156170122515614,0.0276246928114637,0.00599876332991324,0,0,0,0,0,0,0,0,0,0.786087255235375,0.15647613809532,-0.0657775205231265
26.9707334797468,0.700913255098758,0.0275601846681057,-0.00264956165132866,-0.155893568663722,0.0276845189792663,0.00596613057395076,0,0,0,0,0,0,0,0,0,0.787648770116725,0.155819594693468,-0.0655275877926936
26.9807337517082,0.701188731842365,0.0275336543985443,-0.00265635040313612,-0.155616418167032,0.0277440183835644,0.00593341247279215,0,0,0,0,0,0,0,0,0,0.789203731883057,0.155165550697525,-0.0652776624262289
26.9907340236695,0.701463942936361,0.0275070561665014,-0.00266315376219405,-0.155338674297529,0.027803190172884,0.00590060942731907,0,0,0,0,0,0,0,0,0,0.790752165528739,0.154514005938941,-0.0650277632416047
27.0007342956309,0.701738887700374,0.0274803898263758,-0.00266997163327027,-0.155060340335693,0.0278620334997793,0.00586772184223571,0,0,0,0,0,0,0,0,0,0.79229409604551,0.153864960062616,-0.0647779087326947
27.0107345675922,0.702013565452581,0.027453655233525,-0.00267680391978659,-0.154781419570458,0.0279205475208707,0.00583475012604917,0,0,0,0,0,0,0,0,0,0.793829548420634,0.153218412530113,-0.0645281170744663
27.0207348395535,0.702287975509716,0.0274268522442792,-0.00268365052382573,-0.154501915299171,0.0279787313968826,0.0058016946910501,0,0,0,0,0,0,0,0,0,0.795358547635083,0.15257436262282,-0.0642784061281446
27.0307351115149,0.702562117187083,0.0273999807159544,-0.00269051134613816,-0.154221830827551,0.0280365842926813,0.00576855595329324,0,0,0,0,0,0,0,0,0,0.796881118661748,0.151932809445067,-0.0640287934587808
27.0407353834762,0.702835989798564,0.0273730405068658,-0.00269738628614902,-0.15394116946965,0.0280941053773125,0.00573533433257802,0,0,0,0,0,0,0,0,0,0.798397286463687,0.151293751926931,-0.0637792963217702
27.0507356554376,0.703109592656627,0.027346031476341,-0.00270427524196494,-0.153659934547807,0.0281512938240386,0.00570203025242909,0,0,0,0,0,0,0,0,0,0.799907075992391,0.150657188827625,-0.0635299316614666
27.0607359273989,0.703382925072341,0.0273189534847331,-0.00271117811038102,-0.153378129392607,0.0282081488103762,0.00566864414007684,0,0,0,0,0,0,0,0,0,0.801410512186102,0.15002311873833,-0.0632807161293873
27.0707361993603,0.703655986355382,0.0272918063934337,-0.00271809478688758,-0.15309575734284,0.0282646695181323,0.00563517642643808,0,0,0,0,0,0,0,0,0,0.802907619968136,0.14939154008522,-0.06303166607523
27.0807364713216,0.703928775814045,0.0272645900648863,-0.00272502516567716,-0.152812821745455,0.0283208551334418,0.00560162754609648,0,0,0,0,0,0,0,0,0,0.804398424245255,0.148762451132472,-0.062782797561152
27.090736743283,0.704201292755257,0.0272373043625985,-0.00273196913965131,-0.15252932595552,0.0283767048468039,0.00556799793728318,0,0,0,0,0,0,0,0,0,0.805882949906058,0.148135849985009,-0.0625341263616765
27.1007370152443,0.704473536484582,0.0272099491511559,-0.00273892660042754,-0.152245273336174,0.0284322178531181,0.00553428804185738,0,0,0,0,0,0,0,0,0,0.807361221819405,0.147511734591509,-0.0622856679474725
27.1107372872056,0.704745506306237,0.0271825242962338,-0.00274589743834615,-0.151960667258586,0.0284873933517211,0.00550049830528687,0,0,0,0,0,0,0,0,0,0.808833264832868,0.146890102747471,-0.0620374375097844
27.120737559167,0.705017201523102,0.027155029664611,-0.00275288154247712,-0.15167551110191,0.0285422305464218,0.00546662917662856,0,0,0,0,0,0,0,0,0,0.810299103771214,0.146270952097743,-0.0617894499749827
27.1307378311283,0.70528862143673,0.0271274651241815,-0.00275987880062702,-0.15138980825324,0.0285967286455382,0.00543268110850912,0,0,0,0,0,0,0,0,0,0.811758763434912,0.145654280139288,-0.0615417199732914
27.1407381030897,0.705559765347357,0.0270998305439678,-0.00276688909934584,-0.151103562107564,0.0286508868619321,0.00539865455710549,0,0,0,0,0,0,0,0,0,0.813212268598668,0.14504008422434,-0.0612942618519838
27.150738375051,0.705830632553917,0.0270721257941333,-0.00277391232393392,-0.150816776067717,0.0287047044130449,0.00536454998212542,0,0,0,0,0,0,0,0,0,0.814659644009992,0.144428361562908,-0.0610470897004668
27.1607386470124,0.706101222354049,0.0270443507459943,-0.0027809483584488,-0.150529453544338,0.0287581805209331,0.0053303678467881,0,0,0,0,0,0,0,0,0,0.816100914387789,0.143819109225433,-0.0608002173417998
27.1707389189737,0.706371534044114,0.0270165052720329,-0.0027879970857121,-0.150241597955824,0.0288113144123026,0.00529610861780465,0,0,0,0,0,0,0,0,0,0.817536104420977,0.143212324145455,-0.0605536583199097
27.1807391909351,0.7066415669192,0.0269885892459094,-0.0027950583873164,-0.14995321272828,0.028864105318544,0.00526177276535877,0,0,0,0,0,0,0,0,0,0.81896523876713,0.142608003122526,-0.0603074259048763
27.1907394628964,0.70691132027314,0.026960602542474,-0.00280213214363215,-0.149664301295473,0.0289165524757673,0.00522736076308718,0,0,0,0,0,0,0,0,0,0.820388342051156,0.14200614282478,-0.0600615331277489
27.2007397348577,0.707180793398522,0.0269325450377794,-0.0028092182338145,-0.149374867098788,0.0289686551248361,0.00519287308806029,0,0,0,0,0,0,0,0,0,0.821805438863989,0.141406739791141,-0.0598159927563737
27.2107400068191,0.707449985586698,0.0269044166090928,-0.00281631653581023,-0.149084913587175,0.0290204125114019,0.00515831022076273,0,0,0,0,0,0,0,0,0,0.823216553761313,0.140809790434377,-0.0595708172884842
27.2207402787804,0.707718896127802,0.0268762171349083,-0.00282342692636459,-0.148794444217105,0.0290718238859382,0.00512367264507384,0,0,0,0,0,0,0,0,0,0.824621711262317,0.140215291043452,-0.0593260189842138
27.2307405507418,0.707987524310755,0.026847946494958,-0.00283054928102819,-0.148503462452519,0.0291228885037743,0.00508896084824836,0,0,0,0,0,0,0,0,0,0.826020935848461,0.139623237785924,-0.0590816098513592
27.2407408227031,0.708255869423286,0.0268196045702249,-0.0028376834741639,-0.148211971764783,0.0291736056251289,0.00505417532089692,0,0,0,0,0,0,0,0,0,0.827414251962282,0.139033626710596,-0.0588376016456524
27.2507410946645,0.708523930751936,0.0267911912429543,-0.00284482937895372,-0.147919975632634,0.0292239745151439,0.00501931655696655,0,0,0,0,0,0,0,0,0,0.828801684006217,0.138446453749905,-0.0585940058845225
27.2607413666258,0.708791707582078,0.0267627063966652,-0.00285198686740563,-0.147627477542133,0.0292739944439171,0.00498438505372135,0,0,0,0,0,0,0,0,0,0.830183256341448,0.137861714722297,-0.0583508338406165
27.2707416385872,0.709059199197925,0.0267341499161629,-0.00285915581036051,-0.147334480986618,0.0293236646865357,0.00494938131172301,0,0,0,0,0,0,0,0,0,0.831558993286777,0.13727940533475,-0.0581080965519139
27.2807419105485,0.709326404882545,0.0267055216875499,-0.00286633607749901,-0.147040989466649,0.0293729845231091,0.0049143058348113,0,0,0,0,0,0,0,0,0,0.832928919117526,0.136699521184946,-0.0578658048271829
27.2907421825098,0.709593323917873,0.0266768215982376,-0.00287352753734841,-0.146747006489959,0.0294219532388015,0.00487915913008475,0,0,0,0,0,0,0,0,0,0.834293058064447,0.136122057763682,-0.0576239692289205
27.3007424544712,0.709859955584725,0.026648049536958,-0.00288073005728954,-0.146452535571406,0.0294705701238645,0.00484394170788115,0,0,0,0,0,0,0,0,0,0.835651434312675,0.135547010457383,-0.0573826000941775
27.3107427264325,0.710126299162811,0.0266192053937751,-0.0028879435035636,-0.14615758023292,0.0295188344736691,0.00480865408175808,0,0,0,0,0,0,0,0,0,0.83700407200069,0.1349743745501,-0.0571417075491322
27.3207429983939,0.710392353930749,0.0265902890600961,-0.0028951677412791,-0.14586214400345,0.0295667455887385,0.00477329676847355,0,0,0,0,0,0,0,0,0,0.838350995219302,0.13440414522573,-0.0569013014825087
27.3307432703552,0.710658119166075,0.0265613004286829,-0.00290240263441869,-0.145566230418917,0.029614302774779,0.00473787028796649,0,0,0,0,0,0,0,0,0,0.839692228010668,0.133836317570541,-0.0566613915579278
27.3407435423166,0.710923594145264,0.0265322393936631,-0.00290964804584611,-0.145269843022157,0.0296615053427126,0.00470237516333734,0,0,0,0,0,0,0,0,0,0.841027794367323,0.133270886575154,-0.0564219872337488
27.3507438142779,0.711188778143735,0.0265031058505412,-0.00291690383731296,-0.14497298536287,0.0297083526087082,0.00466681192082866,0,0,0,0,0,0,0,0,0,0.842357718231231,0.132707847136667,-0.0561830977512695
27.3607440862393,0.711453670435872,0.02647389969621,-0.00292416986946569,-0.14467566099757,0.0297548438942126,0.00463118108980559,0,0,0,0,0,0,0,0,0,0.843682023492865,0.132147194060868,-0.0559447321316207
27.3707443582006,0.711718270295031,0.0264446208289611,-0.00293144600185241,-0.14437787348953,0.0298009785259822,0.0045954832027365,0,0,0,0,0,0,0,0,0,0.845000733990305,0.131588922064426,-0.0557068991872856
27.380744630162,0.711982576993563,0.0264152691484963,-0.00293873209292982,-0.144079626408727,0.0298467558361136,0.00455971879517348,0,0,0,0,0,0,0,0,0,0.846313873508354,0.131033025776875,-0.0554696075351221
27.3907449021233,0.712246589802818,0.0263858445559382,-0.00294602800007003,-0.143780923331793,0.0298921751620743,0.00452388840573299,0,0,0,0,0,0,0,0,0,0.847621465777678,0.130479499742545,-0.0552328655812255
27.4007451740846,0.712510307993169,0.0263563469538412,-0.00295333357956748,-0.143481767841957,0.0299372358467334,0.00448799257607634,0,0,0,0,0,0,0,0,0,0.848923534473965,0.129928338422842,-0.0549966815268748
27.410745446046,0.712773730834018,0.0263267762462021,-0.00296064868664584,-0.143182163528993,0.0299819372383921,0.00445203185089028,0,0,0,0,0,0,0,0,0,0.850220103217106,0.129379536198065,-0.054761063381155
27.4207457180073,0.713036857593817,0.0262971323384708,-0.00296797317546483,-0.142882113989164,0.0300262786908134,0.00441600677786758,0,0,0,0,0,0,0,0,0,0.851511195570392,0.128833087369434,-0.0545260189502192
27.4307459899687,0.713299687540077,0.0262674151375611,-0.00297530689912715,-0.142581622825169,0.0300702595632525,0.00437991790768759,0,0,0,0,0,0,0,0,0,0.852796835039735,0.128288986161121,-0.0542915558540938
27.44074626193,0.713562219939388,0.0262376245518608,-0.00298264970968533,-0.142280693646087,0.0301138792204861,0.00434376579399673,0,0,0,0,0,0,0,0,0,0.854077045072905,0.127747226721943,-0.0540576815249924
27.4507465338914,0.713824454057431,0.0262077604912426,-0.00299000145814864,-0.14197933006732,0.0301571370328428,0.00430755099338916,0,0,0,0,0,0,0,0,0,0.855351849058788,0.127207803127422,-0.0538244031932986
27.4607468058527,0.71408638915899,0.0261778228670744,-0.00299736199448992,-0.141677535710542,0.0302000323762314,0.00427127406538731,0,0,0,0,0,0,0,0,0,0.856621270326664,0.126670709381763,-0.053591727912754
27.4707470778141,0.714348024507975,0.0261478115922293,-0.00300473116765254,-0.141375314203638,0.0302425646321709,0.00423493557242234,0,0,0,0,0,0,0,0,0,0.857885332145497,0.12613593941941,-0.053359662564492
27.4807473497754,0.714609359367428,0.0261177265810965,-0.00301210882555718,-0.14107266918065,0.0302847331878194,0.00419853607981487,0,0,0,0,0,0,0,0,0,0.859144057723251,0.125603487106942,-0.0531282138344231
27.4907476217367,0.714870392999546,0.0260875677495908,-0.00301949481510879,-0.14076960428172,0.0303265374360023,0.00416207615575542,0,0,0,0,0,0,0,0,0,0.860397470206222,0.125073346245081,-0.0528973882283489
27.5007478936981,0.71513112466569,0.0260573350151632,-0.00302688898220344,-0.140466123153035,0.0303679767752417,0.00412555637128498,0,0,0,0,0,0,0,0,0,0.861645592678384,0.124545510570285,-0.0526671920958887
27.5107481656594,0.715391553626405,0.0260270282968108,-0.0030342911717352,-0.140162229446766,0.0304090506097843,0.00408897730027565,0,0,0,0,0,0,0,0,0,0.862888448160757,0.124019973756282,-0.0524376316061774
27.5207484376208,0.715651679141433,0.0259966475150868,-0.00304170122760302,-0.139857926821016,0.0304497583496296,0.00405233951941113,0,0,0,0,0,0,0,0,0,0.864126059610787,0.123496729416144,-0.0522087127432879
27.5307487095821,0.715911500469729,0.0259661925921102,-0.00304911899271759,-0.139553218939756,0.0304900994105584,0.00401564360816731,0,0,0,0,0,0,0,0,0,0.865358449921753,0.122975771103913,-0.0519804413378417
27.5407489815435,0.716171016869478,0.025935663451576,-0.00305654430900827,-0.139248109472773,0.03053007321416,0.0039788901487928,0,0,0,0,0,0,0,0,0,0.866585641922178,0.122457092316046,-0.0517528230632626
27.5507492535048,0.716430227598108,0.025905060018765,-0.00306397701742993,-0.138942602095607,0.0305696791878603,0.00394207972628953,0,0,0,0,0,0,0,0,0,0.867807658375265,0.121940686493113,-0.0515258634164738
27.5607495254662,0.716689131912311,0.025874382220553,-0.00307141695796984,-0.138636700489496,0.030608916764949,0.00390521292839332,0,0,0,0,0,0,0,0,0,0.869024521978346,0.12142654702163,-0.0512995677332945
27.5707497974275,0.716947729068053,0.025843629985421,-0.00307886396965455,-0.138330408341316,0.0306477853846069,0.00386829034555436,0,0,0,0,0,0,0,0,0,0.870236255362351,0.120914667235448,-0.0510739412026712
27.5807500693888,0.717206018320593,0.0258128032434645,-0.00308631789055677,-0.13802372934352,0.030686284491933,0.0038313125709179,0,0,0,0,0,0,0,0,0,0.871442881091286,0.120405040417301,-0.0508489888512835
27.5907503413502,0.717463998924501,0.025781901926403,-0.00309377855780223,-0.137716667194083,0.0307244135379713,0.00379428020030471,0,0,0,0,0,0,0,0,0,0.872644421661731,0.119897659800504,-0.0506247155535323
27.6007506133115,0.71772167013367,0.0257509259675896,-0.00310124580757662,-0.137409225596437,0.0307621719797373,0.00375719383219165,0,0,0,0,0,0,0,0,0,0.873840899502354,0.119392518570299,-0.0504011260361087
27.6107508852729,0.717979031201336,0.0257198753020202,-0.00310871947513241,-0.137101408259417,0.030799559280245,0.00372005406769229,0,0,0,0,0,0,0,0,0,0.875032336973437,0.118889609865466,-0.0501782248682089
27.6207511572342,0.718236081380094,0.0256887498663429,-0.00311619939479572,-0.136793218897195,0.0308365749085324,0.00368286151053745,0,0,0,0,0,0,0,0,0,0.87621875636642,0.11838892677986,-0.0499560164813931
27.6307514291956,0.718492819921911,0.0256575495988671,-0.00312368539997329,-0.136484661229225,0.0308732183396882,0.0036456167670557,0,0,0,0,0,0,0,0,0,0.877400179903457,0.117890462363627,-0.0497345051686169
27.6407517011569,0.718749246078148,0.0256262744395727,-0.00313117732315923,-0.136175738980178,0.0309094890548775,0.00360832044615399,0,0,0,0,0,0,0,0,0,0.878576629736989,0.117394209624762,-0.0495136950652023
27.6507519731183,0.719005359099573,0.0255949243301195,-0.00313867499594203,-0.135866455879885,0.0309453865413673,0.00357097315929823,0,0,0,0,0,0,0,0,0,0.879748127949327,0.116900161530701,-0.0492935901727738
27.6607522450796,0.719261158236381,0.0255634992138558,-0.00314617824901134,-0.135556815663272,0.0309809102925521,0.00353357552049375,0,0,0,0,0,0,0,0,0,0.880914696552254,0.116408311009404,-0.0490741943682952
27.6707525170409,0.719516642738205,0.0255319990358274,-0.0031536869121649,-0.135246822070301,0.0310160598079795,0.00349612814626597,0,0,0,0,0,0,0,0,0,0.882076357486636,0.115918650950767,-0.0488555113785395
27.6807527890023,0.71977181185414,0.0255004237427867,-0.00316120081431541,-0.134936478845908,0.0310508345933748,0.00345863165564091,0,0,0,0,0,0,0,0,0,0.883233132622053,0.115431174208212,-0.0486375447982508
27.6907530609636,0.720026664832758,0.0254687732832015,-0.00316871978349741,-0.134625789739942,0.0310852341606663,0.00342108667012573,0,0,0,0,0,0,0,0,0,0.884385043756436,0.114945873599738,-0.0484202981025574
27.700753332925,0.72028120092212,0.0254370476072636,-0.00317624364687415,-0.134314758507099,0.0311192580280097,0.00338349381368936,0,0,0,0,0,0,0,0,0,0.885532112615717,0.114462741909262,-0.0482037746279822
27.7107536048863,0.720535419369802,0.0254052466668976,-0.00318377223074448,-0.134003388906864,0.0311529057198129,0.00334585371274302,0,0,0,0,0,0,0,0,0,0.886674360853503,0.113981771888052,-0.0479879775836848
27.7207538768477,0.720789319422905,0.0253733704157692,-0.00319130536054973,-0.133691684703448,0.0311861767667602,0.00330816699612074,0,0,0,0,0,0,0,0,0,0.88781181005075,0.113502956255839,-0.0477729100607419
27.730754148809,0.721042900328078,0.0253414188092943,-0.0031988428608806,-0.133379649665721,0.0312190707058365,0.00327043429506,0,0,0,0,0,0,0,0,0,0.888944481715453,0.113026287702067,-0.0475585750249957
27.7407544207704,0.721296161331529,0.025309391804647,-0.00320638455548399,-0.133067287567154,0.031251587080351,0.00323265624318226,0,0,0,0,0,0,0,0,0,0.890072397282354,0.112551758887151,-0.0473449753191541
27.7507546927317,0.721549101679052,0.0252772893607682,-0.00321393026726996,-0.132754602185751,0.0312837254399614,0.0031948334764735,0,0,0,0,0,0,0,0,0,0.891195578112651,0.112079362443678,-0.0471321136705678
27.7607549646931,0.721801720616034,0.025245111438374,-0.00322147981831854,-0.132441597303991,0.031315485340697,0.0031569666332648,0,0,0,0,0,0,0,0,0,0.892314045493735,0.111609090977514,-0.0469199926888478
27.7707552366544,0.722054017387481,0.0252128579999637,-0.00322903302988664,-0.132128276708758,0.0313468663449822,0.00311905635421292,0,0,0,0,0,0,0,0,0,0.893427820638919,0.111140937069052,-0.046708614866629
27.7807555086157,0.722305991238033,0.0251805290098283,-0.00323658972241495,-0.13181464419128,0.0313778680216597,0.00308110328228085,0,0,0,0,0,0,0,0,0,0.894536924687194,0.110674893274305,-0.0464979825886096
27.7907557805771,0.72255764141198,0.0251481244340585,-0.00324414971553476,-0.131500703547066,0.0314084899460136,0.0030431080627183,0,0,0,0,0,0,0,0,0,0.89564137870299,0.110210952125972,-0.0462880981272525
27.8007560525384,0.722808967153283,0.0251156442405526,-0.0032517128280749,-0.13118645857584,0.0314387316997919,0.00300507134304241,0,0,0,0,0,0,0,0,0,0.896741203675951,0.109749106134614,-0.0460789636406763
27.8107563244998,0.723059967705592,0.0250830883990247,-0.00325927887806859,-0.130871913081474,0.0314685928712292,0.0029669937730182,0,0,0,0,0,0,0,0,0,0.897836420520712,0.109289347789765,-0.0458705811824445
27.8207565964611,0.723310642312262,0.0250504568810128,-0.00326684768276032,-0.130557070871928,0.0314980730550691,0.00292887600463911,0,0,0,0,0,0,0,0,0,0.898927050076702,0.108831669560915,-0.0456629527097805
27.8307568684225,0.723560990216374,0.0250177496598861,-0.00327441905861276,-0.130241935759179,0.0315271718525864,0.00289071869210768,0,0,0,0,0,0,0,0,0,0.900013113107944,0.108376063898453,-0.0454560800671765
27.8407571403838,0.723811010660748,0.0249849667108533,-0.00328199282131358,-0.129926511559162,0.0315558888716091,0.00285252249181603,0,0,0,0,0,0,0,0,0,0.901094630302871,0.107922523234978,-0.0452499649902789
27.8507574123452,0.724060702887971,0.02495210801097,-0.00328956878578239,-0.129610802091699,0.03158422372654,0.00281428806232639,0,0,0,0,0,0,0,0,0,0.902171622274153,0.107471039986165,-0.0450446091353093
27.8607576843065,0.724310066140405,0.0249191735391465,-0.00329714676617759,-0.129294811180434,0.0316121760383788,0.00277601606435173,0,0,0,0,0,0,0,0,0,0.903244109558531,0.107021606551487,-0.0448400140493423
27.8707579562678,0.724559099660214,0.0248861632761554,-0.00330472657590324,-0.128978542652772,0.0316397454347428,0.00273770716073635,0,0,0,0,0,0,0,0,0,0.904312112616663,0.106574215315677,-0.0446361811705406
27.8807582282292,0.724807802689375,0.0248530772046391,-0.00331230802761598,-0.128662000339804,0.0316669315498888,0.00269936201643631,0,0,0,0,0,0,0,0,0,0.905375651832979,0.106128858649444,-0.044433111861668
27.8907585001905,0.725056174469705,0.0248199153091171,-0.00331989093323188,-0.128345188076248,0.0316937340247336,0.00266098129850011,0,0,0,0,0,0,0,0,0,0.906434747515546,0.105685528910266,-0.0442308073887569
27.9007587721519,0.725304214242873,0.0247866775759933,-0.00332747510393331,-0.128028109700379,0.0317201525068751,0.00262256567604923,0,0,0,0,0,0,0,0,0,0.907489419895941,0.10524421844353,-0.0440292689182721
27.9107590441132,0.725551921250423,0.0247533639935639,-0.00333506035017583,-0.127710769053963,0.0317461866506131,0.00258411582025861,0,0,0,0,0,0,0,0,0,0.908539689129135,0.104804919583382,-0.0438284975316509
27.9207593160746,0.72579929473379,0.0247199745520237,-0.00334264648169511,-0.127393169982189,0.0317718361169691,0.00254563240433735,0,0,0,0,0,0,0,0,0,0.909585575293383,0.104367624653582,-0.0436284942244702
27.9307595880359,0.726046333934322,0.0246865092434742,-0.00335023330751374,-0.127075316333602,0.0317971005737075,0.00250711610350915,0,0,0,0,0,0,0,0,0,0.910627098390126,0.103932325968365,-0.0434292599032858
27.9407598599973,0.726293038093295,0.0246529680619301,-0.00335782063594814,-0.126757211960037,0.0318219796953546,0.00246856759499296,0,0,0,0,0,0,0,0,0,0.9116642783439,0.103499015833357,-0.043230795388747
27.9507601319586,0.726539406451938,0.0246193510033262,-0.00336540827461549,-0.126438860716547,0.0318464731632192,0.00242998755798344,0,0,0,0,0,0,0,0,0,0.912697135002256,0.103067686546379,-0.0430331014206997
27.9607604039199,0.726785438251448,0.0245856580655252,-0.00337299603044051,-0.126120266461341,0.0318705806654121,0.00239137667363164,0,0,0,0,0,0,0,0,0,0.913725688135681,0.102638330398262,-0.0428361786533465
27.9707606758813,0.727031132733008,0.0245518892483236,-0.00338058370966241,-0.125801433055712,0.0318943018968654,0.00235273562502549,0,0,0,0,0,0,0,0,0,0.914749957437538,0.102210939673743,-0.0426400276648501
27.9807609478426,0.727276489137811,0.0245180445534592,-0.00338817111784178,-0.125482364363968,0.0319176365593519,0.00231406509717034,0,0,0,0,0,0,0,0,0,0.915769962524005,0.101785506652087,-0.0424446489586296
27.990761219804,0.727521506707077,0.0244841239846175,-0.00339575805986741,-0.125163064253368,0.031940584361504,0.00227536577696961,0,0,0,0,0,0,0,0,0,0.916785722934026,0.101362023607963,-0.0422500429479308
28.0007614917653,0.727766184682072,0.0244501275474384,-0.00340334433996322,-0.124843536594048,0.031963145018833,0.00223663835320527,0,0,0,0,0,0,0,0,0,0.917797258129269,0.100940482812371,-0.0420562099747199
28.0107617637267,0.728010522304129,0.0244160552495232,-0.00341092976169511,-0.124523785258956,0.0319853182537474,0.00219788351651843,0,0,0,0,0,0,0,0,0,0.918804587494093,0.100520876533141,-0.0418631503179092
28.020762035688,0.728254518814665,0.0243819071004406,-0.00341851412797787,-0.124203814123779,0.0320071037955713,0.0021591019593899,0,0,0,0,0,0,0,0,0,0.919807730335517,0.100103197035696,-0.0416708641745174
28.0307623076494,0.728498173455204,0.0243476831117336,-0.00342609724108204,-0.123883627066879,0.0320285013805634,0.00212029437612078,0,0,0,0,0,0,0,0,0,0.920806705883207,0.0996874365839226,-0.0414793516642087
28.0407625796107,0.728741485467396,0.0243133832969255,-0.00343367890264076,-0.12356322796922,0.032049510751934,0.00208146146281296,0,0,0,0,0,0,0,0,0,0.921801533289454,0.099273587440851,-0.0412886128444698
28.0507628515721,0.728984454093035,0.0242790076715268,-0.00344125891365674,-0.123242620714299,0.0320701316598641,0.00204260391734975,0,0,0,0,0,0,0,0,0,0.92279223162918,0.0988616418692197,-0.0410986477052353
28.0607631235334,0.729227078574079,0.0242445562530409,-0.00344883707450902,-0.122921809188075,0.0320903638615222,0.00200372243937639,0,0,0,0,0,0,0,0,0,0.923778819899929,0.0984515921322594,-0.0409094561634857
28.0707633954947,0.729469358152674,0.0242100290609706,-0.00345641318495996,-0.122600797278901,0.0321102071210824,0.00196481773028063,0,0,0,0,0,0,0,0,0,0.92476131702188,0.0980434304943687,-0.0407210380744463
28.0807636674561,0.729711292071169,0.0241754261168244,-0.00346398704416205,-0.122279588877455,0.0321296612097412,0.00192589049317328,0,0,0,0,0,0,0,0,0,0.925739741837863,0.0976371492216739,-0.0405333932241705
28.0907639394174,0.729952879572138,0.0241407474441221,-0.00347155845066482,-0.121958187876666,0.0321487259057352,0.00188694143286884,0,0,0,0,0,0,0,0,0,0.926714113113375,0.0972327405828529,-0.0403465213372046
28.1007642113788,0.730194119898401,0.024105993068401,-0.0034791272024217,-0.121636598171646,0.0321674009943577,0.00184797125586592,0,0,0,0,0,0,0,0,0,0.927684449536613,0.0968301968495414,-0.0401604220826845
28.1107644833401,0.730435012293044,0.0240711630172222,-0.00348669309679692,-0.121314823659619,0.0321856862679755,0.00180898067032794,0,0,0,0,0,0,0,0,0,0.928650769718506,0.0964295102970345,-0.0399750950580619
28.1207647553015,0.730675555999437,0.0240362573201758,-0.00349425593057238,-0.12099286823985,0.0322035815260455,0.00176997038606365,0,0,0,0,0,0,0,0,0,0.929613092192753,0.0960306732050189,-0.0397905398018189
28.1307650272628,0.730915750261258,0.0240012760088872,-0.00350181549995453,-0.120670735813572,0.032221086575131,0.00173094111450766,0,0,0,0,0,0,0,0,0,0.930571435415869,0.0956336778580206,-0.0396067558030932
28.1407652992242,0.731155594322511,0.0239662191170226,-0.00350937160058125,-0.120348430283921,0.0322382012289178,0.001691893568701,0,0,0,0,0,0,0,0,0,0.93152581776724,0.095238516545944,-0.039423742490671
28.1507655711855,0.731395087427546,0.0239310866802946,-0.00351692402752872,-0.120025955555856,0.0322549253082305,0.00165282846327173,0,0,0,0,0,0,0,0,0,0.932476257549178,0.0948451815647392,-0.0392414992275286
28.1607658431468,0.731634228821081,0.0238958787364681,-0.00352447257531835,-0.119703315536095,0.0322712586410477,0.0016137465144155,0,0,0,0,0,0,0,0,0,0.933422772986982,0.0944536652170515,-0.0390600253304235
28.1707661151082,0.731873017748221,0.0238605953253653,-0.00353201703792357,-0.119380514133039,0.0322872010625182,0.00157464843987602,0,0,0,0,0,0,0,0,0,0.93436538222901,0.0940639598124968,-0.0388793200674778
28.1807663870695,0.732111453454482,0.0238252364888716,-0.00353955720877678,-0.119057555256703,0.032302752414976,0.00153553495892574,0,0,0,0,0,0,0,0,0,0.935304103346753,0.0936760576683577,-0.038699382642119
28.1907666590309,0.732349535185807,0.0237898022709408,-0.00354709288077623,-0.118734442818641,0.0323179125479554,0.00149640679234636,0,0,0,0,0,0,0,0,0,0.936238954334911,0.0932899511101821,-0.0385202122089936
28.2007669309922,0.732587262188589,0.0237542927176004,-0.00355462384629285,-0.118411180731877,0.0323326813182066,0.00145726466240934,0,0,0,0,0,0,0,0,0,0.937169953111478,0.0929056324721603,-0.0383418078835679
28.2107672029536,0.732824633709693,0.0237187078769568,-0.00356214989717717,-0.11808777291083,0.0323470585897095,0.00141810929285657,0,0,0,0,0,0,0,0,0,0.938097117517835,0.0925230940975315,-0.0381641687221705
28.2207674749149,0.733061648996474,0.0236830477992007,-0.0035696708247662,-0.117764223271245,0.0323610442336895,0.00137894140888088,0,0,0,0,0,0,0,0,0,0.939020465318839,0.0921423283393597,-0.0379872937259699
28.2307677468763,0.733298307296801,0.0236473125366119,-0.00357718641989028,-0.117440535730116,0.0323746381286308,0.00133976173710654,0,0,0,0,0,0,0,0,0,0.939940014202926,0.0917633275608611,-0.0378111818631035
28.2407680188376,0.733534607859074,0.0236115021435643,-0.00358469647287999,-0.117116714205619,0.0323878401602914,0.00130057100556993,0,0,0,0,0,0,0,0,0,0.940855781782212,0.0913860841357378,-0.0376358320508215
28.2507682907989,0.73377054993225,0.0235756166765313,-0.00359220077357303,-0.116792762617033,0.0324006502217167,0.00126136994370002,0,0,0,0,0,0,0,0,0,0.941767785592605,0.0910105904488617,-0.0374612431581114
28.2607685627603,0.734006132765859,0.0235396561940903,-0.00359969911132106,-0.116468684884672,0.0324130682132537,0.00122215928229896,0,0,0,0,0,0,0,0,0,0.942676043093915,0.0906368388965555,-0.0372874140141194
28.2707688347216,0.734241355610029,0.0235036207569276,-0.00360719127499665,-0.116144484929809,0.032425094042564,0.00118293975352267,0,0,0,0,0,0,0,0,0,0.94358057166997,0.0902648218871087,-0.0371143433982572
28.280769106683,0.734476217715504,0.0234675104278433,-0.00361467705300007,-0.115820166674604,0.032436727624638,0.00114371209086135,0,0,0,0,0,0,0,0,0,0.944481388628742,0.0898945318412568,-0.0369420300545346
28.2907693786443,0.734710718333667,0.0234313252717558,-0.00362215623326626,-0.11549573404203,0.0324479688818078,0.00110447702912008,0,0,0,0,0,0,0,0,0,0.94537851120247,0.0895259611924098,-0.0367704726881899
28.3007696506057,0.734944856716561,0.0233950653557064,-0.00362962860327164,-0.115171190955801,0.0324588177437599,0.00106523530439936,0,0,0,0,0,0,0,0,0,0.946271956547791,0.0891591023871987,-0.0365996699544077
28.310769922567,0.735178632116912,0.0233587307488643,-0.00363709395004104,-0.114846541340298,0.0324692741475487,0.00102598765407568,0,0,0,0,0,0,0,0,0,0.947161741745873,0.0887939478859306,-0.0364296204716222
28.3207701945284,0.735412043788144,0.0233223215225305,-0.00364455206015453,-0.114521789120491,0.0324793380376089,0.000986734816782096,0,0,0,0,0,0,0,0,0,0.948047883802553,0.0884304901628691,-0.0362603228267036
28.3307704664897,0.735645090984408,0.0232858377501424,-0.00365200271975436,-0.114196938221873,0.0324890093657676,0.000947477532388745,0,0,0,0,0,0,0,0,0,0.94893039964848,0.0880687217065843,-0.0360917755680814
28.340770738451,0.7358777729606,0.0232492795072783,-0.00365944571455179,-0.113871992570378,0.0324982880912573,0.000908216541983467,0,0,0,0,0,0,0,0,0,0.94980930613926,0.0877086350203719,-0.0359239771980651
28.3507710104124,0.736110088972382,0.0232126468716615,-0.00366688082983398,-0.113546956092314,0.0325071741807274,0.000868952587852337,0,0,0,0,0,0,0,0,0,0.950684620055605,0.0873502226227566,-0.0357569261879933
28.3607712823737,0.736342038276202,0.0231759399231647,-0.0036743078504709,-0.113221832714284,0.0325156676082562,0.000829686413460203,0,0,0,0,0,0,0,0,0,0.951556358103484,0.0869934770476085,-0.0355906209845261
28.3707715543351,0.736573620129321,0.023139158743814,-0.00368172656092216,-0.112896626363111,0.0325237683553628,0.00079041876343129,0,0,0,0,0,0,0,0,0,0.952424536914283,0.0866383908445199,-0.0354250599895535
28.3807718262964,0.736804833789829,0.0231023034177928,-0.00368913674524394,-0.112571340965769,0.0325314764110184,0.000751150383529752,0,0,0,0,0,0,0,0,0,0.953289173044961,0.0862849565793235,-0.0352602415680522
28.3907720982578,0.737035678516669,0.0230653740314463,-0.00369653818709584,-0.112245980449302,0.0325387917716577,0.000711882020640212,0,0,0,0,0,0,0,0,0,0.954150282978215,0.0859331668343134,-0.0350961640625806
28.4007723702191,0.737266153569659,0.0230283706732847,-0.00370393066974775,-0.111920548740755,0.03254571444119,0.00067261442274834,0,0,0,0,0,0,0,0,0,0.955007883122646,0.0855830142084719,-0.0349328257820895
28.4107726421805,0.737496258209511,0.0229912934339879,-0.00371131397608677,-0.111595049767095,0.0325522444310098,0.000633348338921428,0,0,0,0,0,0,0,0,0,0.955861989812927,0.0852344913179151,-0.0347702250008001
28.4207729141418,0.737725991697857,0.0229541424064086,-0.00371868788862406,-0.111269487455137,0.0325583817600083,0.000594084519288895,0,0,0,0,0,0,0,0,0,0.956712619309978,0.0848875907961417,-0.0346083599671718
28.4307731861032,0.737955353297267,0.0229169176855764,-0.00372605218950171,-0.11094386573147,0.0325641264545831,0.000554823715022924,0,0,0,0,0,0,0,0,0,0.957559787801137,0.0845423052942993,-0.0344472288969273
28.4407734580645,0.738184342271273,0.0228796193687013,-0.00373340666049966,-0.110618188522383,0.0325694785486488,0.000515566678318993,0,0,0,0,0,0,0,0,0,0.958403511400342,0.0841986274815737,-0.0342868299779593
28.4507737300258,0.738412957884389,0.0228422475551775,-0.00374075108304254,-0.110292459753785,0.0325744380836473,0.000476314162376397,0,0,0,0,0,0,0,0,0,0.959243806148312,0.0838565500453554,-0.0341271613776366
28.4607740019872,0.738641199402136,0.0228048023465866,-0.00374808523820657,-0.109966683351137,0.0325790051085579,0.000437066921378874,0,0,0,0,0,0,0,0,0,0.960080688012729,0.0835160656914836,-0.0339682212263293
28.4707742739485,0.738869066091059,0.0227672838467012,-0.00375540890672644,-0.109640863239369,0.0325831796799063,0.000397825710475143,0,0,0,0,0,0,0,0,0,0.960914172888425,0.0831771671447425,-0.0338100076301332
28.4807745459099,0.739096557218754,0.0227296921614883,-0.00376272186900217,-0.109315003342809,0.032586961861775,0.000358591285759427,0,0,0,0,0,0,0,0,0,0.961744276597573,0.0828398471488507,-0.0336525186789907
28.4907748178712,0.739323672053887,0.0226920273991129,-0.00377002390510602,-0.108989107585108,0.032590351725812,0.000319364404252074,0,0,0,0,0,0,0,0,0,0.962571014889875,0.0825040984667943,-0.0334957524269765
28.5007750898326,0.739550409866216,0.0226542896699404,-0.00377731479478936,-0.10866317988916,0.0325933493512406,0.000280145823880086,0,0,0,0,0,0,0,0,0,0.96339440344276,0.0821699138812114,-0.0333397069060833
28.5107753617939,0.739776769926614,0.0226164790865408,-0.00378459431748952,-0.10833722417703,0.0325959548248679,0.000240936303457711,0,0,0,0,0,0,0,0,0,0.964214457861579,0.0818372861944495,-0.0331843801303778
28.5207756337553,0.740002751507091,0.0225785957636911,-0.00379186225233672,-0.108011244369878,0.0325981682410934,0.000201736602666919,0,0,0,0,0,0,0,0,0,0.965031193679805,0.0815062082288666,-0.0330297700901572
28.5307759057166,0.740228353880816,0.0225406398183786,-0.00379911837816091,-0.107685244387879,0.0325999897019184,0.000162547482038077,0,0,0,0,0,0,0,0,0,0.965844626359233,0.0811766728270051,-0.0328758747492597
28.5407761776779,0.74045357632214,0.0225026113698039,-0.00380636247349867,-0.107359228150154,0.0326014193169535,0.000123369702930476,0,0,0,0,0,0,0,0,0,0.96665477129018,0.0808486728519471,-0.0327226920472529
28.5507764496393,0.740678418106614,0.0224645105393836,-0.00381359431660009,-0.107033199574687,0.0326024572034272,8.42040275127933e-05,0,0,0,0,0,0,0,0,0,0.967461643791699,0.0805222011874453,-0.0325702199160034
28.5607767216006,0.740902878511017,0.0224263374507533,-0.00382081368543563,-0.106707162578251,0.0326031034861941,4.50512187438086e-05,0,0,0,0,0,0,0,0,0,0.968265259111781,0.0801972507379455,-0.0324184562606074
28.570776993562,0.741126956813375,0.0223880922297706,-0.00382802035770301,-0.106381121076335,0.0326033582977422,5.91204035290012e-06,0,0,0,0,0,0,0,0,0,0.969065632427562,0.0798738144290993,-0.0322673989558576
28.5807772655233,0.741350652292982,0.0223497750045171,-0.00383521411083412,-0.106055078983063,0.0326032217782009,-3.32127431794619e-05,0,0,0,0,0,0,0,0,0,0.969862778845543,0.0795518852078579,-0.0321170458713776
28.5907775374847,0.741573964230428,0.0223113859053017,-0.00384239472200185,-0.10572904021112,0.0326026940753483,-7.23223666410436e-05,0,0,0,0,0,0,0,0,0,0.970656713401795,0.0792314560424817,-0.0319673948576744
28.600777809446,0.741796891907613,0.0222729250646627,-0.003849561968127,-0.105403008671674,0.0326017753446184,-0.000111416064107332,0,0,0,0,0,0,0,0,0,0.971447451062179,0.078912519922913,-0.0318184437412975
28.6107780814074,0.742019434607775,0.0222343926173708,-0.00385671562588517,-0.105076988274301,0.0326004657491079,-0.000150493068961029,0,0,0,0,0,0,0,0,0,0.972235006722563,0.0785950698608823,-0.0316701903340812
28.6207783533687,0.742241591615512,0.0221957887004309,-0.00386385547171359,-0.104750982926908,0.0325987654595837,-0.000189552613911377,0,0,0,0,0,0,0,0,0,0.973019395209039,0.0782790988900963,-0.0315226324287757
28.63077862533,0.742463362216802,0.0221571134530849,-0.00387098128181805,-0.104424996535656,0.0325966746544888,-0.00022859393101367,0,0,0,0,0,0,0,0,0,0.973800631278143,0.0779646000664317,-0.0313757678083959
28.6407788972914,0.742684745699027,0.0221183670168137,-0.00387809283217977,-0.104099033004882,0.0325941935199491,-0.000267616251688715,0,0,0,0,0,0,0,0,0,0.974578729617082,0.0776515664679364,-0.0312295942400984
28.6507791692527,0.742905741350996,0.0220795495353398,-0.00388518989856226,-0.103773096237024,0.0325913222497796,-0.00030661880674219,0,0,0,0,0,0,0,0,0,0.975353704843951,0.0773399911951449,-0.0310841094644374
28.6607794412141,0.743126348462964,0.0220406611546289,-0.00389227225651822,-0.103447190132544,0.0325880610454905,-0.000345600826384136,0,0,0,0,0,0,0,0,0,0.976125571507961,0.0770298673712951,-0.0309393112158751
28.6707797131754,0.743346566326661,0.0220017020228925,-0.00389933968139642,-0.103121318589848,0.0325844101162929,-0.000384561540248419,0,0,0,0,0,0,0,0,0,0.976894344089669,0.076721188142234,-0.0307951972221533
28.6807799851368,0.743566394235305,0.0219626722905894,-0.00390639194834854,-0.102795485505214,0.0325803696791047,-0.000423500177412092,0,0,0,0,0,0,0,0,0,0.977660037001201,0.0764139466766456,-0.0306517651888159
28.6907802570981,0.743785831483635,0.0219235721104282,-0.00391342883233612,-0.102469694772711,0.0325759399585559,-0.000462415966414899,0,0,0,0,0,0,0,0,0,0.978422664586482,0.0761081361662672,-0.0305090128040035
28.7007805290595,0.744004877367926,0.0218844016373687,-0.00392045010813738,-0.102143950284123,0.0325711211869938,-0.000501308135278674,0,0,0,0,0,0,0,0,0,0.979182241121468,0.0758037498260212,-0.0303669377486155
28.7107808010208,0.744223531186013,0.0218451610286237,-0.00392745555035413,-0.101818255928872,0.0325659136044883,-0.000540175911526828,0,0,0,0,0,0,0,0,0,0.979938780814382,0.0755007808940284,-0.0302255376984485
28.7207810729821,0.744441792237317,0.0218058504436613,-0.00393444493341864,-0.10149261559394,0.0325603174588368,-0.000579018522203734,0,0,0,0,0,0,0,0,0,0.980692297805937,0.0751992226316965,-0.0300848103107538
28.7307813449435,0.744659659822862,0.0217664700442059,-0.00394141803160051,-0.101167033163794,0.0325543330055685,-0.000617835193894183,0,0,0,0,0,0,0,0,0,0.981442806169579,0.0748990683240024,-0.0299447532268129
28.7407816169048,0.744877133245303,0.02172701999424,-0.00394837461901358,-0.100841512520306,0.0325479605079495,-0.00065662515274283,0,0,0,0,0,0,0,0,0,0.98219031991172,0.0746003112795295,-0.0298053640847819
28.7507818888662,0.745094211808945,0.0216875004600059,-0.00395531446962277,-0.100516057542675,0.0325412002369865,-0.000695387624473633,0,0,0,0,0,0,0,0,0,0.982934852971972,0.0743029448304929,-0.0296666405129549
28.7607821608275,0.745310894819767,0.0216479116100071,-0.003962237357251,-0.100190672107353,0.0325340524714314,-0.000734121834409282,0,0,0,0,0,0,0,0,0,0.983676419223387,0.0740069623329116,-0.0295285801255664
28.7707824327889,0.745527181585446,0.0216082536150093,-0.00396914305558605,-0.0998653600879664,0.0325265174977849,-0.000772827007490659,0,0,0,0,0,0,0,0,0,0.984415032472696,0.0737123571667169,-0.0293911805298024
28.7807827047502,0.745743071415374,0.0215685266480424,-0.00397603133818743,-0.0995401253552354,0.0325185956103004,-0.000811502368296243,0,0,0,0,0,0,0,0,0,0.985150706460545,0.0734191227357855,-0.029254439323296
28.7907829767116,0.745958563620689,0.0215287308844011,-0.00398290197849326,-0.0992149717769005,0.0325102871109873,-0.000850147141061556,0,0,0,0,0,0,0,0,0,0.985883454861738,0.0731272524680976,-0.0291183540957227
28.8007832486729,0.74617365751429,0.0214888665016466,-0.00398975474982718,-0.0988899032176424,0.0325015923096147,-0.000888760549698652,0,0,0,0,0,0,0,0,0,0.986613291285479,0.0728367398157376,-0.0289829224310663
28.8107835206343,0.746388352410866,0.0214489336796073,-0.00399658942540522,-0.0985649235390056,0.0324925115237143,-0.000927341817815461,0,0,0,0,0,0,0,0,0,0.987340229275608,0.0725475782550072,-0.0288481418978873
28.8207837925956,0.746602647626914,0.02140893260038,-0.00400340577834263,-0.0982400365993205,0.0324830450785831,-0.000965890168735309,0,0,0,0,0,0,0,0,0,0.988064282310853,0.0722597612866209,-0.0287140100641108
28.8307840645569,0.746816542480762,0.0213688634483309,-0.00401020358166083,-0.0979152462536251,0.0324731933072868,-0.00100440482551635,0,0,0,0,0,0,0,0,0,0.988785463805064,0.0719732824355235,-0.0285805244953952
28.8407843365183,0.747030036292596,0.0213287264100967,-0.00401698260829426,-0.0975905563535882,0.0324629565506617,-0.00104288501097093,0,0,0,0,0,0,0,0,0,0.989503787107464,0.0716881352511173,-0.0284476827372923
28.8507846084796,0.747243128384478,0.0212885216745849,-0.00402374263109724,-0.0972659707474314,0.0324523351573175,-0.0010813299476851,0,0,0,0,0,0,0,0,0,0.99021926550289,0.0714043133074375,-0.0283154823355353
28.860784880441,0.747455818080371,0.021248249432975,-0.00403048342285089,-0.0969414932798507,0.0324413294836393,-0.00111973885803806,0,0,0,0,0,0,0,0,0,0.990931912212039,0.0711218102029732,-0.0281839208392069
28.8707851524023,0.747668104706161,0.0212079098787193,-0.00403720475626998,-0.0966171277919396,0.0324299398937893,-0.00115811096422154,0,0,0,0,0,0,0,0,0,0.991641740391716,0.0708406195607794,-0.028052995780945
28.8807854243637,0.74787998758968,0.0211675032075431,-0.00404390640400982,-0.0962928781211111,0.0324181667597092,-0.00119644548825927,0,0,0,0,0,0,0,0,0,0.992348763135075,0.0705607350286935,-0.0279227046858958
28.890785696325,0.748091466060728,0.0211270296174454,-0.00405058813867312,-0.0959687481010196,0.0324060104611213,-0.0012347416520264,0,0,0,0,0,0,0,0,0,0.993052993471874,0.0702821502792688,-0.0277930450834178
28.9007859682864,0.748302539451097,0.0210864893086997,-0.00405724973281692,-0.0956447415614832,0.03239347138553,-0.00127299867726901,0,0,0,0,0,0,0,0,0,0.993754444368717,0.0700048590097572,-0.0276640144978509
28.9107862402477,0.748513207094595,0.0210458824838541,-0.00406389095895942,-0.0953208623284061,0.0323805499282229,-0.00131121578562343,0,0,0,0,0,0,0,0,0,0.994453128729301,0.0697288549422266,-0.0275356104435184
28.920786512209,0.748723468327064,0.0210052093477316,-0.00407051158958689,-0.0949971142237006,0.0323672464922723,-0.00134939219863576,0,0,0,0,0,0,0,0,0,0.995149059394668,0.0694541318236436,-0.027407830432005
28.9307867841704,0.748933322486406,0.0209644701074308,-0.00407711139716052,-0.094673501065209,0.0323535614885352,-0.00138752713778133,0,0,0,0,0,0,0,0,0,0.995842249143452,0.0691806834258456,-0.0272806719749051
28.9407870561317,0.749142768912608,0.0209236649723256,-0.00408369015412333,-0.0943500266666262,0.0323394953356545,-0.00142561982448404,0,0,0,0,0,0,0,0,0,0.996532710692128,0.068908503545569,-0.0271541325795929
28.9507873280931,0.749351806947759,0.0208827941540658,-0.00409024763290703,-0.0940266948374218,0.0323250484600593,-0.00146366948013587,0,0,0,0,0,0,0,0,0,0.997220456695262,0.068637586004505,-0.0270282097501189
28.9607876000544,0.749560435936078,0.0208418578665768,-0.00409678360593893,-0.0937035093827615,0.0323102212959649,-0.00150167532611636,0,0,0,0,0,0,0,0,0,0.997905499745758,0.0683679246493101,-0.0269029009883955
28.9707878720158,0.749768655223933,0.0208008563260598,-0.00410329784564876,-0.0933804741034302,0.0322950142853733,-0.00153963658381191,0,0,0,0,0,0,0,0,0,0.998587852375113,0.0680995133516388,-0.0267782037907515
28.9807881439771,0.749976464159869,0.0207597897509919,-0.00410979012447562,-0.0930575927957539,0.0322794278780725,-0.00157755247463534,0,0,0,0,0,0,0,0,0,0.999267527053662,0.0678323460082224,-0.0266541156553619
28.9907884159385,0.750183862094622,0.0207186583621257,-0.00411626021487481,-0.0927348692515213,0.0322634625316363,-0.00161542222004532,0,0,0,0,0,0,0,0,0,0.99994453619083,0.0675664165407533,-0.0265306340810069
29.0007886878998,0.750390848381151,0.020677462382489,-0.00412270788932474,-0.0924123072579063,0.032247118711424,-0.00165324504156573,0,0,0,0,0,0,0,0,0,1.00061889213538,0.0673017188959885,-0.0264077565588117
29.0107889598611,0.750597422374655,0.020636202037385,-0.00412913292033378,-0.0920899105973905,0.0322303968905794,-0.00169102016080514,0,0,0,0,0,0,0,0,0,1.00129060717568,0.0670382470457991,-0.0262854805792773
29.0207892318225,0.750803583432598,0.0205948775543916,-0.00413553508044716,-0.0917676830476847,0.0322132975500299,-0.00172874679947633,0,0,0,0,0,0,0,0,0,1.00195969353992,0.0667759949871336,-0.0261638036372085
29.0307895037838,0.751009330914731,0.0205534891633611,-0.00414191414225385,-0.0914456283816515,0.0321958211784855,-0.00176642417941558,0,0,0,0,0,0,0,0,0,1.0026261633964,0.0665149567419685,-0.0260427232266687
29.0407897757452,0.751214664183115,0.0205120370964198,-0.00414826987839345,-0.0911237503672274,0.0321779682724372,-0.00180405152260216,0,0,0,0,0,0,0,0,0,1.00329002885376,0.0662551263573722,-0.0259222368341037
29.0507900477065,0.751419582602144,0.0204705215879672,-0.00415460206156304,-0.0908020527673448,0.0321597393361556,-0.00184162805117791,0,0,0,0,0,0,0,0,0,1.00395130196122,0.0659964979055936,-0.0258023419494573
29.0607903196679,0.751624085538567,0.0204289428746757,-0.00416091046452407,-0.0904805393398545,0.0321411348816893,-0.00187915298746644,0,0,0,0,0,0,0,0,0,1.00460999470886,0.0657390654839038,-0.0256830360683299
29.0707905916292,0.751828172361511,0.0203873011954899,-0.00416719486010926,-0.0901592138374478,0.0321221554288629,-0.00191662555399274,0,0,0,0,0,0,0,0,0,1.00526611902786,0.065482823214641,-0.0255643166800689
29.0807908635906,0.752031842442504,0.0203455967916255,-0.00417345502122946,-0.0898380800075787,0.0321028015052749,-0.00195404497350254,0,0,0,0,0,0,0,0,0,1.00591968679075,0.0652277652452906,-0.0254461812739297
29.0907911355519,0.752235095155499,0.0203038299065689,-0.00417969072088054,-0.0895171415923862,0.0320830736462952,-0.0019914104689818,0,0,0,0,0,0,0,0,0,1.00657070981163,0.064973885748407,-0.0253286273442972
29.1007914075133,0.752437929876892,0.0202620007860761,-0.00418590173215026,-0.0891964023286166,0.0320629723950629,-0.00202872126367611,0,0,0,0,0,0,0,0,0,1.00721919984649,0.0647211789215895,-0.0252116523856271
29.1107916794746,0.752640345985552,0.0202201096781718,-0.00419208782822515,-0.088875865947546,0.0320424983024834,-0.00206597658111013,0,0,0,0,0,0,0,0,0,1.00786516859338,0.0644696389875047,-0.025095253891705
29.1207919514359,0.752842342862836,0.0201781568331485,-0.0041982487823974,-0.088555536174902,0.0320216519272257,-0.00210317564510705,0,0,0,0,0,0,0,0,0,1.00850862769274,0.0642192601938774,-0.0249794293579171
29.1307922233973,0.753043919892618,0.0201361425035651,-0.00420438436807175,-0.0882354167307871,0.0320004338357192,-0.00214031767980802,0,0,0,0,0,0,0,0,0,1.00914958872757,0.0639700368134679,-0.0248641762836875
29.1407924953586,0.753245076461307,0.020094066944246,-0.00421049435877231,-0.0879155113296003,0.0319788446021502,-0.00217740190969158,0,0,0,0,0,0,0,0,0,1.00978806322376,0.0637219631440141,-0.0247494921689547
29.15079276732,0.753445811957873,0.0200519304122797,-0.00421657852814955,-0.0875958236799598,0.031956884808459,-0.00221442755959311,0,0,0,0,0,0,0,0,0,1.01042406265027,0.0634750335082785,-0.0246353745141231
29.1607930392813,0.753646125773869,0.0200097331670177,-0.00422263664998706,-0.0872763574846255,0.0319345550443356,-0.00225139385472425,0,0,0,0,0,0,0,0,0,1.01105759841944,0.0632292422539924,-0.0245218208207944
29.1707933112427,0.75384601730345,0.0199674754700732,-0.00422866849820851,-0.0869571164404218,0.0319118559072163,-0.00228830002069234,0,0,0,0,0,0,0,0,0,1.01168868188717,0.0629845837538879,-0.0244088285989024
29.180793583204,0.754045485943402,0.0199251575853191,-0.00423467384688449,-0.0866381042381591,0.0318887880022795,-0.00232514528351991,0,0,0,0,0,0,0,0,0,1.01231732435326,0.0627410524054987,-0.0242963953616628
29.1907938551654,0.754244531093157,0.0198827797788871,-0.00424065247023941,-0.086319324562558,0.0318653519424413,-0.00236192886966405,0,0,0,0,0,0,0,0,0,1.01294353706156,0.0624986426312939,-0.0241845186139709
29.2007941271267,0.754443152154824,0.0198403423191661,-0.00424660414265839,-0.0860007810921708,0.0318415483483512,-0.00239865000603586,0,0,0,0,0,0,0,0,0,1.01356733120031,0.0622573488787108,-0.0240731958685293
29.210794399088,0.754641348533205,0.0197978454768001,-0.00425252863869409,-0.0856824774993041,0.0318173778483875,-0.00243530792001995,0,0,0,0,0,0,0,0,0,1.01418871790232,0.0620171656199659,-0.0239624246502263
29.2207946710494,0.75483911963582,0.0197552895246868,-0.00425842573307365,-0.0853644174499425,0.0317928410786524,-0.00247190183949377,0,0,0,0,0,0,0,0,0,1.01480770824526,0.0617780873519999,-0.023852202480047
29.2307949430107,0.755036464872928,0.0197126747379759,-0.00426429520070552,-0.0850466046036707,0.0317679386829671,-0.00250843099284716,0,0,0,0,0,0,0,0,0,1.01542431325187,0.0615401085966108,-0.023742526875134
29.2407952149721,0.755233383657554,0.0196700013940671,-0.00427013681668641,-0.0847290426135959,0.0317426713128663,-0.00254489460900174,0,0,0,0,0,0,0,0,0,1.01603854389025,0.0613032239003981,-0.0236333953687274
29.2507954869334,0.755429875405506,0.0196272697726083,-0.00427595035630805,-0.0844117351262718,0.0317170396275929,-0.00258129191743033,0,0,0,0,0,0,0,0,0,1.01665041107409,0.0610674278344963,-0.0235248054990033
29.2607957588948,0.755625939535399,0.0195844801554933,-0.00428173559506422,-0.084094685781621,0.0316910442940928,-0.00261762214817638,0,0,0,0,0,0,0,0,0,1.0172599256629,0.0608327149947426,-0.023416754794718
29.2707960308561,0.755821575468681,0.0195416328268603,-0.00428749230865748,-0.0837778982128577,0.0316646859870084,-0.00265388453187346,0,0,0,0,0,0,0,0,0,1.01786709846228,0.0605990800016977,-0.0233092407930314
29.2807963028175,0.756016782629651,0.0194987280730893,-0.00429322027300619,-0.0834613760464109,0.031637965388673,-0.0026900782997647,0,0,0,0,0,0,0,0,0,1.01847194022415,0.060366517500457,-0.0232022610438355
29.2907965747788,0.756211560445483,0.0194557661828,-0.00429891926425126,-0.083145122901848,0.0316108831891046,-0.00272620268372217,0,0,0,0,0,0,0,0,0,1.01907446164701,0.0601350221605847,-0.0230958130969293
29.3007968467401,0.756405908346249,0.0194127474468497,-0.00430458905876315,-0.0828291423917976,0.0315834400859995,-0.00276225691626633,0,0,0,0,0,0,0,0,0,1.01967467337616,0.0599045886761816,-0.0229898945038284
29.3107971187015,0.75659982576494,0.0193696721583308,-0.00431022943314864,-0.0825134381218725,0.0315556367847257,-0.00279824023058553,0,0,0,0,0,0,0,0,0,1.02027258600399,0.059675211765783,-0.0228845028228183
29.3207973906628,0.75679331213749,0.0193265406125687,-0.0043158401642578,-0.0821980136905935,0.0315274739983159,-0.0028341518605554,0,0,0,0,0,0,0,0,0,1.02086821007018,0.0594468861723249,-0.022779635614337
29.3307976626242,0.756986366902798,0.0192833531071189,-0.00432142102919081,-0.0818828726893126,0.0314989524474609,-0.00286999104075824,0,0,0,0,0,0,0,0,0,1.02146155606195,0.0592196066631355,-0.022675290447024
29.3407979345855,0.757178989502748,0.0192401099417648,-0.00432697180530487,-0.0815680187021363,0.0314700728605024,-0.0029057570065026,0,0,0,0,0,0,0,0,0,1.02205263441433,0.0589933680297795,-0.0225714648984842
29.3507982065469,0.757371179382234,0.0191968114185148,-0.00433249227022106,-0.0812534553058495,0.0314408359734252,-0.00294144899384256,0,0,0,0,0,0,0,0,0,1.02264145551038,0.058768165088034,-0.0224681565414678
29.3607984785082,0.757562935989182,0.0191534578416,-0.00433798220183126,-0.0809391860698387,0.0314112425298502,-0.00297706623959727,0,0,0,0,0,0,0,0,0,1.02322802968143,0.05854399267801,-0.0223653629563952
29.3707987504696,0.75775425877457,0.0191100495174712,-0.00434344137830496,-0.0806252145560156,0.0313812932810262,-0.00301260798137035,0,0,0,0,0,0,0,0,0,1.02381236720734,0.0583208456638777,-0.0222630817418473
29.3807990224309,0.757945147192454,0.019066586754796,-0.00434886957809622,-0.0803115443187416,0.0313509889858225,-0.00304807345756936,0,0,0,0,0,0,0,0,0,1.02439447831674,0.0580987189337778,-0.0221613104870868
29.3907992943922,0.758135600699985,0.0190230698644564,-0.00435426657995049,-0.0799981789047509,0.0313203304107201,-0.00308346190742515,0,0,0,0,0,0,0,0,0,1.02497437318723,0.0578776074000963,-0.0220600467854337
29.4007995663536,0.758325618757435,0.0189794991595452,-0.0043596321629115,-0.0796851218530745,0.0312893183298038,-0.00311877257101144,0,0,0,0,0,0,0,0,0,1.02555206194568,0.0576575059991091,-0.0219592882495026
29.4107998383149,0.75851520082822,0.0189358749553634,-0.00436496610632817,-0.0793723766949645,0.0312579535247537,-0.00315400468926416,0,0,0,0,0,0,0,0,0,1.02612755466844,0.0574384096909511,-0.0218590324922755
29.4208001102763,0.758704346378917,0.018892197569417,-0.00437026818986147,-0.0790599469538181,0.0312262367848362,-0.00318915750400088,0,0,0,0,0,0,0,0,0,1.02670086138156,0.0572203134596399,-0.021759277128549
29.4308003822376,0.758893054879291,0.0188484673214141,-0.00437553819349128,-0.0787478361451018,0.0311941689068952,-0.00322423025794026,0,0,0,0,0,0,0,0,0,1.02727199206106,0.0570032123130157,-0.0216600197783685
29.440800654199,0.759081325802315,0.018804684533261,-0.0043807758975233,-0.0784360477762753,0.0311617506953433,-0.0032592221947216,0,0,0,0,0,0,0,0,0,1.02784095663316,0.0567871012826962,-0.021561258074738
29.4508009261603,0.759269158624193,0.0187608495290597,-0.00438598108259595,-0.0781245853467163,0.031128982962152,-0.00329413255892408,0,0,0,0,0,0,0,0,0,1.02840776497451,0.0565719754238634,-0.0214629896539582
29.4608011981217,0.759456552824378,0.0187169626351041,-0.00439115352968716,-0.077813452347645,0.0310958665268424,-0.00332896059608638,0,0,0,0,0,0,0,0,0,1.02897242691242,0.0563578298154101,-0.0213652121544111
29.470801470083,0.759643507885599,0.0186730241798765,-0.00439629302012136,-0.077502652262048,0.0310624022164758,-0.00336370555272601,0,0,0,0,0,0,0,0,0,1.02953495222512,0.0561446595597515,-0.0212679232286767
29.4808017420444,0.759830023293883,0.0186290344940444,-0.00440139933557628,-0.0771921885646039,0.0310285908656432,-0.00339836667635877,0,0,0,0,0,0,0,0,0,1.03009535064197,0.0559324597827305,-0.021171120531315
29.4908020140057,0.760016098538571,0.0185849939104569,-0.00440647225808987,-0.0768820647216074,0.0309944333164559,-0.0034329432155182,0,0,0,0,0,0,0,0,0,1.0306536318437,0.0557212256336724,-0.0210748017209745
29.500802285967,0.760201733112345,0.0185409027641406,-0.00441151157006717,-0.0765722841908939,0.0309599304185347,-0.00346743441977506,0,0,0,0,0,0,0,0,0,1.03120980546268,0.0555109522852482,-0.0209789644693248
29.5108025579284,0.760386926511248,0.0184967613922966,-0.00441651705428719,-0.0762628504217654,0.0309250830289996,-0.00350183953975667,0,0,0,0,0,0,0,0,0,1.03176388108308,0.0553016349333511,-0.0208836064494843
29.5208028298897,0.760571678234707,0.0184525701342961,-0.00442148849390979,-0.075953766854915,0.0308898920124595,-0.00353615782716641,0,0,0,0,0,0,0,0,0,1.03231586824116,0.0550932687971911,-0.0207887253415168
29.5308031018511,0.760755987785552,0.0184083293316771,-0.00442642567248253,-0.0756450369223515,0.0308543582410005,-0.0035703885348032,0,0,0,0,0,0,0,0,0,1.0328657764255,0.0548858491190614,-0.0206943188390404
29.5408033738124,0.760939854670041,0.01836403932814,-0.00443132837394763,-0.0753366640473258,0.0308184825941757,-0.00360453091658083,0,0,0,0,0,0,0,0,0,1.0334136150772,0.0546793711643007,-0.0206003846331833
29.5508036457738,0.761123278397878,0.0183197004695439,-0.00443619638264874,-0.0750286516442556,0.0307822659589936,-0.00363858422754749,0,0,0,0,0,0,0,0,0,1.03395939359014,0.0544738302213811,-0.0205069204259279
29.5608039177351,0.761306258482238,0.0182753131039024,-0.00444102948333793,-0.074721003118651,0.0307457092299066,-0.00367254772390519,0,0,0,0,0,0,0,0,0,1.03450312131118,0.0542692216016028,-0.0204139239328324
29.5708041896965,0.761488794439786,0.0182308775813798,-0.00444582746118249,-0.0744137218670403,0.0307088133087993,-0.00370642066302916,0,0,0,0,0,0,0,0,0,1.03504480754043,0.0540655406391281,-0.0203213928680539
29.5808044616578,0.7616708857907,0.0181863942542864,-0.00445059010177183,-0.0741068112768954,0.030671579104977,-0.00374020230348729,0,0,0,0,0,0,0,0,0,1.03558446153144,0.0538627826909751,-0.0202293249521699
29.5908047336191,0.761852532058692,0.0181418634770748,-0.00445531719112439,-0.0738002747265577,0.0306340075351534,-0.00377389190505967,0,0,0,0,0,0,0,0,0,1.03612209249144,0.0536609431368958,-0.0201377179182455
29.6008050055805,0.76203373277103,0.018097285606335,-0.00446000851569449,-0.0734941155851646,0.0305960995234385,-0.00380748872875788,0,0,0,0,0,0,0,0,0,1.03665770958158,0.0534600173792485,-0.0200465695101208
29.6108052775418,0.762214487458556,0.0180526610007907,-0.0044646638623792,-0.0731883372125753,0.0305578560013261,-0.00384099203684453,0,0,0,0,0,0,0,0,0,1.03719132191714,0.0532600008429094,-0.0199558774713714
29.6208055495032,0.762394795655713,0.018007990021294,-0.00446928301852526,-0.0728829429592965,0.0305192779076812,-0.00387440109285263,0,0,0,0,0,0,0,0,0,1.03772293856776,0.0530608889753666,-0.019865639552023
29.6308058214645,0.762574656900562,0.0179632730308215,-0.00447386577193592,-0.0725779361664094,0.0304803661887273,-0.00390771516160513,0,0,0,0,0,0,0,0,0,1.03825256855767,0.0528626772464968,-0.0197758535162257
29.6408060934259,0.762754070734804,0.0179185103944697,-0.00447841191087786,-0.0722733201654959,0.0304411217980333,-0.00394093350923425,0,0,0,0,0,0,0,0,0,1.0387802208659,0.0526653611485066,-0.0196865171316582
29.6508063653872,0.762933036703803,0.01787370247945,-0.00448292122408801,-0.0719690982785656,0.0304015456965005,-0.00397405540320095,0,0,0,0,0,0,0,0,0,1.03930590442652,0.0524689361959204,-0.0195976281763129
29.6608066373486,0.763111554356603,0.0178288496550839,-0.00448739350078049,-0.0716652738179817,0.0303616388523489,-0.00400708011231443,0,0,0,0,0,0,0,0,0,1.03982962812886,0.0522733979253857,-0.0195091844357679
29.6708069093099,0.763289623245956,0.0177839522927987,-0.00449182853065347,-0.0713618500863887,0.0303214022411037,-0.00404000690675149,0,0,0,0,0,0,0,0,0,1.04035140081772,0.0520787418957169,-0.0194211836963765
29.6808071812712,0.763467242928336,0.0177390107661222,-0.00449622610389603,-0.0710588303766392,0.0302808368455819,-0.00407283505807597,0,0,0,0,0,0,0,0,0,1.04087123129359,0.0518849636878357,-0.0193336237602045
29.6908074532326,0.763644412963962,0.017694025450678,-0.00450058601119507,-0.0707562179717207,0.0302399436558778,-0.00410556383925826,0,0,0,0,0,0,0,0,0,1.04138912831288,0.0516920589045162,-0.0192465024391049
29.7008077251939,0.763821132916823,0.0176489967241802,-0.00450490804374217,-0.0704540161446833,0.0301987236693492,-0.0041381925246947,0,0,0,0,0,0,0,0,0,1.04190510058816,0.0515000231704442,-0.0191598175425522
29.7108079971553,0.763997402354694,0.0176039249664285,-0.00450919199324046,-0.0701522281585671,0.0301571778906028,-0.00417072039022694,0,0,0,0,0,0,0,0,0,1.04241915678832,0.0513088521322057,-0.0190735668924234
29.7208082691166,0.764173220849158,0.0175588105593031,-0.00451343765191155,-0.0698508572663295,0.0301153073314799,-0.00420314671316154,0,0,0,0,0,0,0,0,0,1.04293130553885,0.0511185414580499,-0.0189877483240633
29.730808541078,0.764348587975627,0.0175136538867596,-0.00451764481250234,-0.069549906710773,0.0300731130110415,-0.00423547077228928,0,0,0,0,0,0,0,0,0,1.04344155542202,0.0509290868378573,-0.0189023596754127
29.7408088130393,0.764523503313364,0.0174684553348232,-0.00452181326829196,-0.0692493797244738,0.0300305959555533,-0.00426769184790461,0,0,0,0,0,0,0,0,0,1.0439499149771,0.0507404839831194,-0.0188173987921594
29.7508090850007,0.764697966445504,0.0174232152915838,-0.0045259428130986,-0.0689492795297081,0.0299877571984708,-0.00429980922182517,0,0,0,0,0,0,0,0,0,1.04445639270058,0.0505527286268039,-0.0187328635302821
29.760809356962,0.76487197695907,0.0173779341471905,-0.00453003324128644,-0.0686496093383825,0.0299445977804238,-0.00433182217741114,0,0,0,0,0,0,0,0,0,1.04496099704641,0.0503658165232843,-0.0186487517512788
29.7708096289234,0.765045534445,0.0173326122938461,-0.00453408434777249,-0.0683503723519603,0.0299011187492006,-0.00436372999958472,0,0,0,0,0,0,0,0,0,1.04546373642616,0.0501797434482991,-0.0185650613269431
29.7808099008847,0.765218638498162,0.0172872501258014,-0.00453809592803349,-0.068051571761392,0.0298573211597331,-0.00439553197484955,0,0,0,0,0,0,0,0,0,1.04596461920928,0.0499945051987873,-0.0184817901357705
29.790810172846,0.765391288717379,0.0172418480393497,-0.00454206777811278,-0.0677532107470415,0.0298132060740799,-0.00442722739131019,0,0,0,0,0,0,0,0,0,1.04646365372328,0.0498100975929187,-0.018398936064681
29.8008104448074,0.765563484705444,0.017196406432821,-0.00454599969462718,-0.0674552924786173,0.029768774561411,-0.00445881553869149,0,0,0,0,0,0,0,0,0,1.04696084825398,0.0496265164698949,-0.0183164970110096
29.8108107167687,0.765735226069148,0.0171509257065764,-0.00454989147477389,-0.0671578201151,0.0297240276979908,-0.00449029570835809,0,0,0,0,0,0,0,0,0,1.04745621104567,0.0494437576899402,-0.0182344708764482
29.8208109887301,0.765906512419292,0.017105406263002,-0.00455374291633734,-0.0668607968046717,0.0296789665671624,-0.00452166719333385,0,0,0,0,0,0,0,0,0,1.04794975030136,0.0492618171342235,-0.0181528555733526
29.8308112606914,0.766077343370713,0.0170598485065033,-0.00455755381769607,-0.0665642256846459,0.0296335922593302,-0.00455292928832123,0,0,0,0,0,0,0,0,0,1.04844147418297,0.0490806907047231,-0.0180716490213654
29.8408115326528,0.766247718542302,0.017014252843499,-0.00456132397782966,-0.0662681098813962,0.0295879058719433,-0.00458408128972079,0,0,0,0,0,0,0,0,0,1.04893139081155,0.0489003743242163,-0.0179908491483522
29.8508118046141,0.766417637557024,0.016968619682415,-0.00456505319632555,-0.0659724525102862,0.0295419085094784,-0.00461512249565064,0,0,0,0,0,0,0,0,0,1.04941950826748,0.048720863936125,-0.0179104538921109
29.8608120765755,0.766587100041938,0.0169229494336784,-0.00456874127338593,-0.0656772566755998,0.0294956012834228,-0.0046460522059658,0,0,0,0,0,0,0,0,0,1.04990583459066,0.0485421555044718,-0.0178304611949708
29.8708123485368,0.766756105628219,0.0168772425097111,-0.00457238800983467,-0.0653825254704702,0.0294489853122563,-0.00467686972227772,0,0,0,0,0,0,0,0,0,1.05039037778075,0.0483642450138332,-0.0177508690104093
29.8808126204981,0.766924653951175,0.0168314993249238,-0.00457599320712413,-0.0650882619768109,0.0294020617214341,-0.00470757434797365,0,0,0,0,0,0,0,0,0,1.05087314579735,0.0481871284691632,-0.0176716753045927
29.8908128924595,0.767092744650267,0.0167857202957095,-0.00457955666734208,-0.0647944692652457,0.0293548316433689,-0.00473816538823616,0,0,0,0,0,0,0,0,0,1.0513541465602,0.0480108018957162,-0.0175928780419886
29.9008131644208,0.767260377369133,0.0167399058404372,-0.00458307819321857,-0.0645011503950394,0.0293072962174125,-0.0047686421500625,0,0,0,0,0,0,0,0,0,1.05183338794942,0.0478352613391579,-0.0175144751971207
29.9108134363822,0.767427551755602,0.0166940563794454,-0.00458655758813283,-0.0642083084140279,0.0292594565898377,-0.00479900394228409,0,0,0,0,0,0,0,0,0,1.05231087780567,0.0476605028652533,-0.0174364647650716
29.9208137083435,0.767594267461716,0.0166481723350355,-0.00458999465612012,-0.0639159463585499,0.0292113139138201,-0.0048292500755859,0,0,0,0,0,0,0,0,0,1.05278662393036,0.0474865225597676,-0.0173588447380979
29.9308139803049,0.767760524143754,0.0166022541314654,-0.00459338920187862,-0.0636240672533778,0.0291628693494192,-0.00485937986252595,0,0,0,0,0,0,0,0,0,1.05326063408586,0.0473133165286219,-0.0172816131139958
29.9408142522662,0.767926321462242,0.0165563021949428,-0.00459674103077631,-0.0633326741116481,0.0291141240635598,-0.00488939261755478,0,0,0,0,0,0,0,0,0,1.05373291599572,0.0471408808976262,-0.017204767907255
29.9508145242276,0.768091659081982,0.0165103169536182,-0.00460004994885785,-0.063041769934794,0.0290650792300126,-0.00491928765703471,0,0,0,0,0,0,0,0,0,1.05420347734481,0.0469692118124131,-0.017128307140133
29.9608147961889,0.768256536672065,0.0164642988375784,-0.00460331576285148,-0.0627513577124764,0.0290157360293754,-0.00494906429925951,0,0,0,0,0,0,0,0,0,1.05467232577958,0.0467983054383487,-0.0170522288387456
29.9708150681502,0.768420953905893,0.0164182482788395,-0.00460653828017586,-0.062461440422516,0.0289660956490534,-0.00497872186447368,0,0,0,0,0,0,0,0,0,1.05513946890824,0.046628157960544,-0.0169765310375496
29.9808153401116,0.7685849104612,0.01637216571134,-0.00460971730894697,-0.0621720210308246,0.0289161592832398,-0.00500825967489197,0,0,0,0,0,0,0,0,0,1.05560491430091,0.0464587655836772,-0.0169012117843391
29.9908156120729,0.768748406020067,0.0163260515709338,-0.00461285265798501,-0.0618831024913386,0.0288659281328959,-0.00503767705471874,0,0,0,0,0,0,0,0,0,1.05606866948989,0.0462901245319047,-0.0168262691313219
30.0008158840343,0.768911440268942,0.0162799062953832,-0.00461594413682124,-0.0615946877459503,0.0288154034057311,-0.00506697333016749,0,0,0,0,0,0,0,0,0,1.0565307419698,0.0461222310488613,-0.0167517011412492
30.0108161559956,0.769074012898664,0.0162337303243513,-0.00461899155570491,-0.0613067797244409,0.0287645863161825,-0.00509614782948024,0,0,0,0,0,0,0,0,0,1.05699113919779,0.0459550813974494,-0.016677505884682
30.020816427957,0.769236123604474,0.0161875240993954,-0.00462199472561006,-0.0610193813444133,0.0287134780853952,-0.00512519988294697,0,0,0,0,0,0,0,0,0,1.05744986859376,0.0457886718598937,-0.0166036814366133
30.0308166999183,0.769397772086042,0.0161412880639596,-0.00462495345824251,-0.0607324955112258,0.0286620799412008,-0.00515412882292506,0,0,0,0,0,0,0,0,0,1.05790693754049,0.045622998737598,-0.0165302258847524
30.0408169718797,0.769558958047479,0.016095022663367,-0.00462786756604663,-0.0604461251179237,0.0286103931180973,-0.00518293398385881,0,0,0,0,0,0,0,0,0,1.05836235338389,0.0454580583510338,-0.0164571373295959
30.050817243841,0.769719681197361,0.0160487283448128,-0.00463073686221231,-0.0601602730451745,0.0285584188572281,-0.0052116147022987,0,0,0,0,0,0,0,0,0,1.05881612343318,0.0452938470395957,-0.0163844138724123
30.0608175158023,0.769879941248744,0.0160024055573564,-0.00463356116068176,-0.0598749421612006,0.0285061584063602,-0.00524017031692101,0,0,0,0,0,0,0,0,0,1.05926825496104,0.0451303611617311,-0.0163120536210399
30.0708177877637,0.770039737919184,0.0159560547519143,-0.00463634027615646,-0.0595901353217131,0.0284536130198637,-0.00526860016854719,0,0,0,0,0,0,0,0,0,1.05971875520384,0.0449675970946789,-0.0162400547027173
30.080818059725,0.770199070930756,0.0159096763812519,-0.00463907402410401,-0.0593058553698462,0.0284007839586898,-0.00529690360016321,0,0,0,0,0,0,0,0,0,1.06016763136183,0.0448055512343425,-0.0161684152414858
30.0908183316864,0.770357940010071,0.0158632708999764,-0.00464176222076497,-0.059022105136092,0.028347672490349,-0.00532507995693919,0,0,0,0,0,0,0,0,0,1.06061489059928,0.0446442199954812,-0.0160971333722869
30.1008186036477,0.770516344888298,0.0158168387645286,-0.00464440468315983,-0.0587388874382336,0.0282942798888893,-0.00535312858624866,0,0,0,0,0,0,0,0,0,1.06106054004474,0.0444835998113007,-0.0160262072505088
30.1108188756091,0.770674285301177,0.0157703804331752,-0.00464700122909582,-0.0584562050812813,0.028240607434874,-0.00538104883768805,0,0,0,0,0,0,0,0,0,1.06150458679115,0.0443236871334533,-0.0159556350254963
30.1208191475704,0.770831760989041,0.0157238963660011,-0.00464955167717379,-0.0581740608574065,0.0281866564153596,-0.00540884006309624,0,0,0,0,0,0,0,0,0,1.06194703789607,0.0441644784321589,-0.0158854148561319
30.1308194195318,0.770988771696832,0.0156773870249009,-0.00465205584679513,-0.0578924575458779,0.028132428123873,-0.00543650161657378,0,0,0,0,0,0,0,0,0,1.06238790038185,0.0440059701958931,-0.015815544915103
30.1408196914931,0.771145317174122,0.0156308528735716,-0.00465451355816863,-0.0576113979129955,0.0280779238603888,-0.00546403285450255,0,0,0,0,0,0,0,0,0,1.06282718123583,0.043848158931423,-0.0157460233833083
30.1508199634545,0.771301397175128,0.0155842943775037,-0.00465692463231733,-0.0573308847120278,0.0280231449313066,-0.00549143313556508,0,0,0,0,0,0,0,0,0,1.06326488741049,0.0436910411636076,-0.0156768484506133
30.1608202354158,0.77145701145873,0.0155377120039739,-0.00465928889108547,-0.0570509206831466,0.0279680926494275,-0.00551870182076393,0,0,0,0,0,0,0,0,0,1.06370102582365,0.0435346134354172,-0.0156080183070089
30.1708205073771,0.771612159788491,0.0154911062220358,-0.0046616061571453,-0.0567715085533632,0.0279127683339315,-0.00554583827344134,0,0,0,0,0,0,0,0,0,1.06413560335866,0.0433788723079121,-0.0155395311584863
30.1808207793385,0.771766841932674,0.0154444775025126,-0.00466387625400399,-0.0564926510364653,0.0278571733103531,-0.00557284185929845,0,0,0,0,0,0,0,0,0,1.06456862686456,0.0432238143599439,-0.0154713852203366
30.1908210512998,0.771921057664257,0.0153978263179882,-0.00466609900601051,-0.0562143508329534,0.0278013089105585,-0.00559971194641482,0,0,0,0,0,0,0,0,0,1.06500010315627,0.0430694361882679,-0.0154035787129558
30.2008213232612,0.772074806760956,0.0153511531427985,-0.00466827423836252,-0.0559366106299767,0.0277451764727211,-0.00562644790526793,0,0,0,0,0,0,0,0,0,1.06543003901477,0.0429157344073288,-0.0153361098646573
30.2108215952225,0.772228089005236,0.0153044584530237,-0.00467040177711321,-0.0556594331012714,0.0276887773412975,-0.00565304910875251,0,0,0,0,0,0,0,0,0,1.06585844118726,0.0427627056493166,-0.0152689769091855
30.2208218671839,0.772380904184334,0.0152577427264789,-0.00467248144917824,-0.0553828209070975,0.0276321128670037,-0.00567951493220002,0,0,0,0,0,0,0,0,0,1.06628531638736,0.0426103465640021,-0.0152021780973356
30.2308221391452,0.772533252090272,0.0152110064427056,-0.00467451308234256,-0.0551067766941759,0.02757518440679,-0.00570584475339816,0,0,0,0,0,0,0,0,0,1.06671067129528,0.0424586538185603,-0.0151357116828086
30.2408224111066,0.772685132519878,0.0151642500829635,-0.00467649650526734,-0.0548313030956269,0.0275179933238166,-0.00573203795261021,0,0,0,0,0,0,0,0,0,1.06713451255796,0.042307624097689,-0.0150695759233586
30.2508226830679,0.772836545274799,0.0151174741302212,-0.0046784315474968,-0.0545564027309078,0.0274605409874291,-0.00575809391259446,0,0,0,0,0,0,0,0,0,1.06755684678931,0.0421572541034088,-0.0150037690932503
30.2608229550292,0.772987490161523,0.0150706790691472,-0.00468031803946514,-0.054282078205751,0.0274028287731328,-0.00578401201862379,0,0,0,0,0,0,0,0,0,1.06797768057032,0.0420075405549335,-0.0149382894721229
30.2708232269906,0.773137966991391,0.0150238653861016,-0.00468215581250338,-0.0540083321121031,0.0273448580625679,-0.00580979165850494,0,0,0,0,0,0,0,0,0,1.06839702044926,0.0418584801886918,-0.014873135342541
30.2808234989519,0.773287975580618,0.0149770335691266,-0.00468394469884627,-0.0537351670280633,0.027286630243484,-0.00583543222259801,0,0,0,0,0,0,0,0,0,1.06881487294187,0.0417100697582469,-0.0148083050011354
30.2908237709133,0.773437515750307,0.0149301841079373,-0.00468568453163914,-0.0534625855178222,0.0272281467097144,-0.005860933103836,0,0,0,0,0,0,0,0,0,1.06923124453148,0.041562306034096,-0.0147437967543663
30.3008240428746,0.773586587326465,0.0148833174939132,-0.00468737514494481,-0.0531905901316018,0.0271694088611502,-0.00588629369774403,0,0,0,0,0,0,0,0,0,1.06964614166923,0.041415185803674,-0.01467960891016
30.310824314836,0.773735190140024,0.0148364342200883,-0.00468901637375046,-0.0529191834055943,0.0271104181037145,-0.005911513402459,0,0,0,0,0,0,0,0,0,1.07005957077421,0.0412687058713205,-0.0146157397871617
30.3208245867973,0.773883324026855,0.0147895347811423,-0.00469060805397447,-0.0526483678619026,0.027051175849336,-0.00593659161874886,0,0,0,0,0,0,0,0,0,1.07047153823364,0.0411228630580983,-0.0145521877147734
30.3308248587587,0.77403098882778,0.014742619673391,-0.00469215002247339,-0.0523781460084795,0.0269916835159225,-0.00596152775003221,0,0,0,0,0,0,0,0,0,1.07088205040303,0.0409776542017599,-0.0144889510277644
30.34082513072,0.774178184388597,0.014695689394777,-0.00469364211704872,-0.0521085203390688,0.0269319425273347,-0.00598632120239759,0,0,0,0,0,0,0,0,0,1.07129111360635,0.0408330761566738,-0.0144260280706741
30.3508254026813,0.774324910560088,0.0146487444448601,-0.00469508417645386,-0.0518394933331459,0.0268719543133591,-0.00601097138462296,0,0,0,0,0,0,0,0,0,1.0716987341362,0.0406891257937025,-0.0143634171965649
30.3608256746427,0.774471167198043,0.014601785324808,-0.00469647604040095,-0.051571067455858,0.0268117203096808,-0.00603547770819521,0,0,0,0,0,0,0,0,0,1.07210491825397,0.040545800000154,-0.0143011167620576
30.370825946604,0.774616954163268,0.0145548125373862,-0.00469781754956777,-0.0513032451579658,0.0267512419578567,-0.00605983958732954,0,0,0,0,0,0,0,0,0,1.07250967218999,0.0404030956797594,-0.0142391251335604
30.3808262185654,0.774762271321605,0.0145078265869489,-0.00469910854560461,-0.0510360288757852,0.0266905207052883,-0.00608405643898885,0,0,0,0,0,0,0,0,0,1.07291300214372,0.0402610097524995,-0.0141774406933393
30.3908264905267,0.774907118543951,0.0144608279794287,-0.00470034887114118,-0.0507694210311279,0.0266295580051933,-0.00610812768290327,0,0,0,0,0,0,0,0,0,1.07331491428391,0.0401195391544609,-0.014116061823874
30.4008267624881,0.775051495706267,0.0144138172223273,-0.00470153836979344,-0.0505034240312446,0.0265683553165786,-0.00613205274158958,0,0,0,0,0,0,0,0,0,1.07371541474874,0.0399786808379757,-0.0140549869080971
30.4108270344494,0.775195402689597,0.0143667948247051,-0.00470267688617049,-0.0502380402687666,0.0265069141042122,-0.00615583104037058,0,0,0,0,0,0,0,0,0,1.07411450964598,0.0398384317714727,-0.0139942143528912
30.4208273064108,0.775338839380086,0.0143197612971715,-0.0047037642658815,-0.0499732721216481,0.0264452358385946,-0.00617946200739461,0,0,0,0,0,0,0,0,0,1.07451220505319,0.0396987889391472,-0.0139337425717781
30.4308275783721,0.77548180566899,0.0142727171518749,-0.00470480035554252,-0.0497091219531096,0.026383321995931,-0.00620294507365496,0,0,0,0,0,0,0,0,0,1.07490850701784,0.0395597493411584,-0.0138735699699047
30.4408278503334,0.775624301452696,0.0142256629024925,-0.00470578500278343,-0.049445592111581,0.0263211740581024,-0.00622627967300928,0,0,0,0,0,0,0,0,0,1.07530342155746,0.0394213099935996,-0.013813694968632
30.4508281222948,0.775766326632736,0.0141785990642201,-0.00470671805625474,-0.0491826849306443,0.0262587935126371,-0.00624946524219903,0,0,0,0,0,0,0,0,0,1.07569695465986,0.0392834679282036,-0.0137541160090297
30.4608283942561,0.775907881115801,0.0141315261537618,-0.00470759936563455,-0.0489204027289778,0.0261961818526814,-0.00627250122086901,0,0,0,0,0,0,0,0,0,1.0760891122832,0.0391462201922433,-0.0136948315290866
30.4708286662175,0.776048964813755,0.01408444468932,-0.00470842878163538,-0.0486587478103002,0.026133340576971,-0.0062953870515866,0,0,0,0,0,0,0,0,0,1.07647990035622,0.0390095638486923,-0.0136358399698519
30.4808289381788,0.776189577643654,0.0140373551905847,-0.00470920615601105,-0.0483977224633144,0.0260702711898013,-0.00631812217986141,0,0,0,0,0,0,0,0,0,1.07686932477836,0.0388734959760035,-0.0135771397859909
30.4908292101402,0.776329719527758,0.0139902581787233,-0.0047099313415636,-0.0481373289616521,0.0260069752009977,-0.00634070605416456,0,0,0,0,0,0,0,0,0,1.07725739141991,0.0387380136680581,-0.0135187294413115
30.5008294821015,0.776469390393545,0.0139431541763697,-0.00471060419215012,-0.0478775695638192,0.0259434541258866,-0.00636313812594828,0,0,0,0,0,0,0,0,0,1.0776441061222,0.0386031140340336,-0.0134606074082179
30.5108297540629,0.776608590173728,0.0138960437076142,-0.00471122456268966,-0.0476184465131403,0.0258797094852646,-0.00638541784966513,0,0,0,0,0,0,0,0,0,1.0780294746977,0.038468794198364,-0.0134027721638591
30.5208300260242,0.776747318806267,0.0138489272979924,-0.0047117923091701,-0.0473599620377044,0.0258157428053692,-0.00640754468278763,0,0,0,0,0,0,0,0,0,1.07841350293022,0.0383350513006845,-0.0133452221939846
30.5308302979856,0.776885576234387,0.0138018054744749,-0.00471230728865504,-0.0471021183503106,0.0257515556178478,-0.00642951808582766,0,0,0,0,0,0,0,0,0,1.07879619657502,0.0382018824957151,-0.0132879559868069
30.5408305699469,0.777023362406587,0.0137546787654562,-0.00471276935929066,-0.0468449176484145,0.0256871494597278,-0.00645133752235579,0,0,0,0,0,0,0,0,0,1.07917756135901,0.0380692849533276,-0.0132309720452602
30.5508308419082,0.777160677276658,0.0137075477007439,-0.00471317838031261,-0.0465883621140737,0.0256225258733857,-0.00647300245902083,0,0,0,0,0,0,0,0,0,1.07955760298084,0.037937255858184,-0.013174268882592
30.5608311138696,0.777297520803699,0.0136604128115478,-0.00471353421205292,-0.0463324539138955,0.025557686406516,-0.00649451236556926,0,0,0,0,0,0,0,0,0,1.0799363271111,0.037805792409892,-0.013117845010641
30.5708313858309,0.777433892952124,0.0136132746304691,-0.00471383671594682,-0.0460771951989831,0.0254926326121003,-0.00651586671486459,0,0,0,0,0,0,0,0,0,1.08031373939246,0.0376748918228777,-0.0130616989520158
30.5808316577923,0.777569793691684,0.0135661336914888,-0.00471408575453966,-0.0458225881048831,0.0254273660483763,-0.0065370649829069,0,0,0,0,0,0,0,0,0,1.08068984543979,0.0375445513262973,-0.0130058292379597
30.5908319297536,0.777705222997473,0.0135189905299572,-0.00471428119149379,-0.0455686347515334,0.0253618882788058,-0.0065581066488522,0,0,0,0,0,0,0,0,0,1.08106465084032,0.0374147681639529,-0.0129502344089381
30.600832201715,0.777840180849949,0.0134718456825823,-0.00471442289159542,-0.0453153372432108,0.0252962008720434,-0.00657899119503191,0,0,0,0,0,0,0,0,0,1.08143816115381,0.0372855395941922,-0.0128949130089842
30.6108324736763,0.777974667234941,0.0134246996874185,-0.00471451072076151,-0.045062697668479,0.0252303054019047,-0.00659971810697227,0,0,0,0,0,0,0,0,0,1.08181038191266,0.0371568628899374,-0.0128398635928829
30.6208327456377,0.778108682143668,0.0133775530838556,-0.00471454454604667,-0.0448107181001378,0.0251642034473339,-0.00662028687341383,0,0,0,0,0,0,0,0,0,1.08218131862207,0.0370287353384414,-0.0127850847235172
30.630833017599,0.778242225572747,0.0133304064126071,-0.00471452423564999,-0.0445594005951716,0.025097896592372,-0.00664069698633079,0,0,0,0,0,0,0,0,0,1.0825509767602,0.0369011542413694,-0.0127305749607986
30.6408332895603,0.778375297524211,0.0132832602156987,-0.00471444965892197,-0.0443087471946982,0.0250313864261239,-0.00666094794095058,0,0,0,0,0,0,0,0,0,1.08291936177827,0.0367741169147768,-0.0126763328870607
30.6508335615217,0.77850789800552,0.013236115036457,-0.00471432068637139,-0.0440587599239193,0.0249646745427264,-0.00668103923577317,0,0,0,0,0,0,0,0,0,1.08328647910077,0.0366476206886831,-0.0126223570892649
30.660833833483,0.778640027029571,0.0131889714194976,-0.00471413718967216,-0.0438094407920694,0.0248977625413145,-0.00670097037259053,0,0,0,0,0,0,0,0,0,1.08365233412552,0.0365216629074051,-0.0125686461491674
30.6708341054444,0.778771684614718,0.0131418299107135,-0.00471389904167022,-0.0435607917923667,0.0248306520259894,-0.00672074085650617,0,0,0,0,0,0,0,0,0,1.08401693222388,0.0363962409293279,-0.012515198667774
30.6808343774057,0.778902870784776,0.0130946910572635,-0.00471360611639043,-0.0433128149019626,0.0247633446057842,-0.00674035019595446,0,0,0,0,0,0,0,0,0,1.08438027874085,0.0362713521267491,-0.0124620132490657
30.6908346493671,0.779033585569042,0.0130475554075604,-0.00471325828904343,-0.043065512081894,0.0246958418946315,-0.00675979790272011,0,0,0,0,0,0,0,0,0,1.08474237899522,0.0361469938859748,-0.0124090885049649
30.7008349213284,0.779163829002301,0.0130004235112586,-0.00471285543603255,-0.0428188852770332,0.0246281455113292,-0.00677908349195763,0,0,0,0,0,0,0,0,0,1.08510323827974,0.036023163607065,-0.012356423057749
30.7108351932898,0.77929360112484,0.0129532959192427,-0.00471239743496065,-0.04257293641604,0.0245602570795068,-0.00679820648221075,0,0,0,0,0,0,0,0,0,1.08546286186118,0.035899858703881,-0.012304015531992
30.7208354652511,0.779422901982465,0.0129061731836154,-0.00471188416463701,-0.0423276674113134,0.0244921782275915,-0.00681716639543182,0,0,0,0,0,0,0,0,0,1.08582125498056,0.0357770766039919,-0.0122518645592742
30.7308357372124,0.779551731626506,0.0128590558576852,-0.00471131550508424,-0.042083080158944,0.024423910588774,-0.00683596275700133,0,0,0,0,0,0,0,0,0,1.08617842285322,0.0356548147486284,-0.0121999687833692
30.7408360091738,0.779680090113832,0.0128119444959541,-0.00471069133754515,-0.0418391765386663,0.0243554558009742,-0.00685459509574731,0,0,0,0,0,0,0,0,0,1.086534370669,0.0355330705924847,-0.0121483268499545
30.7508362811351,0.779807977506866,0.012764839654106,-0.00471001154448956,-0.0415959584138114,0.0242868155068063,-0.00687306294396471,0,0,0,0,0,0,0,0,0,1.08688910359232,0.0354118416038787,-0.0120969374129687
30.7608365530965,0.77993539387359,0.0127177418889934,-0.00470927600962131,-0.041353427631261,0.0242179913535445,-0.00689136583743493,0,0,0,0,0,0,0,0,0,1.08724262676238,0.0352911252644266,-0.0120457991381473
30.7708368250578,0.780062339287564,0.0126706517586262,-0.00470848461788503,-0.0411115860213999,0.0241489849930876,-0.00690950331544524,0,0,0,0,0,0,0,0,0,1.08759494529325,0.0351709190691323,-0.0119949106916178
30.7808370970192,0.780188813827931,0.0126235698221582,-0.00470763725547305,-0.0408704353980709,0.0240797980819243,-0.00692747492080814,0,0,0,0,0,0,0,0,0,1.08794606427402,0.0350512205262902,-0.0119442707538112
30.7908373689805,0.780314817579434,0.0125764966398754,-0.00470673380983232,-0.0406299775585285,0.0240104322810972,-0.0069452801998809,0,0,0,0,0,0,0,0,0,1.08829598876893,0.0349320271572962,-0.0118938780019794
30.8008376409419,0.780440350632423,0.0125294327731826,-0.00470577416967123,-0.0403902142833936,0.0239408892561679,-0.00696291870258496,0,0,0,0,0,0,0,0,0,1.08864472381749,0.0348133364969005,-0.0118437311223773
30.8108379129032,0.780565413082868,0.0124823787845916,-0.00470475822496653,-0.0401511473366088,0.0238711706771811,-0.00698038998242533,0,0,0,0,0,0,0,0,0,1.08899227443463,0.0346951460927746,-0.0117938288227658
30.8208381848645,0.780690005032371,0.0124353352377081,-0.00470368586697019,-0.0399127784653935,0.0238012782186284,-0.00699769359651008,0,0,0,0,0,0,0,0,0,1.08933864561082,0.0345774535055141,-0.0117441698030193
30.8308384568259,0.780814126588172,0.0123883026972186,-0.0047025569882163,-0.0396751094001993,0.0237312135594123,-0.00701482910556975,0,0,0,0,0,0,0,0,0,1.0896838423122,0.0344602563087938,-0.0116947527642583
30.8408387287872,0.780937777863169,0.012341281728878,-0.00470137148252792,-0.0394381418546669,0.0236609783828101,-0.00703179607397684,0,0,0,0,0,0,0,0,0,1.09002786948071,0.0343435520891875,-0.0116455764326875
30.8508390007486,0.781060958975917,0.0122942728994967,-0.004700129245024,-0.0392018775255818,0.0235905743764371,-0.00704859406976514,0,0,0,0,0,0,0,0,0,1.09037073203422,0.0342273384458468,-0.0115966395382698
30.8608392727099,0.78118367005065,0.0122472767769272,-0.00469883017212621,-0.0389663180928313,0.02352000323221,-0.00706522266464926,0,0,0,0,0,0,0,0,0,1.09071243486666,0.0341116129907468,-0.0115479408014354
30.8708395446713,0.781305911217281,0.0122002939300514,-0.00469747416156586,-0.0387314652193618,0.02344926664631,-0.0070816814340441,0,0,0,0,0,0,0,0,0,1.09105298284812,0.033996373348631,-0.0114994789582747
30.8808398166326,0.78142768261142,0.0121533249287672,-0.00469606111239078,-0.0384973205511364,0.0233783663191456,-0.00709796995708415,0,0,0,0,0,0,0,0,0,1.09139238082503,0.0338816171567537,-0.0114512527577334
30.890840088594,0.781548984374382,0.0121063703439755,-0.00469459092497215,-0.0382638857170925,0.0233073039553155,-0.00711408781664303,0,0,0,0,0,0,0,0,0,1.09173063362023,0.0337673420648802,-0.0114032609525336
30.9008403605553,0.781669816653192,0.012059430747567,-0.00469306350101146,-0.0380311623291001,0.023236081263571,-0.00713003459935297,0,0,0,0,0,0,0,0,0,1.09206774603315,0.0336535457352107,-0.0113555022992021
30.9108406325167,0.781790179600603,0.0120125067124086,-0.00469147874354731,-0.0377991519819209,0.0231646999567783,-0.0071458098956241,0,0,0,0,0,0,0,0,0,1.09240372283987,0.0335402258423808,-0.0113079755615831
30.920840904478,0.7819100733751,0.0119655988123301,-0.00468983655696234,-0.037567856253167,0.0230931617518806,-0.00716141329966404,0,0,0,0,0,0,0,0,0,1.09273856879329,0.0334273800733146,-0.0112606795096995
30.9308411764393,0.782029498140911,0.0119187076221108,-0.0046881368469901,-0.0373372767032602,0.0230214683698599,-0.00717684440949723,0,0,0,0,0,0,0,0,0,1.09307228862324,0.0333150061272477,-0.011213612916811
30.9408414484007,0.782148454068018,0.011871833717466,-0.00468637952072193,-0.0371074148753922,0.0229496215356993,-0.00719210282698445,0,0,0,0,0,0,0,0,0,1.09340488703662,0.0332031017156399,-0.0111667745705449
30.950841720362,0.782266941332163,0.0118249776750331,-0.00468456448661381,-0.0368782722954846,0.0228776229783439,-0.00720718815784219,0,0,0,0,0,0,0,0,0,1.09373636871748,0.0330916645619747,-0.01112016326472
30.9608419923234,0.78238496011486,0.0117781400723582,-0.00468269165449329,-0.036649850472149,0.0228054744306623,-0.00722210001166211,0,0,0,0,0,0,0,0,0,1.09406673832717,0.0329806924018363,-0.0110737777943219
30.9708422642847,0.782502510603403,0.0117313214878824,-0.00468076093556634,-0.0364221508966487,0.0227331776294079,-0.00723683800193057,0,0,0,0,0,0,0,0,0,1.09439600050446,0.0328701829828093,-0.0110276169586997
30.9808425362461,0.782619592990876,0.0116845225009276,-0.00467877224242423,-0.03619517504286,0.02266073431518,-0.00725140174604788,0,0,0,0,0,0,0,0,0,1.09472415986566,0.0327601340644913,-0.0109816795676994
30.9908428082074,0.782736207476159,0.011637743691683,-0.0046767254890504,-0.035968924367233,0.022588146232384,-0.00726579086534787,0,0,0,0,0,0,0,0,0,1.09505122100473,0.0326505434182706,-0.0109359644428934
31.0008430801688,0.78285235426394,0.0115909856411911,-0.00467462059082738,-0.035743400308755,0.0225154151291926,-0.00728000498511736,0,0,0,0,0,0,0,0,0,1.0953771884934,0.0325414088273142,-0.0108904704036754
31.0108433521301,0.78296803356472,0.0115442489313333,-0.00467245746454365,-0.0355186042889122,0.0224425427575057,-0.00729404373461549,0,0,0,0,0,0,0,0,0,1.09570206688129,0.0324327280866232,-0.0108451962771487
31.0208436240914,0.783083245594825,0.0114975341448162,-0.00467023602840049,-0.0352945377116528,0.0223695308729108,-0.00730790674709319,0,0,0,0,0,0,0,0,0,1.09602586069603,0.0323244990028229,-0.010800140899533
31.0308438960528,0.783197990576411,0.0114508418651575,-0.00466795620201888,-0.0350712019633504,0.0222963812346432,-0.00732159365981271,0,0,0,0,0,0,0,0,0,1.09634857444337,0.0322167193941908,-0.0107553031132438
31.0408441680141,0.783312268737474,0.0114041726766713,-0.00466561790644642,-0.0348485984127678,0.022223095605545,-0.00733510411406692,0,0,0,0,0,0,0,0,0,1.09667021260731,0.0321093870905047,-0.0107106817678941
31.0508444399755,0.783426080311856,0.0113575271644543,-0.00466322106416413,-0.0346267284110209,0.0221496757520258,-0.00734843775519883,0,0,0,0,0,0,0,0,0,1.0969907796502,0.0320024999330501,-0.0106662757108151
31.0608447119368,0.783539425539255,0.0113109059143711,-0.00466076559909341,-0.0344055932915434,0.0220761234440212,-0.00736159423262105,0,0,0,0,0,0,0,0,0,1.09731028001286,0.031896055774659,-0.0106220838024349
31.0708449838982,0.783652304665233,0.0112643095130398,-0.00465825143660286,-0.0341851943700517,0.0220024404549525,-0.00737457319983511,0,0,0,0,0,0,0,0,0,1.09762871811469,0.031790052479409,-0.0105781049154075
31.0808452558595,0.783764717941219,0.0112177385478178,-0.00465567850351518,-0.0339655329445105,0.0219286285616854,-0.00738737431445109,0,0,0,0,0,0,0,0,0,1.09794609835378,0.0316844879226796,-0.0105343379190232
31.0908455278209,0.783876665624522,0.0111711936067869,-0.00465304672811409,-0.0337466102950978,0.0218546895444891,-0.00739999723820687,0,0,0,0,0,0,0,0,0,1.09826242510705,0.0315793599911631,-0.0104907816914451
31.1008457997822,0.783988147978333,0.0111246752787386,-0.00465035604015112,-0.0335284276841719,0.0217806251869948,-0.00741244163698762,0,0,0,0,0,0,0,0,0,1.09857770273033,0.0314746665826765,-0.0104474351147486
31.1108460717435,0.784099165271737,0.0110781841531597,-0.00464760637085258,-0.0333109863562377,0.0217064372761539,-0.00742470718084536,0,0,0,0,0,0,0,0,0,1.09889193555849,0.0313704056062711,-0.0104042970771164
31.1208463437049,0.784209717779716,0.0110317208202172,-0.0046447976529264,-0.0330942875379136,0.0216321276021968,-0.00743679354401824,0,0,0,0,0,0,0,0,0,1.09920512790553,0.0312665749820009,-0.0103613664866937
31.1308466156662,0.784319805783159,0.0109852858707439,-0.00464192982056899,-0.0328783324378988,0.0215576979585904,-0.00744870040495004,0,0,0,0,0,0,0,0,0,1.09951728406473,0.031163172640755,-0.0103186422410865
31.1408468876276,0.784429429568863,0.0109388798962229,-0.00463900280947217,-0.0326631222469417,0.021483150141996,-0.00746042744630961,0,0,0,0,0,0,0,0,0,1.09982840830871,0.0310601965246355,-0.0102761232368023
31.1508471595889,0.784538589429547,0.010892503488773,-0.00463601655683,-0.0324486581378076,0.0214084859522275,-0.00747197435501036,0,0,0,0,0,0,0,0,0,1.10013850488957,0.0309576445866023,-0.0102338083986441
31.1608474315503,0.784647285663854,0.0108461572411334,-0.00463297100134569,-0.0322349412652474,0.0213337071922078,-0.00748334082222958,0,0,0,0,0,0,0,0,0,1.100447578039,0.0308555147902621,-0.0101916966469695
31.1708477035116,0.784755518576354,0.0107998417466489,-0.00462986608323848,-0.0320219727659674,0.0212588156679275,-0.00749452654342797,0,0,0,0,0,0,0,0,0,1.10075563196839,0.0307538051101679,-0.0101497869049327
31.180847975473,0.784863288477559,0.0107535575992546,-0.00462670174425049,-0.0318097537585979,0.0211838131884007,-0.00750553121836906,0,0,0,0,0,0,0,0,0,1.1010626708689,0.030652513531464,-0.0101080781095621
31.1908482474343,0.784970595683918,0.0107073053934601,-0.00462347792765366,-0.0315982853436638,0.0211087015656223,-0.00751635455113862,0,0,0,0,0,0,0,0,0,1.10136869891162,0.0305516380499636,-0.010066569193972
31.2008485193956,0.785077440517833,0.0106610857243352,-0.00462019457825654,-0.0313875686035549,0.0210334826145249,-0.00752699625016416,0,0,0,0,0,0,0,0,0,1.10167372024763,0.0304511766721492,-0.0100252591007236
31.210848791357,0.785183823307655,0.0106148991874934,-0.00461685164241126,-0.0311776046024964,0.0209581581529351,-0.0075374560282343,0,0,0,0,0,0,0,0,0,1.10197773900814,0.0303511274149832,-0.00998414677962946
31.2208490633183,0.785289744387698,0.0105687463790773,-0.00461344906802036,-0.0309683943865208,0.0208827300015298,-0.0075477336025182,0,0,0,0,0,0,0,0,0,1.10228075930459,0.0302514883059526,-0.0099432311877008
31.2308493352797,0.785395204098238,0.0105226278957426,-0.00460998680454368,-0.0307599389834392,0.0208071999837923,-0.00755782869458513,0,0,0,0,0,0,0,0,0,1.10258278522873,0.0301522573828802,-0.00990251128690187
31.240849607241,0.78550020278552,0.0104765443346425,-0.00460646480300523,-0.0305522394028132,0.0207315699259681,-0.00756774103042374,0,0,0,0,0,0,0,0,0,1.10288382085275,0.030053432694014,-0.00986198603866666
31.2508498792024,0.785604740801764,0.0104304962934122,-0.0046028830160001,-0.0303452966359281,0.0206558416570208,-0.00757747034046155,0,0,0,0,0,0,0,0,0,1.10318387022936,0.0299550122979489,-0.00982165441891081
31.2608501511637,0.785708818505168,0.0103844843701532,-0.00459924139770131,-0.0301391116557657,0.0205800170085877,-0.00758701635958451,0,0,0,0,0,0,0,0,0,1.10348293739192,0.0298569942634151,-0.00978151540629355
31.2708504231251,0.785812436259915,0.0103385091634172,-0.0045955399038667,-0.0299336854169778,0.0205040978149345,-0.00759637882715623,0,0,0,0,0,0,0,0,0,1.10378102635452,0.0297593766694348,-0.00974156797886241
31.2808506950864,0.785915594436174,0.0102925712721904,-0.00459177849184582,-0.0297290188558596,0.0204280859129112,-0.00760555748703761,0,0,0,0,0,0,0,0,0,1.10407814111211,0.029662157605178,-0.00970181113024633
31.2908509670478,0.786018293410108,0.0102466712958775,-0.00458795712058677,-0.0295251128903252,0.0203519831419067,-0.00761455208760613,0,0,0,0,0,0,0,0,0,1.10437428564055,0.0295653351697947,-0.0096622438524721
31.3008512390091,0.786120533563875,0.0102008098342859,-0.00458407575064314,-0.0293219684198815,0.0202757913438033,-0.0076233623817754,0,0,0,0,0,0,0,0,0,1.10466946389676,0.0294689074726149,-0.00962286514251656
31.3108515109704,0.786222315285632,0.0101549874876092,-0.00458013434418086,-0.0291195863256037,0.0201995123629317,-0.00763198812701452,0,0,0,0,0,0,0,0,0,1.10496367981881,0.0293728726328497,-0.00958367401338356
31.3208517829318,0.786323638969544,0.0101092048564114,-0.00457613286498506,-0.0289179674701111,0.020123148046025,-0.00764042908536759,0,0,0,0,0,0,0,0,0,1.10525693732599,0.0292772287795695,-0.00954466946924858
31.3308520548931,0.786424505015778,0.0100634625416104,-0.00457207127846697,-0.0287171126975439,0.0200467002421731,-0.00764868502347307,0,0,0,0,0,0,0,0,0,1.10554924031895,0.0291819740519024,-0.00950585052546602
31.3408523268545,0.786524913830517,0.0100177611444619,-0.00456794955167082,-0.0285170228335387,0.0199701708027762,-0.00765675571258325,0,0,0,0,0,0,0,0,0,1.10584059267976,0.0290871065986124,-0.00946721621287195
31.3508525988158,0.786624865825956,0.00997210126654314,-0.00456376765328069,-0.0283176986852064,0.0198935615814993,-0.00766464092858376,0,0,0,0,0,0,0,0,0,1.10613099827206,0.0289926245782113,-0.00942876555278298
31.3608528707772,0.786724361420308,0.00992648350973606,-0.00455952555362739,-0.0281191410411099,0.019816874434225,-0.00767234045201287,0,0,0,0,0,0,0,0,0,1.10642046094108,0.0288985261590372,-0.00939049757046813
31.3708531427385,0.786823401037805,0.00988090847621111,-0.00455522322469534,-0.0279213506712412,0.0197401112190075,-0.00767985406808102,0,0,0,0,0,0,0,0,0,1.1067089845138,0.0288048095190972,-0.00935241130823884
31.3808534146999,0.786921985108705,0.00983537676841065,-0.00455086064012948,-0.0277243283270015,0.0196632737960254,-0.0076871815666903,0,0,0,0,0,0,0,0,0,1.10699657279905,0.0287114728458837,-0.0093145058137954
31.3908536866612,0.78702011406929,0.00978988898903223,-0.00454643777524214,-0.0275280747411785,0.0195863640275348,-0.00769432274245373,0,0,0,0,0,0,0,0,0,1.10728322958754,0.0286185143364503,-0.0092767801303827
31.4008539586225,0.787117788361871,0.00974444574101192,-0.00454195460701986,-0.027332590627927,0.0195093837778221,-0.00770127739471487,0,0,0,0,0,0,0,0,0,1.10756895865204,0.0285259321974249,-0.00923923331919343
31.4108542305839,0.787215008434788,0.00969904762750752,-0.00453741111413036,-0.0271378766827484,0.0194323349131565,-0.00770804532756718,0,0,0,0,0,0,0,0,0,1.10785376374739,0.0284337246446378,-0.00920186442938125
31.4208545025452,0.787311774742416,0.00965369525188183,-0.00453280727692935,-0.0269439335824714,0.0193552193017426,-0.00771462634987342,0,0,0,0,0,0,0,0,0,1.10813764861068,0.0283418899037344,-0.00916467251942976
31.4308547745066,0.787408087745165,0.00960838921768542,-0.00452814307746748,-0.0267507619852323,0.0192780388136726,-0.00772102027528516,0,0,0,0,0,0,0,0,0,1.10842061696126,0.0282504262093759,-0.00912765667622256
31.4408550464679,0.787503947909479,0.00956313012864006,-0.00452341849949711,-0.0265583625304569,0.0192007953208778,-0.00772722692226221,0,0,0,0,0,0,0,0,0,1.10870267250091,0.0281593318054704,-0.00909081596233211
31.4508553184293,0.787599355707842,0.00951791858862134,-0.00451863352847933,-0.0263667358388422,0.0191234906970813,-0.00773324611409201,0,0,0,0,0,0,0,0,0,1.10898381891387,0.0280686049454281,-0.00905414945189047
31.4608555903906,0.787694311618778,0.00947275520164175,-0.00451378815159072,-0.0261758825123388,0.0190461268177488,-0.00773907767890911,0,0,0,0,0,0,0,0,0,1.10926405986697,0.0279782438916752,-0.00901765624000391
31.470855862352,0.78778881612685,0.00942764057183331,-0.00450888235773027,-0.0259858031341334,0.0189687055600408,-0.00774472144971461,0,0,0,0,0,0,0,0,0,1.10954339900971,0.0278882469157202,-0.00898133541799616
31.4808561343133,0.787882869722665,0.00938257530343053,-0.00450391613752633,-0.0257964982686325,0.0188912288027628,-0.00775017726439553,0,0,0,0,0,0,0,0,0,1.10982183997434,0.0277986122981632,-0.0089451860656605
31.4908564062746,0.787976472902871,0.00933756000075289,-0.00449888948334334,-0.0256079684614458,0.0188136984263176,-0.00775544496574435,0,0,0,0,0,0,0,0,0,1.11009938637597,0.0277093383289173,-0.00890920728821365
31.500856678236,0.788069626170162,0.00929259526818751,-0.00449380238928886,-0.0254202142393709,0.0187361163126552,-0.00776052440147844,0,0,0,0,0,0,0,0,0,1.11037604181265,0.0276204233064789,-0.00887339820128675
31.5108569501973,0.788162330033275,0.00924768171017173,-0.00448865485122037,-0.0252332361103777,0.0186584843452235,-0.00776541542425933,0,0,0,0,0,0,0,0,0,1.11065180986547,0.027531865538449,-0.00883775790175471
31.5208572221587,0.788254585006991,0.00920281993117555,-0.00448344686675215,-0.0250470345635941,0.0185808044089197,-0.0077701178917124,0,0,0,0,0,0,0,0,0,1.11092669409863,0.0274436633413868,-0.00880228550050783
31.53085749412,0.788346391612137,0.00915801053568397,-0.00447817843526219,-0.0248616100692912,0.0185030783900393,-0.00777463166644618,0,0,0,0,0,0,0,0,0,1.11120069805953,0.027355815040676,-0.00876698012441103
31.5408577660814,0.788437750375586,0.00911325412817936,-0.00447284955789906,-0.0246769630788698,0.0184253081762269,-0.00777895661607172,0,0,0,0,0,0,0,0,0,1.11147382527889,0.0272683189703391,-0.00873184090018435
31.5508580380427,0.788528661830253,0.00906855131312381,-0.00446746023758877,-0.0244930940248474,0.0183474956564261,-0.00778309261322221,0,0,0,0,0,0,0,0,0,1.11174607927079,0.027181173473226,-0.00869686695079195
31.5608583100041,0.7886191265151,0.00902390269494107,-0.00446201047904168,-0.0243100033208453,0.0182696427208288,-0.0077870395355723,0,0,0,0,0,0,0,0,0,1.11201746353281,0.0270943769009,-0.00866205740822923
31.5708585819654,0.788709144975133,0.00897930887799901,-0.00445650028875936,-0.0241276913615759,0.0181917512608251,-0.00779079726585747,0,0,0,0,0,0,0,0,0,1.11228798154606,0.0270079276135718,-0.00862741141157302
31.5808588539267,0.7887987177614,0.0089347704665914,-0.00445092967504147,-0.0239461585228321,0.0181138231689522,-0.00779436569189368,0,0,0,0,0,0,0,0,0,1.11255763677531,0.0269218239800238,-0.00859292811084474
31.5908591258881,0.788887845430993,0.00889028806492,-0.00444529864799267,-0.0237654051614749,0.0180358603388437,-0.00779774470659665,0,0,0,0,0,0,0,0,0,1.11282643266905,0.0268360643774664,-0.00855860664621555
31.6008593978494,0.788976528547046,0.00884586227707648,-0.00443960721952942,-0.0235854316154232,0.0179578646651787,-0.00780093420800129,0,0,0,0,0,0,0,0,0,1.1130943726596,0.0267506471918791,-0.00852444616967647
31.6108596698108,0.789064767678731,0.00880149370702426,-0.00443385540338698,-0.0234062382036438,0.0178798380436301,-0.00780393409928122,0,0,0,0,0,0,0,0,0,1.11336146016317,0.0266655708174331,-0.00849044584417255
31.6208599417721,0.789152563401262,0.00875718295858026,-0.00442804321512617,-0.0232278252261413,0.0178017823708134,-0.00780674428876816,0,0,0,0,0,0,0,0,0,1.11362769857996,0.0265808336568495,-0.00845660482748424
31.6308602137335,0.78923991629589,0.00871293063539664,-0.00442217067214035,-0.0230501929639493,0.0177236995442348,-0.00780936468997141,0,0,0,0,0,0,0,0,0,1.11389309129423,0.0264964341211442,-0.00842292228753671
31.6408604856948,0.789326826949899,0.00866873734094246,-0.00441623779366222,-0.0228733416791213,0.0176455914622396,-0.00781179522159718,0,0,0,0,0,0,0,0,0,1.11415764167439,0.0264123706296802,-0.00838939739520623
31.6508607576562,0.78941329595661,0.00862460367848519,-0.00441024460077074,-0.0226972716147234,0.0175674600239602,-0.00781403580756822,0,0,0,0,0,0,0,0,0,1.11442135307311,0.0263286416100565,-0.00835602932675958
31.6608610296175,0.789499323915375,0.00858053025107223,-0.00440419111639804,-0.0225219829948255,0.0174893071292631,-0.00781608637704304,0,0,0,0,0,0,0,0,0,1.11468422882734,0.0262452454981111,-0.0083228172555071
31.6708613015789,0.789584911431575,0.00853651766151239,-0.00439807736533618,-0.0223474760244952,0.0174111346786973,-0.00781794686443553,0,0,0,0,0,0,0,0,0,1.11494627225845,0.0261621807379772,-0.00828976037268786
31.6808615735402,0.789670059116618,0.00849256651235718,-0.00439190337424422,-0.0221737508897909,0.0173329445734414,-0.00781961720943426,0,0,0,0,0,0,0,0,0,1.1152074866723,0.0260794457816686,-0.00825685787726809
31.6908618455015,0.789754767587936,0.00844867740588224,-0.0043856691716549,-0.0220008077577558,0.0172547387152506,-0.00782109735702201,0,0,0,0,0,0,0,0,0,1.11546787535929,0.0259970390893395,-0.00822410895120435
31.7008621174629,0.789839037468984,0.00840485094406839,-0.0043793747879817,-0.0218286467764122,0.0171765190064036,-0.0078223872574952,0,0,0,0,0,0,0,0,0,1.11572744159447,0.0259149591293651,-0.00819151278532108
31.7108623894242,0.789922869389234,0.00836108772858291,-0.00437302025552555,-0.0216572680747568,0.0170982873496496,-0.00782348686648326,0,0,0,0,0,0,0,0,0,1.11598618863761,0.0258332043780834,-0.00815906859468907
31.7208626613856,0.790006263984173,0.00831738836076056,-0.00436660560848183,-0.0214866717627562,0.0170200456481548,-0.00782439614496815,0,0,0,0,0,0,0,0,0,1.1162441197333,0.0257517733195687,-0.00812677558721466
31.7308629333469,0.7900892218953,0.0082737534415847,-0.00436013088294724,-0.0213168579313428,0.0169417958054487,-0.00782511505930376,0,0,0,0,0,0,0,0,0,1.11650123811098,0.0256706644460015,-0.0080946329644971
31.7408632053083,0.790171743770123,0.00823018357166812,-0.0043535961169266,-0.0211478266524119,0.0168635397253703,-0.00782564358123533,0,0,0,0,0,0,0,0,0,1.11675754698507,0.0255898762574243,-0.00806263994608444
31.7508634772696,0.790253830262154,0.00818667935123401,-0.0043470013503398,-0.0209795779788183,0.0167852793120142,-0.00782598168791893,0,0,0,0,0,0,0,0,0,1.11701304955504,0.025509407261627,-0.00803079576283404
31.760863749231,0.790335482030906,0.00814324138009672,-0.0043403466250287,-0.0208121119443742,0.0167070164696763,-0.00782612936194086,0,0,0,0,0,0,0,0,0,1.11726774900545,0.0254292559740355,-0.00799909963042305
31.7708640211923,0.790416699741885,0.00809987025764259,-0.00433363198476392,-0.020645428563848,0.0166287531027994,-0.00782608659133715,0,0,0,0,0,0,0,0,0,1.11752164850607,0.0253494209181267,-0.00796755077042186
31.7808642931536,0.790497484066593,0.00805656658281047,-0.0043268574752518,-0.0204795278329621,0.0165504911159185,-0.00782585336961288,0,0,0,0,0,0,0,0,0,1.11777475121194,0.0252699006248955,-0.00793614842624771
31.790864565115,0.790577835682517,0.00801333095407256,-0.00432002314414124,-0.020314409728393,0.0164722324136062,-0.00782542969576177,0,0,0,0,0,0,0,0,0,1.11802706026344,0.0251906936329506,-0.00790489183487497
31.8008648370763,0.790657755273127,0.00797016396941469,-0.0043131290410306,-0.0201500742077714,0.0163939789004178,-0.00782481557428552,0,0,0,0,0,0,0,0,0,1.11827857878639,0.0251117984885479,-0.00787378023751446
31.8108651090377,0.79073724352787,0.00792706622631699,-0.00430617521747457,-0.0199865212096817,0.0163157324808356,-0.00782401101521324,0,0,0,0,0,0,0,0,0,1.11852930989209,0.0250332137454726,-0.00784281286793692
31.820865380999,0.790816301142166,0.00788403832173419,-0.00429916172699105,-0.0198237506536635,0.0162374950592143,-0.00782301603412094,0,0,0,0,0,0,0,0,0,1.11877925667743,0.0249549379653053,-0.00781198898621233
31.8308656529604,0.790894928817402,0.00784108085207596,-0.00429208862506802,-0.0196617624402139,0.0161592685397247,-0.00782183065215097,0,0,0,0,0,0,0,0,0,1.11902842222495,0.0248769697166303,-0.00778130786096562
31.8408659249217,0.790973127260925,0.0077981944131873,-0.00428495596917045,-0.0195005564507882,0.0160810548262985,-0.00782045489603136,0,0,0,0,0,0,0,0,0,1.11927680960291,0.0247993075756561,-0.00775076872952225
31.8508661968831,0.79105089718604,0.00775537960032849,-0.00427776381874716,-0.0193401325478036,0.0160028558225718,-0.00781888879809544,0,0,0,0,0,0,0,0,0,1.11952442186537,0.0247219501262208,-0.00772037085062067
31.8608664688444,0.791128239312001,0.00771263700815543,-0.00427051223523767,-0.0191804905746421,0.0159246734318296,-0.0078171323963011,0,0,0,0,0,0,0,0,0,1.11977126205227,0.0246448959593588,-0.00769011350764374
31.8708667408057,0.791205154364004,0.00766996723069967,-0.00426320128207915,-0.0190216303556545,0.0158465095569489,-0.00781518573425031,0,0,0,0,0,0,0,0,0,1.12001733318948,0.0245681436732408,-0.00765999596811783
31.8808670127671,0.791281643073184,0.00762737086134824,-0.00425583102471325,-0.0188635516961643,0.0157683661003423,-0.00781304886120858,0,0,0,0,0,0,0,0,0,1.1202626382889,0.0244916918735509,-0.00763001749767704
31.8908672847284,0.791357706176607,0.00758484849282379,-0.00424840153059296,-0.0187062543824729,0.0156902449639015,-0.00781072183212433,0,0,0,0,0,0,0,0,0,1.12050718034853,0.0244155391731476,-0.00760017738224793
31.9008675566898,0.791433344417262,0.00754240071716427,-0.00424091286918956,-0.0185497381818655,0.0156121480489402,-0.00780820470764838,0,0,0,0,0,0,0,0,0,1.12075096235253,0.024339684191997,-0.00757047489910804
31.9108678286511,0.791508558544054,0.00750002812570281,-0.00423336511199945,-0.0183940028426163,0.0155340772561368,-0.00780549755415339,0,0,0,0,0,0,0,0,0,1.12099398727128,0.0242641255574123,-0.0075409093341118
31.9208681006125,0.791583349311801,0.00745773130904737,-0.004225758332551,-0.0182390480939959,0.0154560344854774,-0.00780260044375326,0,0,0,0,0,0,0,0,0,1.12123625806149,0.0241888619036431,-0.0075114799900837
31.9308683725738,0.79165771748122,0.0074155108570605,-0.00421809260641155,-0.0180848736462781,0.0153780216361983,-0.0077995134543226,0,0,0,0,0,0,0,0,0,1.12147777766622,0.0241138918719463,-0.00748218615738048
31.9408686445352,0.791731663818926,0.0073733673588387,-0.00421036801119413,-0.017931479190748,0.0153000406067277,-0.00779623666951614,0,0,0,0,0,0,0,0,0,1.12171854901502,0.0240392141107646,-0.00745302711494468
31.9508689164965,0.79180518909742,0.00733130140269219,-0.00420258462656445,-0.01777886439971,0.0152220932946288,-0.00779277017878824,0,0,0,0,0,0,0,0,0,1.12195857502391,0.0239648272757768,-0.00742400217917107
31.9608691884578,0.791878294095081,0.00728931357612412,-0.00419474253424776,-0.0176270289264969,0.0151441815965408,-0.0077891140774122,0,0,0,0,0,0,0,0,0,1.12219785859555,0.023890730029098,-0.00739511067397708
31.9708694604192,0.79195097959616,0.00724740446581011,-0.0041868418180357,-0.0174759724054794,0.015066307408121,-0.00778526846649984,0,0,0,0,0,0,0,0,0,1.12243640261921,0.0238169210399288,-0.00736635188991946
31.9808697323805,0.792023246390772,0.00720557465757744,-0.00417888256379322,-0.0173256944520767,0.0149884726239864,-0.00778123345302087,0,0,0,0,0,0,0,0,0,1.12267420997091,0.0237433989845737,-0.00733772513673675
31.9908700043419,0.792095095274885,0.00716382473638436,-0.00417086485946541,-0.0171761946627662,0.0149106791376547,-0.00777700914982226,0,0,0,0,0,0,0,0,0,1.12291128351347,0.0236701625460388,-0.00730922973369272
32.0008702763032,0.792166527050311,0.00712215528629913,-0.00416278879508444,-0.0170274726150956,0.0148329288414859,-0.00777259567564785,0,0,0,0,0,0,0,0,0,1.12314762609657,0.0235972104142439,-0.00728086500838779
32.0108705482646,0.792237542524701,0.00708056689047934,-0.00415465446277638,-0.0168795278676946,0.0147552236266228,-0.0077679931551576,0,0,0,0,0,0,0,0,0,1.12338324055681,0.0235245412856434,-0.00725263029769108
32.0208708202259,0.792308142511531,0.00703906013115063,-0.00414646195676812,-0.0167323599602873,0.0146775653829319,-0.00776320171894717,0,0,0,0,0,0,0,0,0,1.12361812971781,0.0234521538634199,-0.00722452491198987
32.0308710921873,0.792378327830095,0.00699763558958594,-0.00413821137339423,-0.0165859684137049,0.0145999559989439,-0.0077582215035673,0,0,0,0,0,0,0,0,0,1.12385229639024,0.0233800468578206,-0.0071965481790154
32.0408713641486,0.792448099305497,0.0069562938460842,-0.00412990281110389,-0.0164403527299001,0.0145223973617943,-0.00775305265154321,0,0,0,0,0,0,0,0,0,1.12408574337191,0.0233082189854737,-0.00716869945834011
32.05087163611,0.792517457768635,0.00691503547994931,-0.00412153637046766,-0.0162955123919609,0.0144448913571633,-0.00774769531139413,0,0,0,0,0,0,0,0,0,1.12431847344782,0.0232366689694355,-0.00714097808012413
32.0608719080713,0.7925864040562,0.00687386106946869,-0.00411311215418447,-0.0161514468641253,0.0143674398692156,-0.00774214963765269,0,0,0,0,0,0,0,0,0,1.12455048939025,0.0231653955397313,-0.00711338337465568
32.0708721800326,0.792654939010658,0.00683277119189212,-0.00410463026708844,-0.0160081555917972,0.0142900447805406,-0.00773641579088431,0,0,0,0,0,0,0,0,0,1.1247817939588,0.0230943974328118,-0.00708591470399435
32.080872451994,0.792723063480242,0.00679176642341028,-0.00409609081615581,-0.015865638001562,0.0142127079720916,-0.00773049393770672,0,0,0,0,0,0,0,0,0,1.12501238990047,0.0230236733914616,-0.00705857141483123
32.0908727239553,0.792790778318944,0.00675084733913341,-0.00408749391051172,-0.0157238935012038,0.0141354313231255,-0.0077243842508094,0,0,0,0,0,0,0,0,0,1.12524227994973,0.022953222165198,-0.00703135286757642
32.1008729959167,0.792858084386499,0.00671001451306956,-0.00407883966143725,-0.0155829214797219,0.0140582167111417,-0.00771808690897289,0,0,0,0,0,0,0,0,0,1.12547146682855,0.0228830425095977,-0.00700425842137276
32.110873267878,0.792924982548379,0.0066692685181033,-0.00407012818237611,-0.0154427213073497,0.0139810660118213,-0.0077116020970884,0,0,0,0,0,0,0,0,0,1.12569995324652,0.0228131331869955,-0.00697728741248748
32.1208735398394,0.792991473675778,0.00662860992597367,-0.00406135958894169,-0.0153032923355721,0.0139039810989657,-0.00770493000617715,0,0,0,0,0,0,0,0,0,1.12592774190087,0.022743492966243,-0.00695043922977658
32.1308738118007,0.793057558645603,0.00658803930725284,-0.00405253399892381,-0.0151646338971455,0.0138269638444353,-0.00769807083340983,0,0,0,0,0,0,0,0,0,1.12615483547655,0.0226741206218983,-0.00692371325503267
32.1408740837621,0.793123238340458,0.00654755723132409,-0.00404365153229572,-0.0150267453061168,0.0137500161180881,-0.00769102478212601,0,0,0,0,0,0,0,0,0,1.12638123664628,0.0226050149351776,-0.00689710883018098
32.1508743557234,0.793188513648639,0.00650716426635998,-0.00403471231122083,-0.0148896258578446,0.0136731397877175,-0.00768379206185365,0,0,0,0,0,0,0,0,0,1.12660694807063,0.0225361746938008,-0.00687062533780922
32.1608746276847,0.793253385464114,0.00646686097930042,-0.00402571646005978,-0.0147532748290191,0.0135963367189906,-0.00767637288832844,0,0,0,0,0,0,0,0,0,1.12683197239809,0.0224675986913325,-0.0068442621751601
32.1708748996461,0.793317854686518,0.00642664793583073,-0.00401666410537713,-0.0146176914776847,0.0135196087753861,-0.00766876748351336,0,0,0,0,0,0,0,0,0,1.1270563122651,0.0223992857275481,-0.00681801870985042
32.1808751716074,0.793381922221132,0.00638652570035934,-0.00400755537594836,-0.0144828750432612,0.0134429578181316,-0.00766097607561798,0,0,0,0,0,0,0,0,0,1.12727997029612,0.0223312346086604,-0.00679189432265106
32.1908754435688,0.79344558897888,0.00634649483599597,-0.0039983904027667,-0.0143488247465673,0.0133663857061412,-0.007652998899118,0,0,0,0,0,0,0,0,0,1.12750294910374,0.0222634441468296,-0.00676588841755915
32.2008757155301,0.793508855876306,0.00630655590452918,-0.00398916931905006,-0.0142155397898443,0.0132898942959531,-0.00764483619477468,0,0,0,0,0,0,0,0,0,1.12772525128865,0.0221959131601889,-0.00674000038898133
32.2108759874915,0.793571723835569,0.0062667094664042,-0.00397989226024784,-0.014083019356779,0.013213485441666,-0.00763648820965423,0,0,0,0,0,0,0,0,0,1.1279468794398,0.0221286404730108,-0.00671422962593616
32.2208762594528,0.793634193784423,0.00622695608070049,-0.00397055936404785,-0.0139512626125301,0.0131371609948763,-0.00762795519714725,0,0,0,0,0,0,0,0,0,1.12816783613438,0.0220616249156484,-0.00668857551862171
32.2308765314142,0.793696266656208,0.00618729630510943,-0.0039611707703832,-0.0138202687037517,0.0130609228046147,-0.00761923741698823,0,0,0,0,0,0,0,0,0,1.12838812393793,0.0219948653245704,-0.00666303747237389
32.2408768033755,0.793757943389833,0.00614773069591172,-0.00395172662143914,-0.0136900367586209,0.012984772717283,-0.00761033513527496,0,0,0,0,0,0,0,0,0,1.12860774540438,0.0219283605420237,-0.0066376149100085
32.2508770753369,0.793819224929763,0.00610825980795494,-0.00394222706166001,-0.013560565886863,0.0129087125765896,-0.00760124862448787,0,0,0,0,0,0,0,0,0,1.1288267030761,0.0218621094160209,-0.00661230723188197
32.2608773472982,0.793880112226004,0.00606888419463078,-0.00393267223775601,-0.01343185517978,0.0128327442234863,-0.00759197816350972,0,0,0,0,0,0,0,0,0,1.129044999484,0.0217961108008021,-0.00658711384594485
32.2708776192595,0.79394060623409,0.00602960440785254,-0.00392306229871021,-0.013303903710278,0.0127568694961039,-0.00758252403764474,0,0,0,0,0,0,0,0,0,1.12926263714752,0.0217303635562213,-0.00656203418284808
32.2808778912209,0.794000707915065,0.00599042099803216,-0.0039133973957853,-0.0131767105328951,0.0126810902296878,-0.00757288653863819,0,0,0,0,0,0,0,0,0,1.12947961857476,0.0216648665479058,-0.00653706764476915
32.2908781631822,0.794060418235471,0.00595133451405753,-0.00390367768253059,-0.0130502746838315,0.0126054082565334,-0.00756306596469591,0,0,0,0,0,0,0,0,0,1.12969594626249,0.0215996186476665,-0.00651221364793517
32.3008784351436,0.794119738167332,0.00591234550326951,-0.00389390331478879,-0.012924595180979,0.0125298254059221,-0.00755306262050366,0,0,0,0,0,0,0,0,0,1.12991162269624,0.0215346187328063,-0.00648747163969846
32.3108787071049,0.794178668688135,0.00587345451143906,-0.00388407445070296,-0.0127996710239513,0.0124543435040554,-0.00754287681724644,0,0,0,0,0,0,0,0,0,1.13012665035031,0.0214698656861896,-0.00646284105369559
32.3208789790663,0.794237210780819,0.00583466208274407,-0.00387419125072334,-0.0126755011941156,0.0123789643739904,-0.00753250887262816,0,0,0,0,0,0,0,0,0,1.13034103168791,0.0214053583964466,-0.0064383212977924
32.3308792510276,0.794295365433756,0.00579596875974636,-0.00386425387761431,-0.0125520846546234,0.0123036898355746,-0.00752195911089092,0,0,0,0,0,0,0,0,0,1.1305547691611,0.0213410957582847,-0.00641391180119911
32.3408795229889,0.794353133640737,0.0057573750833684,-0.00385426249646113,-0.012429420350444,0.01222852170538,-0.00751122786283448,0,0,0,0,0,0,0,0,0,1.13076786521098,0.0212770766717504,-0.0063896120417887
32.3508797949503,0.794410516400953,0.00571888159287021,-0.00384421727467696,-0.012307507208397,0.0121534617966377,-0.00750031546583578,0,0,0,0,0,0,0,0,0,1.13098032226762,0.0212133000419939,-0.00636542143800971
32.3608800669116,0.794467514718978,0.00568048882582594,-0.00383411838200965,-0.0121863441371862,0.0120785119191718,-0.00748922226386827,0,0,0,0,0,0,0,0,0,1.13119214275021,0.0211497647806931,-0.0063413394088724
32.370880338873,0.794524129604756,0.00564219731810044,-0.00382396599054868,-0.0120659300274341,0.012003673879334,-0.00747794860752134,0,0,0,0,0,0,0,0,0,1.13140332906707,0.0210864698046181,-0.00631736544389968
32.3808806108343,0.79458036207358,0.00560400760382601,-0.00381376027473201,-0.0119462637517168,0.0119289494799364,-0.00746649485401986,0,0,0,0,0,0,0,0,0,1.13161388361572,0.0210234140356567,-0.00629349899448232
32.3908808827957,0.794636213146075,0.00556592021537866,-0.00380350141135295,-0.0118273441645995,0.0118543405201856,-0.0074548613672436,0,0,0,0,0,0,0,0,0,1.1318238087829,0.0209605964015516,-0.00626973947795454
32.400881154757,0.794691683848182,0.00552793568335467,-0.00379318957956703,-0.0117091701026733,0.011779848795616,-0.00744304851774653,0,0,0,0,0,0,0,0,0,1.13203310694469,0.020898015835844,-0.0062460863562688
32.4108814267184,0.794746775211139,0.00549005453654677,-0.00378282496089895,-0.0115917403845923,0.0117054760980229,-0.00743105668277648,0,0,0,0,0,0,0,0,0,1.13224178046652,0.0208356712770381,-0.00622253911505266
32.4208816986797,0.794801488271462,0.00545227730192067,-0.00377240773924938,-0.0114750538111109,0.0116312242153955,-0.0074188862462944,0,0,0,0,0,0,0,0,0,1.13244983170323,0.0207735616689628,-0.00619909721716967
32.4308819706411,0.794855824070929,0.00541460450459097,-0.00376193810090189,-0.0113591091651226,0.0115570949318495,-0.00740653759899381,0,0,0,0,0,0,0,0,0,1.13265726299911,0.020711685960865,-0.00617576010864836
32.4408822426024,0.794909783656558,0.00537703666779757,-0.00375141623452978,-0.0112439052116985,0.0114830900275598,-0.00739401113832041,0,0,0,0,0,0,0,0,0,1.132864076688,0.0206500431076537,-0.00615252724680842
32.4508825145637,0.794963368080593,0.00533957431288147,-0.00374084233120302,-0.0111294406981282,0.0114092112786933,-0.00738130726849133,0,0,0,0,0,0,0,0,0,1.13307027509329,0.0205886320694297,-0.00612939812948112
32.4608827865251,0.795016578400479,0.00530221795926105,-0.0037302165843951,-0.0110157143539586,0.0113354604573401,-0.00736842640051455,0,0,0,0,0,0,0,0,0,1.13327586052801,0.0205274518111454,-0.00610637223635825
32.4708830584864,0.795069415678847,0.00526496812440775,-0.00371953918998989,-0.0109027248910368,0.0112618393314466,-0.00735536895220859,0,0,0,0,0,0,0,0,0,1.13348083529486,0.0204665013033081,-0.00608344902644009
32.4808833304478,0.795121880983494,0.00522782532382205,-0.00370881034628856,-0.0107904710035502,0.0111883496647462,-0.00734213534822166,0,0,0,0,0,0,0,0,0,1.13368520168627,0.0204057795216907,-0.00606062798054271
32.4908836024091,0.795173975387359,0.00519079007100936,-0.00369803025401645,-0.01067895136807,0.0111149932166921,-0.00732872602005131,0,0,0,0,0,0,0,0,0,1.13388896198446,0.0203452854471842,-0.00603790859260282
32.5008838743705,0.79522569996851,0.00515386287745548,-0.00368719911632989,-0.0105681646435941,0.0110417717423876,-0.00731514140606365,0,0,0,0,0,0,0,0,0,1.13409211846148,0.0202850180656831,-0.00601529033104293
32.5108841463318,0.795277055810117,0.00511704425260247,-0.00367631713882317,-0.0104581094715909,0.010968686992518,-0.00730138195151306,0,0,0,0,0,0,0,0,0,1.13429467337926,0.0202249763687104,-0.00599277268796369
32.5208844182932,0.795328044000435,0.00508033470382416,-0.0036653845295354,-0.010348784476044,0.0108957407132812,-0.00728744810856138,0,0,0,0,0,0,0,0,0,1.13449662898968,0.0201651593523188,-0.00597035517731193
32.5308846902545,0.795378665632784,0.00504373473640174,-0.00365440149895733,-0.0102401882634973,0.0108229346463192,-0.00727334033629751,0,0,0,0,0,0,0,0,0,1.13469798753459,0.0201055660177526,-0.00594803728080405
32.5408849622158,0.795428921805524,0.00500724485349908,-0.00364336826003829,-0.0101323194231004,0.0107502705286479,-0.00725905910075675,0,0,0,0,0,0,0,0,0,1.1348987512459,0.0200461953714303,-0.00592581849533076
32.5508852341772,0.795478813622037,0.0049708655561382,-0.003632285028193,-0.010025176526656,0.0106777500925878,-0.0072446048749403,0,0,0,0,0,0,0,0,0,1.1350989223456,0.0199870464246588,-0.00590369830712589
32.5608855061385,0.795528342190705,0.00493459734317458,-0.00362115202130861,-0.0099187581286671,0.0106053750656948,-0.00722997813883472,0,0,0,0,0,0,0,0,0,1.13529850304581,0.0199281181941323,-0.00588167621808968
32.5708857780999,0.795577508624887,0.00489844071127229,-0.00360996945975135,-0.00981306276638436,0.0105331471706893,-0.00721517937943124,0,0,0,0,0,0,0,0,0,1.13549749554884,0.0198694097011199,-0.00585975176543822
32.5808860500612,0.795626314042899,0.00486239615487941,-0.00359873756637362,-0.00970808895985575,0.0104610681253871,-0.0072002090907454,0,0,0,0,0,0,0,0,0,1.13569590204725,0.0198109199715716,-0.00583792445423818
32.5908863220226,0.795674759567988,0.00482646416620279,-0.0035874565665207,-0.00960383521197505,0.0103891396426278,-0.00718506777383622,0,0,0,0,0,0,0,0,0,1.13589372472388,0.0197526480366555,-0.0058161937549418
32.6008865939839,0.795722846328315,0.00479064523518344,-0.00357612668803777,-0.00950030000853236,0.0103173634302055,-0.0071697559368259,0,0,0,0,0,0,0,0,0,1.1360909657519,0.019694592932913,-0.00579455918927523
32.6108868659453,0.795770575456928,0.0047549398494712,-0.00356474816127668,-0.00939748181826486,0.0102457411907975,-0.00715427409491917,0,0,0,0,0,0,0,0,0,1.13628762729487,0.0196367537010778,-0.00577302031720468
32.6208871379066,0.795817948091737,0.00471934849439987,-0.00355332121910296,-0.00929537909290892,0.0101742746218933,-0.00713862277042262,0,0,0,0,0,0,0,0,0,1.1364837115068,0.0195791293864922,-0.00575157664338434
32.630887409868,0.795864965375499,0.00468387165296183,-0.00354184609690251,-0.00919399026725096,0.0101029654157234,-0.00712280249276431,0,0,0,0,0,0,0,0,0,1.13667922053214,0.0195217190397971,-0.00573022763853833
32.6408876818293,0.795911628455785,0.00464850980578303,-0.00353032303258864,-0.00909331375918182,0.0100318152591887,-0.00710681379851306,0,0,0,0,0,0,0,0,0,1.1368741565059,0.0194645217169206,-0.00570897286561762
32.6508879537906,0.795957938484964,0.00461326343109744,-0.00351875226660894,-0.0089933479697496,0.0099608258337882,-0.00709065723139799,0,0,0,0,0,0,0,0,0,1.13706852155367,0.0194075364772449,-0.00568781188624562
32.660888225752,0.796003896620171,0.00457813300472185,-0.00350713404195204,-0.00889409128321444,0.00988999881554728,-0.0070743333423279,0,0,0,0,0,0,0,0,0,1.13726231779164,0.0193507623854657,-0.0056667441644209
32.6708884977133,0.796049504023292,0.00454311900003031,-0.00349546860415462,-0.00879554206710298,0.00981933587494659,-0.00705784268941076,0,0,0,0,0,0,0,0,0,1.1374555473267,0.0192941985116857,-0.0056457692612875
32.6808887696747,0.79609476186093,0.00450822188792875,-0.00348375620130821,-0.00869769867226519,0.00974883867684924,-0.00704118583797311,0,0,0,0,0,0,0,0,0,1.13764821225643,0.019237843929378,-0.00562488673513189
32.690889041636,0.796139671304389,0.00447344213682928,-0.00347199708406611,-0.00860055943293012,0.00967850888042875,-0.00702436336057948,0,0,0,0,0,0,0,0,0,1.13784031466918,0.0191816977174796,-0.00560409607061851
32.7008893135974,0.796184233529641,0.00443878021262452,-0.00346019150565026,-0.00850412266676306,0.00960834813909655,-0.00700737583705191,0,0,0,0,0,0,0,0,0,1.13803185664414,0.0191257589597706,-0.00558339684119029
32.7108895855587,0.796228449717306,0.004404236578662,-0.0034483397218581,-0.00840838667492461,0.00953835810042953,-0.00699022385448927,0,0,0,0,0,0,0,0,0,1.13822284025131,0.0190700267437195,-0.00556278860368461
32.7208898575201,0.796272321052626,0.00436981169571826,-0.00343644199106949,-0.00831334974212766,0.00946854040609656,-0.00697290800728674,0,0,0,0,0,0,0,0,0,1.13841326755163,0.01901450016197,-0.00554227085809656
32.7308901294814,0.796315848725436,0.00433550602197302,-0.00342449857425357,-0.00821901013669868,0.00939889669178621,-0.00695542889715541,0,0,0,0,0,0,0,0,0,1.13860314059697,0.0189591783119907,-0.00552184317556299
32.7408904014427,0.796359033930139,0.00430132001298333,-0.00341250973497559,-0.00812536611063666,0.00932942858713304,-0.00693778713314147,0,0,0,0,0,0,0,0,0,1.1387924614302,0.0189040602950029,-0.0055015051231203
32.7508906734041,0.796401877865684,0.00426725412165741,-0.00340047573940388,-0.00803241589967432,0.00926013771564405,-0.00691998333164576,0,0,0,0,0,0,0,0,0,1.13898123208522,0.0188491452171349,-0.00548125623527645
32.7608909453654,0.796444381735533,0.00423330879822876,-0.00338839685631668,-0.00794015772333964,0.00919102569462537,-0.0069020181164432,0,0,0,0,0,0,0,0,0,1.13916945458702,0.0187944321889178,-0.00546109607252259
32.7708912173268,0.796486546747637,0.00419948449022988,-0.00337627335710901,-0.00784858978501898,0.00912209413510812,-0.00688389211870228,0,0,0,0,0,0,0,0,0,1.13935713095172,0.0187399203252704,-0.00544102416780731
32.7808914892881,0.796528374114411,0.00416578164246621,-0.00336410551579956,-0.0077577102720191,0.00905334464177467,-0.00686560597700445,0,0,0,0,0,0,0,0,0,1.13954426318659,0.0186856087460651,-0.00542104009071927
32.7908917612495,0.796569865052702,0.00413220069698969,-0.00335189360903764,-0.00766751735563168,0.00898477881288423,-0.00684716033736351,0,0,0,0,0,0,0,0,0,1.13973085329016,0.0186314965748293,-0.00540114344027438
32.8008920332108,0.796611020783765,0.00409874209307263,-0.0033396379161099,-0.007578009191198,0.00891639824019843,-0.0068285558532452,0,0,0,0,0,0,0,0,0,1.13991690325218,0.0185775829394552,-0.00538133375641808
32.8108923051722,0.796651842533234,0.00406540626718102,-0.00332733871894738,-0.00748918391817416,0.00884820450890653,-0.00680979318558635,0,0,0,0,0,0,0,0,0,1.14010241505372,0.0185238669726714,-0.00536161058087507
32.8208925771335,0.796692331531093,0.00403219365294839,-0.00331499630213224,-0.00740103966019645,0.00878019919755112,-0.00679087300281469,0,0,0,0,0,0,0,0,0,1.14028739066719,0.018470347811536,-0.00534197348900858
32.8308928490948,0.796732489011648,0.0039991046811489,-0.00330261095290482,-0.00731357452514966,0.00871238387795259,-0.00677179598086808,0,0,0,0,0,0,0,0,0,1.14047183205639,0.0184170245972706,-0.00532242208804972
32.8408931210562,0.796772316213499,0.00396613977967109,-0.00329018296117031,-0.00722678660523349,0.00864476011513431,-0.00675256280321384,0,0,0,0,0,0,0,0,0,1.14065574117657,0.0183638964747889,-0.00530295594902048
32.8508933930175,0.79681181437951,0.00393329937349087,-0.00327771261950582,-0.00714067397703103,0.00857732946724676,-0.00673317416086847,0,0,0,0,0,0,0,0,0,1.14083911997443,0.0183109625938922,-0.00528357459820163
32.8608936649789,0.796850984756782,0.00390058388464505,-0.0032652002231671,-0.00705523470157882,0.00851009348549257,-0.00671363075241685,0,0,0,0,0,0,0,0,0,1.1410219703882,0.0182582221089688,-0.00526427765516929
32.8708939369402,0.796889828596619,0.00386799373220426,-0.00325264607009556,-0.00697046682443536,0.00844305371405037,-0.00669393328403186,0,0,0,0,0,0,0,0,0,1.14120429434767,0.0182056741774287,-0.00524506471726618
32.8808942089016,0.796928347154502,0.00383552933224621,-0.00324005046092501,-0.00688636837575266,0.0083762116899984,-0.00667408246949354,0,0,0,0,0,0,0,0,0,1.14138609377423,0.0181533179617137,-0.00522593529056303
32.8908944808629,0.796966541690059,0.00380319109782872,-0.00322741369898869,-0.00680293737034715,0.00830956894323934,-0.00665407903020894,0,0,0,0,0,0,0,0,0,1.14156737058091,0.0181011526291126,-0.00520688901948224
32.9008947528243,0.797004413467031,0.00377097943896265,-0.00321473609032605,-0.00672017180777265,0.00824312699642328,-0.00663392369523122,0,0,0,0,0,0,0,0,0,1.14174812667243,0.018049177349179,-0.00518792552323774
32.9108950247856,0.797041963753246,0.00373889476258486,-0.00320201794368962,-0.00663806967239164,0.00817688736487096,-0.00661361720127923,0,0,0,0,0,0,0,0,0,1.14192836394525,0.0179973912968175,-0.00516904432303094
32.9208952967469,0.797079193820586,0.00370693747253092,-0.00318925957055196,-0.00655662893345069,0.00811085155649759,-0.00659316029275686,0,0,0,0,0,0,0,0,0,1.14210808428756,0.0179457936511579,-0.00515024503649625
32.9308955687083,0.797116104944953,0.00367510796950809,-0.00317646128511248,-0.00647584754515396,0.00804502107173559,-0.00657255372177254,0,0,0,0,0,0,0,0,0,1.14228728957939,0.0178943835947524,-0.00513152725707116
32.9408958406696,0.797152698406244,0.00364340665106778,-0.00316362340430437,-0.00639572344673864,0.0079793974034575,-0.00655179824815884,0,0,0,0,0,0,0,0,0,1.14246598169262,0.0178431603148624,-0.00511289059437042
32.950896112631,0.797188975488314,0.0036118339115783,-0.00315074624780142,-0.00631625456255075,0.00791398203689854,-0.00653089463949154,0,0,0,0,0,0,0,0,0,1.14264416249099,0.0177921230018478,-0.00509433464295369
32.9608963845923,0.797224937478947,0.00358039014219747,-0.00313783013802499,-0.0062374388021223,0.00784877644957916,-0.00650984367110938,0,0,0,0,0,0,0,0,0,1.14282183383019,0.0177412708510791,-0.00507585897437631
32.9708966565537,0.797260585669819,0.00354907573084494,-0.00312487540015073,-0.0061592740602483,0.00778378211122746,-0.0064886461261333,0,0,0,0,0,0,0,0,0,1.14299899755789,0.0176906030614854,-0.00505746322474238
32.980896928515,0.797295921356474,0.0035178910621748,-0.00311188236211566,-0.00608175821706575,0.00771900048370096,-0.00646730279548617,0,0,0,0,0,0,0,0,0,1.14317565551374,0.0176401188357152,-0.00503914700684736
32.9908972004764,0.797330945838283,0.0034868365175478,-0.00309885135462493,-0.00600488913813219,0.00765443302090881,-0.00644581447791175,0,0,0,0,0,0,0,0,0,1.14335180952947,0.0175898173804421,-0.00502090990556278
33.0008974724377,0.797365660418414,0.00345591247500372,-0.00308578271115869,-0.00592866467450523,0.00759008116873305,-0.00642418197999465,0,0,0,0,0,0,0,0,0,1.14352746142885,0.0175396979066172,-0.00500275149544791
33.0108977443991,0.7974000664038,0.00342511930923347,-0.00307267676797902,-0.00585308266282469,0.00752594636495068,-0.00640240611617942,0,0,0,0,0,0,0,0,0,1.14370261302784,0.0174897596294231,-0.00498467144553641
33.0208980163604,0.797434165105104,0.00339445739155137,-0.0030595338641368,-0.00577814092539253,0.00746203003915455,-0.00638048770879002,0,0,0,0,0,0,0,0,0,1.14387726613452,0.0174400017664306,-0.0049666694036693
33.0308982883217,0.797467957836686,0.00336392708986719,-0.00304635434147859,-0.00570383727025561,0.00739833361267448,-0.00635842758804951,0,0,0,0,0,0,0,0,0,1.14405142254918,0.0173904235398655,-0.00494874489365204
33.0408985602831,0.797501445916565,0.00333352876865808,-0.00303313854465346,-0.00563016949128894,0.0073348584984982,-0.00633622659209916,0,0,0,0,0,0,0,0,0,1.14422508406436,0.0173410241768229,-0.00493089752939166
33.0508988322444,0.797534630666392,0.00330326278894055,-0.00301988682111994,-0.00555713536827915,0.00727160610119245,-0.00631388556701809,0,0,0,0,0,0,0,0,0,1.14439825246489,0.0172918029072506,-0.00491312701669521
33.0608991042058,0.797567513411406,0.00327312950824235,-0.0030065995211529,-0.00548473266700911,0.00720857781682278,-0.00629140536684263,0,0,0,0,0,0,0,0,0,1.14457092952791,0.0172427589641277,-0.00489543297447131
33.0708993761671,0.797600095480408,0.00324312928057435,-0.00299327699785033,-0.00541295913934411,0.00714577503287446,-0.00626878685358592,0,0,0,0,0,0,0,0,0,1.1447431170229,0.0171938915850241,-0.00487781495538285
33.0808996481285,0.79763237820572,0.00321326245640223,-0.00297991960714036,-0.00534181252331675,0.00708319912817253,-0.00624603089725693,0,0,0,0,0,0,0,0,0,1.14491481671176,0.0171452000118658,-0.00486027257616783
33.0908999200898,0.79766436292315,0.00318352938261794,-0.00296652770778803,-0.00527129054321518,0.00702085147280151,-0.00622313837588052,0,0,0,0,0,0,0,0,0,1.1450860303488,0.0170966834898883,-0.00484280555029471
33.1009001920512,0.797696050971958,0.00315393040251159,-0.00295310166140222,-0.00520139090966984,0.00695873342802531,-0.0062001101755163,0,0,0,0,0,0,0,0,0,1.14525675968083,0.0170483412667481,-0.00482541347453014
33.1109004640125,0.797727443694818,0.00312446585574284,-0.00293964183244253,-0.00513211131974309,0.00689684634620655,-0.00617694719027843,0,0,0,0,0,0,0,0,0,1.14542700644712,0.0170001725957458,-0.00480809592595312
33.1209007359738,0.797758542437784,0.00309513607831239,-0.00292614858822616,-0.00506344945701803,0.00683519157072666,-0.00615365032235484,0,0,0,0,0,0,0,0,0,1.14559677237953,0.0169521767329966,-0.00479085262671864
33.1309010079352,0.797789348550251,0.00306594140253329,-0.0029126222989347,-0.00499540299168852,0.00677377043590382,-0.00613022048202687,0,0,0,0,0,0,0,0,0,1.14576605920245,0.016904352937358,-0.00477368316107092
33.1409012798965,0.797819863384917,0.00303688215700237,-0.00289906333762123,-0.00492796958065081,0.00671258426691298,-0.00610665858768851,0,0,0,0,0,0,0,0,0,1.14593486863293,0.0168567004732606,-0.00475658714015418
33.1509015518579,0.79785008829775,0.00300795866657142,-0.00288547208021694,-0.00486114686759492,0.00665163437970427,-0.00608296556586597,0,0,0,0,0,0,0,0,0,1.14610320238066,0.0168092186073392,-0.00473956425871876
33.1609018238192,0.797880024647945,0.00297917125231843,-0.00287184890553817,-0.0047949324830977,0.00659092208092142,-0.00605914235123709,0,0,0,0,0,0,0,0,0,1.146271062148,0.0167619066101297,-0.00472261416347035
33.1709020957806,0.797909673797892,0.00295052023151859,-0.00285819419529327,-0.00472932404471615,0.00653044866782038,-0.0060351898866508,0,0,0,0,0,0,0,0,0,1.14643844963004,0.0167147637553328,-0.00470573649518838
33.1809023677419,0.797939037113133,0.00292200591761555,-0.00284450833408944,-0.00466431915708115,0.0064702154281873,-0.00601110912314649,0,0,0,0,0,0,0,0,0,1.14660536651464,0.016667789320669,-0.00468893083509065
33.1909026397033,0.797968115962324,0.00289362862019213,-0.00283079170943961,-0.00459991541199342,0.00641022364025674,-0.00598690101997346,0,0,0,0,0,0,0,0,0,1.14677181448245,0.0166209825882151,-0.00467219681852675
33.2009029116646,0.797996911717201,0.00286538864494144,-0.00281704471176937,-0.0045361103885192,0.00635047457262948,-0.00596256654461045,0,0,0,0,0,0,0,0,0,1.14693779520694,0.0165743428429846,-0.00465553422205562
33.2109031836259,0.798025425752533,0.00283728629363749,-0.00280326773442381,-0.0044729016530865,0.00629096948418988,-0.00593810667278488,0,0,0,0,0,0,0,0,0,1.14710331035447,0.0165278693715233,-0.00463894269264566
33.2209034555873,0.79805365944609,0.00280932186410638,-0.0027894611736744,-0.00441028675958338,0.00623170962402329,-0.00591352238849259,0,0,0,0,0,0,0,0,0,1.14726836158425,0.0164815614659055,-0.00462242169213177
33.2309037275486,0.7980816141786,0.00278149565019645,-0.00277562542872591,-0.00434826324945603,0.00617269623133365,-0.00588881468401706,0,0,0,0,0,0,0,0,0,1.14743295054848,0.0164354184234406,-0.0046059710179399
33.24090399951,0.79810929133371,0.00275380794174929,-0.00276176090172317,-0.00428682865180788,0.00611393053536036,-0.00586398455994881,0,0,0,0,0,0,0,0,0,1.14759707889232,0.0163894395402546,-0.00458959040724788
33.2509042714713,0.798136692297944,0.00272625902457032,-0.00274786799775819,-0.00422598048349992,0.00605541375529464,-0.00583903302520499,0,0,0,0,0,0,0,0,0,1.14776074825387,0.0163436241189133,-0.0045732793687529
33.2609045434327,0.798163818460666,0.00269884918039896,-0.00273394712487671,-0.00416571624925141,0.00599714710019692,-0.00581396109704878,0,0,0,0,0,0,0,0,0,1.14792396026436,0.0162979714653691,-0.0045570375852449
33.270904815394,0.798190671214033,0.00267157868687943,-0.00271999869408542,-0.00410603344174165,0.00593913176891261,-0.00578876980110876,0,0,0,0,0,0,0,0,0,1.14808671654802,0.0162524808885323,-0.00454086475756032
33.2809050873554,0.798217251952963,0.00264444781753085,-0.00270602311935856,-0.00404692954171271,0.00588136894998912,-0.00576346017139843,0,0,0,0,0,0,0,0,0,1.14824901872223,0.0162071517003386,-0.00452476058732912
33.2909053593167,0.798243562075084,0.00261745684171763,-0.00269202081764498,-0.00398840201807246,0.00582385982159076,-0.00573803325033553,0,0,0,0,0,0,0,0,0,1.14841086839746,0.0161619832156657,-0.00450872467682678
33.300905631278,0.7982696029807,0.00259060602461963,-0.00267799220887492,-0.00393044832799977,0.0057666055514157,-0.00571249008876168,0,0,0,0,0,0,0,0,0,1.14857226717741,0.0161169747544044,-0.0044927566891388
33.3109059032394,0.798295376072744,0.00256389562720252,-0.00266393771596697,-0.00387306591704759,0.00570960729661132,-0.00568683174596151,0,0,0,0,0,0,0,0,0,1.14873321665894,0.0160721256381707,-0.00447685635533129
33.3209061752007,0.79832088275674,0.00253732590618752,-0.00264985776483487,-0.00381625221925161,0.00565286620368927,-0.00566105928968253,0,0,0,0,0,0,0,0,0,1.14889371843217,0.016027435192234,-0.00446102331900877
33.3309064471621,0.798346124440753,0.00251089711402167,-0.00263575278439443,-0.00376000465723486,0.00559638340844108,-0.00563517379615417,0,0,0,0,0,0,0,0,0,1.14905377408047,0.0159829027453387,-0.00444525722187999
33.3409067191234,0.798371102535357,0.00248460949884774,-0.00262162320657043,-0.0037043206423161,0.00554016003585342,-0.00560917635010733,0,0,0,0,0,0,0,0,0,1.14921338518054,0.0159385276299201,-0.00442955773201981
33.3509069910848,0.798395818453582,0.00245846330447396,-0.00260746946630349,-0.00364919757461851,0.00548419720002257,-0.00558306804479402,0,0,0,0,0,0,0,0,0,1.14937255330239,0.0158943091813613,-0.00441392460879219
33.3609072630461,0.798420273610875,0.00243245877034393,-0.00259329200155683,-0.0035946328431784,0.00542849600406932,-0.00555684998200647,0,0,0,0,0,0,0,0,0,1.14953128000944,0.0158502467369105,-0.004398357508602
33.3709075350075,0.798444469425056,0.00240659613150652,-0.00257909125332343,-0.00354062382605674,0.00537305754005348,-0.00553052327209681,0,0,0,0,0,0,0,0,0,1.14968956685844,0.0158063396388229,-0.00438285599209996
33.3809078069688,0.798468407316273,0.00238087561858517,-0.00256486766563258,-0.00348716789044809,0.00531788288888821,-0.0055040890339965,0,0,0,0,0,0,0,0,0,1.14984741539964,0.0157625872331337,-0.00436741984725207
33.3909080789302,0.79849208870696,0.0023552974577478,-0.00255062168555699,-0.00343426239279473,0.00526297312025414,-0.00547754839523556,0,0,0,0,0,0,0,0,0,1.15000482717673,0.0157189888663391,-0.00435204883231766
33.4009083508915,0.798515515021788,0.00232986187067621,-0.0025363537632196,-0.00338190467889743,0.00520832929251294,-0.00545090249196229,0,0,0,0,0,0,0,0,0,1.15016180372688,0.0156755438893093,-0.00433674250710895
33.4109086228528,0.798538687687622,0.0023045690745356,-0.00252206435180043,-0.00333009208403112,0.00515395245262148,-0.00542415246896247,0,0,0,0,0,0,0,0,0,1.1503183465808,0.0156322516573442,-0.00432150054219214
33.4209088948142,0.798561608133478,0.00227941928194389,-0.00250775390754348,-0.00327882193305692,0.00509984363604526,-0.00539729947967893,0,0,0,0,0,0,0,0,0,1.15047445726277,0.0155891115279032,-0.00430632269666302
33.4309091667755,0.798584277790474,0.00225441270094109,-0.00249342288976362,-0.00322809154053968,0.00504600386667163,-0.00537034468623102,0,0,0,0,0,0,0,0,0,1.15063013729063,0.0155461228611044,-0.00429120869048143
33.4409094387369,0.798606698091786,0.0022295495349586,-0.00247907176085353,-0.00317789821086345,0.00499243415672295,-0.00534328925943387,0,0,0,0,0,0,0,0,0,1.15078538817588,0.0155032850200078,-0.00427615813509039
33.4509097106982,0.798628870472602,0.00220482998278831,-0.00246470098629041,-0.00312823923834821,0.00493913550666941,-0.00531613437881806,0,0,0,0,0,0,0,0,0,1.15094021142362,0.0154605973725031,-0.00426117072658657
33.4609099826596,0.798650796370072,0.00218025423855169,-0.00245031103464303,-0.00307911190736776,0.0048861089051422,-0.00528888123264882,0,0,0,0,0,0,0,0,0,1.1510946085327,0.0154180592877286,-0.00424624624626289
33.4709102546209,0.798672477223267,0.00215582249166909,-0.00243590237757851,-0.00303051349246961,0.00483335532884553,-0.00526153101794567,0,0,0,0,0,0,0,0,0,1.15124858099561,0.0153756701379482,-0.00423138436966533
33.4809105265823,0.798693914473127,0.00213153492682834,-0.00242147548986929,-0.00298244125849342,0.00478087574246936,-0.00523408494050181,0,0,0,0,0,0,0,0,0,1.15140213029863,0.0153334292987894,-0.00421658472102008
33.4909107985436,0.798715109562414,0.00210739172395408,-0.00240703084939987,-0.00293489246069212,0.00472867109860133,-0.00520654421490347,0,0,0,0,0,0,0,0,0,1.15155525792178,0.0152913361500317,-0.00420184699253535
33.5009110705049,0.798736063935668,0.00208339305817613,-0.00239256893717388,-0.00288786434485402,0.00467674233763907,-0.00517891006454931,0,0,0,0,0,0,0,0,0,1.15170796533894,0.0152493900734588,-0.00418717097826479
33.5109113424663,0.798756779039154,0.00205953909979871,-0.00237809023732073,-0.00284135414742318,0.00462509038770144,-0.00515118372167023,0,0,0,0,0,0,0,0,0,1.15186025401774,0.0152075904529691,-0.00417255635709839
33.5209116144276,0.798777256320817,0.00203583001426884,-0.00236359523710273,-0.0027953590956257,0.00457371616454064,-0.00512336642734819,0,0,0,0,0,0,0,0,0,1.15201212541975,0.0151659366767687,-0.0041580027937671
33.530911886389,0.798797497230232,0.00201226596214521,-0.00234908442692175,-0.00274987640759086,0.00452262057145327,-0.00509545943153626,0,0,0,0,0,0,0,0,0,1.15216358100037,0.0151244281354617,-0.00414351002766973
33.5409121583503,0.798817503218554,0.00198884709906652,-0.00233455830032632,-0.00270490329247791,0.00447180449919176,-0.00506746399307766,0,0,0,0,0,0,0,0,0,1.15231462220898,0.0150830642224662,-0.00412907781788384
33.5509124303117,0.798837275738472,0.00196557357572019,-0.00232001735401827,-0.00266043695060103,0.00442126882587502,-0.00503938137972538,0,0,0,0,0,0,0,0,0,1.15246525048884,0.0150418443332049,-0.00411470575335716
33.560912702273,0.798856816244154,0.00194244553781062,-0.00230546208785985,-0.00261647457355726,0.00437101441689951,-0.00501121286816155,0,0,0,0,0,0,0,0,0,1.15261546727724,0.0150007678693172,-0.00410039349830547
33.5709129742344,0.798876126191203,0.00191946312602755,-0.00229089300488036,-0.0025730133443525,0.00432104212484996,-0.00498295974401679,0,0,0,0,0,0,0,0,0,1.15276527400549,0.0149598342329417,-0.00408614102857737
33.5809132461957,0.798895207036601,0.00189662647601455,-0.00227631061128333,-0.0025300504375316,0.00427135278940952,-0.00495462330188994,0,0,0,0,0,0,0,0,0,1.1529146720989,0.0149190428262009,-0.00407194796447442
33.5909135181571,0.798914060238663,0.00187393571833716,-0.00226171541645304,-0.00248758301930696,0.00422194723726989,-0.00492620484536717,0,0,0,0,0,0,0,0,0,1.15306366297682,0.0148783930588273,-0.00405781380338067
33.6009137901184,0.798932687256983,0.00185139097845085,-0.00224710793296178,-0.00244560824768966,0.00417282628204184,-0.00489770568704171,0,0,0,0,0,0,0,0,0,1.15321224805277,0.0148378843429962,-0.00404373842791136
33.6109140620797,0.798951089552386,0.00182899237666934,-0.0022324886765764,-0.00240412327261946,0.00412399072416459,-0.00486912714853288,0,0,0,0,0,0,0,0,0,1.15336042873434,0.014797516090788,-0.00402972162377771
33.6209143340411,0.798969268586872,0.00180674002813254,-0.00221785816626541,-0.00236312523609838,0.00407544135081561,-0.00484047056050598,0,0,0,0,0,0,0,0,0,1.15350820642329,0.0147572877186637,-0.00401576302432875
33.6309146060024,0.798987225823567,0.00178463404277447,-0.00220321692420576,-0.00232261127232292,0.00402717893581995,-0.00481173726269156,0,0,0,0,0,0,0,0,0,1.15365558251554,0.0147171986460368,-0.00400186236263084
33.6409148779638,0.79900496272667,0.00176267452529121,-0.00218856547578972,-0.00228257850781777,0.00397920423955976,-0.00478292860390469,0,0,0,0,0,0,0,0,0,1.15380255840123,0.0146772482947073,-0.003988019319224
33.6509151499251,0.799022480761403,0.00174086157510865,-0.00217390434963184,-0.00224302406157245,0.00393151800888301,-0.00475404594206475,0,0,0,0,0,0,0,0,0,1.15394913546472,0.0146374360904782,-0.00397423370479263
33.6609154218865,0.799039781393952,0.00171919528635019,-0.00215923407757569,-0.00220394504517468,0.0038841209770127,-0.00472509064421435,0,0,0,0,0,0,0,0,0,1.15409531508467,0.0145977614589356,-0.00396050521877562
33.6709156938478,0.79905686609142,0.00169767574780461,-0.0021445551947009,-0.00216533856294837,0.00383701386345496,-0.00469606408653937,0,0,0,0,0,0,0,0,0,1.15424109863395,0.014558223831894,-0.00394683352035296
33.6809159658091,0.799073736321772,0.00167630304289334,-0.00212986823932992,-0.00212720171209205,0.0037901973739084,-0.00466696765438793,0,0,0,0,0,0,0,0,0,1.15438648747986,0.0145188226417562,-0.00393321851656908
33.6909162377705,0.799090393553777,0.00165507724963847,-0.00211517375303494,-0.0020895315828155,0.00374367220017143,-0.00463780274229004,0,0,0,0,0,0,0,0,0,1.1545314829839,0.0144795573221958,-0.00391965971558314
33.7009165097318,0.79910683925696,0.0016339984406297,-0.00210047228064475,-0.00205232525848026,0.00369743902005092,-0.00460857075397717,0,0,0,0,0,0,0,0,0,1.15467608650206,0.0144404273154527,-0.00390615682845009
33.7109167816932,0.799123074901544,0.00161306668299199,-0.00208576437025173,-0.00201557981574077,0.0036514984972701,-0.00457927310240118,0,0,0,0,0,0,0,0,0,1.15482029938469,0.0144014320609795,-0.00389270990298987
33.7209170536545,0.799139101958394,0.00159228203835306,-0.00207105057321853,-0.00197929232468413,0.00360585128137613,-0.00454991120975445,0,0,0,0,0,0,0,0,0,1.15496412297655,0.0143625710000597,-0.00387931852037727
33.7309173256159,0.799154921898967,0.00157164456281043,-0.00205633144418516,-0.00194345984897362,0.00356049800764731,-0.00452048650748871,0,0,0,0,0,0,0,0,0,1.15510755861682,0.0143238435805226,-0.00386598225426563
33.7409175975772,0.799170536195249,0.00155115430689845,-0.00204160754107564,-0.00190807944599036,0.00351543929700071,-0.00449100043633486,0,0,0,0,0,0,0,0,0,1.15525060763922,0.0142852492521789,-0.00385270088736186
33.7509178695386,0.799185946319708,0.00153081131555586,-0.00202687942510516,-0.00187314816697948,0.00347067575589944,-0.00446145444632232,0,0,0,0,0,0,0,0,0,1.15539327137193,0.0142467874672039,-0.00383947432530208
33.7609181414999,0.79920115374523,0.00151061562809246,-0.00201214766078671,-0.0018386630571931,0.00342620797625937,-0.00443184999679837,0,0,0,0,0,0,0,0,0,1.15553555113771,0.0142084576772956,-0.0038263023585688
33.7709184134613,0.799216159945067,0.00149056727815641,-0.00199741281593812,-0.00180462115603772,0.00338203653535541,-0.00440218855644761,0,0,0,0,0,0,0,0,0,1.15567744825378,0.0141702593388199,-0.00381318444812857
33.7809186854226,0.799230966392779,0.00147066629370083,-0.00198267546168878,-0.00177101949722022,0.00333816199572881,-0.00437247160331149,0,0,0,0,0,0,0,0,0,1.15581896403202,0.0141321919142555,-0.00380012042770389
33.7909189573839,0.799245574562177,0.00145091269695083,-0.00196793617248678,-0.00173785510889571,0.0032945849050931,-0.00434270062480773,0,0,0,0,0,0,0,0,0,1.15596009977889,0.0140942548632941,-0.0037871101985949
33.8009192293453,0.799259985927264,0.00143130650437039,-0.00195319552610547,-0.00170512501381756,0.00325130579624028,-0.00431287711774966,0,0,0,0,0,0,0,0,0,1.15610085679547,0.0140564476503885,-0.00377415337805136
33.8109195013066,0.799274201962181,0.00141184772662875,-0.00193845410365058,-0.00167282622948473,0.00320832518694655,-0.00428300258836575,0,0,0,0,0,0,0,0,0,1.15624123637752,0.0140187697428854,-0.00376124968514707
33.820919773268,0.799288224141145,0.00139253636856736,-0.00192371248956704,-0.00164095576829468,0.00316564357987837,-0.00425307855231914,0,0,0,0,0,0,0,0,0,1.15638123981545,0.0139812206108565,-0.00374839894866592
33.8309200452293,0.799302053938394,0.00137337242916631,-0.00190897127164578,-0.00160951063769399,0.00312326146249815,-0.00422310653472667,0,0,0,0,0,0,0,0,0,1.15652086839444,0.0139437997250728,-0.00373560098210064
33.8409203171907,0.799315692828124,0.00135435590151091,-0.00189423104103068,-0.00157848784033038,0.00308117930696891,-0.00419308807017886,0,0,0,0,0,0,0,0,0,1.1566601233943,0.0139065065593363,-0.00372285536833877
33.850920589152,0.799329142284433,0.001335486772758,-0.00187949239222544,-0.00154788437420691,0.00303939757006017,-0.00416302470275908,0,0,0,0,0,0,0,0,0,1.15679900608969,0.0138693405927605,-0.0037101618775162
33.8609208611134,0.799342403781261,0.00131676502410241,-0.00186475592310052,-0.00151769723283651,0.00299791669305266,-0.00413291798606296,0,0,0,0,0,0,0,0,0,1.15693751775001,0.0138323013037448,-0.00369752039219739
33.8709211330747,0.799355478792332,0.00129819063074331,-0.00185002223489987,-0.00148792340539644,0.00295673710164306,-0.0041027694832178,0,0,0,0,0,0,0,0,0,1.15707565963946,0.0137953881737514,-0.00368493060721385
33.880921405036,0.799368368791087,0.00127976356185027,-0.00183529193224796,-0.0014585598768859,0.00291585920584854,-0.00407258076690224,0,0,0,0,0,0,0,0,0,1.15721343301711,0.0137586006872831,-0.00367239225471154
33.8909216769974,0.799381075250634,0.00126148378052958,-0.00182056562315654,-0.00142960362828232,0.00287528339991123,-0.00404235341936536,0,0,0,0,0,0,0,0,0,1.15735083913683,0.0137219383311597,-0.00365990509482956
33.9009219489587,0.799393599643677,0.00124335124379025,-0.00180584391903164,-0.00140105163669946,0.00283501006220245,-0.00401208903244642,0,0,0,0,0,0,0,0,0,1.1574878792474,0.0136854005946811,-0.00364746888808232
33.9109222209201,0.799405943442462,0.00122536590251013,-0.00179112743468035,-0.00137290087554723,0.00279503955512675,-0.00398178920759413,0,0,0,0,0,0,0,0,0,1.15762455459252,0.0136489869694569,-0.00363508340608953
33.9209224928814,0.799418108118713,0.00120752770140172,-0.00177641678831773,-0.00134514831469223,0.00275537222502551,-0.0039514555558863,0,0,0,0,0,0,0,0,0,1.15776086641079,0.013612696949355,-0.00362274847615132
33.9309227648428,0.799430095143568,0.00118983657897808,-0.00176171260157372,-0.00131779092061768,0.00271600840208047,-0.0039210896980488,0,0,0,0,0,0,0,0,0,1.15789681593576,0.0135765300294388,-0.00361046381985415
33.9409230368041,0.799441905987522,0.0011722924675189,-0.00174701549950002,-0.00129082565658567,0.0026769484002177,-0.00389069326447559,0,0,0,0,0,0,0,0,0,1.15803240439596,0.0135404857091447,-0.00359822900826447
33.9509233087655,0.799453542120359,0.00115489529303594,-0.00173232611057686,-0.00126424948280177,0.00263819251701048,-0.00386026789524772,0,0,0,0,0,0,0,0,0,1.15816763301492,0.0135045634921151,-0.0035860440177594
33.9609235807268,0.799465005011093,0.00113764497523863,-0.00171764506672009,-0.00123805935657731,0.002599741033582,-0.00382981524015307,0,0,0,0,0,0,0,0,0,1.15830250301124,0.0134687628782588,-0.00357390875445552
33.9709238526882,0.799476296127902,0.00112054142750017,-0.0017029730032878,-0.00121225223249499,0.00256159421450856,-0.00379933695870549,0,0,0,0,0,0,0,0,0,1.15843701559845,0.0134330833730959,-0.00356182272741981
33.9809241246495,0.799487416938068,0.00110358455682262,-0.00168831055908749,-0.0011868250625742,0.0025237523077225,-0.00376883472016456,0,0,0,0,0,0,0,0,0,1.15857117198526,0.0133975244863542,-0.00354978566133193
33.9909243966108,0.799498368907909,0.00108677426380255,-0.00167365837638262,-0.00116177479643975,0.00248621554441397,-0.00373831020355469,0,0,0,0,0,0,0,0,0,1.1587049733754,0.0133620857290603,-0.00353779740053234
34.0009246685722,0.799509153502719,0.00107011044259622,-0.00165901710089982,-0.00113709838148787,0.0024489841389335,-0.00370776509768484,0,0,0,0,0,0,0,0,0,1.15883842096778,0.0133267666140553,-0.00352585795937345
34.0109249405335,0.799519772186698,0.00105359298088537,-0.00164438738183551,-0.00111279276305595,0.00241205828869431,-0.0036772011011679,0,0,0,0,0,0,0,0,0,1.15897151595641,0.0132915666520787,-0.00351396693176805
34.0209252124949,0.799530226422892,0.00103722175984221,-0.00162976987186298,-0.00108885488459226,0.00237543817407373,-0.00364661992243995,0,0,0,0,0,0,0,0,0,1.15910425953041,0.0132564853640936,-0.00350212393542959
34.0309254844562,0.799540517673128,0.00102099665409439,-0.00161516522713909,-0.00106528168782732,0.0023391239583152,-0.00361602327977991,0,0,0,0,0,0,0,0,0,1.15923665287419,0.0132215222684855,-0.00349032890287862
34.0409257564176,0.799550647397943,0.00100491753169059,-0.00160057410731129,-0.00104207011294422,0.00230311578742933,-0.00358541290132901,0,0,0,0,0,0,0,0,0,1.15936869716726,0.0131866768875669,-0.0034785815925701
34.0509260283789,0.799560617056522,0.000988984254065205,-0.00158599717552438,-0.00101921709875366,0.00226741379009594,-0.00355479052510978,0,0,0,0,0,0,0,0,0,1.15950039358448,0.0131519487445546,-0.00346688189713727
34.0609263003402,0.799570428106634,0.000973196676003665,-0.00157143509842756,-0.000996719582865513,0.00223201807756418,-0.00352415789904617,0,0,0,0,0,0,0,0,0,1.1596317432958,0.0131173373639085,-0.0034552293641888
34.0709265723016,0.799580082004559,0.000957554645606963,-0.00155688854618111,-0.00097457450186561,0.00219692874355409,-0.00349351678098244,0,0,0,0,0,0,0,0,0,1.15976274746657,0.0130828422778932,-0.00344362387081983
34.0809268442629,0.799589580205026,0.000942058004256834,-0.0015423581924634,-0.00095277879149,0.00216214586415718,-0.00346286893870294,0,0,0,0,0,0,0,0,0,1.15989340725741,0.0130484630134269,-0.00343206526706873
34.0909271162243,0.799598924161144,0.000926706586580513,-0.00152784471447776,-0.000931329386802404,0.00212766949773679,-0.00343221614995126,0,0,0,0,0,0,0,0,0,1.1600237238242,0.0130141991057737,-0.00342055318014842
34.1009273881856,0.799608115324333,0.00091150022041514,-0.00151334879295931,-0.000910223222372525,0.00209349968482851,-0.00340156020244998,0,0,0,0,0,0,0,0,0,1.16015369831824,0.0129800500893075,-0.00340908765520483
34.110927660147,0.79961715514426,0.000896438726772829,-0.00149887111218182,-0.000889457232453705,0.00205963644804007,-0.00337090289391974,0,0,0,0,0,0,0,0,0,1.16028333188613,0.0129460154983894,-0.00339766833000528
34.1209279321083,0.799626045068765,0.00088152191980493,-0.00148441235996468,-0.000869028351163481,0.00202607979195147,-0.00334024603209906,0,0,0,0,0,0,0,0,0,1.16041262566984,0.0129120948746385,-0.00338629482033883
34.1309282040697,0.799634786543796,0.000866749606766831,-0.00146997322767978,-0.000848933512663519,0.00199282970301507,-0.00330959143476353,0,0,0,0,0,0,0,0,0,1.1605415808068,0.0128782877601001,-0.00337496710765666
34.140928476031,0.79964338101334,0.000852121587981973,-0.00145555441025827,-0.000829169651343553,0.00195988614945419,-0.00327894092974545,0,0,0,0,0,0,0,0,0,1.16067019842984,0.0128445936967641,-0.00336368503043016
34.1509287479924,0.79965182991935,0.000837637656806556,-0.00144115660619754,-0.000809733702000576,0.00192724908116293,-0.00324829635495285,0,0,0,0,0,0,0,0,0,1.1607984796672,0.0128110122299068,-0.003352448170456
34.1609290199537,0.79966013470168,0.000823297599593882,-0.00142678051756804,-0.00079062260002663,0.00189491842960586,-0.00321765955838951,0,0,0,0,0,0,0,0,0,1.16092642564264,0.0127775429098824,-0.00334125639386026
34.170929291915,0.79966829679801,0.000809101195658343,-0.00141242685002028,-0.000771833281590667,0.00186289410771623,-0.00318703239817398,0,0,0,0,0,0,0,0,0,1.16105403747539,0.0127441852846445,-0.00333010965701441
34.1809295638764,0.79967631764378,0.000795048217239705,-0.00139809631279151,-0.000753362683825615,0.00183117600979468,-0.00315641674255905,0,0,0,0,0,0,0,0,0,1.16118131628018,0.0127109389054199,-0.00331900770200921
34.1909298358377,0.799684198672115,0.000781138429467192,-0.00138378961871283,-0.000735207745014815,0.00179976401140821,-0.0031258144699515,0,0,0,0,0,0,0,0,0,1.16130826316727,0.0126778033253207,-0.0033079502531995
34.2009301077991,0.799691941313758,0.000767371590323772,-0.00136950748421585,-0.000717365404780901,0.00176865796928872,-0.00309522746893123,0,0,0,0,0,0,0,0,0,1.16143487924243,0.0126447781010867,-0.00329693691082275
34.2109303797604,0.799699546996991,0.000753747450609479,-0.00135525062933976,-0.000699832604272504,0.00173785772123027,-0.00306465763827064,0,0,0,0,0,0,0,0,0,1.16156116560707,0.0126118627938254,-0.00328596754642886
34.2209306517218,0.799707017147574,0.000740265753905879,-0.00134101977773798,-0.000682606286356774,0.00170736308598801,-0.00303410688695441,0,0,0,0,0,0,0,0,0,1.16168712335819,0.0125790569628458,-0.00327504228635335
34.2309309236831,0.799714353188662,0.000726926236539714,-0.00132681565668541,-0.00066568339580797,0.00167717386317558,-0.00300357713419879,0,0,0,0,0,0,0,0,0,1.16181275358837,0.0125463601667286,-0.0032641608207534
34.2409311956445,0.799721556540738,0.000713728627546747,-0.00131263899708485,-0.000649060879501173,0.00164728983316261,-0.0029730703094707,0,0,0,0,0,0,0,0,0,1.16193805738577,0.0125137719709797,-0.00325332267025749
34.2509314676058,0.79972862862154,0.000700672648635145,-0.0012984905334743,-0.000632735686603686,0.00161771075697218,-0.00294258835250768,0,0,0,0,0,0,0,0,0,1.16206303583431,0.0124812919437674,-0.00324252771907355
34.2609317395671,0.799735570845984,0.000687758014149366,-0.0012843710040335,-0.000616704768771043,0.00158843637617797,-0.00291213321333726,0,0,0,0,0,0,0,0,0,1.16218769001351,0.0124489196529138,-0.00323177597353363
34.2709320115285,0.799742384626095,0.000674984431033601,-0.00127028115059106,-0.000600965080339244,0.00155946641280145,-0.00288170685229584,0,0,0,0,0,0,0,0,0,1.16231202099862,0.0124166546664605,-0.00322106709215064
34.2809322834898,0.799749071370927,0.000662351598795512,-0.00125622171863117,-0.000585513578523295,0.00153080056920869,-0.00285131124004887,0,0,0,0,0,0,0,0,0,1.16243602986053,0.0123844965590593,-0.00321040080382259
34.2909325554512,0.799755632486495,0.00064985920946898,-0.00124219345730065,-0.000570347223613571,0.00150243852800648,-0.00282094835760986,0,0,0,0,0,0,0,0,0,1.16255971766601,0.0123524449041742,-0.00319977728173472
34.3009328274125,0.799762069375695,0.000637506947578276,-0.00122819711941564,-0.000555462979172694,0.00147437995193939,-0.00279062019635995,0,0,0,0,0,0,0,0,0,1.16268308547739,0.0123204992729931,-0.00318919593062174
34.3109330993739,0.79976838343823,0.000625294490100736,-0.0012142334614686,-0.000540857812236339,0.0014466244837855,-0.00276032875806719,0,0,0,0,0,0,0,0,0,1.16280613435287,0.0122886592508857,-0.00317865618251864
34.3209333713352,0.799774576070535,0.000613221506430173,-0.00120030324363518,-0.000526528693513273,0.00141917174625306,-0.00273007605490625,0,0,0,0,0,0,0,0,0,1.16292886534649,0.0122569244203995,-0.00316815871983457
34.3309336432966,0.799780648665702,0.000601287658339902,-0.00118640722978104,-0.000512472597585051,0.00139202134187553,-0.00269986410947757,0,0,0,0,0,0,0,0,0,1.16305127950809,0.0122252943532556,-0.00315770347064709
34.3409339152579,0.799786602613401,0.000589492599946118,-0.00117254618746882,-0.000498686503109358,0.0013651728529075,-0.00266969495482706,0,0,0,0,0,0,0,0,0,1.16317337788317,0.01219376863344,-0.00314728906246191
34.3509341872193,0.799792439299806,0.000577835977670575,-0.00115872088796491,-0.000485167393024399,0.00133862584122065,-0.00263957063446538,0,0,0,0,0,0,0,0,0,1.16329516151323,0.0121623468601244,-0.00313691579934229
34.3609344591806,0.799798160107516,0.000566317430203439,-0.00114493210624649,-0.000471912254750906,0.0013123798481986,-0.00260949320238745,0,0,0,0,0,0,0,0,0,1.16341663143575,0.0121310286112135,-0.00312658440045572
34.3709347311419,0.799803766415476,0.000554936588466483,-0.00113118062100818,-0.000458918080399634,0.00128643439463126,-0.00257946472309164,0,0,0,0,0,0,0,0,0,1.1635377886838,0.0120998134714951,-0.00311629380448672
34.3809350031033,0.799809259598904,0.000543693075575731,-0.00111746721466917,-0.000446181866976175,0.00126078898061117,-0.0025494872715998,0,0,0,0,0,0,0,0,0,1.16365863428654,0.0120687010401009,-0.00310604355327962
34.3909352750646,0.799814641029208,0.000532586506804107,-0.00110379267337984,-0.000433700616590121,0.00123544308542714,-0.00251956293347591,0,0,0,0,0,0,0,0,0,1.16377916926904,0.012037690910982,-0.00309583396143954
34.400935547026,0.799819912073911,0.000521616489543957,-0.00109015778702896,-0.000421471336661927,0.00121039616745877,-0.00248969380484627,0,0,0,0,0,0,0,0,0,1.16389939465234,0.0120067826769777,-0.00308566513353168
34.4109358189873,0.799825074096568,0.000510782623270062,-0.00107656334925022,-0.000409491040134186,0.00118564766407118,-0.00245988199241837,0,0,0,0,0,0,0,0,0,1.16401931145334,0.0119759759299481,-0.00307553631157111
34.4209360909487,0.799830128456691,0.000500084499501889,-0.00106301015742942,-0.000397756745681016,0.00116119699150883,-0.00243012961350074,0,0,0,0,0,0,0,0,0,1.16413892068494,0.0119452702778923,-0.00306544720546743
34.43093636291,0.799835076509665,0.000489521701765798,-0.0010494990127111,-0.000386265477920783,0.00113704354478948,-0.002400438796022,0,0,0,0,0,0,0,0,0,1.1642582233562,0.0119146653184724,-0.00305539836462075
34.4409366348713,0.799839919606673,0.000479093805557808,-0.00103603072000559,-0.000375014267627372,0.00111318669759739,-0.0023708116785507,0,0,0,0,0,0,0,0,0,1.16437722047197,0.0118841606486994,-0.00304538918877505
34.4509369068327,0.799844659094609,0.000468800378305823,-0.00102260608799575,-0.000364000151945904,0.00108962580217784,-0.00234125041031432,0,0,0,0,0,0,0,0,0,1.16449591303324,0.0118537558782406,-0.00303541914727262
34.460937178794,0.799849296316004,0.000458640979331799,-0.00100922592914409,-0.000353220174607288,0.00106636018922978,-0.00231175715121929,0,0,0,0,0,0,0,0,0,1.16461430203706,0.0118234506147206,-0.00302548840642827
34.4709374507554,0.799853832608939,0.000448615159813703,-0.000995891059699267,-0.000342671386142968,0.00104338916779868,-0.0022823340718697,0,0,0,0,0,0,0,0,0,1.16473238847658,0.0117932444644803,-0.00301559726807178
34.4809377227167,0.799858269306967,0.000438722462748085,-0.000982602299703417,-0.000332350844103518,0.00102071202517017,-0.00225298335358752,0,0,0,0,0,0,0,0,0,1.16485017334096,0.0117631370291074,-0.00300574484483376
34.4909379946781,0.799862607739029,0.000428962422911815,-0.000969360472998639,-0.000322255613274813,0.000998328026762064,-0.00222370718843125,0,0,0,0,0,0,0,0,0,1.1649676576154,0.0117331279326908,-0.00299593056747423
34.5009382666394,0.799866849229373,0.000419334566823956,-0.000956166407234106,-0.000312382765900426,0.00097623641601785,-0.00219450777921606,0,0,0,0,0,0,0,0,0,1.16508484228153,0.0117032167882033,-0.00298615556413111
34.5109385386008,0.79987099509747,0.000409838412707857,-0.000943020933872836,-0.000302729381898542,0.000954436414297614,-0.00216538733953281,0,0,0,0,0,0,0,0,0,1.16520172831681,0.0116734031971704,-0.00297641934452865
34.5209388105621,0.799875046657933,0.000400473470452967,-0.00092992488819871,-0.000293292549085417,0.000932927220771304,-0.00213634809376757,0,0,0,0,0,0,0,0,0,1.1653183166949,0.0116436867823707,-0.00296672061789395
34.5309390825235,0.79987900522043,0.000391239241576524,-0.000916879109323126,-0.000284069363396811,0.00091170801231046,-0.00210739227712104,0,0,0,0,0,0,0,0,0,1.16543460838572,0.0116140671711459,-0.00295705963269772
34.5409393544848,0.799882872089603,0.000382135219185169,-0.000903884440192085,-0.000275056929113227,0.000890777943379941,-0.00207852213562822,0,0,0,0,0,0,0,0,0,1.16555060435548,0.0115845439813049,-0.00294743723696213
34.5509396264461,0.799886648564982,0.000373160887936708,-0.000890941727593001,-0.00026625235908137,0.000870136145929093,-0.00204973992617745,0,0,0,0,0,0,0,0,0,1.16566630556644,0.0115551168232286,-0.00293785290023158
34.5609398984075,0.799890335940903,0.000364315724001661,-0.000878051822161569,-0.000257652774943273,0.000849781729283407,-0.0020210479165302,0,0,0,0,0,0,0,0,0,1.16578171297703,0.0115257853253355,-0.00292830515515926
34.5709401703688,0.799893935506418,0.000355599195024592,-0.000865215578388631,-0.000249255307360696,0.000829713780035842,-0.00199244838534038,0,0,0,0,0,0,0,0,0,1.16589682754208,0.0114965491273538,-0.00291879466860662
34.5809404423302,0.799897448545214,0.000347010760085628,-0.000852433854627057,-0.000241057096243558,0.000809931361937967,-0.00196394362217369,0,0,0,0,0,0,0,0,0,1.16601165021281,0.0114674078443647,-0.00290932256835281
34.5909407142915,0.799900876335527,0.000338549869661836,-0.000839707513098721,-0.000233055290979917,0.000790433515789668,-0.00193553592752726,0,0,0,0,0,0,0,0,0,1.16612618193635,0.0114383610935402,-0.00289988717784714
34.6009409862529,0.799904220150053,0.000330215965588562,-0.000827037419901192,-0.000225247050665706,0.000771219259331086,-0.00190722761284869,0,0,0,0,0,0,0,0,0,1.16624042365627,0.0114094085234933,-0.00289048775716604
34.6109412582142,0.799907481255862,0.000322008481020333,-0.00081442444501485,-0.000217629544333964,0.000752287587132429,-0.00187902100055602,0,0,0,0,0,0,0,0,0,1.16635437631266,0.011380549766195,-0.00288112557169316
34.6209415301756,0.799910660914313,0.00031392684039222,-0.000801869462309542,-0.000210199951190093,0.000733637470483724,-0.00185091842405693,0,0,0,0,0,0,0,0,0,1.16646804084173,0.0113517844449499,-0.00287180061461746
34.6309418021369,0.799913760380966,0.000305970459380994,-0.000789373349551607,-0.00020295546084298,0.000715267857285569,-0.00182292222776799,0,0,0,0,0,0,0,0,0,1.16658141817605,0.0113231121918652,-0.00286251132358315
34.6409420740982,0.799916780905492,0.000298138744866103,-0.00077693698841067,-0.000195893273539721,0.000697177671938689,-0.00179503476713442,0,0,0,0,0,0,0,0,0,1.16669450924447,0.0112945326614934,-0.00285325742634971
34.6509423460596,0.799919723731588,0.000290431094890152,-0.000764561264466655,-0.000189010600403272,0.000679365815233484,-0.00176725840864926,0,0,0,0,0,0,0,0,0,1.16680731497264,0.0112660454913867,-0.00284404081705942
34.6609426180209,0.799922590096887,0.000282846898620383,-0.000752247067216424,-0.000182304663665672,0.00066183116423916,-0.00173959552987304,0,0,0,0,0,0,0,0,0,1.16691983628215,0.0112376502982138,-0.0028348608433374
34.6709428899823,0.799925381232866,0.00027538553630925,-0.00073999529008097,-0.000175772696909271,0.000644572572193341,-0.00171204851945297,0,0,0,0,0,0,0,0,0,1.16703207409101,0.0112093467325748,-0.00282571485779969
34.6809431619436,0.799928098364764,0.000268046379255094,-0.000727806830411967,-0.000169411945302567,0.00062758886839134,-0.00168461977714263,0,0,0,0,0,0,0,0,0,1.16714402931382,0.0111811344640874,-0.00281660367808103
34.690943433905,0.799930742711485,0.000260828789762503,-0.000715682589498978,-0.000163219665842623,0.000610878858074507,-0.00165731171382131,0,0,0,0,0,0,0,0,0,1.16725570286197,0.0111530131269986,-0.00280752987067975
34.7009437058663,0.799933315485511,0.000253732121103599,-0.000703623472575998,-0.000157193127594296,0.000594441322318974,-0.00163012675151322,0,0,0,0,0,0,0,0,0,1.16736709564274,0.0111249823395946,-0.279868306538962
34.7109439778277,0.799935817892813,0.000246755717478044,-0.000691630388828681,-0.000151329611934203,0.000578275017923885,-0.00160306732340731,0,0,0,0,0,0,0,0,0,1.16747820855989,0.00555549476949877,-0.556233989565497
34.720944249789,0.799938251132756,0.000239898913973594,-0.000679704251400916,-0.000145626412792671,0.000562378677300359,-0.00157613587387662,0,0,0,0,0,0,0,0,0,1.16747820855989,0,-0.277767184281217
34.7309445217504,0.799940616398011,0.000233161036526326,-0.000667845977401874,-0.000140080836898454,0.000546751008359179,-0.00154933485849752,0,0,0,0,0,0,0,0,0,1.16747820855989,0,0
34.7409447937117,0.799942914874463,0.000226541401881393,-0.000656056487912837,-0.000134690204024707,0.000531390694398211,-0.00152266674406921,0,0,0,0,0,0,0,0,0,1.16747820855989,0,0
34.750945065673,0.799945147741116,0.000220039317552961,-0.00064433670799421,-0.000129451847236089,0.000516296393990496,-0.00149613400863331,0,0,0,0,0,0,0,0,0,1.16747820855989,0,0
34.7609453376344,0.799947316170005,0.000213654081784212,-0.000632687566692059,-0.000124363113135156,0.000501466740872081,-0.00146973914149303,0,0,0,0,0,0,0,0,0,1.16747820855989,0,0
34.7709456095957,0.799949421326099,0.000207384983507745,-0.000621109997045393,-0.000119421362112626,0.000486900343828529,-0.00144348464323306,0,0,0,0,0,0,0,0,0,1.16747820855989,0,0
34.7809458815571,0.799951464367211,0.000201231302305684,-0.00060960493609282,-0.000114623968596961,0.000472595786582443,-0.00141737302573857,0,0,0,0,0,0,0,0,0,1.16747820855989,0,0
34.7909461535184,0.799953446443902,0.000195192308369306,-0.000598173324879429,-0.000109968321304693,0.000458551627680475,-0.00139140681221476,0,0,0,0,0,0,0,0,0,1.16747820855989,0,0
34.8009464254798,0.799955368699387,0.000189267262459096,-0.000586816108463785,-0.00010545182349489,0.0004447664003799,-0.00136558853720637,0,0,0,0,0,0,0,0,0,1.16747820855989,0,0
34.8109466974411,0.79995723226944,0.000183455415864786,-0.000575534235924612,-0.000101071893220755,0.000431238612534747,-0.0013399207466172,0,0,0,0,0,0,0,0,0,1.16747820855989,0,0
34.8209469694025,0.799959038282304,0.000177756010364766,-0.000564328660367975,-9.68259635851232e-05,0.000417966746482619,-0.00131440599772929,0,0,0,0,0,0,0,0,0,1.16747820855989,0,0
34.8309472413638,0.799960787858589,0.000172168278185961,-0.000553200338933793,-9.27114829951114e-05,0.000404949258930667,-0.00128904685922265,0,0,0,0,0,0,0,0,0,1.16747820855989,0,0
34.8409475133251,0.799962482111179,0.000166691441963504,-0.000542150232803091,-8.87259154215558e-05,0.000392184580841809,-0.00126384591119443,0,0,0,0,0,0,0,0,0,1.16747820855989,0,0
34.8509477852865,0.799964122145136,0.000161324714700255,-0.000531179307204542,-8.48667406526671e-05,0.00037967111731913,-0.00123880574517856,0,0,0,0,0,0,0,0,0,1.16747820855989,0,0
34.8609480572478,0.799965709057606,0.000156067299726129,-0.000520288531421586,-8.11314545586528e-05,0.000367407247493354,-0.00121392896416504,0,0,0,0,0,0,0,0,0,1.16747820855989,0,0
34.8709483292092,0.799967243937717,0.000150918390657652,-0.000509478878799145,-7.75175693474572e-05,0.000355391324406861,-0.00118921818261951,0,0,0,0,0,0,0,0,0,1.16747820855989,0,0
34.8809486011705,0.799968727866484,0.000145877171357355,-0.000498751326750752,-7.40226138278288e-05,0.000343621674899468,-0.00116467602650261,0,0,0,0,0,0,0,0,0,1.16747820855989,0,0
34.8909488731319,0.799970161916713,0.000140942815893157,-0.000488106856765011,-7.06441336734698e-05,0.000332096599492525,-0.00114030513328962,0,0,0,0,0,0,0,0,0,1.16747820855989,0,0
34.9009491450932,0.799971547152901,0.000136114488497166,-0.000477546454413012,-6.7379691684355e-05,0.000320814372274837,-0.00111610815198934,0,0,0,0,0,0,0,0,0,1.16747820855989,0,0
34.9109494170546,0.799972884631138,0.000131391343524981,-0.000467071109354628,-6.42268680523528e-05,0.000309773240786591,-0.00109208774316423,0,0,0,0,0,0,0,0,0,1.16747820855989,0,0
34.9209496890159,0.799974175399006,0.00012677252541525,-0.000456681815345992,-6.11832606293161e-05,0.000298971425903425,-0.00106824657894941,0,0,0,0,0,0,0,0,0,1.16747820855989,0,0
34.9309499609772,0.799975420495482,0.000122257168647971,-0.000446379570245811,-5.82464851903997e-05,0.000288407121720985,-0.00104458734307208,0,0,0,0,0,0,0,0,0,1.16747820855989,0,0
34.9409502329386,0.79997662095084,0.000117844397703938,-0.000436165376022707,-5.54141757061755e-05,0.000278078495439467,-0.00102111273087137,0,0,0,0,0,0,0,0,0,1.16747820855989,0,0
34.9509505048999,0.799977777786546,0.000113533327023109,-0.00042604023876179,-5.26839846108351e-05,0.000267983687246077,-0.000997825449317341,0,0,0,0,0,0,0,0,0,1.16747820855989,0,0
34.9609507768613,0.799978892015159,0.000109323060964076,-0.000416005168671721,-5.00535830709747e-05,0.000258120810199826,-0.000974728217030558,0,0,0,0,0,0,0,0,0,1.16747820855989,0,0
34.9709510488226,0.799979964640235,0.000105212693762229,-0.00040606118009143,-4.75206612614576e-05,0.000248487950113846,-0.000951823764301593,0,0,0,0,0,0,0,0,0,1.16747820855989,0,0
34.980951320784,0.799980996656215,0.000101201309488562,-0.000396209291497207,-4.50829286351984e-05,0.000239083165440092,-0.000929114833110261,0,0,0,0,0,0,0,0,0,1.16747820855989,0,0
34.9909515927453,0.799981989048336,9.72879820083927e-05,-0.000386450525509418,-4.27381141986649e-05,0.00022990448715104,-0.000906604177145665,0,0,0,0,0,0,0,0,0,1.16747820855989,0,0
35.0009518647067,0.799982942792518,9.34717749398115e-05,-0.00037678590889932,-4.04839667860757e-05,0.000220949918622451,-0.000884294561824754,0,0,0,0,0,0,0,0,0,1.16747820855989,0,0
35.010952136668,0.799983858855265,8.97517416122082e-05,-0.000367216472596201,-3.83182553385653e-05,0.000212217435516605,-0.000862188764312259,0,0,0,0,0,0,0,0,0,1.16747820855989,0,0
35.0209524086293,0.799984738193567,8.61269250242783e-05,-0.000357743251694045,-3.62387691784094e-05,0.000203704985665554,-0.000840289573540192,0,0,0,0,0,0,0,0,0,1.16747820855989,0,0
35.0309526805907,0.799985581754786,8.25963578030206e-05,-0.00034836728545847,-3.42433182920765e-05,0.00019541048895105,-0.000818599790227194,0,0,0,0,0,0,0,0,0,1.16747820855989,0,0
35.040952952552,0.799986390476563,7.91590621614796e-05,-0.000339089617333635,-3.2329733605202e-05,0.000187331837188219,-0.000797122226897857,0,0,0,0,0,0,0,0,0,1.16747820855989,0,0
35.0509532245134,0.799987165286707,7.58140498568205e-05,-0.000329911294949103,-3.04958672697753e-05,0.000179466894007468,-0.000775859707902095,0,0,0,0,0,0,0,0,0,1.16747820855989,0,0
35.0609534964747,0.799987907103089,7.25603221489804e-05,-0.00032083337012663,-2.87395929405576e-05,0.000171813494735495,-0.000754815069435172,0,0,0,0,0,0,0,0,0,1.16747820855989,0,0
35.0709537684361,0.799988616833544,6.93968697584174e-05,-0.000311856898887242,-2.70588060639898e-05,0.000164369446277112,-0.000733991159556104,0,0,0,0,0,0,0,0,0,1.16747820855989,0,0
35.0809540403974,0.799989295375758,6.63226728237626e-05,-0.000302982941457984,-2.5451424158579e-05,0.000157132526995846,-0.000713390838208212,0,0,0,0,0,0,0,0,0,1.16747820855989,0,0
35.0909543123588,0.799989943617167,6.33367008601796e-05,-0.000294212562278786,-2.39153871043341e-05,0.00015010048659607,-0.000693016977237748,0,0,0,0,0,0,0,0,0,1.16747820855989,0,0
35.1009545843201,0.799990562434848,6.04379127171692e-05,-0.0002855468300093,-2.24486574288418e-05,0.000143271046003402,-0.000672872460413814,0,0,0,0,0,0,0,0,0,1.16747820855989,0,0
35.1109548562815,0.799991152695411,5.76252565362076e-05,-0.000276986817536077,-2.10492205949542e-05,0.00013664189724498,-0.000652960183447526,0,0,0,0,0,0,0,0,0,1.16747820855989,0,0
35.1209551282428,0.799991715254895,5.48976697081899e-05,-0.000268533601978999,-1.97150852908057e-05,0.000130210703329687,-0.000633283054011396,0,0,0,0,0,0,0,0,0,1.16747820855989,0,0
35.1309554002041,0.79999225095866,5.22540788314707e-05,-0.000260188264698531,-1.84442837206367e-05,0.000123975098130139,-0.000613843991759169,0,0,0,0,0,0,0,0,0,1.16747820855989,0,0
35.1409556721655,0.799992760641275,4.96933996694399e-05,-0.000251951891302328,-1.72348718970317e-05,0.000117932686260894,-0.000594645928344842,0,0,0,0,0,0,0,0,0,1.16747820855989,0,0
35.1509559441268,0.799993245126414,4.72145371078481e-05,-0.000243825571652405,-1.60849299332966e-05,0.000112081042959355,-0.000575691807442411,0,0,0,0,0,0,0,0,0,1.16747820855989,0,0
35.1609562160882,0.799993705226742,4.48163851116887e-05,-0.000235810399871673,-1.49925623397495e-05,0.000106417713964847,-0.000556984584765068,0,0,0,0,0,0,0,0,0,1.16747820855989,0,0
35.1709564880495,0.799994141743813,4.24978266837725e-05,-0.000227907474351215,-1.39558983159593e-05,0.000100940215399508,-0.000538527228084593,0,0,0,0,0,0,0,0,0,1.16747820855989,0,0
35.1809567600109,0.799994555467952,4.02577338210752e-05,-0.000220117897756699,-1.29730920518656e-05,9.56460336451045e-05,-0.000520322717251257,0,0,0,0,0,0,0,0,0,1.16747820855989,0,0
35.1909570319722,0.79999494717815,3.80949674721187e-05,-0.000212442777035709,-1.20423230215161e-05,9.05326252245873e-05,-0.000502374044212783,0,0,0,0,0,0,0,0,0,1.16747820855989,0,0
35.2009573039336,0.799995317641951,3.60083774942274e-05,-0.000204883223424351,-1.1161796285547e-05,8.55974166797937e-05,-0.000484684213033854,0,0,0,0,0,0,0,0,0,1.16747820855989,0,0
35.2109575758949,0.799995667615344,3.39968026107224e-05,-0.000197440352454195,-1.03297427898608e-05,8.08378044506895e-05,-0.000467256239915795,0,0,0,0,0,0,0,0,0,1.16747820855989,0,0
35.2209578478562,0.799995997842645,3.20590703677057e-05,-0.000190115283959204,-9.54441966619091e-06,7.62511547529278e-05,-0.000450093153215664,0,0,0,0,0,0,0,0,0,1.16747820855989,0,0
35.2309581198176,0.799996309056393,3.01939970911089e-05,-0.000182909142082528,-8.80411053980068e-06,7.18348034575737e-05,-0.000433197993466099,0,0,0,0,0,0,0,0,0,1.16747820855989,0,0
35.2409583917789,0.799996601977231,2.8400387843644e-05,-0.000175823055283492,-8.10712582663409e-06,6.7586055968627e-05,-0.000416573813394466,0,0,0,0,0,0,0,0,0,1.16747820855989,0,0
35.2509586637403,0.799996877313798,2.66770363812896e-05,-0.000168858156344387,-7.45180304437265e-06,6.35021871004324e-05,-0.000400223677942282,0,0,0,0,0,0,0,0,0,1.16747820855989,0,0
35.2609589357016,0.799997135762611,2.50227251104365e-05,-0.000162015582377356,-6.83650711685857e-06,5.95804409559498e-05,-0.000384150664284877,0,0,0,0,0,0,0,0,0,1.16747820855989,0,0
35.270959207663,0.799997378007955,2.34362250443251e-05,-0.000155296474831323,-6.25963068065505e-06,5.58180308047043e-05,-0.000368357861850467,0,0,0,0,0,0,0,0,0,1.16747820855989,0,0
35.2809594796243,0.799997604721769,2.19162957597191e-05,-0.000148701979498866,-5.71959439504832e-06,5.2212138959928e-05,-0.0003528483723402,0,0,0,0,0,0,0,0,0,1.16747820855989,0,0
35.2909597515857,0.799997816563528,2.04616853532319e-05,-0.000142233246523055,-5.2148472531599e-06,4.87599166548499e-05,-0.000337625309746913,0,0,0,0,0,0,0,0,0,1.16747820855989,0,0
35.300960023547,0.799998014180131,1.90711303981392e-05,-0.00013589143040434,-4.74386689133799e-06,4.5458483920716e-05,-0.000322691800374928,0,0,0,0,0,0,0,0,0,1.16747820855989,0,0
35.3109602955083,0.799998198205784,1.7743355900518e-05,-0.000129677690007476,-4.30515990432201e-06,4.2304929463095e-05,-0.000308050982859564,0,0,0,0,0,0,0,0,0,1.16747820855989,0,0
35.3209605674697,0.799998369261886,1.64770752556012e-05,-0.00012359318856837,-3.8972621561606e-06,3.92963105391589e-05,-0.000293706008186262,0,0,0,0,0,0,0,0,0,1.16747820855989,0,0
35.330960839431,0.79999852795691,1.5270990204104e-05,-0.000117639093700907,-3.51873909881784e-06,3.6429652833213e-05,-0.000279660039710314,0,0,0,0,0,0,0,0,0,1.16747820855989,0,0
35.3409611113924,0.799998674886289,1.41237907883493e-05,-0.00011181657740399,-3.16818608417369e-06,3.37019503326161e-05,-0.00026591625317628,0,0,0,0,0,0,0,0,0,1.16747820855989,0,0
35.3509613833537,0.799998810632295,1.30341553083932e-05,-0.000106126816068211,-2.84422868690459e-06,3.11101652048975e-05,-0.000252477836737161,0,0,0,0,0,0,0,0,0,1.16747820855989,0,0
35.3609616553151,0.799998935763926,1.20007502780115e-05,-0.000100570990482947,-2.54552301831579e-06,2.86512276738799e-05,-0.000239347990974208,0,0,0,0,0,0,0,0,0,1.16747820855989,0,0
35.3709619272764,0.799999050836784,1.10222303809707e-05,-9.51502858429675e-05,-2.27075604830596e-06,2.63220358929081e-05,-0.000226529928915939,0,0,0,0,0,0,0,0,0,1.16747820855989,0,0
35.3809621992378,0.799999156392961,1.00972384263556e-05,-8.9865891755689e-05,-2.01864592866419e-06,2.41194558228564e-05,-0.000214026876058133,0,0,0,0,0,0,0,0,0,1.16747820855989,0,0
35.3909624711991,0.799999252960914,9.22440530515267e-06,-8.47190022476133e-05,-1.78794231342483e-06,2.20403211063491e-05,-0.000201842070382549,0,0,0,0,0,0,0,0,0,1.16747820855989,0,0
35.4009627431604,0.79999934105535,8.40234994533423e-06,-7.9710815771663e-05,-1.57742668191463e-06,2.00814329421248e-05,-0.000189978762377143,0,0,0,0,0,0,0,0,0,1.16747820855989,0,0
35.4109630151218,0.799999421177104,7.62967926799113e-06,-7.48425352136204e-05,-1.38591266687915e-06,1.82395599614537e-05,-0.00017844021505505,0,0,0,0,0,0,0,0,0,1.16747820855989,0,0
35.4209632870831,0.799999493813023,6.90498814270857e-06,-7.01153678993705e-05,-1.2122463776687e-06,1.65114381008406e-05,-0.000167229703973735,0,0,0,0,0,0,0,0,0,1.16747820855989,0,0
35.4309635590445,0.799999559435836,6.22685934352496e-06,-6.55305256015608e-05,-1.05530672941945e-06,1.48937704787288e-05,-0.000156350517255164,0,0,0,0,0,0,0,0,0,1.16747820855989,0,0
35.4409638310058,0.799999618504045,5.59386350385688e-06,-6.10892245465905e-05,-9.14005772539861e-07,1.3383227267307e-05,-0.000145805955604818,0,0,0,0,0,0,0,0,0,1.16747820855989,0,0
35.4509641029672,0.799999671461793,5.00455907239544e-06,-5.67926854214005e-05,-7.87289020059978e-07,1.19764455689311e-05,-0.000135599332331215,0,0,0,0,0,0,0,0,0,1.16747820855989,0,0
35.4609643749285,0.799999718738746,4.45749226823944e-06,-5.264213338047e-05,-6.74135782835483e-07,1.06700292877735e-05,-0.000125733973365037,0,0,0,0,0,0,0,0,0,1.16747820855989,0,0
35.4709646468899,0.799999760749973,3.95119703624353e-06,-4.86387980525855e-05,-5.7355949789617e-07,9.46054900580369e-06,-0.000116213217279318,0,0,0,0,0,0,0,0,0,1.16747820855989,0,0
35.4809649188512,0.799999797895818,3.48419500241504e-06,-4.47839135477573e-05,-4.84608067369274e-07,8.34454185409325e-06,-0.000107040415307885,0,0,0,0,0,0,0,0,0,1.16747820855989,0,0
35.4909651908126,0.799999830561781,3.05499542851279e-06,-4.10787184641318e-05,-4.06364187716113e-07,7.31851138743855e-06,-9.8218931365775e-05,0,0,0,0,0,0,0,0,0,1.16747820855989,0,0
35.5009654627739,0.799999859118391,2.66209516791571e-06,-3.75244558948533e-05,-3.37945692069352e-07,6.37892745706126e-06,-8.97521420679635e-05,0,0,0,0,0,0,0,0,0,1.16747820855989,0,0
35.5109657347352,0.799999883921082,2.30397861989556e-06,-3.41223734349607e-05,-2.78505883133384e-07,5.5222260835334e-06,-8.16434367493131e-05,0,0,0,0,0,0,0,0,0,1.16747820855989,0,0
35.5209660066966,0.799999905310073,1.97911768513859e-06,-3.08737231881082e-05,-2.27233873606458e-07,4.74480932973961e-06,-7.38962174833303e-05,0,0,0,0,0,0,0,0,0,1.16747820855989,0,0
35.5309662786579,0.799999923610234,1.68597172025414e-06,-2.7779761773784e-05,-1.83354929017554e-07,4.04304517208354e-06,-6.65138991024408e-05,0,0,0,0,0,0,0,0,0,1.16747820855989,0,0
35.5409665506193,0.799999939130967,1.42298749279679e-06,-2.48417503338344e-05,-1.46130806316647e-07,3.41326737559071e-06,-5.94999092168782e-05,0,0,0,0,0,0,0,0,0,1.16747820855989,0,0
35.5509668225806,0.799999952166081,1.18859913571939e-06,-2.20609545395789e-05,-1.14860095795644e-07,2.85177536256008e-06,-5.28576882342178e-05,0,0,0,0,0,0,0,0,0,1.16747820855989,0,0
35.560967094542,0.799999962993658,9.81228102471532e-07,-1.94386445985078e-05,-8.88785689490135e-08,2.35483408721855e-06,-4.659068937902e-05,0,0,0,0,0,0,0,0,0,1.16747820855989,0,0
35.5709673665033,0.799999971875934,7.99283121293015e-07,-1.69760952614564e-05,-6.75595208110558e-08,1.91867390616964e-06,-4.07023787120098e-05,0,0,0,0,0,0,0,0,0,1.16747820855989,0,0
35.5809676384647,0.799999979059166,6.4116014976412e-07,-1.46745858289875e-05,-5.0314115596084e-08,1.53949045051619e-06,-3.51962351494393e-05,0,0,0,0,0,0,0,0,0,1.16747820855989,0,0
35.590967910426,0.799999984773506,5.05242329432165e-07,-1.25354001589554e-05,-3.65917401379257e-08,1.21344449628951e-06,-3.00757504830673e-05,0,0,0,0,0,0,0,0,0,1.16747820855989,0,0
35.6009681823873,0.799999989232875,3.89899940056448e-07,-1.05598266726205e-05,-2.58803466990365e-08,9.36661836180904e-07,-2.53444293990112e-05,0,0,0,0,0,0,0,0,0,1.16747820855989,0,0
35.6109684543487,0.79999999263483,2.93490353915626e-07,-8.7491583622458e-06,-1.77068057438667e-08,7.05233151157385e-07,-2.10057894974528e-05,0,0,0,0,0,0,0,0,0,1.16747820855989,0,0
35.62096872631,0.799999995160436,2.14357990163672e-07,-7.1046927973352e-06,-1.16372608494064e-08,5.15213880456292e-07,-1.70633613119833e-05,0,0,0,0,0,0,0,0,0,1.16747820855989,0,0
35.6309689982714,0.799999996974138,1.50834269213584e-07,-5.62773213213478e-06,-7.27747626050324e-09,3.62624091798051e-07,-1.35206883293323e-05,0,0,0,0,0,0,0,0,0,1.16747820855989,0,0
35.6409692702327,0.799999998223629,1.01237566260681e-07,-4.31958311191338e-06,-4.27319435392093e-09,2.43448352468031e-07,-1.03813270081032e-05,0,0,0,0,0,0,0,0,0,1.16747820855989,0,0
35.6509695421941,0.799999999039721,6.38731659230451e-08,-3.18155708035482e-06,-2.31049332444222e-09,1.5363559927907e-07,-7.64884679904133e-06,0,0,0,0,0,0,0,0,0,1.16747820855989,0,0
35.6609698141554,0.799999999536211,3.70332159729814e-08,-2.21496998602277e-06,-1.11613890352302e-09,8.9099008560023e-08,-5.32683016414223e-06,0,0,0,0,0,0,0,0,0,1.16747820855989,0,0
35.6709700861168,0.799999999809753,1.89966812558229e-08,-1.42114238963647e-06,-4.57947207932463e-10,4.57158656776667e-08,-3.41887259579406e-06,0,0,0,0,0,0,0,0,0,1.16747820855989,0,0
35.6809703580781,0.799999999939721,8.02929763649152e-09,-8.01399470552484e-07,-1.45142120544506e-10,1.93274349502212e-08,-1.92858263664726e-06,0,0,0,0,0,0,0,0,0,1.16747820855989,0,0
35.6909706300394,0.799999999988083,2.38352561299227e-09,-3.57071033932734e-07,-2.87167789547738e-11,5.73882951403204e-09,-8.5958189874509e-07,0,0,0,0,0,0,0,0,0,1.16747820855989,0,0
35.7009709020008,0.799999999999264,2.98504172768776e-10,-8.94915175172172e-08,-1.79564696445311e-12,7.18879562214975e-10,-2.15505083372286e-07,0,0,0,0,0,0,0,0,0,1.16747820855989,0,0
35.7109711739621,0.800000000000011,4.3229309021342e-15,1.4955484767265e-15,2.77555756156289e-15,9.99634403031635e-16,9.19403442267708e-17,0,0,0,0,0,0,0,0,0,1.16747820855989,0,0
