t,x,vx,ax,y,vy,ay,z,vz,az,roll,wx,alphax,pitch,wy,alphay,yaw,wz,alphaz

0,0,0,0,0,0,0,0,0,0,0,0,0,0,0,0,1.16740053036538,0,0
0.0100005782092298,1.04848873962898e-11,4.19066421038101e-09,1.25560321198395e-06,2.52473898714797e-11,1.00900672926254e-08,3.02269495724209e-06,0,0,0,0,0,0,0,0,0,1.16740053036538,0,0
0.0200011564184597,1.67270992467645e-10,3.3403600910583e-08,4.99809618770164e-06,4.02630938251287e-10,8.03889633080926e-08,1.20245378419603e-05,0,0,0,0,0,0,0,0,0,1.16740053036538,0,0
0.0300017346276895,8.44348428554695e-10,1.12327473734554e-07,1.1191187365523e-05,2.03161523517415e-09,2.70196796966334e-07,2.69066839354564e-05,0,0,0,0,0,0,0,0,0,1.16740053036538,0,0
0.0400023128369193,2.66079750284528e-09,2.65289230419411e-07,1.97988291933074e-05,6.39976894032371e-09,6.37828621838625e-07,4.75709779465102e-05,0,0,0,0,0,0,0,0,0,1.16740053036538,0,0
0.0500028910461491,6.47718353843151e-09,5.16256539527856e-07,3.07852174257301e-05,1.55729481022453e-08,1.24062132089371e-06,7.39199520260369e-05,0,0,0,0,0,0,0,0,0,1.16740053036538,0,0
0.060003469255379,1.33919760298621e-08,8.88840220143439e-07,4.41147904216087e-05,3.21855482297225e-08,2.13494047138937e-06,0.000105856823781744,0,0,0,0,0,0,0,0,0,1.16740053036538,0,0
0.0700040474646088,2.47379920619146e-08,1.4062966645387e-06,5.97522284412299e-05,5.9430824916759e-08,3.37618718990935e-06,0.000143285494292791,0,0,0,0,0,0,0,0,0,1.16740053036538,0,0
0.0800046256738386,4.2078863921312e-08,2.09153025381613e-06,7.76624529436755e-05,1.01051282822611e-07,5.01880495754585e-06,0.000186110546124442,0,0,0,0,0,0,0,0,0,1.16740053036538,0,0
0.0900052038830684,6.72055308311081e-08,2.96709576652206e-06,9.78106258841493e-05,1.61329132808311e-07,7.11628642522727e-06,0.000234237241342729,0,0,0,0,0,0,0,0,0,1.16740053036538,0,0
0.100005782092298,1.02132754737466e-07,4.05520078023333e-06,0.000120162149011303,2.45076817031123e-07,9.7211801991915e-06,0.000287571519529106,0,0,0,0,0,0,0,0,0,1.16740053036538,0,0
0.110006360301528,1.49095660078557e-07,5.37770806611687e-06,0.000144682663164565,3.57627601798383e-07,1.28850976066047e-05,0.000346019995795104,0,0,0,0,0,0,0,0,0,1.16740053036538,0,0
0.120006938510758,2.10546297465295e-07,6.9561379764621e-06,0.000171338047571462,5.04826237982148e-07,1.66587194413251e-05,0.000409489958796996,0,0,0,0,0,0,0,0,0,1.16740053036538,0,0
0.130007516719988,2.89150231203649e-07,8.81167082518625e-06,0.000200094419144951,6.93019688796122e-07,2.1091802689813e-05,0.000477889368750446,0,0,0,0,0,0,0,0,0,1.16740053036538,0,0
0.140008094929218,3.87783150588236e-07,1.09651492613125e-05,0.000230918131780741,9.29047924736275e-07,2.62331872371853e-05,0.000551126855445172,0,0,0,0,0,0,0,0,0,1.16740053036538,0,0
0.150008673138447,5.09527504896937e-07,1.34370806354208e-05,0.000263775775654625,1.22023478548661e-06,3.21308025534163e-05,0.000629111716259601,0,0,0,0,0,0,0,0,0,1.16740053036538,0,0
0.160009251347677,6.57669162016251e-07,1.62476393590721e-05,0.000298634176519801,1.57437890859156e-06,3.88316743596831e-05,0.000711753914175528,0,0,0,0,0,0,0,0,0,1.16740053036538,0,0
0.170009829556907,8.35694090627112e-07,1.94166692572048e-05,0.0003354603950042,1.99974472469632e-06,4.63819312748569e-05,0.00079896407579277,0,0,0,0,0,0,0,0,0,1.16740053036538,0,0
0.180010407766137,1.0472850658809e-06,2.29636859135042e-05,0.000374221725907815,2.50505351915679e-06,5.48268114421403e-05,0.00089065348934383,0,0,0,0,0,0,0,0,0,1.16740053036538,0,0
0.190010985975367,1.29631839849537e-06,2.69078790087452e-05,0.000414885697500025,3.09947455982034e-06,6.42106691358482e-05,0.000986734102708546,0,0,0,0,0,0,0,0,0,1.16740053036538,0,0
0.200011564184597,1.5868606872002e-06,3.12681146521077e-05,0.000457420070816923,3.79261629077897e-06,7.45769813483368e-05,0.00108711852142876,0,0,0,0,0,0,0,0,0,1.16740053036538,0,0
0.210012142393826,1.92316559446193e-06,3.60629377054642e-05,0.000501792838958641,4.59451759189627e-06,8.5968354357075e-05,0.00119172000672295,0,0,0,0,0,0,0,0,0,1.16740053036538,0,0
0.220012720603056,2.30967064541797e-06,4.13105741006412e-05,0.000547972226386676,5.51563910390961e-06,9.84265302718641e-05,0.00130045247350093,0,0,0,0,0,0,0,0,0,1.16740053036538,0,0
0.230013298812286,2.7509940499494e-06,4.70289331496533e-05,0.00059592668822122,6.5668546189091e-06,0.000111992393562201,0.00141323048837847,0,0,0,0,0,0,0,0,0,1.16740053036538,0,0
0.240013877021516,3.25193154782238e-06,5.32356098479094e-05,0.000645624909538483,7.75944253599457e-06,0.000126705977564787,0.00152996926769196,0,0,0,0,0,0,0,0,0,1.16740053036538,0,0
0.250014455230746,3.81745327682775e-06,5.99478871703926e-05,0.000697035804668019,9.1050773819122e-06,0.000142606470971183,0.00165058467551309,0,0,0,0,0,0,0,0,0,1.16740053036538,0,0
0.260015033439975,4.45270066384861e-06,6.71827383608124e-05,0.000750128516490058,1.06158213964721e-05,0.000159732224295609,0.00177499322166348,0,0,0,0,0,0,0,0,0,1.16740053036538,0,0
0.270015611649205,5.16298333878568e-06,7.49568292137305e-05,0.000804872415732825,1.23041161825486e-05,0.000178120756322893,0.00190311205972935,0,0,0,0,0,0,0,0,0,1.16740053036538,0,0
0.280016189858435,5.95377607127004e-06,8.32865203496584e-05,0.000861237100269872,1.4182774420464e-05,0.000197808760536555,0.00203485898507618,0,0,0,0,0,0,0,0,0,1.16740053036538,0,0
0.290016768067665,6.83071573009304e-06,9.21878694831285e-05,0.000919192394417402,1.62649716465579e-05,0.00021883211152705,0.00217015243286336,0,0,0,0,0,0,0,0,0,1.16740053036538,0,0
0.300017346276895,7.79959826528308e-06,0.000101676633683738,0.000978708348231596,1.85642380957436e-05,0.000241225871380146,0.00230891147605886,0,0,0,0,0,0,0,0,0,1.16740053036538,0,0
0.310017924486125,8.86637571275906e-06,0.000111768271630168,0.00103975523680594,2.10944506078523e-05,0.000265024296045452,0.00245105582345386,0,0,0,0,0,0,0,0,0,1.16740053036538,0,0
0.320018502695354,1.00371532214901e-05,0.000122477945857166,0.00110230355956855,2.38698245975672e-05,0.000290260841685093,0.00259650581767744,0,0,0,0,0,0,0,0,0,1.16740053036538,0,0
0.330019080904584,1.13181861030912e-05,0.000133820524995518,0.0011663240395795,2.69049060877484e-05,0.000316968171002525,0.00274518243321122,0,0,0,0,0,0,0,0,0,1.16740053036538,0,0
0.340019659113814,1.27158769037852e-05,0.000145810586004976,0.00123178762282815,3.0214563805951e-05,0.000345178159551498,0.00289700727440402,0,0,0,0,0,0,0,0,0,1.16740053036538,0,0
0.350020237323044,1.42367724986593e-05,0.000158462416400171,0.00129866547753047,3.38139813439369e-05,0.000374921902025168,0.00305190257348651,0,0,0,0,0,0,0,0,0,1.16740053036538,0,0
0.360020815532274,1.58875612081479e-05,0.000171790016469492,0.00136692899342636,3.77186493799812e-05,0.000406229718525351,0.00320979118858591,0,0,0,0,0,0,0,0,0,1.16740053036538,0,0
0.370021393741504,1.76750699366696e-05,0.000185807101486939,0.001436549781077,4.19443579637774e-05,0.000439131160811919,0.00337059660174056,0,0,0,0,0,0,0,0,0,1.16740053036538,0,0
0.380021971950733,1.96062613333492e-05,0.000200527103916951,0.00150749967116214,4.65071888637387e-05,0.000473655018532349,0.00353424291691467,0,0,0,0,0,0,0,0,0,1.16740053036538,0,0
0.390022550159963,2.16882309747541e-05,0.000215963175612207,0.00157975071377745,5.1423507976501e-05,0.000509829325431414,0.00370065485801292,0,0,0,0,0,0,0,0,0,1.16740053036538,0,0
0.400023128369193,2.39282045695745e-05,0.000232128190004394,0.00165327517773187,5.67099577984259e-05,0.000547681365541014,0.00386975776689515,0,0,0,0,0,0,0,0,0,1.16740053036538,0,0
0.410023706578423,2.63335351851784e-05,0.000249034744287959,0.00172804554984486,6.23834499589069e-05,0.000587237679350164,0.00404147760139098,0,0,0,0,0,0,0,0,0,1.16740053036538,0,0
0.420024284787653,2.89117004959687e-05,0.00026669516159682,0.00180403453424383,6.84611578152791e-05,0.000628524069955116,0.00421574093331451,0,0,0,0,0,0,0,0,0,1.16740053036538,0,0
0.430024862996882,3.1670300053475e-05,0.000285121493174062,0.00188121505166137,7.49605091091358e-05,0.000671565609189634,0.00439247494647895,0,0,0,0,0,0,0,0,0,1.16740053036538,0,0
0.440025441206112,3.46170525781077e-05,0.0003043255205346,0.00195956023873264,8.18991786838503e-05,0.000716386643735411,0.00457160743471128,0,0,0,0,0,0,0,0,0,1.16740053036538,0,0
0.450026019415342,3.77597932725049e-05,0.000324318757620814,0.00203904344729267,8.92950812631075e-05,0.00076301080121263,0.00475306679986693,0,0,0,0,0,0,0,0,0,1.16740053036538,0,0
0.460026597624572,4.11064711564019e-05,0.00034511245295116,0.0021196382436737,9.71663642902448e-05,0.000811460996250679,0.0049367820498444,0,0,0,0,0,0,0,0,0,1.16740053036538,0,0
0.470027175833802,4.46651464229529e-05,0.000366717591761752,0.00220131840800247,0.000105531400828205,0.000861759436538996,0.00512268279659994,0,0,0,0,0,0,0,0,0,1.16740053036538,0,0
0.480027754043032,4.84439878164347e-05,0.000389144898140917,0.00228405793349762,0.000114408782519899,0.000913927628858077,0.00531069925416222,0,0,0,0,0,0,0,0,0,1.16740053036538,0,0
0.490028332252261,5.24512700312617e-05,0.000412404837156726,0.00236783102576694,0.000123817312608788,0.000967986385090613,0.00550076223664696,0,0,0,0,0,0,0,0,0,1.16740053036538,0,0
0.500028910461491,5.66953711322428e-05,0.000436507616977489,0.00245261210210472,0.000133775999019479,0.00102395582821279,0.00569280315627159,0,0,0,0,0,0,0,0,0,1.16740053036538,0,0
0.510029488670721,6.1184769996009e-05,0.000461463190985238,0.00253837579078912,0.000144304047498132,0.00108185539826571,0.00588675402136994,0,0,0,0,0,0,0,0,0,1.16740053036538,0,-0.539462020484498
0.520030066879951,6.59280437735419e-05,0.000487281259882162,0.00262509693037943,0.000155420854812495,0.001141703858307,0.00608254743440685,0,0,0,0,0,0,0,0,0,1.16740053036538,-0.0107898642535287,-1.08156151699895
0.530030645089181,7.09338653737329e-05,0.000513971273790037,0.00271275056901343,0.000167146002011354,0.00120351930034249,0.00628011658999288,0,0,0,0,0,0,0,0,0,1.16718472060271,-0.0216324810776823,-0.547390994423513
0.540031223298411,7.62110009679024e-05,0.000541542434342615,0.00280131196370473,0.000179499247743202,0.00126731915123814,0.00647939527289891,0,0,0,0,0,0,0,0,0,1.16696785572763,-0.0217383171550496,-0.0106162128577915
0.55003180150764,8.17683075152093e-05,0.000570003696770987,0.00289075657964007,0.000192500521633939,0.00133312017861202,0.00668031785607084,0,0,0,0,0,0,0,0,0,1.16674992912102,-0.0218448176116227,-0.0106828987209992
0.56003237971687,8.76147303088801e-05,0.000599363771981923,0.00298106008947666,0.000206169917723384,0.0014009384967065,0.00688281929864424,0,0,0,0,0,0,0,0,0,1.16653093411365,-0.0219519874833708,-0.0107500903649752
0.5700329579261,9.37593005431874e-05,0.000629631128629185,0.00307219837263949,0.000220527687960428,0.00147078957224052,0.00708683514395899,0,0,0,0,0,0,0,0,0,1.16631086398567,-0.0220598318505251,-0.01081779223954
0.58003353613533,0.000100211132901107,0.000660813995177806,0.0031641475146187,0.000235594235756599,0.00154268823024209,0.00729230151757396,0,0,0,0,0,0,0,0,0,1.16608971196624,-0.0221683558380563,-0.0108860088400098
0.59003411434456,0.000106979423162587,0.000692920361961354,0.00325688380626684,0.000251390109597866,0.00161664865986085,0.00749915512528164,0,0,0,0,0,0,0,0,0,1.16586747123301,-0.0222775646161069,-0.0109547447049999
0.600034692553789,0.000114073445833349,0.000725957983232154,0.00335038374309625,0.00026793599671447,0.00169268442016084,0.00770733325112283,0,0,0,0,0,0,0,0,0,1.16564413491173,-0.0223874634004253,-0.011024004419226
0.610035270763019,0.000121502551794164,0.000759934379204495,0.00344462402457637,0.000285252716808585,0.00177080844589337,0.00791677375540128,0,0,0,0,0,0,0,0,0,1.16541969607573,-0.0224980574528536,-0.0110937926123321
0.620035848972249,0.000129276165970524,0.000794856838090805,0.00353958155343108,0.000303361215839614,0.00185103305325009,0.00812741507269834,0,0,0,0,0,0,0,0,0,1.1651941477455,-0.0226093520817385,-0.0111641139589139
0.630036427181479,0.000137403785022643,0.000830732418130797,0.00363523343493597,0.000322282559866918,0.00193336994559611,0.00833919620988762,0,0,0,0,0,0,0,0,0,1.16496748288822,-0.0227213526424194,-0.0112349731813204
0.640037005390709,0.000145894975055709,0.000867567949613592,0.00373155697621576,0.000342037928949783,0.0020178302191834,0.00855205674414967,0,0,0,0,0,0,0,0,0,1.16473969441726,-0.0228340645376953,-0.0113063750496284
0.650037583599939,0.000154759369350334,0.000905370036892814,0.00382852968554154,0.000362648611104419,0.00210442436884421,0.00876593682098662,0,0,0,0,0,0,0,0,0,1.16451077519174,-0.0229474932183128,-0.0113783243805384
0.660038161809168,0.000164006666113111,0.000944145060394654,0.00392612927162813,0.000384135996317806,0.0021931622936647,0.00898077715223682,0,0,0,0,0,0,0,0,0,1.16428071801599,-0.0230616441834104,-0.0114508260373816
0.670038740018398,0.000173646626247224,0.000983899178618912,0.00402433364293144,0.000406521570618174,0.00228405330263871,0.00919651901408954,0,0,0,0,0,0,0,0,0,1.16404951563916,-0.023176522981007,-0.0115238849334242
0.680039318227628,0.00018368907114303,0.00102463833013301,0.00412312090694573,0.000429826910201924,0.00237710612030165,0.00941310424509958,0,0,0,0,0,0,0,0,0,1.16381716075461,-0.0232921352085121,-0.0115975060324475
0.690039896436858,0.000194143880488554,0.00106636823555896,0.00422246936950099,0.000454073675616798,0.00247232889234459,0.00963047524420197,0,0,0,0,0,0,0,0,0,1.16358364599953,-0.023408486513226,-0.01167169434822
0.700040474646088,0.00020502099009981,0.00110909439955337,0.00432235753406024,0.000479283606001088,0.0025697291912084,0.0098485749687266,0,0,0,0,0,0,0,0,0,1.16334896395434,-0.0235255825928393,-0.0117464549411019
0.710041052855318,0.000216330389770895,0.00115282211278031,0.00442276410101688,0.000505478513378693,0.00266931402165818,0.0100673469324129,0,0,0,0,0,0,0,0,0,1.16311310714226,-0.0236434291958654,-0.0118217929219559
0.720041631064548,0.000228082121143778,0.00119755645387727,0.00452366796699197,0.000532680277009821,0.00277108982633765,0.0102867352034244,0,0,0,0,0,0,0,0,0,1.16287606802873,-0.023762032122218,-0.0118977134582788
0.730042209273777,0.000240286275597707,0.00124330229141401,0.00462504822413161,0.000560910837797145,0.00287506249130385,0.0105066844023636,0,0,0,0,0,0,0,0,0,1.16263783902096,-0.0238813972237664,-0.0119742217675225
0.740042787483007,0.000252952992158184,0.00129006428584441,0.00472688415940424,0.000590192192747207,0.00298123735154192,0.0107271397002864,0,0,0,0,0,0,0,0,0,1.16239841246736,-0.0240015304047795,-0.0120513231148526
0.750043365692237,0.000266092455425408,0.00133784689145131,0.00482915525389797,0.00062054638948687,0.00308961919646,0.010948046816717,0,0,0,0,0,0,0,0,0,1.16215778065705,-0.024122437622436,-0.0121290228231659
0.760043943901467,0.000279714893522145,0.00138665435828428,0.0049318411821179,0.000651995520834627,0.0032002122753643,0.0111693520176621,0,0,0,0,0,0,0,0,0,1.16191593581928,-0.0242441248874688,-0.0122073262692325
0.770044522110697,0.000293830576060941,0.00143649073409041,0.00503492181128346,0.000684561719426564,0.00331302030291435,0.0113910021136262,0,0,0,0,0,0,0,0,0,1.16167287012295,-0.0243665982645981,-0.0122862388802987
0.780045100319926,0.000308449812130596,0.00148735986623803,0.00513837720062572,0.000718267152396781,0.00342804646455833,0.0116129444576259,0,0,0,0,0,0,0,0,0,1.16142857567601,-0.0244898638731082,-0.0123657661429941
0.790045678529156,0.00032358294830186,0.00153926540363347,0.00524218760068474,0.000753134016112062,0.00354529342194858,0.0118351269432042,0,0,0,0,0,0,0,0,0,1.16118304452495,-0.0246139278874582,-0.0124459135966975
0.800046256738386,0.000339240366652246,0.00159221079863067,0.00534633345260688,0.000789184530960618,0.00366476331833728,0.0120574980024461,0,0,0,0,0,0,0,0,0,1.16093626865426,-0.0247387965377263,-0.0125266868351756
0.810046834947616,0.000355432482809917,0.00164619930893391,0.00545079538744211,0.000826440936194679,0.00378645778395223,0.0122800066039923,0,0,0,0,0,0,0,0,0,1.1606882399858,-0.0248644761102536,-0.0126080915115856
0.820047413156846,0.000372169744016559,0.00170123399949341,0.00555555422544138,0.000864925484826749,0.00391037794135277,0.0125026022510545,0,0,0,0,0,0,0,0,0,1.16043895037831,-0.0249909729481878,-0.0126901333351512
0.830047991366076,0.00038946262720918,0.00175731774439394,0.0056605909753539,0.000904660438579331,0.00403652441076592,0.0127252349794295,0,0,0,0,0,0,0,0,0,1.16018839162681,-0.0251182934520611,-0.0127728180750206
0.840048569575305,0.000407321637120757,0.00181445322873639,0.00576588683372451,0.000945668062887908,0.00416489731540257,0.0129478553555145,0,0,0,0,0,0,0,0,0,1.15993655546201,-0.0252464440804108,-0.0128561515558531
0.850049147784535,0.000425757304399667,0.00187264295051236,0.00587142318419097,0.000987970621956998,0.0042954962867539,0.0131704144743212,0,0,0,0,0,0,0,0,0,1.15968343354975,-0.0253754313502691,-0.012940139661178
0.860049725993765,0.000444780183747837,0.00193188922247161,0.0059771815967813,0.00103159037386907,0.00442832046986786,0.013392863957491,0,0,0,0,0,0,0,0,0,1.15942901749039,-0.0255052618378508,-0.0130247883388761
0.870050304202995,0.000464400852077515,0.00199219417398264,0.00608314382721113,0.00107654956574615,0.00456336852860589,0.0136151559513089,0,0,0,0,0,0,0,0,0,1.15917329881824,-0.0256359421791523,-0.0131101035923249
0.880050882412225,0.000484629906686636,0.00205355975288611,0.00618929181618097,0.00112287042896383,0.00470063865087969,0.013837243124719,0,0,0,0,0,0,0,0,0,1.15891626900093,-0.0257674790704631,-0.0131960914870886
0.890051460621454,0.000505477963452673,0.00211598772734127,0.00629560768867359,0.00117057517441766,0.00484012855386821,0.0140590786673384,0,0,0,0,0,0,0,0,0,1.15865791943884,-0.0258998792690979,-0.0132827581536724
0.900052038830684,0.00052695565504492,0.00217947968766544,0.00640207375325133,0.00121968598784152,0.00498183548921477,0.0142806162874726,0,0,0,0,0,0,0,0,0,1.15839824146445,-0.0260331495939632,-0.0133701097813942
0.910052617039914,0.000549073629155143,0.00224403704816631,0.00650867250135343,0.00127022502517789,0.00512575624820426,0.0145018102101295,0,0,0,0,0,0,0,0,0,1.15813722634175,-0.0261672969261675,-0.0134581526245197
0.920053195249144,0.000571842546746513,0.00230966104896739,0.00661538660659332,0.00132221440799982,0.0052718871669206,0.0147226151750344,0,0,0,0,0,0,0,0,0,1.15787486526558,-0.0263023282097098,-0.013546893001182
0.930053773458374,0.000595273080320761,0.00237635275782629,0.00672219892405601,0.00137567621898439,0.00542022413138425,0.0149429864346446,0,0,0,0,0,0,0,0,0,1.15761114936105,-0.0264382504520683,-0.0136363372927532
0.940054351667604,0.000619375912203481,0.00244411307194601,0.00682909248959536,0.00143063249743734,0.0055707625826699,0.0151628797521641,0,0,0,0,0,0,0,0,0,1.15734606968286,-0.026575070724877,-0.0137264919477581
0.950054929876833,0.000644161732847517,0.00251294271977929,0.00693605051913145,0.00148710523486895,0.00572349752200431,0.0153822513995581,0,0,0,0,0,0,0,0,0,1.15707961721465,-0.0267127961645921,-0.0138173634802394
0.960055508086063,0.000669641239154354,0.00258284226282581,0.00704305640794787,0.00154511637062068,0.00587842351584429,0.0156010581555678,0,0,0,0,0,0,0,0,0,1.1568117828684,-0.026851433973136,-0.0139089584697285
0.970056086295293,0.000695825132813444,0.0026538120974224,0.00715009372998906,0.00160468778754249,0.00603553470093482,0.015819257303725,0,0,0,0,0,0,0,0,0,1.1565425574837,-0.026990991418563,-0.0140012835656918
0.980056664504523,0.00072272411865941,0.00272585245652629,0.00725714623715766,0.00166584130772077,0.00619482478934734,0.016036806630367,0,0,0,0,0,0,0,0,0,1.15627193182715,-0.0271314758357926,-0.0140943454842023
0.990057242713753,0.000750348903047042,0.00279896341149125,0.00736419785861179,0.00172859868825638,0.00635628707349814,0.0162536644226506,0,0,0,0,0,0,0,0,0,1.15599989659164,-0.0272728946272084,-0.0141881510079379
1.00005782092298,0.000778710192244017,0.00287314487383675,0.00747123270006243,0.00179298161709291,0.00651991443114693,0.0164697894665675,0,0,0,0,0,0,0,0,0,1.15572644239572,-0.0274152552633911,-0.0142827069945088
1.01005839913221,0.000807818690841287,0.00294839659701004,0.00757823504307069,0.0018590117088948,0.00668569933037557,0.0166851410449587,0,0,0,0,0,0,0,0,0,1.15545155978287,-0.0275585652838846,-0.0143780203709054
1.02005897734144,0.000837685100181039,0.0030247181781413,0.00768518934434519,0.00192671050097508,0.00685363383454688,0.0168996789355289,0,0,0,0,0,0,0,0,0,1.15517523922081,-0.0277028322978174,-0.0144740981312941
1.03005955555067,0.000868320116802187,0.00310210905979164,0.00779208023503934,0.00199609944927274,0.00702370960724367,0.0171133634088614,0,0,0,0,0,0,0,0,0,1.15489747110084,-0.0278480639846247,-0.0145709473458376
1.0400601337599,0.000899734430903304,0.00318056853169418,0.0078988925200487,0.00206719992437924,0.00719591791718788,0.0173261552264328,0,0,0,0,0,0,0,0,0,1.1546182457371,-0.0279942680948466,-0.0146685751574236
1.05006071196913,0.000931938724822925,0.00326009573248804,0.0080056111773083,0.00214003320761422,0.00737024964313986,0.0175380156386275,0,0,0,0,0,0,0,0,0,1.15433755336586,-0.0281414524507843,-0.0147669887811741
1.06006129017836,0.000964943671537164,0.00334068965144532,0.00811222135708995,0.00221462048715008,0.0075466952787778,0.0177489063827526,0,0,0,0,0,0,0,0,0,1.15405538414479,-0.0282896249472885,-0.0148661955087313
1.07006186838759,0.000998759933174562,0.00342234913019106,0.00821870838129957,0.00229098285418521,0.0077252449375573,0.0179587896810522,0,0,0,0,0,0,0,0,0,1.15377172815227,-0.0284387935525018,-0.0149662027044314
1.08006244659682,0.00103339815954811,0.00350507286441617,0.00832505774277456,0.00236914129916584,0.00790588835755117,0.0181676282387223,0,0,0,0,0,0,0,0,0,1.1534865753866,-0.0285889663085702,-0.0150670178109194
1.09006302480605,0.00106886898670433,0.00358885940558331,0.00843125510458104,0.00244911670805602,0.00808861490626918,0.0183753852419254,0,0,0,0,0,0,0,0,0,1.15319991576529,-0.0287401513324977,-0.0151686483490869
1.10006360301528,0.00110518303548947,0.00367370716262579,0.00853728629931127,0.00253092985865587,0.00827341358545817,0.0185820243558053,0,0,0,0,0,0,0,0,0,1.15291173912431,-0.0288923568168569,-0.0152711019153115
1.11006418122451,0.00114235091013253,0.0037596144036394,0.00864313732838091,0.0026146014169676,0.00846027303588217,0.0187875097225015,0,0,0,0,0,0,0,0,0,1.1526220352173,-0.0290455910305881,-0.0153743861847875
1.12006475943374,0.00118038319684526,0.00384657925756723,0.00874879436132638,0.00270015193360933,0.00864918154208272,0.0189918059591639,0,0,0,0,0,0,0,0,0,1.15233079371484,-0.0291998623197766,-0.0154785089143011
1.13006533764297,0.00121929046243895,0.00393459971587745,0.00885424373510216,0.00278760184027637,0.00884012703711932,0.0191948781559677,0,0,0,0,0,0,0,0,0,1.15203800420364,-0.0293551791085076,-0.0155834779416757
1.1400659158522,0.00125908325295798,0.0040236736342341,0.00895947195337816,0.00287697144624981,0.00903309710729002,0.0193966918741279,0,0,0,0,0,0,0,0,0,1.1517436561858,-0.0295115498996317,-0.0156893011829964
1.15006649406143,0.00129977209232999,0.00411379873416081,0.00906446568583701,0.00296828093495222,0.00922807899683217,0.0195972131439137,0,0,0,0,0,0,0,0,0,1.15144773907795,-0.029668983275565,-0.0157959866387148
1.16006707227066,0.0013413674810327,0.00420497260469752,0.00916921176747137,0.00306155036055031,0.00942505961260331,0.0197964084626638,0,0,0,0,0,0,0,0,0,1.15115024221052,-0.0298274878991766,-0.0159035423942059
1.17006765047989,0.00138387989477727,0.00429719270405013,0.00927369719788132,0.0031567996446042,0.00962402552874219,0.0199942447928003,0,0,0,0,0,0,0,0,0,1.15085115482691,-0.0299870725145991,-0.0160119766175626
1.18006822868912,0.00142731978320808,0.00439045636123319,0.00937790914057162,0.00325404857276329,0.00982496299130999,0.0201906895598439,0,0,0,0,0,0,0,0,0,1.15055046608263,-0.0301477459480731,-0.0161212975623054
1.19006880689835,0.00147169756861893,0.00448476077770555,0.00948183492224909,0.00335331679150845,0.0100278579229116,0.0203857106504284,0,0,0,0,0,0,0,0,0,1.15024816504454,-0.0303095171088113,-0.0162315135674478
1.20006938510758,0.00151702364468558,0.00458010302899888,0.00958546203211989,0.00345462380494024,0.010232695927297,0.0205792764103154,0,0,0,0,0,0,0,0,0,1.14994424068997,-0.030472394989844,-0.0163426330597855
1.21006996331681,0.0015633083752145,0.00467648006633932,0.00968877812118688,0.00355798897161313,0.0104394622939433,0.0207713556424086,0,0,0,0,0,0,0,0,0,1.1496386819059,-0.0306363886689296,-0.0164546645548383
1.22007054152604,0.0016105620929078,0.00477388871826201,0.00979177100154694,0.00366343150141544,0.0106481420026158,0.0209619176047691,0,0,0,0,0,0,0,0,0,1.1493314774881,-0.0308015073094186,-0.016567616655806
1.23007111973527,0.00165879509814436,0.00487232569221858,0.00989442864568828,0.00377097045249472,0.0108587197279104,0.0211509320086295,0,0,0,0,0,0,0,0,0,1.14902261614028,-0.0309677601611434,-0.0166814980591866
1.2400716979445,0.00170801765777686,0.00497178757617768,0.00999673918578778,0.00388062472822854,0.0110711798437757,0.0213383690164088,0,0,0,0,0,0,0,0,0,1.14871208647319,-0.0311351565613946,-0.0167963175502693
1.25007227615373,0.0017582400039449,0.0050722708402184,0.0100986909130083,0.00399241307424037,0.0112855064280148,0.0215241992397272,0,0,0,0,0,0,0,0,0,1.14839987700378,-0.0313037059357205,-0.0169120840031507
1.26007285436296,0.00180947233290395,0.00517377183811676,0.0102002722767961,0.00410635407546037,0.0115016832667681,0.0217083937374203,0,0,0,0,0,0,0,0,0,1.14808597615429,-0.0314734177989038,-0.017028806390726
1.27007343257219,0.00186172480387019,0.00527628680892511,0.0103014718841779,0.00422246615323094,0.0117196938589753,0.0218909240135543,0,0,0,0,0,0,0,0,0,1.14777037225136,-0.0316443017559611,-0.0171464937802479
1.28007401078142,0.00191500753788104,0.00537981187854447,0.0104022784990586,0.00434076756245677,0.0119395214208184,0.0220717620154401,0,0,0,0,0,0,0,0,0,1.14745305352512,-0.0318163675030307,-0.0172651553305523
1.29007458899065,0.00196933061667141,0.00548434306128993,0.0105026810415184,0.00446127638879923,0.0121611488901446,0.0222508801316487,0,0,0,0,0,0,0,0,0,1.14713400810827,-0.0319896248283164,-0.0173848002976091
1.30007516719988,0.00202470408156561,0.00558987626144899,0.0106026685871099,0.00458401054591491,0.0123845589308685,0.0224282511900249,0,0,0,0,0,0,0,0,0,1.14681322403516,-0.0321640836130868,-0.0175054380372949
1.31007574540911,0.00208113793238476,0.00569640727483281,0.0107022303661558,0.00470898777273802,0.0126097339373562,0.0226038484557029,0,0,0,0,0,0,0,0,0,1.14649068924086,-0.032339753832674,-0.0176270780020665
1.32007632361834,0.00213864212636967,0.00580393179032053,0.0108013557630462,0.00483622563080665,0.0128366560387876,0.0227776456291202,0,0,0,0,0,0,0,0,0,1.14616639156022,-0.0325166455574066,-0.0177497297437332
1.33007690182757,0.00219722657711917,0.00591244539139651,0.0109000343155356,0.00496574150163245,0.0130653071035002,0.0229496168440329,0,0,0,0,0,0,0,0,0,1.14584031872687,-0.0326947689536638,-0.0178734029162323
1.3400774800368,0.00225690115354375,0.00602194355768053,0.0109982557140406,0.00509755258411369,0.0132956687433128,0.0231197366655298,0,0,0,0,0,0,0,0,0,1.14551245837231,-0.0328741342848643,-0.0179981072756495
1.35007805824603,0.0023176756788345,0.00613242166645101,0.0110960098009368,0.00523167589199147,0.0135277223178287,0.0232879800880473,0,0,0,0,0,0,0,0,0,1.14518279802491,-0.0330547519125203,-0.0181238526801444
1.36007863645526,0.00237955992944719,0.00624387499416118,0.0111932865698567,0.00536812825134885,0.0137614489387196,0.0234543225333843,0,0,0,0,0,0,0,0,0,1.14485132510893,-0.033236632297225,-0.0182506490916872
1.37007921466449,0.00244256363410152,0.00635629871794818,0.0112900761649866,0.00550692629815275,0.0139968294739898,0.0236187398487164,0,0,0,0,0,0,0,0,0,1.14451802694351,-0.0334197859997416,-0.0183785065783537
1.38007979287372,0.00250669647279544,0.00646968791713521,0.0113863688803639,0.00564808647583833,0.0142338445522201,0.0237812083046108,0,0,0,0,0,0,0,0,0,1.14418289074168,-0.0336042236820363,-0.0185074353152548
1.39008037108295,0.00257196807583442,0.00658403757472662,0.0114821551591747,0.0057916250329358,0.014472474566792,0.0239417045930409,0,0,0,0,0,0,0,0,0,1.14384590360933,-0.0337899561083865,-0.0186374455873805
1.40008094929218,0.00263838802287566,0.00669934257889594,0.0115774255930511,0.00593755802073931,0.0147126996800923,0.0241002058254011,0,0,0,0,0,0,0,0,0,1.14350705254419,-0.03397699414647,-0.018768547783014
1.41008152750141,0.00270596584198711,0.00681559772446691,0.0116721709213681,0.0060859012910178,0.0149544998276971,0.0242566895305213,0,0,0,0,0,0,0,0,0,1.14316632443478,-0.0341653487683419,-0.0189007524036511
1.42008210571064,0.00277471100872134,0.00693279771438751,0.0117663820305415,0.00623667049376763,0.0151978547225373,0.0244111336526816,0,0,0,0,0,0,0,0,0,1.14282370605938,-0.034355031051722,-0.0190340700656821
1.43008268391987,0.00284463294520403,0.00705093716119695,0.011860049953325,0.00638988107500671,0.0154427438590426,0.0245635165496269,0,0,0,0,0,0,0,0,0,1.14247918408495,-0.0345460521810055,-0.0191685114926214
1.4400832621291,0.00291574101923717,0.00717001058848555,0.0119531658681073,0.00654554827461002,0.015689146517267,0.0247138169905818,0,0,0,0,0,0,0,0,0,1.14213274506607,-0.034738423448395,-0.0193040875256525
1.45008384033832,0.00298804454341675,0.00729001243234773,0.0120457210982097,0.00670368712418629,0.0159370417669936,0.0248620141542648,0,0,0,0,0,0,0,0,0,1.14178437544383,-0.0349321562551217,-0.0194408091203002
1.46008441854755,0.00306155277426505,0.00741093704282789,0.0121377071111834,0.00686431244499558,0.0161864084718199,0.0250080876269034,0,0,0,0,0,0,0,0,0,1.14143406154477,-0.0351272621125115,-0.0195786873480936
1.47008499675678,0.0031362749113772,0.00753277868535926,0.0122291155181068,0.00702743884590766,0.0164372252932235,0.0251520174002486,0,0,0,0,0,0,0,0,0,1.14108178957976,-0.0353237526432391,-0.0197177333998965
1.48008557496601,0.00321222009658228,0.00765553154219576,0.0123199380728827,0.00719308072140097,0.0166894706946072,0.0252937838695895,0,0,0,0,0,0,0,0,0,1.14072754564287,-0.0355216395824604,-0.0198579585831329
1.49008615317524,0.00328939741311854,0.00777918971383679,0.0124101666715359,0.00736125224960185,0.0169431229453249,0.0254333678317681,0,0,0,0,0,0,0,0,0,1.14037131571023,-0.0357209347790116,-0.0199993743295776
1.50008673138447,0.00336781588482293,0.00790374722044506,0.01249979335151,0.00753196739036403,0.0171981601246876,0.0255707504831936,0,0,0,0,0,0,0,0,0,1.14001308563894,-0.0359216501966976,-0.0201419921897262
1.5100873095937,0.00344748447533475,0.00802919800325729,0.0125888102909656,0.007705239883388,0.017454560125949,0.0257059134178577,0,0,0,0,0,0,0,0,0,1.13965284116584,-0.0361237979153777,-0.0202858238367571
1.52008788780293,0.00352841208731337,0.00815553592598801,0.0126772098080767,0.00788108324638024,0.017712300660272,0.0258388386253485,0,0,0,0,0,0,0,0,0,1.13929056790641,-0.0363273901323339,-0.0204308810743881
1.53008846601216,0.00361060756166993,0.00828275477622621,0.0127649843603285,0.00805951077325189,0.0179713592606745,0.0259695084888658,0,0,0,0,0,0,0,0,0,1.13892625135353,-0.0365324391635135,-0.0205771758266809
1.54008904422139,0.00369407967681301,0.00841084826682504,0.0128521265438148,0.00824053553235686,0.0182317132859565,0.0260979057832354,0,0,0,0,0,0,0,0,0,1.13855987687635,-0.0367389574446934,-0.0207247201447823
1.55008962243062,0.00377883714790817,0.00853981003728448,0.0129386290925352,0.00842417036476914,0.018493339924606,0.0262240136729238,0,0,0,0,0,0,0,0,0,1.13819142971903,-0.0369469575328581,-0.0208735262136666
1.56009020063985,0.00386488862615123,0.00866963365512691,0.0130244848776922,0.008610427882599,0.018756216198686,0.0263478157100531,0,0,0,0,0,0,0,0,0,1.13782089499955,-0.0371564521074978,-0.0210236063459488
1.57009077884908,0.00395224269805531,0.00880031261726577,0.013109686906989,0.00879932046734799,0.0190203189677015,0.0264692958324151,0,0,0,0,0,0,0,0,0,1.13744825770847,-0.0373674539718635,-0.0211749729841241
1.58009135705831,0.00404090788475152,0.00893184035136709,0.0131942283239263,0.00899086026830253,0.019285624932446,0.0265884383614867,0,0,0,0,0,0,0,0,0,1.1370735027077,-0.0375799760543099,-0.0213276387072303
1.59009193526754,0.0041308926413032,0.00906421021720406,0.0132781024071002,0.00918505920096588,0.0195521106388294,0.026705228000444,0,0,0,0,0,0,0,0,0,1.13669661472921,-0.0377940314096832,-0.021481616228627
1.60009251347677,0.00422220535603376,0.0091974155080045,0.013361302569499,0.00938192894552822,0.0198197524816844,0.0268196498321771,0,0,0,0,0,0,0,0,0,1.13631757837379,-0.03800963322062,-0.0216369183959937
1.610093091686,0.0043148543498678,0.0093314494517914,0.0134438223578008,0.00958148094537478,0.0200885267085548,0.0269316893173049,0,0,0,0,0,0,0,0,0,1.13593637810975,-0.038226794798935,-0.0217935581974379
1.62009366989523,0.00440884787568579,0.00946630521271637,0.0135256554516707,0.00978372640563173,0.0203584094234623,0.0270413322921895,0,0,0,0,0,0,0,0,0,1.13555299827164,-0.0384455295870418,-0.0219515487587193
1.63009424810446,0.00450419411769191,0.00960197589238603,0.0136067956630584,0.00998867629174958,0.0206293765906548,0.0271485649669513,0,0,0,0,0,0,0,0,0,1.13516742305889,-0.0386658511592855,-0.0221109033465785
1.64009482631369,0.00460090119079515,0.00973845453118146,0.0136872369354952,0.0101963413281241,0.020901404038334,0.027253373923483,0,0,0,0,0,0,0,0,0,1.13477963653455,-0.0388877732234301,-0.0222716353731791
1.65009540452292,0.00469897714000365,0.0098757341095706,0.0137669733433915,0.0104067319967542,0.0211744674623635,0.0273557461134649,0,0,0,0,0,0,0,0,0,1.13438962262388,-0.0391113096220794,-0.0224337583905567
1.66009598273215,0.00479842993983201,0.0100138075494135,0.0138459990913339,0.0106198585359371,0.0214485424299568,0.0274556688563792,0,0,0,0,0,0,0,0,0,1.13399736511307,-0.0393364743340536,-0.022597286097856
1.67009656094138,0.00489926749372169,0.0101526677152609,0.013924308513383,0.0108357309390001,0.0217236043833459,0.0275531298375246,0,0,0,0,0,0,0,0,0,1.13360284764778,-0.0395632814759553,-0.0227622323445748
1.68009713915061,0.00500149763347437,0.010292307415645,0.0140018960723702,0.0110543589530687,0.0219996286434295,0.0276481171060313,0,0,0,0,0,0,0,0,0,1.13320605373184,-0.0397917453036108,-0.0229286111273182
1.69009771735984,0.00510512811869812,0.0104327194043645,0.0140787563591954,0.0112757520778717,0.0222765904134017,0.0277406190728753,0,0,0,0,0,0,0,0,0,1.1328069667258,-0.0400218802135708,-0.0230964365926655
1.70009829556907,0.00521016663626646,0.0105738963817611,0.0141548840921241,0.0114999195645819,0.0225544647823606,0.0278306245088934,0,0,0,0,0,0,0,0,0,1.13240556984553,-0.0402537007446097,-0.0232657230375042
1.7100988737783,0.0053166207997901,0.0107158309959902,0.0142302741160849,0.0117268704146932,0.0228332267288976,0.0279181225427973,0,0,0,0,0,0,0,0,0,1.13200184616078,-0.0404872215792325,-0.0234364849168879
1.72009945198753,0.00542449814910137,0.0108585158442838,0.0143049214019666,0.0119566133789332,0.0231128511246658,0.0280031026591892,0,0,0,0,0,0,0,0,0,1.13159577859377,-0.0407224575453312,-0.0236087368435694
1.73010003019676,0.00553380614975125,0.011001943474207,0.0143788210459158,0.0121891569562116,0.0233933127379298,0.0280855546965753,0,0,0,0,0,0,0,0,0,1.13118734991767,-0.040959423617683,-0.0237824935812518
1.74010060840599,0.00564455219251891,0.0111461063849066,0.014451968268634,0.012424509392604,0.0236745862370946,0.0281654688453814,0,0,0,0,0,0,0,0,0,1.13077654275518,-0.0411981349194709,-0.0239577700557131
1.75010118661522,0.00575674359293375,0.011290997028354,0.0145243584146751,0.0126626786803705,0.0239566461942152,0.028242835645967,0,0,0,0,0,0,0,0,0,1.130363339577,-0.0414386067240048,-0.0241345813570249
1.76010176482445,0.00587038759080974,0.0114366078105794,0.0145959869517426,0.01290367255701,0.0242394670884863,0.0283176459866404,0,0,0,0,0,0,0,0,0,1.12994772270033,-0.0416808544562868,-0.0243129427345574
1.77010234303368,0.0059854913497922,0.0115829310929003,0.0146668494699869,0.0131474985043485,0.0245230233097118,0.0283898911016728,0,0,0,0,0,0,0,0,0,1.12952967428737,-0.0419248936946317,-0.02449286960253
1.78010292124291,0.00610206195691669,0.0117299591931429,0.0147369416813029,0.013394163747663,0.0248072891617552,0.0284595625693135,0,0,0,0,0,0,0,0,0,1.12910917634372,-0.0421707401723439,-0.024674377542786
1.79010349945214,0.00622010642218021,0.0118776843868552,0.014806259418627,0.0136436752548386,0.025092238865969,0.0285266523098043,0,0,0,0,0,0,0,0,0,1.1286862107169,-0.0424184097793931,-0.0248574823059033
1.80010407766137,0.00633963167812439,0.0120260989085147,0.0148747986352344,0.0138960397355606,0.0253778465646056,0.028591152583394,0,0,0,0,0,0,0,0,0,1.1282607590947,-0.0426679185641134,-0.0250421998106394
1.8101046558706,0.00646064457943078,0.0121751949527282,0.0149425554040369,0.0141512636405407,0.0256640863242069,0.0286530559883536,0,0,0,0,0,0,0,0,0,1.12783280300365,-0.042919282734868,-0.025228546150615
1.82010523407983,0.0065831519025281,0.0123249646754245,0.0150095259168797,0.0144093531607763,0.0259509321389755,0.0287123554589901,0,0,0,0,0,0,0,0,0,1.12740232380735,-0.0431725186618822,-0.0254165375947747
1.83010581228906,0.00670716034521137,0.0124754001950404,0.0150757064838388,0.0146703142268442,0.0262383579341247,0.0287690442636621,0,0,0,0,0,0,0,0,0,1.12696930270491,-0.0434276428789168,-0.0256061905808204
1.84010639049829,0.00683267652627283,0.0126264935936997,0.0151410935325188,0.014934152508227,0.0265263375692097,0.0288231160027939,0,0,0,0,0,0,0,0,0,1.12653372072925,-0.04368467208497,-0.0257975217291852
1.85010696870752,0.00695970698514476,0.0127782369183848,0.0152056836073496,0.0152008734126735,0.0268148448414385,0.0288745646068901,0,0,0,0,0,0,0,0,0,1.12609555874545,-0.0439436231462308,-0.0259905478433486
1.86010754691675,0.00708825818155373,0.0129306221821018,0.0152694733688842,0.0154704820855912,0.0271038534889626,0.0289233843345506,0,0,0,0,0,0,0,0,0,1.1256547974491,-0.0442045130977863,-0.0261852859032696
1.87010812512598,0.00721833649518674,0.013083641365038,0.0153324595930957,0.0157429834094722,0.0273933371941489,0.028969569770485,0,0,0,0,0,0,0,0,0,1.12521141736458,-0.0444673591454442,-0.0263817530743663
1.88010870333521,0.0073499482253687,0.0132372864157128,0.0153946391706748,0.0160183820033519,0.0276832695868301,0.0290131158235275,0,0,0,0,0,0,0,0,0,1.12476539884332,-0.0447321786676199,-0.0265799667079723
1.89010928154444,0.00748309959075148,0.0133915492521214,0.0154560091063271,0.0162966822222994,0.0279736242475372,0.0290540177246512,0,0,0,0,0,0,0,0,0,1.12431672206211,-0.0449989892171678,-0.0267799443452487
1.90010985975367,0.00761779672901433,0.0135464217628715,0.0155165665180704,0.0165778881569407,0.0282643747107104,0.029092271024983,0,0,0,0,0,0,0,0,0,1.12386536702131,-0.0452678085233468,-0.0269817037155172
1.9101104379629,0.00775404569657568,0.0137018958083129,0.0155763086365321,0.0168620036330139,0.0285554944678914,0.0291278715938183,0,0,0,0,0,0,0,0,0,1.12341131354311,-0.0455386544936184,-0.0271852627379252
1.92011101617213,0.00789185246831612,0.0138579632216604,0.0156352328042465,0.0171490322109557,0.0288469569708949,0.0291608156166356,0,0,0,0,0,0,0,0,0,1.1229545412697,-0.045811545215645,-0.0273906395297729
1.93011159438136,0.0080312229373126,0.0140146158101092,0.0156933364749519,0.0174389771855202,0.029138735634961,0.029191099593111,0,0,0,0,0,0,0,0,0,1.12249502966148,-0.046086498959255,-0.0275978524020709
1.94011217259059,0.00817216291458386,0.0141718453559434,0.0157506172128883,0.0177318415854287,0.0294308038418876,0.029218720335133,0,0,0,0,0,0,0,0,0,1.12203275799524,-0.0463635341783524,-0.0278069198656478
1.95011275079982,0.00831467812884672,0.0143296436176379,0.0158070726920945,0.0180276281730509,0.029723134943142,0.0292436749648173,0,0,0,0,0,0,0,0,0,1.12156770536227,-0.0466426695130034,-0.0280178606333692
1.96011332900905,0.0084587742262835,0.0144880023309525,0.0158627006957054,0.0183263394441169,0.0300157022629545,0.0292659609125212,0,0,0,0,0,0,0,0,0,1.12109985066653,-0.046923923791391,-0.0282306936145874
1.97011390721828,0.00860445677032032,0.0146469132100198,0.0159174991152495,0.0186279776274603,0.0303084791013901,0.0292855759148582,0,0,0,0,0,0,0,0,0,1.12062917262275,-0.0472073160317904,-0.0284454379290171
1.98011448542751,0.00875173124141616,0.0148063679484256,0.0159714659499462,0.0189325446847919,0.0306014387374019,0.0293025180127132,0,0,0,0,0,0,0,0,0,1.12015564975449,-0.0474928654448009,-0.0286621129045427
1.99011506363674,0.00890060303686281,0.0149663582202822,0.0160245993060029,0.0192400423105036,0.0308945544318639,0.0293167855492564,0,0,0,0,0,0,0,0,0,1.11967926039223,-0.0477805914352777,-0.0288807380726455
2.00011564184596,0.00905107747059544,0.0151268756812949,0.0160768973959124,0.0195504719315027,0.031187799430584,0.0293283771679586,0,0,0,0,0,0,0,0,0,1.11919998267142,-0.0480705136044724,-0.0291013331825169
2.01011622005519,0.00920315977301384,0.0152879119698215,0.0161283585377506,0.0198638347070763,0.0314811469672974,0.0293372918106054,0,0,0,0,0,0,0,0,0,1.11871779453051,-0.048362651752247,-0.0293239181942669
2.02011679826443,0.00935685509081416,0.0154494587079245,0.0161789811544734,0.0201801315287855,0.0317745702666399,0.0293435287153122,0,0,0,0,0,0,0,0,0,1.11823267370891,-0.0486570258790781,-0.029548513281566
2.03011737647365,0.00951216848683121,0.0156115075024168,0.016228763773214,0.0204993630203889,0.0320680425471016,0.0293470874145385,0,0,0,0,0,0,0,0,0,1.11774459774504,-0.0489536561883245,-0.0297751388429849
2.04011795468288,0.00966910493989119,0.0157740499458993,0.0162777050245805,0.0208215295377962,0.0323615370239603,0.029347967733103,0,0,0,0,0,0,0,0,0,1.11725354397424,-0.049252563088458,-0.0300038154935363
2.05011853289211,0.00982766934467465,0.0159370776177932,0.0163258036419533,0.0211466311690504,0.0326550269121955,0.0293461697861979,0,0,0,0,0,0,0,0,0,1.1167594895267,-0.0495537671951613,-0.0302345640713618
2.06011911110134,0.00998786651158985,0.0161005820853634,0.016373058460782,0.0214746677343392,0.0329484854293825,0.0293416939774037,0,0,0,0,0,0,0,0,0,1.11626241132544,-0.0498572893336932,-0.0304674056438374
2.07011968931057,0.0101497011666563,0.0162645549047361,0.016419468417883,0.021805638786036,0.0332418857985662,0.0293345409967038,0,0,0,0,0,0,0,0,0,1.11576228608414,-0.0501631505411084,-0.0307023615004146
2.0801202675198,0.0103131779513984,0.0164289876219091,0.0164650325507368,0.0221395436087679,0.0335352012511157,0.0293247118184993,0,0,0,0,0,0,0,0,0,1.11525909030503,-0.0504713720684791,-0.030939453164551
2.09012084572903,0.0104783014227492,0.0165938717737549,0.0165097499967855,0.0224763812195139,0.0338284050295586,0.0293122076996234,0,0,0,0,0,0,0,0,0,1.11475280027674,-0.0507819753833541,-0.0311787023947668
2.10012142393826,0.0106450760529641,0.0167591988890165,0.0165536199927297,0.0228161503677305,0.0341214703903954,0.0292970301773563,0,0,0,0,0,0,0,0,0,1.11424339207215,-0.0510949821720014,-0.031420131181041
2.11012200214749,0.0108135062295443,0.0169249604892974,0.0165966418738261,0.023158849535505,0.0344143706068945,0.0292791810674397,0,0,0,0,0,0,0,0,0,1.11373084154612,-0.0514104143417947,-0.0316637617517403
2.12012258035672,0.010983596255171,0.0170911480900426,0.016638815073185,0.0235044769377373,0.0347070789718666,0.0292586624620916,0,0,0,0,0,0,0,0,0,1.11321512433336,-0.0517282940235948,-0.0319096165763457
2.13012315856595,0.0111553503476477,0.0172577532015147,0.0166801391210673,0.0238530305223495,0.0349995688004203,0.0292354767280208,0,0,0,0,0,0,0,0,0,1.1126962158461,-0.0520486435741912,-0.0321577183673944
2.14012373677518,0.0113287726398541,0.0174247673297611,0.0167206136441818,0.0242045079705219,0.0352918134326967,0.0292096265044418,0,0,0,0,0,0,0,0,0,1.11217409127186,-0.0523714855787219,-0.0324080900827535
2.15012431498441,0.0115038671797082,0.0175921819775758,0.0167602383649829,0.0245589066969575,0.035583786236585,0.0291811147010891,0,0,0,0,0,0,0,0,0,1.11164872557117,-0.0526968428531599,-0.0326607549261764
2.16012489319364,0.0116806379301388,0.0177599886454528,0.0167990131009677,0.0249162238501728,0.0358754606104178,0.0291499444962321,0,0,0,0,0,0,0,0,0,1.1111200934752,-0.0530247384467453,-0.0329157363522983
2.17012547140287,0.0118590887690673,0.0179281788325332,0.0168369377639731,0.0252764563128155,0.0361668099856468,0.0291161193346898,0,0,0,0,0,0,0,0,0,1.11058816948345,-0.053355195644571,-0.0331730580732952
2.1801260496121,0.0120392234893984,0.0180967440375454,0.0168740123594737,0.0256396007020092,0.0364578078294983,0.0290796429258453,0,0,0,0,0,0,0,0,0,1.11005292786137,-0.0536882379701479,-0.0334327440522253
2.19012662782133,0.0122210457990214,0.0182656757597377,0.0169102369858785,0.0260056533697242,0.0367484276476093,0.0290405192416605,0,0,0,0,0,0,0,0,0,1.10951434263798,-0.0540238891878579,-0.0336948185091344
2.20012720603056,0.0124045593208195,0.0184349654998044,0.0169456118338286,0.026374610403175,0.0370386429866433,0.0289987525146908,0,0,0,0,0,0,0,0,0,1.10897238760339,-0.0543621733056407,-0.0339593059282693
2.21012778423979,0.0125897675926887,0.0186046047608045,0.0169801371854944,0.0267464676252434,0.0373284274368867,0.0289543472360997,0,0,0,0,0,0,0,0,0,1.10842703630644,-0.0547031145775915,-0.03422623105808
2.22012836244902,0.0127766740675668,0.0187745850490737,0.0170138134138732,0.0271212205949274,0.0376177546348249,0.0289073081536737,0,0,0,0,0,0,0,0,0,1.10787826205215,-0.0550467375066477,-0.034495618910171
2.23012894065825,0.0129652821134697,0.0189448978751291,0.0170466409820859,0.0274988646078166,0.0379065982656988,0.0288576402698365,0,0,0,0,0,0,0,0,0,1.10732603789925,-0.0553930668471654,-0.0347674947656541
2.24012951886748,0.0131555950135387,0.019115534754567,0.017078620442675,0.027879394696592,0.0381949320660416,0.028805348839664,0,0,0,0,0,0,0,0,0,1.10677033665764,-0.0557421276077335,-0.0350418841812487
2.25013009707671,0.0133476159660949,0.0192864872089536,0.0171097524369016,0.0282628056315518,0.038482729826195,0.0287504393688989,0,0,0,0,0,0,0,0,0,1.10621113088587,-0.0560939450538721,-0.0353188129834316
2.26013067528594,0.0135413480847038,0.0194577467667087,0.0171400376940427,0.0286490919211617,0.0387699653928069,0.0286929176119653,0,0,0,0,0,0,0,0,0,1.10564839288849,-0.0564485447107295,-0.0355983072747838
2.27013125349517,0.0137367943982483,0.0196293049639828,0.0171694770306885,0.029038247812631,0.0390566126713076,0.0286327895699835,0,0,0,0,0,0,0,0,0,1.10508209471351,-0.0568059523659075,-0.0358803934406511
2.2801318317044,0.0139339578510099,0.019801153345526,0.0171980713500402,0.0294302672925121,0.0393426456283675,0.0285700614887842,0,0,0,0,0,0,0,0,0,1.10451220814972,-0.0571661940722918,-0.036165098152168
2.29013240991363,0.0141328413027595,0.0199732834655513,0.0172258216412065,0.0298251440873256,0.0396280382943343,0.0285047398569239,0,0,0,0,0,0,0,0,0,1.10393870472402,-0.057529296150938,-0.0364524483607671
2.30013298812286,0.0143334475288561,0.0201456868885901,0.0172527289785016,0.030222871664209,0.0399127647656504,0.0284368314036989,0,0,0,0,0,0,0,0,0,1.10336155569876,-0.0578952851937913,-0.036742471304285
2.31013356633209,0.0145357792203542,0.0203183551903406,0.0172787945207423,0.0306234432315896,0.0401967992072504,0.0283663430971604,0,0,0,0,0,0,0,0,0,1.10278073206897,-0.0582641880666957,-0.0370351945169552
2.32013414454132,0.01473983898412,0.0204912799585092,0.0173040195105453,0.0310268517398818,0.0404801158549394,0.0282932821421288,0,0,0,0,0,0,0,0,0,1.10219620455964,-0.058636031912313,-0.0373306458255203
2.33013472275055,0.014945629342955,0.0206644527936457,0.0173284052736246,0.031433089882207,0.0407626890177502,0.0282176559782085,0,0,0,0,0,0,0,0,0,1.10160794362294,-0.0590108441530541,-0.0376288533514521
2.34013530095978,0.0151531527357294,0.0208378653099702,0.0173519532180887,0.0318421500951383,0.0410444930802817,0.0281394722778029,0,0,0,0,0,0,0,0,0,1.10101591943535,-0.0593886524940427,-0.0379298455170594
2.35013587916901,0.0153624115175224,0.0210115091361936,0.017374664833738,0.0322540245594674,0.041325502505017,0.0280587389441284,0,0,0,0,0,0,0,0,0,1.10042010189492,-0.0597694849261688,-0.0382336510465966
2.36013645737824,0.0155734079597712,0.0211853759163315,0.0173965416913623,0.032668705200995,0.0416056918346221,0.0279754641092295,0,0,0,0,0,0,0,0,0,1.09982046061829,-0.0601533697290745,-0.0385402989690383
2.37013703558747,0.0157861442504284,0.0213594573105102,0.0174175854420377,0.0330861836913442,0.0418850356942237,0.0278896561319934,0,0,0,0,0,0,0,0,0,1.09921696493787,-0.0605403354742627,-0.0388498186236984
2.3801376137967,0.0160006224941269,0.0215337449957663,0.0174377978164244,0.0335064514487965,0.0421635087936685,0.0278013235961646,0,0,0,0,0,0,0,0,0,1.09860958389885,-0.0609304110281959,-0.0391622396615587
2.39013819200593,0.0162168447123528,0.0217082306668389,0.0174571806240638,0.0339294996391503,0.0424410859297615,0.0277104753083597,0,0,0,0,0,0,0,0,0,1.09799828625626,-0.0613236255554307,-0.0394775920436507
2.40013877021516,0.0164348128436269,0.0218829060369553,0.0174757357526757,0.0343553191766014,0.0427177419884852,0.0276171202960816,0,0,0,0,0,0,0,0,0,1.09738304047197,-0.0617200085216851,-0.0397959060468343
2.41013934842439,0.0166545287436929,0.0220577628386088,0.0174934651674558,0.034783900724646,0.0429934519471985,0.0275212678057348,0,0,0,0,0,0,0,0,0,1.09676381471167,-0.0621195896970878,-0.0401172122739939
2.42013992663362,0.0168759941857145,0.0222327928243304,0.0175103709103732,0.0352152346970054,0.0432681908768161,0.0274229273006396,0,0,0,0,0,0,0,0,0,1.09614057684178,-0.0625223991594498,-0.0404415416479944
2.43014050484285,0.017099210860479,0.0224079877674529,0.0175264550994672,0.0356493112585726,0.0435419339439677,0.027322108459047,0,0,0,0,0,0,0,0,0,1.09551329442642,-0.062928467297393,-0.040768925416891
2.44014108305208,0.0173241803766096,0.0225833394628683,0.0175417199281453,0.0360861203263799,0.0438146564131374,0.0272188211721531,0,0,0,0,0,0,0,0,0,1.0948819347242,-0.0633378248137255,-0.0410993951567688
2.45014166126131,0.0175509042607847,0.0227588397277777,0.0175561676644797,0.0365256515705883,0.0440863336487838,0.027113075542114,0,0,0,0,0,0,0,0,0,1.09424646468512,-0.0637505027286276,-0.041432982773969
2.46014223947054,0.0177793839579645,0.0229344804024347,0.0175698006505057,0.0369678944154979,0.0443569411174392,0.0270048818800605,0,0,0,0,0,0,0,0,0,1.09360685094737,-0.064166532383071,-0.0417697205134117
2.47014281767977,0.0180096208316253,0.0231102533508816,0.0175826213015178,0.0374128380405789,0.04462645438979,0.0268942507041125,0,0,0,0,0,0,0,0,0,1.09296305983409,-0.0645859454421717,-0.0421096409552639
2.480143395889,0.0182416161640013,0.0232861504616783,0.0175946321053682,0.0378604713815237,0.0448948491427366,0.0267811927373937,0,0,0,0,0,0,0,0,0,1.09231505735014,-0.0650087738985424,-0.0424527770199371
2.49014397409823,0.0184753711563331,0.0234621636486247,0.0176058356217632,0.0383107831313192,0.0451621011614335,0.0266657189060465,0,0,0,0,0,0,0,0,0,1.09166280917877,-0.0654350500757454,-0.0427991619714187
2.50014455230746,0.0187108869291238,0.0236382848514753,0.0176162344815611,0.0387637617413397,0.04542818634131,0.0265478403372465,0,0,0,0,0,0,0,0,0,1.09100628067833,-0.0658648066317118,-0.043148829420043
2.51014513051669,0.0189481645224022,0.023814506036648,0.0176258313860693,0.0392193954224594,0.0456930806900704,0.0264275683572172,0,0,0,0,0,0,0,0,0,1.09034543687886,-0.0662980765622492,-0.0435018133236058
2.52014570872592,0.0191872048959928,0.0239908191979243,0.0176346291063415,0.0396776721461855,0.045956760329675,0.0263049144892444,0,0,0,0,0,0,0,0,0,1.08968024247876,-0.0667348932044838,-0.0438581479934683
2.53014628693515,0.019428008929793,0.0241672163571439,0.0176426304824755,0.0401385796458105,0.0462192014983005,0.0261798904516913,0,0,0,0,0,0,0,0,0,1.08901066184131,-0.0671752902404905,-0.0442178680989938
2.54014686514438,0.0196705774240572,0.0243436895648913,0.0176498384229099,0.040602105417584,0.0464803805522812,0.0260525081560127,0,0,0,0,0,0,0,0,0,1.08833665899121,-0.0676193017008226,-0.0445810086648574
2.55014744335361,0.0199149110996877,0.0245202309011759,0.0176562559037219,0.0410682367219041,0.0467402739680303,0.0259227797047703,0,0,0,0,0,0,0,0,0,1.08765819761108,-0.068066961968089,-0.044947605072879
2.56014802156284,0.0201610105985321,0.0246968324761049,0.0176618859679243,0.041536960584528,0.0469988583439407,0.0257907173896465,0,0,0,0,0,0,0,0,0,1.08697524103795,-0.0685183057805204,-0.0453176930732479
2.57014859977207,0.0204088764836878,0.024873486430549,0.0176667317247634,0.0420082637978009,0.0472561104022667,0.0256563336894597,0,0,0,0,0,0,0,0,0,1.08628775225964,-0.0689733682357708,-0.0456913087874903
2.5801491779813,0.020658509239813,0.0250501849368018,0.0176707963490154,0.0424821329219043,0.0475120069909855,0.0255196412681789,0,0,0,0,0,0,0,0,0,1.08559569391116,-0.0694321847945431,-0.0460684886941983
2.59014975619052,0.0209099092734441,0.0252269201992308,0.0176740830802845,0.0429585542861223,0.0477665250856387,0.0253806529729379,0,0,0,0,0,0,0,0,0,1.08489902827109,-0.0698947912841055,-0.0464492696524744
2.60015033439975,0.0211630769133199,0.0254036844549229,0.0176765952223001,0.0434375139901266,0.0480196417911545,0.0252393818320506,0,0,0,0,0,0,0,0,0,1.08419771725785,-0.0703612239023855,-0.0468336889026632
2.61015091260898,0.0214180124107116,0.0255804699743218,0.0176783361422137,0.0439189979052796,0.0482713343436492,0.0250958410530252,0,0,0,0,0,0,0,0,0,1.08349172242602,-0.0708315192215011,-0.0472217840492227
2.62015149081821,0.0216747159397599,0.0257572690618591,0.0176793092698967,0.0444029916759548,0.0485215801122098,0.0249500440205789,0,0,0,0,0,0,0,0,0,1.08278100496255,-0.0713057141915127,-0.0476135930840316
2.63015206902744,0.021933187597818,0.0259340740565774,0.0176795180972376,0.044889480720876,0.0487703566006558,0.0248020042946528,0,0,0,0,0,0,0,0,0,1.08206552568295,-0.0717838461444197,-0.0480091543886111
2.64015264723667,0.0221934274058006,0.0261108773327478,0.0176789661774391,0.0453784502344729,0.0490176414492821,0.0246517356084263,0,0,0,0,0,0,0,0,0,1.08134524502749,-0.0722659527979573,-0.0484085067235818
2.6501532254459,0.0224554353085395,0.0262876713004787,0.0176776571243157,0.0458698851882553,0.0492634124365811,0.024499251866332,0,0,0,0,0,0,0,0,0,1.08062012305731,-0.0727520722593821,-0.0488116892397621
2.66015380365513,0.0227192111751449,0.0264644484063193,0.0176755946115909,0.0463637703322026,0.0495076474809459,0.02434456714207,0,0,0,0,0,0,0,0,0,1.07989011945047,-0.073242243029491,-0.0492187414809431
2.67015438186436,0.0229847547993727,0.0266412011338545,0.0176727823721947,0.0468600901961723,0.0497503246423523,0.0241876956766231,0,0,0,0,0,0,0,0,0,1.07915519349804,-0.0737365040064622,-0.0496297033849993
2.68015496007359,0.023252065899998,0.026817922004294,0.0176692241975606,0.0473588290913237,0.0499914221240229,0.0240286518762709,0,0,0,0,0,0,0,0,0,1.07841530410008,-0.0742348944898962,-0.0500446152911061
2.69015553828282,0.0235211441211945,0.0269946035770534,0.0176649239369231,0.0478599711115591,0.0502309182740694,0.0238674503106046,0,0,0,0,0,0,0,0,0,1.07767040976164,-0.0747374541848013,-0.0504635179314111
2.70015611649205,0.0237919890329187,0.0271712384503291,0.0176598854966152,0.0483635001349804,0.0504687915871164,0.0237041057105421,0,0,0,0,0,0,0,0,0,1.07692046858862,-0.0752442232054681,-0.0508864524432459
2.71015669470128,0.0240646001313014,0.0273478192616658,0.0176541128393655,0.0488693998253626,0.0507050207059042,0.023538632966342,0,0,0,0,0,0,0,0,0,1.07616543828372,-0.0757552420796991,-0.0513134603725433
2.72015727291051,0.0243389768390437,0.0275243386885165,0.0176476099835954,0.0493776536336432,0.0509395844228733,0.0233710471256188,0,0,0,0,0,0,0,0,0,1.07540527614226,-0.0762705517527517,-0.0517445836673074
2.73015785111974,0.0246151185058188,0.0277007894487966,0.0176403810027168,0.0498882447994267,0.0511724616817271,0.023201363391357,0,0,0,0,0,0,0,0,0,1.07463993904799,-0.076790193591437,-0.05217986468614
2.74015842932897,0.0248930244086792,0.0278771643014299,0.0176324300244294,0.0504011563525055,0.0514036315789765,0.0230295971199266,0,0,0,0,0,0,0,0,0,1.07386938346884,-0.0773142093882333,-0.0526193462028252
2.7501590075382,0.0251726937524701,0.0280534560468881,0.0176237612300174,0.0509163711143951,0.0516330733654639,0.0228557638190966,0,0,0,0,0,0,0,0,0,1.07309356545265,-0.0778426413654768,-0.0530630714070055
2.76015958574743,0.0254541256702472,0.0282296575277232,0.0176143788536478,0.0514338716998858,0.0518607664478666,0.0226798791460509,0,0,0,0,0,0,0,0,0,1.07231244062286,-0.0783755321794887,-0.0535110838955134
2.77016016395666,0.0257373192236999,0.0284057616290928,0.0176042871816669,0.0519536405186079,0.0520866903901819,0.0225019589054018,0,0,0,0,0,0,0,0,0,1.07152596417414,-0.0789129249245923,-0.0539634276908169
2.78016074216589,0.0260222734035806,0.0285817612792784,0.017593490551898,0.0524756597766126,0.0523108249151916,0.0223220190472058,0,0,0,0,0,0,0,0,0,1.070734090868,-0.079454863137609,-0.0544201472433254
2.79016132037512,0.0263089871301379,0.0287576494501968,0.0175819933529387,0.0529999114779676,0.0525331499059056,0.0221400756649772,0,0,0,0,0,0,0,0,0,1.06993677502832,-0.0800013908019216,-0.0548812874147392
2.80016189858435,0.026597459253556,0.0289334191579041,0.0175698000234583,0.0535263774263655,0.052753645406988,0.0219561449937034,0,0,0,0,0,0,0,0,0,1.06913397053688,-0.0805525523516376,-0.0553468934935903
2.81016247679358,0.0268876885543984,0.0291090634630934,0.0175569150514949,0.0540550392267489,0.0529722916261607,0.0217702434078593,0,0,0,0,0,0,0,0,0,1.06832563082883,-0.0811083926759628,-0.0558170112002362
2.82016305500281,0.0271796737440566,0.0292845754715843,0.0175433429737529,0.0545858782869469,0.0531890689355894,0.0215823874194223,0,0,0,0,0,0,0,0,0,1.06751170888812,-0.0816689571234644,-0.0562916866846409
2.83016363321204,0.0274734134652042,0.0294599483348069,0.0175290883749002,0.0551188758193268,0.0534039578732484,0.0213925936758865,0,0,0,0,0,0,0,0,0,1.06669215724287,-0.0822342915064012,-0.0567709665241573
2.84016421142127,0.0277689062922551,0.0296351752502773,0.0175141558868658,0.0556540128424594,0.0536169391442656,0.0212008789582774,0,0,0,0,0,0,0,0,0,1.06586692796074,-0.0828044421049413,-0.0572548977262972
2.8501647896305,0.0280661507318266,0.0298102494620669,0.0174985501881367,0.0561912701827966,0.0538279936222486,0.021007260179167,0,0,0,0,0,0,0,0,0,1.06503597264419,-0.0833794556715478,-0.0577435277353954
2.86016536783973,0.0283651452232079,0.0299851642612648,0.0174822760030555,0.0567306284763637,0.05403710235059,0.020811754380688,0,0,0,0,0,0,0,0,0,1.06419924242576,-0.0839593794353306,-0.0582369044321494
2.87016594604896,0.0286658881388319,0.0301599129864323,0.0174653381011179,0.0572720681704627,0.0542442465437528,0.0206143787325488,0,0,0,0,0,0,0,0,0,1.0633566879633,-0.0845442611064221,-0.0587350761314827
2.88016652425819,0.0289683777847528,0.0303344890240516,0.0174477412962696,0.0578155695253906,0.054449407588537,0.0204151505300478,0,0,0,0,0,0,0,0,0,1.06250825943509,-0.0851341488802865,-0.0592380915850501
2.89016710246742,0.029272612401127,0.0305088858089663,0.0174294904462039,0.0583611126161683,0.0546525670453253,0.0202140871920884,0,0,0,0,0,0,0,0,0,1.061653906535,-0.0857290914421457,-0.0597459999902179
2.90016768067665,0.0295785901626994,0.0306830968248155,0.017410590451659,0.058908677334283,0.054853706649309,0.0200112062591932,0,0,0,0,0,0,0,0,0,1.06079357846755,-0.0863291379714681,-0.0602588509790363
2.91016825888588,0.029886309179293,0.0308571156044609,0.0173910462557152,0.0594582433894423,0.0550528083116949,0.0198065253915194,0,0,0,0,0,0,0,0,0,1.05992722394296,-0.0869343381461741,-0.0607766946185314
2.92016883709511,0.0301957674963038,0.0310309357304067,0.0173708628430924,0.0600097903113406,0.0552498541208914,0.0196000623668727,0,0,0,0,0,0,0,0,0,1.05905479117215,-0.0875447421471303,-0.0612995814296664
2.93016941530434,0.0305069630951991,0.0312045508352124,0.0173500452394472,0.060563297451437,0.0554448263436753,0.0193918350787224,0,0,0,0,0,0,0,0,0,1.05817622786166,-0.0881604006627349,-0.061827562371891
2.94016999351357,0.0308198938940199,0.0313779546018988,0.0173285985106707,0.0611187439847446,0.0556377074263384,0.0191818615342159,0,0,0,0,0,0,0,0,0,1.05729148120858,-0.0887813648931026,-0.0623606888409214
2.9501705717228,0.0311345577478879,0.0315511407643467,0.0173065277621851,0.0616761089116319,0.0558284799958147,0.0189701598521934,0,0,0,0,0,0,0,0,0,1.05640049789539,-0.0894076865546051,-0.0628990126815097
2.96017114993203,0.0314509524495159,0.031724103107689,0.0172838381382418,0.0622353710596341,0.0560171268607872,0.0187567482612025,0,0,0,0,0,0,0,0,0,1.05550322408479,-0.0900394178843121,-0.063442586180222
2.97017172814126,0.0317690757297222,0.031896835468695,0.0172605348212179,0.0627965090852771,0.0562036310127752,0.0185416450975129,0,0,0,0,0,0,0,0,0,1.05459960541446,-0.0906766116443873,-0.0639914620693301
2.98017230635049,0.0320889252579493,0.0320693317361488,0.0172366230309145,0.0633595014759107,0.0563879756272018,0.0183248688031312,0,0,0,0,0,0,0,0,0,1.05368958699179,-0.0913193211266067,-0.0645456935218141
2.99017288455972,0.0324104986427853,0.0322415858512195,0.017212108023853,0.063924326551553,0.0565701440644411,0.0181064379238153,0,0,0,0,0,0,0,0,0,1.05277311338858,-0.0919676001566551,-0.0651053341485825
3.00017346276895,0.0327337934324901,0.0324135918078254,0.0171869950925733,0.0644909624667455,0.0567501198708461,0.0178863711070891,0,0,0,0,0,0,0,0,0,1.05185012863563,-0.0926215030985886,-0.0656704380140202
3.01017404097818,0.0330588071155246,0.0325853436529901,0.0171612895649306,0.0650593872124179,0.0569278867797564,0.0176646871002574,0,0,0,0,0,0,0,0,0,1.05092057621739,-0.0932810848594423,-0.0662410596161089
3.02017461918741,0.0333855371210835,0.0327568354871928,0.0171349968033929,0.0656295786177627,0.0571034287124861,0.0174414047484203,0,0,0,0,0,0,0,0,0,1.04998439906647,-0.0939464008932949,-0.066817253891456
3.03017519739664,0.0337139808196315,0.0329280614647104,0.0171081222043383,0.0662015143521206,0.0572767297792921,0.0172165429924879,0,0,0,0,0,0,0,0,0,1.04904153955817,-0.0946175072059772,-0.0673990762234433
3.04017577560587,0.0340441355234432,0.0330990157939534,0.0170806711973524,0.0667751719268741,0.0574477742803218,0.0169901208671952,0,0,0,0,0,0,0,0,0,1.04809193950492,-0.0952944603592997,-0.0679865824289518
3.0501763538151,0.0343759984871459,0.0332696927377945,0.0170526492445254,0.0673505286973517,0.0576165467065424,0.0167621574991162,0,0,0,0,0,0,0,0,0,1.04713554015071,-0.0959773174754951,-0.0685798287667083
3.06017693202433,0.0347095669082661,0.03344008661389,0.0170240618397498,0.0679275618647405,0.0577830317406482,0.0165326721046795,0,0,0,0,0,0,0,0,0,1.04617228216547,-0.0966661362416138,-0.0691788719182507
3.07017751023356,0.0350448379277787,0.0336101917949944,0.0169949145080174,0.068506248478008,0.0579472142579505,0.0163016839881818,0,0,0,0,0,0,0,0,0,1.04520210563938,-0.0973609749135847,-0.0697837690062751
3.08017808844279,0.0353818086306599,0.0337800027092678,0.0169652128047167,0.0690865654358329,0.0581090793272453,0.0160692125398033,0,0,0,0,0,0,0,0,0,1.04422495007717,-0.098061892320978,-0.070394577589743
3.09017866665202,0.0357204760464422,0.0339495138405767,0.0169349623149304,0.0696684894885441,0.0582686122116632,0.0158352772336224,0,0,0,0,0,0,0,0,0,1.04324075439237,-0.0987689478709685,-0.0710113556422368
3.10017924486125,0.0360608371497738,0.034118719728787,0.0169041686527324,0.0702519972400689,0.058425798369498,0.0155998976256299,0,0,0,0,0,0,0,0,0,1.04224945690151,-0.0994822015526652,-0.0716341615708314
3.11017982307048,0.0364028888609793,0.0342876149700505,0.0168728374604855,0.0708370651498879,0.0585806234550159,0.0153630933517441,0,0,0,0,0,0,0,0,0,1.04125099531827,-0.100201713941452,-0.0722630542033286
3.12018040127971,0.0367466280466244,0.0344561942170849,0.0168409744081385,0.0714236695349995,0.058733073319245,0.0151248841258252,0,0,0,0,0,0,0,0,0,1.04024530674757,-0.100927546203062,-0.0728980927810397
3.13018097948894,0.0370920515200829,0.0346244521794451,0.0168085851925236,0.0720117865718913,0.058883134010745,0.0148852897376899,0,0,0,0,0,0,0,0,0,1.03923232767973,-0.101659760097773,-0.0735393369671103
3.14018155769817,0.0374391560421063,0.0347923836237895,0.0167756755366536,0.0726013922985193,0.0590307917763568,0.0146443300511263,0,0,0,0,0,0,0,0,0,1.03821199398439,-0.102398417984651,-0.0741868468287615
3.1501821359074,0.0377879383213963,0.0349599833741379,0.0167422511890194,0.0731924626162944,0.0591760330619319,0.0144020250019084,0,0,0,0,0,0,0,0,0,1.03718424090461,-0.103143582825387,-0.0748406828384001
3.16018271411662,0.0381383950151799,0.0351272463121225,0.0167083179228872,0.0737849732920761,0.0593188445130432,0.0141583945958109,0,0,0,0,0,0,0,0,0,1.03614900305074,-0.103895318188566,-0.075500905879167
3.17018329232585,0.0384905227297863,0.0352941673772328,0.0166738815355959,0.0743788999601739,0.0594592129756744,0.0139134589066236,0,0,0,0,0,0,0,0,0,1.03510621439438,-0.104653688253612,-0.0761675772199606
3.18018387053508,0.0388443180212269,0.0354607415670523,0.0166389478478546,0.074974218124354,0.0595971254968906,0.0136672380741663,0,0,0,0,0,0,0,0,0,1.03405580826221,-0.105418757814557,-0.0768407585255471
3.19018444874431,0.0391997773957779,0.0356269639374889,0.0166035227030393,0.0755709031598541,0.0597325693254888,0.0134197523023033,0,0,0,0,0,0,0,0,0,1.03299771732989,-0.106190592284194,-0.0775205118504203
3.20018502695354,0.0395568973105638,0.0357928296029982,0.0165676119664911,0.0761689303154039,0.0598655319126279,0.0131710218569581,0,0,0,0,0,0,0,0,0,1.03193187361577,-0.106969257697717,-0.0782068996121016
3.21018560516277,0.0399156741741448,0.0359583337367992,0.0165312215248128,0.0767682747152519,0.05999600091244,0.0129210670641283,0,0,0,0,0,0,0,0,0,1.03085820847471,-0.107754820716339,-0.0788999846066669
3.220186183372,0.0402761043471051,0.0361234715710841,0.0164943572851667,0.0773689113611979,0.0601239641826213,0.0126699083078997,0,0,0,0,0,0,0,0,0,1.02977665259178,-0.108547348631249,-0.0795998300059169
3.23018676158123,0.0406381841426439,0.0362882383972197,0.0164570251745716,0.0779708151346324,0.0602494097850024,0.0124175660284617,0,0,0,0,0,0,0,0,0,1.02868713597593,-0.10934690936717,-0.0803064993273638
3.24018733979046,0.0410019098271678,0.0364526295659429,0.0164192311392003,0.0785739607985797,0.0603723259861001,0.0121640607201211,0,0,0,0,0,0,0,0,0,1.02758958795365,-0.110153571485714,-0.081020056439194
3.25018791799969,0.0413672776208861,0.0366166404875486,0.016380981143677,0.0791783229997488,0.0604927012576486,0.0119094129293176,0,0,0,0,0,0,0,0,0,1.02648393716259,-0.110967404189043,-0.0817405655498382
3.26018849620892,0.0417342836984067,0.0367802666320709,0.0163422811703743,0.0797838762705873,0.0606105242771103,0.0116536432526378,0,0,0,0,0,0,0,0,0,1.02537011154512,-0.11178847732301,-0.0824680911968668
3.27018907441815,0.0421029241893347,0.0369435035294565,0.0163031372187109,0.0803905950313418,0.0607257839281683,0.0113967723348303,0,0,0,0,0,0,0,0,0,1.02424803834187,-0.112616861380603,-0.0832026982486611
3.28018965262738,0.0424731951788724,0.0371063467697324,0.0162635553044488,0.0809984535921223,0.0608384693011976,0.0111388208668202,0,0,0,0,0,0,0,0,0,1.02311764408529,-0.113452627505119,-0.0839444518783237
3.29019023083661,0.0428450927084208,0.0372687920031655,0.0162235414589906,0.0816074261549717,0.0609485696937169,0.0108798095837234,0,0,0,0,0,0,0,0,0,1.02197885459306,-0.114295847493083,-0.0846934175553506
3.30019080904584,0.0432186127761832,0.0374308349404152,0.0161831017286766,0.0822174868159396,0.0610560746108207,0.0106197592628622,0,0,0,0,0,0,0,0,0,1.0208315949616,-0.115146593797258,-0.0854496610473003
3.31019138725507,0.0435937513377692,0.0375924713526799,0.0161422421740826,0.08282860956716,0.0611609737655919,0.0103586907217788,0,0,0,0,0,0,0,0,0,1.01967578955946,-0.116004939529595,-0.0862132483998075
3.3201919654643,0.0439705043068017,0.0377536970718353,0.0161009688693169,0.0834407682989336,0.0612632570794931,0.0100966248162508,0,0,0,0,0,0,0,0,0,1.01851136202075,-0.116870958463846,-0.0869842459188258
3.33019254367353,0.0443488675555234,0.0379145079905665,0.0160592879013176,0.0840539368018132,0.0613629146827402,0.00983358243830538,0,0,0,0,0,0,0,0,0,1.01733823523845,-0.117744725038159,-0.0877627201650758
3.34019312188276,0.0447288369154064,0.0380749000624927,0.0160172053691503,0.0846680887686934,0.061459936914654,0.00956958451423447,0,0,0,0,0,0,0,0,0,1.01615633135781,-0.118626314357577,-0.0885487379401685
3.35019370009199,0.0451104081777617,0.0382348693022851,0.0159747273833048,0.0852831977969035,0.0615543143239937,0.00930465200260879,0,0,0,0,0,0,0,0,0,1.01496557176964,-0.119515802196357,-0.0893423662711967
3.36019427830122,0.0454935770943507,0.0383944117857774,0.0159318600649931,0.0858992373903035,0.0616460376692693,0.00903880589229277,0,0,0,0,0,0,0,0,0,1.01376587710361,-0.120413265000162,-0.0901436723867573
3.37019485651045,0.0458783393779967,0.0385535236500697,0.0158886095454462,0.0865161809613832,0.0617350979190348,0.00877206720045951,0,0,0,0,0,0,0,0,0,1.01255716722152,-0.121318779887899,-0.0909527237142622
3.38019543471968,0.0462646907031988,0.0387122010936251,0.0158449819652117,0.0871340018333639,0.0618214862521615,0.00850445697060494,0,0,0,0,0,0,0,0,0,1.01133936121057,-0.122232424653856,-0.0917695878676298
3.39019601292891,0.0466526267067458,0.0388704403763594,0.0158009834734511,0.0877526732423036,0.061905194058091,0.0082359962705629,0,0,0,0,0,0,0,0,0,1.01011237737661,-0.123154277769297,-0.0925943326038573
3.40019659113814,0.0470421429883309,0.0390282378197238,0.0157566202272371,0.0883721683392033,0.0619862129370687,0.00796670619051944,0,0,0,0,0,0,0,0,0,1.00887613323731,-0.124084418383729,-0.0934270258259035
3.41019716934737,0.0474332351111679,0.0391855898067803,0.0157118983908508,0.0889924601921169,0.0620645347003581,0.00769660784102763,0,0,0,0,0,0,0,0,0,1.00763054551542,-0.125022926326553,-0.0942677355720256
3.4201977475566,0.0478258986026073,0.0393424927822703,0.0156668241350793,0.0896135217882618,0.0621401513704334,0.00742572235102228,0,0,0,0,0,0,0,0,0,1.00637553013196,-0.125969882108119,-0.0951165299765007
3.43019832576583,0.0482201289547538,0.0394989432526765,0.0156214036365126,0.0902353260361328,0.0622130551811545,0.00715407086583461,0,0,0,0,0,0,0,0,0,1.00511100219936,-0.126925366920594,-0.0959734772485415
3.44019890397506,0.0486159216250838,0.039654937786277,0.0155756430768417,0.090857845767616,0.06228323857792,0.00688167454520686,0,0,0,0,0,0,0,0,0,1.00383687601471,-0.127889462638591,-0.0968386456556378
3.45019948218429,0.0490132720370638,0.0398104730131931,0.0155295486421548,0.0914810537401058,0.0623506942178025,0.00660855456130664,0,0,0,0,0,0,0,0,0,1.00255306505285,-0.128862251819704,-0.0977121035243913
3.46020006039352,0.0494121755807686,0.0399655456254293,0.0154831265222357,0.0921049226386218,0.0624154149696621,0.00633473209674228,0,0,0,0,0,0,0,0,0,1.00125948195963,-0.129843817705159,-0.0985939191847382
3.47020063860275,0.0498126276135012,0.0401201523769074,0.0154363829098605,0.0927294250779275,0.0624773939142411,0.00606022834257683,0,0,0,0,0,0,0,0,0,0.999956038544964,-0.130834244219227,-0.0994841609477365
3.48020121681198,0.0502146234604113,0.0402742900834924,0.0153893240000951,0.0933545336046497,0.062536624344239,0.00578506449634309,0,0,0,0,0,0,0,0,0,0.998642645776106,-0.131833615969434,-0.100382897107523
3.49020179502121,0.0506181584151154,0.0404279556230122,0.0153419559895926,0.0939802206993982,0.0625930997643664,0.00550926176005799,0,0,0,0,0,0,0,0,0,0.997319213770748,-0.132842018246013,-0.101290195882463
3.50020237323044,0.0510232277403164,0.0405811459352696,0.0152942850758904,0.0946064587788869,0.0626468138913812,0.00523284133823752,0,0,0,0,0,0,0,0,0,0.995985651790224,-0.133859537020935,-0.102206125402547
3.51020295143967,0.0514298266684231,0.0407338580220482,0.015246317456708,0.0952332201980533,0.0626977606541023,0.00495582443591145,0,0,0,0,0,0,0,0,0,0.99464186823269,-0.134886258947114,-0.103130753687546
3.5202035296489,0.0518379504021707,0.0408860889471099,0.0151980593292435,0.0958604772521807,0.062745934193406,0.00467823225663745,0,0,0,0,0,0,0,0,0,0.993287770626322,-0.135922271356993,-0.104064148611157
3.53020410785813,0.0522475941152398,0.0410378358361871,0.015149516889472,0.0964882021790172,0.0627913288622002,0.00440008600051632,0,0,0,0,0,0,0,0,0,0.991923265622526,-0.136967662261039,-0.105006377863652
3.54020468606736,0.0526587529528769,0.0411890958769662,0.0151006963314419,0.0971163671608975,0.0628339392253811,0.00412140686220644,0,0,0,0,0,0,0,0,0,0.990548258989168,-0.13802252034558,-0.105957508916131
3.55020526427659,0.0530714220325131,0.0413398663190651,0.0150516038465729,0.0977449443268615,0.0628737600597679,0.00384221602893822,0,0,0,0,0,0,0,0,0,0.989162655603824,-0.139086934970581,-0.106917609009952
3.56020584248582,0.0534855964443838,0.0414901444740036,0.0150022456229532,0.0983739057547737,0.0629107863540191,0.00356253467852946,0,0,0,0,0,0,0,0,0,0.987766359447057,-0.140160996167276,-0.107886745101584
3.57020642069505,0.0539012712521473,0.0416399277151661,0.0149526278446365,0.0990032234734411,0.0629450133085279,0.00328238397739882,0,0,0,0,0,0,0,0,0,0.986359273595715,-0.141244794634836,-0.108864983822795
3.58020699890428,0.0543184414935035,0.0417892134777583,0.0149027566909397,0.0996328694647299,0.0629764363352995,0.00300178507858179,0,0,0,0,0,0,0,0,0,0.984941300216273,-0.142338421737209,-0.109852391469267
3.59020757711351,0.0547371021808118,0.0419379992587559,0.0148526383357401,0.100262815665682,0.0630050510578055,0.0027207591197444,0,0,0,0,0,0,0,0,0,0.983512340558193,-0.143441969499555,-0.110849033932611
3.60020815532274,0.0551572483017084,0.0420862826168467,0.0148022789467728,0.100893033970626,0.0630308533108219,0.00243932722119817,0,0,0,0,0,0,0,0,0,0.98207229494734,-0.14455553060373,-0.111854976671503
3.61020873353197,0.0555788748197235,0.0422340611723659,0.0147516846849277,0.101523496233295,0.063053839140245,0.00215751048391501,0,0,0,0,0,0,0,0,0,0.980621062779434,-0.145679198384145,-0.112870284682814
3.6202093117412,0.056001976674897,0.0423813326072241,0.0147008617035472,0.102154174268932,0.0630740048028875,0.0018753299875414,0,0,0,0,0,0,0,0,0,0.979158542513543,-0.146813066822667,-0.113895022429463
3.63020988995043,0.0564265487843941,0.042528094664828,0.0146498161477236,0.102785039856398,0.0630913467662562,0.0015928067884136,0,0,0,0,0,0,0,0,0,0.97768463166564,-0.147957230543041,-0.114929253806833
3.64021046815966,0.0568525860431204,0.0426743451499948,0.0145985541535959,0.103416064740282,0.0631058617083087,0.00130996191757166,0,0,0,0,0,0,0,0,0,0.97619922680221,-0.149111784805114,-0.115973042123903
3.65021104636889,0.0572800833243344,0.0428200819288587,0.0145470818476476,0.104047220633002,0.0631175465171906,0.00102681637877491,0,0,0,0,0,0,0,0,0,0.974702223533917,-0.150276825498885,-0.117026450026253
3.66021162457812,0.0577090354802614,0.0429653029287712,0.0144954053460038,0.104678479216902,0.0631263982909517,0.000743391146515716,0,0,0,0,0,0,0,0,0,0.973193516509337,-0.151452449137187,-0.118089539430298
3.67021220278735,0.0581394373427044,0.0431100061381941,0.0144435307537288,0.105309812146358,0.0631324143372452,0.000459707164034898,0,0,0,0,0,0,0,0,0,0.971672999408766,-0.152638752848415,-0.119162371509801
3.68021278099658,0.0585712837236551,0.0432541896065847,0.0143914641641231,0.105941191049865,0.0631355921730037,0.000175785341335778,0,0,0,0,0,0,0,0,0,0.970140564938097,-0.153835834368949,-0.12024500661845
3.69021335920581,0.0590045694159031,0.0433978514442753,0.0143392116580208,0.10657258753213,0.0631359295240975,-0.000108353446800794,0,0,0,0,0,0,0,0,0,0.968596104822788,-0.155043792034329,-0.121337504237385
3.70021393741504,0.0594392891936441,0.0435409898223449,0.0142867793030871,0.107203973176163,0.0631334243249727,-0.000392688362801683,0,0,0,0,0,0,0,0,0,0.967039509801907,-0.156262724770626,-0.12243992293537
3.71021451562427,0.0598754378130867,0.0436836029724837,0.0142341731531153,0.107835319545357,0.0631280747182686,-0.000677198608287283,0,0,0,0,0,0,0,0,0,0.965470669622276,-0.157492732084823,-0.123552320281357
3.7202150938335,0.0603130100130578,0.0438256891868511,0.0141813992473246,0.10846659818557,0.0631198790544161,-0.000961863426056391,0,0,0,0,0,0,0,0,0,0.963889473032708,-0.158733914054437,-0.124674752788044
3.73021567204272,0.0607520005156068,0.0439672468179264,0.0141284636096572,0.109097780627202,0.0631088358912159,-0.00124666210207198,0,0,0,0,0,0,0,0,0,0.962295807778359,-0.15998637131677,-0.125807275872467
3.74021625025195,0.0611924040266078,0.0441082742783525,0.0140753722480751,0.109728838387263,0.0630949439933971,-0.00153157396744585,0,0,0,0,0,0,0,0,0,0.96068956059518,-0.161250205057743,-0.126949943781065
3.75021682846118,0.0616342152363606,0.0442487700407725,0.0140221311538585,0.110359742971444,0.0630782023321556,-0.00181657840042482,0,0,0,0,0,0,0,0,0,0.95907061720449,-0.16252551699965,-0.128102809487
3.76021740667041,0.0620774288201899,0.0443887326376595,0.0139687463009023,0.110990465876178,0.0630586100846723,-0.00210165482837557,0,0,0,0,0,0,0,0,0,0.957438862307679,-0.163812409387936,-0.129265924651302
3.77021798487964,0.0625220394390427,0.0445281606611391,0.0139152236450135,0.111620978590694,0.0630361666336133,-0.00238678272976997,0,0,0,0,0,0,0,0,0,0.955794179581037,-0.165110984978177,-0.130439339580962
3.78021856308887,0.0629680417400837,0.044667052762805,0.0138615691232091,0.112251252599078,0.0630108715666075,-0.00267194163617067,0,0,0,0,0,0,0,0,0,0.954136451670724,-0.166421347022016,-0.131623103099333
3.7902191412981,0.0634154303572899,0.0448054076535277,0.0138077886530126,0.112881259382309,0.0629827246757062,-0.00295711113421626,0,0,0,0,0,0,0,0,0,0.952465560187879,-0.16774359925155,-0.132817262466469
3.80021971950733,0.0638641999120411,0.0449432241032559,0.0137538881317519,0.113510970420312,0.0629517259568225,-0.0032422708676066,0,0,0,0,0,0,0,0,0,0.950781385703899,-0.169077845863679,-0.134021863346116
3.81022029771656,0.0643143450137112,0.0450805009408111,0.0136998734358567,0.114140357193982,0.0629178756091511,-0.00352740053908825,0,0,0,0,0,0,0,0,0,0.949083807745864,-0.170424191503829,-0.135236949701354
3.82022087592579,0.0647658602602545,0.0452172370536751,0.0136457504201553,0.114769391187226,0.0628811740345668,-0.00381247991244,0,0,0,0,0,0,0,0,0,0.947372704792141,-0.171782741248211,-0.13646256370376
3.83022145413502,0.0652187402387922,0.0453534313877704,0.0135915249171723,0.115398043888976,0.0628416218370054,-0.00409748881445754,0,0,0,0,0,0,0,0,0,0.945647954268166,-0.173153600585732,-0.137698745649473
3.84022203234425,0.0656729795261954,0.0454890829472337,0.013537202736426,0.116026286795214,0.0627992198218227,-0.00438240713693962,0,0,0,0,0,0,0,0,0,0.943909432542406,-0.174536875398572,-0.138945533867107
3.85022261055348,0.0661285726896659,0.0456241907941821,0.0134827896637253,0.11665409141098,0.062753968995135,-0.00466721483867316,0,0,0,0,0,0,0,0,0,0.94215701492253,-0.175932671942254,-0.140202964627175
3.86022318876271,0.0665855142873152,0.0457587540484729,0.0134282914604677,0.117281429252376,0.0627058705631388,-0.00495189194741794,0,0,0,0,0,0,0,0,0,0.940390575651772,-0.177341096824412,-0.141471072035926
3.87022376697194,0.0670437988687407,0.0458927718874556,0.0133737138629359,0.117908271848566,0.0626549259314119,-0.00523641856189301,0,0,0,0,0,0,0,0,0,0.938609987905524,-0.178762256982732,-0.142749887976302
3.88022434518117,0.0675034209755989,0.0460262435457172,0.0133190625815955,0.118534590743762,0.0626011367041931,-0.0055207748537612,0,0,0,0,0,0,0,0,0,0.936815123788143,-0.180196259662544,-0.144039441965996
3.8902249233904,0.0679643751421771,0.046159168314821,0.0132643433003925,0.119160357499212,0.0625445046836427,-0.00580494106961459,0,0,0,0,0,0,0,0,0,0.935005854329992,-0.181643212391922,-0.14533976103443
3.90022550159963,0.0684266558959615,0.0462915455430371,0.0132095616760501,0.119785543695172,0.0624850318690839,-0.00608889753296057,0,0,0,0,0,0,0,0,0,0.933182049484741,-0.183103222956815,-0.146650869673894
3.91022607980886,0.0688902577582031,0.0464233746350674,0.0131547233373667,0.120410120932875,0.0624227204562235,-0.00637262464620623,0,0,0,0,0,0,0,0,0,0.931343578126909,-0.184576399375172,-0.147972789694419
3.92022665801809,0.0693551752444805,0.0465546550517622,0.0130998338845126,0.121034060836491,0.0623575728363522,-0.00665610289264396,0,0,0,0,0,0,0,0,0,0.929490308049682,-0.186062849869169,-0.149305540108874
3.93022723622732,0.0698214028652601,0.0466853863098308,0.0130448988883277,0.121657335055079,0.062289591595527,-0.00693931283843721,0,0,0,0,0,0,0,0,0,0.927622105963011,-0.187562682837033,-0.150649137024734
3.94022781443655,0.0702889351264531,0.0468155679815446,0.0129899238896185,0.122279915264531,0.0622187795137312,-0.0072222351346058,0,0,0,0,0,0,0,0,0,0.925738837491993,-0.189076006823106,-0.15200359350448
3.95022839264578,0.0707577665299698,0.046945199694433,0.0129349143984562,0.122901773169506,0.0621451395640171,-0.00750485051901032,0,0,0,0,0,0,0,0,0,0.923840367175565,-0.190602930486884,-0.153368919472637
3.96022897085501,0.0712278915742706,0.0470742811309728,0.0128798758934728,0.123522880505357,0.0620686749116266,-0.00778713981833864,0,0,0,0,0,0,0,0,0,0.921926558465508,-0.192143562571209,-0.154745121567295
3.97022954906424,0.071699304754914,0.04720281202827,0.0128248138211595,0.124143209040048,0.0619893889130934,-0.00806908395009108,0,0,0,0,0,0,0,0,0,0.919997273725778,-0.193698011868345,-0.156132203001343
3.98023012727347,0.072172000565101,0.0473307921777354,0.0127697335951636,0.124762730576064,0.0619072851153254,-0.00835066392456445,0,0,0,0,0,0,0,0,0,0.918052374232184,-0.195266387185397,-0.157530163453963
3.9902307054827,0.0726459734962168,0.0474582214247517,0.0127146405955857,0.125381416952309,0.0618223672546656,-0.00863186084683946,0,0,0,0,0,0,0,0,0,0.916091720172415,-0.196848797308213,-0.158938998917381
4.00023128369193,0.073121218038369,0.0475850996683355,0.0126595401682773,0.125999240045995,0.0617346392559351,-0.00891265591876472,0,0,0,0,0,0,0,0,0,0.914115170646437,-0.198445350963737,-0.160358701531136
4.01023186190116,0.0735977286809221,0.0477114268607906,0.0126044376241379,0.126616171774524,0.0616441052314551,-0.00919303044094175,0,0,0,0,0,0,0,0,0,0.912122583667273,-0.200056156780598,-0.161789259470875
4.02023244011039,0.0740754999130279,0.0478372030073553,0.0125493382384126,0.127232184097355,0.0615507694800502,-0.00947296581471156,0,0,0,0,0,0,0,0,0,0.910113816162192,-0.201681323249241,-0.163230656810843
4.03023301831962,0.0745545262241548,0.047962428165842,0.0124942472499891,0.127847249017869,0.0614546364860293,-0.00975244354413953,0,0,0,0,0,0,0,0,0,0.908088723974283,-0.20332095867976,-0.164682873308717
4.04023359652885,0.07503480210461,0.0480871024462705,0.0124391698606953,0.128461338585213,0.0613557109181503,-0.0100314452379998,0,0,0,0,0,0,0,0,0,0.906047161864487,-0.20497517115773,-0.166145884297507
4.05023417473808,0.0755163220460607,0.0482112260104935,0.0123841112345963,0.129074424896145,0.0612539976285619,-0.0103099526117623,0,0,0,0,0,0,0,0,0,0.903988983514057,-0.206644068499877,-0.167619660535619
4.06023475294731,0.0759990805420502,0.0483347990718155,0.0123290764972922,0.129686480096858,0.0611495016517266,-0.0105879474895766,0,0,0,0,0,0,0,0,0,0.901914041527474,-0.208327758206912,-0.169104167987158
4.07023533115654,0.0764830720885107,0.0484578218946051,0.012274070735215,0.130297476384798,0.0610422282033244,-0.0108654118062579,0,0,0,0,0,0,0,0,0,0.899822187435853,-0.210026347414802,-0.170599367676182
4.08023590936577,0.0769682911842721,0.0485802947938988,0.0122190989949262,0.130907386010477,0.0609321826791359,-0.0111423276092727,0,0,0,0,0,0,0,0,0,0.897713271700833,-0.211739942844694,-0.172105215543675
4.090236487575,0.0774547323315663,0.0487022181349999,0.012164166282414,0.131516181279259,0.0608193706539062,-0.0114186770607235,0,0,0,0,0,0,0,0,0,0.895587143718981,-0.213468650751324,-0.173621662240619
4.10023706578423,0.0779423900365281,0.0488235923330683,0.0121092775623905,0.132123834553151,0.0607037978801877,-0.0116944424393342,0,0,0,0,0,0,0,0,0,0.893443651826718,-0.215212576868801,-0.175148652931339
4.11023764399346,0.0784312588096917,0.0489444178527047,0.0120544377575892,0.132730318252574,0.0605854702871648,-0.011969606142436,0,0,0,0,0,0,0,0,0,0.891282643305808,-0.216971826355086,-0.176686127138469
4.12023822220269,0.0789213331664833,0.0490646952075272,0.0119996517480625,0.133335604858119,0.060464393979457,-0.0122441506879525,0,0,0,0,0,0,0,0,0,0.889103964389391,-0.21874650373467,-0.178234018533323
4.13023880041192,0.0794126076277086,0.0491844249597408,0.0119449243704787,0.133939666912303,0.060340575235904,-0.0125180587163841,0,0,0,0,0,0,0,0,0,0.88690746026862,-0.220536712838862,-0.179792254751291
4.14023937862115,0.0799050767200369,0.0493036077197001,0.0118902604174192,0.134542477021299,0.0602140205083288,-0.0127913129927955,0,0,0,0,0,0,0,0,0,0.884692975099889,-0.222342556744778,-0.181360757183525
4.15023995683038,0.0803987349764802,0.049422244145465,0.0118356646366767,0.135144007856662,0.0600847364202825,-0.0130638964087987,0,0,0,0,0,0,0,0,0,0.882460352012687,-0.22416413771146,-0.182939440760459
4.16024053503961,0.0808935769368683,0.0495403349423493,0.0117811417305512,0.135744232157038,0.0599527297657697,-0.0133357919845394,0,0,0,0,0,0,0,0,0,0.880209433118112,-0.226001557114533,-0.184528213784906
4.17024111324884,0.0813895971483189,0.0496578808624618,0.0117266963551484,0.136343122729867,0.0598180075079517,-0.0136069828706829,0,0,0,0,0,0,0,0,0,0.877940059518024,-0.22785491537899,-0.186126977674548
4.18024169145807,0.0818867901657032,0.0497748827042413,0.0116723331196767,0.136940652453064,0.0596805767778318,-0.0138774523503985,0,0,0,0,0,0,0,0,0,0.875652071314902,-0.229724311908697,-0.187735626760243
4.1902422696673,0.0823851505521071,0.049891341311984,0.0116180565857443,0.13753679427669,0.0595404448729215,-0.0141471838413452,0,0,0,0,0,0,0,0,0,0.873345307622416,-0.23160984501514,-0.189354048100928
4.20024284787653,0.082884672879287,0.0500072575753637,0.0115638712666568,0.138131521224614,0.0593976192558834,-0.0144161608976568,0,0,0,0,0,0,0,0,0,0.871019606576699,-0.233511611843232,-0.19098212118999
4.21024342608576,0.0833853517281215,0.0501226324289458,0.0115097816267145,0.138724806396156,0.0592521075531581,-0.0146843672119282,0,0,0,0,0,0,0,0,0,0.868674805348412,-0.23542970829419,-0.192619717749205
4.22024400429499,0.0838871816890581,0.0502374668516927,0.0114557920805094,0.139316622967718,0.0591039175535689,-0.014951786617199,0,0,0,0,0,0,0,0,0,0.866310740155555,-0.237364228947213,-0.194266701546333
4.23024458250422,0.084390157362554,0.0503517618664642,0.011401906992223,0.1399069441944,0.0589530572069081,-0.0152184030889409,0,0,0,0,0,0,0,0,0,0.863927246277092,-0.239315266978716,-0.195922928101043
4.24024516071345,0.0848942733595134,0.0504655185395095,0.0113481306749235,0.140495743411603,0.0587995346225009,-0.0154842007470412,0,0,0,0,0,0,0,0,0,0.861524158067388,-0.241282914078125,-0.197588244419582
4.25024573892268,0.0853995243017179,0.0505787379799523,0.011294467389863,0.14108299403662,0.0586433580677534,-0.0157491638577892,0,0,0,0,0,0,0,0,0,0.859101308971514,-0.243267260361801,-0.199262488809536
4.26024631713191,0.0859059048222536,0.0506914213392691,0.0112409213457744,0.141668669570205,0.0584845359666773,-0.0160132768358616,0,0,0,0,0,0,0,0,0,0.856658531541402,-0.245268394285136,-0.200945490614618
4.27024689534114,0.0864134095659315,0.0508035698107611,0.01118749669817,0.142252743598135,0.0583230768983964,-0.0162765242463071,0,0,0,0,0,0,0,0,0,0.854195657452912,-0.247286402551168,-0.202637069932008
4.28024747355037,0.0869220331897032,0.0509151846290174,0.0111341975486374,0.142835189792751,0.0581589895956324,-0.0165388908065325,0,0,0,0,0,0,0,0,0,0.851712517523817,-0.249321370017025,-0.204337037357961
4.2902480517596,0.0874317703630712,0.0510262670693733,0.0110810279441376,0.143415981914489,0.0579922829431722,-0.0168003613882873,0,0,0,0,0,0,0,0,0,0.849208941732737,-0.251373379597449,-0.206045193731795
4.30024862996883,0.0879426157684933,0.0511368184473596,0.0110279918763024,0.143995093813393,0.0578229659763132,-0.01706092101965,0,0,0,0,0,0,0,0,0,0.846684759239052,-0.253442512166126,-0.207761329873347
4.31024920817806,0.0884545641017821,0.0512468401181464,0.0109750932807312,0.144572499430609,0.0576510478792913,-0.0173205548870123,0,0,0,0,0,0,0,0,0,0.844139798403815,-0.255528846453953,-0.209485226306356
4.32024978638728,0.0889676100724988,0.0513563334759787,0.0109223360362887,0.145148172799871,0.0574765379836871,-0.0175792483370658,0,0,0,0,0,0,0,0,0,0.841573886811698,-0.257632458944836,-0.211216652995362
4.33025036459651,0.0894817484043406,0.0514652999536061,0.0108697239644023,0.145722088048961,0.0572994457668129,-0.0178369868787859,0,0,0,0,0,0,0,0,0,0.838986851293987,-0.259753423768697,-0.212955369045438
4.34025094280574,0.0899969738355233,0.0515737410217043,0.0108172608283591,0.146294219401166,0.0571197808500796,-0.0180937561854181,0,0,0,0,0,0,0,0,0,0.83637851795267,-0.261891812591264,-0.2147011224134
4.35025152101497,0.0905132811191573,0.0516816581882904,0.0107649503326035,0.146864541176702,0.0569375529973443,-0.018349542096463,0,0,0,0,0,0,0,0,0,0.833748712185635,-0.264047694501306,-0.216453649644325
4.3602520992242,0.0910306650236188,0.0517890529981311,0.0107127961220345,0.147433027794138,0.0567527721132382,-0.018604330619662,0,0,0,0,0,0,0,0,0,0.831097258713016,-0.266221135895147,-0.21821267561053
4.37025267743343,0.0915491203329131,0.0518959270321433,0.0106608017813027,0.147999653771789,0.0565654482414734,-0.0188581079329819,0,0,0,0,0,0,0,0,0,0.828423981604696,-0.268412200358683,-0.219977913179695
4.38025325564266,0.0920686418470344,0.0520022819067886,0.0106089708341082,0.148564393729104,0.0563755915631305,-0.0191108603866009,0,0,0,0,0,0,0,0,0,0.825728704309019,-0.270620948545261,-0.221749062896147
4.39025383385189,0.0925892243823176,0.0521081192734595,0.0105573067424974,0.149127222388026,0.0561832123949271,-0.0193625745048941,0,0,0,0,0,0,0,0,0,0.823011249682731,-0.272847438051316,-0.223525812735817
4.40025441206112,0.093110862771784,0.0522134408178603,0.0105058129061605,0.149688114574343,0.0559883211874656,-0.0196132369884179,0,0,0,0,0,0,0,0,0,0.820271440022178,-0.275091723289353,-0.225307837818877
4.41025499027035,0.0936335518654825,0.0523182482593789,0.0104544926617291,0.150247045219019,0.0557909285234615,-0.0198628347158962,0,0,0,0,0,0,0,0,0,0.817509097095797,-0.277353855357836,-0.227094800074657
4.42025556847958,0.0941572865308224,0.0524225433504537,0.0104033492820733,0.1508039893595,0.0555910451159509,-0.0201113547462056,0,0,0,0,0,0,0,0,0,0.814724042177903,-0.279633881907465,-0.228886347922625
4.43025614668881,0.0946820616529011,0.0525263278759315,0.0103523859755985,0.151358922141016,0.05538868180648,-0.0203587843203602,0,0,0,0,0,0,0,0,0,0.811916096083865,-0.281931847004687,-0.230682116021426
4.44025672489804,0.0952078721348248,0.0526296036524199,0.0103016058855439,0.151911818817855,0.055183849563273,-0.0206051108634977,0,0,0,0,0,0,0,0,0,0.809085079206618,-0.284247790992951,-0.232481724945145
4.45025730310727,0.0957347128980227,0.0527323725276322,0.0102510120892788,0.152462654754614,0.0549765594793812,-0.0208503219868647,0,0,0,0,0,0,0,0,0,0.806230811554613,-0.286581750349748,-0.234284780859453
4.4602578813165,0.0962625788825554,0.0528346363797244,0.0102006075976004,0.15301140542745,0.0547668227708117,-0.021094405489801,0,0,0,0,0,0,0,0,0,0.803353112791196,-0.288933757541385,-0.236090875260854
4.47025845952573,0.0967914650474152,0.0529363971166267,0.010150395354031,0.153558046425288,0.0545546507746364,-0.0213373493617259,0,0,0,0,0,0,0,0,0,0.800451802275454,-0.291303840874811,-0.237899584638298
4.48025903773496,0.0973213663708211,0.053037656675367,0.0101003782341154,0.15410255345103,0.0543400549470812,-0.0215791417841241,0,0,0,0,0,0,0,0,0,0.797526699104561,-0.293692024345622,-0.23971047015341
4.49025961594419,0.0978522778505061,0.0531384170213872,0.010050559044718,0.154644902322734,0.0541230468615952,-0.0218197711325288,0,0,0,0,0,0,0,0,0,0.794577622157664,-0.296098327483492,-0.241523077390434
4.50026019415342,0.0983841945039979,0.0532386801478531,0.0100009405233205,0.155185068974779,0.0539036382069007,-0.02205922597851,0,0,0,0,0,0,0,0,0,0.791604390141319,-0.298522765195176,-0.243336936040993
4.51026077236265,0.0989171113688927,0.0533384480749575,0.00995152533731903,0.155723029459005,0.0536818407850223,-0.0222974950916574,0,0,0,0,0,0,0,0,0,0.788606821636524,-0.300965347603637,-0.245151559594305
4.52026135057188,0.0994510235031223,0.0534377228492148,0.00990231608332128,0.156258759945835,0.0534576665092967,-0.022534567441567,0,0,0,0,0,0,0,0,0,0.785584735147363,-0.303426079884851,-0.24696644503118
4.53026192878111,0.0999859259852131,0.0535365065427503,0.0098533152864443,0.156792236725384,0.0532311274023621,-0.0227704321998266,0,0,0,0,0,0,0,0,0,0.782537949151307,-0.305904962100816,-0.248781072533341
4.54026250699034,0.100521813914539,0.0536348012525816,0.00980452539961137,0.157323436208538,0.0530022355941299,-0.0230050787419999,0,0,0,0,0,0,0,0,0,0.779466282151202,-0.308401989030543,-0.250594905259348
4.55026308519957,0.101058682411567,0.0537326090998928,0.00975594880284938,0.157852334928014,0.0527710033197331,-0.0232384966496124,0,0,0,0,0,0,0,0,0,0.776369552728943,-0.310917149998578,-0.252407388982837
4.5602636634088,0.101596526618096,0.0538299322293027,0.0097075878025866,0.158378909539409,0.052537442917457,-0.0234706757121383,0,0,0,0,0,0,0,0,0,0.773247579600898,-0.313450428698763,-0.254217951802142
4.57026424161803,0.102135341697483,0.0539267728081241,0.00965944463094945,0.158903136822213,0.0523015668266507,-0.0237016059289835,0,0,0,0,0,0,0,0,0,0.770100181675106,-0.316001803016953,-0.256026003961714
4.58026481982726,0.102675122834874,0.0540231330256184,0.00961152144506012,0.159424993680817,0.0520633875856168,-0.023931277511472,0,0,0,0,0,0,0,0,0,0.766927178110241,-0.318571244851195,-0.257830937552411
4.59026539803649,0.103215865237413,0.0541190150922412,0.00956382032633386,0.159944457145486,0.0518229178294824,-0.0241596808848314,0,0,0,0,0,0,0,0,0,0.763728388376413,-0.321158719928457,-0.259632126179698
4.60026597624572,0.103757564134453,0.0542144212388824,0.00951634327977642,0.160461504373318,0.0515801702880496,-0.0243868066901783,0,0,0,0,0,0,0,0,0,0.7605036323178,-0.323764187618172,-0.261428924778622
4.61026655445495,0.104300214777757,0.0543093537160976,0.00946909223328092,0.160976112649184,0.0513351577836279,-0.0246126457865025,0,0,0,0,0,0,0,0,0,0.757252730217167,-0.326387600745263,-0.263220669406932
4.62026713266418,0.104843812441688,0.0544038147933342,0.00942206903692572,0.161488259386637,0.0510878932288434,-0.0248371892526544,0,0,0,0,0,0,0,0,0,0.753975502862248,-0.329028905399552,-0.265006676929089
4.63026771087341,0.105388352423399,0.0544978067581494,0.00937527546227169,0.161997922128804,0.0508383896244319,-0.0250604283893282,0,0,0,0,0,0,0,0,0,0.750671771614076,-0.331688040742458,-0.26678624482684
4.64026828908264,0.105933830043004,0.0545913319154215,0.0093287132016589,0.162505078549263,0.0505866600570093,-0.0252823547210487,0,0,0,0,0,0,0,0,0,0.747341358477226,-0.334364938812627,-0.268558651051183
4.65026886729187,0.106480240643753,0.0546843925865541,0.00928238386750482,0.163009706452881,0.0503327176968246,-0.0255029599981562,0,0,0,0,0,0,0,0,0,0.743984086172036,-0.337059524329664,-0.270323153752404
4.6602694455011,0.107027579592189,0.0547769911086734,0.0092362889916012,0.163511783776646,0.0500765757954892,-0.0257222361987913,0,0,0,0,0,0,0,0,0,0.740599778208777,-0.33977171449436,-0.272078991086068
4.67027002371033,0.107575842278303,0.0548691298338182,0.00919043002441126,0.164011288590469,0.0498182476836918,-0.025940175530881,0,0,0,0,0,0,0,0,0,0.737188258963866,-0.342501418788553,-0.273825381144211
4.68027060191956,0.108125024115681,0.0549608111281233,0.00914480833436737,0.164508199097958,0.0495577467688884,-0.0261567704341241,0,0,0,0,0,0,0,0,0,0.733749353758042,-0.34524853877397,-0.275561521710853
4.69027118012879,0.108675120541635,0.0550520373709954,0.00909942520716807,0.165002493637179,0.0492950865329751,-0.0263720135819763,0,0,0,0,0,0,0,0,0,0.730282888936603,-0.3480129678872,-0.277286590123651
4.70027175833802,0.109226127017339,0.0551428109542825,0.0090542818450756,0.165494150681387,0.049030280529941,-0.0265858978836341,0,0,0,0,0,0,0,0,0,0.726788691951678,-0.350794591235774,-0.278999743269358
4.71027233654725,0.109778039027944,0.0552331342814356,0.00900937936621332,0.165983148839736,0.0487633423835003,-0.0267984164860232,0,0,0,0,0,0,0,0,0,0.723266591446547,-0.353593285393041,-0.280700117356468
4.72027291475648,0.11033085208269,0.0553230097666639,0.00896471880386253,0.166469466857963,0.0484942857847037,-0.0270095627757815,0,0,0,0,0,0,0,0,0,0.719716417342015,-0.356408918189701,-0.282386827874253
4.73027349296571,0.110884561715014,0.055412439834083,0.00892030110576039,0.16695308361905,0.0482231244895347,-0.0272193303812447,0,0,0,0,0,0,0,0,0,0.716138000924901,-0.359241348507866,-0.284058969612625
4.74027407117494,0.111439163482638,0.0555014269168557,0.00887612713339695,0.167433978143862,0.0479498723164779,-0.0274277131744326,0,0,0,0,0,0,0,0,0,0.712531174938531,-0.36209042607299,-0.285715616521876
4.75027464938417,0.111994652967662,0.055589973456326,0.0088321976613125,0.167912129591759,0.0476745431440763,-0.027634705273034,0,0,0,0,0,0,0,0,0,0.708895773675388,-0.364955991245117,-0.287355821788465
4.7602752275934,0.112551025776636,0.055678081901146,0.0087885133763949,0.168387517261184,0.0473971509084618,-0.0278403010423909,0,0,0,0,0,0,0,0,0,0.705231633071783,-0.367837874812336,-0.288978617803212
4.77027580580263,0.11310827754063,0.0557657547063959,0.00874507487717713,0.168860120590228,0.0471177096008694,-0.0280444950974857,0,0,0,0,0,0,0,0,0,0.701538590804633,-0.370735897781389,-0.290583016205492
4.78027638401186,0.113666403915298,0.0558529943326969,0.00870188267313402,0.169329919157166,0.0468362332651317,-0.028247282304926,0,0,0,0,0,0,0,0,0,0.697816486390319,-0.373649871172009,-0.292168008034139
4.79027696222109,0.114225400580922,0.0559398032453169,0.00865893718398025,0.169796892680973,0.046552735995151,-0.0284486577849288,0,0,0,0,0,0,0,0,0,0.694065161285584,-0.37657959581055,-0.293732563723551
4.80027754043032,0.11478526324246,0.0560261839132695,0.00861623873896745,0.170261021021811,0.0462672319323538,-0.028648616913307,0,0,0,0,0,0,0,0,0,0.690284458990512,-0.37952486212424,-0.295275633296311
4.81027811863955,0.115345987629576,0.0561121388084057,0.00857378757618122,0.170722284181491,0.0459797352631255,-0.0288471553234547,0,0,0,0,0,0,0,0,0,0.686474225153543,-0.382485449938669,-0.296796146528459
4.82027869684878,0.115907569496663,0.0561976704044989,0.00853158384183897,0.17118066230391,0.0456902602162229,-0.0290442689083322,0,0,0,0,0,0,0,0,0,0.682634307678504,-0.385461128275351,-0.298293013150452
4.83027927505801,0.116470004622861,0.056282781176322,0.0084896275895869,0.171636135675463,0.0453988210601706,-0.0292399538224511,0,0,0,0,0,0,0,0,0,0.678764556833672,-0.388451655153225,-0.299765123099372
4.84027985326724,0.117033288812058,0.056367473598719,0.00844791877979715,0.172088684725424,0.0451054321006329,-0.0294342064838599,0,0,0,0,0,0,0,0,0,0.674864825362775,-0.391456777391261,-0.301211346754067
4.85028043147646,0.11759741789289,0.0564517501456681,0.00840645727886582,0.172538290026309,0.0448101076777706,-0.0296270235761302,0,0,0,0,0,0,0,0,0,0.670934968598003,-0.394476230414668,-0.302630535279675
4.8602810096857,0.118162387718727,0.0565356132893387,0.00836524285850968,0.172984932294204,0.044512862163574,-0.0298184020503404,0,0,0,0,0,0,0,0,0,0.666974844574887,-0.397509738064391,-0.304021520958967
4.87028158789493,0.118728194167646,0.0566190654991409,0.00832427519506358,0.173428592389071,0.0442137099591793,-0.0300083391270624,0,0,0,0,0,0,0,0,0,0.662984314149116,-0.400557012409946,-0.305383117652108
4.88028216610415,0.119294833142403,0.0567021092407677,0.00828355386877802,0.173869251315028,0.0439126654921624,-0.0301968322983458,0,0,0,0,0,0,0,0,0,0.658963241115164,-0.403617753568108,-0.306714121203989
4.89028274431338,0.119862300570392,0.0567847469752313,0.00824307836311627,0.174306890220596,0.043609743213814,-0.0303838793297045,0,0,0,0,0,0,0,0,0,0.654911492326733,-0.406691649523898,-0.308013309854181
4.90028332252261,0.120430592403588,0.0568669811578915,0.00820284806405175,0.174741490398925,0.0433049575963957,-0.0305694782621013,0,0,0,0,0,0,0,0,0,0.650828937818956,-0.409778375957469,-0.309279444858821
4.91028390073184,0.12099970461849,0.0569488142374767,0.00816286225936544,0.17517303328799,0.0429983231303752,-0.0307536274139334,0,0,0,0,0,0,0,0,0,0.646715450932305,-0.412877596077533,-0.310511271103577
4.92028447894107,0.121569633216048,0.057030248655099,0.00812312013794316,0.175601500470757,0.0426898543216414,-0.030936325383017,0,0,0,0,0,0,0,0,0,0.642570908438131,-0.415988960460507,-0.311707517650866
4.9302850571503,0.122140374221584,0.0571112868432614,0.00808362078907264,0.176026873675326,0.0423795656887004,-0.0311175710485744,0,0,0,0,0,0,0,0,0,0.638395190665782,-0.419112106894878,-0.312866898423493
4.94028563535953,0.122711923684697,0.0571919312248584,0.00804436320174125,0.176449134775041,0.0420674717598513,-0.0312973635732174,0,0,0,0,0,0,0,0,0,0.634188181631257,-0.422246660234033,-0.313988112999184
4.95028621356876,0.123284277679165,0.057272184212169,0.00800534626393329,0.176868265788576,0.0417535870703423,-0.031475702404934,0,0,0,0,0,0,0,0,0,0.629949769167269,-0.425392232256512,-0.315069847346775
4.96028679177799,0.123857432302832,0.0573520482058441,0.00796656876192697,0.177284248879987,0.0414379261595069,-0.0316525872790738,0,0,0,0,0,0,0,0,0,0.625679845054697,-0.428548421533556,-0.316110774704026
4.97028736998722,0.12443138367749,0.0574315255938845,0.00792802937959187,0.17769706635874,0.0411205035678801,-0.0318280182203313,0,0,0,0,0,0,0,0,0,0.621378305155292,-0.431714813306927,-0.31710955647042
4.98028794819645,0.125006127948743,0.057510618750614,0.0078897266976868,0.178106700679711,0.0408013338342946,-0.0320019955447339,0,0,0,0,0,0,0,0,0,0.617045049545578,-0.434890979374309,-0.318064843138924
4.99028852640568,0.125581661285866,0.0575893300356452,0.007851659193156,0.178513134443149,0.0404804314929582,-0.0321745198616263,0,0,0,0,0,0,0,0,0,0.61267998265185,-0.438076477985762,-0.318975275330019
5.00028910461491,0.126157979881656,0.0576676617928369,0.00781382523842767,0.178916350394621,0.0401578110705092,-0.0323455920756546,0,0,0,0,0,0,0,0,0,0.608283013386137,-0.441270853749806,-0.319839484870362
5.01028968282414,0.126735079952265,0.0577456163492453,0.00777622310071062,0.179316331424916,0.0398334870830547,-0.0325152133887532,0,0,0,0,0,0,0,0,0,0.603854055283093,-0.444473637551454,-0.3206560959509
5.02029026103337,0.127312957737029,0.0578231960140695,0.00773885094129172,0.17971306056993,0.0395074740331865,-0.0326833853021306,0,0,0,0,0,0,0,0,0,0.599393026637589,-0.447684346481453,-0.321423726255091
5.0302908392426,0.127891609498283,0.057900403077587,0.007701706814833,0.180106521010511,0.0391797864069789,-0.0328501096182517,0,0,0,0,0,0,0,0,0,0.594899850643021,-0.450902483776886,-0.322140988271124
5.04029141745183,0.12847103152117,0.0579772398100853,0.00766478866866981,0.180496696072281,0.0388504386709659,-0.0330153884428271,0,0,0,0,0,0,0,0,0,0.590374455530096,-0.454127538776661,-0.322806490640882
5.05029199566106,0.129051220113428,0.0580537084607841,0.00762809434210685,0.180883569225427,0.0385194452690987,-0.0331792241867958,0,0,0,0,0,0,0,0,0,0.585816774706019,-0.457358986889088,-0.323418839506009
5.06029257387029,0.129632171605182,0.058129811256752,0.00759162156571674,0.181267124084458,0.0381868206196831,-0.0333416195683108,0,0,0,0,0,0,0,0,0,0.581226746893938,-0.460596289574297,-0.32397663994139
5.07029315207952,0.130213882348713,0.0582055504018152,0.00755536796063675,0.181647344407931,0.0378525791122968,-0.0335025776147256,0,0,0,0,0,0,0,0,0,0.576604316272482,-0.463838894340483,-0.324478497493513
5.08029373028875,0.130796348718219,0.05828092807546,0.00751933103786573,0.182024214098152,0.037516735104689,-0.0336621016645791,0,0,0,0,0,0,0,0,0,0.571949432615269,-0.467086234757092,-0.324923019780041
5.09029430849798,0.131379567109572,0.0583559464317276,0.00748350819756258,0.182397717200843,0.0371793029196562,-0.03382019536958,0,0,0,0,0,0,0,0,0,0.567262051430195,-0.470337730483062,-0.325308818097622
5.10029488670721,0.131963533940049,0.0584306075981018,0.00744789672834237,0.18276783790477,0.0368402968419025,-0.0339768626965935,0,0,0,0,0,0,0,0,0,0.562542134098374,-0.473592787312167,-0.325634509186728
5.11029546491644,0.132548245648068,0.0585049136743907,0.00741249380657432,0.183134560541354,0.0364997311148762,-0.034132107929626,0,0,0,0,0,0,0,0,0,0.557789648012511,-0.476850797236554,-0.325898716919523
5.12029604312567,0.133133698692904,0.0585788667315998,0.00737729649567913,0.183497869584237,0.0361576199375888,-0.0342859356718093,0,0,0,0,0,0,0,0,0,0.553004566714579,-0.480111138525849,-0.326100074151659
5.1302966213349,0.133719889554392,0.0586524688108,0.00734230174542607,0.183857749648826,0.0358139774614145,-0.0344383508473882,0,0,0,0,0,0,0,0,0,0.548186870032611,-0.483373175827732,-0.32623722465522
5.14029719954413,0.134306814732627,0.0587257219219865,0.00730750639123034,0.184214185491795,0.0354688177868675,-0.0345893587037049,0,0,0,0,0,0,0,0,0,0.54333654421636,-0.486636260285703,-0.326308825079987
5.15029777775336,0.134894470747644,0.058798628042932,0.00727290715345067,0.184567162010569,0.0351221549603632,-0.0347389648131837,0,0,0,0,0,0,0,0,0,0.538453582071742,-0.489899729678881,-0.326313546999415
5.16029835596259,0.135482854139089,0.058871189118033,0.00723850063668631,0.184916664242755,0.0347740029709541,-0.0348871750753169,0,0,0,0,0,0,0,0,0,0.533537983093692,-0.4931629085807,-0.326250078836052
5.17029893417182,0.136071961465885,0.0589434070571481,0.00720428332907426,0.185262677365561,0.0344243757470511,-0.0350339957186495,0,0,0,0,0,0,0,0,0,0.528589753597437,-0.496425108537215,-0.326117128087756
5.18029951238105,0.136661789305875,0.0590152837344299,0.00717025160158733,0.185605186695172,0.0340732871531226,-0.0351794333027663,0,0,0,0,0,0,0,0,0,0.523608906847788,-0.499685628270322,-0.325913423558295
5.19030009059028,0.137252334255461,0.0590868209871501,0.00713640170733058,0.185944177686088,0.033720750986374,-0.0353234947202755,0,0,0,0,0,0,0,0,0,0.518595463186346,-0.502943753900681,-0.325637717584842
5.20030066879951,0.13784359292923,0.0591580206145167,0.00710272978083901,0.186279635930443,0.0333667809734073,-0.0354661871987942,0,0,0,0,0,0,0,0,0,0.513549450156334,-0.506198759195487,-0.325288788262549
5.21030124700874,0.138435561959567,0.059228884376485,0.00706923183737514,0.186611547157274,0.0330113907668593,-0.0356075183029345,0,0,0,0,0,0,0,0,0,0.508470902624847,-0.509449905835891,-0.324865441751271
5.22030182521797,0.139028237996255,0.0592994139925616,0.00703590377222603,0.186939897231772,0.032654593942025,-0.0357474959362885,0,0,0,0,0,0,0,0,0,0.50335986290234,-0.512696443710906,-0.324366514794705
5.2303024034272,0.139621617706069,0.0593696111406004,0.00700274136000049,0.187264672154485,0.0322964039934541,-0.0358861283434135,0,0,0,0,0,0,0,0,0,0.498216380858997,-0.515937611235211,-0.323790877020409
5.24030298163643,0.140215697772346,0.0594394774555929,0.00696974025392688,0.187585858060498,0.0319368343315337,-0.0360234241118175,0,0,0,0,0,0,0,0,0,0.493040514037859,-0.519172635689061,-0.323137433447186
5.25030355984566,0.140810474894558,0.05950901452845,0.00693689598514983,0.187903441218572,0.0315758982790472,-0.0361593921739443,0,0,0,0,0,0,0,0,0,0.487832327764396,-0.522400733586247,-0.322405126989093
5.26030413805489,0.141405945787858,0.0595782239047789,0.00690420396202808,0.18821740803025,0.0312136090677155,-0.0362940418091596,0,0,0,0,0,0,0,0,0,0.482591895252282,-0.525621111064084,-0.321592940905664
5.27030471626412,0.142002107182629,0.0596471070836502,0.0068716594694318,0.188527745028933,0.0308499798347176,-0.036427382645735,0,0,0,0,0,0,0,0,0,0.477319297705158,-0.528832964300374,-0.320699901408894
5.28030529447335,0.142598955824003,0.0597156655163602,0.00683925766803924,0.188834438878912,0.0304850236191908,-0.0365594246628353,0,0,0,0,0,0,0,0,0,0.472014624414073,-0.532035479955547,-0.319725080234309
5.29030587268258,0.143196488471384,0.0597839006051852,0.00680699359363496,0.18913747637437,0.0301187533587132,-0.036690178192501,0,0,0,0,0,0,0,0,0,0.466677972850398,-0.535227835641045,-0.318667597221213
5.30030645089181,0.14379470189795,0.0598518137021294,0.00677486215640655,0.189436844438354,0.0297511818857626,-0.0368196539216371,0,0,0,0,0,0,0,0,0,0.461309448753903,-0.538409200413064,-0.317526622870623
5.31030702910104,0.144393592890142,0.0599194061076646,0.00674285814024224,0.189732530121703,0.0293823219241597,-0.0369478628939958,0,0,0,0,0,0,0,0,0,0.455909166215798,-0.541578735292106,-0.316301380936241
5.32030760731027,0.144993158247143,0.0599866790694641,0.006710976202028,0.19002452060194,0.0290121860854879,-0.0370748165121616,0,0,0,0,0,0,0,0,0,0.450477247756413,-0.544735593808544,-0.314991151049942
5.3303081855195,0.145593394780345,0.0600536337811291,0.00667921087094513,0.190312803182139,0.0286407868654966,-0.0372005265395405,0,0,0,0,0,0,0,0,0,0.445013824397331,-0.547878922574686,-0.313595271389323
5.34030876372873,0.146194299312801,0.0601202713809078,0.00664755654776763,0.190597365289741,0.0282681366404814,-0.0373250051023398,0,0,0,0,0,0,0,0,0,0.43951903572762,-0.551007861883691,-0.312113141128013
5.35030934193796,0.146795868678666,0.0601865929504081,0.00661600750415868,0.190878194475346,0.0278942476636459,-0.0374482646915577,0,0,0,0,0,0,0,0,0,0.433993029963994,-0.554121546330644,-0.310544222968885
5.36030992014719,0.14739809972262,0.0602525995133027,0.00658455788196952,0.191155278411464,0.0275191320614449,-0.0375703181649667,0,0,0,0,0,0,0,0,0,0.428435964004622,-0.557219105462141,-0.308888045822832
5.37031049835642,0.148000989299289,0.060318292034027,0.00655320169253536,0.191428604891224,0.0271428018299057,-0.0376911787491002,0,0,0,0,0,0,0,0,0,0.422848003476292,-0.560299664450939,-0.307144207263817
5.38031107656565,0.14860453427264,0.0603836714164712,0.00652193281597323,0.191698161827058,0.0267652688309304,-0.0378108600412361,0,0,0,0,0,0,0,0,0,0.417229322774729,-0.563362344794648,-0.305312375908994
5.39031165477488,0.14920873151537,0.0604487385026638,0.00649074500047969,0.191963937249335,0.0263865447885775,-0.0379293760113827,0,0,0,0,0,0,0,0,0,0.411580105097783,-0.566406265037987,-0.30339229380865
5.40031223298411,0.149813577908286,0.0605134940714494,0.00645963186162736,0.192225919304969,0.0260066412853264,-0.038046741004266,0,0,0,0,0,0,0,0,0,0.405900542471308,-0.569430541519271,-0.301383778963579
5.41031281119334,0.150419070339658,0.0605779388371583,0.00642858688166285,0.192484096255981,0.0256255697583191,-0.0381629697413127,0,0,0,0,0,0,0,0,0,0.400190835767409,-0.572434289143024,-0.299286727498273
5.42031338940257,0.151025205704575,0.0606420734482698,0.00639760340880412,0.192738456478026,0.0252433414955814,-0.0382780773226358,0,0,0,0,0,0,0,0,0,0.394451194714869,-0.575416622169932,-0.297101115889767
5.4303139676118,0.151631980904273,0.0607058984860685,0.0063666746565371,0.192988988458887,0.02485996763223,-0.0383920792290216,0,0,0,0,0,0,0,0,0,0.388681837901606,-0.578376655034034,-0.294827003182949
5.44031454582103,0.152239392845464,0.0607694144632938,0.00633579370291396,0.193235680796921,0.0244754591466499,-0.0385049913239127,0,0,0,0,0,0,0,0,0,0.382882992768747,-0.58131350317698,-0.292464532869484
5.45031512403026,0.152847438439635,0.0608326218227805,0.00630495348984993,0.193478522199479,0.0240898268566633,-0.0386168298553951,0,0,0,0,0,0,0,0,0,0.3770548955964,-0.584226283902808,-0.290013935076297
5.46031570223948,0.153456114602348,0.0608955209360958,0.00627414682242049,0.193717501481275,0.0237030814156696,-0.0387276114581838,0,0,0,0,0,0,0,0,0,0.371197791480632,-0.587114117255974,-0.287475528358539
5.47031628044871,0.154065418252519,0.0609581121021658,0.00624336636815896,0.193952607562727,0.0233152333087699,-0.0388373531556057,0,0,0,0,0,0,0,0,0,0.365311934301678,-0.589976126911986,-0.284849721345437
5.48031685865794,0.154675346311685,0.061020395545897,0.00621260465635387,0.194183829468249,0.0229262928488709,-0.0389460723615877,0,0,0,0,0,0,0,0,0,0.359397586683108,-0.592811441088359,-0.282137014515502
5.49031743686717,0.155285895703255,0.0610823714167906,0.00618185407734616,0.194411156324516,0.0225362701727686,-0.0390537868826409,0,0,0,0,0,0,0,0,0,0.353455019941817,-0.595619193470748,-0.27933800160538
5.5003180150764,0.155897063351752,0.0611440397875487,0.00615110688182609,0.194634577358679,0.0221451752372116,-0.0391605149198452,0,0,0,0,0,0,0,0,0,0.347484514028663,-0.598398524152088,-0.276453371025488
5.51031859328563,0.156508846182034,0.0612054006526748,0.00612035518013193,0.194854081896544,0.0217530178149473,-0.0392662750708364,0,0,0,0,0,0,0,0,0,0.341486357459676,-0.601148580587039,-0.273483907227571
5.52031917149486,0.157121241118508,0.0612664539270667,0.00608959094154533,0.195069659360715,0.0213598074907441,-0.0393710863317908,0,0,0,0,0,0,0,0,0,0.335460847237607,-0.603868518558478,-0.270430491561067
5.53031974970409,0.157734245084327,0.0613271994446018,0.00605880599359023,0.195281299268691,0.0209655536573955,-0.0394749680994081,0,0,0,0,0,0,0,0,0,0.329408288763804,-0.606557503149073,-0.267294103288673
5.54032032791332,0.15834785500057,0.0613876369567163,0.00602799202132979,0.195488991230931,0.020570265511708,-0.0395779401729012,0,0,0,0,0,0,0,0,0,0.323328995740332,-0.609214709728087,-0.264075820507885
5.55032090612255,0.158962067785415,0.061447766130977,0.0059971405666628,0.195692724948867,0.0201739520504613,-0.0396800227559791,0,0,0,0,0,0,0,0,0,0.317223290062106,-0.611839324941384,-0.260776820606593
5.56032148433178,0.159576880353286,0.0615075865496461,0.00596624302762274,0.195892490212889,0.0197766220663578,-0.0397812364588306,0,0,0,0,0,0,0,0,0,0.311091501699214,-0.614430547707348,-0.257398380801886
5.57032206254101,0.160192289613999,0.0615670977082389,0.00593529065767331,0.19608827690028,0.0193782841439433,-0.0398816023001136,0,0,0,0,0,0,0,0,0,0.304933968569132,-0.616987590217661,-0.253941878254107
5.58032264075024,0.160808292471887,0.0616262990140741,0.00590427456500706,0.196280074973117,0.0189789466555145,-0.0399811417089377,0,0,0,0,0,0,0,0,0,0.298751036399023,-0.619509678935506,-0.250408790162822
5.59032321895947,0.161424885824904,0.0616851897848184,0.00587318571184196,0.196467874476128,0.0185786177570046,-0.0400798765268488,0,0,0,0,0,0,0,0,0,0.292543058577993,-0.621996055598265,-0.246800693836367
5.6003237971687,0.16204206656373,0.0617437692470221,0.00584201491371915,0.196651665534501,0.0181773053838484,-0.0401778290098176,0,0,0,0,0,0,0,0,0,0.286310395999337,-0.624445978217111,-0.243119266297363
5.61032437537793,0.162659831570847,0.0618020365346496,0.00581075283880013,0.196831438351668,0.017775017246827,-0.0402750218302226,0,0,0,0,0,0,0,0,0,0.280053416892794,-0.62685872207182,-0.23936628358836
5.62032495358716,0.163278177719607,0.0618599906876013,0.00577939000716378,0.197007183207028,0.0173717608278933,-0.0403714780788346,0,0,0,0,0,0,0,0,0,0.273772496646903,-0.629233580696468,-0.235543620131086
5.63032553179639,0.163897101873284,0.0619176306502301,0.00574791679010464,0.197178890453648,0.0169675433759806,-0.0404672212668059,0,0,0,0,0,0,0,0,0,0.267468017621537,-0.631569866861432,-0.231653248028046
5.64032611000562,0.16451660088411,0.0619749552698488,0.00571632340942859,0.197346550515901,0.0165623719027858,-0.0405622753276521,0,0,0,0,0,0,0,0,0,0.261140368950622,-0.633866913545121,-0.227697235754176
5.65032668821485,0.165136671592299,0.0620319632952322,0.00568459993675217,0.197510153887077,0.0161562531785368,-0.040656664619237,0,0,0,0,0,0,0,0,0,0.254789946335235,-0.636124074889802,-0.223677746809966
5.66032726642408,0.165757310825053,0.0620886533751123,0.00565273629279807,0.197669691126952,0.0157491937277386,-0.0407504139257611,0,0,0,0,0,0,0,0,0,0.248417151827202,-0.638340727146395,-0.219597038173784
5.67032784463331,0.166378515395555,0.0621450240566642,0.0056207222466939,0.197825152859299,0.0153411998248989,-0.0408435484597456,0,0,0,0,0,0,0,0,0,0.242022393603307,-0.640516269599346,-0.215457458606451
5.68032842284254,0.167000282101942,0.0622010737839881,0.0055885474152684,0.197976529769374,0.0149322774902375,-0.0409360938640159,0,0,0,0,0,0,0,0,0,0.235606085730378,-0.642650125477507,-0.211261446703511
5.69032900105177,0.167622607726272,0.0622568008965813,0.00555620126234973,0.198123812601349,0.0145224324853689,-0.04102807621369,0,0,0,0,0,0,0,0,0,0.229168647921288,-0.644741742840053,-0.207011528645105
5.700329579261,0.168245489033466,0.0623122036278062,0.00552367309806183,0.198266992155704,0.0141116703089745,-0.0411195220181611,0,0,0,0,0,0,0,0,0,0.222710505282323,-0.646790595442362,-0.202710315999287
5.71033015747023,0.168868922770241,0.062367280103348,0.00549095207812289,0.198406059286578,0.013699996192444,-0.0412104582230856,0,0,0,0,0,0,0,0,0,0.216232088051857,-0.648796183577991,-0.19836050279497
5.72033073567946,0.169492905664025,0.0624220283396682,0.00545802720314105,0.198541004899069,0.0132874150955053,-0.0413009122123651,0,0,0,0,0,0,0,0,0,0.209733831330881,-0.650758034886008,-0.193964862947894
5.73033131388869,0.170117434421857,0.0624764462424495,0.00542488731791399,0.198671819946502,0.0128739317018344,-0.0413909118101354,0,0,0,0,0,0,0,0,0,0.203216174805532,-0.652675705141497,-0.18952624744106
5.74033189209792,0.170742505729271,0.0625305316050336,0.00539152111072392,0.198798495427639,0.0124595504146369,-0.0414804852827486,0,0,0,0,0,0,0,0,0,0.196679562461817,-0.654548779006481,-0.185047580841957
5.75033247030715,0.171368116249165,0.0625842821068539,0.00535791711263669,0.198921022383858,0.0120442753522222,-0.0415696613407614,0,0,0,0,0,0,0,0,0,0.190124442293112,-0.656376870750774,-0.180531858030985
5.76033304851638,0.171994262620652,0.0626376953118577,0.00532406369679747,0.199039391896279,0.0116281103435448,-0.041658469140918,0,0,0,0,0,0,0,0,0,0.183551266000472,-0.658159624937474,-0.175982140680798
5.77033362672561,0.172620941457903,0.0626907686669254,0.00528994907772998,0.199153595082849,0.0112110589237392,-0.0417469382881366,0,0,0,0,0,0,0,0,0,0.176960488686423,-0.659896717073386,-0.17140155363923
5.78033420493484,0.173248149348961,0.0627434995002787,0.0052555613106326,0.199263623095379,0.0107931243296215,-0.0418350988374951,0,0,0,0,0,0,0,0,0,0.170352568542259,-0.661587854222179,-0.166793280868767
5.79033478314407,0.173875882854551,0.062795885019886,0.00522088829067518,0.19936946711654,0.010374309495182,-0.0419229812962149,0,0,0,0,0,0,0,0,0,0.163727966529572,-0.66323277557359,-0.162160561349178
5.8003353613533,0.174504138506867,0.0628479223118563,0.00518591775229828,0.199471118356811,0.00995461704705053,-0.0420106166256479,0,0,0,0,0,0,0,0,0,0.157087146056162,-0.664831252974629,-0.157506684943827
5.81033593956253,0.175132912808349,0.0628996083388299,0.0051506372685085,0.199568568051387,0.00953404929994782,-0.0420980362432611,0,0,0,0,0,0,0,0,0,0.150430572646946,-0.666383091416105,-0.15283498818524
5.82033651777176,0.175762202230433,0.0629509399383593,0.00511503425017659,0.199661807457027,0.00911260825211299,-0.0421852720246223,0,0,0,0,0,0,0,0,0,0.143758713610132,-0.667888129479536,-0.14814884967266
5.83033709598099,0.176392003212301,0.0630019138212853,0.00507909594533548,0.199750827848874,0.00869029558071075,-0.0422723563053848,0,0,0,0,0,0,0,0,0,0.137072037699193,-0.669346239731623,-0.143451685259859
5.84033767419022,0.177022312159599,0.0630525265701043,0.00504280943847677,0.199835620517221,0.00826711263722276,-0.0423593218832727,0,0,0,0,0,0,0,0,0,0.130371014771152,-0.67075732907491,-0.138746943635165
5.85033825239945,0.177653125443148,0.063102774637329,0.00500616164984745,0.199916176764226,0.0078430604428157,-0.0424462020200679,0,0,0,0,0,0,0,0,0,0.123656115441538,-0.672121339053853,-0.13403810138469
5.86033883060868,0.178284439397634,0.0631526543438435,0.00496913933474929,0.199992487900591,0.00741813968368951,-0.0425330304435928,0,0,0,0,0,0,0,0,0,0.116927810736551,-0.673438246106738,-0.129328657887989
5.87033940881791,0.178916250320287,0.0632021618772493,0.00493172908283368,0.200064545242185,0.00699235070640877,-0.0426198413496985,0,0,0,0,0,0,0,0,0,0.110186571742984,-0.67470806176966,-0.124622130615068
5.88033998702714,0.179548554469534,0.0632512932902057,0.00489391731740101,0.200132340106621,0.00656569351321199,-0.0427066694042469,0,0,0,0,0,0,0,0,0,0.103432869256301,-0.675930832834372,-0.119922050055269
5.89034056523637,0.180181348063648,0.0633000444987614,0.00485569029469661,0.2001958638098,0.00613816775729877,-0.0427935497450997,0,0,0,0,0,0,0,0,0,0.0966671734274039,-0.677106641450838,-0.115231954101426
5.9003411434456,0.180814627279368,0.0633484112806828,0.00481703410320942,0.200255107662386,0.00570977273810065,-0.0428805179841002,0,0,0,0,0,0,0,0,0,0.0898899534086644,-0.678235605172759,-0.110555383357985
5.91034172165483,0.181448388250512,0.0633963892737703,0.00477793466296711,0.200310062966247,0.00528050739653644,-0.0429676102090618,0,0,0,0,0,0,0,0,0,0.0831016769997746,-0.679317876966283,-0.105895876096061
5.92034229986406,0.182082627066563,0.0634439739741716,0.0047383777248364,0.200360721010851,0.00485037031023201,-0.0430548629857508,0,0,0,0,0,0,0,0,0,0.0763028102936061,-0.680353645154626,-0.10125696240439
5.93034287807329,0.182717339771251,0.0634911607346862,0.0046983488698178,0.200407073069599,0.00441935968874017,-0.0431423133598731,0,0,0,0,0,0,0,0,0,0.069493817323168,-0.681343133309792,-0.0966421594910978
5.94034345628252,0.183352522361105,0.0635379447630625,0.0046578335083441,0.200449110396132,0.00398747336872572,-0.0432299988590595,0,0,0,0,0,0,0,0,0,0.0626751597096338,-0.682286600103226,-0.0920549663205733
5.95034403449175,0.183988170783999,0.0635843211202893,0.0046168168795777,0.200486824220569,0.00355470880913631,-0.0433179574948508,0,0,0,0,0,0,0,0,0,0.0558472963122841,-0.683184339090266,-0.0874988582370681
5.96034461270098,0.184624280937669,0.063630284718879,0.00457528405070781,0.200520205745708,0.00312106308635679,-0.0434062277646826,0,0,0,0,0,0,0,0,0,0.0490106828808471,-0.684036678453262,-0.0829772822238187
5.97034519091021,0.185260848668227,0.0636758303211446,0.00453321991624746,0.200549246143176,0.0026865328893357,-0.0434948486538714,0,0,0,0,0,0,0,0,0,0.0421657717105771,-0.684843980691203,-0.0784936514213401
5.98034576911944,0.185897869768646,0.063720952537469,0.00449060919733156,0.200573936549533,0.00225111451469803,-0.0435838596376002,0,0,0,0,0,0,0,0,0,0.0353130113008021,-0.685606642253196,-0.0740513401189813
5.99034634732867,0.186535339977233,0.0637656458245676,0.00444743644101302,0.200594268062313,0.00181480386183711,-0.0436733006829021,0,0,0,0,0,0,0,0,0,0.0284528460173357,-0.686325093127919,-0.0696536789577329
6.0003469255379,0.187173254976081,0.0638099044837445,0.00440368601956169,0.200610231736044,0.0013775964279848,-0.043763212250649,0,0,0,0,0,0,0,0,0,0.0215857157592364,-0.686999796381151,-0.0653039499011329
6.01034750374713,0.187811610389513,0.0638537226591398,0.00435934212976024,0.200621818578186,0.00093948730326361,-0.0438536352975328,0,0,0,0,0,0,0,0,0,0.0147120556304666,-0.687631247644635,-0.0610053814557184
6.02034808195635,0.188450401782491,0.0638970943359729,0.00431438879220232,0.200629019545045,0.000500471165717561,-0.0439446112780535,0,0,0,0,0,0,0,0,0,0.00783229561687579,-0.688219974558014,-0.0567611439509253
6.03034866016558,0.189089624659029,0.0639400133387753,0.00426880985058955,0.20063182553762,6.05422763242423e-05,-0.0440361821465043,0,0,0,0,0,0,0,0,0,0.000946860269023134,-0.688766536163288,-0.0525743449403258
6.04034923837481,0.189729274460568,0.0639824733296183,0.00422258897102876,0.200630227397412,-0.000380305526013327,-0.0441283903589556,0,0,0,0,0,0,0,0,0,-0.00594383160872711,-0.689271522254764,-0.0484480247359038
6.05034981658404,0.190369346564349,0.0640244678063348,0.00417570964132986,0.200624215902173,-0.000822078829494693,-0.0442212788752422,0,0,0,0,0,0,0,0,0,-0.0128393672623839,-0.689735552684196,-0.0443851521670951
6.06035039479327,0.191009836281758,0.0640659901007313,0.00412815517030247,0.200613781761618,-0.00126478465446905,-0.0443148911609464,0,0,0,0,0,0,0,0,0,-0.0197393402853361,-0.690159276625915,-0.040388620343854
6.0703509730025,0.191650738856657,0.0641070333767951,0.00407990868705429,0.200598915613068,-0.00170843045850525,-0.0444092711893867,0,0,0,0,0,0,0,0,0,-0.0266433509078295,-0.690543371797219,-0.0364612425001476
6.08035155121173,0.192292049463696,0.0641475906288926,0.00403095314028609,0.200579608017058,-0.00215302414147669,-0.044504463443598,0,0,0,0,0,0,0,0,0,-0.0335510062783832,-0.690888543640372,-0.032605748282087
6.09035212942096,0.192933763206613,0.064187654679963,0.00398127129759247,0.200555849452887,-0.00259857405067026,-0.0446005129183224,0,0,0,0,0,0,0,0,0,-0.0404619207369027,-0.69119552446875,-0.0288247799584304
6.10035270763019,0.193575875116503,0.0642272181797032,0.00393084574475631,0.200527630314117,-0.0030450889859132,-0.0446974651219916,0,0,0,0,0,0,0,0,0,-0.0473757160790216,-0.691465072573048,-0.0251208889892447
6.11035328583942,0.19421838015008,0.0642662736027449,0.00387965888504757,0.200494940904023,-0.00349257820471908,-0.0447953660787121,0,0,0,0,0,0,0,0,0,-0.0542920218113375,-0.691697971298795,-0.0214965325263241
6.12035386404865,0.19486127318792,0.0643048132468276,0.00382769293851969,0.200457771430989,-0.00394105142745913,-0.044894262330252,0,0,0,0,0,0,0,0,0,-0.0612104753973004,-0.691895028082562,-0.0179540702313286
6.13035444225788,0.195504549032676,0.0643428292309614,0.0037749299413085,0.200416112003856,-0.0043905188425415,-0.044994200938025,0,0,0,0,0,0,0,0,0,-0.0681307224931717,-0.69205707346584,-0.0144957614532014
6.14035502046711,0.196148202407288,0.0643803134935853,0.00372135174492695,0.200369952627208,-0.00484099111162715,-0.0450952294850763,0,0,0,0,0,0,0,0,0,-0.0750524171741918,-0.692184960074792,-0.0111237622044748
6.15035559867634,0.196792227953162,0.0644172577907166,0.00366694001556512,0.200319283196623,-0.00529247937484678,-0.0451973960780688,0,0,0,0,0,0,0,0,0,-0.0819752221501325,-0.692279561573653,-0.00784012294402006
6.16035617688557,0.197436620228344,0.0644536536940941,0.00361167623338645,0.200264093493854,-0.00574499525605483,-0.0453007493492657,0,0,0,0,0,0,0,0,0,-0.0888988089705294,-0.692341771600135,-0.00464678577581487
6.1703567550948,0.198081373705659,0.0644894925893151,0.00355554169182436,0.200204373181968,-0.00619855086809417,-0.0454053384585199,0,0,0,0,0,0,0,0,0,-0.0958228582189406,-0.692372502662798,-0.00154558210769468
6.18035733330403,0.198726482770846,0.0645247656739627,0.00349851749688008,0.200140111800433,-0.00665315881807815,-0.0455112130952559,0,0,0,0,0,0,0,0,0,-0.102747059696128,-0.692372685029629,0.00146177697969013
6.19035791151326,0.199371941720669,0.0645594639557302,0.00344058456642127,0.200071298760139,-0.00710883221269936,-0.0456184234804568,0,0,0,0,0,0,0,0,0,-0.109671112592087,-0.692343265432779,0.00481423407668542
6.20035848972249,0.200017744761001,0.0645935782506071,0.00338172444843622,0.199997923338385,-0.00756558466334827,-0.0457270180547756,0,0,0,0,0,0,0,0,0,-0.116594725643317,-0.692276394780826,0.0105715932504385
6.21035906793172,0.200663886014986,0.0646271031031284,0.00332306027886894,0.199919974702267,-0.00802341921342395,-0.0458338212113015,0,0,0,0,0,0,0,0,0,-0.123517441048906,-0.692131821342584,0.0202799500069375
6.22035964614095,0.201310359623427,0.0646600472981946,0.00326559579845991,0.199837442192524,-0.00848229867488008,-0.0459359998756816,0,0,0,0,0,0,0,0,0,-0.130438162464183,-0.691870772328579,0.0322356610716236
6.23036022435018,0.201957159839019,0.0646924227176807,0.00320930791629702,0.199750315589529,-0.00894217714756393,-0.0460336233918456,0,0,0,0,0,0,0,0,0,-0.13735565658761,-0.691487070843238,0.0444313170084658
6.24036080255941,0.202604281032133,0.0647242410140294,0.00315417383908075,0.199658585129232,-0.00940300942059312,-0.046126760262845,0,0,0,0,0,0,0,0,0,-0.144268703529461,-0.690982094607214,0.0564855953195895
6.25036138076864,0.203251717688536,0.0647555136132175,0.0031001710693288,0.199562241496302,-0.00986475096397207,-0.0462154781559255,0,0,0,0,0,0,0,0,0,-0.151176097544204,-0.690357293615862,0.0683913686997625
6.26036195897787,0.203899464407141,0.0647862517177057,0.00304727740358068,0.199461275817369,-0.0103273579202586,-0.0462998439075999,0,0,0,0,0,0,0,0,0,-0.158076647743696,-0.689614188144178,0.080141716675638
6.2703625371871,0.204547515897788,0.0648164663093701,0.00299547093060238,0.199355679654332,-0.0107907870962815,-0.0463799235287208,0,0,0,0,0,0,0,0,0,-0.164969178789664,-0.688754366604988,0.0917299398526453
6.28036311539633,0.20519586697905,0.0648461681524155,0.00294473002959093,0.199245444997758,-0.0112549959549089,-0.0464557822095532,0,0,0,0,0,0,0,0,0,-0.171852531564059,-0.687779483268929,0.103149573246362
6.29036369360556,0.205844512576072,0.0648753677962708,0.00289503336837906,0.199130564260366,-0.0117199426068671,-0.0465274843248472,0,0,0,0,0,0,0,0,0,-0.178725563815934,-0.68669125585599,0.114394398660813
6.30036427181479,0.206493447718438,0.0649040755784668,0.00284635990163981,0.199011030270586,-0.0121855858026107,-0.0465950934389108,0,0,0,0,0,0,0,0,0,-0.185587150783624,-0.685491463007918,0.125458456091986
6.31036485002402,0.207142667538065,0.0649323016274958,0.00279868886909112,0.198886836266201,-0.0126518849242427,-0.0466586723106824,0,0,0,0,0,0,0,0,0,-0.192436185791074,-0.684181941651676,0.136336054091946
6.32036542823325,0.207792167267129,0.0649600558656526,0.00275199979370049,0.198757975888072,-0.0131187999774857,-0.0467182828988039,0,0,0,0,0,0,0,0,0,-0.199271580817284,-0.68276458426455,0.147021779131808
6.33036600644248,0.208441942236013,0.0649873480118593,0.00270627247988955,0.198624443173942,-0.0135862915837042,-0.0467739863666928,0,0,0,0,0,0,0,0,0,-0.206092267037934,-0.681241336050341,0.157510503944463
6.34036658465171,0.209091987871291,0.0650141875844701,0.00266148701173874,0.198486232552316,-0.0140543209719768,-0.0468258430876154,0,0,0,0,0,0,0,0,0,-0.212897195338348,-0.679614192037606,0.167797394812834
6.35036716286094,0.209742299693735,0.0650405839040593,0.00261762375119186,0.198343338836426,-0.01452284997122,-0.0468739126497593,0,0,0,0,0,0,0,0,0,-0.219685336797083,-0.677885194110079,0.177877917833235
6.36036774107017,0.21039287331635,0.0650665460961913,0.00257466333626072,0.198195757218269,-0.014991841002362,-0.046918253861306,0,0,0,0,0,0,0,0,0,-0.226455683139501,-0.676056427979634,0.187747844130909
6.3703683192794,0.211043704442439,0.0650920830941724,0.00253258667922978,0.198043483262729,-0.0154612570705679,-0.0469589247555038,0,0,0,0,0,0,0,0,0,-0.233207247160809,-0.674130020112388,0.197403254074306
6.38036889748863,0.211694788863693,0.0651172036417847,0.00249137496486072,0.197886512901767,-0.0159310617575149,-0.0469959825957404,0,0,0,0,0,0,0,0,0,-0.239939063118149,-0.672108134617381,0.206840540466473
6.39036947569786,0.212346122458308,0.0651419162960019,0.00245100964859711,0.197724842428701,-0.0164012192137189,-0.0470294838806155,0,0,0,0,0,0,0,0,0,-0.24665018709141,-0.66999297010884,0.216056410719308
6.40037005390709,0.212997701189135,0.0651662294296875,0.00241147245476896,0.197558468492551,-0.0168716941509114,-0.0470594843490137,0,0,0,0,0,0,0,0,0,-0.253339697312564,-0.667786756551373,0.225047888104447
6.41037063211632,0.213649521101847,0.0651901512342747,0.00237274537479742,0.197387388092463,-0.0173424518344673,-0.0470860389851769,0,0,0,0,0,0,0,0,0,-0.26000669446337,-0.665491752097219,0.233812312021819
6.42037121032555,0.214301578323139,0.0652136897224287,0.00233481066539933,0.197211598572216,-0.0178134580758834,-0.0471092020237774,0,0,0,0,0,0,0,0,0,-0.266650301941455,-0.663110239926063,0.24234733735959
6.43037178853478,0.214953869058957,0.0652368527306904,0.00229765084679186,0.197031097614791,-0.0182846792253079,-0.0471290269549903,0,0,0,0,0,0,0,0,0,-0.273269666094813,-0.660644525095092,0.250650932979454
6.44037236674401,0.215606389592746,0.0652596479221032,0.00226124870089714,0.196845883237027,-0.0187560821641196,-0.0471455665295662,0,0,0,0,0,0,0,0,0,-0.279863956424881,-0.658096931409108,0.258721379314992
6.45037294495324,0.216259136283728,0.0652820827888207,0.00222558726954689,0.196655953784342,-0.0192276342975597,-0.047158872763904,0,0,0,0,0,0,0,0,0,-0.286432365758435,-0.655469798318613,0.26655726519345
6.46037352316247,0.216912105565209,0.065304164654697,0.00219064985268697,0.196461307925531,-0.0196993035474121,-0.0471689969451236,0,0,0,0,0,0,0,0,0,-0.292974110388628,-0.652765477853497,0.274157483884527
6.4703741013717,0.217565293942906,0.0653259006778596,0.00215642000658207,0.196261944647637,-0.0201710583447366,-0.0471759896361385,0,0,0,0,0,0,0,0,0,-0.299488430185554,-0.649986331600148,0.281521228387834
6.48037467958093,0.218218697993303,0.0653472978532629,0.00212288154202031,0.196057863250894,-0.0206428676226508,-0.0471799006807285,0,0,0,0,0,0,0,0,0,-0.305974588676823,-0.647134727729395,0.288647986030237
6.49037525779016,0.218872314362035,0.0653683630152253,0.00209001852251784,0.195849063343745,-0.0211147008091645,-0.0471807792086127,0,0,0,0,0,0,0,0,0,-0.312431873098686,-0.644213038081684,0.29553753245252
6.50037583599939,0.219526139762287,0.0653891028399471,0.00205781526252344,0.195635544837921,-0.0215865278200636,-0.0471786736405216,0,0,0,0,0,0,0,0,0,-0.318859594418306,-0.641223635315286,0.302189924976839
6.51037641420862,0.220180170973232,0.0654095238480116,0.00202625632562322,0.195417307943608,-0.0220583190518453,-0.0471736316932704,0,0,0,0,0,0,0,0,0,-0.325257087327841,-0.638168890124139,0.30860549541162
6.52037699241785,0.220834404838487,0.0654296324068672,0.00199532652274514,0.195194353164665,-0.0225300453747038,-0.0471657003848313,0,0,0,0,0,0,0,0,0,-0.331623710211074,-0.635051168529962,0.314784842362282
6.53037757062708,0.221488838264587,0.0654494347332919,0.00196501091036368,0.194966681293929,-0.0230016781255671,-0.0471549260394064,0,0,0,0,0,0,0,0,0,-0.337958845083334,-0.631872829253891,0.320728823072123
6.54037814883631,0.222143468219499,0.0654689368958404,0.00193529478870446,0.194734293408579,-0.023473189101184,-0.0471413542925002,0,0,0,0,0,0,0,0,0,-0.344261897505556,-0.628636221171788,0.326438544875746
6.55037872704554,0.222798291731147,0.0654881448172723,0.00190616369994882,0.194497190865573,-0.0239445505512623,-0.0471250300959925,0,0,0,0,0,0,0,0,0,-0.350532296473301,-0.625343680856817,0.331915356268997
6.56037930525477,0.223453305885965,0.0655070642769633,0.00187760342643848,0.194255375297149,-0.0244157351716572,-0.0471059977232111,0,0,0,0,0,0,0,0,0,-0.356769494281668,-0.621997530213363,0.337160837649032
6.570379883464,0.224108507827481,0.0655257009132973,0.00184959998888015,0.194008848606402,-0.0248867160976112,-0.0470843007740042,0,0,0,0,0,0,0,0,0,-0.362972966366994,-0.61860007420482,0.342176791798431
6.58038046167323,0.224763894754911,0.0655440602260418,0.00182213964455013,0.193757612962919,-0.0253574668970437,-0.0470599821798136,0,0,0,0,0,0,0,0,0,-0.369142211126309,-0.615153598677836,0.346965234128747
6.59038103988246,0.225419463921792,0.0655621475787046,0.00179520888549891,0.193501670798489,-0.0258279615638926,-0.0470330842087468,0,0,0,0,0,0,0,0,0,-0.375276749715528,-0.611660368285243,0.351528382755701
6.60038161809168,0.226075212634624,0.0655799682008727,0.00176879443675586,0.193241024802874,-0.0262981745115054,-0.0470036484706502,0,0,0,0,0,0,0,0,0,-0.381376125827355,-0.608122624508811,0.355868648421635
6.61038219630092,0.22673113825155,0.0655975271905329,0.00174288325453378,0.192975677919646,-0.0267680805660819,-0.0469717159221815,0,0,0,0,0,0,0,0,0,-0.387439905449932,-0.604542583783736,0.359988624286335
6.62038277451015,0.227387238181045,0.0656148295163753,0.00171746252443352,0.192705633342093,-0.027237654960167,-0.0469373268718825,0,0,0,0,0,0,0,0,0,-0.393467676607233,-0.600922435725594,0.363891075678455
6.63038335271937,0.228043509880636,0.0656318800200783,0.00169251965964865,0.192430894509188,-0.0277068733261948,-0.0469005209852518,0,0,0,0,0,0,0,0,0,-0.399459049082242,-0.59726434145981,0.367578929836045
6.6403839309286,0.228699950855646,0.0656486834185751,0.00166804229917003,0.192151465101619,-0.028175711690083,-0.0468613372898175,0,0,0,0,0,0,0,0,0,-0.405413654123939,-0.593570432053813,0.371055265626366
6.65038450913783,0.229356558657954,0.0656652443063036,0.00164401830599043,0.19186734903789,-0.0286441464648782,-0.0468198141802098,0,0,0,0,0,0,0,0,0,-0.411331144139123,-0.589842807052124,0.374323303302799
6.66038508734706,0.230013330884785,0.065681567157437,0.00162043576530919,0.191578550470477,-0.0291121544444523,-0.0467759894232338,0,0,0,0,0,0,0,0,0,-0.417211192370092,-0.58608353311338,0.377386394341265
6.67038566555629,0.230670265177513,0.0656976563280972,0.00159728298273678,0.191285073782052,-0.0295797127972484,-0.0467299001629422,0,0,0,0,0,0,0,0,0,-0.423053492559207,-0.582294642748705,0.380248011387666
6.68038624376552,0.231327359220497,0.0657135160585502,0.00157454848249946,0.19098692358177,-0.0300467990600791,-0.0466815829257079,0,0,0,0,0,0,0,0,0,-0.42885775860134,-0.578478133159807,0.382911738335313
6.69038682197475,0.23198461073993,0.0657291504753833,0.00155222100564388,0.190684104701615,-0.0305133911319745,-0.0466310736252969,0,0,0,0,0,0,0,0,0,-0.434623724185195,-0.574635965175797,0.385381260529189
6.70038740018398,0.232642017502715,0.0657445635936643,0.00153028950824169,0.190376622192806,-0.0309794672680808,-0.0465784075679406,0,0,0,0,0,0,0,0,0,-0.440351142424493,-0.570770062287219,0.387660355166962
6.71038797839321,0.233299577315358,0.0657597593190831,0.00150874315959419,0.190064481322269,-0.0314450060736104,-0.046523619457409,0,0,0,0,0,0,0,0,0,-0.446039785479976,-0.566882309774867,0.389752881903487
6.72038855660244,0.233957288022886,0.0657747414500751,0.00148757134043691,0.189747687569165,-0.0319099864978421,-0.046466743400083,0,0,0,0,0,0,0,0,0,-0.451689444173158,-0.562974553931722,0.391662773660121
6.73038913481167,0.234615147507785,0.0657895136799267,0.00146676364114425,0.189426246621477,-0.0323743878281721,-0.0464078129100273,0,0,0,0,0,0,0,0,0,-0.457299927592776,-0.559048601375603,0.393394027672541
6.7403897130209,0.235273153688961,0.0658040795988628,0.00144630985993409,0.189100164372661,-0.0328381896842162,-0.0463468609140629,0,0,0,0,0,0,0,0,0,-0.462871062694793,-0.555106218450156,0.394950696793048
6.75039029123013,0.235931304520714,0.0658184426961163,0.00142620000107241,0.188769446918353,-0.0333013720119621,-0.0462839197568402,0,0,0,0,0,0,0,0,0,-0.468402693896857,-0.551149130711466,0.396336881052457
6.76039086943936,0.236589597991746,0.0658326063619797,0.00140642427307791,0.188434100553131,-0.0337639150779728,-0.046219021205911,0,0,0,0,0,0,0,0,0,-0.473894682668051,-0.547179022497821,0.397556719496064
6.77039144764859,0.237248032124174,0.0658465738898392,0.00138697308692662,0.188094131767341,-0.0342257994636408,-0.0461521964568022,0,0,0,0,0,0,0,0,0,-0.479346907114736,-0.543197536579615,0.398614382311829
6.78039202585782,0.237906604972578,0.0658603484781898,0.00136783705425652,0.187749547243976,-0.0346870060594925,-0.0460834761380873,0,0,0,0,0,0,0,0,0,-0.484759261563302,-0.539206273886555,0.399514063243933
6.79039260406705,0.238565314623055,0.0658739332326334,0.00134900698557217,0.187400353855611,-0.0351475160595443,-0.0460128903164602,0,0,0,0,0,0,0,0,0,-0.490131656140556,-0.535206793309299,0.400259972305704
6.80039318227628,0.239224159192306,0.0658873311678586,0.00133047388844932,0.187046558661399,-0.0356073109557081,-0.0459404685018071,0,0,0,0,0,0,0,0,0,-0.495464016352503,-0.53120061157242,0.400856328813808
6.81039376048551,0.239883136826734,0.0659005452096024,0.0013122289657395,0.186688168904117,-0.0360663725322491,-0.0458662396522797,0,0,0,0,0,0,0,0,0,-0.500756282662198,-0.527189203175364,0.401307354717123
6.82039433869474,0.240542245701564,0.0659135781965942,0.0012942636137747,0.186325192007272,-0.0365246828602927,-0.0457902321793674,0,0,0,0,0,0,0,0,0,-0.506008410067337,-0.523174000398845,0.401617268223556
6.83039491690397,0.241201484019982,0.0659264328824819,0.00127656942057191,0.185957635572259,-0.0369822242923835,-0.0457124739529708,0,0,0,0,0,0,0,0,0,-0.511220367678246,-0.519156393373271,0.401790277767745
6.8403954951132,0.241860850012297,0.0659391119377394,0.00125913816403783,0.185585507375571,-0.0374389794570941,-0.0456329923064733,0,0,0,0,0,0,0,0,0,-0.516392138296839,-0.515137730205795,0.401830576283691
6.85039607332243,0.242520341935114,0.0659516179515573,0.00124196181017338,0.185208815366068,-0.0378949312536852,-0.0455518140418148,0,0,0,0,0,0,0,0,0,-0.521523717997142,-0.511119317163301,0.401742335771019
6.86039665153166,0.243179958070534,0.0659639534337141,0.00122503251127842,0.184827567662297,-0.0383500628468163,-0.0454689654345639,0,0,0,0,0,0,0,0,0,-0.526615115707918,-0.507102418908122,0.401529702177542
6.87039722974089,0.243839696725366,0.0659761208164314,0.0012083426041563,0.184441772549863,-0.0388043576613068,-0.0453844722389906,0,0,0,0,0,0,0,0,0,-0.531666352797903,-0.50308825878339,0.401196790596603
6.88039780795012,0.244499556230366,0.0659881224562092,0.00119188460831849,0.184051438478851,-0.039257799376948,-0.045298359693139,0,0,0,0,0,0,0,0,0,-0.536677462664135,-0.499078019144816,0.400747680751198
6.89039838615935,0.245159534939482,0.0659999606356443,0.00117565122418924,0.183656574061306,-0.0397103719233665,-0.0452106525239001,0,0,0,0,0,0,0,0,0,-0.541648490323834,-0.49507284173635,0.400186412789799
6.90039896436858,0.245819631229129,0.0660116375652308,0.00115963533131013,0.183257188068756,-0.040162059474937,-0.0451213749520847,0,0,0,0,0,0,0,0,0,-0.546579492010236,-0.491073828106064,0.399516983358102
6.91039954257781,0.246479843497474,0.0660231553851423,0.00114382998654475,0.182853289429795,-0.0406128464457469,-0.0450305506974956,0,0,0,0,0,0,0,0,0,-0.551470534772795,-0.487082040060374,0.398743341939379
6.92040012078704,0.247140170163744,0.0660345161669961,0.00112822842228327,0.182444887227705,-0.0410627174846115,-0.0449382029840007,0,0,0,0,0,0,0,0,0,-0.556321696082105,-0.483098500153116,0.397869387514717
6.93040069899627,0.247800609667548,0.0660457219155998,0.00111282404464708,0.182031990698134,-0.0415116574701395,-0.0448443545446053,0,0,0,0,0,0,0,0,0,-0.56113306343988,-0.479124192206575,0.396898965469825
6.9404012772055,0.248461160468214,0.0660567745706794,0.00109761043169343,0.181614609226828,-0.0419596515058492,-0.0447490276265253,0,0,0,0,0,0,0,0,0,-0.565904733994297,-0.475160061862429,0.395835864748223
6.95040185541473,0.249121821044155,0.0660676760085904,0.00108258133161999,0.181192752347398,-0.0424066849153364,-0.0446522439962595,0,0,0,0,0,0,0,0,0,-0.570636814160996,-0.47120701715971,0.394683815270063
6.96040243362396,0.249782589892236,0.0660784280440095,0.00106773066096952,0.18076642973915,-0.0428527432374915,-0.0445540249446626,0,0,0,0,0,0,0,0,0,-0.575329419249984,-0.467265929137378,0.393446485604219
6.97040301183319,0.250443465527168,0.0660890324316099,0.00105305250283446,0.180335651224951,-0.0432978122217688,-0.0444543912920176,0,0,0,0,0,0,0,0,0,-0.579982673098689,-0.463337632458846,0.392127480874447
6.98040359004242,0.251104446480918,0.0660994908677175,0.00103854110506157,0.17990042676915,-0.0437418778235054,-0.0443533633931085,0,0,0,0,0,0,0,0,0,-0.584596707711353,-0.459422926056431,0.390730340887811
6.99040416825165,0.251765531302132,0.0661098049919496,0.00102419087845653,0.179460766475537,-0.0441849261992918,-0.0442509611422934,0,0,0,0,0,0,0,0,0,-0.58917166290497,-0.455522573793311,0.389258538475142
7.00040474646088,0.252426718555577,0.0661199763888359,0.00100999639498855,0.179016680585362,-0.0446269437023922,-0.0441472039785767,0,0,0,0,0,0,0,0,0,-0.593707685961932,-0.451637305141169,0.38771547804178
7.01040532467011,0.253088006821595,0.0661300065894209,0.000995952385995002,0.178568179475381,-0.0450679168782164,-0.0440421108906821,0,0,0,0,0,0,0,0,0,-0.598204931289511,-0.44776781587114,0.386104494343214
7.02040590287934,0.25374939469558,0.0661398970728489,0.000982053740386049,0.178115273655965,-0.045507832459842,-0.0439357004221252,0,0,0,0,0,0,0,0,0,-0.602663560086323,-0.44391476875594,0.384428851430809
7.03040648108857,0.254410880787467,0.0661496492679306,0.000968295502849239,0.177657973769239,-0.0459466773635875,-0.0438279906762862,0,0,0,0,0,0,0,0,0,-0.607083740015862,-0.440078794281904,0.382691741768371
7.0404070592978,0.255072463721232,0.0661592645546924,0.000954672872054133,0.177196290587278,-0.0463844386846361,-0.0437189993214826,0,0,0,0,0,0,0,0,0,-0.611465644887202,-0.436260491368778,0.3808962855451
7.05040763750703,0.255734142134416,0.0661687442659069,0.000941181198856925,0.176730235010332,-0.0468211036927098,-0.0436087435960419,0,0,0,0,0,0,0,0,0,-0.615809454342923,-0.432460428095506,0.379045530138313
7.06040821571626,0.256395914677658,0.0661780896886062,0.000927815984505056,0.17625981806511,-0.0472566598277951,-0.0434972403133741,0,0,0,0,0,0,0,0,0,-0.620115353554335,-0.428679142430764,0.377142449739603
7.07040879392549,0.257057780014246,0.0661873020655767,0.000914572878841831,0.175785050903093,-0.0476910946959188,-0.043384505867045,0,0,0,0,0,0,0,0,0,-0.624383532924012,-0.424917142966223,0.37518994513113
7.08040937213472,0.257719736819681,0.0661963825968363,0.000901447678511043,0.175305944798896,-0.0481243960649745,-0.043270556235848,0,0,0,0,0,0,0,0,0,-0.628614187795687,-0.421174909651563,0.373190843579844
7.09040995034395,0.258381783781258,0.0662053324410936,0.000888436325161578,0.17482251114867,-0.0485565518606003,-0.0431554069888777,0,0,0,0,0,0,0,0,0,-0.632807518171484,-0.417452894529846,0.371147898870187
7.10041052855318,0.259043919597657,0.0662141527171887,0.000875534903652054,0.174334761468545,-0.0489875501621065,-0.0430390732906019,0,0,0,0,0,0,0,0,0,-0.636963728436517,-0.413751522471877,0.369063791473132
7.11041110676241,0.259706142978557,0.0662228445055167,0.000862739640255412,0.173842707393112,-0.0494173791984549,-0.0429215699059347,0,0,0,0,0,0,0,0,0,-0.64108302709082,-0.410071191908202,0.36694112882237
7.12041168497164,0.260368452644252,0.066231408849433,0.000850046900863557,0.173346360673951,-0.0498460273442883,-0.0428029112053089,0,0,0,0,0,0,0,0,0,-0.645165626488577,-0.406412275557935,0.364782445677128
7.13041226318087,0.261030847325293,0.0662398467566403,0.00083745318919196,0.172845733178186,-0.0502734831160107,-0.042683111169749,0,0,0,0,0,0,0,0,0,-0.649211742584636,-0.402775121153505,0.362590204599196
7.1404128413901,0.261693325762135,0.0662481592005582,0.000824955144984284,0.172340836887093,-0.0506997351679183,-0.0425621833959438,0,0,0,0,0,0,0,0,0,-0.653221594688233,-0.399160052159945,0.360366796529108
7.15041341959933,0.262355886704802,0.0662563471216745,0.000812549542217,0.171831683894738,-0.0511247722883815,-0.0424401411013188,0,0,0,0,0,0,0,0,0,-0.657195405223888,-0.395567368488107,0.35811454142947
7.16041399780856,0.263018528912564,0.0662644114288787,0.000800233287304005,0.171318286406655,-0.0515485833960773,-0.0423169971291095,0,0,0,0,0,0,0,0,0,-0.661133399499402,-0.39199734720109,0.355835689012745
7.17041457601778,0.26368125115363,0.0662723530007772,0.000788003417301235,0.17080065673856,-0.0519711575362726,-0.0421927639534333,0,0,0,0,0,0,0,0,0,-0.665035805480878,-0.388450243212893,0.353532419543507
7.18041515422702,0.264344052204846,0.0662801726869911,0.000775857098111291,0.170278807315108,-0.0523924838771581,-0.0420674536843631,0,0,0,0,0,0,0,0,0,-0.668902853574691,-0.384926289978803,0.351206844699095
7.19041573243624,0.265006930851419,0.0662878713094358,0.000763791622688048,0.169752750668676,-0.0528125517062329,-0.0419410780729992,0,0,0,0,0,0,0,0,0,-0.672734776416321,-0.381425700176833,0.348861008496064
7.20041631064547,0.265669885886638,0.0662954496635822,0.000751804409241282,0.169222499438193,-0.0532313504267403,-0.0418136485165425,0,0,0,0,0,0,0,0,0,-0.676531808665949,-0.377948666379572,0.34649688826267
7.2104168888547,0.266332916111625,0.066302908519701,0.000739892999441277,0.168688066367994,-0.0536488695541535,-0.0416851760633668,0,0,0,0,0,0,0,0,0,-0.680294186810727,-0.374495361716182,0.344116395661237
7.22041746706393,0.26699602033508,0.0663102486240878,0.000728055056623452,0.168149464306723,-0.054065098712713,-0.041555671418092,0,0,0,0,0,0,0,0,0,-0.684022148973621,-0.371065940523795,0.341721377758846
7.23041804527316,0.267659197373054,0.066317470700271,0.000716288363992973,0.167606706206255,-0.0544800276320138,-0.0414251449466564,0,0,0,0,0,0,0,0,0,-0.687715934728707,-0.367660538988095,0.339313618129358
7.24041862348239,0.268322446048725,0.066324575450202,0.000704590822829376,0.167059805120662,-0.0548936461436439,-0.0412936066813894,0,0,0,0,0,0,0,0,0,-0.691375784922818,-0.364279275772676,0.33689483798974
7.25041920169162,0.268985765192186,0.0663315635554264,0.000692960450691178,0.166508774205213,-0.0553059441778733,-0.0411610663260844,0,0,0,0,0,0,0,0,0,-0.695001941503439,-0.360922252636891,0.334466697367132
7.26041977990085,0.26964915364025,0.0663384356782384,0.000681395379620499,0.165953626715396,-0.0557169117603942,-0.0410275332610714,0,0,0,0,0,0,0,0,0,-0.698594647352711,-0.357589555041871,0.332030796286013
7.27042035811008,0.270312610236261,0.0663451924628163,0.00066989385434768,0.165394376005987,-0.0561265390091109,-0.0408930165482898,0,0,0,0,0,0,0,0,0,-0.702154146127439,-0.354281252744628,0.3295886759841
7.28042093631931,0.270976133829921,0.0663518345363408,0.000658454230495897,0.16483103553014,-0.0565348161309817,-0.0407575249363606,0,0,0,0,0,0,0,0,0,-0.705680682104984,-0.35099740037976,0.327141820145466
7.29042151452854,0.271639723277121,0.066358362510095,0.000647074972785783,0.164263618838513,-0.0569417334189105,-0.0406210668656599,0,0,0,0,0,0,0,0,0,-0.709174500034907,-0.34773803802888,0.324691656127239
7.30042209273777,0.272303377439793,0.0663647769805462,0.000635754653240046,0.163692139578424,-0.0573472812486897,-0.0404836504733911,0,0,0,0,0,0,0,0,0,-0.712635844996248,-0.34450319177779,0.322239556213103
7.310422670947,0.272967095185763,0.0663710785304101,0.000624491949388082,0.163116611493034,-0.0577514500759935,-0.0403452835986575,0,0,0,0,0,0,0,0,0,-0.716064962260313,-0.341292874260846,0.319786838890854
7.32042324915623,0.27363087538862,0.0663772677296973,0.000613285642470592,0.16253704842057,-0.0581542304334225,-0.0402059737875353,0,0,0,0,0,0,0,0,0,-0.719462097158845,-0.338107085192569,0.317334770104927
7.33042382736546,0.274294716927594,0.0663833451367409,0.000602134615644213,0.161953464293562,-0.0585556129275981,-0.0400657282981462,0,0,0,0,0,0,0,0,0,-0.722827494957439,-0.334945811886962,0.314884564509527
7.34042440557469,0.274958618687445,0.0663893112992072,0.000591037852186115,0.161365873138123,-0.0589555882363084,-0.0399245541057299,0,0,0,0,0,0,0,0,0,-0.726161400734104,-0.331809029764056,0.312437386748041
7.35042498378392,0.275622579558361,0.0663951667550878,0.000579994433698636,0.16077428907325,-0.0593541471057046,-0.0397824579077171,0,0,0,0,0,0,0,0,0,-0.729464059262807,-0.328696702843639,0.309994352712692
7.36042556199315,0.276286598435865,0.066400912033674,0.000569003538313889,0.160178726310151,-0.0597512803475483,-0.0396394461288021,0,0,0,0,0,0,0,0,0,-0.732735714901912,-0.32560878422661,0.307556530796184
7.37042614020238,0.276950674220735,0.0664065476565132,0.000558064438898389,0.159579199151608,-0.0601469788365089,-0.0394955249260153,0,0,0,0,0,0,0,0,0,-0.735976611487348,-0.322545216563666,0.305124943143268
7.38042671841161,0.277614805818929,0.066412074138347,0.000547176501257659,0.158975721991356,-0.0605412335075124,-0.039350700193796,0,0,0,0,0,0,0,0,0,-0.739186992230427,-0.319505932511628,0.302700566888056
7.39042729662084,0.278278992141523,0.0664174919880322,0.000536339182340861,0.158368309313495,-0.0609340353531409,-0.0392049775690654,0,0,0,0,0,0,0,0,0,-0.742367099620139,-0.316490855177382,0.300284335384451
7.40042787483007,0.278943232104655,0.066422801709443,0.000525552028445402,0.157756975691929,-0.0613253754210822,-0.0390583624362988,0,0,0,0,0,0,0,0,0,-0.745517175329842,-0.31349989854959,0.297877139424909
7.4104284530393,0.279607524629484,0.0664280038023555,0.000514814673421558,0.157141735789824,-0.0617152448116309,-0.0389108599325987,0,0,0,0,0,0,0,0,0,-0.748637460128201,-0.310532967918261,0.295479828450277
7.42042903124853,0.280271868642145,0.0664330987633144,0.000504126836877089,0.156522604359095,-0.06210363467524,-0.0387624749527671,0,0,0,0,0,0,0,0,0,-0.751728193794264,-0.307589960282257,0.293093211729754
7.43042960945776,0.280936263073732,0.0664380870864818,0.000493488322381864,0.155899596239918,-0.0624905362101226,-0.0386132121543786,0,0,0,0,0,0,0,0,0,-0.754789615036554,-0.304670764745265,0.290718059527795
7.44043018766699,0.281600706860268,0.0664429692644676,0.000482899015672464,0.15527272636026,-0.0628759406599054,-0.0384630759628529,0,0,0,0,0,0,0,0,0,-0.757821961416066,-0.30177526289997,0.288355104279639
7.45043076587622,0.282265198942699,0.0664477457891424,0.000472358882856817,0.154642009735444,-0.0632598393113319,-0.0383120705765274,0,0,0,0,0,0,0,0,0,-0.760825469273038,-0.298903329200507,0.286005041723983
7.46043134408545,0.282929738266892,0.0664524171524321,0.000461867968618799,0.15400746146772,-0.0636422234920173,-0.0381601999717302,0,0,0,0,0,0,0,0,0,-0.763800373657403,-0.296054831323981,0.283668532015179
7.47043192229468,0.283594323783634,0.0664569838470953,0.000451426394422865,0.153369096745874,-0.0640230845682534,-0.0380074679078524,0,0,0,0,0,0,0,0,0,-0.76674690826279,-0.293229630520677,0.281346200828507
7.48043250050391,0.284258954448649,0.0664614463674815,0.000441034356718662,0.152726930844849,-0.0644024139428643,-0.0378538779324212,0,0,0,0,0,0,0,0,0,-0.769665305363975,-0.29042758195347,0.279038640441716
7.49043307871314,0.284923629222615,0.0664658052102721,0.000430692125145642,0.152080979125391,-0.0647802030531133,-0.0376994333861722,0,0,0,0,0,0,0,0,0,-0.772555795757676,-0.287648535026407,0.2767464108044
7.50043365692237,0.285588347071192,0.0664700608752039,0.00042040004073769,0.151431257033715,-0.0651564433686602,-0.0375441374081224,0,0,0,0,0,0,0,0,0,-0.775418608706578,-0.284892333702724,0.274470040567081
7.5104342351316,0.286253106965056,0.0664742138657734,0.000410158514127729,0.150777780101189,-0.065531126389569,-0.0373879929406427,0,0,0,0,0,0,0,0,0,-0.778253971886484,-0.282158816812844,0.272210028103333
7.52043481334083,0.28691790787994,0.0664782646899246,0.000399968023752347,0.150120563944044,-0.0659042436443672,-0.0372310027345309,0,0,0,0,0,0,0,0,0,-0.781062111336499,-0.279447818351956,0.26996684250773
7.53043539155006,0.287582748796682,0.0664822138607173,0.000389829114056415,0.149459624263094,-0.066275786688155,-0.0370731693540838,0,0,0,0,0,0,0,0,0,-0.783843251412139,-0.276759167768049,0.267740924572188
7.54043596975929,0.288247628701279,0.0664860618969789,0.000379742393697698,0.148794976843483,-0.0666457471007656,-0.0369144951821706,0,0,0,0,0,0,0,0,0,-0.786597614741271,-0.274092690239965,0.265532687745884
7.55043654796852,0.288912546584947,0.0664898093239372,0.000369708533751478,0.148126637554444,-0.0670141164849763,-0.0367549824253051,0,0,0,0,0,0,0,0,0,-0.789325422182785,-0.27144820694623,0.263342519057987
7.56043712617775,0.28957750144419,0.0664934566738358,0.000359728265915167,0.14745462234908,-0.06738088646477,-0.0365946331187187,0,0,0,0,0,0,0,0,0,-0.792026892787913,-0.268825535324655,0.261170780030318
7.57043770438698,0.290242492280873,0.0664970044865315,0.000349802380712936,0.146778947264162,-0.067746048683648,-0.0364334491314328,0,0,0,0,0,0,0,0,0,-0.79470224376409,-0.266224489322912,0.259017807566668
7.58043828259621,0.2909075181023,0.0665004533100732,0.000339931725700316,0.146099628419938,-0.0681095948029926,-0.0362714321713317,0,0,0,0,0,0,0,0,0,-0.797351690441285,-0.263644879640348,0.256883914822955
7.59043886080544,0.291572577921299,0.0665038037012636,0.000330117203668829,0.145416682019964,-0.0684715165004815,-0.0361085837902353,0,0,0,0,0,0,0,0,0,-0.799975446240702,-0.261086513961152,0.254769392044466
7.60043943901467,0.292237670756311,0.0665070562262028,0.000320359770850595,0.14473012435095,-0.0688318054685524,-0.0359449053889718,0,0,0,0,0,0,0,0,0,-0.802573722645772,-0.25854919717943,0.252674507389712
7.6104400172239,0.292902795631489,0.0665102114608132,0.000310660435122967,0.144039971782619,-0.0691904534129181,-0.0357803982224501,0,0,0,0,0,0,0,0,0,-0.805146729175355,-0.256032731615893,0.250599507734093
7.62044059543313,0.293567951576797,0.0665132699913475,0.000301020254213124,0.143346240767581,-0.0695474520511327,-0.035615063404733,0,0,0,0,0,0,0,0,0,-0.807694673359068,-0.253536917226852,0.248544619443175
7.63044117364236,0.294233137628113,0.066516232414878,0.000291440333902712,0.14264894784122,-0.0699027931112084,-0.0354489019141095,0,0,0,0,0,0,0,0,0,-0.810217760714664,-0.251061551805444,0.246510049136045
7.64044175185159,0.294898352827345,0.0665190993397682,0.000281921826232448,0.141948109621601,-0.0702564683302832,-0.0352819145981676,0,0,0,0,0,0,0,0,0,-0.812716194727389,-0.24860643117536,0.244495984417015
7.65044233006082,0.295563596222541,0.0665218713861267,0.000272465927706743,0.141243742809381,-0.0706084694533389,-0.0351141021788671,0,0,0,0,0,0,0,0,0,-0.815190176831237,-0.246171349377434,0.2425025945925
7.66044290827005,0.296228866868014,0.0665245491862425,0.000263073877498311,0.140535864187737,-0.0709587882319705,-0.0349454652576122,0,0,0,0,0,0,0,0,0,-0.817639906392031,-0.243756098849033,0.240530031368841
7.67044348647928,0.296894163824459,0.0665271333850029,0.000253746955652804,0.139824490622307,-0.0713074164232056,-0.0347760043203242,0,0,0,0,0,0,0,0,0,-0.82006558069227,-0.241360470596689,0.23857842951983
7.68044406468851,0.297559486159088,0.0665296246402935,0.000244486481293415,0.139109639061141,-0.0716543457883749,-0.0346057197425141,0,0,0,0,0,0,0,0,0,-0.822467394917668,-0.238984254362136,0.236647907545852
7.69044464289774,0.298224832945758,0.0665320236233796,0.000235293810825501,0.138391326534665,-0.0719995680920336,-0.0344346117943557,0,0,0,0,0,0,0,0,0,-0.824845542145316,-0.236627238781763,0.234738568308865
7.70044522110697,0.298890203265106,0.0665343310192703,0.000226170336141197,0.137669570155651,-0.0723430751009333,-0.0342626806457576,0,0,0,0,0,0,0,0,0,-0.82720021333341,-0.234289211539945,0.232850499643235
7.7104457993162,0.299555596204692,0.0665365475270646,0.00021711748282404,0.136944387119201,-0.0726848585830441,-0.0340899263714366,0,0,0,0,0,0,0,0,0,-0.829531597312484,-0.231969959516282,0.23098377495606
7.72044637752543,0.300221010859138,0.0665386738602788,0.000208136708353583,0.13621579470274,-0.0730249103066292,-0.03391634895599,0,0,0,0,0,0,0,0,0,-0.831839880778079,-0.229669268926923,0.229138453803032
7.73044695573466,0.300886446330275,0.0665407107471572,0.000199229500310013,0.135483810266018,-0.0733632220393676,-0.0337419482989684,0,0,0,0,0,0,0,0,0,-0.834125248284805,-0.227386925460284,0.227314582443078
7.74044753394389,0.301551901727292,0.0665426589309636,0.000190397374578767,0.13474845125112,-0.07369978554753,-0.0335667242199482,0,0,0,0,0,0,0,0,0,-0.836387882241723,-0.225122714407282,0.225512194388618
7.75044811215312,0.302217376166887,0.0665445191702556,0.000181641873555152,0.134009735182482,-0.074034592595204,-0.0333906764636048,0,0,0,0,0,0,0,0,0,-0.838627962909013,-0.222876420786047,0.223731310923008
7.76044869036235,0.302882868773421,0.0665462922391406,0.000172964564348965,0.133267679666917,-0.0743676349435702,-0.0332138047047848,0,0,0,0,0,0,0,0,0,-0.840845668395851,-0.220647829461804,0.22197194159884
7.77044926857157,0.303548378679077,0.0665479789275145,0.000164367036989103,0.132522302393652,-0.0746989043502297,-0.0330361085535787,0,0,0,0,0,0,0,0,0,-0.843041174659472,-0.218436725261619,0.220234084737068
7.7804498467808,0.304213905024015,0.066549580041281,0.00015585090262819,0.131773621134358,-0.0750283925685814,-0.0328575875603941,0,0,0,0,0,0,0,0,0,-0.845214655505345,-0.216242893084301,0.218517727899964
7.79045042499003,0.304879446956539,0.0665510964025549,0.000147417791747187,0.131021653743205,-0.0753560913472509,-0.0326782412210278,0,0,0,0,0,0,0,0,0,-0.847366282588431,-0.214066118005686,0.216822848345008
7.80045100319926,0.305545003633252,0.0665525288498455,0.000139069352360015,0.130266418156905,-0.0756819924295694,-0.0324980689817389,0,0,0,0,0,0,0,0,0,-0.849496225415469,-0.211906185379457,0.215149413459235
7.81045158140849,0.306210574219227,0.0665538782382237,0.000130807248218172,0.12950793239477,-0.0760060875531038,-0.0323170702443212,0,0,0,0,0,0,0,0,0,-0.851604651348245,-0.209762880933748,0.213497381187037
7.82045215961772,0.306876157888175,0.0665551454394699,0.000122633157015341,0.128746214558774,-0.0763283684492377,-0.0321352443711762,0,0,0,0,0,0,0,0,0,-0.853691725607812,-0.207635990863403,0.211866700445514
7.83045273782695,0.307541753822603,0.0665563313422046,0.000114548768592031,0.127981282833611,-0.076648826842802,-0.0319525906903857,0,0,0,0,0,0,0,0,0,-0.855757611279606,-0.205525301918274,0.21025731151537
7.84045331603618,0.308207361213995,0.0665574368520013,0.000106555783140166,0.127213155486767,-0.076967454451758,-0.031769108500784,0,0,0,0,0,0,0,0,0,-0.85780246931943,-0.20343060148766,0.208669146422242
7.85045389424541,0.308872979262973,0.0665584628914801,9.86559094077245e-05,0.12644185086859,-0.0772842429869297,-0.0315847970770316,0,0,0,0,0,0,0,0,0,-0.859826458560262,-0.201351677680976,0.207102129302072
7.86045447245464,0.309538607179474,0.0665594104003854,9.08508629033455e-05,0.125667387412359,-0.0775991841517873,-0.031399655674687,0,0,0,0,0,0,0,0,0,-0.861829735719847,-0.199288319404893,0.205556176751625
7.87045505066387,0.310204244182916,0.0665602803356437,8.31423641009456e-05,0.124889783634363,-0.0779122696422822,-0.0312136835352798,0,0,0,0,0,0,0,0,0,-0.863812455409051,-0.197240316436987,0.204031198175389
7.8804556288731,0.310869889502375,0.0665610736714047,7.55321366443513e-05,0.124109058133972,-0.0782234911467313,-0.0310268798913833,0,0,0,0,0,0,0,0,0,-0.865774770140929,-0.195207459495941,0.202527096112145
7.89045620708233,0.311535542376755,0.0665617913990639,6.8021905551901e-05,0.123325229593717,-0.0785328403457533,-0.0308392439716871,0,0,0,0,0,0,0,0,0,-0.86771683034048,-0.193189540308671,0.201043766542924
7.90045678529156,0.31220120205496,0.0665624345272673,6.06133954210663e-05,0.122538316779367,-0.0788403089122551,-0.0306507750060703,0,0,0,0,0,0,0,0,0,-0.869638784355053,-0.19118635167436,0.199581099191977
7.91045736350079,0.312866867796067,0.0665630040818983,5.33083286330754e-05,0.121748338540005,-0.0791458885114689,-0.0304614722306732,0,0,0,0,0,0,0,0,0,-0.871540778465393,-0.189197687525564,0.198138977824669
7.92045794171002,0.3135325388695,0.0665635011060466,4.61084235575241e-05,0.120955313808102,-0.0794495708010403,-0.0302713348929712,0,0,0,0,0,0,0,0,0,-0.873422956897263,-0.187223342986295,0.19671728052571
7.93045851991925,0.3141982145552,0.0665639266599591,3.90153927569952e-05,0.120159261599598,-0.0797513474311673,-0.0300803622568465,0,0,0,0,0,0,0,0,0,-0.875285461833649,-0.185263114427556,0.195315879961926
7.94045909812848,0.314863894143795,0.0665642818209727,3.20309411916799e-05,0.119360201013971,-0.0800512100447892,-0.0298885536076613,0,0,0,0,0,0,0,0,0,-0.8771284334275,-0.183316799520168,0.193934643636873
7.95045967633771,0.315529576936773,0.0665645676834293,2.51567644239934e-05,0.11855815123431,-0.080349150277827,-0.0296959082573304,0,0,0,0,0,0,0,0,0,-0.878952009814983,-0.181384197285216,0.192573434138363
7.96046025454694,0.316195262246652,0.0665647853585731,1.83945468231889e-05,0.117753131527384,-0.0806451597594748,-0.029502425549394,0,0,0,0,0,0,0,0,0,-0.880756327129238,-0.179465108141926,0.191232109382003
7.97046083275617,0.316860949397145,0.0665649359744296,1.17459597699806e-05,0.116945161243705,-0.0809392301125404,-0.02930810486409,0,0,0,0,0,0,0,0,0,-0.882541519514586,-0.177559333953235,0.189910522826099
7.9804614109654,0.317526637723331,0.0665650206756663,5.21265986116017e-06,0.116134259817594,-0.0812313529538387,-0.0291129456234272,0,0,0,0,0,0,0,0,0,-0.884307719141194,-0.17566667806937,0.188608523688239
7.99046198917463,0.318192326571818,0.0665650406234366,-1.2037128857955e-06,0.115320446767236,-0.0815215198946342,-0.0289169472962577,0,0,0,0,0,0,0,0,0,-0.886055056220162,-0.173786945369092,0.187325957156335
8.00046256738386,0.318858015300908,0.0665649969952044,-7.50153682807769e-06,0.114503741694736,-0.0818097225411349,-0.0287201094033497,0,0,0,0,0,0,0,0,0,-0.887783659019008,-0.171919942299048,0.186062664583314
8.01046314559309,0.319523703280758,0.0665648909845517,-1.36792104929676e-05,0.113684164286162,-0.0820959524950371,-0.0285224315224601,0,0,0,0,0,0,0,0,0,-0.889493653877538,-0.170065476911125,0.184818483674586
8.02046372380232,0.320189389893544,0.0665647238009677,-1.97351543731899e-05,0.112861734311591,-0.0823802013541205,-0.0283239132934072,0,0,0,0,0,0,0,0,0,-0.891185165224087,-0.168223358898051,0.183593248665345
8.03046430201155,0.320855074533614,0.0665644966696205,-2.56678127223044e-05,0.112036471625145,-0.082662460712894,-0.0281245544231435,0,0,0,0,0,0,0,0,0,-0.892858315592097,-0.166393399627197,0.182386790494392
8.04046488022078,0.321520756607646,0.06656421083111,-3.14756553500906e-05,0.111208396165017,-0.0829427221632931,-0.0279243546908285,0,0,0,0,0,0,0,0,0,-0.89451322563703,-0.164575412172711,0.181198936965673
8.05046545843001,0.322186435534801,0.0665638675412039,-3.71571794179288e-05,0.110377527953498,-0.0832209772954265,-0.0277233139529011,0,0,0,0,0,0,0,0,0,-0.896150014153595,-0.162769211346088,0.180029512900067
8.06046603663924,0.322852110746873,0.0665634680705546,-4.27109112341832e-05,0.109543887096987,-0.0834972176983752,-0.0275214321481523,0,0,0,0,0,0,0,0,0,-0.897768798093272,-0.160974613725258,0.178878340286849
8.07046661484847,0.323517781688438,0.0665630137043994,-4.8135408049565e-05,0.108707493785998,-0.0837714349610407,-0.0273187093027983,0,0,0,0,0,0,0,0,0,-0.899369692582116,-0.159191437682136,0.177745238427132
8.0804671930577,0.324183447816994,0.0665625057422414,-5.34292598525538e-05,0.107868368295159,-0.084043620673045,-0.0271151455355527,0,0,0,0,0,0,0,0,0,-0.900952810938832,-0.15741950340884,0.176630024051842
8.09046777126693,0.324849108603106,0.0665619454975135,-5.85910911647496e-05,0.107026530983201,-0.0843137664256811,-0.0269107410626996,0,0,0,0,0,0,0,0,0,-0.902518264693112,-0.155658632942879,0.175532511450176
8.10046834947616,0.325514763530544,0.0665613342972243,-6.36195628362581e-05,0.10618200229293,-0.0845818638129139,-0.026705496203166,0,0,0,0,0,0,0,0,0,-0.904066163604206,-0.153908650190801,0.174452512602514
8.11046892768539,0.326180412096411,0.0665606734815853,-6.85133738410832e-05,0.105334802751203,-0.084847904432432,-0.0264994113835947,0,0,0,0,0,0,0,0,0,-0.905596615679732,-0.152169380950723,0.173389837279979
8.12046950589462,0.326846053811282,0.0665599644036208,-7.32712630725075e-05,0.104484952968881,-0.0851118798867507,-0.0262924871434168,0,0,0,0,0,0,0,0,0,-0.907109727194702,-0.150440652933992,0.172344293145739
8.13047008410385,0.327511688199322,0.06655920842876,-7.78920111384643e-05,0.103632473640775,-0.0853737817843648,-0.0260847241399246,0,0,0,0,0,0,0,0,0,-0.90860560271076,-0.148722295785686,0.171315685860562
8.14047066231308,0.328177314798412,0.0665584069344108,-8.23744421569357e-05,0.102777385545582,-0.085633601740953,-0.0258761231533442,0,0,0,0,0,0,0,0,0,-0.910084345095624,-0.147014141104159,0.170303819175757
8.15047124052231,0.328842933160269,0.0665575613095151,-8.67174255513186e-05,0.101919709545805,-0.0858913313806325,-0.025666685091908,0,0,0,0,0,0,0,0,0,-0.91154605554271,-0.14531602245969,0.169308495018377
8.16047181873154,0.329508542850551,0.0665566729540876,-9.09198778458152e-05,0.101059466587664,-0.0861469623372646,-0.0254564109969279,0,0,0,0,0,0,0,0,0,-0.912990833590948,-0.143627775412323,0.168329513567905
8.17047239694077,0.330174143448974,0.0665557432787353,-9.49807644608277e-05,0.10019667770099,-0.0864004862558109,-0.0252453020478676,0,0,0,0,0,0,0,0,0,-0.914418777144767,-0.141949237528975,0.167366673334216
8.18047297515,0.33083973454941,0.0665547737041594,-9.88991015083004e-05,0.0993313639991086,-0.0866518947937402,-0.0250333595674152,0,0,0,0,0,0,0,0,0,-0.915829982494247,-0.140280248399728,0.166419771231146
8.19047355335923,0.331505315759987,0.06655376566064,-0.000102673957587161,0.0984635466787063,-0.0869011796224862,-0.0248205850265562,0,0,0,0,0,0,0,0,0,-0.917224544335431,-0.138620649653457,0.165488602637444
8.20047413156846,0.332170886703185,0.0665527205875013,-0.000106304455578653,0.0975932470196844,-0.0871483324289562,-0.0246069800496461,0,0,0,0,0,0,0,0,0,-0.918602555790794,-0.136970284972904,0.164572961454602
8.21047470977769,0.332836447015918,0.0665516399325608,-0.000109789774441735,0.0967204863849959,-0.0873933449170897,-0.0243925464194829,0,0,0,0,0,0,0,0,0,-0.919964108429855,-0.135329000109155,0.163672640163789
8.22047528798692,0.33350199634962,0.0665505251515586,-0.000113129151008474,0.0958452862204675,-0.0876362088094689,-0.0241772860823804,0,0,0,0,0,0,0,0,0,-0.921309292289931,-0.133696642895566,0.16278742987312
8.23047586619615,0.334167534370322,0.0665493777075704,-0.000116321881779407,0.0949676680546047,-0.0878769158489789,-0.0239612011532398,0,0,0,0,0,0,0,0,0,-0.922638195897032,-0.132073063261303,0.16191712036232
8.24047644440538,0.334833060758717,0.0665481990704011,-0.000119367324718953,0.0940876534983802,-0.0881154578005191,-0.0237442939206237,0,0,0,0,0,0,0,0,0,-0.923950906286885,-0.130458113244373,0.161061500126582
8.25047702261461,0.335498575210232,0.0665469907159619,-0.000122264901050747,0.0932052642450049,-0.0883518264527655,-0.0235265668518277,0,0,0,0,0,0,0,0,0,-0.92524750902609,-0.12885164700428,0.160220356409249
8.26047760082384,0.336164077435079,0.0665457541256279,-0.000125014097053084,0.0923205220696819,-0.0885860136199831,-0.0233080225979538,0,0,0,0,0,0,0,0,0,-0.926528088233394,-0.12725352083441,0.159393475228712
8.27047817903307,0.336829567158311,0.0665444907855792,-0.00012761446585424,0.0914334488293402,-0.08881801114389,-0.0230886639989826,0,0,0,0,0,0,0,0,0,-0.927792726601098,-0.125663593174148,0.158580641408416
8.2804787572423,0.337495044119865,0.0665432021861231,-0.000130065629227908,0.0905440664623511,-0.089047810895571,-0.0228684940888466,0,0,0,0,0,0,0,0,0,-0.929041505416576,-0.124081724620661,0.157781638604519
8.29047933545153,0.338160508074597,0.0665418898209985,-0.000132367279388533,0.0896523969882247,-0.0892754047774432,-0.0226475161005021,0,0,0,0,0,0,0,0,0,-0.930274504583908,-0.122507777940458,0.156996249318097
8.30047991366076,0.338825958792319,0.066540555186663,-0.000134519180786742,0.0887584625072869,-0.0895007847252712,-0.0224257334710027,0,0,0,0,0,0,0,0,0,-0.931491802645641,-0.120941618080938,0.156224254906588
8.31048049186998,0.339491396057817,0.0665391997815606,-0.000136521171904681,0.087862285200335,-0.0897239427102341,-0.0222031498465714,0,0,0,0,0,0,0,0,0,-0.932693476804647,-0.119383112181714,0.15546543560185
8.32048107007921,0.340156819670869,0.0665378251053734,-0.000138373167051425,0.0869638873282734,-0.0899448707410421,-0.0219797690876736,0,0,0,0,0,0,0,0,0,-0.93387960294611,-0.117832129585801,0.154719570516882
8.33048164828844,0.340822229446254,0.0665364326582535,-0.000140075158158351,0.0860632912317272,-0.0901635608661048,-0.0217555952740896,0,0,0,0,0,0,0,0,0,-0.935050255659613,-0.116288541850809,0.153986437641058
8.34048222649767,0.341487625213753,0.0665350239400382,-0.000141627216574527,0.0851605193306343,-0.0903800051757499,-0.0215306327099877,0,0,0,0,0,0,0,0,0,-0.936205508261342,-0.114752222760221,0.153265813842652
8.35048280470691,0.342153006818141,0.0665336004494468,-0.000143029494862086,0.0842555941238149,-0.0905941958044922,-0.0213048859289962,0,0,0,0,0,0,0,0,0,-0.937345432816406,-0.11322304833454,0.152557474869197
8.36048338291613,0.342818374119171,0.0665321636832592,-0.000144282228591615,0.0833485381885182,-0.090806124933354,-0.0210783596992768,0,0,0,0,0,0,0,0,0,-0.938470100161256,-0.111700896842557,0.151861195333735
8.37048396112536,0.343483726991554,0.0665307151354767,-0.000145385738137523,0.0824393741799451,-0.0910157847922357,-0.020851059028597,0,0,0,0,0,0,0,0,0,-0.939579579926236,-0.110185648812776,0.151176748705914
8.38048453933459,0.344149065324922,0.0665292562964655,-0.000146340430473447,0.0815281248307473,-0.0912231676623377,-0.0206229891694025,0,0,0,0,0,0,0,0,0,-0.94067394055823,-0.108677187044856,0.150503907298581
8.39048511754382,0.344814389023791,0.0665277886520812,-0.000147146800967622,0.0806148129505026,-0.0914282658786325,-0.0203941556238906,0,0,0,0,0,0,0,0,0,-0.941753249343438,-0.107175396621308,0.14984244224727
8.40048569575305,0.34547969800751,0.0665263136827759,-0.000147805435178257,0.0796994614251638,-0.0916310718323876,-0.0201645641490821,0,0,0,0,0,0,0,0,0,-0.942817572430263,-0.105680164919344,0.149192123489429
8.41048627396228,0.346144992210201,0.0665248328626873,-0.000148317010648918,0.0787820932164833,-0.0918315779737394,-0.0199342207618946,0,0,0,0,0,0,0,0,0,-0.943866974852319,-0.104191381622993,0.148552719741506
8.42048685217151,0.346810271580695,0.0665233476587099,-0.000148682298703926,0.0778627313614115,-0.0920297768143177,-0.0197031317442149,0,0,0,0,0,0,0,0,0,-0.94490152055156,-0.102708938735407,0.147923998470348
8.43048743038074,0.347475536082452,0.0665218595295481,-0.000148902166243725,0.0769413989714678,-0.0922256609299207,-0.0194713036479718,0,0,0,0,0,0,0,0,0,-0.94592127240154,-0.101232730591544,0.147305725862462
8.44048800858997,0.348140785693475,0.0665203699247515,-0.00014897757754027,0.0760181192320858,-0.0924192229632415,-0.0192387433002087,0,0,0,0,0,0,0,0,0,-0.94692629223079,-0.099762653871097,0.14669766679028
8.4504885867992,0.348806020406211,0.0665188802837318,-0.000148909596032407,0.0750929154019308,-0.0926104556266438,-0.0190054578081565,0,0,0,0,0,0,0,0,0,-0.947916640846336,-0.0982986076118483,0.146099584774224
8.46048916500843,0.349471240227452,0.0665173920347625,-0.000148699386121258,0.0741658108121881,-0.0927993517049902,-0.018771454564306,0,0,0,0,0,0,0,0,0,-0.948892378057351,-0.0968404932233558,0.145511241945157
8.47048974321766,0.350136445178209,0.0665159065939602,-0.000148348214965591,0.0732368288658241,-0.0929859040585202,-0.0185367412514808,0,0,0,0,0,0,0,0,0,-0.949853562698937,-0.095388214501059,0.144932399001502
8.48049032142689,0.350801635293593,0.0665144253642478,-0.000147857454277217,0.072305993036818,-0.0931701056257784,-0.0183013258479099,0,0,0,0,0,0,0,0,0,-0.950800252656064,-0.0939416776408243,0.144362815159823
8.49049089963612,0.351466810622672,0.0665129497342998,-0.000147228582116378,0.0713733268693637,-0.0933519494265949,-0.0180652166323006,0,0,0,0,0,0,0,0,0,-0.951732504887644,-0.092500791254038,0.143802248110232
8.50049147784535,0.352131971228329,0.0665114810774704,-0.000146463184687112,0.0704388539770416,-0.0935314285651152,-0.017828422188911,0,0,0,0,0,0,0,0,0,-0.952650375450767,-0.0910654663830452,0.143250453969087
8.51049205605458,0.352797117187097,0.0665100207507022,-0.000145562958132626,0.0695025980419605,-0.0937085362328813,-0.0175909514126225,0,0,0,0,0,0,0,0,0,-0.953553919525091,-0.089635616517187,0.142707187214081
8.52049263426381,0.353462248588994,0.0665085700934184,-0.00014452971033073,0.0685645828138673,-0.0938832657119633,-0.017352813514013,0,0,0,0,0,0,0,0,0,-0.954443191437393,-0.088211157609538,0.142172200632715
8.53049321247304,0.354127365537342,0.0665071304263963,-0.000143365362689152,0.0676248321092265,-0.0940556103781425,-0.0171140180244291,0,0,0,0,0,0,0,0,0,-0.955318244686293,-0.0867920080939755,0.14164524526836
8.54049379068227,0.354792468148571,0.0665057030506225,-0.00014207195194097,0.0666833698102664,-0.0942255637041441,-0.0168745748010593,0,0,0,0,0,0,0,0,0,-0.956179131967153,-0.0853780889029945,0.141126070349247
8.5504943688915,0.355457556552019,0.0665042892461313,-0.000140651631939968,0.0657402198639935,-0.094393119262921,-0.0166344940320062,0,0,0,0,0,0,0,0,0,-0.957025905197151,-0.0839693234861977,0.140614423226247
8.56049494710073,0.356122630889717,0.066502890270824,-0.000139106675456024,0.0647954062811734,-0.0945582707309894,-0.0163937862413594,0,0,0,0,0,0,0,0,0,-0.957858615540552,-0.0825656378293549,0.14011004930784
8.57049552530996,0.356787691316158,0.0665015073592705,-0.000137439475970512,0.0638489531352782,-0.0947210118918132,-0.0161524622942682,0,0,0,0,0,0,0,0,0,-0.958677313434166,-0.0811669604741933,0.139612691986442
8.58049610351919,0.357452737998059,0.0665001417214939,-0.000135652549471651,0.0629008845614,-0.0948813366392409,-0.0159105334020145,0,0,0,0,0,0,0,0,0,-0.959482048613008,-0.0797732225389316,0.139122092568161
8.59049668172842,0.358117771114112,0.0664987945417357,-0.000133748536249902,0.0619512247551297,-0.0950392389809918,-0.0156680111270851,0,0,0,0,0,0,0,0,0,-0.960272870136171,-0.0783843577394742,0.138637990194782
8.60049725993765,0.358782790854718,0.0664974669772037,-0.000131730202693368,0.0609999979713998,-0.0951947130421946,-0.0154249073882447,0,0,0,0,0,0,0,0,0,-0.961049826412915,-0.077000302411505,0.138160121764014
8.61049783814688,0.359447797421709,0.0664961601568026,-0.000129600443083141,0.0600472285232934,-0.0953477530689747,-0.0151812344656084,0,0,0,0,0,0,0,0,0,-0.961812965228973,-0.0756209955332787,0.137688221852032
8.62049841635611,0.36011279102806,0.0664948751798455,-0.000127362281388721,0.0590929407808153,-0.0954983534320938,-0.0149370050057145,0,0,0,0,0,0,0,0,0,-0.962562333773096,-0.074246378749263,0.137222022629351
8.63049899456534,0.360777771897588,0.0664936131147479,-0.000125018873063378,0.0581371591696273,-0.0956465086306399,-0.0146922320265973,0,0,0,0,0,0,0,0,0,-0.963297978663841,-0.0728763963946117,0.136761253773773
8.64049957277457,0.361442740264632,0.0664923749977044,-0.000122573506839521,0.0571799081697465,-0.0957922132957674,-0.0144469289228594,0,0,0,0,0,0,0,0,0,-0.964019945976598,-0.0715109955205492,0.136305642382161
8.6505001509838,0.362107696373729,0.0664911618313461,-0.000120029606524121,0.0562212123142052,-0.0959354621944886,-0.014201109470745,0,0,0,0,0,0,0,0,0,-0.964728281270887,-0.0701501259206076,0.135854912877595
8.66050072919303,0.36277264047927,0.0664899745833812,-0.000117390732794039,0.0552610961876732,-0.0960762502335157,-0.013954787833212,0,0,0,0,0,0,0,0,0,-0.965423029617911,-0.068793740157868,0.135408786915507
8.67050130740226,0.36343757284514,0.0664888141852175,-0.000114660584991474,0.0542995844250418,-0.0962145724631535,-0.0137079785650051,0,0,0,0,0,0,0,0,0,-0.966104235628396,-0.0674417935930764,0.134966983293228
8.68050188561149,0.364102493744354,0.066487681530566,-0.000111843002919272,0.0533367017099672,-0.0963504240812426,-0.0134606966177283,0,0,0,0,0,0,0,0,0,-0.966771943480708,-0.0660942444136925,0.134529217843108
8.69050246382072,0.36476740345867,0.0664865774740279,-0.000108941968636376,0.0523724727733761,-0.0964838004371543,-0.0132129573449178,0,0,0,0,0,0,0,0,0,-0.967426196949274,-0.0647510536641435,0.134095203332284
8.70050304202995,0.365432302278191,0.0664855028296626,-0.00010596160825317,0.0514069223919294,-0.0966146970358346,-0.0129647765071142,0,0,0,0,0,0,0,0,0,-0.968067039433304,-0.0634121852768784,0.133664649366128
8.71050362023918,0.366097190500951,0.0664844583695382,-0.000102906193726859,0.0504400753864461,-0.0967431095419005,-0.012716170276936,0,0,0,0,0,0,0,0,0,-0.968694513985833,-0.062077606104553,0.133237262272987
8.72050419844841,0.366762068432491,0.0664834448222641,-9.97801446568683e-05,0.0494719566202859,-0.0968690337837863,-0.0124671552441514,0,0,0,0,0,0,0,0,0,-0.969308663343085,-0.0607472859533892,0.132812744995961
8.73050477665764,0.367426936385412,0.0664824628715054,-9.65880300802077e-05,0.0485025909976901,-0.0969924657579403,-0.0122177484207516,0,0,0,0,0,0,0,0,0,-0.969909529954183,-0.0594211976175239,0.1323907969872
8.74050535486687,0.368091794678925,0.0664815131544793,-9.33345702668949e-05,0.0475320034620801,-0.0971134016330731,-0.0119679672460236,0,0,0,0,0,0,0,0,0,-0.970497156011205,-0.0580993169144835,0.131971114091095
8.7505059330761,0.368756643638373,0.0664805962604341,-9.0024638515286e-05,0.0465602189943128,-0.0972318377544561,-0.0117178295916221,0,0,0,0,0,0,0,0,0,-0.971071583479596,-0.0567816227218693,0.131553388422831
8.76050651128533,0.369421483594744,0.0664797127291095,-8.66632629474904e-05,0.0455872626108939,-0.0973477706482704,-0.0114673537666432,0,0,0,0,0,0,0,0,0,-0.971632854128959,-0.0554680970152601,0.131137308254207
8.77050708949456,0.370086314884172,0.0664788630491796,-8.32556283047047e-05,0.044613159362146,-0.0974611970260074,-0.0112165585226963,0,0,0,0,0,0,0,0,0,-0.972181009564232,-0.0541587249071812,0.130722557894069
8.78050766770379,0.370751137847416,0.0664780476566772,-7.98070777426872e-05,0.0436379343303343,-0.0975721137889189,-0.0109654630589773,0,0,0,0,0,0,0,0,0,-0.972716091257252,-0.0528534946873997,0.130308817557986
8.79050824591302,0.371415952829324,0.066477266933401,-7.63231146270558e-05,0.0426616126277449,-0.0976805180325195,-0.010714087027341,0,0,0,0,0,0,0,0,0,-0.973238140578737,-0.0515523978644995,0.129895763243744
8.80050882412225,0.372080760178286,0.0664765212053044,-7.28094043287216e-05,0.0416842193947204,-0.0977864070511377,-0.0104624505373739,0,0,0,0,0,0,0,0,0,-0.973747198830687,-0.0502554292086665,0.129483066604217
8.81050940233148,0.372745560245665,0.066475810740866,-6.92717760192203e-05,0.0407057797976484,-0.0978897783425199,-0.010210574161467,0,0,0,0,0,0,0,0,0,-0.974243307279216,-0.0489625867958067,0.129070394815204
8.82050998054071,0.373410353385215,0.0664751357494431,-6.57162244661492e-05,0.0397263190269041,-0.0979906296124832,-0.00995847893988817,0,0,0,0,0,0,0,0,0,-0.974726507187842,-0.0476738720529753,0.12865741043996
8.83051055874994,0.374075139952481,0.0664744963796059,-6.21489118285026e-05,0.0387458622947456,-0.0980889587796205,-0.00970618638585536,0,0,0,0,0,0,0,0,0,-0.975196839851222,-0.046389289805203,0.128243771291917
8.84051113695917,0.374739920304182,0.0664738927174555,-5.85761694520959e-05,0.0377644348331626,-0.0981847639800552,-0.00945371849060882,0,0,0,0,0,0,0,0,0,-0.975654346629377,-0.0451088483236723,0.127829130298598
8.85051171516839,0.375404694797579,0.066473324784922,-5.50044996649223e-05,0.0367820618916771,-0.0982780435722473,-0.00920109772848397,0,0,0,0,0,0,0,0,0,-0.9760990689824,-0.0438325593752651,0.127413135359937
8.86051229337762,0.376069463789827,0.0664727925380462,-5.14405775725408e-05,0.0357987687350954,-0.0983687961418497,-0.00894834706198416,0,0,0,0,0,0,0,0,0,-0.976531048505663,-0.0425604382735719,0.12699542920129
8.87051287158686,0.3767342276373,0.0664722958652426,-4.78912528534452e-05,0.0348145806412113,-0.0984570205066161,-0.00869548994685331,0,0,0,0,0,0,0,0,0,-0.976950326965548,-0.0412925039313807,0.126575649227098
8.88051344979609,0.377398986694913,0.0664718345855444,-4.43635515544739e-05,0.0338295228984614,-0.0985427157213582,-0.00844255033714866,0,0,0,0,0,0,0,0,0,-0.977356946335705,-0.0400287789146127,0.126153427375767
8.89051402800531,0.378063741315419,0.066471408446831,-4.08646778861719e-05,0.0328436208035276,-0.0986258810829553,-0.00818955269031327,0,0,0,0,0,0,0,0,0,-0.977750948833859,-0.0387692894977133,0.125728389969347
8.90051460621454,0.378728491848682,0.0664710171240372,-3.74020160181987e-05,0.0318568996588924,-0.0987065161354135,-0.00793652197224891,0,0,0,0,0,0,0,0,0,-0.978132376959181,-0.0375140657205947,0.125300157555212
8.91051518442377,0.379393238640946,0.0664706602173445,-3.39831318746666e-05,0.0308693847703413,-0.0987846206749757,-0.0076834836623888,0,0,0,0,0,0,0,0,0,-0.978501273530229,-0.0362631414471937,0.124868344752776
8.920515762633,0.380057982034075,0.0664703372503544,-3.06157749295453e-05,0.0298811014444151,-0.0988601947552831,-0.00743046375877005,0,0,0,0,0,0,0,0,0,-0.978857681723491,-0.0350165544254801,0.124432560098364
8.93051634084223,0.380722722364776,0.0664700476682439,-2.7307880002068e-05,0.028892074985809,-0.0989332386925863,-0.00717748878310665,0,0,0,0,0,0,0,0,0,-0.979201645112529,-0.033774346349117,0.123992405879832
8.94051691905146,0.381387459963811,0.066469790835903,-2.40675690520728e-05,0.0279023306947207,-0.0990037530710084,-0.00692458578586192,0,0,0,0,0,0,0,0,0,-0.979533207707751,-0.0325365629207765,0.123547477976354
8.95051749726069,0.382052195155178,0.0664695660360543,-2.09031529754228e-05,0.0269118938641448,-0.0990717387478574,-0.00667178235132138,0,0,0,0,0,0,0,0,0,-0.979852413996826,-0.0313032539170058,0.123097365695531
8.96051807546992,0.382716928255285,0.0664693724673542,-1.78231333993503e-05,0.0259207897771137,-0.0991371968589908,-0.00641910660266529,0,0,0,0,0,0,0,0,0,-0.980159308985752,-0.0300744732547999,0.122641651605699
8.97051865367915,0.383381659572096,0.0664692092424768,-1.48362044778707e-05,0.0249290437038857,-0.0992001288242299,-0.0061665872070416,0,0,0,0,0,0,0,0,0,-0.980453938240598,-0.028850279059822,0.122179911365407
8.98051923188838,0.384046389404266,0.0664690753861795,-1.19512546871538e-05,0.0239366808990771,-0.0992605363528252,-0.00591425338063839,0,0,0,0,0,0,0,0,0,-0.980736347929943,-0.027630733736387,0.121711713552585
8.99051981009761,0.384711118040246,0.0664689698333506,-9.17736862089463e-06,0.0229437265987404,-0.0993184214489723,-0.00566213489375658,0,0,0,0,0,0,0,0,0,-0.981006584868016,-0.026415904039098,0.121236619495044
9.00052038830684,0.38537584575738,0.0664688914270391,-6.5238287857124e-06,0.0219502060173873,-0.099373786417379,-0.00541026207588281,0,0,0,0,0,0,0,0,0,-0.981264696558564,-0.0252058611462211,0.120754183091177
9.01052096651607,0.386040572820975,0.0664688389164664,-4.00011739652185e-06,0.0209561443449547,-0.0994266338688827,-0.00515866582076194,0,0,0,0,0,0,0,0,0,-0.981510731239464,-0.0240006807349079,0.120263950633274
9.0205215447253,0.386705299483348,0.0664688109550205,-1.61591817193947e-06,0.0199615667437157,-0.0994769667261189,-0.00490737759146988,0,0,0,0,0,0,0,0,0,-0.981744737928093,-0.0228004430581032,0.119765460634579
9.03052212293453,0.387370025982866,0.0664688060982311,6.1888187036143e-07,0.0189664983451321,-0.0995247882292397,-0.00465642942548627,0,0,0,0,0,0,0,0,0,-0.981966766467479,-0.0216052330232269,0.119258243644463
9.04052270114376,0.38803475254295,0.0664688228017282,2.69419061828908e-06,0.0179709642466508,-0.099570101941684,-0.00440585393976706,0,0,0,0,0,0,0,0,0,-0.982176867573248,-0.0204151402727796,0.118741822061743
9.05052327935299,0.388699479371069,0.0664688594191818,4.59970906990011e-06,0.0169749895084415,-0.0996129117559978,-0.00415568433581737,0,0,0,0,0,0,0,0,0,-0.98237509288138,-0.0192302592667571,0.11821570995914
9.06052385756222,0.389364206657711,0.0664689142002241,6.32492953801887e-06,0.0159785991500756,-0.0996532218997054,-0.003905954404764,0,0,0,0,0,0,0,0,0,-0.98256149499681,-0.0180506893667676,0.117679412897242
9.07052443577145,0.390028934575326,0.0664689852883531,7.85913385490701e-06,0.0149818181471484,-0.0996910369412313,-0.00365669853242833,0,0,0,0,0,0,0,0,0,-0.982736127542866,-0.0168765349221669,0.1171324277327
9.08052501398068,0.390693663277262,0.0664690707188192,9.19139157684731e-06,0.0139846714278377,-0.0997263617958729,-0.00340795170439891,0,0,0,0,0,0,0,0,0,-0.982899045211589,-0.0157079053580118,0.116574242430989
9.09052559218991,0.391358392896668,0.066469168416493,1.03105581887386e-05,0.0129871838694064,-0.0997592017318239,-0.00315974951110411,0,0,0,0,0,0,0,0,0,-0.983050303814938,-0.0145449152649411,0.116004335881778
9.10052617039914,0.392023123545378,0.0664692761937156,1.12052733087591e-05,0.0119893802946424,-0.0997895623762482,-0.00291212815288489,0,0,0,0,0,0,0,0,0,-0.983189960336897,-0.0133876844908209,0.115422177707826
9.11052674860837,0.392687855312779,0.0664693917481309,1.18639588929464e-05,0.0109912854682383,-0.0998174497214051,-0.00266512444506741,0,0,0,0,0,0,0,0,0,-0.98331807298652,-0.0122363382344477,0.114827228067207
9.1205273268176,0.393352588264647,0.0664695126604998,1.22748174398884e-05,0.00999292409310945,-0.0998428701308247,-0.0024187758230359,0,0,0,0,0,0,0,0,0,-0.983434701251913,-0.0110910071411506,0.11421893746758
9.13052790502683,0.394017322441973,0.0664696363924966,1.24258301951951e-05,0.00899432080664961,-0.0998658303455341,-0.00217312034730511,0,0,0,0,0,0,0,0,0,-0.983539905955188,-0.00995182740020842,0.113596746573603
9.14052848323606,0.394682057859758,0.0664697602844871,1.23047553562874e-05,0.00799550017692491,-0.0998863374903345,-0.00192819670859326,0,0,0,0,0,0,0,0,0,-0.983633749308394,-0.00881894084430386,0.112960086007185
9.15052906144529,0.39534679450579,0.0664698815532894,1.18991262768888e-05,0.00699648669880365,-0.0999043990801291,-0.00168404423289453,0,0,0,0,0,0,0,0,0,-0.98371629497046,-0.0076924950509361,0.112308376160466
9.16052963965452,0.396011532339395,0.066469997289916,1.11962496716898e-05,0.00599730479002422,-0.0999200230263014,-0.00144070288655192,0,0,0,0,0,0,0,0,0,-0.983787608105156,-0.00657264344561521,0.111641026998918
9.17053021786375,0.396676271290169,0.0664701044572987,1.01832038209688e-05,0.00499797878719674,-0.0999332176431445,-0.00119821328132978,0,0,0,0,0,0,0,0,0,-0.983847755440099,-0.0054595454072131,0.110957437862544
9.18053079607298,0.397341011256687,0.0664701998879946,8.84683677524921e-06,0.00399853294174204,-0.0999439916543411,-0.000956616679486572,0,0,0,0,0,0,0,0,0,-0.98389680532682,-0.0043533663751348,0.110256997281346
9.19053137428221,0.398005752105184,0.0664702802818754,7.17376455979055e-06,0.00299899141576493,-0.0999523541994942,-0.000715954998847725,0,0,0,0,0,0,0,0,0,-0.983934827801914,-0.00325427795835926,0.109539082773855
9.20053195249144,0.398670493668222,0.0664703422037971,5.1503693793511e-06,0.00199937827786179,-0.0999583148407083,-0.000476270817877981,0,0,0,0,0,0,0,0,0,-0.983961894649294,-0.00216245804664037,0.108803060654441
9.21053253070067,0.399335235743321,0.0664703820812539,2.76279782271925e-06,0.000999717498862074,-0.0999618835692218,-0.000237607380754505,0,0,0,0,0,0,0,0,0,-0.983978079463554,-0.00107809092340268,0.108113605901223
9.2205331089099,0.399999978091579,0.0664703962020116,-3.04093264805183e-09,3.29475036420224e-08,-0.0999630708120898,-8.60243927480742e-09,0,0,0,0,0,0,0,0,0,-0.983983457714486,-6.09040463499603e-08,0.107796756767626
9.23053368711913,0.400664720439529,0.0664703820202987,-2.76890470064266e-06,-0.000999651604719862,-0.0999618837416476,0.000237590104448417,0,0,0,0,0,0,0,0,0,-0.983978080681705,0.0010779688701092,0.10811356938354
9.24053426532836,0.401329462513713,0.0664703420816519,-5.15649952788871e-06,-0.00199931238630914,-0.0999583151862502,0.000476253473517083,0,0,0,0,0,0,0,0,0,-0.983961897090501,0.00216233550815178,0.10880301284042
9.25053484353759,0.401994204075222,0.0664702800983158,-7.17991627135725e-06,-0.00299892552853632,-0.0999523547188162,0.000715937589746805,0,0,0,0,0,0,0,0,0,-0.983934831470977,0.00325415494873026,0.109539036532585
9.26053542174682,0.402658944921576,0.0664701996428136,-8.85300836664852e-06,-0.00399846706057853,-0.0999439923480743,0.000956599208913891,0,0,0,0,0,0,0,0,0,-0.983896810228361,0.00435324291176752,0.110256952756044
9.27053599995605,0.403323684885333,0.0664701041503057,-1.01893936332156e-05,-0.00499791291384557,-0.0999332185118874,0.00119819575250712,0,0,0,0,0,0,0,0,0,-0.983847761578571,0.00545942150702656,0.110957395002939
9.28053657816528,0.403988423832727,0.0664699969209371,-1.12024560697479e-05,-0.0059972389262385,-0.0999200240706207,0.0014406853026551,0,0,0,0,0,0,0,0,0,-0.983787615484845,0.00657251912500607,0.111640985756945
9.29053715637451,0.404653161662331,0.0664698811221666,-1.19053476495536e-05,-0.00699642084634191,-0.0999044003005598,0.00168402659705353,0,0,0,0,0,0,0,0,0,-0.983716303595489,0.00769237032586221,0.112308336492038
9.30053773458374,0.40531789830374,0.0664697597910788,-1.23109901159432e-05,-0.00799543433755071,-0.0998863388873807,0.00192817902389257,0,0,0,0,0,0,0,0,0,-0.983633759182729,0.00881881573028027,0.112960047864611
9.31053831279297,0.405982633716279,0.0664696358366767,-1.24320767776117e-05,-0.0089942549821318,-0.0998658319196692,0.0021731026167841,0,0,0,0,0,0,0,0,0,-0.983539917082642,0.00995170191223893,0.113596709910507
9.3205388910022,0.406647367887734,0.0664695120421578,-1.22810743040218e-05,-0.00999285828522121,-0.0998428718824919,0.00241875804968903,0,0,0,0,0,0,0,0,0,-0.983434713636152,0.0110908812938226,0.114218902241447
9.33053946921143,0.407312100833105,0.0664693910671715,-1.18702245207868e-05,-0.0109912196787572,-0.0998174516510179,0.00266510663184462,0,0,0,0,0,0,0,0,0,-0.983318086631066,0.0122362120419148,0.114827194234505
9.34054004742066,0.407976832593382,0.0664692754500587,-1.12115462050533e-05,-0.0119893145253501,-0.0997895644841907,0.00291211030269182,0,0,0,0,0,0,0,0,0,-0.983189975245132,0.0133875579668,0.115422145225668
9.35054062562989,0.408641563234342,0.0664691676100733,-1.03168368808844e-05,-0.012987118122088,-0.0997592040184516,0.00315973162680241,0,0,0,0,0,0,0,0,0,-0.98305031999011,0.0145447884227277,0.116004304707952
9.36054120383912,0.409306292845369,0.0664690698495861,-9.19767461464213e-06,-0.0139846057042818,-0.0997263642615128,0.00340793378880654,0,0,0,0,0,0,0,0,0,-0.982899062656816,0.0157077782104783,0.116574212524292
9.37054178204835,0.409971021538298,0.0664689843562702,-7.86541981037047e-06,-0.0149817524491466,-0.0996910395861823,0.0036566805883199,0,0,0,0,0,0,0,0,0,-0.982736146261136,0.0168764074817848,0.1171323990539
9.38054236025758,0.410635749446278,0.0664689132052693,-6.33121700517835e-06,-0.0159785334794226,-0.0996532247242391,0.00390593643487103,0,0,0,0,0,0,0,0,0,-0.982561514990991,0.0180505616456248,0.117679385407338
9.39054293846681,0.411300476722654,0.0664688583613469,-4.60599666462243e-06,-0.0169749238669341,-0.0996129147603585,0.00415566634282866,0,0,0,0,0,0,0,0,0,-0.982375114154221,0.0192301312765451,0.118215683618814
9.40054351667604,0.41196520353988,0.0664688216810187,-2.70047697808995e-06,-0.0179708986360889,-0.0995701051260894,0.004405835926329,0,0,0,0,0,0,0,0,0,-0.982176890127382,0.0204150120247998,0.118741796832249
9.41054409488527,0.412629930088442,0.0664688049146661,-6.25165654181583e-07,-0.0189664327673172,-0.0995247915938813,0.00465641139420301,0,0,0,0,0,0,0,0,0,-0.981966790305428,0.0216051045283958,0.119258219490357
9.4205446730945,0.413294656575809,0.0664688097086325,1.60963828390562e-06,-0.019961501200451,-0.0994769702711623,0.00490735954490379,0,0,0,0,0,0,0,0,0,-0.981744763052272,0.0228003143270136,0.119765437519719
9.43054525130373,0.413959383225404,0.0664688376073008,3.99384270299589e-06,-0.0209560788380454,-0.0994266375944681,0.00515864776143383,0,0,0,0,0,0,0,0,0,-0.981510757652184,0.0240005517777531,0.120263928519291
9.44054582951296,0.414624110275593,0.0664688900551542,6.5175605645501e-06,-0.0219501405486392,-0.0993737903236216,0.00541024400627222,0,0,0,0,0,0,0,0,0,-0.981264724262036,0.0252057319728263,0.12075416194428
9.45054640772219,0.415288837978694,0.0664689683988175,9.17110812928543e-06,-0.0229436611699608,-0.0993184255359627,0.00566211681630217,0,0,0,0,0,0,0,0,0,-0.981006613864353,0.0264157746589806,0.121236599282339
9.46054698593142,0.415953566600015,0.0664690738890816,1.19450031617909e-05,-0.0239366155120738,-0.0992605406206298,0.00591423529773817,0,0,0,0,0,0,0,0,0,-0.980736378221167,0.0276306041587144,0.121711694239042
9.47054756414065,0.416618296416901,0.06646920768291,1.48299631351448e-05,-0.0249289783604672,-0.0992001332728914,0.00616656912105329,0,0,0,0,0,0,0,0,0,-0.980453969828638,0.0288501492934114,0.122179892918132
9.48054814234987,0.417283027717803,0.0664693708454263,1.7816903435532e-05,-0.0259207244790888,-0.0991372014885284,0.00641908851590657,0,0,0,0,0,0,0,0,0,-0.980159341872453,0.0300743433081606,0.122641633993214
9.4905487205591,0.417947760801379,0.066469564351885,2.08969355668609e-05,-0.0269118286133222,-0.0990717435582673,0.00667176426607023,0,0,0,0,0,0,0,0,0,-0.979852448183949,0.0313031237983251,0.123097348884668
9.50054929876833,0.418612495975592,0.0664697890896236,2.40613653553806e-05,-0.0279022654929093,-0.0990037580622644,0.00692456770435704,0,0,0,0,0,0,0,0,0,-0.979533243196977,0.0325364326379005,0.12354746193588
9.51054987697756,0.419277233556853,0.0664700458599972,2.73016911542982e-05,-0.0288920098348171,-0.0989332438646399,0.00717747070754761,0,0,0,0,0,0,0,0,0,-0.97920168190546,0.0337742159096085,0.123992390580364
9.52055045518679,0.419941973869162,0.0664703353802946,3.06096020483957e-05,-0.0298810363460505,-0.098860200108064,0.00743044569131768,0,0,0,0,0,0,0,0,0,-0.978857719821658,0.0350164238365973,0.124432545510089
9.53055103339602,0.420606717243281,0.0664706582856367,3.39769760586478e-05,-0.0308693197264111,-0.0987846262083922,0.00768346560516547,0,0,0,0,0,0,0,0,0,-0.978501312935089,0.0362630107159028,0.124868330846521
9.54055161160525,0.421271464015919,0.0664710151308576,3.73958783468368e-05,-0.0318568346712023,-0.0987065218493527,0.00793650392733885,0,0,0,0,0,0,0,0,0,-0.978132417672125,0.0375139348535704,0.125300144301086
9.55055218981448,0.421936214528943,0.0664714063923663,4.08585594201732e-05,-0.0328435558738824,-0.098625886977284,0.00818953465976284,0,0,0,0,0,0,0,0,0,-0.977750990856211,0.0387691585013244,0.1257283773388
9.56055276802371,0.422600969128597,0.0664718324699919,4.43574533359103e-05,-0.0338294580286642,-0.0985427217959226,0.00844253232296679,0,0,0,0,0,0,0,0,0,-0.977356989668728,0.0400286477949628,0.126153415341509
9.57055334623294,0.423265728164749,0.0664722936888099,4.78851759059621e-05,-0.0348145158330639,-0.0984570267612427,0.00869547195101173,0,0,0,0,0,0,0,0,0,-0.976950371610445,0.0412923726942927,0.126575637761763
9.58055392444217,0.423930491990153,0.0664727903009511,5.14345229015205e-05,-0.0357987039903972,-0.0983688025763454,0.00894832908641765,0,0,0,0,0,0,0,0,0,-0.97653109446358,0.0425603069246021,0.126995418278874
9.5905545026514,0.424595260959725,0.0664733224873921,5.49984682576724e-05,-0.0367819972122261,-0.0982780501863997,0.00920107977509081,0,0,0,0,0,0,0,0,0,-0.976099116254428,0.0438324279197162,0.127413124955085
9.60055508086063,0.425260035429845,0.0664738903597284,5.85701622780166e-05,-0.0377643702207543,-0.0981847707736333,0.00945370056125105,0,0,0,0,0,0,0,0,0,-0.975654395216557,0.0451087167665937,0.127829120385287
9.61055565906986,0.425924815757668,0.0664744939619288,6.21429298392811e-05,-0.0387457977511731,-0.0980889657523747,0.00970616848235911,0,0,0,0,0,0,0,0,0,-0.975196889754543,0.0463891581513766,0.128243761843215
9.62055623727909,0.426589602300456,0.0664751332720724,6.57102685959405e-05,-0.039726254553958,-0.0979906367641459,0.00995846106404391,0,0,0,0,0,0,0,0,0,-0.97472655840825,0.0476737403069115,0.128657401431347
9.63055681548832,0.427254395414934,0.0664758082040676,6.9265847184833e-05,-0.0407057153971168,-0.0978897856728058,0.0102105563150299,0,0,0,0,0,0,0,0,0,-0.974243359817612,0.0489624549617975,0.12907038622397
9.64055739369755,0.427919195456647,0.0664765186093532,7.28035034297761e-05,-0.0416841550683877,-0.0977864145597441,0.0104624327220642,0,0,0,0,0,0,0,0,0,-0.973747252687928,0.050255297290768,0.129483058405891
9.65055797190678,0.428584002779354,0.0664772642785808,7.63172425461866e-05,-0.0426615483773929,-0.0976805257191266,0.0107140692448443,0,0,0,0,0,0,0,0,0,-0.973238195755643,0.0515522658665142,0.129895755414801
9.66055855011601,0.429248817734419,0.0664780449432805,7.98012353456955e-05,-0.0436378701577415,-0.0975721216531903,0.0109654453109448,0,0,0,0,0,0,0,0,0,-0.972716147754605,0.0528533626129134,0.130308810075707
9.67055912832524,0.429913640670236,0.0664788602775075,8.3249816440766e-05,-0.0446130952690874,-0.0974612050675902,0.0112165408107451,0,0,0,0,0,0,0,0,0,-0.972181067382781,0.0541585927595417,0.130722550736198
9.68055970653447,0.430578471931655,0.0664797098994716,8.66574824493103e-05,-0.0455871985991407,-0.097347778866796,0.0114673360923569,0,0,0,0,0,0,0,0,0,-0.971632913269418,0.0554679647976083,0.131137301399324
9.6905602847437,0.43124331185944,0.0664805933731481,9.00188901993069e-05,-0.0465601550656327,-0.09723184614954,0.0117178119565508,0,0,0,0,0,0,0,0,0,-0.97107164394265,0.0567814904371244,0.131553381847689
9.70056086295293,0.431908160789726,0.066481510209871,9.33288549334177e-05,-0.0475319396182369,-0.0971134102043155,0.0119679496516844,0,0,0,0,0,0,0,0,0,-0.970497217797512,0.0580991845653212,0.131971107774655
9.71056144116216,0.432573019053506,0.0664824598699087,9.65823485136052e-05,-0.0485025272404435,-0.0969924745049263,0.0122177308686289,0,0,0,0,0,0,0,0,0,-0.969909593064374,0.0594210652064427,0.132390790909186
9.72056201937139,0.433237886976127,0.0664834417640205,9.977449762575e-05,-0.0494718929513913,-0.0968690427060865,0.0124671377356971,0,0,0,0,0,0,0,0,0,-0.969308727777766,0.0607471534826594,0.132812739134397
9.73056259758062,0.4339027648768,0.0664844552549969,0.000102900581984266,-0.0504400118076544,-0.0967431186390711,0.01271615281357,0,0,0,0,0,0,0,0,0,-0.968694579745591,0.0620774735762337,0.133237256609007
9.74056317578985,0.434567653068133,0.0664854996591801,0.000105956032536721,-0.0514068589049872,-0.0966147063074177,0.0129647590902246,0,0,0,0,0,0,0,0,0,-0.968067106518705,0.0634120526928625,0.133664643881427
9.75056375399908,0.435232551855669,0.0664865742479682,0.00010893642966845,-0.0523724093800253,-0.0964838098826783,0.0132129399758612,0,0,0,0,0,0,0,0,0,-0.967426265360866,0.0647509210261238,0.134095198004924
9.76056433220831,0.435897461537446,0.0664876782493001,0.000111837501407176,-0.0533366384119448,-0.0963504337002226,0.0134606792978304,0,0,0,0,0,0,0,0,0,-0.966772013219023,0.0660941117231232,0.134529212653382
9.77056491041754,0.436562382403571,0.0664888108491235,0.000114655121627624,-0.0542995212240799,-0.0962145822550912,0.0137079612955606,0,0,0,0,0,0,0,0,0,-0.966104306693952,0.0674416608512565,0.134966978225677
9.78056548862677,0.437227314735806,0.066489971192844,0.00011738530825614,-0.0552610330854991,-0.0960762601979003,0.0139547706154853,0,0,0,0,0,0,0,0,0,-0.965423102011216,0.068793607365942,0.135408781949844
9.790566066836,0.437892258807168,0.0664911583867572,0.000120024221475307,-0.0562211493125407,-0.0959354723307967,0.0142010923059702,0,0,0,0,0,0,0,0,0,-0.964728354992436,0.0701499930794684,0.135854907993718
9.80056664504523,0.438557214881549,0.0664923714994621,0.000122568161928565,-0.0571798452703084,-0.0957922236034634,0.014446911812241,0,0,0,0,0,0,0,0,0,-0.964020021026879,0.0715108626309398,0.136305637565427
9.81056722325446,0.439222183213342,0.0664936095632568,0.000125013568924823,-0.0581370963741269,-0.0956465191091762,0.0146922149713102,0,0,0,0,0,0,0,0,0,-0.963298055043336,0.0728762634571323,0.136761249005916
9.82056780146369,0.439887164047089,0.0664948715755164,0.00012735701864308,-0.0590928780909584,-0.0954983640809114,0.0149369880069046,0,0,0,0,0,0,0,0,0,-0.96256241148228,0.074246245764291,0.137222017890634
9.83056837967292,0.440552157617132,0.0664961565000525,0.000129595222337042,-0.0600471659407799,-0.0953477638875031,0.0151812175243926,0,0,0,0,0,0,0,0,0,-0.961813044268321,0.0756208625010195,0.137688217126849
9.84056895788215,0.441217164147293,0.0664974632684556,0.000131725024539736,-0.060999935497924,-0.0951947240298524,0.0154248905057116,0,0,0,0,0,0,0,0,0,-0.961049906782899,0.0770001693320239,0.138160117036593
9.85056953609138,0.441882183850551,0.0664987907814184,0.000133743401268133,-0.0619511623923802,-0.0950392501371869,0.015667994304295,0,0,0,0,0,0,0,0,0,-0.960272951837263,0.0783842246126613,0.138637985448347
9.86057011430061,0.442547216928743,0.0665001379100422,0.000135647458227759,-0.0629008223110592,-0.0948813479633705,0.0159105166399999,0,0,0,0,0,0,0,0,0,-0.959482131645681,0.0797730893645166,0.139122087787415
9.87057069250984,0.443212263572274,0.0665015034971244,0.000137434429017314,-0.0638488909990223,-0.0947210233832646,0.0161524455940342,0,0,0,0,0,0,0,0,0,-0.958677397798899,0.08116682725176,0.139612687154857
9.88057127071907,0.443877323959839,0.0665028863584291,0.000139101673333292,-0.0647953442606726,-0.0945582823891398,0.0163937696038838,0,0,0,0,0,0,0,0,0,-0.957858701237829,0.0825655045583023,0.140110044408922
9.8905718489283,0.444542398258161,0.0665042852839387,0.000140646675174595,-0.0657401579609119,-0.094393131087138,0.0166344774582402,0,0,0,0,0,0,0,0,0,-0.95702599222746,0.0839691901657801,0.140614418244331
9.90057242713753,0.445207486621738,0.0665056990390883,0.00014206704104715,-0.0666833080262617,-0.0942255756937858,0.0168745582919275,0,0,0,0,0,0,0,0,0,-0.956179220330992,0.0853779555322978,0.141126065268621
9.91057300534676,0.445872589192605,0.0665071263659818,0.00014336049816853,-0.0676247704459496,-0.0940556225325582,0.0171140015808299,0,0,0,0,0,0,0,0,0,-0.95531833438417,0.0867918746719395,0.141645240076447
9.92057358355599,0.446537706100104,0.0665085659845898,0.000144524892672565,-0.0685645212729628,-0.0938832780304932,0.017352797136819,0,0,0,0,0,0,0,0,0,-0.954443282469827,0.088211024134997,0.142172195314964
9.93057416176522,0.44720283746067,0.0665100165939305,0.000145558187813964,-0.0695025366250662,-0.093708548714857,0.0175909351026809,0,0,0,0,0,0,0,0,0,-0.953554011892613,0.0896354829887898,0.142707181753941
9.94057473997445,0.44786798337763,0.0665114768732314,0.000146458462172931,-0.0704387926857888,-0.0935314412098601,0.0178284059470437,0,0,0,0,0,0,0,0,0,-0.952650469153924,0.0910653327992954,0.143250448354747
9.95057531818368,0.448533143941007,0.0665129454830739,0.000147223907859782,-0.0713732657053766,-0.0933519622334241,0.0180652004593049,0,0,0,0,0,0,0,0,0,-0.951732599926996,0.0925006576133478,0.143802242326918
9.96057589639291,0.449198319227338,0.0665144210665198,0.000147852828719561,-0.0723059320017142,-0.0931701185939993,0.0183013097445585,0,0,0,0,0,0,0,0,0,-0.950800349032189,0.0939415439414012,0.144362809190723
9.97057647460214,0.449863509299512,0.0665159022502193,0.000148343638536657,-0.073236767961214,-0.0929859171874325,0.0185367252185222,0,0,0,0,0,0,0,0,0,-0.949853660412432,0.0953880807409796,0.144932392835619
9.98057705281137,0.450528714206601,0.0665173876455021,0.000148694859239424,-0.0741657500396752,-0.0927993649938864,0.0187714386024651,0,0,0,0,0,0,0,0,0,-0.948892477108832,0.096840359400608,0.145511235570439
9.9905776310206,0.451193933983721,0.0665188758494493,0.000148905119104797,-0.0750928547631115,-0.092610469074809,0.0190054419181346,0,0,0,0,0,0,0,0,0,-0.947916741236441,0.0982984737242672,0.146099578175544
10.0005782092298,0.451859168651889,0.0665203654459486,0.000148973150962905,-0.0760180587285495,-0.0924192365699542,0.0192387274826841,0,0,0,0,0,0,0,0,0,-0.946926393960177,0.099762519916368,0.146697659954145
10.0105787874391,0.452524418217901,0.0665218550067303,0.000148897790401695,-0.0769413386047961,-0.0922256746944526,0.0194712879035999,0,0,0,0,0,0,0,0,0,-0.945921375470894,0.101232596567232,0.147305718777924
10.0205793656483,0.453189682674209,0.0665233430923864,0.000148677973971543,-0.0778626711331792,-0.092029790735934,0.0197031160736287,0,0,0,0,0,0,0,0,0,-0.944901624961589,0.102708804638979,0.147923991125288
10.0305799438575,0.453854961998822,0.066524828253371,0.000148312737389877,-0.0787820331282576,-0.0918315920516991,0.0199342051657051,0,0,0,0,0,0,0,0,0,-0.943867080603756,0.104191247451772,0.148552712121909
10.0405805220667,0.454520256155204,0.0665263090309834,0.000147801213745786,-0.0796994014785045,-0.0916310860659438,0.0201645486278784,0,0,0,0,0,0,0,0,0,-0.942817679523872,0.105680030670516,0.149192115582714
10.050581100276,0.455185565092192,0.0665277839583325,0.000147142631704648,-0.0806147531469619,-0.0914282802670324,0.0203941401782405,0,0,0,0,0,0,0,0,0,-0.941753357780008,0.107175262291943,0.149842434042382
10.0605816784852,0.455850888743913,0.0665292515612841,0.000146336313712736,-0.0815280651718701,-0.0912231822048229,0.0206229737998528,0,0,0,0,0,0,0,0,0,-0.940674050338581,0.10867705263192,0.150503898783402
10.0705822566944,0.456516227029722,0.0665307103593891,0.000145381674201845,-0.0824393146672684,-0.0910157994880425,0.0208510437356735,0,0,0,0,0,0,0,0,0,-0.93957969105122,0.110185514313097,0.151176739868727
10.0805828349037,0.457181579854139,0.0665321588667953,0.0001442782177939,-0.0833484788235716,-0.0908061397817136,0.0210783444834853,0,0,0,0,0,0,0,0,0,-0.938470212631756,0.111700762252867,0.151861186163798
10.0905834131129,0.457846947106802,0.0665335955931397,0.00014302553750558,-0.08425553490812,-0.0905942108046309,0.0213048707908222,0,0,0,0,0,0,0,0,0,-0.937345546633339,0.113222913651452,0.152557465354343
10.1005839913221,0.458512328662427,0.0665350190444237,0.000141623312952932,-0.0851604602657052,-0.090380020326889,0.0215306176498971,0,0,0,0,0,0,0,0,0,-0.93620562342566,0.114752087980223,0.153265803971438
10.1105845695314,0.459177724380773,0.0665364277238703,0.000140071308555991,-0.08606323231907,-0.0901635761674612,0.021755580292529,0,0,0,0,0,0,0,0,0,-0.935050372172301,0.116288406970286,0.153986427403985
10.1205851477406,0.45984313410662,0.0665378201327632,0.000138369371743392,-0.0869638285693865,-0.0899448861918282,0.0219797541850706,0,0,0,0,0,0,0,0,0,-0.933879720808194,0.11783199460105,0.154719559904035
10.1305857259498,0.460508557669754,0.0665391947712678,0.000136517431156992,-0.0878622265967088,-0.0897239583096584,0.0222031350233349,0,0,0,0,0,0,0,0,0,-0.932693596017187,0.119382977088922,0.155465424600807
10.140586304159,0.461173994884959,0.0665405501392344,0.000134515494856484,-0.0887584040604039,-0.089500800472538,0.0224257187275233,0,0,0,0,0,0,0,0,0,-0.931491923209737,0.120941482876153,0.1562242435054
10.1505868823683,0.46183944555202,0.0665418847369837,0.000132363648524016,-0.0896523386995594,-0.0892754206717529,0.0226475014371526,0,0,0,0,0,0,0,0,0,-0.9302746265007,0.122507642619629,0.156996237507818
10.1605874605775,0.462504909455729,0.0665431970660738,0.000130062053668809,-0.0905440083333699,-0.0890478269361205,0.022868479505982,0,0,0,0,0,0,0,0,0,-0.929041628687245,0.124081589179657,0.157781626376271
10.1705880387867,0.463170386365901,0.0665444856300498,0.00012761094583177,-0.0914333908615017,-0.0888180273298727,0.0230886494969408,0,0,0,0,0,0,0,0,0,-0.927792851226867,0.12566345760874,0.158580628751663
10.180588616996,0.4638358760374,0.0665457489351748,0.000125010632790113,-0.0923204642644365,-0.0885860299505892,0.0233080081770557,0,0,0,0,0,0,0,0,0,-0.926528214215528,0.127253385140256,0.159393462133171
10.1905891952052,0.464501378210168,0.0665469854911439,0.000122261492761975,-0.0932052066037949,-0.0883518429271818,0.0235265525123778,0,0,0,0,0,0,0,0,0,-0.925247636365898,0.128851511176945,0.160220342866922
10.2005897734144,0.465166892609262,0.0665481938117791,0.000119363972611034,-0.0940875960226394,-0.0881154744179298,0.0237442796629101,0,0,0,0,0,0,0,0,0,-0.923951034985723,0.130457977279357,0.161061486128338
10.2105903516237,0.465832418944901,0.0665493724157071,0.000116318586051124,-0.0949676107457592,-0.0878769326085651,0.023961186977535,0,0,0,0,0,0,0,0,0,-0.922638325956298,0.132072927153988,0.161917105895897
10.2205909298329,0.466497956912517,0.0665505198270188,0.000113125911850853,-0.0958452290799351,-0.0876362257104092,0.0241772719889411,0,0,0,0,0,0,0,0,0,-0.921309423711072,0.133696506641205,0.162787414930119
10.2305915080421,0.46716350619281,0.0665516345759112,0.000109786592038221,-0.096720429414186,-0.0873933619585602,0.024392532408551,0,0,0,0,0,0,0,0,0,-0.919964241214366,0.135328863702962,0.163672624737596
10.2405920862513,0.467829066451815,0.0665527151993103,0.000106301330105238,-0.0975931902199983,-0.0871483496101306,0.0246069661214485,0,0,0,0,0,0,0,0,0,-0.918602689940217,0.136970148410001,0.164572945535567
10.2505926644606,0.468494637340972,0.0665537602414778,0.000102670889212538,-0.098463490051537,-0.0869011969425361,0.0248205711813055,0,0,0,0,0,0,0,0,0,-0.917224679851358,0.138620512928865,0.165488586217202
10.2605932426698,0.469160218497203,0.066554768254598,9.88960903939973e-05,-0.0993313075458408,-0.0866519122518349,0.0250333458053098,0,0,0,0,0,0,0,0,0,-0.91583011937832,0.140280111508401,0.166419754300463
10.270593820879,0.469825809542991,0.0665557377993479,9.49778107613538e-05,-0.100196621423,-0.0864005038511182,0.0252452883690923,0,0,0,0,0,0,0,0,0,-0.914418915398679,0.14194910046575,0.167366655885374
10.2805943990883,0.470491410086469,0.0665566674454492,9.09169817088225e-05,-0.10105941048632,-0.0861469800689501,0.0254563974016542,0,0,0,0,0,0,0,0,0,-0.912990973216444,0.143627638171999,0.1683294955947
10.2905949772975,0.471157019721518,0.0665575557722021,8.67145871177107e-05,-0.101919653622467,-0.0858913492478604,0.0256666715802942,0,0,0,0,0,0,0,0,0,-0.911546196541587,0.14531588503698,0.169308476511614
10.3005955555067,0.471822638027857,0.0665584013690009,8.23716615610402e-05,-0.1027773298016,-0.0856336197428859,0.0258761097255359,0,0,0,0,0,0,0,0,0,-0.910084487469733,0.147014003493679,0.170303800128319
10.310596133716,0.472488264571153,0.0665592028358323,7.78892885081585e-05,-0.103632418077493,-0.0853737999201639,0.0260847107960555,0,0,0,0,0,0,0,0,0,-0.908605746462006,0.148722157982005,0.171315666264811
10.3205967119252,0.473153898903125,0.0665599587837555,7.32685985293608e-05,-0.104484897587633,-0.085111898155576,0.0262924738836083,0,0,0,0,0,0,0,0,0,-0.907109872325044,0.150440514931574,0.172344272993807
10.3305972901344,0.473819540561661,0.066560667835364,6.85107675005037e-05,-0.105334747553316,-0.0848479228334423,0.0264993982079568,0,0,0,0,0,0,0,0,0,-0.905596762191186,0.15216924274398,0.173389816566723
10.3405978683436,0.474485189070934,0.0665613286252296,6.36170148076241e-05,-0.106181947279721,-0.0845818823452669,0.0267054831117975,0,0,0,0,0,0,0,0,0,-0.904066311498843,0.153908511774093,0.174452491320475
10.3505984465529,0.475150843941521,0.0665619398003291,5.8588601551556e-05,-0.107026476155979,-0.0843137850885336,0.0269107280556883,0,0,0,0,0,0,0,0,0,-0.90251841397306,0.15565849431047,0.175532489591144
10.3605990247621,0.475816504670535,0.0665625000204518,5.34268287525485e-05,-0.107868313655226,-0.084043639465553,0.0271151326129761,0,0,0,0,0,0,0,0,0,-0.900952961606277,0.157419364554928,0.176630001612786
10.3705996029713,0.476482170741749,0.0665630079585904,4.81330355548809e-05,-0.108707439334645,-0.0837714538823595,0.0273186964647237,0,0,0,0,0,0,0,0,0,-0.899369844639302,0.159191298600921,0.177745215404348
10.3806001811806,0.477147841625735,0.0665634623013128,4.27085974314801e-05,-0.109543832835499,-0.0834972367476594,0.0275214193946373,0,0,0,0,0,0,0,0,0,-0.897768951542503,0.160974474410863,0.178878316670324
10.3906007593898,0.477813516779997,0.0665638617491165,3.71549243885417e-05,-0.110377473883151,-0.0832209964718302,0.0277233012839938,0,0,0,0,0,0,0,0,0,-0.896150168997231,0.162769071792515,0.180029488682654
10.400601337599,0.478479195649116,0.0665642050167652,3.14734591701413e-05,-0.111208342287077,-0.0829427414659699,0.027924342106568,0,0,0,0,0,0,0,0,0,-0.894513381877493,0.16457527237394,0.181198912143789
10.4106019158082,0.479144877664892,0.0665644908336071,2.5665675462856e-05,-0.112036417940871,-0.0826624801409973,0.0281245419235603,0,0,0,0,0,0,0,0,0,-0.89285847323187,0.166393259577157,0.182386765064344
10.4206024940175,0.479810562246492,0.0665647179438754,1.9733076100378e-05,-0.112861680822233,-0.0823802209068033,0.0283239008785232,0,0,0,0,0,0,0,0,0,-0.891185324265713,0.168223218590648,0.183593222623914
10.4306030722267,0.480476248800601,0.0665648851069707,1.36771912681351e-05,-0.113684110992961,-0.0820959721714524,0.0285224191922897,0,0,0,0,0,0,0,0,0,-0.889493814323621,0.170065336340227,0.184818457015455
10.4406036504359,0.481141936721572,0.0665649910977255,7.49957670790674e-06,-0.114503688598926,-0.0818097423404354,0.0287200971578995,0,0,0,0,0,0,0,0,0,-0.887783820872214,0.171919801458433,0.186062637302334
10.4506042286452,0.481807625391587,0.0665650347066511,1.20181192243929e-06,-0.115320393870041,-0.0815215398159727,0.028916935135527,0,0,0,0,0,0,0,0,0,-0.886055219483221,0.173786804252542,0.187325929251921
10.4606048068544,0.482473314180808,0.0665650147401661,-5.21450161993397e-06,-0.11613420712023,-0.0812313729963679,0.0291129335474086,0,0,0,0,0,0,0,0,0,-0.884307883816895,0.175666536670634,0.188608495156427
10.4706053850636,0.483139002447545,0.0665649300208069,-1.17477422806781e-05,-0.11694510874738,-0.0809392502754133,0.0293080928727695,0,0,0,0,0,0,0,0,0,-0.882541685605782,0.177559192266016,0.189910493661578
10.4806059632729,0.48380468953841,0.0665647793874208,-1.839627004644e-05,-0.117753079233298,-0.0806451800418443,0.0295024136427516,0,0,0,0,0,0,0,0,0,-0.880756494638847,0.179464966159866,0.191232079581913
10.4906065414821,0.484470374788489,0.0665645616953403,-2.51584283244235e-05,-0.118558099143654,-0.0803491706788466,0.0296958964353405,0,0,0,0,0,0,0,0,0,-0.878952178745985,0.181384055001961,0.192573403701094
10.5006071196913,0.485136057521501,0.0665642758165405,-3.20325457377841e-05,-0.119360149127927,-0.0800512305636123,0.0298885418702926,0,0,0,0,0,0,0,0,0,-0.877128603782938,0.183316656929327,0.19393461256049
10.5106076979005,0.485801737049969,0.0665639206397775,-3.90169379210053e-05,-0.12015920991934,-0.0797513680669479,0.0300803506040629,0,0,0,0,0,0,0,0,0,-0.875285633616633,0.185262971522737,0.195315848246393
10.5206082761098,0.486467412675387,0.0665634950707095,-4.61099093152809e-05,-0.120955262334794,-0.0794495915529328,0.0302713233247319,0,0,0,0,0,0,0,0,0,-0.873423130110963,0.187223199761107,0.196717248169621
10.530608854319,0.48713308368839,0.0665629980319999,-5.33097549638998e-05,-0.121748287274805,-0.0791459093786278,0.0304614607469333,0,0,0,0,0,0,0,0,0,-0.871540953113046,0.189197543973587,0.198138944825855
10.5406094325282,0.487798749368924,0.0665624284634019,-6.06147623076277e-05,-0.122538265723424,-0.0788403298938358,0.0306507636067808,0,0,0,0,0,0,0,0,0,-0.869638960439959,0.191186207789158,0.199581065548768
10.5506100107375,0.488464408986419,0.0665617853218262,-6.80232129800919e-05,-0.123325178748171,-0.0785328614409115,0.0308392326567957,0,0,0,0,0,0,0,0,0,-0.867717007866003,0.193189396083791,0.201043732257226
10.5606105889467,0.489130061799959,0.0665610675813893,-7.55333846031617e-05,-0.124109007499954,-0.0782235123546231,0.0310268686608343,0,0,0,0,0,0,0,0,0,-0.865774949110499,0.195207314924985,0.202527061186785
10.5706111671559,0.489795707058453,0.0665602742334454,-8.31435525823325e-05,-0.124889733212996,-0.0779122909620645,0.0312136723890149,0,0,0,0,0,0,0,0,0,-0.863812635826161,0.197240171513558,0.204031162608408
10.5806117453652,0.490461344000811,0.066559404286599,-9.08519919021107e-05,-0.125667337204759,-0.0775992055826175,0.0313996446126456,0,0,0,0,0,0,0,0,0,-0.861829917588053,0.199288174122556,0.205556140540464
10.5906123235744,0.491126971856115,0.0665584567667005,-9.86569789213894e-05,-0.126441800875862,-0.0772842645279658,0.0315847860991509,0,0,0,0,0,0,0,0,0,-0.859826641883187,0.201351532033283,0.207102092452038
10.6006129017836,0.491792589843789,0.0665574307168234,-0.000106556793168842,-0.127213105710009,-0.0769674761021587,0.0317690976069997,0,0,0,0,0,0,0,0,0,-0.857802654100759,0.20343045546828,0.208669108938429
10.6106134799928,0.492458197173776,0.0665563251972233,-0.000114549719138294,-0.127981233273912,-0.0766488486017266,0.031952579880632,0,0,0,0,0,0,0,0,0,-0.855757797523087,0.205525155520861,0.210257273398403
10.6206140582021,0.493123793046705,0.0665551392852799,-0.000122634048084117,-0.128746165217217,-0.0763283903158462,0.0321352336453868,0,0,0,0,0,0,0,0,0,-0.853691913317258,0.20763584408164,0.211866661700417
10.6306146364113,0.493789376654063,0.0665538720754199,-0.000130808079816601,-0.129507883272427,-0.0760061095265569,0.0323170596024289,0,0,0,0,0,0,0,0,0,-0.851604840527531,0.209762733761388,0.213497341816058
10.6406152146205,0.494454947178367,0.0665525226790226,-0.000139070124497346,-0.13026636925484,-0.0756820145090282,0.0324980584236766,0,0,0,0,0,0,0,0,0,-0.849496416068533,0.211906037810228,0.215149373465943
10.6506157928298,0.495120503793331,0.0665510902243074,-0.000147418504434636,-0.131021605062474,-0.0753561135318775,0.0326782307467285,0,0,0,0,0,0,0,0,0,-0.847366474719273,0.214065970033414,0.216822807737949
10.660616371039,0.495786045664033,0.0665495738562035,-0.000155851555878832,-0.131773572676008,-0.0750284148575385,0.0328575771697916,0,0,0,0,0,0,0,0,0,-0.845214849118025,0.216242744702885,0.218517686682369
10.6706169492482,0.496451571947086,0.0665479727362012,-0.000164367630817746,-0.132522254158722,-0.0746989267426806,0.0330360982466077,0,0,0,0,0,0,0,0,0,-0.843041369758113,0.218436576464948,0.220234042914059
10.6806175274575,0.497117081790796,0.0665462860421858,-0.000172965098772028,-0.13326763165644,-0.0743676574386789,0.0332137944813813,0,0,0,0,0,0,0,0,0,-0.840845864984637,0.220647680243878,0.221971899178983
10.6906181056667,0.497782574335332,0.0665445129682532,-0.00018164234859055,-0.134009687397478,-0.074034615192135,0.0333906663237067,0,0,0,0,0,0,0,0,0,-0.838628160992185,0.222876271140929,0.223731267916034
10.7006186838759,0.49844804871288,0.0665426527245075,-0.000190397790245787,-0.134748403692604,-0.0736998082454486,0.0335667141634955,0,0,0,0,0,0,0,0,0,-0.836388081823584,0.225122564329168,0.225512150805844
10.7106192620851,0.499113504047809,0.066540704536841,-0.0001992298566292,-0.135483762934996,-0.0733632448374395,0.0337419383259035,0,0,0,0,0,0,0,0,0,-0.834125449369713,0.22738677494346,0.227314538289852
10.7206198402944,0.499778939456822,0.0665386676466958,-0.000208137005346618,-0.136215747600209,-0.0730249332040208,0.0339163390662585,0,0,0,0,0,0,0,0,0,-0.831840083370451,0.229669117965693,0.229138409087915
10.7306204185036,0.500444354049115,0.066536541310808,-0.000217117720513623,-0.13694434024615,-0.0726848815789223,0.0340899165649871,0,0,0,0,0,0,0,0,0,-0.829531801416791,0.231969808105105,0.230983729692192
10.7406209967128,0.501109746926524,0.0665343248009332,-0.000226170514550929,-0.137669523513061,-0.0723430981944653,0.0342626709225426,0,0,0,0,0,0,0,0,0,-0.827200418954181,0.234289059673385,0.23285045384293
10.7506215749221,0.501775117183677,0.0665320174035545,-0.000235293929979773,-0.138391280123509,-0.0719995912823875,0.0344346021543315,0,0,0,0,0,0,0,0,0,-0.82484574928713,0.236627086454526,0.23473852198466
10.7606221531313,0.50244046390814,0.066529618419573,-0.00024448654121729,-0.139109592882383,-0.0716543690747188,0.0346057101856417,0,0,0,0,0,0,0,0,0,-0.822467603585159,0.238984101569039,0.236647860709599
10.7706227313405,0.503105786180556,0.0665271271639793,-0.000253746956371893,-0.139824444676902,-0.0713074398047081,0.0347759948465693,0,0,0,0,0,0,0,0,0,-0.820065790890123,0.241360317332673,0.2385783821857
10.7806233095498,0.503771083074789,0.0665245429655076,-0.000263073819038668,-0.140535818476633,-0.0709588117078005,0.0349454558669458,0,0,0,0,0,0,0,0,0,-0.817640118124979,0.243755945109198,0.24052998355511
10.790623887759,0.504436353658054,0.0665218651662722,-0.000272465810094749,-0.141243697333517,-0.0706084930226656,0.0351140928712657,0,0,0,0,0,0,0,0,0,-0.815190390104064,0.246171195157089,0.242502546316939
10.8006244659682,0.505101596991055,0.0665190931213856,-0.000281921649494699,-0.141948064381908,-0.070256491992276,0.0352819053736137,0,0,0,0,0,0,0,0,0,-0.812716409544923,0.248606276469958,0.244495935693852
10.8106250441774,0.505766812128109,0.0665162261985584,-0.0002914400980659,-0.142648902838621,-0.0699028168650369,0.035448892772592,0,0,0,0,0,0,0,0,0,-0.810217977081778,0.251061396610579,0.246509999983833
10.8206256223867,0.506431998117272,0.0665132637776818,-0.000301019959303927,-0.143346196002989,-0.0695474758959665,0.0356150543462476,0,0,0,0,0,0,0,0,0,-0.807694891280678,0.253536761538349,0.248544569881905
10.8306262005959,0.507097154000455,0.066510205250392,-0.000310660081167939,-0.144039927256941,-0.0691904773479269,0.0357803892469997,0,0,0,0,0,0,0,0,0,-0.80514694865642,0.256032575429745,0.25059945778569
10.8406267788051,0.507762278813544,0.0665070500196165,-0.000320359357876057,-0.144730080065084,-0.0688318294929056,0.0359448964965666,0,0,0,0,0,0,0,0,0,-0.802573943691287,0.258549040491902,0.252674457076334
10.8506273570144,0.508427371586508,0.0665037974991023,-0.000330116731700751,-0.145416637974798,-0.0684715406133485,0.0361085749808938,0,0,0,0,0,0,0,0,0,-0.799975668855698,0.261086356768678,0.25476934138355
10.8606279352236,0.509092431343506,0.0665004471129267,-0.000339931194764212,-0.146099584616354,-0.0681096190035426,0.0362714234450805,0,0,0,0,0,0,0,0,0,-0.797351914630831,0.263644721939542,0.256883863843187
10.8706285134328,0.509757457102985,0.0664969982949894,-0.000349801790833752,-0.146778903703033,-0.06774607297105,0.0364334404883072,0,0,0,0,0,0,0,0,0,-0.794702469533284,0.266224331110785,0.259017756297596
10.8806290916421,0.51042244787778,0.0664934504884875,-0.000359727617117174,-0.14745457903127,-0.0673809108381924,0.0365946245587632,0,0,0,0,0,0,0,0,0,-0.792027120141884,0.268825376598409,0.261170728493945
10.8906296698513,0.5110874026752,0.0664898031453717,-0.000369707826058161,-0.148126594480808,-0.0670141409435871,0.0367549739485737,0,0,0,0,0,0,0,0,0,-0.789325651126688,0.271448047703315,0.263342467283129
10.9006302480605,0.511752320497115,0.0664860557257852,-0.000379741627131651,-0.14879493401487,-0.0666457716437323,0.036914486788727,0,0,0,0,0,0,0,0,0,-0.786597845280284,0.274092530478162,0.265532635763265
10.9106308262697,0.512417200340035,0.066482207697484,-0.000389828288639233,-0.149459581680343,-0.0662758113146442,0.0370731610440023,0,0,0,0,0,0,0,0,0,-0.783843483551463,0.276759007485422,0.267740872411972
10.920631404479,0.513082041195184,0.0664782585352401,-0.000399967139504517,-0.150120521607987,-0.0659042683535448,0.0372309945078962,0,0,0,0,0,0,0,0,0,-0.781062345081351,0.279447657546888,0.269966790201684
10.9306319826882,0.513746842048563,0.066474207720226,-0.000410157571068525,-0.150777738012648,-0.0655311511806001,0.0373879847975509,0,0,0,0,0,0,0,0,0,-0.778254207242096,0.282158655484035,0.27220997568765
10.9406325608974,0.514411601881016,0.0664700547393816,-0.000420399038885067,-0.151431215193504,-0.0651564682407087,0.0375441293486807,0,0,0,0,0,0,0,0,0,-0.775418845678193,0.284892171849282,0.274469988075535
10.9506331391067,0.515076319668282,0.0664657990847629,-0.000430691064516135,-0.152080937534316,-0.0647802280053421,0.0376994254105,0,0,0,0,0,0,0,0,0,-0.772556034350544,0.287648372647707,0.276746358273774
10.9606337173159,0.515740994381044,0.066461440252873,-0.000441033237327269,-0.152726889503708,-0.064402438974435,0.0378538700406499,0,0,0,0,0,0,0,0,0,-0.76966554558335,0.290427419049355,0.279038587913675
10.9706342955251,0.516405624984966,0.0664569777439752,-0.00045142521628296,-0.153369055655457,-0.0640231096783263,0.0380074601001262,0,0,0,0,0,0,0,0,0,-0.766747150113928,0.293229467091354,0.281346148340559
10.9806348737343,0.517070210440733,0.0664524110613878,-0.000461866731742018,-0.154007420628807,-0.0636422486797511,0.0381601922482062,0,0,0,0,0,0,0,0,0,-0.763800617145554,0.296054667370046,0.28366847961251
10.9906354519436,0.517734749704075,0.0664477397107611,-0.000472357587252956,-0.154641969148807,-0.0632598645758836,0.0383120629373764,0,0,0,0,0,0,0,0,0,-0.760825714403444,0.298903164723071,0.28600498945113
11.0006360301528,0.518399241725785,0.0664429631993368,-0.000482897661349381,-0.155272686026665,-0.0628759660004304,0.0384630684082594,0,0,0,0,0,0,0,0,0,-0.757822208193956,0.301775097900518,0.288355052179146
11.010636608362,0.519063685451734,0.0664380810351886,-0.000493486909345371,-0.155899556160118,-0.0624905616257743,0.0386132046845415,0,0,0,0,0,0,0,0,0,-0.75478986346714,0.304670599225759,0.290718007647418
11.0206371865713,0.519728079822876,0.066433092726446,-0.000504125365130858,-0.156522564533839,-0.0621036601651697,0.0387624675678998,0,0,0,0,0,0,0,0,0,-0.751728443882736,0.307589794245136,0.293093160121609
11.0306377647805,0.52039242377524,0.0664279977804989,-0.000514813142967013,-0.15714169621985,-0.0617152703749878,0.0389108526329297,0,0,0,0,0,0,0,0,0,-0.748637711879722,0.310532801366532,0.295479777168482
11.0406383429897,0.521056716239924,0.0664227957031854,-0.000525550439281628,-0.157756936377967,-0.0613254010570129,0.0390583552220722,0,0,0,0,0,0,0,0,0,-0.745517428749541,0.313499731486775,0.297877088519695
11.050638921199,0.521720956143071,0.0664174859979608,-0.000536337534464496,-0.158368270256267,-0.0609340610607897,0.039204970440541,0,0,0,0,0,0,0,0,0,-0.742367354713109,0.31649068760749,0.300284284910514
11.0606394994082,0.522385142405844,0.0664120681650488,-0.000547174794662799,-0.158975683191573,-0.0605412592860209,0.0393506931512499,0,0,0,0,0,0,0,0,0,-0.739187249001718,0.319505764439276,0.302700516905361
11.0706400776174,0.523049273944388,0.0664065417005756,-0.000558062673576489,-0.159579160609977,-0.0601470046850158,0.0394955179697401,0,0,0,0,0,0,0,0,0,-0.73597686994196,0.322545047994062,0.305124893713143
11.0806406558266,0.523713349669785,0.0664009060956844,-0.000569001714253667,-0.160178688027366,-0.0597513062651893,0.0396394392591079,0,0,0,0,0,0,0,0,0,-0.732735975044789,0.325608615165598,0.307556481981625
11.0906412340359,0.524377368487998,0.0663951608356336,-0.000579992550885971,-0.160774251049998,-0.0593541730916123,0.0397824511249311,0,0,0,0,0,0,0,0,0,-0.729464321098835,0.328696533297688,0.309994304576613
11.1006418122451,0.525041329299811,0.066389305398876,-0.000591035910603958,-0.161365835375083,-0.0589556142896118,0.0399245474101973,0,0,0,0,0,0,0,0,0,-0.726161664268097,0.331808859740266,0.31243733935737
11.1106423904543,0.525705231000753,0.0663833392561206,-0.000602132615272484,-0.161953426791403,-0.0585556390474229,0.0400657216902304,0,0,0,0,0,0,0,0,0,-0.722827760194139,0.334945641393142,0.314884517931787
11.1206429686636,0.526369072481018,0.066377261869376,-0.000613283583286088,-0.162537011179954,-0.0581542566188906,0.0402059672676186,0,0,0,0,0,0,0,0,0,-0.719462364102911,0.338106914237171,0.317334724417083
11.1306435468728,0.527032852625372,0.066371072690976,-0.000624489831364379,-0.163116574514613,-0.0577514763262229,0.0403452771671411,0,0,0,0,0,0,0,0,0,-0.716065230916318,0.341292702853217,0.319786794171
11.140644125082,0.527696570313051,0.0663647711625879,-0.000635752476347414,-0.16369210286284,-0.0573473075627941,0.0404836441306959,0,0,0,0,0,0,0,0,0,-0.712636115368665,0.344503019927943,0.322239512527213
11.1506447032913,0.52836022441765,0.0663583567142014,-0.000647072736991078,-0.164263582386401,-0.0569417597959996,0.0406210606122266,0,0,0,0,0,0,0,0,0,-0.709174772128108,0.347737865747482,0.324691613556841
11.1606452815005,0.529023813807001,0.0663518287631011,-0.000658451935762476,-0.164830999342126,-0.0565348425701605,0.0407575187726501,0,0,0,0,0,0,0,0,0,-0.705680955923228,0.350997227678456,0.327141778781631
11.1706458597097,0.529687337343041,0.0663451867128201,-0.000669891500635311,-0.165394340082686,-0.0561265655094798,0.0408930104747838,0,0,0,0,0,0,0,0,0,-0.702154421674866,0.354281079635906,0.329588635908275
11.1806464379189,0.530350793881668,0.0663384299520758,-0.000681392966885264,-0.165953591057416,-0.0557169383210485,0.041027527278273,0,0,0,0,0,0,0,0,0,-0.69859492463333,0.357589381539004,0.332030757580953
11.1906470161282,0.531014182272588,0.0663315578536879,-0.000692957978885382,-0.166508738813152,-0.0553059707979034,0.0411610604345179,0,0,0,0,0,0,0,0,0,-0.695002220521124,0.360922078754023,0.334466660125436
11.2006475943374,0.531677501359153,0.0663245697734786,-0.000704588291901458,-0.167059769995111,-0.0548936728221345,0.0412936008816013,0,0,0,0,0,0,0,0,0,-0.691376065681295,0.364279101524932,0.336894802304936
11.2106481725466,0.53234074997818,0.0663174650491542,-0.000716285773887414,-0.167606671347792,-0.0544800543680444,0.0414251392392154,0,0,0,0,0,0,0,0,0,-0.687716217231548,0.36766036439149,0.33931358409829
11.2206487507559,0.533003926959771,0.0663102429991696,-0.000728052407280683,-0.16814942971592,-0.0540651255053572,0.0415556658035897,0,0,0,0,0,0,0,0,0,-0.684022433224233,0.371065765595391,0.341721345486142
11.2306493289651,0.533667031127107,0.0663029029215743,-0.000739890290797595,-0.168688032045413,-0.0536488964024787,0.0416851705424179,0,0,0,0,0,0,0,0,0,-0.680294472812338,0.374495186474085,0.344116365243527
11.2406499071743,0.534330061296246,0.0662954440928403,-0.000751801641228766,-0.169222465384384,-0.0532313773298076,0.0418136430897854,0,0,0,0,0,0,0,0,0,-0.676532096421604,0.377948490842778,0.346496859799288
11.2506504853836,0.534993016275894,0.0662878657666728,-0.000763788795234456,-0.169752716884184,-0.0528125786630972,0.0419410727410964,0,0,0,0,0,0,0,0,0,-0.672735065928871,0.381425524365435,0.348860982100533
11.2606510635928,0.535655894867178,0.0662801671728018,-0.000775854211139978,-0.170278773800465,-0.0523925108868673,0.0420674484480014,0,0,0,0,0,0,0,0,0,-0.668903144846778,0.384926113914068,0.351206820484368
11.270651641802,0.536318695863395,0.0662723475157572,-0.000788000470731073,-0.17080062349429,-0.0519711845978678,0.0421927588133244,0,0,0,0,0,0,0,0,0,-0.665036098514927,0.388450066917173,0.353532397621072
11.2806522200112,0.536981418049755,0.0662644059736245,-0.000800230281049289,-0.171318253433272,-0.0515486105085922,0.0423169920859902,0,0,0,0,0,0,0,0,0,-0.661133694297607,0.39199717069788,0.355835669497993
11.2906527982205,0.537644060203114,0.0662563416967834,-0.000812546476187369,-0.171831651192746,-0.0511247994508424,0.042440136155952,0,0,0,0,0,0,0,0,0,-0.657195701788205,0.395567191802069,0.358114524446048
11.3006533764297,0.538306621091683,0.0662481538066284,-0.00082495201908463,-0.172340804456987,-0.0506997623793437,0.0425621785491181,0,0,0,0,0,0,0,0,0,-0.653221893020363,0.399159875317048,0.360366782203194
11.3106539546389,0.538969099474739,0.0662398413942711,-0.000837450003322345,-0.172845701020451,-0.050273510375411,0.0426831064222798,0,0,0,0,0,0,0,0,0,-0.649212042686015,0.402774944180933,0.362590193053449
11.3206545328482,0.539631494102314,0.0662314035192246,-0.000850043654919129,-0.173346328789061,-0.0498460546506658,0.0428029065580383,0,0,0,0,0,0,0,0,0,-0.645165928360364,0.40641209848411,0.364782437039143
11.3306551110574,0.540293803714867,0.0662228392080705,-0.000862736334126329,-0.173842675781533,-0.0494174065508031,0.0429215653597324,0,0,0,0,0,0,0,0,0,-0.64108333073388,0.41007101476286,0.36694112322425
11.3406556892666,0.540956027042956,0.0662141474531071,-0.000875531537223378,-0.17433473013073,-0.0489875775594102,0.0430390688463652,0,0,0,0,0,0,0,0,0,-0.636964033851415,0.413751345286083,0.36906378905185
11.3506562674759,0.541618162806881,0.0662053272109803,-0.00088843289831322,-0.174822480085065,-0.0485565793018352,0.0431554026475321,0,0,0,0,0,0,0,0,0,-0.632807825358465,0.417452717336075,0.371147899765961
11.3606568456851,0.542280209716325,0.0661963774012961,-0.000901444191117661,-0.175305914009935,-0.048124423549107,0.0432705519983477,0,0,0,0,0,0,0,0,0,-0.628614496754666,0.421174732483685,0.373190847935483
11.3706574238943,0.542942166469977,0.0661872969052157,-0.000914569330772768,-0.175785020389199,-0.0476911222219054,0.0433845017343732,0,0,0,0,0,0,0,0,0,-0.624383843654556,0.42491696585957,0.375189953091224
11.3806580021035,0.543604031755137,0.0661780845640319,-0.000927812375624238,-0.176259787826697,-0.0472566873945824,0.0434972362865435,0,0,0,0,0,0,0,0,0,-0.620115666055651,0.428678965422097,0.37714246145179
11.3906585803128,0.544265804247312,0.0661687391777282,-0.000941177529022798,-0.176730205047802,-0.0468211312992342,0.0436087396760949,0,0,0,0,0,0,0,0,0,-0.615809768613845,0.432460251223111,0.379045545754393
11.400659158522,0.544927482609796,0.0661592595035195,-0.000954669141119573,-0.177196260901023,-0.0463844663298233,0.0437189955094922,0,0,0,0,0,0,0,0,0,-0.611465960926171,0.436260314672451,0.380896305218602
11.4106597367312,0.545589065493234,0.0661496442543754,-0.000968291710661478,-0.177657944359641,-0.0459467050463525,0.043827986973356,0,0,0,0,0,0,0,0,0,-0.607084057820915,0.440078617803001,0.38269176566094
11.4206603149405,0.546250551535173,0.0661398920975247,-0.000982049886786596,-0.178115244523394,-0.0455078601790884,0.0439356968293898,0,0,0,0,0,0,0,0,0,-0.602663879655074,0.443914592537492,0.384428879698697
11.4306608931497,0.546911939359596,0.0661300016529427,-0.000995948470819563,-0.178568150620197,-0.0450679446328362,0.0440421074093079,0,0,0,0,0,0,0,0,0,-0.598205252619136,0.447767639957628,0.386104527139757
11.4406614713589,0.547573227576443,0.0661199714918204,-0.00100999241806695,-0.179016652007912,-0.0446269714912659,0.0441472006097619,0,0,0,0,0,0,0,0,0,-0.593708009049157,0.45163712957869,0.387715515538413
11.4506620495682,0.548234414781115,0.0661098001350151,-0.00102418683961264,-0.179460738176159,-0.0441849540212877,0.0442509578872688,0,0,0,0,0,0,0,0,0,-0.589171987746049,0.455522398629775,0.389258580845799
11.4606626277774,0.54889549955396,0.0660994860514841,-0.00103853700411324,-0.179900398748168,-0.0437419056774793,0.0443533602531377,0,0,0,0,0,0,0,0,0,-0.584597034302051,0.459422751341414,0.390730388302774
11.4706632059866,0.549556480459751,0.0660890276566997,-0.0010530483395934,-0.180335623482681,-0.0432978401065634,0.0444543882683974,0,0,0,0,0,0,0,0,0,-0.579983001434269,0.463337458243665,0.392127533506818
11.4806637841958,0.55021735604714,0.0660784233110464,-0.00106772643524129,-0.180766402275893,-0.0428527711519368,0.0445540220387236,0,0,0,0,0,0,0,0,0,-0.575329749325187,0.467265755475069,0.393446543625195
11.4906643624051,0.550878124848101,0.0660676713182003,-0.00108257704320388,-0.181192725163445,-0.0424067128582487,0.0446522412093664,0,0,0,0,0,0,0,0,0,-0.570637145970023,0.471206844105015,0.394683878858024
11.5006649406143,0.551538785377351,0.0660567699234903,-0.0010976060803824,-0.181614582322457,-0.041959679476031,0.0447490249600773,0,0,0,0,0,0,0,0,0,-0.565905067530794,0.475159889471953,0.395835934085522
11.5106655188235,0.552199336131762,0.0660457173122416,-0.0011128196302277,-0.182031964073613,-0.0415116854663789,0.0448443520000367,0,0,0,0,0,0,0,0,0,-0.561133398696917,0.479124020538706,0.396899040734498
11.5206660970328,0.55285977558975,0.0660345116081012,-0.0011282239445356,-0.182444860883287,-0.0410627455056826,0.0449382005627812,0,0,0,0,0,0,0,0,0,-0.556322033052159,0.48309832926802,0.397869468890268
11.530666675242,0.553520102210654,0.066023150871345,-0.00114382544524232,-0.182853263365723,-0.0406128744904086,0.0450305484011308,0,0,0,0,0,0,0,0,0,-0.551470873447731,0.48708187002011,0.398743429610806
11.5406672534512,0.554180314434087,0.0660116330971679,-0.00115963072621986,-0.18325716228526,-0.0401620875419329,0.0451213727821164,0,0,0,0,0,0,0,0,0,-0.546579832381291,0.491073658974498,0.399517077512458
11.5506678316604,0.554840410679282,0.0659999562139549,-0.00117564655507134,-0.183656548558602,-0.0397104000114248,0.0452106504819067,0,0,0,0,0,0,0,0,0,-0.541648832381597,0.495072673579282,0.400186513621345
11.5606684098697,0.555500389344413,0.0659881180815349,-0.00119187987492642,-0.184051413257144,-0.0392578274847809,0.0452983577807362,0,0,0,0,0,0,0,0,0,-0.536677806398526,0.499077852029997,0.400747788446723
11.5706689880789,0.556160248805901,0.0659761164894163,-0.00120833780623667,-0.184441747609344,-0.0388043857876099,0.0453844704578317,0,0,0,0,0,0,0,0,0,-0.531666698198155,0.503088092780357,0.401196905339315
11.5806695662881,0.556819987417702,0.0659639491550047,-0.00122502764857096,-0.184827543003145,-0.0383500909902688,0.0454689637863403,0,0,0,0,0,0,0,0,0,-0.526615462762562,0.507102254088291,0.40152982415863
11.5906701444974,0.557479603510576,0.0659516137218027,-0.00124195688241084,-0.185208790988446,-0.037894959412949,0.0455518125282562,0,0,0,0,0,0,0,0,0,-0.521524066693982,0.51111915360003,0.401742465185887
11.6006707227066,0.558139095391341,0.0659391077575918,-0.0012591331709459,-0.185585483279631,-0.0374390076308135,0.0456329909293481,0,0,0,0,0,0,0,0,0,-0.516392488622937,0.515137567974411,0.401830713320772
11.6106713009158,0.558798461342103,0.0659264287525959,-0.00127656436186922,-0.185957611758139,-0.0369822524791852,0.0457124727140871,0,0,0,0,0,0,0,0,0,-0.511220719619901,0.5191562325509,0.40179042261038
11.6206718791251,0.559457699619474,0.0659135741176275,-0.00129425848917266,-0.186325168475097,-0.0365247110587851,0.0457902310805729,0,0,0,0,0,0,0,0,0,-0.506008763610068,0.52317384106448,0.401617421063025
11.6306724573343,0.560116808453769,0.0659005411822154,-0.00131222377494231,-0.186688145653995,-0.0360664007410218,0.0458662386954621,0,0,0,0,0,0,0,0,0,-0.500756637790724,0.52718904540996,0.401307515750678
11.6406730355435,0.560775786048181,0.0658873271927148,-0.00133046863115386,-0.187046535693426,-0.0356073391733316,0.045940467688895,0,0,0,0,0,0,0,0,0,-0.495464373050725,0.531200455458913,0.400856498231639
11.6506736137527,0.561434630577943,0.0658739293103994,-0.00134900166146796,-0.187400331169869,-0.0351475442845695,0.0460128896494231,0,0,0,0,0,0,0,0,0,-0.490132014391533,0.535206638932447,0.400260150285881
11.660674191962,0.562093340189463,0.0658603446095353,-0.00136783166302563,-0.187749524840532,-0.0346870342904508,0.0460834756189363,0,0,0,0,0,0,0,0,0,-0.484759621349239,0.539206121332857,0.399514249969546
11.6706747701712,0.562751912999448,0.0658465700754372,-0.00138696762824361,-0.188094109646247,-0.0342258276990428,0.0461521960875903,0,0,0,0,0,0,0,0,0,-0.479347268416964,0.543197385937492,0.39861457796958
11.6806753483804,0.563410347094004,0.0658326026025063,-0.0014064187466098,-0.188434078714423,-0.0337639433163087,0.0462190209887336,0,0,0,0,0,0,0,0,0,-0.473895045467005,0.547178873857505,0.397556924265506
11.6906759265897,0.564068640527716,0.0658184389922511,-0.00142619440647859,-0.188769425362053,-0.0333014002517008,0.0462839196938354,0,0,0,0,0,0,0,0,0,-0.468403058172063,0.551148984164968,0.396337095113451
11.7006765047989,0.56472679132271,0.0658040759512889,-0.00144630419686624,-0.189100143098775,-0.032838217923805,0.0463468610074123,0,0,0,0,0,0,0,0,0,-0.462871428424847,0.555106074091307,0.394950920316318
11.7106770830081,0.565384797467692,0.0657895100893307,-0.00146675790924632,-0.189426225629996,-0.0323744160660363,0.0464078131619559,0,0,0,0,0,0,0,0,0,-0.457300294755326,0.559048459299829,0.393394260820162
11.7206776612174,0.566042656916972,0.065774737917147,-0.00148756553934503,-0.189747666860063,-0.0319100147323845,0.0464667438128602,0,0,0,0,0,0,0,0,0,-0.451689812744892,0.562974414236095,0.391663016607617
11.7306782394266,0.566700367589459,0.0657597558445168,-0.0015087372889366,-0.190064460895506,-0.0314450343032109,0.0465236200333487,0,0,0,0,0,0,0,0,0,-0.446040155436599,0.566882172558324,0.389753134818018
11.7406788176358,0.567357927367649,0.0657445601781574,-0.00153028356763871,-0.190376602048324,-0.0309794954910959,0.0465784083094017,0,0,0,0,0,0,0,0,0,-0.440351513740716,0.570769927650176,0.387660618198088
11.750679395845,0.568015334096575,0.0657291471196372,-0.00155221499470784,-0.19068408483934,-0.0305134193467369,0.0466310745346837,0,0,0,0,0,0,0,0,0,-0.434624096834715,0.574635833220181,0.385381533828374
11.7606799740543,0.568672585582751,0.0657135127632704,-0.00157454240083463,-0.19098690400161,-0.0300468272648972,0.0466815840054708,0,0,0,0,0,0,0,0,0,-0.428858132556828,0.578478003989063,0.382912022049042
11.7706805522635,0.569329679593085,0.0656976530939928,-0.00159727682993931,-0.191285054483899,-0.0295797409904059,0.0467299014155778,0,0,0,0,0,0,0,0,0,-0.423053867792292,0.582294516467692,0.380248305653844
11.7806811304727,0.569986613853779,0.0656815639852215,-0.00162042954096707,-0.191578531454207,-0.0291121826242077,0.0467759908512856,0,0,0,0,0,0,0,0,0,-0.417211568851346,0.5860834098283,0.377386699294925
11.790681708682,0.570643386049198,0.0656652411966947,-0.00164401200968342,-0.19186733030336,-0.0286441746294645,0.0468198157862685,0,0,0,0,0,0,0,0,0,-0.411331521838052,0.589842686870536,0.374323619067918
11.8006822868912,0.571299993820725,0.0656486803722946,-0.0016680359304696,-0.192151446648668,-0.0281757398377066,0.0468613390765216,0,0,0,0,0,0,0,0,0,-0.405414033008964,0.593570315084401,0.371055592319346
11.8106828651004,0.57195643476559,0.0656318770378522,-0.00169251321811795,-0.192430876337636,-0.0277069014550359,0.0469005229552878,0,0,0,0,0,0,0,0,0,-0.399459429120693,0.59726422781246,0.367579267573667
11.8206834433097,0.57261270643568,0.0656148265989343,-0.00171745600962727,-0.192705615451744,-0.0272376830683785,0.0469373290279856,0,0,0,0,0,0,0,0,0,-0.393468057765336,0.600922325511325,0.363891424557147
11.8306840215189,0.573268806336326,0.0655975243386119,-0.00174287666599827,-0.192975660310285,-0.0267681086517892,0.0469717182671358,0,0,0,0,0,0,0,0,0,-0.387440287692797,0.604542477114363,0.359988984396516
11.8406845997281,0.573924731925062,0.0655799654152115,-0.00176878777402887,-0.193241007474266,-0.0262982025728057,0.0470036510072894,0,0,0,0,0,0,0,0,0,-0.381376509118969,0.608122521497162,0.355869019854137
11.8506851779373,0.574580480610371,0.0655621448600475,-0.00179520214810966,-0.19350165375038,-0.0258279895988546,0.0470330869399546,0,0,0,0,0,0,0,0,0,-0.375277134018745,0.61166026904495,0.351528765579603
11.8606857561466,0.575236049750401,0.0655440575751378,-0.00182213283201922,-0.193757596195036,-0.0253574949037069,0.0470599851085239,0,0,0,0,0,0,0,0,0,-0.369142596402844,0.615153503323107,0.346965628401939
11.8706863343558,0.575891436651663,0.0655256983309003,-0.00184959310071953,-0.194008832118452,-0.0248867440739856,0.0470843039032019,0,0,0,0,0,0,0,0,0,-0.362973352577416,0.618599982850446,0.342177197578981
11.880686912565,0.576546638567699,0.0655070617638321,-0.00187759646215135,-0.194255359088819,-0.0244157631157227,0.0471060010559322,0,0,0,0,0,0,0,0,0,-0.356769881385396,0.621997442974715,0.33716125498079
11.8906874907743,0.577201652697734,0.0654881423741708,-0.00190615665902963,-0.194497174936529,-0.0239445784609682,0.0471250336353251,0,0,0,0,0,0,0,0,0,-0.350532684428597,0.625343597849561,0.331915785180255
11.9006880689835,0.577856476185302,0.0654689345235375,-0.00193528767063885,-0.194734277758469,-0.0234732169744483,0.0471413580415842,0,0,0,0,0,0,0,0,0,-0.344262286269524,0.628636142511861,0.326438985382954
11.9106886471927,0.578511106116847,0.0654494324325617,-0.00196500371462841,-0.194966665922376,-0.0230017059602762,0.0471549300014346,0,0,0,0,0,0,0,0,0,-0.337959234611919,0.631872755057289,0.320729275175814
11.920689225402,0.5791655395203,0.065429630178489,-0.00199531924880802,-0.195194338071273,-0.0225300731687121,0.0471657045630495,0,0,0,0,0,0,0,0,0,-0.33162410045906,0.635051098912632,0.314785306059902
11.9306898036112,0.579819773363634,0.0654095216927704,-0.00202624897294311,-0.19541729312796,-0.0220583468029742,0.047173636090978,0,0,0,0,0,0,0,0,0,-0.325257478248853,0.638168825202025,0.308605970690494
11.9406903818204,0.580473804553395,0.0653891007586329,-0.00205780783055017,-0.195635530299577,-0.0215865555261015,0.047178678261072,0,0,0,0,0,0,0,0,0,-0.31885998596481,0.641223575204083,0.302190411800851
11.9506909600296,0.581127629933206,0.0653683610086339,-0.00209001101069217,-0.195849049082242,-0.0211147284678658,0.0471807840554136,0,0,0,0,0,0,0,0,0,-0.312432265221993,0.644212982896613,0.295538030770512
11.9606915382389,0.581781246282247,0.0653472959221958,-0.0021228739497739,-0.196057849265749,-0.0206428952317356,0.0471799057572428,0,0,0,0,0,0,0,0,0,-0.305974981327093,0.647134677585127,0.288648495778749
11.9706921164481,0.582434650313714,0.0653258988231239,-0.0021564123333374,-0.19626193093834,-0.02017108590189,0.0471759949458842,0,0,0,0,0,0,0,0,0,-0.299488823311804,0.649986286610637,0.281521749503227
11.9806926946573,0.583087838673248,0.0653041628771057,-0.00219064209785731,-0.196461294491552,-0.019699331050284,0.0471690024916748,0,0,0,0,0,0,0,0,0,-0.292974503938739,0.65276543813214,0.274158016285252
11.9906932728666,0.583740807937341,0.0652820810891925,-0.00222557943253626,-0.196655940625127,-0.0192276617437635,0.0471588785508909,0,0,0,0,0,0,0,0,0,-0.286432759679157,0.655469763977733,0.26655780876011
12.0006938510758,0.584393554611719,0.0652596463012631,-0.00226124078110025,-0.196845870351996,-0.0187561095512327,0.0471455725606759,0,0,0,0,0,0,0,0,0,-0.279864350661849,0.658096902559713,0.258721933931395
12.010694429285,0.585046075129696,0.0652368511894694,-0.00229764284359406,-0.197031085003341,-0.0182847065508701,0.047129033233967,0,0,0,0,0,0,0,0,0,-0.273270060592557,0.660644501847181,0.250651498528774
12.0206950074943,0.585698365850502,0.0652136882616639,-0.00233480257817659,-0.197211586233719,-0.0178134853373971,0.0471092085544229,0,0,0,0,0,0,0,0,0,-0.266650696643409,0.663110222388308,0.242347913694879
12.0306955857035,0.586350423057592,0.0651901498548096,-0.00237273720291628,-0.197387376026267,-0.0173424790293962,0.0470860457713513,0,0,0,0,0,0,0,0,0,-0.260007089311889,0.66549174037668,0.233812898976521
12.0406961639127,0.587002242956918,0.0651662281323719,-0.00241146419758647,-0.197558456697976,-0.0168717212766806,0.0470594913946355,0,0,0,0,0,0,0,0,0,-0.253340092248942,0.667786750753391,0.225048485506649
12.0506967421219,0.587653821675185,0.0651419150816922,-0.00245100130546079,-0.197724830905043,-0.016401246267714,0.0470294911896625,0,0,0,0,0,0,0,0,0,-0.246650582055896,0.669992970337035,0.216057018380465
12.0606973203312,0.588305155258076,0.0651172025113437,-0.00249136653510855,-0.197886501648295,-0.0159310887370813,0.0469959901722497,0,0,0,0,0,0,0,0,0,-0.239939458049963,0.672108140973324,0.206841158190725
12.0706978985404,0.588956239668447,0.0650920820484697,-0.00253257816219011,-0.198043472278684,-0.0154612839730104,0.0469589326035726,0,0,0,0,0,0,0,0,0,-0.233207641998167,0.674130032695784,0.1974038816565
12.0806984767496,0.589607070784506,0.0650665451361032,-0.00257465473125227,-0.198195746502867,-0.0149918678249441,0.0469182619850918,0,0,0,0,0,0,0,0,0,-0.226456077819633,0.676056446887947,0.187748481326258
12.0906990549589,0.590257644397952,0.065040583030469,-0.00261761505752366,-0.198343328388854,-0.0145228767111632,0.0468739210534805,0,0,0,0,0,0,0,0,0,-0.219685731256254,0.677885219438118,0.177878564393525
12.1006996331681,0.590907956212095,0.0650141867982678,-0.00266147822871007,-0.198486222371735,-0.0140543476264604,0.046825851775552,0,0,0,0,0,0,0,0,0,-0.212897589511889,0.679614223877873,0.167798050496605
12.1107002113773,0.591558001839952,0.0649873473139422,-0.00270626360678995,-0.198624433259482,-0.0135863181498642,0.0467739953431864,0,0,0,0,0,0,0,0,0,-0.206092660860263,0.681241374492814,0.157511168486037
12.1207007895865,0.592207776802302,0.064960055256925,-0.00275199082980968,-0.198757966238835,-0.0131188264524144,0.0467182921682584,0,0,0,0,0,0,0,0,0,-0.199271974221932,0.682764629396417,0.147022452248264
12.1307013677958,0.592857276525727,0.0649323011088692,-0.00279867981367898,-0.19888682688126,-0.012651911304988,0.0466586818775646,0,0,0,0,0,0,0,0,0,-0.192436578710714,0.684181993557257,0.136336735493794
12.140701946005,0.593506496340622,0.0649040751508604,-0.00284635075396633,-0.199011021148984,-0.0121856120861757,0.0465951033077505,0,0,0,0,0,0,0,0,0,-0.1855875431501,0.68549152176861,0.125459145477065
12.1507025242142,0.594155431479171,0.0648753674606108,-0.00289502412769433,-0.199130555401117,-0.0117199687902089,0.0465274945002382,0,0,0,0,0,0,0,0,0,-0.178725955560292,0.68669132155007,0.114395095716223
12.1607031024235,0.5948040770733,0.0648461679096359,-0.00294472069513508,-0.199245436399843,-0.0112550220349387,0.0464557926961532,0,0,0,0,0,0,0,0,0,-0.171852922616578,0.687779555971535,0.103150277659207
12.1707036806327,0.595452428152602,0.0648164661604126,-0.00299546150160554,-0.199355671316703,-0.0107908130698635,0.0463799343312524,0,0,0,0,0,0,0,0,0,-0.164969569079886,0.688754446388139,0.0917306512968352
12.1807042588419,0.596100479642232,0.0647862516635195,-0.00304726787926296,-0.199461267738945,-0.0103273837842093,0.0462998550308505,0,0,0,0,0,0,0,0,0,-0.158077037200459,0.68961427507649,0.0801424348036446
12.1907048370512,0.596748226360773,0.0647555136547599,-0.00310016144890025,-0.199562233675971,-0.00986477671505993,0.0462154896047482,0,0,0,0,0,0,0,0,0,-0.151176486095678,0.690357387762403,0.0683920931643256
12.2007054152604,0.597395663018074,0.0647242411522656,-0.00315416412174132,-0.199658577565848,-0.00940303505553773,0.046126772042159,0,0,0,0,0,0,0,0,0,-0.144269091103184,0.690982196029656,0.0564863257712276
12.2107059934696,0.598042784213058,0.0646924229535839,-0.00320929810123653,-0.199750308281916,-0.00894220266303519,0.0460336355066365,0,0,0,0,0,0,0,0,0,-0.137356043110519,0.691487179599657,0.0444320530914764
12.2207065716788,0.598689584431502,0.0646600476327461,-0.00326558588485803,-0.199837435139469,-0.00848232406749798,0.0459360123310019,0,0,0,0,0,0,0,0,0,-0.130438547862652,0.691870888473532,0.0322364024275001
12.2307071498881,0.599336058043787,0.0646271035373179,-0.00332305026589513,-0.199919967902524,-0.00802344447975735,0.0458338340122714,0,0,0,0,0,0,0,0,0,-0.123517825248781,0.692131944926978,0.0202805963385836
12.2407077280973,0.599982199302616,0.0645935787854325,-0.00338171433524974,-0.199997916790673,-0.00756560979991466,0.0457270312065831,0,0,0,0,0,0,0,0,0,-0.116595108569954,0.69227652385316,0.0105719335647606
12.2507083063065,0.600628002348804,0.0645594645913122,-0.00344057453433629,-0.20007129246315,-0.007108857218479,0.0456184364718332,0,0,0,0,0,0,0,0,0,-0.109671494210366,0.692343395823852,0.00481425734243975
12.2607088845158,0.601273461305482,0.0645247664094488,-0.00349850754894636,-0.200140105752868,-0.00665318369479005,0.045511225916681,0,0,0,0,0,0,0,0,0,-0.102747440014794,0.692372814567304,0.00146169405331752
12.270709462725,0.601918570378522,0.0644894934238741,-0.0035555318259452,-0.200204367382547,-0.00619857561741378,0.0454053511150105,0,0,0,0,0,0,0,0,0,-0.0958232372463164,0.692372631395249,-0.00154565994051423
12.2807100409342,0.602563323864675,0.064453654626916,-0.00361166644750107,-0.20026408794131,-0.00574501987960679,0.0453007618457662,0,0,0,0,0,0,0,0,0,-0.0888991867143976,0.692341899581064,-0.0046468583799808
12.2907106191435,0.603207716149673,0.0644172588210113,-0.00366693030764724,-0.200319277889706,-0.00529250387420546,0.0451974084194514,0,0,0,0,0,0,0,0,0,-0.0819755986177423,0.692279688853936,-0.00784019056207981
12.3007111973527,0.603851741706335,0.0643803146205833,-0.00372134211298468,-0.200369947564685,-0.00484101548832025,0.0450952416761426,0,0,0,0,0,0,0,0,0,-0.0750527923723078,0.692185086703282,-0.0111238248214241
12.3107117755619,0.604495395092698,0.0643428304539127,-0.00377492038338467,-0.200416107184507,-0.00439054309804954,0.0449942129835046,0,0,0,0,0,0,0,0,0,-0.0681310964280652,0.692057199493711,-0.0144958190737531
12.3207123537711,0.605138670950161,0.0643048145650015,-0.00382768345269151,-0.20045776685361,-0.00394107556321335,0.0448942742348048,0,0,0,0,0,0,0,0,0,-0.0612108480747132,0.691895153558574,-0.0179541230199077
12.3307129319804,0.605781564001656,0.0642662750154301,-0.00387964946942521,-0.200494936567421,-0.00349260222210699,0.0447953778469279,0,0,0,0,0,0,0,0,0,-0.0542923932365651,0.691698096270834,-0.021496580557173
12.3407135101896,0.606424069049831,0.0642272196862067,-0.00393083639748414,-0.200527626217117,-0.00304511288627441,0.0446974767583907,0,0,0,0,0,0,0,0,0,-0.0473760862568486,0.691465197088388,-0.0251209323918535
12.3507140883988,0.607066180975253,0.0641876562796107,-0.00398126201684769,-0.200555845594324,-0.00259859783530162,0.0446005244273565,0,0,0,0,0,0,0,0,0,-0.0404622896716795,0.691195648572687,-0.0288248188003568
12.3607146666081,0.60770789473463,0.0641475923210277,-0.00403094392427899,-0.200579604395782,-0.00215304781162976,0.0445044748296502,0,0,0,0,0,0,0,0,0,-0.0335513739739879,0.690888667378828,-0.0326057826395671
12.3707152448173,0.608349205359052,0.0641070351607792,-0.00407989953402757,-0.20059891222794,-0.00170845401538809,0.0444092824567724,0,0,0,0,0,0,0,0,0,-0.0266437173676947,0.690543495213967,-0.0364612725219192
12.3807158230265,0.608990107952248,0.0640659919759434,-0.00412814607853197,-0.200613778611511,-0.00126480809924715,0.0443149023139144,0,0,0,0,0,0,0,0,0,-0.0197397055124638,0.690159399763901,-0.040388646149041
12.3907164012358,0.609630597688864,0.0640244697721706,-0.00417570060912252,-0.200624212985972,-0.000822102163291025,0.0442212899179731,0,0,0,0,0,0,0,0,0,-0.012839731259347,0.68973567558481,-0.0443851738845107
12.400716979445,0.610270669812755,0.0639824753854905,-0.00422257999672395,-0.200630224714011,-0.000380328749910217,0.0441284012955648,0,0,0,0,0,0,0,0,0,-0.00594419437770032,0.689271644958377,-0.0484480424394415
12.4107175576542,0.610910319635302,0.0639400154841129,-0.00426880093255807,-0.200631823085927,6.05191612859752e-05,0.0440361929810408,0,0,0,0,0,0,0,0,0,0.000946498726275451,0.68876665870981,-0.0525743587482459
12.4207181358634,0.611549542533739,0.0638970965702215,-0.00431437992884645,-0.200629017323975,0.000500448158537182,0.0439446220145015,0,0,0,0,0,0,0,0,0,0.00783193529897534,0.688220096985453,-0.0567611540274066
12.4307187140727,0.612188333949504,0.0638537249817603,-0.00435933331951312,-0.200621816586667,0.000939464402979819,0.0438536459398114,0,0,0,0,0,0,0,0,0,0.0147116965364087,0.687631369989616,-0.0610053879286438
12.4407192922819,0.612826689386602,0.0638099068942132,-0.00440367726088719,-0.20061022997301,0.00137757363367509,0.0437632228026132,0,0,0,0,0,0,0,0,0,0.0215853578883771,0.686999918679123,-0.0653039528776519
12.4507198704911,0.613464604409994,0.0637656483223765,-0.00444742773240558,-0.200594266526709,0.00181478117261713,0.0436733111483433,0,0,0,0,0,0,0,0,0,0.0284524893693786,0.686325215413366,-0.0696536785623474
12.4607204487004,0.614102074643995,0.0637209551221247,-0.00449060053731565,-0.200573935240311,0.00225109192972139,0.0435838700202455,0,0,0,0,0,0,0,0,0,0.0353126558757925,0.685606764559076,-0.0740513364964253
12.4707210269096,0.614739095770695,0.0636758329921686,-0.0045332113033779,-0.200549245059301,0.00268651040779274,0.0434948589573864,0,0,0,0,0,0,0,0,0,0.0421654175088784,0.684844103049105,-0.0784936447135106
12.4807216051188,0.615375663528395,0.0636302874758068,-0.00457527548356864,-0.200520204886147,0.00312104070747457,0.0434062379926699,0,0,0,0,0,0,0,0,0,0.0490103299031371,0.684036800893307,-0.0829772726093103
12.4907221833281,0.616011773710064,0.0635843239626706,-0.00461680835678267,-0.200486823584299,0.00355468653217714,0.0433179676508514,0,0,0,0,0,0,0,0,0,0.0558469445595279,0.68318446164047,-0.0874988458170567
12.5007227615373,0.616647422161808,0.0635379476904606,-0.00465782502853594,-0.200449109982138,0.00398745119298659,0.0432300089465532,0,0,0,0,0,0,0,0,0,0.0626748091830702,0.682286722791685,-0.0920549511900091
12.5107233397465,0.617282604781361,0.0634911637466779,-0.00469834043166823,-0.200407072876871,0.00441933761355394,0.0431423233822784,0,0,0,0,0,0,0,0,0,0.0694934680243235,0.681343256162624,-0.0966421418799765
12.5207239179557,0.617917317516592,0.0634439770703469,-0.00473836932704584,-0.200360721038387,0.00485034833496425,0.0430548729464262,0,0,0,0,0,0,0,0,0,0.0763024622242412,0.680353768195328,-0.101256942415403
12.530724496165,0.618551556364026,0.0633963924537318,-0.00477792630426423,-0.200310063213053,0.00528048552058594,0.0429676201113061,0,0,0,0,0,0,0,0,0,0.0831013301618864,0.679318000218919,-0.105895853870704
12.5407250743742,0.619185317367388,0.0633484145440459,-0.00481702578235073,-0.200255108127469,0.00570975096090025,0.0428805278311527,0,0,0,0,0,0,0,0,0,0.0898896078044947,0.678235728657994,-0.110555359066821
12.5507256525834,0.61981859661616,0.0633000478451538,-0.0048556820104672,-0.200195864492177,0.00613814607831084,0.0427935595401406,0,0,0,0,0,0,0,0,0,0.0966668290593627,0.677106765189325,-0.115231927783218
12.5607262307927,0.620451390244153,0.0632512967192668,-0.0048939090686127,-0.200132341005311,0.00656567193193361,0.0427066791503986,0,0,0,0,0,0,0,0,0,0.103432526127043,0.675930956846001,-0.119922021972497
12.5707268090019,0.621083694428105,0.0632021653886309,-0.00493172086832616,-0.200064546356213,0.0069923292223663,0.0426198510500247,0,0,0,0,0,0,0,0,0,0.110186229855318,0.674708186069835,-0.124622100952363
12.5807273872111,0.621715505386283,0.0631526579372082,-0.00496913115338908,-0.199992489228988,0.00741811829643895,0.0425330401011006,0,0,0,0,0,0,0,0,0,0.116927470093442,0.673438370711656,-0.129328626645604
12.5907279654204,0.622346819377114,0.0631027783123508,-0.00500615350052818,-0.199916178306026,0.00784303915194384,0.0424462116377066,0,0,0,0,0,0,0,0,0,0.123655776046116,0.672121463978911,-0.13403806874843
12.6007285436296,0.622977632697822,0.0630525303264682,-0.00504280132011807,-0.199835622271461,0.00826709144234585,0.0423593314639357,0,0,0,0,0,0,0,0,0,0.130370676626688,0.67075745433259,-0.138746909813737
12.6107291218388,0.623607941683091,0.0630019176586873,-0.00507908785688396,-0.199750829814597,0.00869027448147294,0.042272365851909,0,0,0,0,0,0,0,0,0,0.137071700809069,0.669346365333149,-0.143451650345202
12.620729700048,0.62423774270374,0.0629509438565053,-0.0051150261906043,-0.199661809633277,0.0091125872481868,0.0421852815397897,0,0,0,0,0,0,0,0,0,0.143758377977844,0.66788825543555,-0.148148813807709
12.6307302782573,0.62486703216541,0.062899612337436,-0.00515062923681345,-0.199568570437213,0.00953402839103356,0.0420980457297982,0,0,0,0,0,0,0,0,0,0.150430238276088,0.666383217734972,-0.152834951538759
12.6407308564665,0.625495806507281,0.0628479263906488,-0.0051859097475044,-0.199471120951266,0.00995459623287478,0.0420106260862264,0,0,0,0,0,0,0,0,0,0.157086812950397,0.664831379663616,-0.157506647579938
12.6507314346757,0.626124062200788,0.0627958891786004,-0.00522088031183139,-0.199369469918675,0.0103742887754984,0.0419229907334527,0,0,0,0,0,0,0,0,0,0.16372763469264,0.663232902639778,-0.162160523418087
12.660732012885,0.626751795748366,0.0627435037386603,-0.00525555335681263,-0.199263626104251,0.0107931037042102,0.0418351082539564,0,0,0,0,0,0,0,0,0,0.170352237977964,0.661587981669831,-0.166793242576744
12.6707325910942,0.627379003682207,0.0626907729847282,-0.00528994114803292,-0.199153598297517,0.0112110383924046,0.0417469476863326,0,0,0,0,0,0,0,0,0,0.176960159398592,0.659896844905458,-0.171401515107136
12.6807331693034,0.628005682563035,0.0626376997088453,-0.00532405579034638,-0.199039395315803,0.0116280899061167,0.0416584785233066,0,0,0,0,0,0,0,0,0,0.183550937992967,0.658159753155812,-0.175982101983514
12.6907337475126,0.62863182897889,0.0625842865827978,-0.00535790922857911,-0.198921026007298,0.0120442550085539,0.0415696707097486,0,0,0,0,0,0,0,0,0,0.190124115569796,0.656376999356837,-0.180531819272654
12.7007343257219,0.62925743954394,0.0625305361597143,-0.00539151324823185,-0.198798499254059,0.0124595301646071,0.0414804946406885,0,0,0,0,0,0,0,0,0,0.196679237026582,0.654548908000031,-0.185047542193604
12.7107349039311,0.629882510897296,0.062476450875655,-0.00542487947618264,-0.198671823974967,0.0128739115453435,0.0413909211593305,0,0,0,0,0,0,0,0,0,0.203215850662236,0.652675834520571,-0.189526209038532
12.7207354821403,0.630507039701854,0.0624220330511952,-0.00545801938138955,-0.198541009128644,0.0132873950324778,0.0413009215550676,0,0,0,0,0,0,0,0,0,0.209733508483376,0.650758164647654,-0.193964824884137
12.7307360603496,0.631131022643147,0.0623672848930003,-0.0054909442755933,-0.198406063716327,0.0136999762228252,0.0412104675614966,0,0,0,0,0,0,0,0,0,0.216231766503943,0.648796313718385,-0.198360465145643
12.7407366385588,0.631754456428211,0.0623122084953952,-0.00552366531401995,-0.198266996784694,0.014111650432733,0.0411195313544324,0,0,0,0,0,0,0,0,0,0.222710185037777,0.646790725957037,-0.202710278946991
12.750737216768,0.632377337784473,0.0622568058419258,-0.00555619349608359,-0.198123817428645,0.0145224127024939,0.0410280855499228,0,0,0,0,0,0,0,0,0,0.22916832898382,0.644741873721536,-0.207011492299489
12.7607377949773,0.632999663458647,0.0622010788069136,-0.00558853966608899,-0.197976534794044,0.014932257800738,0.0409361032022633,0,0,0,0,0,0,0,0,0,0.235605768103614,0.642650256719136,-0.211261411086994
12.7707383731865,0.633621430215654,0.0621450291570034,-0.00562071451393431,-0.197825158080408,0.0153411802288058,0.0408435578020112,0,0,0,0,0,0,0,0,0,0.242022077290822,0.640516401193201,-0.215457423853794
12.7807389513957,0.634242634837548,0.0620886585527041,-0.00565272857581373,-0.197669696543566,0.0157491742251016,0.0407504232740013,0,0,0,0,0,0,0,0,0,0.248416836832467,0.638340859083118,-0.219597004391495
12.7907395296049,0.634863274122467,0.0620319685499221,-0.00568459223492017,-0.197510159498262,0.0161562337694258,0.0406566739753593,0,0,0,0,0,0,0,0,0,0.254789632661637,0.636124207159341,-0.223677714118019
12.8007401078142,0.635483344883591,0.0619749606014881,-0.0057163157221479,-0.197346556320719,0.0165623525872888,0.0405622846935175,0,0,0,0,0,0,0,0,0,0.26114005660143,0.63386704613572,-0.22769720424931
12.8107406860234,0.636102843948121,0.0619176360586764,-0.0057479091167953,-0.197178896451164,0.0169675241542039,0.0404672306442289,0,0,0,0,0,0,0,0,0,0.267467706599905,0.631569999761105,-0.231653217766748
12.8207412642326,0.636721768156268,0.0618599961727177,-0.00577938234726747,-0.197007189396304,0.0173717416999614,0.0403714874695819,0,0,0,0,0,0,0,0,0,0.273772186955858,0.629233713892328,-0.235543591171077
12.8307418424419,0.637340114360265,0.0618020420963045,-0.00581074519177892,-0.196831444731764,0.0177749982128815,0.0402750312360151,0,0,0,0,0,0,0,0,0,0.280053108535233,0.626858855550727,-0.239366256011516
12.8407424206511,0.637957879423384,0.0617437748850894,-0.00584200727905627,-0.196651672104477,0.0181772864440488,0.0401778384323321,0,0,0,0,0,0,0,0,0,0.286310088978025,0.62444611196454,-0.24311924024551
12.8507429988603,0.638575060218976,0.061685195499177,-0.00587317808904087,-0.196467881235042,0.0185785989115262,0.0400798859677156,0,0,0,0,0,0,0,0,0,0.292542752895536,0.621996189598239,-0.246800669363359
12.8607435770696,0.639191653629521,0.0616263048046079,-0.00590426695359154,-0.196280081920025,0.0189789279045483,0.0399811511697426,0,0,0,0,0,0,0,0,0,0.298750732057865,0.619509813172423,-0.250408767265729
12.8707441552788,0.639807656545698,0.0615671035748362,-0.00593528305718718,-0.196088284034234,0.0193782654876966,0.039881611782399,0,0,0,0,0,0,0,0,0,0.304933665571568,0.616987724675603,-0.253941857015248
12.880744733488,0.64042306586546,0.0615075924921998,-0.00596623543762951,-0.195892497532942,0.0197766035050533,0.0397812459640939,0,0,0,0,0,0,0,0,0,0.311091200047371,0.614430682369067,-0.257398361351404
12.8907453116972,0.64103787849314,0.0614477721493843,-0.00599713298674569,-0.195692732454068,0.0201739335843362,0.0396800322856746,0,0,0,0,0,0,0,0,0,0.317222989757932,0.611839459788359,-0.260776802982161
12.9007458899065,0.641652091338551,0.0613876430508784,-0.00602798445109103,-0.195488998920327,0.0205702471410131,0.0395779497284411,0,0,0,0,0,0,0,0,0,0.323328696785584,0.609214844742315,-0.264075804716265
12.9107464681157,0.642265701316118,0.0613272056144238,-0.00605879843265163,-0.195281307141327,0.0209655353823966,0.0394749776821607,0,0,0,0,0,0,0,0,0,0.329407991160071,0.606557638311898,-0.267294089381612
12.9207470463249,0.642878705344017,0.0612664601724576,-0.00608958338954709,-0.195069667415631,0.0213597893117195,0.039371095943083,0,0,0,0,0,0,0,0,0,0.335460550986272,0.603868653850864,-0.270430479578966
12.9307476245342,0.643491100343326,0.0612054069735468,-0.00612034763673316,-0.19485409013278,0.0217529997321897,0.039266284711954,0,0,0,0,0,0,0,0,0,0.341486062561947,0.60114871598952,-0.273483897264946
12.9407482027434,0.644102883237197,0.0611440461838173,-0.00615109934670444,-0.194634585775271,0.0221451572510251,0.0391605245920313,0,0,0,0,0,0,0,0,0,0.347484220485535,0.598398659643738,-0.276453363106709
12.9507487809526,0.644714050950037,0.0610823778883746,-0.00618184655019702,-0.194411164920496,0.0225362522834697,0.0390537965870984,0,0,0,0,0,0,0,0,0,0.353454727754078,0.595619329031614,-0.279337995707245
12.9607493591619,0.645324600406703,0.0610204020927183,-0.00621259713689117,-0.194183838242646,0.0229262750567885,0.0389460820994795,0,0,0,0,0,0,0,0,0,0.359397295851354,0.592811576697978,-0.282137010705754
12.9707499373711,0.645934528531717,0.0609581187241487,-0.00624335885611403,-0.193952616514567,0.023315215614244,0.038837362928054,0,0,0,0,0,0,0,0,0,0.365311644826288,0.589976262549051,-0.284849719661644
12.9807505155803,0.646543832248487,0.0608955276331675,-0.00627413931754227,-0.193717510609582,0.0237030638190511,0.0387276212662716,0,0,0,0,0,0,0,0,0,0.371197503361775,0.587114252899271,-0.28747552880555
12.9907510937895,0.64715250847855,0.0608326285948705,-0.00630494599190475,-0.193478531503271,0.024089809358314,0.0386168397001663,0,0,0,0,0,0,0,0,0,0.377054608834033,0.584226419530932,-0.290013937685937
13.0007516719988,0.64776055414082,0.0607694213103337,-0.00633578621168524,-0.193235690275214,0.0244754417469416,0.0385050012063716,0,0,0,0,0,0,0,0,0,0.38288270736261,0.581313638768082,-0.292464537631939
13.010752250208,0.64836796615086,0.0607059054079924,-0.00636666717182503,-0.192988998110691,0.0248599503315443,0.0383920891501349,0,0,0,0,0,0,0,0,0,0.388681553851218,0.578376790566903,-0.29482701011661
13.0207528284172,0.648974741420156,0.0606420804450132,-0.00639759593042566,-0.192738466302351,0.0252433242943102,0.0382780872833321,0,0,0,0,0,0,0,0,0,0.394450912019546,0.575416757622352,-0.29710112504511
13.0307534066265,0.649580876855418,0.0605779459086588,-0.00642857940945157,-0.19248410625183,0.0256255526568619,0.0381629797424824,0,0,0,0,0,0,0,0,0,0.400190554426225,0.572434424492775,-0.299286738846939
13.0407539848357,0.650186369357883,0.0605135012176462,-0.00645962439543277,-0.192225929471342,0.0260066242840929,0.0380467510467632,0,0,0,0,0,0,0,0,0,0.405900262483137,0.569430676744704,-0.301383792505063
13.0507545630449,0.650791215822638,0.0604487457234974,-0.00649073754016753,-0.191963947585227,0.0263865278879846,0.0379293860960241,0,0,0,0,0,0,0,0,0,0.411579826461265,0.566406400116893,-0.303392309536484
13.0607551412542,0.651395413137954,0.0603836787118832,-0.00652192536142505,-0.19169817233146,0.0267652520314036,0.037810870168802,0,0,0,0,0,0,0,0,0,0.417229045488291,0.563362479705507,-0.305312393827188
13.0707557194634,0.651998958184635,0.0603182994039604,-0.00655319424364812,-0.191428615563124,0.0271427851318785,0.0376911889203359,0,0,0,0,0,0,0,0,0,0.422847727538146,0.560299799171461,-0.307144227406461
13.0807562976726,0.65260184783538,0.0602526069577014,-0.00658455043865581,-0.191155289249845,0.0275191154653573,0.0375703283805811,0,0,0,0,0,0,0,0,0,0.428435689412751,0.557219239970124,-0.30888806815123
13.0907568758818,0.653204078954155,0.0601866004692168,-0.00661600006634615,-0.190878205479186,0.0278942311699449,0.0374482749522243,0,0,0,0,0,0,0,0,0,0.433992756716165,0.554121680604572,-0.310544247440402
13.1007574540911,0.653805648395584,0.0601202789740716,-0.00664754911539878,-0.190597376458014,0.0282681202496209,0.0373250154086978,0,0,0,0,0,0,0,0,0,0.439518763821383,0.551007995902215,-0.312113167753388
13.1107580323003,0.654406553004348,0.0600536414485938,-0.00667920344397765,-0.190312814513814,0.0286407705779367,0.0372005368921946,0,0,0,0,0,0,0,0,0,0.445013553830026,0.547879056316076,-0.31359530018474
13.1207586105095,0.6550067896146,0.0599866868111759,-0.00671096878043368,-0.190024532095982,0.0290121699016944,0.0370748269116829,0,0,0,0,0,0,0,0,0,0.450476978525159,0.544735727251126,-0.314991181966262
13.1307591887188,0.655606355049394,0.0599194139235698,-0.00674285072400743,-0.189732541777071,0.0293823058446038,0.0369478733409205,0,0,0,0,0,0,0,0,0,0.455908898317499,0.541578868415133,-0.316301413935399
13.140759766928,0.65620524612012,0.0598518215921745,-0.00677485474553179,-0.189436856254004,0.0297511659109213,0.0368196644164699,0,0,0,0,0,0,0,0,0,0.461309182185262,0.538409333195625,-0.317526657958883
13.1507603451372,0.656803459625962,0.0597839085693165,-0.00680698618813465,-0.189137488349251,0.0301187374890678,0.0366901887357127,0,0,0,0,0,0,0,0,0,0.466677707607903,0.535227968062267,-0.318667634381432
13.1607609233465,0.657400992353359,0.0597156735545237,-0.00683925026794156,-0.18883445101197,0.0304850078552275,0.0365594352548641,0,0,0,0,0,0,0,0,0,0.47201436049401,0.532035611994861,-0.319725119430904
13.1707615015557,0.657997841075489,0.0596471151957918,-0.00687165207477843,-0.188527757319111,0.0308499641769263,0.036427393286988,0,0,0,0,0,0,0,0,0,0.477319035103603,0.528833095937619,-0.320699942598156
13.1807620797649,0.658594002551755,0.0595782320908439,-0.00690419657287419,-0.188217420476482,0.0312135935165907,0.0362940525000111,0,0,0,0,0,0,0,0,0,0.482591633965117,0.525621242279564,-0.321592984059017
13.1907626579741,0.659189473527291,0.0595090227883831,-0.00693688860156343,-0.187903453819788,0.0315758828350866,0.0361594029147383,0,0,0,0,0,0,0,0,0,0.487832067787303,0.522400864360375,-0.32240517209414
13.2007632361834,0.659784250732476,0.0594394857893378,-0.00696973287598917,-0.187585870815624,0.0319368189952383,0.0360234349028664,0,0,0,0,0,0,0,0,0,0.493040255366327,0.519172766002389,-0.32313748047473
13.2107638143926,0.660378330882464,0.0593696195481004,-0.00700273398780541,-0.187264685062443,0.0322963887653279,0.0358861391849996,0,0,0,0,0,0,0,0,0,0.498216123488321,0.515937741068733,-0.323790925914496
13.2207643926018,0.660971710676726,0.0592994224737586,-0.00703589640587993,-0.186939910291477,0.0326545788225746,0.0357475068286637,0,0,0,0,0,0,0,0,0,0.503359606827629,0.512696573046295,-0.324366565528106
13.2307649708111,0.6615643867986,0.0592288929313201,-0.00706922447699684,-0.186611560367637,0.033011375756594,0.0356075292463209,0,0,0,0,0,0,0,0,0,0.508470647841028,0.509450034654687,-0.324865494288354
13.2407655490203,0.662156355914858,0.0591580292429294,-0.00710272242655936,-0.186279649290369,0.0333667660728378,0.0354661981933845,0,0,0,0,0,0,0,0,0,0.513549196658147,0.506198887480074,-0.32528884256064
13.2507661272295,0.662747614675284,0.0590868296890788,-0.00713639435929243,-0.185944191194478,0.0337207361960138,0.0353235057662334,0,0,0,0,0,0,0,0,0,0.518595210968367,0.502943881633452,-0.32563777363099
13.2607667054387,0.663338159712261,0.0590152925098114,-0.00717024425994543,-0.18560520035092,0.0340732724734857,0.0351794444002268,0,0,0,0,0,0,0,0,0,0.523608655904406,0.499685755433921,-0.325913481284308
13.270767283648,0.663927987640377,0.0589434159059175,-0.0072042759939948,-0.185262691167559,0.0344243611786531,0.0350340068677191,0,0,0,0,0,0,0,0,0,0.528589503922877,0.4964252351154,-0.326117187440367
13.2807678618572,0.664517095056032,0.0588711980401239,-0.00723849330834677,-0.184916678189886,0.0347739885143117,0.0348871862760742,0,0,0,0,0,0,0,0,0,0.533537734682019,0.493163034557178,-0.326250139797447
13.2907684400664,0.66510547853707,0.058798637038276,-0.00727289983203999,-0.184567176101714,0.0351221406159937,0.0347389760656803,0,0,0,0,0,0,0,0,0,0.538453334916857,0.489899855037767,-0.326313609552725
13.3007690182757,0.665693134642411,0.0587257309905133,-0.00730749907694824,-0.18421419972583,0.0354688035552884,0.0345893700079646,0,0,0,0,0,0,0,0,0,0.54333629831201,0.486636385011042,-0.326308889168854
13.3107695964849,0.666280059911702,0.0586524779524375,-0.00734229443848307,-0.183857764024618,0.035813963343143,0.034438362203408,0,0,0,0,0,0,0,0,0,0.548186625372377,0.483373299904767,-0.326237290191585
13.3207701746941,0.666866250864978,0.0585788759462734,-0.00737728919629651,-0.183497884100651,0.0361576059331428,0.0342859470795596,0,0,0,0,0,0,0,0,0,0.553004323291912,0.480111261940386,-0.326100141110867
13.3307707529034,0.66745170400233,0.0585049229620235,-0.00741248651498371,-0.183134575197249,0.0364997172247726,0.0341321193890514,0,0,0,0,0,0,0,0,0,0.55778940582071,0.476850919974327,-0.32589878527931
13.3407713311126,0.668036415803596,0.0584306169586148,-0.00744788944478564,-0.182767852699001,0.036840283066658,0.0339768742076132,0,0,0,0,0,0,0,0,0,0.562541893130605,0.473592909359429,-0.325634578911954
13.3507719093218,0.668620382728047,0.0583559558650392,-0.00748350092229176,-0.182397732132257,0.0371792892597862,0.0338202069320867,0,0,0,0,0,0,0,0,0,0.567261811679482,0.470337851826249,-0.325308889127205
13.360772487531,0.669203601214102,0.058280937581486,-0.00751932377114269,-0.182024229165595,0.0375167215607075,0.0336621132784409,0,0,0,0,0,0,0,0,0,0.571949194074505,0.46708635538368,-0.324923092051171
13.3707730657403,0.669786067679038,0.0582055599804687,-0.00755536070273288,-0.181647359610239,0.0378525656847168,0.033502589279786,0,0,0,0,0,0,0,0,0,0.576604078934439,0.463839014238164,-0.324478570976711
13.3807736439495,0.670367778518724,0.0581298209079434,-0.00759161431691329,-0.181267139420465,0.0381868073090156,0.0333416312843886,0,0,0,0,0,0,0,0,0,0.581226510751266,0.460596408731136,-0.32397671459507
13.3907742221587,0.670948730107358,0.058053718184421,-0.00762808710269406,-0.180883584693963,0.0385194320758532,0.0331792359536863,0,0,0,0,0,0,0,0,0,0.585816539751251,0.45735910529361,-0.32341891529284
13.400774800368,0.671528918797219,0.0579772496060723,-0.00766478143894718,-0.180496711672167,0.0388504255956493,0.0330154002603018,0,0,0,0,0,0,0,0,0,0.59037422175565,0.454127656417676,-0.322806567515133
13.4107753785772,0.672108340918433,0.0579004129458257,-0.00770169959510922,-0.180106536740566,0.0391797734500958,0.0328501214860585,0,0,0,0,0,0,0,0,0,0.59489961804121,0.450902600643834,-0.322141066179454
13.4207759567864,0.672686992778736,0.0578232059544583,-0.00773884373188389,-0.179713076428967,0.0395074611952388,0.0326833972199943,0,0,0,0,0,0,0,0,0,0.599392795200618,0.447684462564211,-0.321423805144096
13.4307765349957,0.67326487066327,0.0577456263616795,-0.00777621590194481,-0.179316347411744,0.0398334743645416,0.0325152253563767,0,0,0,0,0,0,0,0,0,0.603853825003071,0.44447375284053,-0.32065617578787
13.4407771132049,0.673841970834369,0.0576676718772082,-0.00781381805063818,-0.178916366508041,0.0401577984719269,0.0323456040927173,0,0,0,0,0,0,0,0,0,0.608282784255082,0.441270968235733,-0.319839565621559
13.4507776914141,0.674418289531368,0.0575893401918423,-0.00785165201668539,-0.178513150681961,0.0404804190147992,0.0321745319277866,0,0,0,0,0,0,0,0,0,0.612679754661679,0.438076591659721,-0.318975356936551
13.4607782696233,0.674993822970417,0.0575106289785219,-0.00788971953288577,-0.178106717042707,0.0408013214770482,0.0320020076596285,0,0,0,0,0,0,0,0,0,0.617044822688133,0.434891092228011,-0.318064925561381
13.4707788478326,0.675568567344313,0.0574315358933846,-0.0079280222268192,-0.177697082844709,0.0411204913320316,0.031828030383575,0,0,0,0,0,0,0,0,0,0.621378079422326,0.431714925332342,-0.317109639669692
13.4807794260418,0.676142518822329,0.0573520585768145,-0.00796656162154883,-0.177284265487712,0.041437914045538,0.0316525994902609,0,0,0,0,0,0,0,0,0,0.625679620437889,0.428548532723176,-0.316110858636761
13.490780004251,0.67671567355007,0.0572721946544839,-0.00800533913632373,-0.176868282516837,0.0417535750787302,0.0314757146636384,0,0,0,0,0,0,0,0,0,0.629949545658223,0.425392342603175,-0.315069931962191
13.5007805824603,0.677288027649323,0.0571919417383879,-0.00804435608728158,-0.176449151622611,0.042067459891069,0.0312973758789919,0,0,0,0,0,0,0,0,0,0.63418795922151,0.422246769731247,-0.313988198263248
13.5107811606695,0.677859577217933,0.0571112974278723,-0.00808361368815135,-0.176026890640974,0.0423795539432165,0.0311175834009524,0,0,0,0,0,0,0,0,0,0.638394969346807,0.419112215536161,-0.312866984306027
13.5207817388787,0.678430318329675,0.0570302593106539,-0.00812311305095592,-0.175601517553249,0.0426898426999196,0.0309363377815124,0,0,0,0,0,0,0,0,0,0.642570688201336,0.41598906823997,-0.31170760410169
13.530782317088,0.67900024703415,0.0569488249638342,-0.00816285518671483,-0.175173050486085,0.042998311632874,0.0307536398580403,0,0,0,0,0,0,0,0,0,0.646715231769045,0.4128777029897,-0.310511358090797
13.5407828952972,0.679569359356675,0.0568669919549062,-0.00820284100614692,-0.174741507711379,0.0433049462235686,0.0305694907512954,0,0,0,0,0,0,0,0,0,0.650828719720527,0.409778481997088,-0.309279532331036
13.5507834735064,0.6801376512982,0.0567847578427537,-0.00824307132037298,-0.17430690764616,0.0436097319661091,0.0303838918634422,0,0,0,0,0,0,0,0,0,0.654911275284387,0.406691754686519,-0.308013397761123
13.5607840517156,0.680705118835222,0.056702120178644,-0.00828354684161848,-0.173869268852448,0.0439126543700226,0.0301968448760654,0,0,0,0,0,0,0,0,0,0.65896302512011,0.403617857849486,-0.306714209533343
13.5707846299249,0.681271757919716,0.0566190765072132,-0.0083242681839162,-0.173428610037089,0.0442136989630416,0.0300083517481842,0,0,0,0,0,0,0,0,0,0.662984099192518,0.400557115805878,-0.305383206375391
13.5807852081341,0.681837564479072,0.0565356243674447,-0.0083652358638089,-0.172984950051557,0.0445128512938693,0.0298184147142672,0,0,0,0,0,0,0,0,0,0.66697463064787,0.397509840571202,-0.304021610011368
13.5907857863433,0.682402534416045,0.0564517612936411,-0.00840645030105205,-0.172538307891732,0.0448100969349238,0.0296270362822471,0,0,0,0,0,0,0,0,0,0.67093475569166,0.394476332029449,-0.302630624624847
13.6007863645526,0.682966663608713,0.0563674848163878,-0.00844791181931644,-0.172088702697645,0.0451054214850631,0.029434219231535,0,0,0,0,0,0,0,0,0,0.674864613468171,0.391456878111064,-0.301211436377298
13.6107869427618,0.683529947910441,0.056282792463511,-0.00848962064689089,-0.171636153753208,0.04539881057229,0.0292399666110354,0,0,0,0,0,0,0,0,0,0.678764345941841,0.388451754975437,-0.299765212966758
13.620787520971,0.684092383149864,0.056197681761028,-0.00853157691738491,-0.1711806804859,0.0456902498564375,0.029044281737161,0,0,0,0,0,0,0,0,0,0.682634097780461,0.385461227197703,-0.298293103222948
13.6307880991803,0.684653965130869,0.0561121502340904,-0.00857378067043138,-0.170722302466443,0.045979725031834,0.0288471681918467,0,0,0,0,0,0,0,0,0,0.686474016240274,0.382485547959327,-0.296796236759715
13.6407886773895,0.685214689632593,0.0560261954079202,-0.00861623185238924,-0.170261039408437,0.0462672218299487,0.028648629820565,0,0,0,0,0,0,0,0,0,0.690284251052995,0.379524959241862,-0.295275723661358
13.6507892555987,0.685774552409428,0.0559398148087395,-0.00865893031704614,-0.169796911167983,0.0465527260220172,0.0284486707303401,0,0,0,0,0,0,0,0,0,0.69406495431478,0.376579692023803,-0.293732654197398
13.6607898338079,0.686333549191036,0.0558530059646926,-0.00870187582632112,-0.169329937743265,0.0468362234216473,0.0282472952877629,0,0,0,0,0,0,0,0,0,0.697816280377179,0.37364996648005,-0.292168098589556
13.6707904120172,0.686891675682373,0.0557657664067611,-0.00874506805096728,-0.168860139274118,0.047117699887405,0.0280445081170056,0,0,0,0,0,0,0,0,0,0.701538385740099,0.370735992183429,-0.290583106811941
13.6807909902264,0.687448927563719,0.0556780936696721,-0.00878850657127449,-0.168387536041563,0.0473971413253803,0.027840314097836,0,0,0,0,0,0,0,0,0,0.705231428946792,0.367837968308143,-0.288978708411586
13.6907915684356,0.688005300490724,0.0555899852927998,-0.00883219087777201,-0.167912148467321,0.0476745336917333,0.0276347183636327,0,0,0,0,0,0,0,0,0,0.708895570480879,0.364956083834884,-0.287355912389164
13.7007921466449,0.688560790094459,0.0555014388210588,-0.00887612037193122,-0.167433997113297,0.0479498629952211,0.0274277262993995,0,0,0,0,0,0,0,0,0,0.712530972665443,0.362090517756677,-0.285715707090095
13.7107927248541,0.68911539198147,0.0554124518057922,-0.00892029436686823,-0.166953102681046,0.0482231152997035,0.02721934353978,0,0,0,0,0,0,0,0,0,0.716137799564172,0.359241439286165,-0.28405906011251
13.7207933030633,0.689669101733854,0.055323021805651,-0.00896471208804661,-0.166469486011204,0.0484942767266302,0.0270095759670723,0,0,0,0,0,0,0,0,0,0.719716216884598,0.356409008063287,-0.28238691828457
13.7307938812726,0.690221914909333,0.0552331463874672,-0.00900937267398005,-0.165983168082903,0.0487633334575073,0.0267984297092436,0,0,0,0,0,0,0,0,0,0.723266391883393,0.353593374363028,-0.280700207639695
13.7407944594818,0.690773827041339,0.0551428231271203,-0.00905427517693501,-0.165494170013157,0.0490302717363443,0.0265859111379451,0,0,0,0,0,0,0,0,0,0.726788493273763,0.350794679303591,-0.278999833420388
13.750795037691,0.691324833639111,0.0550520496103959,-0.00909941856363345,-0.165002513056227,0.049295077872081,0.0263720268665264,0,0,0,0,0,0,0,0,0,0.730282691134908,0.348013055054063,-0.277286680111758
13.7607956159002,0.691874930187798,0.0549608234338377,-0.00914480171595542,-0.164508218602955,0.049557738240995,0.0261567837480501,0,0,0,0,0,0,0,0,0,0.733749156823565,0.345248625041921,-0.27556161149579
13.7707961941095,0.692424112148571,0.0548691422055928,-0.00919042343164183,-0.164011308180084,0.0498182392890886,0.0259401888733068,0,0,0,0,0,0,0,0,0,0.737188062887629,0.342501504159613,-0.273825470725982
13.7807967723187,0.692972374958739,0.0547770035462491,-0.00923628242499705,-0.163511803449545,0.0500765675344568,0.0257222495688294,0,0,0,0,0,0,0,0,0,0.74059958298182,0.339771798970571,-0.272079080434314
13.7907973505279,0.693519714031886,0.0546844050896666,-0.00928237732759162,-0.163009726207725,0.0503327095696346,0.025502973394908,0,0,0,0,0,0,0,0,0,0.743983891785421,0.337059607913655,-0.270323242843683
13.8007979287372,0.694066124758,0.0545913444838013,-0.00932870668896489,-0.162505098384713,0.0505866520639246,0.0252823681436045,0,0,0,0,0,0,0,0,0,0.747341164922046,0.33436502150691,-0.268558739881514
13.8107985069464,0.694611602503621,0.0544978193915215,-0.00937526897732776,-0.161997942043519,0.0508383817657055,0.0250604418367671,0,0,0,0,0,0,0,0,0,0.750671578881443,0.331688122549741,-0.266786333360042
13.8207990851556,0.695156142611997,0.0544038274914185,-0.0094220625802653,-0.16148827937927,0.0510878855047198,0.0248372027240451,0,0,0,0,0,0,0,0,0,0.753975310943308,0.329028986323068,-0.265006765139549
13.8307996633649,0.695699740403239,0.0543093664786086,-0.00946908580543943,-0.160976132718389,0.0513351501943418,0.0246126592809035,0,0,0,0,0,0,0,0,0,0.757252539103097,0.326387680788235,-0.263220757295254
13.8408002415741,0.696242391174496,0.0542144340655292,-0.00951633688129161,-0.160461524517745,0.0515801628338266,0.0243868202066378,0,0,0,0,0,0,0,0,0,0.760503441999812,0.323764266783821,-0.261429012325612
13.8508008197833,0.696784090200129,0.0541190279827276,-0.00956381395774552,-0.159944477363783,0.0518229105105379,0.0241596944223884,0,0,0,0,0,0,0,0,0,0.763728198845748,0.321158798220387,-0.259632213353066
13.8608013979925,0.697324832731898,0.0540231459796425,-0.0096115151069097,-0.159425013971631,0.0520633804021572,0.0239312910691554,0,0,0,0,0,0,0,0,0,0.766926989358183,0.318571322273275,-0.257831024345799
13.8708019762018,0.697864613999154,0.053926785825379,-0.00965943832378028,-0.158903157184187,0.0523015597788723,0.0237016195058135,0,0,0,0,0,0,0,0,0,0.770099993692972,0.316001879572915,-0.256026090365232
13.880802554411,0.698403429209036,0.0538299453094757,-0.00970758152694358,-0.158378929971185,0.0525374360055463,0.023470689307126,0,0,0,0,0,0,0,0,0,0.773247392380048,0.313450504392673,-0.254218037783557
13.8908031326202,0.698941273546687,0.053732622242666,-0.00975594255927886,-0.157852355428234,0.0527709965438667,0.0232385102617602,0,0,0,0,0,0,0,0,0,0.776369366260775,0.310917224834812,-0.252407474533539
13.9008037108295,0.699478142175462,0.0536348144576314,-0.00980451918866094,-0.157323456775839,0.0530022289544747,0.0230050923703016,0,0,0,0,0,0,0,0,0,0.779466096427162,0.30840206301334,-0.250594990388232
13.9108042890387,0.700014030237157,0.0535365198097478,-0.00985330910866291,-0.156792257358404,0.0532311208990744,0.0227704458432686,0,0,0,0,0,0,0,0,0,0.78253776416288,0.305905035234375,-0.248781157212613
13.9208048672479,0.700548932852233,0.0534377361778255,-0.00990230993925877,-0.156258780643209,0.0534576601425226,0.0225345810991273,0,0,0,0,0,0,0,0,0,0.785584550886079,0.303426152173965,-0.24696652923559
13.9308054454571,0.701082845120063,0.0533384614648415,-0.00995151922752615,-0.155723050219367,0.0536818345548982,0.0222975087623062,0,0,0,0,0,0,0,0,0,0.788606638093963,0.30096541905301,-0.245151643330794
13.9408060236664,0.70161576211917,0.053238693598665,-0.0100009344483489,-0.155185089796763,0.0539036321135521,0.0220592396612105,0,0,0,0,0,0,0,0,0,0.791604207309105,0.298522835809463,-0.243337019292634
13.9508066018756,0.702147678907481,0.0531384305327758,-0.01005055300512,-0.15464492320497,0.0541230409051373,0.0218197848262371,0,0,0,0,0,0,0,0,0,0.79457744002747,0.296098397267736,-0.241523160133442
13.9608071800848,0.702678590522589,0.0530376702469759,-0.0101003722304438,-0.154102574392149,0.0543400491276188,0.0215791554877893,0,0,0,0,0,0,0,0,0,0.797526517668113,0.293692093304953,-0.239710552378296
13.9708077582941,0.703208491982018,0.0529364107480939,-0.0101503893868391,-0.153558067423919,0.054554645092264,0.0213373630742912,0,0,0,0,0,0,0,0,0,0.800451621524528,0.291303909014462,-0.23789966634737
13.9808083365033,0.703737378283498,0.0528346500706822,-0.0102006016674416,-0.153011426482223,0.0547668172256131,0.0210944192102022,0,0,0,0,0,0,0,0,0,0.80335293271762,0.28893382486644,-0.23609095645587
13.9908089147125,0.704265244405245,0.0527323862777076,-0.0102510061967068,-0.152462675864156,0.0549765540714293,0.0208503357140324,0,0,0,0,0,0,0,0,0,0.806230632150265,0.286581816865405,-0.234284861518028
14.0008094929218,0.704792085306245,0.0526296174612342,-0.0103016000311124,-0.151911839980792,0.05518384429263,0.0206051245963565,0,0,0,0,0,0,0,0,0,0.809084900463431,0.284247856704741,-0.232481805052441
14.010810071131,0.705317895926557,0.0525263417431004,-0.0103523801598612,-0.151358943355977,0.0553886766731975,0.0203587980578288,0,0,0,0,0,0,0,0,0,0.811915917993828,0.281931911918105,-0.230682195579066
14.0208106493402,0.705842671187606,0.0524225572755876,-0.0104033435055834,-0.150804010625109,0.0555910401200695,0.0201113684871976,0,0,0,0,0,0,0,0,0,0.81472386473306,0.279633946028011,-0.228886426916725
14.0308112275494,0.706366405992493,0.0523182622420826,-0.01045448692504,-0.150247066533902,0.0557909236650111,0.0198628484593204,0,0,0,0,0,0,0,0,0,0.817508920288246,0.277353918691281,-0.227094878500147
14.0408118057587,0.706889095226313,0.0522134548577328,-0.0105058072098245,-0.149688135937128,0.0559883164664651,0.0196132507331779,0,0,0,0,0,0,0,0,0,0.820271263844078,0.275091785841298,-0.225307915679755
14.0508123839679,0.70741073375647,0.0521081333700946,-0.0105573010870666,-0.149127243797336,0.0561832078113841,0.0193625882498892,0,0,0,0,0,0,0,0,0,0.823011074126291,0.272847499827453,-0.223525890014279
14.0608129621771,0.70793131643301,0.0520022960597744,-0.0106089652201341,-0.148564415183564,0.0563755871170419,0.0191108741307258,0,0,0,0,0,0,0,0,0,0.825728529366512,0.270621009551547,-0.221749139579223
14.0708135403864,0.708450838088949,0.0518959412410625,-0.0106607962093358,-0.147999675270026,0.0565654439328251,0.0188581216751273,0,0,0,0,0,0,0,0,0,0.828423807268453,0.26841226060107,-0.21997798927749
14.0808141185956,0.708969293540619,0.0517890672625608,-0.0107127905926243,-0.147433049334776,0.0567527679420049,0.0186043443587147,0,0,0,0,0,0,0,0,0,0.831097084975426,0.26622119537939,-0.218212751128098
14.0908146968048,0.709486677588009,0.0516816725078023,-0.0107649448462988,-0.146864562758368,0.0569375489634893,0.0183495558313064,0,0,0,0,0,0,0,0,0,0.833748539039145,0.264047753233255,-0.216453724556325
14.1008152750141,0.71000298501512,0.0515737553958646,-0.0108172553857071,-0.146294241022486,0.0571197769535551,0.0180937699149319,0,0,0,0,0,0,0,0,0,0.836378345389787,0.261891870577181,-0.214701196709559
14.1108158532233,0.710518210590324,0.0514653143819756,-0.0108697185659492,-0.145722109708562,0.0572994420075602,0.0178370006018468,0,0,0,0,0,0,0,0,0,0.838986679307282,0.259753481014637,-0.212955442739632
14.1208164314325,0.711032349066727,0.0513563479581126,-0.0109223306825793,-0.14514819449638,0.0574765343616361,0.0175792620525476,0,0,0,0,0,0,0,0,0,0.841573715393801,0.257632515456783,-0.211216726087572
14.1308170096417,0.711545395182541,0.0512468546535944,-0.0109750879723087,-0.144572521162656,0.0576510443943604,0.0173205685937862,0,0,0,0,0,0,0,0,0,0.844139627547415,0.255528902237964,-0.209485298785529
14.140817587851,0.712057343661457,0.0511368330356662,-0.0110279866137085,-0.143995115579606,0.0578229626284096,0.0170609347165842,0,0,0,0,0,0,0,0,0,0.8466845889369,0.253442567228406,-0.207761401730884
14.1508181660602,0.712568189213033,0.0510262817100775,-0.0110810227279123,-0.143416003713498,0.0579922797321919,0.0168003750742484,0,0,0,0,0,0,0,0,0,0.849208771977646,0.251373433944226,-0.206045264967125
14.1608187442694,0.713077926533076,0.0509151993216528,-0.0111341923793187,-0.142835211623187,0.0581589865214602,0.0165389044803847,0,0,0,0,0,0,0,0,0,0.851712348308663,0.249321423654515,-0.204337107973872
14.1708193224787,0.713586550304041,0.0508035845548558,-0.0111874915762941,-0.142252765458631,0.0583230739609053,0.0162765379069131,0,0,0,0,0,0,0,0,0,0.854195488770633,0.247286455485545,-0.202637139933753
14.1808199006879,0.714094055195423,0.0506914361343462,-0.0112409162718755,-0.141668691459395,0.0584845331657293,0.0160132904820822,0,0,0,0,0,0,0,0,0,0.856658363384996,0.245268446522511,-0.200945559998272
14.1908204788971,0.714600435864171,0.0505787528255291,-0.0112944623644729,-0.141083015953139,0.0586433554031987,0.0157491774884841,0,0,0,0,0,0,0,0,0,0.859101141334042,0.243267311908425,-0.199262557563488
14.2008210571064,0.715105686955091,0.0504655334350984,-0.0113481256985722,-0.140495765354088,0.0587995320941786,0.0154842143610687,0,0,0,0,0,0,0,0,0,0.861523990941975,0.241282964940341,-0.197588312536423
14.2108216353156,0.715609803101263,0.0503517768115721,-0.0114019020654378,-0.139906966161489,0.0589530548146458,0.0152184166851587,0,0,0,0,0,0,0,0,0,0.863927079656924,0.239315317162924,-0.195922995593161
14.2208222135248,0.716112778924464,0.0502374818458212,-0.011455787203815,-0.139316644958051,0.059103915297183,0.014951800194464,0,0,0,0,0,0,0,0,0,0.866310574033884,0.237364278459509,-0.194266768425348
14.230822791734,0.716614609035593,0.0501226474715914,-0.0115097768006334,-0.138724828408376,0.0592521054324531,0.0146843807690965,0,0,0,0,0,0,0,0,0,0.868674639718548,0.23542975714074,-0.192619783999136
14.2408233699433,0.717115288035103,0.0500072726660178,-0.0115638664917087,-0.138131543257365,0.0593976172706526,0.0144161744335848,0,0,0,0,0,0,0,0,0,0.871019441432016,0.233511660030453,-0.19098218680468
14.2508239481525,0.717614810513437,0.0498913564501324,-0.0116180518624461,-0.137536816328618,0.0595404430229469,0.0141471973548886,0,0,0,0,0,0,0,0,0,0.873345142956351,0.23160989254932,-0.189354113095832
14.2608245263617,0.718113171051466,0.049774897889365,-0.0116723284485423,-0.136940674522817,0.0596805750628839,0.0138774658404136,0,0,0,0,0,0,0,0,0,0.875651907120957,0.229724358795944,-0.187735691134868
14.270825104571,0.718610364220943,0.0496578960940365,-0.011726691736689,-0.136343144816097,0.0598180059277891,0.0136069963360261,0,0,0,0,0,0,0,0,0,0.877939895789759,0.227854961625604,-0.186127041417739
14.2808256827802,0.719106384584948,0.0495403502198458,-0.0117811371652747,-0.135744254258397,0.0599527283201402,0.0133358054240678,0,0,0,0,0,0,0,0,0,0.880209269849153,0.226001602726843,-0.184528276903704
14.2908262609894,0.719601226698348,0.049422259468349,-0.0118356601250879,-0.135144029971806,0.0600847351089223,0.01306390982137,0,0,0,0,0,0,0,0,0,0.882460189196721,0.224164182695624,-0.182939503255618
14.3008268391987,0.720094885108253,0.049303623087432,-0.0118902559600199,-0.134542499148888,0.0602140193309623,0.0127913263772687,0,0,0,0,0,0,0,0,0,0.884692812730664,0.222342601107112,-0.181360819055549
14.3108274174079,0.72058735435449,0.0491844403717762,-0.0119449199677668,-0.133939689050998,0.0603405741922449,0.0125180720716192,0,0,0,0,0,0,0,0,0,0.886907298339952,0.220536756585514,-0.179792316010137
14.3208279956171,0.721078628970063,0.0490647106633168,-0.011999647400533,-0.133335627006583,0.0604643930692071,0.0122441640128104,0,0,0,0,0,0,0,0,0,0.889103802895151,0.218746546871756,-0.178234079174259
14.3308285738263,0.721568703481638,0.0489444333516941,-0.0120544334657332,-0.132730340409475,0.0605854695100145,0.0119696194357799,0,0,0,0,0,0,0,0,0,0.891282482239931,0.21697186888885,-0.176686187161093
14.3408291520356,0.722057572410015,0.0488236078746983,-0.0121092733266956,-0.13212385671716,0.0607037972358162,0.0116944557000285,0,0,0,0,0,0,0,0,0,0.893443491183202,0.215212618805366,-0.175148712338266
14.3508297302448,0.722545230270613,0.0487022337187065,-0.0121641621033642,-0.13151620344905,0.0608193701419813,0.0114186902876348,0,0,0,0,0,0,0,0,0,0.895586983491884,0.21346869209688,-0.173621721035149
14.360830308454,0.723031671573961,0.0485803104191131,-0.0122190948730015,-0.130907408184726,0.0609321822993142,0.0111423408012698,0,0,0,0,0,0,0,0,0,0.897713111884276,0.2117399836053,-0.17210527373279
14.3708308866633,0.723516890826189,0.0484578375607533,-0.0122740666708915,-0.130297498562187,0.0610422279552509,0.0108654249622117,0,0,0,0,0,0,0,0,0,0.899822028024016,0.210026387596509,-0.170599425252883
14.3808314648725,0.724000882529522,0.0483348147783193,-0.012329072491042,-0.12968650227607,0.0611495015350353,0.0105879606083606,0,0,0,0,0,0,0,0,0,0.901913882514598,0.208327797815917,-0.16910422495509
14.3908320430817,0.724483641182785,0.0482112417567698,-0.0123841072868875,-0.129074447075869,0.0612539976428755,0.0103099656922529,0,0,0,0,0,0,0,0,0,0.903988824894445,0.20664410754216,-0.167619716909185
14.4008326212909,0.724965161281904,0.0480871182317315,-0.0124391659719917,-0.128461360764141,0.0613557110630803,0.0100314582790762,0,0,0,0,0,0,0,0,0,0.906047003632502,0.204975209639199,-0.166145940075705
14.4108331995002,0.725445437320416,0.0479624439898954,-0.0124942434207505,-0.127847271194695,0.0614546367611759,0.00975245654468376,0,0,0,0,0,0,0,0,0,0.908088566124345,0.203320996606414,-0.164682928483311
14.4208337777094,0.725924463789983,0.047837218869404,-0.0125493344690942,-0.12723220627078,0.0615507698850023,0.00947297877360935,0,0,0,0,0,0,0,0,0,0.910113658688784,0.201681360627154,-0.163230711392433
14.4308343559186,0.726402235180906,0.0477114427602332,-0.0126044339151906,-0.126616193943252,0.0616441057657909,0.00919304335708183,0,0,0,0,0,0,0,0,0,0.912122426564936,0.200056193615557,-0.161789313466881
14.4408349341279,0.726878745982647,0.047585115604566,-0.0126595365201474,-0.125999262208735,0.0617346399192212,0.00891266879103972,0,0,0,0,0,0,0,0,0,0.91411501390977,0.198445387261668,-0.160358754932618
14.4508355123371,0.727353990684352,0.0474582373971596,-0.0127146370087151,-0.125381439107772,0.061822368046458,0.008631873674146,0,0,0,0,0,0,0,0,0,0.916091563796079,0.196848833075081,-0.158939051735769
14.4608360905463,0.72782796377538,0.0473308081857059,-0.0127697300699893,-0.124762752722969,0.0619072860351689,0.00835067670580263,0,0,0,0,0,0,0,0,0,0.918052218210896,0.195266422426899,-0.157530215699408
14.4708366687556,0.728300659745831,0.0472028280711841,-0.0128248103581139,-0.124143231177115,0.0619893899605218,0.00806909668416533,0,0,0,0,0,0,0,0,0,0.919997118054313,0.193698046590243,-0.156132254669561
14.4808372469648,0.728772073087085,0.0470742972082068,-0.0128798724929833,-0.123522902631313,0.0620686760861626,0.00778715250415817,0,0,0,0,0,0,0,0,0,0.921926403138698,0.192143596779286,-0.154745172659409
14.490837825174,0.729242198292337,0.0469452158053593,-0.0129349110609455,-0.122901795283083,0.0621451408651728,0.00750486315548819,0,0,0,0,0,0,0,0,0,0.9238402121883,0.19060296418688,-0.153368969996105
14.5008384033832,0.729711029857138,0.0468155841255313,-0.0129899206155043,-0.122279937364465,0.0622187809410079,0.00722224772066007,0,0,0,0,0,0,0,0,0,0.925738682839221,0.189076040020656,-0.152003643460688
14.5108389815925,0.730178562279943,0.0466854024862419,-0.0130448956780223,-0.12165735714011,0.0622895931484148,0.00693932537299092,0,0,0,0,0,0,0,0,0,0.927621951639736,0.187562715537848,-0.150649186417291
14.5208395598017,0.730644790062655,0.0465546712599574,-0.0130998307384236,-0.121034082905366,0.0623575745143309,0.00665611537462475,0,0,0,0,0,0,0,0,0,0.929490154050965,0.18606288207881,-0.149305588948869
14.5308401380109,0.73110970771118,0.0464233908744025,-0.0131547202558963,-0.120410142984346,0.0624227222587618,0.0063726370745472,0,0,0,0,0,0,0,0,0,0.931343424447864,0.184576431099131,-0.147972837980457
14.5408407162202,0.731573309735977,0.046291561812864,-0.0132095586595952,-0.119785565727996,0.0624850337956402,0.00608890990660024,0,0,0,0,0,0,0,0,0,0.93318189612054,0.18310325420068,-0.146650917406027
14.5508412944294,0.732035590652619,0.0461591846144874,-0.0132643403493446,-0.119160379512152,0.0625445067336646,0.00580495338749677,0,0,0,0,0,0,0,0,0,0.935005701275861,0.181643243161182,-0.145339808218473
14.5608418726386,0.73249654498235,0.0460262598745671,-0.0133190596963408,-0.118534612735585,0.0626011388771177,0.00552078711483524,0,0,0,0,0,0,0,0,0,0.936814971039363,0.180196289962673,-0.144039488609406
14.5708424508479,0.732956167252649,0.0458927882448291,-0.0133737110438549,-0.117908293818046,0.062654928226666,0.00523643076511452,0,0,0,0,0,0,0,0,0,0.93860983545743,0.178762286819071,-0.14274993408964
14.5808430290571,0.733414451997798,0.0457587704337064,-0.0134282887079355,-0.117281451198294,0.0627058729801386,0.00495190409174816,0,0,0,0,0,0,0,0,0,0.940390423499753,0.177341126202222,-0.141471117612533
14.5908436072663,0.733871393759446,0.0456242072066082,-0.0134827869781114,-0.11665411333212,0.0627539715332862,0.00466722692307952,0,0,0,0,0,0,0,0,0,0.942156863062027,0.175932700867008,-0.140203009666219
14.6008441854755,0.734326987087183,0.0454890993861814,-0.0135372001180939,-0.116026308690367,0.0627992224805211,0.00438241916039602,0,0,0,0,0,0,0,0,0,0.943909280968916,0.174536903875549,-0.138945578382932
14.6108447636848,0.734781226539115,0.045353447852565,-0.01359152236648,-0.115398065756941,0.0628416246156363,0.004097500775944,0,0,0,0,0,0,0,0,0,0.945647802977235,0.173153628620118,-0.137698789648007
14.620845341894,0.735234106682437,0.0452172535436384,-0.0136457479374549,-0.114769413026806,0.0628811769325054,0.00381249181094335,0,0,0,0,0,0,0,0,0,0.94737255377937,0.171782768845167,-0.136462607187559
14.6308459201032,0.735685622094012,0.0450805174552614,-0.0136998710214943,-0.114140379003987,0.0629178786257625,0.00352741237360216,0,0,0,0,0,0,0,0,0,0.949083657006904,0.170424218668488,-0.135236992670407
14.6408464983125,0.736135767360956,0.0449432406415081,-0.0137538857860678,-0.113510992199558,0.0629517290914618,0.00324228263713129,0,0,0,0,0,0,0,0,0,0.950781235234453,0.169077872601203,-0.134021905805098
14.6508470765217,0.736584537081215,0.0448054242148933,-0.0138077863763407,-0.11288128112962,0.0629827279277183,0.00295712283775929,0,0,0,0,0,0,0,0,0,0.952465409983701,0.167743625566981,-0.132817304419172
14.6608476547309,0.737031925864157,0.0446670693465922,-0.0138615669158776,-0.112251274313282,0.0630108749353279,0.00267195327274668,0,0,0,0,0,0,0,0,0,0.954136301727617,0.166421372920437,-0.131623144553324
14.6708482329402,0.737477928331155,0.0445281772666528,-0.0139152215073444,-0.111621000270629,0.0630361701183673,0.00238679429840088,0,0,0,0,0,0,0,0,0,0.955794029894857,0.16511101046448,-0.130439380549011
14.6808488111494,0.737922539116178,0.0443887492642015,-0.0139687442332111,-0.110990487520685,0.0630586136847755,0.00210166632809081,0,0,0,0,0,0,0,0,0,0.957438712874327,0.16381243446695,-0.129265965126192
14.6908493893586,0.738365752866385,0.0442487866876414,-0.0140221291564547,-0.110359764579375,0.0630782060469138,0.00181658983026141,0,0,0,0,0,0,0,0,0,0.959070468019919,0.162525541676408,-0.128102849464568
14.7008499675678,0.738807564242715,0.0441082909448439,-0.0140753703212616,-0.109728859957474,0.063094947822107,0.00153158532644854,0,0,0,0,0,0,0,0,0,0.960689411655392,0.161250229337159,-0.126949983281169
14.7108505457771,0.739247967920485,0.0439672635033329,-0.0141284617537307,-0.109097802158556,0.0631088398331642,0.00124667338929339,0,0,0,0,0,0,0,0,0,0.962295659079404,0.159986395203481,-0.125807314902151
14.7208511239863,0.73968695858999,0.0438257058904622,-0.0141813974625754,-0.10846661967694,0.0631198831088803,0.000961874640557289,0,0,0,0,0,0,0,0,0,0.963889324570683,0.158733937553214,-0.124674791337862
14.7308517021955,0.740124530957095,0.0436836196935863,-0.014234171439827,-0.10783534099562,0.0631280788845168,0.000677209749136327,0,0,0,0,0,0,0,0,0,0.965470521393324,0.157492755200493,-0.123552358359123
14.7408522804048,0.740560679743843,0.0435410065602228,-0.0142867776615367,-0.107203994584205,0.0631334286022637,0.000392699429075931,0,0,0,0,0,0,0,0,0,0.967039361802222,0.156262747507804,-0.122439960555096
14.750852858614,0.740995399689053,0.0433978681982098,-0.014339210088479,-0.106572608896844,0.063135933911681,0.000108364437585773,0,0,0,0,0,0,0,0,0,0.968595957048606,0.155043814397561,-0.121337541399197
14.7608534368232,0.741428685548927,0.0432542063758544,-0.0143914626668536,-0.105941212370153,0.0631355966701201,-0.000175774426945961,0,0,0,0,0,0,0,0,0,0.970140417385702,0.153835856362847,-0.120245043319849
14.7708540150325,0.741860532097654,0.0431100229220749,-0.0144435293289887,-0.105309833421128,0.0631324189431261,-0.000459696326937604,0,0,0,0,0,0,0,0,0,0.971672852074487,0.152638774477576,-0.119162407759836
14.7808545932417,0.742290934128016,0.0429653197265365,-0.0144954039940434,-0.10467850044507,0.0631264030048197,-0.000743380387599503,0,0,0,0,0,0,0,0,0,0.97319336938955,0.151452470406042,-0.118089575235961
14.7908551714509,0.742719886451996,0.0428200987397794,-0.0145470805687104,-0.104047241813491,0.0631175513382593,-0.00102680569891929,0,0,0,0,0,0,0,0,0,0.97470207662504,0.150276846411892,-0.117026485391028
14.8008557496601,0.743147383901392,0.0426743619733395,-0.0145985529479185,-0.103416085872026,0.0631058666357833,-0.00130995131764726,0,0,0,0,0,0,0,0,0,0.976199080100707,0.149111805366634,-0.11597307705347
14.8108563278694,0.74357342132842,0.042528111499863,-0.0146498150155357,-0.102785060938335,0.0630913517993328,-0.00159279626928174,0,0,0,0,0,0,0,0,0,0.977684485168017,0.147957250757415,-0.114929288296817
14.8208569060786,0.743997993606333,0.0423813494532132,-0.0147008606450716,-0.102154195300011,0.0630740099407538,-0.00187531955005434,0,0,0,0,0,0,0,0,0,0.979158396216351,0.146813086694347,-0.113895056484952
14.8308574842878,0.744421095630028,0.0422340780285709,-0.01475168370038,-0.101523517212472,0.0630538443820805,-0.0021575001289155,0,0,0,0,0,0,0,0,0,0.980620916679268,0.145679217917371,-0.112870318319518
14.8408580624971,0.744842722316663,0.0420862994825271,-0.0148022780363617,-0.100893054896865,0.0630308586557976,-0.00243931694951946,0,0,0,0,0,0,0,0,0,0.982072149040836,0.144555549802637,-0.111855009891089
14.8508586407063,0.74526286860627,0.0419380161331694,-0.0148526374996671,-0.100262836537955,0.0630050565050838,-0.00272074893221003,0,0,0,0,0,0,0,0,0,0.983512194842027,0.143441988368351,-0.110849066732029
14.8608592189155,0.745681529462373,0.0417892303601606,-0.0149027559293991,-0.0996328902820195,0.0629764418840348,-0.00300177497600571,0,0,0,0,0,0,0,0,0,0.984941154687166,0.142338440280089,-0.109852423857948
14.8708597971248,0.7460986998726,0.0416399446048107,-0.0149526271578156,-0.0990032442347363,0.0629450189578668,-0.00328237396058499,0,0,0,0,0,0,0,0,0,0.986359128250428,0.141244812855821,-0.108865015805527
14.880860375334,0.746514374849302,0.0414901613701424,-0.0150022450110318,-0.0983739264590729,0.0629107921030996,-0.00356252474827188,0,0,0,0,0,0,0,0,0,0.987766214282391,0.140161014070465,-0.107886776677175
14.8908609535432,0.746928549430174,0.0413398832209483,-0.0150516033097238,-0.0977449649731715,0.0628737659077207,-0.00384220618602106,0,0,0,0,0,0,0,0,0,0.989162510616622,0.139086952560017,-0.106917640187721
14.9008615317524,0.747341218678864,0.0411891127838421,-0.0151006958698304,-0.0971163877482338,0.0628339451713289,-0.00412139710740338,0,0,0,0,0,0,0,0,0,0.990548114176311,0.138022537625178,-0.105957539699275
14.9108621099617,0.747752377685602,0.0410378527473025,-0.0151495165032561,-0.0964882227064043,0.0627913349052579,-0.00440007633459105,0,0,0,0,0,0,0,0,0,0.991923120980936,0.136967679234777,-0.105006408253608
14.9208626881709,0.74816202156781,0.0408861058617101,-0.0151980590185738,-0.0958604977186518,0.0627459403326809,-0.00467822268034317,0,0,0,0,0,0,0,0,0,0.993287626152959,0.135922288028757,-0.104064178618002
14.9308632663801,0.748570145470727,0.0407338749393768,-0.0152463172217275,-0.0952332406026508,0.0626977668886945,-0.00495581494999089,0,0,0,0,0,0,0,0,0,0.994641723924554,0.13488627532068,-0.103130783314031
14.9408638445894,0.748976744568028,0.0405811628545692,-0.015294284916735,-0.0946064791206619,0.062646820220383,-0.00523283194342281,0,0,0,0,0,0,0,0,0,0.995985507644351,0.133859553100135,-0.102206154646735
14.9508644227986,0.749381814062438,0.0404279725435237,-0.0153419559063904,-0.0939802409774114,0.0625931061868633,-0.0055092524570705,0,0,0,0,0,0,0,0,0,0.997319069784215,0.132842034034661,-0.101290224750232
14.9608650010078,0.74978534918636,0.0402743070044557,-0.0153893239929667,-0.0933545538179705,0.0625366308593089,-0.00578505528589349,0,0,0,0,0,0,0,0,0,0.998642501946025,0.131833631471244,-0.100382925608947
14.970865579217,0.750187345202489,0.0401201692975611,-0.015436382978919,-0.0927294452256348,0.0624774005209553,-0.006060219225365,0,0,0,0,0,0,0,0,0,0.999955894868485,0.130834259437814,-0.0994841890844377
14.9808661574263,0.750587797404433,0.039965562545011,-0.0154831266675866,-0.0921049427198038,0.0624154216670846,-0.00633472307345705,0,0,0,0,0,0,0,0,0,1.00125933843393,0.129843832644203,-0.0985939469562309
14.9908667356355,0.750986701117335,0.0398104899309393,-0.0155295488638959,-0.0914810737538601,0.0623507010049906,-0.00660854563262581,0,0,0,0,0,0,0,0,0,1.00255292167517,0.128862266482829,-0.0977121309409593
15.0008673138447,0.751384051698489,0.0396549547014234,-0.0155756433750632,-0.0908578657130496,0.0622832454539242,-0.006881665711797,0,0,0,0,0,0,0,0,0,1.00383673278229,0.127889477029272,-0.0968386727169744
15.010867892054,0.751779844537965,0.0394989601644577,-0.015621404011297,-0.0902353459123623,0.0622130621450187,-0.0071540621283513,0,0,0,0,0,0,0,0,0,1.00511085910951,0.126925381042461,-0.0959735039535379
15.0208684702632,0.752174075059219,0.0393425096899203,-0.0156668245865011,-0.0896135415944134,0.0621401584211953,-0.00742571371010949,0,0,0,0,0,0,0,0,0,1.006375387182,0.125969895964669,-0.0951165563384774
15.0308690484724,0.75256673871972,0.0391856067095323,-0.0157118989189772,-0.0889924799273261,0.0620645418370485,-0.00769659929731815,0,0,0,0,0,0,0,0,0,1.00763040270272,0.12502293992115,-0.0942677615976429
15.0408696266817,0.752957831011567,0.0390282547168105,-0.0157566208321273,-0.088372188002616,0.0619862201587126,-0.00796669774463446,0,0,0,0,0,0,0,0,0,1.00887599055926,0.124084431719737,-0.0934270515123804
15.0508702048909,0.753347347462101,0.0388704572670128,-0.0158009841551565,-0.0877526928330749,0.0619052013637068,-0.00823598792311207,0,0,0,0,0,0,0,0,0,1.01011223483064,0.123154290850135,-0.0925943579500769
15.0608707831001,0.753735283634529,0.0387122179770767,-0.0158449827237758,-0.087134021350659,0.061821493640762,-0.00850444872218627,0,0,0,0,0,0,0,0,0,1.01133921879415,0.12223243748291,-0.0917696128836161
15.0708713613093,0.754121635128536,0.0385535405255508,-0.0158886103809047,-0.0865162004043772,0.0617351053896266,-0.00877205905165918,0,0,0,0,0,0,0,0,0,1.01255702493214,0.121318792468388,-0.0909527484056926
15.0808719395186,0.754506397580904,0.0383944286525188,-0.0159318609773739,-0.0858992567581816,0.0616460452208533,-0.00903879784368528,0,0,0,0,0,0,0,0,0,1.01376573493881,0.120413277335359,-0.0901436967522271
15.0908725177278,0.754889566666123,0.0382348861595174,-0.0159747283726279,-0.0852832170888606,0.0615543219555651,-0.00930464405475668,0,0,0,0,0,0,0,0,0,1.01496542972699,0.119515814289509,-0.0893423903190472
15.100873095937,0.75527113809701,0.0380749169094464,-0.0160172064354276,-0.0846681079839346,0.0614599446252024,-0.00956957666768846,0,0,0,0,0,0,0,0,0,1.0161561894349,0.118626326211789,-0.0885487616734409
15.1108736741463,0.755651107625317,0.037914524826472,-0.0160592890445532,-0.0840539559395538,0.0613629224712497,-0.00983357469360405,0,0,0,0,0,0,0,0,0,1.0173380934329,0.117744736656618,-0.0877627435836369
15.1208742523555,0.75602947104235,0.037753713895923,-0.0161009700895069,-0.0834407873583989,0.0612632649449427,-0.0100966171739205,0,0,0,0,0,0,0,0,0,1.01851122033022,0.11687096984966,-0.0869842690298507
15.1308748305647,0.75640622417957,0.0375924881641802,-0.0161422434712152,-0.0828286285475859,0.0611609817069552,-0.010358683182334,0,0,0,0,0,0,0,0,0,1.01967564798164,0.116004950685806,-0.0862132712072088
15.140875408774,0.756781362909215,0.0374308517385588,-0.0161831031027319,-0.082217505716572,0.0610560826270664,-0.0106197518268049,0,0,0,0,0,0,0,0,0,1.0208314534942,0.115146604726897,-0.0854496835522846
15.1508759869832,0.757154883144898,0.0372688087871832,-0.0162235429099406,-0.0816074449750668,0.0609485777838083,-0.0108798022515435,0,0,0,0,0,0,0,0,0,1.02197871323384,0.114295858199169,-0.0846934397589565
15.1608765651924,0.757526780842223,0.0371063635388555,-0.0162635568322578,-0.0809984723309469,0.0608384774640937,-0.0111388136389948,0,0,0,0,0,0,0,0,0,1.02311750283202,0.113452637990661,-0.0839444737877105
15.1708771434016,0.757897051999384,0.0369435202829164,-0.0163031388233348,-0.0803906136881731,0.0607257921628231,-0.0113967652118247,0,0,0,0,0,0,0,0,0,1.02424789719237,0.112616871648476,-0.0832027198705334
15.1808777216109,0.758265692657774,0.0367802833690998,-0.0163422828517611,-0.0797838948447129,0.0606105325824732,-0.0116536362349043,0,0,0,0,0,0,0,0,0,1.02536997049722,0.111788487376089,-0.0824681125306695
15.1908782998201,0.75863269890259,0.0366166572073791,-0.0163809829017666,-0.0791783414904668,0.0604927096326646,-0.0119094060172962,0,0,0,0,0,0,0,0,0,1.02648379621417,0.110967414030215,-0.081740586598346
15.2008788780293,0.758998066863427,0.0364526462678082,-0.0164192329739245,-0.0785739792051988,0.0603723344297101,-0.0121640539142391,0,0,0,0,0,0,0,0,0,1.02758944710259,0.110153581117799,-0.0810200772074034
15.2108794562386,0.759361792714886,0.0362882550803538,-0.0164570270858542,-0.0779708334564719,0.0602494182961426,-0.0124175593291338,0,0,0,0,0,0,0,0,0,1.02868699522016,0.109346918792954,-0.0803065198185317
15.2208800344478,0.759723872677169,0.0361234882347218,-0.0164943592729233,-0.0773689295975879,0.0601239727602241,-0.012669901715528,0,0,0,0,0,0,0,0,0,1.02977651192925,0.108547357853486,-0.0795998502239904
15.230880612657,0.760084303016675,0.0359583503801762,-0.016531223588951,-0.076768292865533,0.059996009555434,-0.0129210605791017,0,0,0,0,0,0,0,0,0,1.03085806790339,0.107754829737738,-0.0789000045512521
15.2408811908663,0.760443080046595,0.0357928462253511,-0.0165676141069102,-0.0761689483789276,0.0598655406199375,-0.0131710154796531,0,0,0,0,0,0,0,0,0,1.03193173313367,0.106969266521039,-0.0782069192853967
15.2508817690755,0.760800200127505,0.0356269805380554,-0.0166035249196306,-0.0755709211359825,0.059732578096035,-0.0134197460330833,0,0,0,0,0,0,0,0,0,1.03299757693505,0.106190600912105,-0.0775205312626466
15.2608823472847,0.761155659667959,0.0354607581450712,-0.0166389501405011,-0.0749742360124602,0.0595971343295908,-0.0136672319133819,0,0,0,0,0,0,0,0,0,1.03405566795269,0.105418766249613,-0.0768407776801162
15.2708829254939,0.761509455125074,0.0352941839319442,-0.0166738839041728,-0.0743789177596418,0.0594592218694424,-0.0139134528546124,0,0,0,0,0,0,0,0,0,1.03510607416825,0.104653696498409,-0.0761675961148858
15.2808835037032,0.761861583005117,0.0351272628427676,-0.0167083203672612,-0.0737849910023004,0.0593188534667895,-0.0141583886528974,0,0,0,0,0,0,0,0,0,1.03614886290612,0.103895326245701,-0.0755009245187695
15.2908840819124,0.762212039864093,0.0349599998799594,-0.0167422537090493,-0.0731924802366806,0.0591760420745639,-0.0144020191684041,0,0,0,0,0,0,0,0,0,1.03718410083964,0.10314359069737,-0.0748407012248004
15.3008846601216,0.762560822308324,0.0347924001040316,-0.0167756781321899,-0.0726014098284842,0.0590308008467788,-0.0146443243273296,0,0,0,0,0,0,0,0,0,1.03821185399722,0.102398425674037,-0.0741868649626058
15.3108852383309,0.762907926995028,0.0346244686333534,-0.0168085878634087,-0.0720118040108622,0.0588831431378586,-0.014885284123886,0,0,0,0,0,0,0,0,0,1.03923218776855,0.101659767607058,-0.0735393548586028
15.3208858165401,0.7632533506329,0.0344562106439067,-0.0168409771542067,-0.0714236868824151,0.0587330825019488,-0.0151248786222863,0,0,0,0,0,0,0,0,0,1.0402451669106,0.100927553534597,-0.072898110432761
15.3308863947493,0.763597089982685,0.0342876313690349,-0.0168728402815628,-0.0708370824051978,0.0585806326922058,-0.015363087958729,0,0,0,0,0,0,0,0,0,1.04125085555372,0.100201721097682,-0.0722630716118363
15.3408869729586,0.763939141857747,0.0341187360991846,-0.0169041715486367,-0.0702520144027337,0.0584258076600675,-0.0155998923433842,0,0,0,0,0,0,0,0,0,1.04224931720767,0.0994822085360105,-0.0716341787423341
15.3508875511678,0.764279503124646,0.0339495301816403,-0.0169349652854716,-0.0696685065580357,0.0582686215545034,-0.0158352720623783,0,0,0,0,0,0,0,0,0,1.04324061476751,0.098768954683749,-0.0710113725806186
15.360888129377,0.764618170703699,0.0337800190202519,-0.0169652158496964,-0.0690865824116337,0.0581090887212449,-0.01606920747978,0,0,0,0,0,0,0,0,0,1.04422481051959,0.0980618989655361,-0.0703945942966706
15.3708887075862,0.764955141569546,0.0336102080751555,-0.0169949176272291,-0.0685062653596123,0.0579472237019962,-0.0163016790395848,0,0,0,0,0,0,0,0,0,1.04520196614741,0.0973609813922073,-0.0697837854867434
15.3808892857955,0.765290412751712,0.0334401028624869,-0.0170240650329789,-0.0679275786516533,0.0577830412336248,-0.0165326672677012,0,0,0,0,0,0,0,0,0,1.04617214273747,0.0966661425565435,-0.0691788881699104
15.3908898640047,0.765623981335167,0.0332697089540881,-0.017052652511549,-0.0673505453890893,0.0576165562473327,-0.0167621527739354,0,0,0,0,0,0,0,0,0,1.04713540078505,0.0959773236290659,-0.0685798447946746
15.4008904422139,0.765955844460877,0.0330990319772068,-0.0170806745379397,-0.0667751885229637,0.057447783867807,-0.0169901162539773,0,0,0,0,0,0,0,0,0,1.0480918002,0.0952944663536515,-0.0679865982401555
15.4108910204232,0.766285999326363,0.0329280776141891,-0.0171081256182503,-0.066201530852101,0.0572767394123515,-0.0172165384913849,0,0,0,0,0,0,0,0,0,1.0490414003124,0.0946175130433054,-0.0673990918155173
15.4208915986324,0.766614443186243,0.0327568516021648,-0.0171350002903824,-0.0656295950211838,0.057103438389998,-0.0174414003595706,0,0,0,0,0,0,0,0,0,1.0499842598783,0.0939464065757872,-0.0668172692690438
15.4308921768416,0.766941173352785,0.0325853597327259,-0.0171612931247425,-0.0650594035188406,0.0569278965005976,-0.017664682823786,0,0,0,0,0,0,0,0,0,1.05092043708528,0.093281090389201,-0.0662410747826757
15.4408927550509,0.767266187196447,0.032413607851598,-0.0171869987249442,-0.0644909786757423,0.0567501296338921,-0.0178863669431076,0,0,0,0,0,0,0,0,0,1.05184998955806,0.0926215084777321,-0.0656704529714387
15.4508933332601,0.767589482146416,0.0322416018583046,-0.0172121117285116,-0.0639243426627073,0.0565701538685664,-0.0181064338724214,0,0,0,0,0,0,0,0,0,1.05277297436405,0.0919676053872482,-0.0651053488973022
15.4608939114693,0.767911055691146,0.0320693477058248,-0.0172366268075812,-0.0633595174888174,0.0563879854712801,-0.0183248648644094,0,0,0,0,0,0,0,0,0,1.05368944801884,0.0913193262107588,-0.0645457080661243
15.4708944896785,0.768230905378889,0.0318968514002433,-0.0172605386696054,-0.0627965249995422,0.0562036408956793,-0.0185416412715341,0,0,0,0,0,0,0,0,0,1.05459946649162,0.0906766165840774,-0.0639914764160361
15.4808950678878,0.768549028818226,0.0317241190003938,-0.0172838420580544,-0.0622353868748751,0.0560171367813893,-0.0187567445480237,0,0,0,0,0,0,0,0,0,1.05550308521064,0.0900394226815134,-0.0634426003257527
15.490895646097,0.768865423678593,0.0315511566174953,-0.0173065317531194,-0.0616761246274772,0.0558284899529865,-0.0189701562518583,0,0,0,0,0,0,0,0,0,1.05640035906851,0.0894076912113681,-0.0628990266277864
15.5008962243062,0.769180087690801,0.0313779704147813,-0.017328602572415,-0.0611187596008343,0.0556377174189512,-0.0191818580467546,0,0,0,0,0,0,0,0,0,1.05729134242757,0.0887813694113622,-0.062360702594997
15.5108968025155,0.769493018647555,0.0312045666071224,-0.017350049371682,-0.0605633129674223,0.0554448363706002,-0.0193918317041513,0,0,0,0,0,0,0,0,0,1.05817608912515,0.0881604050444006,-0.0618275759344752
15.5208973807247,0.769804214403971,0.0310309514606409,-0.0173708670454901,-0.060009805726884,0.0552498641809995,-0.0196000591051945,0,0,0,0,0,0,0,0,0,1.05905465247878,0.0875447463941226,-0.0612995948040898
15.5308979589339,0.770113672878082,0.0308571312923192,-0.0173910505279404,-0.0594582587042176,0.0550528184038572,-0.0198065222427232,0,0,0,0,0,0,0,0,0,1.05992708529139,0.0869343422603358,-0.0607767078053483
15.5408985371431,0.770421392051349,0.0306831124696013,-0.0174105947933684,-0.0589086925479752,0.0548537167723968,-0.0200112032232546,0,0,0,0,0,0,0,0,0,1.06079343985646,0.0863291419547088,-0.0602588639782468
15.5508991153524,0.77072736996916,0.0305089014099866,-0.0174294948570461,-0.0583611277284739,0.05465257719821,-0.0202140842689692,0,0,0,0,0,0,0,0,0,1.0616537679631,0.0857290952963082,-0.059746012809972
15.5608996935616,0.771031604741331,0.0303345045806168,-0.0174477457758854,-0.0578155845360172,0.0544494177700908,-0.0204151477196965,0,0,0,0,0,0,0,0,0,1.0625081209011,0.0851341526071173,-0.0592381042267197
15.5709002717708,0.771334094542602,0.0301599284978564,-0.0174653426491402,-0.0572720830791293,0.0542442567528481,-0.0206143760348999,0,0,0,0,0,0,0,0,0,1.06335654946595,0.0845442647077365,-0.0587350885919128
15.5809008499801,0.77163483761312,0.0299851797268655,-0.0174822806191095,-0.0567306432828003,0.0540371125861001,-0.0208117517956625,0,0,0,0,0,0,0,0,0,1.0641991039638,0.0839593829129383,-0.0582369167176555
15.5909014281893,0.771933832258935,0.0298102648811658,-0.0174985548718395,-0.0561912848867448,0.0538280038830477,-0.0210072577066722,0,0,0,0,0,0,0,0,0,1.06503583421638,0.0833794590271379,-0.0577435398487512
15.6009020063985,0.772231076852471,0.0296351906221998,-0.017514160637827,-0.0556540274436719,0.0536169494292288,-0.0212008765982072,0,0,0,0,0,0,0,0,0,1.06586678956589,0.0828044453402679,-0.0572549096670323
15.6109025846078,0.772526569833011,0.0294599636588824,-0.0175290931927216,-0.0551188903175676,0.053403968181252,-0.021392591428121,0,0,0,0,0,0,0,0,0,1.06669201887978,0.0822342946231628,-0.0567709782972681
15.620903162817,0.772820309707166,0.0292845907471462,-0.0175433478580284,-0.0545858926819912,0.053189079265511,-0.0215823852838282,0,0,0,0,0,0,0,0,0,1.06751157055561,0.0816689601233153,-0.0562916982929035
15.6309037410262,0.773112295049344,0.0291090786894791,-0.0175569200018107,-0.0540550535183831,0.0529723019768791,-0.0217702413842894,0,0,0,0,0,0,0,0,0,1.06832549252574,0.0811083955605458,-0.0558170226428971
15.6409043192354,0.77340252450221,0.0289334343344554,-0.0175698050393931,-0.0535263916143873,0.0527536557773838,-0.0219561430819971,0,0,0,0,0,0,0,0,0,1.06913383226206,0.080552555122622,-0.0553469047713946
15.6509048974447,0.77369099677715,0.0287576645762595,-0.0175819984340634,-0.0529999255621856,0.052533160294861,-0.0221400738649604,0,0,0,0,0,0,0,0,0,1.06993663678065,0.0800013934609354,-0.054881298531422
15.6609054756539,0.773977710654722,0.0285817763542028,-0.0175934956977759,-0.052475673756847,0.0523108353215904,-0.0223220173586908,0,0,0,0,0,0,0,0,0,1.07073395264637,0.0794548656862468,-0.0544201582034918
15.6709060538631,0.774262664985102,0.0284057766522334,-0.0176042923918538,-0.0519536543946896,0.0520867008129103,-0.0225019573281874,0,0,0,0,0,0,0,0,0,1.07152582597745,0.0789129273643901,-0.0539634384964804
15.6809066320724,0.774545858688533,0.0282296724984393,-0.0176143841276919,-0.0514338854716572,0.0518607768858123,-0.0226798776799223,0,0,0,0,0,0,0,0,0,1.07231230245002,0.0783755345120008,-0.0535110945440984
15.6909072102816,0.774827290755761,0.0280534709645433,-0.0176237665674594,-0.0509163847817095,0.0516330838175171,-0.0228557624638256,0,0,0,0,0,0,0,0,0,1.07309342730261,0.0778426435922906,-0.0530630819029527
15.7009077884908,0.77510696024847,0.0278771791653925,-0.0176324354248023,-0.0504011699152274,0.05140364204403,-0.0230295958752714,0,0,0,0,0,0,0,0,0,1.07386924534054,0.0773142115108143,-0.0526193565500201
15.7109083667001,0.775384866299707,0.0277008042584397,-0.0176403864655465,-0.0498882582574317,0.0511724721586758,-0.0232013622570626,0,0,0,0,0,0,0,0,0,1.0746398009404,0.076790195611295,-0.0521798748846659
15.7209089449093,0.775661008114313,0.0275243534432178,-0.0176476155084001,-0.0493776669868177,0.0509395949106149,-0.0233710461014165,0,0,0,0,0,0,0,0,0,1.07540513805437,0.0762705536713505,-0.051744593718997
15.7309095231185,0.775935384969334,0.027347833960808,-0.0176541184256563,-0.0488694130736043,0.0507050312033391,-0.0235386320519499,0,0,0,0,0,0,0,0,0,1.07616530021451,0.0757552438985117,-0.0513134702787209
15.7409101013277,0.776207996214436,0.0271712530932998,-0.0176598911438957,-0.0483635132781977,0.0504688020931479,-0.0237041049056649,0,0,0,0,0,0,0,0,0,1.0769203305371,0.0752442249259317,-0.0508864622072997
15.750910679537,0.776478841272315,0.0269946181632451,-0.0176649296446895,-0.0478599841496716,0.0502309287876038,-0.0238674496149337,0,0,0,0,0,0,0,0,0,1.07767027172684,0.0747374558083214,-0.0504635275539345
15.7609112577462,0.776747919639095,0.0268179365331044,-0.017669229965302,-0.0473588420242619,0.0499914326439697,-0.0240286512894842,0,0,0,0,0,0,0,0,0,1.07841516608104,0.0742348960178982,-0.0500446247735365
15.7709118359554,0.777015230884728,0.0266412156046865,-0.017672788199393,-0.0468601030238774,0.0497503351676242,-0.0241876951983855,0,0,0,0,0,0,0,0,0,1.0791550554938,0.0737365054403228,-0.0496297127303334
15.7809124141647,0.77728077465338,0.0264644628185808,-0.0176756004977208,-0.0463637830546267,0.049507658010459,-0.0243445667720331,0,0,0,0,0,0,0,0,0,1.0798899814601,0.0732422443705756,-0.0492187506902904
15.7909129923739,0.777544550663821,0.026287685653583,-0.0176776630688446,-0.0458698978053615,0.0492634229692554,-0.024499251604134,0,0,0,0,0,0,0,0,0,1.08061998507989,0.0727520735090452,-0.0488116983153429
15.8009135705831,0.777806558709801,0.0261108916261136,-0.0176789721798276,-0.045378462746235,0.0490176519840409,-0.0246517354536925,0,0,0,0,0,0,0,0,0,1.08134510706212,0.0722659539575198,-0.0484085156679356
15.8109141487924,0.778066798660424,0.0259340882896289,-0.0176795241569391,-0.0448894931272784,0.0487703671364262,-0.0248020042469952,0,0,0,0,0,0,0,0,0,1.08206538772873,0.0717838472151853,-0.0480091632030769
15.8209147270016,0.778325270460517,0.0257572832340257,-0.0176793153863576,-0.0444030039769928,0.048521590647923,-0.0249500440795966,0,0,0,0,0,0,0,0,0,1.08278086701859,0.0713057151747757,-0.0476136017679809
15.8309153052108,0.778581974130988,0.0255804840850389,-0.0176783423148735,-0.0439190101009591,0.0482713448782406,-0.0250958412183042,0,0,0,0,0,0,0,0,0,1.08349158449147,0.0708315201185776,-0.0472217926038531
15.84091588342,0.778836909769186,0.0254036985036311,-0.0176766014505914,-0.0434375260804642,0.0480196523235634,-0.0252393821031639,0,0,0,0,0,0,0,0,0,1.08419757933184,0.070361224714546,-0.0468336973332798
15.8509164616293,0.779090077549244,0.0252269341853767,-0.0176740893636331,-0.042958566271145,0.047766535614809,-0.0253806533494455,0,0,0,0,0,0,0,0,0,1.08489889035278,0.0698947920125599,-0.0464492779615342
15.8609170398385,0.77934147772243,0.0250501988598377,-0.0176708026868402,-0.0424821448016498,0.0475120175158654,-0.0255196417496278,0,0,0,0,0,0,0,0,0,1.08559555599972,0.0694321854405128,-0.0460684968800381
15.8709176180477,0.779591110617476,0.0248735002899331,-0.0176667381164765,-0.0420082755723174,0.047256120921809,-0.0256563342753844,0,0,0,0,0,0,0,0,0,1.08628761435425,0.068973368800499,-0.0456913168517752
15.880918196257,0.779838976640913,0.0246968462713011,-0.0176618924129314,-0.0415369722538739,0.046998868857103,-0.0257907180795684,0,0,0,0,0,0,0,0,0,1.08697510313781,0.0685183062651951,-0.0453177010193828
15.8909187744662,0.780085076277394,0.0245202446316544,-0.0176562624014217,-0.0410682482861486,0.046740284473775,-0.0259227804981982,0,0,0,0,0,0,0,0,0,1.08765805971539,0.0680669623738853,-0.0449476128999019
15.9009193526754,0.780329410090011,0.0243437032301281,-0.0176498449726947,-0.0406021168768063,0.0464803910495757,-0.0260525090524428,0,0,0,0,0,0,0,0,0,1.08833652109918,0.0676193020289478,-0.0445810163746855
15.9109199308847,0.780571978720608,0.0241672299566212,-0.0176426370837312,-0.0401385910001004,0.0462192119861172,-0.0261798914506068,0,0,0,0,0,0,0,0,0,1.08901052395218,0.0671752904920813,-0.0442178756950702
15.9209205090939,0.780812782890079,0.0239908327311304,-0.0176346357584472,-0.0396776833956428,0.0459567708069917,-0.0263049155901164,0,0,0,0,0,0,0,0,0,1.08968010459176,0.0667348933806786,-0.0438581554785396
15.9309210873031,0.781051823398676,0.0238145195030775,-0.0176258380883979,-0.0392194065671942,0.0456930911558703,-0.026427569559504,0,0,0,0,0,0,0,0,0,1.09034529899325,0.0662980766641299,-0.0435018206968564
15.9409216655123,0.781289101126291,0.0236382982506292,-0.0176162412334791,-0.0387637727814723,0.0454281967945815,-0.026547841640394,0,0,0,0,0,0,0,0,0,1.09100614279337,0.065864806660433,-0.0431488366783984
15.9509222437216,0.781524617032742,0.0234621769800102,-0.0176058424226307,-0.0383107940669799,0.0451621116011708,-0.0266657203094881,0,0,0,0,0,0,0,0,0,1.09166267129374,0.0654350500324507,-0.042799169122095
15.9609228219308,0.781758372158055,0.0232861637248092,-0.0175946389545391,-0.0378604822128528,0.0448948595679396,-0.0267811942405507,0,0,0,0,0,0,0,0,0,1.09231491946432,0.0650087737842419,-0.0424527840668204
15.97092340014,0.781990367622727,0.023110266545278,-0.0175826281983399,-0.0374128487677267,0.0446264647994645,-0.0268942523063937,0,0,0,0,0,0,0,0,0,1.09296292194677,0.0645859452579312,-0.042109647895862
15.9809239783493,0.782220604627993,0.0229344935276233,-0.0175698075943205,-0.0369679050386247,0.0443569515105967,-0.0270048835808628,0,0,0,0,0,0,0,0,0,1.09360671305785,0.0641665321299505,-0.041769727349656
15.9909245565585,0.782449084456085,0.0227588527832919,-0.0175561746546228,-0.0365256620898642,0.0440863440244422,-0.0271130773408219,0,0,0,0,0,0,0,0,0,1.09424632679273,0.0637505024076542,-0.0414329895064065
16.0009251347677,0.782675808470472,0.0225833524482482,-0.0175417269639462,-0.0360861307419849,0.0438146667703208,-0.0272188230681391,0,0,0,0,0,0,0,0,0,1.09488179682826,0.0633378244259484,-0.0410994017843069
16.0109257129769,0.782900778116111,0.0224080006822453,-0.0175264621802497,-0.0356493215706962,0.0435419442817064,-0.0273221104516717,0,0,0,0,0,0,0,0,0,1.09551315652628,0.0629284668438612,-0.0407689319448042
16.0209262911862,0.783123994919677,0.0222328056680887,-0.0175103780354548,-0.0352152449058468,0.0432682011941468,-0.0274229293892517,0,0,0,0,0,0,0,0,0,1.09614043893678,0.0625223986411069,-0.0404415480787752
16.0309268693954,0.783345460489786,0.0220577756108935,-0.0174934723361485,-0.0347839108304142,0.0429934622431647,-0.0275212699896711,0,0,0,0,0,0,0,0,0,1.09676367680116,0.062119589114933,-0.0401172186087509
16.0409274476046,0.783565176517223,0.0218829187373338,-0.0174757429642857,-0.0343553291795147,0.0427177522621369,-0.0276171225746672,0,0,0,0,0,0,0,0,0,1.09738290255532,0.0617200078766397,-0.0397959122822372
16.0509280258139,0.783783144775147,0.0217082432948855,-0.0174571878778916,-0.0339295095394367,0.0424410961801556,-0.0277104776809079,0,0,0,0,0,0,0,0,0,1.09799814833285,0.0613236248485607,-0.0394775981786582
16.0609286040231,0.783999367119297,0.0215337575510622,-0.017437805111765,-0.0335064612466933,0.0421635190198689,-0.0278013260619772,0,0,0,0,0,0,0,0,0,1.09860944596806,0.0609304102604433,-0.0391622457054701
16.0709291822323,0.78421384548819,0.0213594697926439,-0.0174175927781803,-0.0330861933870978,0.0418850458953011,-0.0278896586903606,0,0,0,0,0,0,0,0,0,1.09921682699911,0.0605403346465074,-0.0388498245776254
16.0809297604416,0.784426581903309,0.0211853883248985,-0.0173965490675909,-0.0326687147948614,0.0416057020096546,-0.0279754667594301,0,0,0,0,0,0,0,0,0,1.09982032267095,0.0601533688422365,-0.03854030483367
16.0909303386508,0.784637578469281,0.0210115214707966,-0.0173746722493312,-0.0322540340517117,0.0413255126530898,-0.0280587416854298,0,0,0,0,0,0,0,0,0,1.10041996393842,0.0597694839811141,-0.0382336568163153
16.10093091686,0.784846837374055,0.0208378775702191,-0.0173519606723196,-0.0318421594860346,0.0410445032004874,-0.0281394751094613,0,0,0,0,0,0,0,0,0,1.10101578146911,0.0593886514918037,-0.0379298511946092
16.1109314950692,0.785054360889066,0.0206644649791579,-0.0173284127657612,-0.0314330991720385,0.0407626991091891,-0.0282176588994691,0,0,0,0,0,0,0,0,0,1.10160780564639,0.0590108430944418,-0.0376288589468445
16.1209320732785,0.785260151369388,0.0204912920689092,-0.0173040270398504,-0.0310268609289406,0.0404801259167192,-0.0282932851522253,0,0,0,0,0,0,0,0,0,1.10219606657223,0.0586360307981596,-0.0373306513321704
16.1309326514877,0.785464211253888,0.0203183672252604,-0.0172788020864735,-0.0306234523201769,0.0401968092384865,-0.0283663461953159,0,0,0,0,0,0,0,0,0,1.10278059407014,0.058264186897944,-0.0370351999331431
16.1409332296969,0.785666543065363,0.0201456988476693,-0.0172527365799116,-0.0302228806526345,0.0399127747654661,-0.0284368345891254,0,0,0,0,0,0,0,0,0,1.10336141768797,0.0578952839713079,-0.0367424766388467
16.1509338079062,0.785867149410677,0.0199732953484366,-0.0172258292775431,-0.0298251529759078,0.0396280482618607,-0.0285047431288225,0,0,0,0,0,0,0,0,0,1.10393856670074,0.0575292948754888,-0.0364524536148465
16.1609343861154,0.78606603298088,0.019801165151872,-0.0171980790205462,-0.0294302760815783,0.039342655562744,-0.0285700648463455,0,0,0,0,0,0,0,0,0,1.10451207011342,0.0571661927447207,-0.0361651033213254
16.1709349643246,0.786263196551327,0.0196293166934516,-0.0171694847346021,-0.029038256502517,0.0390566225716816,-0.0286327930123874,0,0,0,0,0,0,0,0,0,1.10508195666367,0.0568059509870693,-0.0358803985265517
16.1809355425339,0.786458642981787,0.0194577584189702,-0.0171400454305971,-0.0286491005122118,0.0387699752583342,-0.0286929211383812,0,0,0,0,0,0,0,0,0,1.10564825482461,0.0564485432814345,-0.0355983122813123
16.1909361207431,0.786652375216538,0.019286498783685,-0.0171097602053256,-0.0282628141241186,0.0384827396560396,-0.0287504429784856,0,0,0,0,0,0,0,0,0,1.10621099280744,0.0560939435748976,-0.0353188179122531
16.2009366989523,0.786844396284459,0.0191155462514536,-0.0170786282421929,-0.0278794030910366,0.0381949418593758,-0.0288053525315702,0,0,0,0,0,0,0,0,0,1.10677019856418,0.0557421260798565,-0.0350418890318699
16.2109372771615,0.787034709299113,0.0189449092938637,-0.0170466488119173,-0.0274988729045082,0.0379066080217038,-0.0288576440432005,0,0,0,0,0,0,0,0,0,1.10732589979026,0.0553930652711729,-0.0347674995357315
16.2209378553708,0.787223317458818,0.0187745963893572,-0.0170138212732335,-0.0271212287942433,0.0376177643526903,-0.028907312007624,0,0,0,0,0,0,0,0,0,1.10787812392716,0.0550467358833636,-0.0344956236041464
16.23093843358,0.787410224046712,0.0186046160223454,-0.0169801450735948,-0.0267464757275691,0.0373284371158112,-0.0289543511697546,0,0,0,0,0,0,0,0,0,1.10842689816499,0.054703112907714,-0.0342262356810708
16.2409390117892,0.787595432430809,0.0184349766823194,-0.0169456197498757,-0.0263746184089039,0.0370386526258341,-0.0289987565271586,0,0,0,0,0,0,0,0,0,1.10897224944501,0.0543621715898914,-0.0339593104741082
16.2509395899985,0.787778946064042,0.0182656868629512,-0.0169102449290753,-0.0260056612792576,0.0367484372462828,-0.0290405233320399,0,0,0,0,0,0,0,0,0,1.10951420446221,0.0540238874270584,-0.0336948229805972
16.2609401682077,0.787960768484306,0.01809675506119,-0.0168740203290188,-0.0256396085157561,0.0364578173868799,-0.0290796470932253,0,0,0,0,0,0,0,0,0,1.11005278966777,0.0536882361649642,-0.0334327484537522
16.2709407464169,0.788140903314481,0.0179281897763493,-0.0168369457590613,-0.0252764640311927,0.036166819500971,-0.0291161235781498,0,0,0,0,0,0,0,0,0,1.11058803127157,0.0533551937957359,-0.0331730624025813
16.2809413246262,0.788319354262453,0.0177599995091891,-0.0167990211207898,-0.0249162314736048,0.0358754700829284,-0.0291499488148421,0,0,0,0,0,0,0,0,0,1.11111995524462,0.0530247365549709,-0.0329157406110848
16.2909419028354,0.788496125121126,0.017592192760989,-0.0167602464087261,-0.0245589142258761,0.0355837956655351,-0.0291811190939098,0,0,0,0,0,0,0,0,0,1.11164858732146,0.052696840919144,-0.0326607591140887
16.3009424810446,0.788671219768418,0.0174247780326159,-0.0167206217110295,-0.0242045154053663,0.0352918228173488,-0.0292096309705248,0,0,0,0,0,0,0,0,0,1.1121739530026,0.0523714836031843,-0.0324080942057335
16.3109430592538,0.788844642167256,0.0172577638235842,-0.0166801472101995,-0.0238530378635665,0.0349995781400467,-0.0292354812664083,0,0,0,0,0,0,0,0,0,1.11269607755687,0.052048641557711,-0.0321577224236813
16.3209436374631,0.789016396365554,0.0170911586311081,-0.0166388231837781,-0.0235044841857808,0.0347070882657489,-0.0292586670718169,0,0,0,0,0,0,0,0,0,1.11321498602376,0.0517282919669268,-0.0319096205593667
16.3309442156723,0.789186486496192,0.0169249709491484,-0.0165966500050531,-0.023158856690836,0.0344143798543243,-0.0292791857475275,0,0,0,0,0,0,0,0,0,1.11373070321576,0.0514104122456494,-0.0316637656703758
16.3409447938815,0.78935491677697,0.0167592092674509,-0.0165536281437602,-0.0228161574308171,0.0341214795906739,-0.0292970349268226,0,0,0,0,0,0,0,0,0,1.11424325372063,0.0510949800369562,-0.0314201350380665
16.3509453720908,0.789521691510567,0.0165938820705786,-0.0165097581667861,-0.022476388190831,0.0338284141819969,-0.0293122125174754,0,0,0,0,0,0,0,0,0,1.11475266190368,0.0507819732100639,-0.0311787061863526
16.3609459503,0.789686815084483,0.0164289978369369,-0.0164650407388709,-0.0221395504887973,0.033535210355035,-0.0293247167037358,0,0,0,0,0,0,0,0,0,1.11525895191004,0.0504713698575978,-0.0309394568889191
16.3709465285092,0.789850291970972,0.0162645650377906,-0.0164194766233109,-0.0218056455752664,0.0332418948532975,-0.0293345459483153,0,0,0,0,0,0,0,0,0,1.11576214766685,0.0501631482933265,-0.0307023651642274
16.3809471067185,0.790012126726964,0.0161005921362759,-0.0163730666826612,-0.0214746744332658,0.0329484944342673,-0.0293416989943724,0,0,0,0,0,0,0,0,0,1.11626227288549,0.0498572870495314,-0.0304674092516465
16.3909476849277,0.790172323993983,0.0159370875864034,-0.0163258118794385,-0.0211466377781748,0.0326550358665851,-0.0293461748674981,0,0,0,0,0,0,0,0,0,1.11675935106373,0.0495537648752191,-0.0302345676158953
16.4009482631369,0.790330888498046,0.0157740598320554,-0.0162777132768236,-0.0208215360576268,0.0323615459272166,-0.029347972877701,0,0,0,0,0,0,0,0,0,1.11725340548789,0.0492525607334014,-0.0300038189775696
16.4109488413461,0.79048782504956,0.0156115173059754,-0.0162287720393642,-0.0204993694514402,0.0320680513985968,-0.0293470926213929,0,0,0,0,0,0,0,0,0,1.11774445923497,0.0489536537986976,-0.0297751422676282
16.4209494195554,0.790643138543205,0.0154494684287509,-0.0161789894336777,-0.020180137871578,0.0317745790657566,-0.0293435339833737,0,0,0,0,0,0,0,0,0,1.11823253517477,0.0486570234555247,-0.0295485166440442
16.4309499977646,0.790796833957805,0.0152879216077893,-0.0161283668291534,-0.0198638409621371,0.0314811557134287,-0.0293372971388174,0,0,0,0,0,0,0,0,0,1.11871765597196,0.0483626492953666,-0.0293239215001301
16.4409505759738,0.790948916356194,0.0151268852362865,-0.0160769056986559,-0.0195504780993645,0.0311878081231338,-0.029328382555257,0,0,0,0,0,0,0,0,0,1.11919984408814,0.048070511114798,-0.0291013364333259
16.4509511541831,0.791099390885066,0.0149663676921884,-0.0160246076192268,-0.0192400483917052,0.0308945630702466,-0.02931679099457,0,0,0,0,0,0,0,0,0,1.11967912178388,0.0477805889133775,-0.0288807412690256
16.4609517323923,0.791248262774822,0.014806377337146,-0.0159714742727885,-0.018932550679878,0.0306014473210428,-0.0293025235149635,0,0,0,0,0,0,0,0,0,1.12015551112076,0.047492862891195,-0.0286621160439908
16.4709523106015,0.791395537339394,0.0146469225154625,-0.015917507446846,-0.0186279835369811,0.0303084876297251,-0.02928558147296,0,0,0,0,0,0,0,0,0,1.12062903396333,0.0472073134470975,-0.0284454410102192
16.4809528888108,0.791541219976074,0.0144880115530342,-0.01586270903519,-0.0183263452686282,0.0300157107354306,-0.0292659665253822,0,0,0,0,0,0,0,0,0,1.12109971198111,0.0469239211761576,-0.0282306966451468
16.49095346702,0.791685316165319,0.014329652756284,-0.0158070810385995,-0.0180276339131141,0.0297231433592169,-0.0292436806313389,0,0,0,0,0,0,0,0,0,1.12156756665054,0.0466426668676958,-0.0280178636117546
16.5009540452292,0.791827831470557,0.0141718544110882,-0.0157506255655443,-0.0177318472416105,0.0294308122010302,-0.0292187260542099,0,0,0,0,0,0,0,0,0,1.12203261925691,0.0463635315035478,-0.0278069227896386
16.5109546234384,0.791968771537967,0.0140146247816955,-0.0156933448328879,-0.0174389827583925,0.0291387439366515,-0.0291911053636314,0,0,0,0,0,0,0,0,0,1.12249489089626,0.0460864962554642,-0.027597855274442
16.5209552016477,0.792108142096266,0.0138579721096398,-0.0156352411665901,-0.0171490377010958,0.0288469652146242,-0.0291608214374819,0,0,0,0,0,0,0,0,0,1.12295440247729,0.0458115424833897,-0.0273906423544099
16.5309557798569,0.792245948956473,0.0137019046126456,-0.0155763170024096,-0.0168620090410039,0.028555502653162,-0.0291278774638666,0,0,0,0,0,0,0,0,0,1.12341117472324,0.0455386517333316,-0.0271852655148282
16.5409563580661,0.792382198011665,0.0135464304835265,-0.0155165748866067,-0.0165778934833676,0.0282643828370358,-0.0290922769431036,0,0,0,0,0,0,0,0,0,1.12386522817369,0.0452678057355503,-0.026981706434695
16.5509569362754,0.792516895236721,0.0133915578890766,-0.0154560174766463,-0.016296687467755,0.0279736323144423,-0.0290540236897086,0,0,0,0,0,0,0,0,0,1.12431658318647,0.0449989864024943,-0.0267799470139175
16.5609575144846,0.792650046688059,0.0132372949689547,-0.0153946475418998,-0.0160183871684329,0.0276832775938513,-0.0290131218343807,0,0,0,0,0,0,0,0,0,1.1247652599394,0.0447321758264469,-0.0265799693311273
16.5709580926938,0.79278165850336,0.013083649834562,-0.0153324679643487,-0.0157429884947797,0.0273933451408338,-0.0289695758259875,0,0,0,0,0,0,0,0,0,1.12521127843212,0.0444673562783046,-0.0263817556470118
16.5809586709031,0.792911736901275,0.0129306305679119,-0.0152694817392866,-0.0154704870917307,0.0271038613748705,-0.0289233904335508,0,0,0,0,0,0,0,0,0,1.12565465848784,0.0442045102051574,-0.0261852884353968
16.5909592491123,0.793040288181128,0.012778245220494,-0.0152056919760222,-0.0152008783402551,0.0268148526661402,-0.0288745707482313,0,0,0,0,0,0,0,0,0,1.12609541975513,0.0439436202284458,-0.0259905503338469
16.6009598273215,0.793167318722607,0.0126265018121296,-0.0151411018985818,-0.0149341573578649,0.0265263453322875,-0.0288231221853145,0,0,0,0,0,0,0,0,0,1.12653358170962,0.0436846691425283,-0.025797524161983
16.6109604055307,0.79329283498544,0.0124754083298216,-0.0150757148464121,-0.0146703189991567,0.0262383656351727,-0.0287690504861958,0,0,0,0,0,0,0,0,0,1.12696916365574,0.0434276399124729,-0.0256061929662672
16.62096098374,0.793416843509057,0.0123249727265962,-0.0150095342750828,-0.0144093578563856,0.0259509397775994,-0.0287123617203658,0,0,0,0,0,0,0,0,0,1.1274021847284,0.0431725156717288,-0.0254165399524141
16.6309615619492,0.793539350912253,0.0121752029203386,-0.0149425637569895,-0.0141512682600732,0.0256640939000242,-0.028653062287396,0,0,0,0,0,0,0,0,0,1.12783266389467,0.0429192797212686,-0.0252285484542053
16.6409621401584,0.793660363892823,0.0120261067926207,-0.0148748069820558,-0.0138960442796461,0.0253778540772453,-0.0285911589189236,0,0,0,0,0,0,0,0,0,1.12826061995547,0.0426679155278854,-0.0250422020559807
16.6509627183677,0.793779889227195,0.0118776921875224,-0.0148062677584367,-0.0136436797241108,0.0250922463150723,-0.0285266586806373,0,0,0,0,0,0,0,0,0,1.12868607154719,0.0424184067208843,-0.0248574845255387
16.6609632965769,0.793897933770053,0.0117299669104459,-0.0147369500132208,-0.013394168142759,0.0248072965469748,-0.0284595689742627,0,0,0,0,0,0,0,0,0,1.12910903714332,0.0421707370917207,-0.0246743797213477
16.6709638747861,0.794014504453938,0.0115829387269225,-0.0146668577931331,-0.013147502825909,0.0245230306307126,-0.0283898975395469,0,0,0,0,0,0,0,0,0,1.12952953505605,0.0419248905925491,-0.0244928717289177
16.6809644529953,0.794129608288849,0.0114366153614128,-0.0145959952652377,-0.0129036768056786,0.024239474344945,-0.0283176524562447,0,0,0,0,0,0,0,0,0,1.12994758343788,0.0416808513331334,-0.0243129448243119
16.6909650312046,0.794243252361823,0.0112910044960995,-0.0145243667176403,-0.0126626828567943,0.0239566533858204,-0.0282428421461034,0,0,0,0,0,0,0,0,0,1.13036320028321,0.0414386035801247,-0.024134583407926
16.7009656094138,0.794355443836504,0.011146113769674,-0.0144519765601914,-0.012424513497433,0.0236745933635471,-0.0281654753748488,0,0,0,0,0,0,0,0,0,1.13077640342985,0.0411981317552971,-0.0239577720760865
16.710966187623,0.794466189952709,0.0110019507761147,-0.0143788293251882,-0.012189160990099,0.0233933197989422,-0.0280855612541696,0,0,0,0,0,0,0,0,0,1.1311872105606,0.0409594204333931,-0.0237824955616615
16.7209667658323,0.794575498025969,0.0108585230634591,-0.0143049296680778,-0.0119566173425348,0.0231128581199628,-0.0280031092437033,0,0,0,0,0,0,0,0,0,1.13159563920475,0.040722454341547,-0.023608738766254
16.7309673440415,0.794683375447063,0.010715838132569,-0.0142302823681599,-0.0117268743086675,0.0228332336582161,-0.0279181291530219,0,0,0,0,0,0,0,0,0,1.13200170673963,0.0404872183564867,-0.0234364868068252
16.7409679222507,0.794789829681544,0.0105739034358883,-0.0141548923292893,-0.0114999233895899,0.0225544716454495,-0.0278306311436163,0,0,0,0,0,0,0,0,0,1.13240543039205,0.0402536975030245,-0.0232657248980241
16.75096850046,0.794894868269246,0.0104327263761934,-0.0140787645805783,-0.0112757558345771,0.022276597210022,-0.0277406257308825,0,0,0,0,0,0,0,0,0,1.13280682723981,0.0400218769536125,-0.0230964384026978
16.7609690786692,0.794998498823781,0.0102923143053379,-0.0140019042771,-0.0110543626421373,0.0219996353733545,-0.0276481237861066,0,0,0,0,0,0,0,0,0,1.13320591421316,0.0397917420258228,-0.0229286129040476
16.7709696568784,0.795100729032025,0.0101526745229886,-0.0139243167005904,-0.0108357345610999,0.0217236110463612,-0.02755313653845,0,0,0,0,0,0,0,0,0,1.13360270809623,0.0395632781804603,-0.0227622340957278
16.7809702350876,0.795201566653587,0.0100138142753557,-0.0138460072601516,-0.0106198620917383,0.0214485490258597,-0.027455675576935,0,0,0,0,0,0,0,0,0,1.13399722552847,0.0393364710212406,-0.0225972878012752
16.7909708132969,0.79530101952027,0.00987574075391546,-0.0137669814929541,-0.010406735486929,0.0211744739909639,-0.0273557528524302,0,0,0,0,0,0,0,0,0,1.13438948300608,0.0391113062925141,-0.0224337600571551
16.8009713915061,0.795399095535519,0.00973846109412586,-0.0136872450649393,-0.0101963447533464,0.020901410499454,-0.0272533806796353,0,0,0,0,0,0,0,0,0,1.13477949688336,0.0388877698772833,-0.0222716370209001
16.8109719697153,0.795495802673849,0.00960198237413547,-0.013606803771523,-0.00998867965269504,0.0206293829841286,-0.0271485717390673,0,0,0,0,0,0,0,0,0,1.13516728337416,0.0386658477967638,-0.0221109049586426
16.8209725479246,0.795591148980271,0.00946631161348502,-0.0135256635382969,-0.00978372970297764,0.0203584157491363,-0.0270413390790449,0,0,0,0,0,0,0,0,0,1.13555285855319,0.0384455262086517,-0.0219515503241652
16.8309731261338,0.795685142569697,0.00933145577180186,-0.0134438304217323,-0.00958148417979995,0.0200885329662877,-0.0269316961176749,0,0,0,0,0,0,0,0,0,1.13593623835745,0.0382267914051025,-0.021793559733255
16.840973704343,0.795777791626332,0.00919742174748802,-0.0133613106098822,-0.00938193211771274,0.0198197586713472,-0.0268196566448366,0,0,0,0,0,0,0,0,0,1.13631743858746,0.0380096298115118,-0.0216369198996179
16.8509742825523,0.795869104403059,0.00906421637640038,-0.0132781104230843,-0.00918506231159102,0.0195521167603052,-0.0267052348241673,0,0,0,0,0,0,0,0,0,1.13669647490871,0.0377940279857766,-0.0214816176906224
16.8609748607615,0.795959089220806,0.00893184643052447,-0.0131942363146633,-0.00899086331805068,0.0192856309856305,-0.0265884451950485,0,0,0,0,0,0,0,0,0,1.13707336285289,0.0375799726159601,-0.0213276401442488
16.8709754389707,0.796047754467898,0.00880031861664091,-0.013109694871634,-0.00879932345690268,0.0190203249525022,-0.02646930267459,0,0,0,0,0,0,0,0,0,1.13744811781921,0.0373674505192149,-0.0211749743972756
16.8809760171799,0.796135108599401,0.00866963957498495,-0.0130244928154035,-0.00861043081264451,0.018756222115023,-0.0263478225596161,0,0,0,0,0,0,0,0,0,1.13782075507568,0.0371564486408834,-0.0210236077202468
16.8909765953892,0.79622116013645,0.00853981587789899,-0.0129386370024746,-0.00842417323599046,0.0184933457724115,-0.0262240205286508,0,0,0,0,0,0,0,0,0,1.13819128976043,0.0369469540527219,-0.0208735275507767
16.9009771735984,0.79630591766556,0.00841085402847796,-0.0128521344251475,-0.00824053834543964,0.0182317190651752,-0.0260979126439028,0,0,0,0,0,0,0,0,0,1.13855973688288,0.0367389539513353,-0.0207247214491444
16.9109777518076,0.796389389837929,0.00828276045920776,-0.0127649922122233,-0.00805951352888234,0.017971364971263,-0.0259695153532515,0,0,0,0,0,0,0,0,0,1.13892611132506,0.0365324356572886,-0.020577177112171
16.9209783300169,0.796471585368727,0.00815554153059667,-0.0126772176297062,-0.00788108594524478,0.0177123063021992,-0.0258388454922311,0,0,0,0,0,0,0,0,0,1.13929042784281,0.0363273866132644,-0.0204308823521283
16.9309789082261,0.796552513036364,0.00802920352979994,-0.0125888180815066,-0.00770524252617347,0.017454565699196,-0.0257059202860176,0,0,0,0,0,0,0,0,0,1.13965270106698,0.0361237943835965,-0.0202858250717584
16.9409794864353,0.796632181681755,0.00790375266923668,-0.0124998011101432,-0.00753196997775715,0.0171981656292476,-0.025570757351413,0,0,0,0,0,0,0,0,0,1.1400129455047,0.0359216466529266,-0.0201419933614113
16.9509800646446,0.796710600207563,0.00777919508520054,-0.0124101743974463,-0.00736125478228969,0.0169431283812035,-0.0254333746988308,0,0,0,0,0,0,0,0,0,1.1403711755405,0.0357209312237953,-0.0199993754779513
16.9609806428538,0.79678777757743,0.00765553683646287,-0.0123199457652597,-0.00719308320007025,0.016689476061822,-0.0252937907342819,0,0,0,0,0,0,0,0,0,1.14072740543752,0.0355216360157206,-0.019857959739056
16.970981221063,0.796863722815197,0.0075327839028692,-0.0122291231761443,-0.00702744127124483,0.0164372305918043,-0.0251520242613591,0,0,0,0,0,0,0,0,0,1.14108164933869,0.035323749064903,-0.0197177345252868
16.9809817992722,0.796938445004105,0.00741094218392807,-0.0121377147340801,-0.00686431481768687,0.0161864137018085,-0.0250080944832232,0,0,0,0,0,0,0,0,0,1.14143392126786,0.0351272585232626,-0.0195786884184637
16.9909823774815,0.797011953285987,0.00729001749739356,-0.0120457286851691,-0.0067036894449175,0.015937046928444,-0.0248620210045878,0,0,0,0,0,0,0,0,0,1.14178423513096,0.034932152655377,-0.0194408101662534
17.0009829556907,0.797084256860441,0.00717001557784039,-0.0119531734183381,-0.00654555054406622,0.0156891516102453,-0.0247138238337052,0,0,0,0,0,0,0,0,0,1.14213260471715,0.0347384198382258,-0.0193040885608163
17.0109835338999,0.797155364983994,0.00705094207523207,-0.011860057466041,-0.00638988329387216,0.0154427488836268,-0.0245635233843511,0,0,0,0,0,0,0,0,0,1.14247904369988,0.0345460485605563,-0.0191685124955923
17.0209841121092,0.797225286969244,0.00693280255348201,-0.0117663895049619,-0.00623667266272593,0.0151978596788173,-0.0244111404778104,0,0,0,0,0,0,0,0,0,1.14282356563805,0.0343550274214923,-0.0190340710359058
17.0309846903184,0.797294032183999,0.00681560248900759,-0.0116721783567175,-0.00608590341075163,0.0149545047157749,-0.0242566963448623,0,0,0,0,0,0,0,0,0,1.1431661839771,0.0341653451284871,-0.0189007533733198
17.0409852685276,0.797361610050388,0.00669934726927737,-0.0115774329885597,-0.00593756009193008,0.0147127045000815,-0.024100212627766,0,0,0,0,0,0,0,0,0,1.14350691205005,0.0339769904968458,-0.0187685487193796
17.0509858467369,0.797428030043966,0.00658404219135112,-0.0114821625140788,-0.00579162705626388,0.0144724793188184,-0.0239417113822456,0,0,0,0,0,0,0,0,0,1.14384576307865,0.0337899524498033,-0.0186374464760121
17.0609864249461,0.797493301692807,0.0064696924604126,-0.0113863761939056,-0.00564808845198253,0.0142338492364214,-0.0237812150794757,0,0,0,0,0,0,0,0,0,1.14418275017437,0.0336042200146384,-0.018507436196671
17.0709870031553,0.797557434576571,0.00635630318829591,-0.0112900834364141,-0.00550692822779089,0.0139968340905151,-0.0236187466080668,0,0,0,0,0,0,0,0,0,1.14451788633948,0.033419782323529,-0.0183785074381413
17.0809875813645,0.797620438325569,0.00624387939200406,-0.0111932937984248,-0.0053681301351568,0.0137614534877298,-0.0234543292760503,0,0,0,0,0,0,0,0,0,1.1448511844681,0.0332366286126304,-0.0182506499165063
17.0909881595738,0.797682322619802,0.00613242599222148,-0.0110960169859065,-0.00523167773064356,0.0135277267994967,-0.0232879868128642,0,0,0,0,0,0,0,0,0,1.14518265734719,0.0330547482198104,-0.0181238534727346
17.100988737783,0.797743097187994,0.00602194781181821,-0.0109982628546795,-0.00509755437828241,0.0132956731578229,-0.0231197433713382,0,0,0,0,0,0,0,0,0,1.14551231765762,0.032874130584417,-0.0179981080665745
17.1109893159922,0.797802771806606,0.00591244957434835,-0.0109000414111185,-0.00496574325198851,0.0130653114510483,-0.0229496235296795,0,0,0,0,0,0,0,0,0,1.14584017797513,0.0326947652451346,-0.0178734036877487
17.1209898942015,0.797861356298834,0.00580393590254077,-0.0108013628128546,-0.00483622733801886,0.0128366603195808,-0.0227776522934573,0,0,0,0,0,0,0,0,0,1.14616625077135,0.032516641841528,-0.017749730473066
17.1309904724107,0.797918860533591,0.00569641131678269,-0.0107022373694784,-0.00470898943747267,0.0126097381516135,-0.0226038550975892,0,0,0,0,0,0,0,0,0,1.1464905484148,0.0323397501095573,-0.017627078719474
17.1409910506199,0.797975294424483,0.00558988023359702,-0.0106026755432427,-0.00458401216883617,0.0123845630788201,-0.0224282578083257,0,0,0,0,0,0,0,0,0,1.14681308317182,0.0321640798828593,-0.0175054387119593
17.1509916288292,0.798030667928754,0.00548434696411142,-0.0105026879497649,-0.00446127797056917,0.012161152972032,-0.0222508867252356,0,0,0,0,0,0,0,0,0,1.1471338672076,0.0319896210917056,-0.0173848009711484
17.1609922070384,0.79808499104623,0.0053798157125218,-0.0104022853587302,-0.00434076910373477,0.0119395254368945,-0.0220717685831922,0,0,0,0,0,0,0,0,0,1.14745291258705,0.0318163637593316,-0.0172651560135322
17.1709927852476,0.798138273818241,0.00527629057454746,-0.0103014786945934,-0.00422246765467391,0.0117196978095037,-0.0218909305543574,0,0,0,0,0,0,0,0,0,1.14777023127581,0.0316442980056898,-0.0171464944202184
17.1809933634568,0.798190526326526,0.00517377553588017,-0.0102002790372826,-0.00410635553772223,0.0115016871520241,-0.0217084002501683,0,0,0,0,0,0,0,0,0,1.14808583514121,0.0314734140424045,-0.0170288070096045
17.1909939416661,0.798241758692127,0.00507227447062545,-0.0100986976229012,-0.00399241449797272,0.0112855102482843,-0.0215242057233212,0,0,0,0,0,0,0,0,0,1.1483997359531,0.0313037021730709,-0.0169120845915014
17.2009945198753,0.798291981074267,0.00497179113973768,-0.00999674584443062,-0.00388062611407974,0.0110711835993559,-0.0213383754697583,0,0,0,0,0,0,0,0,0,1.14871194538485,0.0311351527931277,-0.0167963181080926
17.2109950980845,0.798341203669205,0.00487232918944728,-0.00989443525243326,-0.00377097180111002,0.0108587234191091,-0.021150938430652,0,0,0,0,0,0,0,0,0,1.14902247501423,0.0309677563873368,-0.0166814985959182
17.2209956762938,0.798389436709086,0.00477389214968165,-0.00979177755575482,-0.00366343281343731,0.0106481456297517,-0.0209619239943907,0,0,0,0,0,0,0,0,0,1.14933133632428,0.0308015035304164,-0.0165676171647852
17.230996254503,0.798436690460769,0.0046764834324784,-0.00968878462222747,-0.00355799024768047,0.0104394658573458,-0.0207713619985644,0,0,0,0,0,0,0,0,0,1.14963854070426,0.0306363848849428,-0.0164546650493862
17.2409968327122,0.798482975224637,0.00458010633039222,-0.00958546847937197,-0.00345462504568886,0.0102326994273061,-0.0205792827319494,0,0,0,0,0,0,0,0,0,1.14994409945046,0.0304723912009503,-0.0163426335582356
17.2509974109214,0.798528301333398,0.00448476401489412,-0.00948184131510076,-0.0033533179975703,0.0100278613598777,-0.0203857169364943,0,0,0,0,0,0,0,0,0,1.15024802376712,0.0303095133148549,-0.0162315140720031
17.2609979891307,0.798572679150864,0.0043904595347641,-0.00937791547842053,-0.00325404974476728,0.00982496636559398,-0.0201906958093044,0,0,0,0,0,0,0,0,0,1.15055032476724,0.0301477421490877,-0.0161212980418499
17.2709985673399,0.798616119070716,0.00429719581447639,-0.00927370348013461,-0.0031568007831754,0.00962402884071521,-0.0199942510046287,0,0,0,0,0,0,0,0,0,1.1508510134735,0.0299870687110513,-0.0160119770354973
17.2809991455491,0.798658631515253,0.00420497565257807,-0.0091692179935459,-0.00306155146630979,0.00942506286264686,-0.0197964146358429,0,0,0,0,0,0,0,0,0,1.15115010081906,0.029827484091832,-0.0159035428066068
17.2909997237584,0.798700226934126,0.00411380172006032,-0.0090644718551597,-0.00296828200851723,0.00922808218533797,-0.0195972192774373,0,0,0,0,0,0,0,0,0,1.15144759764839,0.0296689794637687,-0.0157959870772029
17.3010003019676,0.798740915803051,0.00402367655872293,-0.00895947806538612,-0.00287697248823421,0.0090331002346592,-0.0193966979670002,0,0,0,0,0,0,0,0,0,1.15174351471809,0.0295115460835169,-0.0156893015484789
17.3110008801768,0.798780708622512,0.00393460257953159,-0.00885424978924286,-0.00278760285128929,0.00884013010376368,-0.0191948842072041,0,0,0,0,0,0,0,0,0,1.15203786269776,0.0293551752894012,-0.0155834782549795
17.3210014583861,0.798819615916442,0.00384658206096807,-0.00874880035705787,-0.0027001529142559,0.00864918454842358,-0.0189918119677912,0,0,0,0,0,0,0,0,0,1.15233065217075,0.0291998584973953,-0.015478509262053
17.3310020365953,0.798857648230892,0.0037596171473737,-0.00864314326517193,-0.00261460236784869,0.00846027598235034,-0.0187875156875577,0,0,0,0,0,0,0,0,0,1.15262189363496,0.0290455872045262,-0.0153743865358738
17.3410026148045,0.798894816132678,0.00367370984728568,-0.00853729217664141,-0.00253093078036815,0.00827341647249425,-0.0185820302763408,0,0,0,0,0,0,0,0,0,1.15291159750369,0.0288923529874535,-0.0152711022439002
17.3510031930137,0.798931130208018,0.00358886203176589,-0.00843126092194101,-0.00244911760119157,0.00808861773432294,-0.0183753911170019,0,0,0,0,0,0,0,0,0,1.15319977410636,0.0287401474998637,-0.0151686486388224
17.361003771223,0.798966601061148,0.00350507543272376,-0.00832506349966646,-0.00236914216431222,0.00790589112708192,-0.0181676340674148,0,0,0,0,0,0,0,0,0,1.15348643368932,0.0285889624733717,-0.015067018077343
17.3710043494322,0.799001239312919,0.00342235164123074,-0.0082187140772369,-0.00229098369192535,0.0077252476490336,-0.0179587954624482,0,0,0,0,0,0,0,0,0,1.15377158641663,0.028438789714539,-0.014966203020809
17.3810049276414,0.799035055599385,0.00334069210582915,-0.00811222699159806,-0.00221462129806207,0.00754669793267707,-0.0177489121159524,0,0,0,0,0,0,0,0,0,1.15405524237076,0.0282896211057621,-0.0148661957934712
17.3910055058507,0.799068060570363,0.00326009813083265,-0.00800561674992418,-0.00214003399227169,0.00737025223994838,-0.0175380213227451,0,0,0,0,0,0,0,0,0,1.15433741155339,0.0281414486071264,-0.0147669890209708
17.4010060840599,0.79910026488799,0.00318057087462076,-0.00789889803032164,-0.00206720068335056,0.00719592045740106,-0.0173261608605952,0,0,0,0,0,0,0,0,0,1.15461810388619,0.027994264248524,-0.0146685753855638
17.4110066622691,0.799131679225247,0.00310211134792593,-0.00779208568253065,-0.00199610018312132,0.00702371209136517,-0.01711336899221,0,0,0,0,0,0,0,0,0,1.15489732921144,0.0278480601364037,-0.0145709475156671
17.4210072404784,0.79916231426448,0.00302472041211315,-0.00768519472862877,-0.00192671121025925,0.00685363626308926,-0.0168996844672192,0,0,0,0,0,0,0,0,0,1.15517509729293,0.027702828448098,-0.0144740982878027
17.4310078186876,0.799192180695892,0.00294839877745379,-0.00757824036373311,-0.001859012394168,0.00668570170385964,-0.0166851465241606,0,0,0,0,0,0,0,0,0,1.15545141781647,0.0275585614325333,-0.0143780205118879
17.4410083968968,0.79922128921603,0.00287314700139054,-0.00747123795670316,-0.00179298227890309,0.00651991675010181,-0.016469794892466,0,0,0,0,0,0,0,0,0,1.15572630039081,0.0274152514108519,-0.0142827071604686
17.451008975106,0.799249650526242,0.00279896548679736,-0.00736420305084331,-0.00172859932714586,0.00635628933846089,-0.0162536697944455,0,0,0,0,0,0,0,0,0,1.15599975454819,0.0272728907725377,-0.0141881512127511
17.4610095533153,0.799277275331126,0.00272585448023068,-0.00725715136460561,-0.00166584192422728,0.00619482700086282,-0.0160368119472734,0,0,0,0,0,0,0,0,0,1.15627178974513,0.0271314719791569,-0.0140943456357308
17.4710101315245,0.799304174336955,0.00265381407017481,-0.00715009879229262,-0.00160468838219741,0.00603553685955579,-0.015819262564974,0,0,0,0,0,0,0,0,0,1.15654241536311,0.0269909875608616,-0.0140012837163487
17.4810107097337,0.79933035825009,0.00258284418527945,-0.00704306140475994,-0.00154511694395035,0.00587842562213128,-0.0156010633604064,0,0,0,0,0,0,0,0,0,1.15681164070923,0.026851430113487,-0.0139089586176064
17.491011287943,0.799355837775374,0.00251294459259084,-0.00693605545011865,-0.00148710578739375,0.00572349957652481,-0.0153822565472497,0,0,0,0,0,0,0,0,0,1.15707947501687,0.0267127923039329,-0.0138173635205177
17.5010118661522,0.799380623614502,0.00244411489577533,-0.00682909735443845,-0.0014306330296722,0.00557076458599941,-0.0151628848419888,0,0,0,0,0,0,0,0,0,1.15734592744647,0.0265750668644224,-0.0137264920296685
17.5110124443614,0.799404726464382,0.00237635453333636,-0.00672220372245002,-0.00137567673143849,0.00542022608410485,-0.0149429914658994,0,0,0,0,0,0,0,0,0,1.15761100708605,0.0264382465897708,-0.0136363374154193
17.5210130225707,0.799428157015473,0.00230966277682425,-0.00661539133824767,-0.00132221490117615,0.00527188906962132,-0.0147226201470335,0,0,0,0,0,0,0,0,0,1.15787472295194,0.0263023243468017,-0.013546893038378
17.5310136007799,0.799450925950109,0.00224403872903877,-0.00650867716599236,-0.00127022549957356,0.00512575810148127,-0.0145018151222049,0,0,0,0,0,0,0,0,0,1.15813708398948,0.0261672930631261,-0.0134581526395137
17.5410141789891,0.799473043940796,0.00217948132222495,-0.00640207835061389,-0.00121968644394796,0.00498183729367036,-0.0142806211389735,0,0,0,0,0,0,0,0,0,1.15839809907355,0.0260331457307553,-0.0133701097736167
17.5510147571983,0.799494521648506,0.00211598931626197,-0.00629561221851388,-0.00117057561272013,0.00484013031011169,-0.0140590834576334,0,0,0,0,0,0,0,0,0,1.15865777700931,0.025899875406212,-0.0132827581669868
17.5610153354076,0.799515369720937,0.00205356129684435,-0.00618929627826851,-0.00112287084994134,0.00470064035952609,-0.0138372478531942,0,0,0,0,0,0,0,0,0,1.15891612653277,0.0257674752069888,-0.0131960915137315
17.5710159136168,0.799535598790765,0.00199219567365717,-0.0060831482213309,-0.0010765499698715,0.00456337019027652,-0.0136151606173702,0,0,0,0,0,0,0,0,0,1.15917315631143,0.0256359383157335,-0.0131101035723439
17.581016491826,0.799555219473874,0.00193189067854302,-0.00597718592273393,-0.00103159076160914,0.00442832208518961,-0.0133928685605625,0,0,0,0,0,0,0,0,0,1.15942887494495,0.0255052579747761,-0.0130247883899411
17.5910170700353,0.799574242367568,0.00187264436366341,-0.00587142744179315,-0.000987970993772097,0.00429549785635972,-0.0131704190138472,0,0,0,0,0,0,0,0,0,1.15968329096568,0.025375427485829,-0.0129401397155802
17.6010176482445,0.799592678048767,0.00181445459965147,-0.00576589102280896,-0.000945668419231993,0.00416489883993033,-0.0129478598309587,0,0,0,0,0,0,0,0,0,1.15993641283928,0.0252464402162481,-0.0128561514648328
17.6110182264537,0.799610537072181,0.00175731907375899,-0.00566059509576976,-0.000904660779899952,0.00403652589085928,-0.0127252393902761,0,0,0,0,0,0,0,0,0,1.16018824896545,0.0251182895894415,-0.0127728179612293
17.621018804663,0.799627829968463,0.00170123528799582,-0.00555555827705446,-0.000864925811565193,0.00391037937766013,-0.0125026065968084,0,0,0,0,0,0,0,0,0,1.16043880767832,0.024990969086301,-0.0126901332940712
17.6310193828722,0.799644567242354,0.00164620055726229,-0.00545079937013484,-0.00082644124878542,0.00378645917712691,-0.0122800108841787,0,0,0,0,0,0,0,0,0,1.1606880972472,0.0248644722484556,-0.0126080914843889
17.6410199610814,0.799660759370797,0.00159221200747495,-0.00534633736627881,-0.000789184829831591,0.00366476466903747,-0.0120575022166117,0,0,0,0,0,0,0,0,0,1.16093612587703,0.0247387926763835,-0.0125266867404818
17.6510205392906,0.799676416801042,0.00153926657368418,-0.00524219144525262,-0.000753134301684832,0.00354529473083651,-0.0118351310909171,0,0,0,0,0,0,0,0,0,1.16118290170912,0.0246139240275542,-0.0124459135419635
17.6610211174999,0.799691549948724,0.00148736099818669,-0.00513838097602376,-0.000718267425086433,0.00342804773230083,-0.0116129485384758,0,0,0,0,0,0,0,0,0,1.16142843282158,0.0244898600128601,-0.0123657660944847
17.6710216957091,0.799706169195926,0.00143649182862904,-0.00503492551746351,-0.000684561979641091,0.0033130215301819,-0.0113910061272254,0,0,0,0,0,0,0,0,0,1.1616727272299,0.0243665944056643,-0.0122862386747144
17.6810222739183,0.799720284889227,0.00138665541610523,-0.00493184481904967,-0.000651995768975178,0.00320021346283149,-0.0111693559636453,0,0,0,0,0,0,0,0,0,1.16191579288767,0.0242441210313326,-0.012207326049996
17.6910228521276,0.799733907337721,0.00133784791324715,-0.00482915882156938,-0.000620546625948321,0.00308962034480468,-0.0109480506947417,0,0,0,0,0,0,0,0,0,1.16215763768688,0.0241224337678872,-0.0121290227948655
17.7010234303368,0.79974704681103,0.00129006527230775,-0.00472688765782151,-0.000590192417917468,0.00298123846144536,-0.0107271435100332,0,0,0,0,0,0,0,0,0,1.16239826945865,0.0240015265492094,-0.0120513231459289
17.711024008546,0.799759713537282,0.00124330324323735,-0.00462505165331939,-0.000560911052057106,0.00287506356344999,-0.010506688143537,0,0,0,0,0,0,0,0,0,1.16263769597367,0.0238813933685961,-0.0119742215199653
17.7210245867552,0.799771917701084,0.00119755737175274,-0.00452367132699388,-0.000532680480733516,0.00277109086141391,-0.0102867388757522,0,0,0,0,0,0,0,0,0,1.16287592494291,0.0237620282715993,-0.0118977132007375
17.7310251649645,0.79978366944147,0.00115282299739944,-0.00442276739189534,-0.000505478706933571,0.00266931502035437,-0.0100673505356475,0,0,0,0,0,0,0,0,0,1.16311296401795,0.0236434253458462,-0.0118217928836581
17.7410257431737,0.799794978849824,0.00110909525160713,-0.00432236075589711,-0.000479283789747459,0.00256973015421647,-0.00984857850264501,0,0,0,0,0,0,0,0,0,1.16334882079152,0.0235255787429866,-0.0117464549183454
17.7510263213829,0.799805855967796,0.00106636905573729,-0.00422247252239742,-0.00045407384990806,0.00247232982035882,-0.00963047870860628,0,0,0,0,0,0,0,0,0,1.16358350279823,0.023408482663662,-0.0116716942005844
17.7610268995922,0.799816310785188,0.00102463911912491,-0.00412312399102261,-0.000429827075384498,0.00237710701401817,-0.00941310763981677,0,0,0,0,0,0,0,0,0,1.1638170175148,0.0232921313616123,-0.0115975056544672
17.7710274778014,0.799826353237821,0.000983899937111787,-0.00402433665832966,-0.000406521727031789,0.00228405416275525,-0.00919652233897239,0,0,0,0,0,0,0,0,0,1.16404937236091,0.023176519139003,-0.0115238845138024
17.7810280560106,0.79983599320539,0.000944145789074591,-0.00392613221850858,-0.000384136144294916,0.00219316312088035,-0.00898078040716407,0,0,0,0,0,0,0,0,0,1.16428057469933,0.0230616403449035,-0.0114508257898246
17.7910286342199,0.799845240509294,0.000905370736444019,-0.00382853256408552,-0.000362648750970224,0.002104425163859,-0.00876594000586371,0,0,0,0,0,0,0,0,0,1.16451063183671,0.0229474893812602,-0.0113783243022772
17.8010292124291,0.799854104910442,0.000867568620718545,-0.00373155978662522,-0.000342038061023037,0.00201783098269809,-0.00855205985890846,0,0,0,0,0,0,0,0,0,1.16473955102386,0.0228340607007537,-0.0113063750313123
17.8110297906383,0.799862596107047,0.000830733061469843,-0.00363523617743368,-0.000322282684459357,0.00193337067831233,-0.00833919925448705,0,0,0,0,0,0,0,0,0,1.16496733945646,0.0227213488057332,-0.0112349730394297
17.8210303688475,0.799870723732397,0.000794857454341866,-0.00353958422826087,-0.000303361333255731,0.00185103375586925,-0.00812741804712504,0,0,0,0,0,0,0,0,0,1.16519400427536,0.0226093482476349,-0.0111641135822351
17.8310309470568,0.799878497352604,0.000759934969042933,-0.00344462663200339,-0.000285252827345372,0.00177080911911736,-0.00791677665966928,0,0,0,0,0,0,0,0,0,1.16541955256728,0.0224980536237014,-0.0110937923906659
17.841031525266,0.799885926464334,0.000725958547330652,-0.00335038628340711,-0.000267936100662697,0.00169268506469116,-0.00770733608527447,0,0,0,0,0,0,0,0,0,1.165643991365,0.0223874595707552,-0.011024004397941
17.8510321034752,0.79989302049252,0.000692920900989602,-0.00325688627977007,-0.000251390207240854,0.00161664927639815,-0.00749915788938792,0,0,0,0,0,0,0,0,0,1.16586732764796,0.0222775607873804,-0.0109547443403403
17.8610326816845,0.799899788788049,0.000660814509802349,-0.00316414992164479,-0.000235594327371053,0.00154268881948667,-0.00729230421173467,0,0,0,0,0,0,0,0,0,1.16608956834293,0.0221683520156799,-0.010886008381535
17.8710332598937,0.799906240625435,0.000629631619513002,-0.00307220071354109,-0.000220527773815454,0.00147079013489126,-0.00708683776830333,0,0,0,0,0,0,0,0,0,1.16631072032417,0.0220598280309686,-0.0108177920741304
17.8810338381029,0.799912385200462,0.000599364239784447,-0.00298106236462906,-0.000206169998081734,0.00140093903346067,-0.00688282185333091,0,0,0,0,0,0,0,0,0,1.16653079041394,0.0219519836643028,-0.0107500899392544
17.8910344163122,0.799918231627821,0.000570004142147834,-0.00289075878944116,-0.000192500596751022,0.00133312069016547,-0.00668032034128888,0,0,0,0,0,0,0,0,0,1.16674978538313,0.0218448138005811,-0.01068289825587
17.9010349945214,0.799923788938713,0.000541542857945068,-0.00280131410857543,-0.000179499317867926,0.00126731963828446,-0.00647939768886725,0,0,0,0,0,0,0,0,0,1.1669677119517,0.0217383133452847,-0.0106162127728698
17.9110355727306,0.799929066078438,0.000513971676265462,-0.00271275264939795,-0.000167146067384744,0.00120351976357306,-0.00628011893696145,0,0,0,0,0,0,0,0,0,1.16718457678863,0.0216324772683393,-0.547390899030332
17.9210361509398,0.79993407190396,0.000487281641872991,-0.00262509894674518,-0.000155420915669335,0.00114170429841041,-0.00608254971265665,0,0,0,0,0,0,0,0,0,1.16740038651326,0.010789862351738,-1.08156132654282
17.9310367291491,0.799938815181458,0.000461463553129288,-0.00253837774362759,-0.000144304104066462,0.00108185581592761,-0.00588675623121384,0,0,0,0,0,0,0,0,0,1.16740038651326,0,-0.539461925400469
17.9410373073583,0.799943304583846,0.0004365079599076,-0.00245261399193108,-0.000133776051520734,0.00102395622411546,-0.00569280529805408,0,0,0,0,0,0,0,0,0,1.16740038651326,0,0
17.9510378855675,0.799947548688284,0.000412405161500318,-0.00236783285312063,-0.000123817361256606,0.00096798675991297,-0.00550076431074479,0,0,0,0,0,0,0,0,0,1.16740038651326,0,0
17.9610384637768,0.799951555973652,0.000389145204519922,-0.00228405969894251,-0.000114408827521673,0.000913927983274755,-0.00531070126098484,0,0,0,0,0,0,0,0,0,1.16740038651326,0,0
17.971039041986,0.799955334818022,0.000366717880792553,-0.00220132011212712,-0.000105531442384982,0.000861759771220964,-0.00512268473658985,0,0,0,0,0,0,0,0,0,1.16740038651326,0,0
17.9810396201952,0.799958893496095,0.000345112725243818,-0.00211963988709151,-9.71664025959385e-05,0.000811461311863833,-0.00493678392347775,0,0,0,0,0,0,0,0,0,1.16740038651326,0,0
17.9910401984045,0.79996224017662,0.000324319013779162,-0.00203904503064243,-8.92951165050448e-05,0.000763011098418118,-0.00475306860765384,0,0,0,0,0,0,0,0,0,1.16740038651326,0,0
18.0010407766137,0.799965382919798,0.000304325761156049,-0.00195956176267837,-8.18992110427352e-05,0.000716386923189035,-0.0045716091771958,0,0,0,0,0,0,0,0,0,1.16740038651326,0,0
18.0110413548229,0.799968329674654,0.000285121718849438,-0.00188121651689295,-7.4960538759633e-05,0.000671565871541763,-0.00439247662423973,0,0,0,0,0,0,0,0,0,1.16740038651326,0,0
18.0210419330321,0.799971088276396,0.000266695372909603,-0.001804035941477,-6.84611849249561e-05,0.000628524315849872,-0.00421574254696507,0,0,0,0,0,0,0,0,0,1.16740038651326,0,0
18.0310425112414,0.799973666443751,0.00024903494181451,-0.00172804689982147,-6.23834746887875e-05,0.00058723790942531,-0.00404147915158058,0,0,0,0,0,0,0,0,0,1.16740038651326,0,0
18.0410430894506,0.799976071776275,0.000232128374313592,-0.00165327647122028,-5.6709980303965e-05,0.000547681580427568,-0.00386975925430888,0,0,0,0,0,0,0,0,0,1.16740038651326,0,0
18.0510436676598,0.79997831175165,0.000215963347264939,-0.00157975195157284,-5.14235284065634e-05,0.000509829525753881,-0.00370065628337207,0,0,0,0,0,0,0,0,0,1.16740038651326,0,0
18.0610442458691,0.799980393722947,0.000200527263466088,-0.00150750085408644,-4.65072073608797e-05,0.000473655204907759,-0.00353424428097696,0,0,0,0,0,0,0,0,0,1.16740038651326,0,0
18.0710448240783,0.799982324915881,0.000185807249476935,-0.00143655090997946,-4.1944374663927e-05,0.000439131333848783,-0.00337059790530093,0,0,0,0,0,0,0,0,0,1.16740038651326,0,0
18.0810454022875,0.799984112426034,0.00017179015343631,-0.0013669300691838,-3.77186644139327e-05,0.000406229878824858,-0.00320979243247636,0,0,0,0,0,0,0,0,0,1.16740038651326,0,0
18.0910459804968,0.79998576321606,0.000158462542870733,-0.00129866650104713,-3.38139948360405e-05,0.000374922050179969,-0.00305190375857722,0,0,0,0,0,0,0,0,0,1.16740038651326,0,0
18.101046558706,0.799987284112869,0.000145810702497071,-0.00123178859503657,-3.02145758747652e-05,0.000345178296145068,-0.00289700840160322,0,0,0,0,0,0,0,0,0,1.16740038651326,0,0
18.1110471369152,0.799988681804787,0.000133820632017639,-0.00116632496144038,-2.6904916845677e-05,0.000316968296608931,-0.00274518350346574,0,0,0,0,0,0,0,0,0,1.16740038651326,0,0
18.1210477151244,0.799989962838694,0.000122478043907762,-0.001102304432071,-2.38698341524513e-05,0.000290260956869076,-0.00259650683197336,0,0,0,0,0,0,0,0,0,1.16740038651326,0,0
18.1310482933337,0.79999113361714,0.00011176836119782,-0.00103975606096801,-2.10944590605944e-05,0.000265024401361464,-0.00245105678281676,0,0,0,0,0,0,0,0,0,1.16740038651326,0,0
18.1410488715429,0.799992200395443,0.000101676715246649,-0.000978709125100292,-1.85642455423074e-05,0.00024122596737219,-0.00230891238155422,0,0,0,0,0,0,0,0,0,1.16740038651326,0,0
18.1510494497521,0.799993169278756,9.21879435088202e-05,-0.000919193125068956,-1.62649781773883e-05,0.000218832198728451,-0.00217015328559649,0,0,0,0,0,0,0,0,0,1.16740038651326,0,0
18.1610500279614,0.799994046219119,8.32865872949645e-05,-0.000861237785810246,-1.41827801211358e-05,0.000197808839468885,-0.00203485978619337,0,0,0,0,0,0,0,0,0,1.16740038651326,0,0
18.1710506061706,0.799994837012488,7.49568895241776e-05,-0.000804873057297651,-1.23041211331221e-05,0.000178120827496971,-0.00190311281041851,0,0,0,0,0,0,0,0,0,1.16740038651326,0,0
18.1810511843798,0.799995547295734,6.71827924703383e-05,-0.00075012911524524,-1.06158256719668e-05,0.000159732288209466,-0.00177499392315317,0,0,0,0,0,0,0,0,0,1.16740038651326,0,0
18.1910517625891,0.799996182543633,5.99479355010979e-05,-0.000697036361809662,-9.10508105200769e-06,0.000142606528110089,-0.0016505853290744,0,0,0,0,0,0,0,0,0,1.16740038651326,0,0
18.2010523407983,0.799996748065818,5.3235652809791e-05,-0.000645625426293403,-7.75944566669406e-06,0.000126706028402044,-0.00152996987463854,0,0,0,0,0,0,0,0,0,1.16740038651326,0,0
18.2110529190075,0.799997249003721,4.70289711403116e-05,-0.000595927165847162,-6.56685727104533e-06,0.000111992438557047,-0.00141323105006603,0,0,0,0,0,0,0,0,0,1.16740038651326,0,0
18.2210534972167,0.799997690327482,4.1310607505049e-05,-0.000547972666172648,-5.51564133352556e-06,9.84265698701671e-05,-0.00130045299132905,0,0,0,0,0,0,0,0,0,1.16740038651326,0,0
18.231054075426,0.799998076832846,3.60629668955392e-05,-0.00050179324222491,-4.59451945022948e-06,8.59683889902468e-05,-0.00119172048213479,0,0,0,0,0,0,0,0,0,1.16740038651326,0,0
18.2410546536352,0.799998413138025,3.12681399862874e-05,-0.00045742043891549,-3.7926178260983e-06,7.45770114333067e-05,-0.00108711895591162,0,0,0,0,0,0,0,0,0,1.16740038651326,0,0
18.2510552318444,0.799998703680549,2.69079008317769e-05,-0.000414886031815158,-3.099475815449e-06,6.4210695073833e-05,-0.000986734497793886,0,0,0,0,0,0,0,0,0,1.16740038651326,0,0
18.2610558100537,0.799998952714084,2.29637045564002e-05,-0.000374222027855805,-2.50505453430749e-06,5.48268336198025e-05,-0.000890653846608448,0,0,0,0,0,0,0,0,0,1.16740038651326,0,0
18.2710563882629,0.799999164305231,1.94166850362582e-05,-0.000335460666033846,-1.99974553549698e-06,4.63819500616421e-05,-0.000798964396859031,0,0,0,0,0,0,0,0,0,1.16740038651326,0,0
18.2810569664721,0.799999342330305,1.62476525760458e-05,-0.000298634418112942,-1.57437954681483e-06,3.88316901097962e-05,-0.000711754200710887,0,0,0,0,0,0,0,0,0,1.16740038651326,0,0
18.2910575446814,0.799999490472082,1.34370915771953e-05,-0.000263775989326055,-1.2202352802082e-06,3.21308156035561e-05,-0.00062911196997853,0,0,0,0,0,0,0,0,0,1.16740038651326,0,0
18.3010581228906,0.799999612216536,1.09651581994274e-05,-0.000230918319078732,-9.2904830090168e-07,2.6233197906316e-05,-0.000551127078108317,0,0,0,0,0,0,0,0,0,1.16740038651326,0,0
18.3110587010998,0.799999710849536,8.81167801554394e-06,-0.000200094581651297,-6.9301996902249e-07,2.1091811279946e-05,-0.000477889562165976,0,0,0,0,0,0,0,0,0,1.16740038651326,0,0
18.321059279309,0.799999789453534,6.95614365875397e-06,-0.000171338186901972,-5.04826441538597e-07,1.66587262359422e-05,-0.000409490124820666,0,0,0,0,0,0,0,0,0,1.16740038651326,0,0
18.3310598575183,0.799999850904221,5.37771246414409e-06,-0.000144682780969388,-3.57627745140032e-07,1.28851028700994e-05,-0.000346020136330498,0,0,0,0,0,0,0,0,0,1.16740038651326,0,0
18.3410604357275,0.799999897867165,4.05520410071136e-06,-0.000120162246974989,-2.45076914179299e-07,9.72118417649423e-06,-0.000287571636528289,0,0,0,0,0,0,0,0,0,1.16740038651326,0,0
18.3510610139367,0.799999932794417,2.96709819946894e-06,-9.78107057258461e-05,-1.61329195447202e-07,7.11628934203529e-06,-0.000234237336807115,0,0,0,0,0,0,0,0,0,1.16740038651326,0,0
18.361061592146,0.799999957921105,2.09153197157363e-06,-7.76625164179818e-05,-1.01051321255152e-07,5.01880701886913e-06,-0.000186110622104253,0,0,0,0,0,0,0,0,0,1.16740038651326,0,0
18.3710621703552,0.799999975261991,1.40629782192925e-06,-5.97522773377345e-05,-5.9430846327535e-08,3.37618858011358e-06,-0.000143285552888207,0,0,0,0,0,0,0,0,0,1.16740038651326,0,0
18.3810627485644,0.799999986608017,8.88840953977565e-07,-4.41148265659112e-05,-3.21855582186004e-08,2.13494135331213e-06,-0.000105856867143456,0,0,0,0,0,0,0,0,0,1.16740038651326,0,0
18.3910633267737,0.799999993522815,5.16256967786344e-07,-3.07852426790749e-05,-1.55729511230884e-08,1.24062183629644e-06,-7.39199823557093e-05,0,0,0,0,0,0,0,0,0,1.16740038651326,0,0
18.4010639049829,0.799999997339204,2.65289452711093e-07,-1.97988454531681e-05,-6.39976838190393e-09,6.37828889866847e-07,-4.7570997496138e-05,0,0,0,0,0,0,0,0,0,1.16740038651326,0,0
18.4110644831921,0.799999999155654,1.12327570300774e-07,-1.11911965661447e-05,-2.03161298895083e-09,2.70196913256665e-07,-2.69066950093211e-05,0,0,0,0,0,0,0,0,0,1.16740038651326,0,0
18.4210650614013,0.799999999832733,3.34036326238296e-08,-4.99810029986692e-06,-4.02627431395075e-10,8.03890017582812e-08,-1.2024542796675e-05,0,0,0,0,0,0,0,0,0,1.16740038651326,0,0
18.4310656396106,0.799999999989519,4.1906718650786e-09,-1.25560424354401e-06,-2.52434739778096e-11,1.00900768851275e-08,-3.0226962013033e-06,0,0,0,0,0,0,0,0,0,1.16740038651326,0,0
18.4410662178198,0.800000000000004,4.32986979603811e-15,3.63381200130242e-15,3.66373598126302e-15,5.52509427098613e-15,4.82253126321552e-15,0,0,0,0,0,0,0,0,0,1.16740038651326,0,0
