t,x,vx,ax,y,vy,ay,z,vz,az,roll,wx,alphax,pitch,wy,alphay,yaw,wz,alphaz

0,0,0,0,0,0,0,0,0,0,0,0,0,0,0,0,1.16742350477608,0,0
0.0100037548861281,6.72091515877065e-12,2.6856094344405e-09,8.04507317661529e-07,1.61844742952853e-11,6.46659867061288e-09,1.93687275143322e-06,0,0,0,0,0,0,0,0,0,1.16742350477608,0,0
0.0200075097722562,1.07255207794189e-10,2.14150848917577e-08,3.20408894918445e-06,2.58190311962704e-10,5.15426599427449e-08,7.70951487051823e-06,0,0,0,0,0,0,0,0,0,1.16742350477608,0,0
0.0300112646583843,5.41567677734396e-10,7.20409332057349e-08,7.17792848140215e-06,1.30324247723766e-09,1.73316386628491e-07,1.72612279382409e-05,0,0,0,0,0,0,0,0,0,1.16742350477608,0,0
0.0400150195445124,1.70716820410201e-09,1.70208045256551e-07,1.27053346686771e-05,4.10675983141892e-09,4.09310554126346e-07,3.05356671854969e-05,0,0,0,0,0,0,0,0,0,1.16742350477608,0,0
0.0500187744306405,4.15704106390539e-09,3.31354946503965e-07,1.97657411106023e-05,9.99671641620567e-09,7.96486043693372e-07,4.74768405824653e-05,0,0,0,0,0,0,0,0,0,1.16742350477608,0,0
0.0600225293167686,8.59758674453029e-09,5.70715044296302e-07,2.83387059297032e-05,2.06680380374578e-08,1.37124536660769e-06,6.8029107927983e-05,0,0,0,0,0,0,0,0,0,1.16742350477608,0,0
0.0700262842028967,1.58865762178779e-08,9.03317871955252e-07,3.84039114491387e-05,3.81770340582486e-08,2.16943617922131e-06,9.21371799389181e-05,0,0,0,0,0,0,0,0,0,1.16742350477608,0,0
0.0800300390890248,2.70311176438952e-08,1.34399032963646e-06,4.99411638704034e-05,6.49358643100781e-08,3.22635478890323e-06,0.000119746117339544,0,0,0,0,0,0,0,0,0,1.16742350477608,0,0
0.0900337939751529,4.31856354712436e-08,1.90735792196596e-06,6.29303929510284e-05,1.03707041031118e-07,4.57674965087291e-06,0.000150801329950915,0,0,0,0,0,0,0,0,0,1.16742350477608,0,0
0.100037548861281,6.56498619028518e-08,2.60784599245232e-06,7.73516516822838e-05,1.57597965740354e-07,6.25482485592407e-06,0.000185248575780237,0,0,0,0,0,0,0,0,0,1.16742350477608,0,0
0.110041303747409,9.58668406940983e-08,3.45968095467476e-06,9.31851159668791e-05,2.30055500956497e-07,8.29424360903871e-06,0.000223033960110244,0,0,0,0,0,0,0,0,0,1.16742350477608,0,0
0.120045058633537,1.35420943251372e-07,4.47689152024686e-06,0.000110411084296666,3.24860576670535e-07,1.07281316988916e-05,0.000264103934588571,0,0,0,0,0,0,0,0,0,1.16742350477608,0,0
0.130048813519665,1.8603589699875e-07,5.67330992355627e-06,0.000129009977430339,4.46122831480783e-07,1.3589080958245e-05,0.000308405296317129,0,0,0,0,0,0,0,0,0,1.16742350477608,0,0
0.140052568405793,2.49572825980551e-07,7.06257314328013e-06,0.000148962338071137,5.98275288299317e-07,1.69091527152337e-05,0.000355885186941477,0,0,0,0,0,0,0,0,0,1.16742350477608,0,0
0.150056323291921,3.28028303667496e-07,8.65812412067626e-06,0.000170248830544547,7.86069064538646e-07,2.07198812355403e-05,0.000406491091740199,0,0,0,0,0,0,0,0,0,1.16742350477608,0,0
0.16006007817805,4.23532417934232e-07,1.04732129746503e-05,0.000192850240476001,1.0145681166875e-06,2.50522771554611e-05,0.000460170838714273,0,0,0,0,0,0,0,0,0,1.16742350477608,0,0
0.170063833064178,5.38346848175958e-07,1.25208982135983e-05,0.000216747474468582,1.28914401918461e-06,2.99368309058619e-05,0.000516872597676452,0,0,0,0,0,0,0,0,0,1.16742350477608,0,0
0.180067587950306,6.74862954531912e-07,1.48140479440259e-05,0.000241921559780725,1.61547077749931e-06,3.54035161270247e-05,0.000576544879340631,0,0,0,0,0,0,0,0,0,1.16742350477608,0,0
0.190071342836434,8.35599879183442e-07,1.73653410759421e-05,0.000268353644003916,1.99951967532789e-06,4.14817930743838e-05,0.000639136534411226,0,0,0,0,0,0,0,0,0,1.16742350477608,0,0
0.200075097722562,1.02320265969443e-06,2.01872685250303e-05,0.000296024994740396,2.44755415581452e-06,4.82006120151533e-05,0.000704596752672544,0,0,0,0,0,0,0,0,0,1.16742350477608,0,0
0.21007885260869,1.24044035436182e-06,2.32921344115934e-05,0.000324916999280861,2.96612473670565e-06,5.55884166158439e-05,0.00077287506207816,0,0,0,0,0,0,0,0,0,1.16742350477608,0,0
0.220082607494818,1.49020417954392e-06,2.66920572562769e-05,0.000355011164282164,3.56206395934673e-06,6.36731473206711e-05,0.00084392132784029,0,0,0,0,0,0,0,0,0,1.16742350477608,0,0
0.230086362380946,1.7755056589344e-06,3.03989711725652e-05,0.000386289115445018,4.24248137143009e-06,7.24822447208528e-05,0.000917685751519164,0,0,0,0,0,0,0,0,0,1.16742350477608,0,0
0.240090117267074,2.09947478474947e-06,3.44246270560565e-05,0.000418732597191696,5.01475854340294e-06,8.20426529147972e-05,0.000994118870112402,0,0,0,0,0,0,0,0,0,1.16742350477608,0,0
0.250093872153202,2.46535819079629e-06,3.87805937705108e-05,0.000452323472343733,5.88654411844429e-06,9.23808228591823e-05,0.00107317155514439,0,0,0,0,0,0,0,0,0,1.16742350477608,0,0
0.26009762703933,2.87651733739004e-06,4.34782593306759e-05,0.000487043721799626,6.86574889591967e-06,0.000103522715710924,0.00115479501175563,0,0,0,0,0,0,0,0,0,1.16742350477608,0,0
0.270101381925459,3.33642670808771e-06,4.85288320818881e-05,0.000522875444212541,7.96054094822247e-06,0.000115493806160035,0.00123894077779217,0,0,0,0,0,0,0,0,0,1.16742350477608,0,0
0.280105136811587,3.84867201820604e-06,5.39433418764485e-05,0.000559800855668005,9.1793407709109e-06,0.000128319085753376,0.00132556072289492,0,0,0,0,0,0,0,0,0,1.16742350477608,0,0
0.290108891697715,4.41694843509171e-06,5.97326412467759e-05,0.000597802289361618,1.05308164660494e-05,0.000142023066209294,0.00141460704758905,0,0,0,0,0,0,0,0,0,1.16742350477608,0,0
0.300112646583843,5.04505881011112e-06,6.59074065753353e-05,0.000636862195276748,1.2023878958663e-05,0.000156629782723153,0.00150603228237336,0,0,0,0,0,0,0,0,0,1.16742350477608,0,0
0.310116401469971,5.73691192232791e-06,7.24781392613415e-05,0.000676963139862234,1.36676772462145e-05,0.000172162797263754,0.00159978928680967,0,0,0,0,0,0,0,0,0,1.16742350477608,0,0
0.320120156356099,6.49652073383563e-06,7.94551668842392e-05,0.000718087805710089,1.54715936810119e-05,0.000188645201860647,0.00169583124861216,0,0,0,0,0,0,0,0,0,1.16742350477608,0,0
0.330123911242227,7.32800065671352e-06,8.68486443639592e-05,0.0007602189912332,1.74452392854562e-05,0.00020609962188233,0.00179411168273679,0,0,0,0,0,0,0,0,0,1.16742350477608,0,0
0.340127666128355,8.23556783157313e-06,9.46685551179492e-05,0.000803339610343029,1.95984491000379e-05,0.000224548219305344,0.00189458443047062,0,0,0,0,0,0,0,0,0,1.16742350477608,0,0
0.350131421014483,9.22353741766333e-06,0.000102924712214982,0.000847432692127317,2.19412775639908e-05,0.000244012695974251,0.00199720365852124,0,0,0,0,0,0,0,0,0,1.16742350477608,0,0
0.360135175900611,1.02963218945017e-05,0.000111626759525737,0.000892481380527783,2.44839939285127e-05,0.000264514296852508,0.0021019238581061,0,0,0,0,0,0,0,0,0,1.16742350477608,0,0
0.37013893078674,1.1458429375e-05,0.000120784172870163,0.000938468934017829,2.72370777024616e-05,0.00028607381326423,0.00220869984404189,0,0,0,0,0,0,0,0,0,1.16742350477608,0,0
0.380142685672868,1.27144619300512e-05,0.000130406261161606,0.000985378725280237,3.02112141304353e-05,0.000308711586126842,0.00231748675383395,0,0,0,0,0,0,0,0,0,1.16742350477608,0,0
0.390146440558996,1.40691139245463e-05,0.000140502167547729,0.00103319424088487,3.34172897031449e-05,0.000332447509174619,0.0024282400467656,0,0,0,0,0,0,0,0,0,1.16742350477608,0,0
0.400150195445124,1.55271703647882e-05,0.000151080870548189,0.00108189908096639,3.686638769999e-05,0.000357301032173126,0.00254091550298754,0,0,0,0,0,0,0,0,0,1.16742350477608,0,0
0.410153950331252,1.70935052572706e-05,0.000162151185189107,0.00113147695890193,4.05697837637448e-05,0.000383291164124538,0.00265546922260721,0,0,0,0,0,0,0,0,0,1.16742350477608,0,0
0.42015770521738,1.87730799787899e-05,0.0001737217641343,0.00118191170098881,4.45389415072635e-05,0.00041043647646385,0.00277185762477817,0,0,0,0,0,0,0,0,0,1.16742350477608,0,0
0.430161460103508,2.05709416578571e-05,0.000185801098813299,0.00123318724612226,4.87855081521154e-05,0.000438755106245989,0.00289003744678949,0,0,0,0,0,0,0,0,0,1.16742350477608,0,0
0.440165214989636,2.24922215673786e-05,0.000198397520546138,0.00128528764547309,5.33213101990557e-05,0.000468264759323806,0.00300996574315508,0,0,0,0,0,0,0,0,0,1.16742350477608,0,0
0.450168969875764,2.45421335285725e-05,0.000211519201664915,0.00133819706216539,5.81583491302442e-05,0.000498982713516956,0.00313159988470311,0,0,0,0,0,0,0,0,0,1.16742350477608,0,0
0.460172724761892,2.67259723260886e-05,0.00022517415663214,0.00139189977095427,6.33087971431185e-05,0.000530925821771681,0.00325489755766537,0,0,0,0,0,0,0,0,0,1.16742350477608,0,0
0.470176479648021,2.90491121343004e-05,0.000239370243155847,0.00144638015790352,6.87849929158313e-05,0.000564110515311469,0.00337981676276662,0,0,0,0,0,0,0,0,0,1.16742350477608,0,0
0.480180234534149,3.15170049547357e-05,0.000254115163301487,0.00150162272006334,7.45994374041603e-05,0.000598552806778616,0.003506315814314,0,0,0,0,0,0,0,0,0,1.16742350477608,0,0
0.490183989420277,3.41351790646148e-05,0.000269416464600602,0.001557612065148,8.07647896698007e-05,0.000634268293366667,0.00363435333928639,0,0,0,0,0,0,0,0,0,1.16742350477608,0,0
0.500187744306405,3.69092374764629e-05,0.000285281541156262,0.00161433291121362,8.72938627399478e-05,0.000671272159943756,0.00376388827642376,0,0,0,0,0,0,0,0,0,1.16742350477608,0,0
0.510191499192533,3.98448564087649e-05,0.00030171763474529,0.00167177008633577,9.4199619498079e-05,0.00070957918216683,0.0038948798753166,0,0,0,0,0,0,0,0,0,1.16742350477608,0,0
0.520195254078661,4.29477837676313e-05,0.000318731835917257,0.00172990852828727,0.000101495168605844,0.00074920372958677,0.00402728769549522,0,0,0,0,0,0,0,0,0,1.16742350477608,0,0
0.530199008964789,4.62238376394409e-05,0.000336331085090252,0.00178873328421581,0.000109193760455975,0.000790159768744395,0.0041610716055192,0,0,0,0,0,0,0,0,0,1.16742350477608,0,0
0.540202763850917,4.96789047944302e-05,0.000354522173643435,0.00184822951032172,0.000117308783156117,0.000832460866257361,0.0042961917820667,0,0,0,0,0,0,0,0,0,1.16742350477608,0,0
0.550206518737045,5.33189392011951e-05,0.000373311745006352,0.0019083824715356,0.000125853758543499,0.000876120191897951,0.00443260870902388,0,0,0,0,0,0,0,0,0,1.16742350477608,0,0
0.560210273623173,5.71499605520754e-05,0.000392706295745042,0.0019691775411961,0.000134842338230347,0.000921150521661751,0.00457028317657423,0,0,0,0,0,0,0,0,0,1.16742350477608,0,0
0.570214028509301,6.11780527993867e-05,0.000412712176644908,0.00203060020072756,0.000144288299679951,0.000967564240827219,0.004709176280288,0,0,0,0,0,0,0,0,0,1.16742350477608,0,-0.481981633899427
0.58021778339543,6.54093627024698e-05,0.000433335593790369,0.00209263603931774,0.000154205542313287,0.00101537334700615,0.00484924942021153,0,0,0,0,0,0,0,0,0,1.16742350477608,-0.00964325225029078,-0.966070453162561
0.590221538281558,6.98500983855245e-05,0.000454582609641288,0.00215527075359551,0.000164608083646121,0.00106458945318501,0.00499046429995664,0,0,0,0,0,0,0,0,0,1.16723056731245,-0.0193286640323379,-0.488315009363404
0.600225293167686,7.45065279061951e-05,0.000476459144106171,0.00221849014730855,0.000175510055456483,0.00111522379075719,0.00513278292578998,0,0,0,0,0,0,0,0,0,1.16703678634157,-0.0194132195720685,-0.00847609899204787
0.610229048053814,7.93849778348766e-05,0.000498970975612149,0.00228228013100109,0.000186925699982431,0.00116728721254615,0.00527616760572246,0,0,0,0,0,0,0,0,0,1.16684215713215,-0.0194982496657519,-0.00852369729790275
0.620232802939942,8.4491831844708e-05,0.000522123742171728,0.00234662672169154,0.000198869366150017,0.00122079019581939,0.00542058094859857,0,0,0,0,0,0,0,0,0,1.16664667492084,-0.019583757529052,-0.00857161831136029
0.63023655782607,8.98335293122208e-05,0.000545922942446324,0.00241151604255026,0.000211355505831352,0.00127574284529342,0.00556598586318577,0,0,0,0,0,0,0,0,0,1.16645033491201,-0.0196697464028805,-0.00861986456905685
0.640240312712198,9.54165639286119e-05,0.000570373936806565,0.00247693432257722,0.000224398670132692,0.00133215489612952,0.00571234555726387,0,0,0,0,0,0,0,0,0,1.16625313227747,-0.0197562195536529,-0.00866843863311759
0.650244067598326,0.000101247482321605,0.000595481948389374,0.00254286789627972,0.000238013505712441,0.00139003571692044,0.00585962353671441,0,0,0,0,0,0,0,0,0,1.16605506215623,-0.0198431802735428,-0.00871734308729979
0.660247822484454,0.000107332882687875,0.000621252064151826,0.00260930320335008,0.000252214751128994,0.00144939431266801,0.00600778360461001,0,0,0,0,0,0,0,0,0,1.16585611965423,-0.0199306318806602,-0.00876658053480277
0.670251577370582,0.000113679413435992,0.00064768923592178,0.00267622678834335,0.000267017233218318,0.00151023932775155,0.00615678986030377,0,0,0,0,0,0,0,0,0,1.16565629984411,-0.0200185777192621,-0.00881615360542963
0.680255332256711,0.000120293771839868,0.000674798281445289,0.00274362530035501,0.000282435863501181,0.00157257904888732,0.00630660669851862,0,0,0,0,0,0,0,0,0,1.16545559776489,-0.0201070211600745,-0.0088660649550594
0.690259087142839,0.000127182702702656,0.000702583885430786,0.00281148549269867,0.000298485634619941,0.00163642140807868,0.00645719880843673,0,0,0,0,0,0,0,0,0,1.16525400842175,-0.0201959656004919,-0.00891631725732159
0.700262842028967,0.000134352997031088,0.000731050600590042,0.00287979422258378,0.000315181616804809,0.00170177398555729,0.00660853117278884,0,0,0,0,0,0,0,0,0,1.16505152678577,-0.0202854144647329,-0.0089669132113612
0.710266596915095,0.000141811490720204,0.000760202848675905,0.00294853845079332,0.00033253895436948,0.00176864401271515,0.00676056906694366,0,0,0,0,0,0,0,0,0,1.16484814779362,-0.0203753712041952,-0.00901785554294854
0.720270351801223,0.000149565063248449,0.000790044921516809,0.0030177052413615,0.000350572862236058,0.00183703837502748,0.00691327805799725,0,0,0,0,0,0,0,0,0,1.16464386634729,-0.0204658392976333,-0.00906914699948783
0.730274106687351,0.000157620636383102,0.000820580982048063,0.00308728176125147,0.000369298622489168,0.00190696361496657,0.00706662400386235,0,0,0,0,0,0,0,0,0,1.16443867731387,-0.0205568222514135,-0.00912079035444762
0.740277861573479,0.000165985172896003,0.00085181506533992,0.00315725528003301,0.000388731580959176,0.00197842593490646,0.00722057305235783,0,0,0,0,0,0,0,0,0,1.16423257552521,-0.0206483235997806,-0.00917278840461642
0.750281616459607,0.000174665675289556,0.000883751079622407,0.00322761316956027,0.000408887143834422,0.00205143120001855,0.00737509164029798,0,0,0,0,0,0,0,0,0,1.16402555577767,-0.0207403469050577,-0.00922514397337957
0.760285371345735,0.00018366918453296,0.000916392807306946,0.0032983429036494,0.000429780774302374,0.0021259849411581,0.00753014649258196,0,0,0,0,0,0,0,0,0,1.16381761283183,-0.0208328957579784,-0.00927785990852939
0.770289126231863,0.000193002778808647,0.000949743906004749,0.00336943205775633,0.000451427989219605,0.00220209235774156,0.00768570462128311,0,0,0,0,0,0,0,0,0,1.16360874141221,-0.0209259737778432,-0.00933093908118357
0.780292881117991,0.000202673572268894,0.000983807909541974,0.00344086830865441,0.000473844355810523,0.00227975832061488,0.00784173332473837,0,0,0,0,0,0,0,0,0,1.16339893620697,-0.0210195846128296,-0.00938438439294526
0.79029663600412,0.000212688713802569,0.00101858822897168,0.00351263943411216,0.000497045488394735,0.00235898737491263,0.00799820018663763,0,0,0,0,0,0,0,0,0,1.16318819186766,-0.0211137319402917,-0.00943819876872059
0.800300390890248,0.000223055385811989,0.00105408815358254,0.00358473331257092,0.000521047045142975,0.00243978374290809,0.0081550730751131,0,0,0,0,0,0,0,0,0,1.16297650300885,-0.0212084194669272,-0.00949238515837662
0.810304145776376,0.00023378080299985,0.00109031085190432,0.0036571379228226,0.000545864724861498,0.00252215132685414,0.00831232014182872,0,0,0,0,0,0,0,0,0,1.16276386420792,-0.0213036509291099,-0.00954694654007044
0.820307900662504,0.000244872211166202,0.00112725937271019,0.00372984134368735,0.000571514263804843,0.00260609371181511,0.00846990982106949,0,0,0,0,0,0,0,0,0,1.1625502700047,-0.0213994300931229,-0.00960188591802932
0.830311655548632,0.000256336886015432,0.00116493664601573,0.00380283175369128,0.000598011432516888,0.00269161416848951,0.00862781082883086,0,0,0,0,0,0,0,0,0,1.16233571490121,-0.021495760755447,-0.00965720632532494
0.84031541043476,0.000268182131973226,0.00120334548407477,0.00387609743074416,0.000625372032700087,0.0027787156560236,0.0087859921619081,0,0,0,0,0,0,0,0,0,1.16212019336132,-0.0215926467430495,-0.00971291081998383
0.850319165320888,0.000280415281013476,0.00124248858237197,0.00394962675181711,0.000653611894112817,0.00286740082481592,0.0089444230969857,0,0,0,0,0,0,0,0,0,1.16190369981049,-0.0216900919135949,-0.00976900248723694
0.860322920207016,0.000293043691495103,0.00128236852061223,0.00402340819262029,0.000682746871494728,0.00295767201931267,0.00910307318972672,0,0,0,0,0,0,0,0,0,1.1616862286354,-0.0217881001557781,-0.00982548444223912
0.870326675093144,0.000306074747008759,0.00132298776370681,0.00409743032728064,0.000712792841520019,0.00304953128079399,0.00926191227386216,0,0,0,0,0,0,0,0,0,1.1614677741837,-0.0218866753895901,-0.00988235982621476
0.880330429979272,0.000319515855233378,0.00136434866275625,0.00417168182801957,0.000743765699778532,0.00314298035015112,0.00942091046028034,0,0,0,0,0,0,0,0,0,1.16124833076366,-0.0219858215665741,-0.00993963181037283
0.890334184865401,0.000333374446802546,0.00140645345603009,0.00424615146483062,0.000775681357784594,0.00323802067065446,0.00958003813611629,0,0,0,0,0,0,0,0,0,1.16102789264386,-0.0220855426701688,-0.0099973035964062
0.900337939751529,0.000347657974180654,0.00144930426994334,0.00432082810515722,0.000808555740013496,0.00333465339071254,0.00973926596384108,0,0,0,0,0,0,0,0,0,1.16080645405286,-0.0221858427159754,-0.0100553784109747
0.910341694637657,0.000362373910548801,0.00149290312002974,0.00439570071357035,0.000842404780965529,0.00343287936662181,0.00989856488035126,0,0,0,0,0,0,0,0,0,1.16058400917891,-0.0222867257519901,-0.0101138595095825
0.920345449523785,0.000377529748700424,0.00153725191191175,0.00447075835144627,0.000877244422257482,0.00353269916530744,0.0100579060960582,0,0,0,0,0,0,0,0,0,1.16036055216959,-0.0223881958589486,-0.0101727501799062
0.930349204409913,0.000393132999946607,0.00158235244226743,0.00454599017664421,0.000913090609741515,0.00363411306705489,0.0102172610939774,0,0,0,0,0,0,0,0,0,1.16013607713148,-0.0224902571506253,-0.010232053739576
0.940352959296041,0.000409191193031052,0.00162820639979393,0.00462138544318404,0.00094995929065131,0.00373712106823242,0.0103766016288179,0,0,0,0,0,0,0,0,0,1.15991057812987,-0.0225929137741334,-0.0102917735372845
0.950356714182169,0.000425711873054672,0.00167481536616792,0.00469693350092404,0.000987866410775415,0.00384172288400454,0.010535899726072,0,0,0,0,0,0,0,0,0,1.15968404918836,-0.0226961699102464,-0.0103519129488986
0.960360469068297,0.000442702600409772,0.00172218081700267,0.00477262379523855,0.00102682791165768,0.00394791795103622,0.0106951276811038,0,0,0,0,0,0,0,0,0,1.1594564842886,-0.02280002977362,-0.010412475379709
0.970364223954425,0.000460170949723791,0.00177030412280199,0.00484844586669567,0.0010668597278247,0.00405570543018817,0.0108542580582394,0,0,0,0,0,0,0,0,0,1.15922787736986,-0.0229044976131593,-0.0104734642710364
0.980367978840553,0.000478124508812574,0.0018191865499109,0.00492438935073499,0.00110797778404021,0.00416508420920281,0.011013263689856,0,0,0,0,0,0,0,0,0,1.15899822232877,-0.0230095777123722,-0.0105348830935684
0.990371733726682,0.000496570877643129,0.00186882926146309,0.00500044397734528,0.00115019799258623,0.00427605290538133,0.0111721176754711,0,0,0,0,0,0,0,0,0,1.15876751301892,-0.0231152743896034,-0.0105967353491383
1.00037548861281,0.000515517667305858,0.00191923331832514,0.00507659957074218,0.00119353625057101,0.00438860986825145,0.0113307933808321,0,0,0,0,0,0,0,0,0,1.15853574325053,-0.023221591998424,-0.0106590245711717
1.01037924349894,0.000534972498996208,0.00197039968003758,0.00515284604904592,0.0012380084372636,0.00450275318222625,0.0114892644370054,0,0,0,0,0,0,0,0,0,1.15830290679009,-0.0233285349278738,-0.0107217543240805
1.02038299838507,0.000554943003005722,0.00202232920575261,0.00522917342395902,0.00128363041145498,0.00461848066925373,0.0116475047394662,0,0,0,0,0,0,0,0,0,1.15806899735999,-0.0234361076028388,-0.0107849282094975
1.03038675327119,0.000575436817722459,0.00207502265516871,0.00530557180044395,0.00133041800884559,0.00473578989145737,0.0118054884471876,0,0,0,0,0,0,0,0,0,1.1578340086382,-0.0235443144844185,-0.0108485498568435
1.04039050815732,0.000596461588640744,0.00212848068946195,0.0053820313764009,0.00137838703945935,0.00485467815376756,0.0119631899817298,0,0,0,0,0,0,0,0,0,1.15759793425786,-0.0236531600701144,-0.0109126229304332
1.05039426304345,0.000618024967380218,0.00218270387221412,0.00545854244234543,0.00142755328508383,0.00497514250654387,0.0121205840263298,0,0,0,0,0,0,0,0,0,1.15736076780695,-0.02376264889434,-0.0109771511305705
1.06039801792958,0.000640134610714156,0.00223769267033762,0.0055350953810862,0.00147793249673668,0.00509717974818824,0.0122776455249907,0,0,0,0,0,0,0,0,0,1.15712250282789,-0.0238727855286308,-0.0110421381870628
1.07040177281571,0.000662798179607028,0.00229344745499712,0.00561168066740266,0.00152954039215815,0.0052207864277491,0.0124343496815711,0,0,0,0,0,0,0,0,0,1.1568831328172,-0.0239835745820243,-0.0111075878674376
1.08040552770183,0.000686023338261254,0.002349968502528,0.00568828886772274,0.00158239265332962,0.00534595884751635,0.0125906719588741,0,0,0,0,0,0,0,0,0,1.15664265122507,-0.0240950207014348,-0.0111735039729528
1.09040928258796,0.000709817753173136,0.00240725599535157,0.00576491063980056,0.00163650492401797,0.00547269306560715,0.0127465880777374,0,0,0,0,0,0,0,0,0,1.15640105145505,-0.0242071285719535,-0.0112398903393229
1.10041303747409,0.000734189092197932,0.00246531002288704,0.00584153673239416,0.00169189280734592,0.00560098489854276,0.0129020740161217,0,0,0,0,0,0,0,0,0,1.15615832686361,-0.0243199029172379,-0.0113067508367073
1.11041679236022,0.000759145023624032,0.00252413058246035,0.00591815798494316,0.00174857186338792,0.00573082992381617,0.0130571060082012,0,0,0,0,0,0,0,0,0,1.15591447075977,-0.0244333484998114,-0.0113740893712679
1.12042054724635,0.00078469321525621,0.00258371758020965,0.00599476532724648,0.00180655760679187,0.0058622234824506,0.0132116605434521,0,0,0,0,0,0,0,0,0,1.15566947640473,-0.024547470121484,-0.0114419098868315
1.13042430213247,0.000810841333507923,0.00264407083198763,0.00607134977914004,0.0018658655044262,0.00599516068154894,0.0133657143657422,0,0,0,0,0,0,0,0,0,1.15542333701143,-0.0246622726236854,-0.0115102163627782
1.1404280570186,0.000837597042502616,0.00270519006426066,0.00614790245017446,0.00192651097305258,0.00612963639683409,0.0135192444724205,0,0,0,0,0,0,0,0,0,1.15517604574421,-0.0247777608878431,-0.0115790128129347
1.15043181190473,0.000864968003184006,0.00276707491500463,0.00622441453929276,0.00198850937702388,0.00626564527518016,0.0136722281134064,0,0,0,0,0,0,0,0,0,1.15492759571834,-0.0248939398356933,-0.011648303288793
1.16043556679086,0.000892961872435311,0.00282972493459756,0.00630087733450807,0.00205187602600745,0.00640318173713454,0.013824642790279,0,0,0,0,0,0,0,0,0,1.15467797999967,-0.0250108144297238,-0.0117180918833778
1.17043932167699,0.0009215863022074,0.00289313958670912,0.00637728221258132,0.00211662617273357,0.00654223997943092,0.0139764662553667,0,0,0,0,0,0,0,0,0,1.15442719160422,-0.0251283896735622,-0.0117883827242143
1.18044307656312,0.000950848938655814,0.00295731824918674,0.00645362063869897,0.00218277501076906,0.00668281397749316,0.0141276765108363,0,0,0,0,0,0,0,0,0,1.15417522349772,-0.0252466706122777,-0.0118591799743298
1.19044683144924,0.000980757421286639,0.00302226021493861,0.00652988416615066,0.00225033767231575,0.00682489748793004,0.0142782518077826,0,0,0,0,0,0,0,0,0,1.15392206859523,-0.0253656623327895,-0.0119304878399056
1.20045058633537,0.0010113193821112,0.00308796469281345,0.00660606443600695,0.00231932922603401,0.00696848405102095,0.0144281706453177,0,0,0,0,0,0,0,0,0,1.15366771976072,-0.0254853699643224,-0.0120023105654666
1.2104543412215,0.00104254244480955,0.00315443080847704,0.00668215317679702,0.00238976467489104,0.00711356699319243,0.0145774117696603,0,0,0,0,0,0,0,0,0,1.15341216980662,-0.0256057986787178,-0.0120746524299854
1.22045809610763,0.00107443422390267,0.00322165760528547,0.00675814220418635,0.00246165895403383,0.00726013942948557,0.0147259541732251,0,0,0,0,0,0,0,0,0,1.15315541149342,-0.0257269536908119,-0.0121475177578637
1.23046185099376,0.00110700232393345,0.0032896440451553,0.00683402342065445,0.0025350269286869,0.00740819426601441,0.0148737770937125,0,0,0,0,0,0,0,0,0,1.15289743752924,-0.0258488402589669,-0.012220910914493
1.24046560587988,0.0011402543386563,0.00335838900943033,0.00690978881517255,0.00260988339207442,0.00755772420241511,0.0150208600131972,0,0,0,0,0,0,0,0,0,1.15263824056934,-0.0259714636853595,-0.0122948362997129
1.25046936076601,0.00117419785023545,0.0034278912997453,0.00698543046288127,0.00268624306336693,0.00770872173428606,0.0151671826572185,0,0,0,0,0,0,0,0,0,1.15237781321575,-0.0260948293163817,-0.0123692983550223
1.26047311565214,0.0012088404284519,0.00349814963888624,0.00706094052476838,0.00276412058565234,0.00786117915561892,0.015312724993869,0,0,0,0,0,0,0,0,0,1.15211614801679,-0.0262189425430735,-0.0124443015679034
1.27047687053827,0.00124418962991886,0.00356916267164769,0.00713631124734646,0.00284353052393121,0.00801508856122046,0.0154574672328843,0,0,0,0,0,0,0,0,0,1.15185323746661,-0.0263438088016104,-0.0125198504673673
1.2804806254244,0.00128025299730587,0.00364092896568664,0.00721153496233061,0.00292448736313627,0.00817044184912541,0.0156013898247321,0,0,0,0,0,0,0,0,0,1.15158907400475,-0.0264694335736466,-0.0125959496208147
1.29048438031052,0.00131703805857138,0.00371344701237327,0.00728660408631617,0.00300700550617596,0.00832723072300003,0.015744473459702,0,0,0,0,0,0,0,0,0,1.15132365001571,-0.0265958223867397,-0.0126726036378044
1.30048813519665,0.00135455232620383,0.00378671522763845,0.00736151112045638,0.003091099272002,0.00848544669453678,0.0158866990669946,0,0,0,0,0,0,0,0,0,1.15105695782845,-0.0267229808147699,-0.0127498171738168
1.31049189008278,0.00139280329647121,0.00386073195281803,0.00743624865014014,0.0031767828937009,0.0086450810858397,0.0160280478138107,0,0,0,0,0,0,0,0,0,1.15078898971592,-0.0268509144784393,-0.0128275949287814
1.32049564496891,0.00143179844867902,0.00393549545549392,0.00751080934466966,0.0032640705166092,0.0088061250318008,0.016168501104441,0,0,0,0,0,0,0,0,0,1.15051973789463,-0.026979629045662,-0.0129059416426249
1.33049939985504,0.00147154524443666,0.00401100393033187,0.00758518595693817,0.00335297619645258,0.00896856948246725,0.0163080405793554,0,0,0,0,0,0,0,0,0,1.15024919452414,-0.0271091302319743,-0.0129848621018101
1.34050315474116,0.00151205112693218,0.00408725549991615,0.00765937132310766,0.00344351389750842,0.00913240520539952,0.0164466481142923,0,0,0,0,0,0,0,0,0,1.14997735170659,-0.0272394238010554,-0.0130643611382242
1.35050690962729,0.00155332352021534,0.0041642482155809,0.00773335836228654,0.00353569749079211,0.00929762278802042,0.0165843058193478,0,0,0,0,0,0,0,0,0,1.14970420148625,-0.0273705155651156,-0.01314444362597
1.36051066451342,0.001595369828489,0.00424198005823829,0.00780714007620736,0.00362954075226661,0.00946421263995497,0.0167209960380657,0,0,0,0,0,0,0,0,0,1.14942973584895,-0.0275024113853528,-0.0132251144880253
1.37051441939955,0.00163819743540876,0.00432044893920349,0.00788070954890449,0.00372505736107555,0.0096321649953612,0.016856701346526,0,0,0,0,0,0,0,0,0,1.14915394672169,-0.027635117172474,-0.0133063786927928
1.38051817428568,0.00168181370339083,0.00439965270101634,0.00795405994639187,0.00382226089779947,0.00980146991525185,0.016991404552435,0,0,0,0,0,0,0,0,0,1.14887682597207,-0.0277686388870822,-0.0133882412524187
1.39052192917181,0.00172622597292812,0.00447958911825988,0.00802718451634065,0.0039211648427353,0.00997211728980693,0.0171250886942142,0,0,0,0,0,0,0,0,0,1.1485983654078,-0.0279029825401651,-0.0134707072296485
1.40052568405793,0.00177144156191453,0.00456025589837561,0.00810007658775694,0.00402178257419895,0.0101440968406772,0.01725773704009,0,0,0,0,0,0,0,0,0,1.14831855677622,-0.0280381541936186,-0.0135537817332689
1.41052943894406,0.00181746776497728,0.00464165068247552,0.00817272957065949,0.00412412736685084,0.0103173981232785,0.017389333087183,0,0,0,0,0,0,0,0,0,1.14803739176377,-0.0281741599606445,-0.01363746992131
1.42053319383019,0.00186431185281749,0.00472377104615091,0.0082451369557574,0.00422821239004437,0.0104920105290771,0.0175198605605972,0,0,0,0,0,0,0,0,0,1.14775486199548,-0.0283110060063381,-0.0137217769984733
1.43053694871632,0.0019119810715587,0.00480661450027799,0.00831729231412781,0.0043340507061972,0.0106679232878655,0.0176493034125094,0,0,0,0,0,0,0,0,0,1.14747095903444,-0.0284486985480342,-0.0138067082166723
1.44054070360245,0.00196048264210351,0.00489017849182026,0.0083891892968936,0.00444165526918528,0.0108451254700301,0.0177776458212589,0,0,0,0,0,0,0,0,0,1.14718567438127,-0.0285872438559059,-0.0138922688826735
1.45054445848857,0.00200982375949825,0.00497446040462764,0.00846082163490111,0.00455103892275944,0.0110236059888084,0.0179048721904365,0,0,0,0,0,0,0,0,0,1.14689899947363,-0.0287266482534631,-0.0139784643486648
1.4605482133747,0.00206001159230552,0.00505945756023239,0.00853218313839785,0.00466221439898461,0.0112033536025382,0.0180309671479739,0,0,0,0,0,0,0,0,0,1.14661092568562,-0.0288669181179629,-0.014065300019592
1.47055196826083,0.0021110532819848,0.00514516721864181,0.00860326769671014,0.00477519431670142,0.0113843569168973,0.0181559155452335,0,0,0,0,0,0,0,0,0,1.14632144432729,-0.0290080598810548,-0.0141527813503884
1.48055572314696,0.00216295594228092,0.00523158657912775,0.0086740692779209,0.00488999118001024,0.011566604387134,0.0182797024560972,0,0,0,0,0,0,0,0,0,1.14603054664407,-0.0291500800291354,-0.0142409138458464
1.49055947803309,0.00221572665862038,0.00531871278101278,0.00874458192854726,0.00500661737677737,0.0117500843202886,0.018402313176056,0,0,0,0,0,0,0,0,0,1.14573822381624,-0.0292929851039914,-0.0143297030667016
1.50056323291921,0.00226937248751558,0.0054065429044533,0.00881479977321835,0.00512508517716354,0.0119347848774056,0.0185237332212996,0,0,0,0,0,0,0,0,0,1.14544446695835,-0.029436781703276,-0.0144191546237407
1.51056698780534,0.00232390045597683,0.00549507397121928,0.00888471701435294,0.0052454067321744,0.0121206940757375,0.0186439483278055,0,0,0,0,0,0,0,0,0,1.14514926711865,-0.0295814764810336,-0.0145092741810021
1.52057074269147,0.00237931756093215,0.00558430294547088,0.00895432793183716,0.00536759407223304,0.0123077997909381,0.0187629444504284,0,0,0,0,0,0,0,0,0,1.14485261527858,-0.0297270761482407,-0.0146000674539805
1.5305744975776,0.00243563076865482,0.00567422673453177,0.0090236268827022,0.00549165910577443,0.0124960897592484,0.0188807077619897,0,0,0,0,0,0,0,0,0,1.14455450235212,-0.0298735874732947,-0.0146915402159392
1.54057825246373,0.0024928470141987,0.00576484218965925,0.00909260830080203,0.00561761361786164,0.0126855515796719,0.0189972246523668,0,0,0,0,0,0,0,0,0,1.14425491918527,-0.0300210172826806,-0.0147836982956778
1.55058200734985,0.00255097320084112,0.00585614610681122,0.00916126669649107,0.0057454692688238,0.0128761727161417,0.0191124817275824,0,0,0,0,0,0,0,0,0,1.14395385655546,-0.0301693724614155,-0.014876547571299
1.56058576223598,0.00261001619953357,0.00594813522740977,0.0092295966563019,0.0058752375929157,0.0130679404996784,0.0192264658088941,0,0,0,0,0,0,0,0,0,1.14365130517093,-0.0303186599535908,-0.0149700939801898
1.57058951712211,0.0026699828483599,0.00604080623910171,0.00929759284262299,0.00600692999699891,0.0132608421305381,0.0193391639318834,0,0,0,0,0,0,0,0,0,1.14334725567016,-0.0304688867630158,-0.0150643435186008
1.58059327200824,0.00273087995200218,0.00613415577651575,0.00936524999337638,0.00614055775924434,0.0134548646803526,0.0194505633455455,0,0,0,0,0,0,0,0,0,1.14304169862127,-0.0306200599537518,-0.0151593022349922
1.59059702689437,0.00279271428121408,0.00622818042201653,0.00943256292169535,0.00627613202785621,0.0136499950942592,0.0195606515113784,0,0,0,0,0,0,0,0,0,1.1427346245214,-0.030772186650623,-0.0152549762371104
1.6006007817805,0.0028554925723018,0.00632287670645542,0.0094995265156022,0.00641366381981723,0.0138462201930224,0.0196694161024724,0,0,0,0,0,0,0,0,0,1.14242602379614,-0.0309252740398914,-0.0153513716936316
1.61060453666662,0.00291922152661247,0.00641824110991804,0.00956613573768586,0.00655316401965496,0.0140435266751457,0.0197768450025992,0,0,0,0,0,0,0,0,0,1.14211588679884,-0.0310793293698008,-0.0154484948271735
1.62060829155275,0.00298390781003005,0.00651427006246863,0.00963238562477967,0.00669464337822931,0.0142419011189749,0.0198829263053019,0,0,0,0,0,0,0,0,0,1.14180420381006,-0.0312343599511127,-0.0155463519208172
1.63061204643888,0.00304955805247863,0.00661095994489113,0.00969827128763903,0.00683811251154096,0.0144413299847922,0.0199876483129835,0,0,0,0,0,0,0,0,0,1.14149096503689,-0.0313903731577795,-0.0156449493207405
1.64061580132501,0.00311617884743313,0.00670830708942708,0.00976378791061912,0.00698358189956071,0.0146417996169004,0.0200909995359971,0,0,0,0,0,0,0,0,0,1.14117616061235,-0.0315473764275338,-0.0157442934286762
1.65061955621114,0.00318377675143736,0.00680630778051031,0.00982893075135261,0.00713106188507966,0.0148432962456994,0.0201929686917348,0,0,0,0,0,0,0,0,0,1.14085978059473,-0.031705377262411,-0.0158443907102172
1.66062331109726,0.00325235828362946,0.00690495825549832,0.00989369514042736,0.00728056267258012,0.0150458059897521,0.0202935447037172,0,0,0,0,0,0,0,0,0,1.14054181496694,-0.031864383229504,-0.0159452476946775
1.67062706598339,0.00332192992527457,0.00700425470540053,0.00995807648106409,0.00743209432712706,0.0152493148578426,0.0203927167006826,0,0,0,0,0,0,0,0,0,1.14022225363588,-0.0320244019614833,-0.0160468709678796
1.68063082086952,0.00339249811930482,0.00710419327560329,0.0100220702487941,0.00758566677328022,0.0154538087510241,0.0204904740156767,0,0,0,0,0,0,0,0,0,1.13990108643174,-0.0321854411572079,-0.016149267181723
1.69063457575565,0.00346406926986655,0.00720477006659159,0.0100856719911371,0.00774128979402656,0.0156592734646581,0.020586806185142,0,0,0,0,0,0,0,0,0,1.1395783031074,-0.0323475085824364,-0.016252443053079
1.70063833064178,0.00353664974187468,0.00730598113466765,0.0101488773272785,0.00789897302973314,0.0158656946904452,0.0206817029480066,0,0,0,0,0,0,0,0,0,1.13925389333767,-0.0325106120704155,-0.016356405361984
1.7106420855279,0.00361024586057438,0.0074078224926662,0.0102116819477477,0.00805872597712022,0.0160730580184454,0.0207751542447741,0,0,0,0,0,0,0,0,0,1.1389278467187,-0.0326747595225553,-0.0164611609516189
1.72064584041403,0.0036848639111097,0.0075102901106666,0.0102740816140954,0.00822055798825456,0.0162813489390908,0.0208671502166131,0,0,0,0,0,0,0,0,0,1.13860015276722,-0.0328399589090177,-0.0165667167313162
1.73064959530016,0.00376051013809948,0.00761337991670171,0.0103360721585714,0.00838447826956278,0.0164905528451877,0.0209576812044458,0,0,0,0,0,0,0,0,0,1.1382708009199,-0.0330062182694513,-0.0166730796775281
1.74065335018629,0.00383719074522021,0.00771708779746349,0.0103976494838021,0.00855049588086471,0.016700655033911,0.0210467377480384,0,0,0,0,0,0,0,0,0,1.13793978053265,-0.0331735457135994,-0.0167802568325703
1.75065710507242,0.00391491189479603,0.0078214095990055,0.0104588095624687,0.00871861973442666,0.0169116407087883,0.0211343105850896,0,0,0,0,0,0,0,0,0,1.13760708087986,-0.0333419494220099,-0.0168882553081845
1.76066085995854,0.00399367970739563,0.00792634112744201,0.0105195484369845,0.00888885859403451,0.0171234949816758,0.0212203906503205,0,0,0,0,0,0,0,0,0,1.13727269115376,-0.0335114376467143,-0.0169970822810863
1.77066461484467,0.00407350026143625,0.00803187814964403,0.0105798622191725,0.00906122107408643,0.0173362028747245,0.0213049690745637,0,0,0,0,0,0,0,0,0,1.13693660046366,-0.0336820187118486,-0.0171067449972565
1.7806683697308,0.00415437959279454,0.00813801639393203,0.0106397470899436,0.00923571563870535,0.0175497493223376,0.0213880371838528,0,0,0,0,0,0,0,0,0,1.13659879783523,-0.0338537010144184,-0.0172172507747095
1.79067212461693,0.00423632369442436,0.00824475155076547,0.0106991992989739,0.00941235060087089,0.0177641191731186,0.0214695864985119,0,0,0,0,0,0,0,0,0,1.13625927220979,-0.034026493024975,-0.0173286070003164
1.80067587950306,0.00431933851598147,0.00835207927342911,0.0107582151643823,0.00959113412157072,0.0179792971918104,0.0215496087322447,0,0,0,0,0,0,0,0,0,1.13591801244352,-0.0342004032883168,-0.0174408211292514
1.81067963438919,0.00440342996345506,0.00845999517871608,0.0108167910724087,0.00977207420897132,0.0181952680612253,0.0216280957912239,0,0,0,0,0,0,0,0,0,1.13557500730678,-0.0343754404241547,-0.0175539006931619
1.82068338927531,0.00448860389880611,0.0085684948476077,0.0108749234770913,0.00995517871760802,0.018412016384166,0.0217050397731808,0,0,0,0,0,0,0,0,0,1.13523024548331,-0.0345516131279764,-0.0176678532951554
1.83068714416144,0.00457486613961251,0.00867757382595017,0.0109326088999444,0.0101404553475941,0.0186295266853369,0.0217804329664946,0,0,0,0,0,0,0,0,0,1.13488371556948,-0.0347289301716123,-0.0177826866045
1.84069089904757,0.00466222245872095,0.0087872276251279,0.010989843929636,0.010327911643849,0.0188477834132472,0.0218542678492816,0,0,0,0,0,0,0,0,0,1.13453540607352,-0.0349074004039929,-0.0178984083725607
1.8506946539337,0.00475067858390554,0.00889745172273375,0.0110466252216658,0.0105175549953459,0.0190667709421045,0.0219265370884848,0,0,0,0,0,0,0,0,0,1.13418530541477,-0.0350870327520341,-0.0180150264237664
1.86069840881983,0.00484024019753309,0.00900824156323595,0.0111029494980426,0.0107093926343772,0.0192864735736984,0.021997233538963,0,0,0,0,0,0,0,0,0,1.13383340192286,-0.0352678362212139,-0.0181325486530876
1.87070216370595,0.00493091293623507,0.00911959255864183,0.0111588135469621,0.0109034316358403,0.019506875539277,0.0220663502425806,0,0,0,0,0,0,0,0,0,1.13347968383693,-0.0354498198964067,-0.0182509830354517
1.88070591859208,0.00502270239058618,0.00923150008915833,0.0112142142224848,0.0110996789165403,0.0197279610014122,0.0221338804272965,0,0,0,0,0,0,0,0,0,1.13312413930485,-0.035632992942649,-0.0183703376217006
1.89070967347821,0.00511561410478955,0.00934395950384931,0.0112691484442134,0.0112981412345132,0.0199497140558571,0.0221998175062538,0,0,0,0,0,0,0,0,0,1.13276675638241,-0.0358173646058925,-0.0184906205413631
1.90071342836434,0.00520965357636839,0.00945696612128955,0.0113236131969704,0.0114988251883661,0.0201721187333941,0.022264155076869,0,0,0,0,0,0,0,0,0,1.13240752303248,-0.0360029442138254,-0.0186118400011496
1.91071718325047,0.00530482625586434,0.00957051523021564,0.0113776055304764,0.0117017372166368,0.0203951590016734,0.0223268869199215,0,0,0,0,0,0,0,0,0,1.13204642712422,-0.0361897411765952,-0.0187340042849521
1.92072093813659,0.00540113754654213,0.00968460209017354,0.0114311225590272,0.0119068835971711,0.0206188187670432,0.0223880069986428,0,0,0,0,0,0,0,0,0,1.13168345643224,-0.0363777649876301,-0.0188571217592351
1.93072469302272,0.00549859280410087,0.009799221932163,0.0114841614611718,0.0121142704465189,0.0208430818763701,0.0224475094578062,0,0,0,0,0,0,0,0,0,1.13131859863574,-0.0365670252244697,-0.0189812008707907
1.94072844790885,0.0055971973363916,0.00991436995927872,0.0115367194793899,0.0123239037193481,0.0210679321188508,0.0225053886228157,0,0,0,0,0,0,0,0,0,1.13095184131772,-0.0367575315495416,-0.019106250147558
1.95073220279498,0.00569695640314143,0.0100300413473483,0.0115887939197699,0.0125357892078769,0.0212933532278142,0.0225616389987959,0,0,0,0,0,0,0,0,0,1.13058317196406,-0.0369492937110081,-0.0192322782001273
1.96073595768111,0.00579787521568384,0.0101462312455667,0.0116403821516865,0.0127499325413234,0.0215193288825153,0.0226162552696809,0,0,0,0,0,0,0,0,0,1.13021257796272,-0.0371423215435734,-0.0193592937204647
1.97073971256723,0.00589995893669551,0.0102629347771284,0.0116914816074779,0.0129663391853744,0.0217458427099186,0.022669232297304,0,0,0,0,0,0,0,0,0,1.12984004660281,-0.0373366249693043,-0.0194873054860825
1.98074346745336,0.00600321267993931,0.0103801470398549,0.0117420897821245,0.0131850144416704,0.0219728782864742,0.0227205651204868,0,0,0,0,0,0,0,0,0,1.12946556507378,-0.0375322139985211,-0.0196163223588268
1.99074722233949,0.00610764151001359,0.01049786310682,0.0117922042329256,0.0134059634473094,0.0222004191398828,0.022770248954129,0,0,0,0,0,0,0,0,0,1.12908912046446,-0.0377290987305943,-0.0197463532864179
2.00075097722562,0.00621325044210777,0.0106160780269719,0.0118418225791777,0.0136291911743684,0.0224284487508533,0.0228182791882972,0,0,0,0,0,0,0,0,0,1.12871069976223,-0.0379272893548655,-0.0198774073032549
2.01075473211175,0.00632004444176406,0.0107347868257516,0.0118909425018521,0.0138547024294413,0.0226569505548503,0.0228646513873149,0,0,0,0,0,0,0,0,0,1.12833028985206,-0.0381267961514613,-0.0200094935302291
2.02075848699788,0.00642802842464537,0.0108539845057081,0.0119395617432724,0.0140825018531956,0.0228859079438329,0.0229093612888513,0,0,0,0,0,0,0,0,0,1.12794787751564,-0.0383276294922095,-0.0201426211795442
2.030762241884,0.00653720725630944,0.0109736660471108,0.0119876781067925,0.0143125939199455,0.0231153042679838,0.022952404803011,0,0,0,0,0,0,0,0,0,1.12756344943045,-0.0385297998415498,-0.0202767995457079
2.04076599677013,0.00664758575198888,0.0110938264085582,0.012035289456474,0.014544982937243,0.0233451228374305,0.0229937780114232,0,0,0,0,0,0,0,0,0,1.12717699216879,-0.0387333177572703,-0.0204120380170165
2.05076975165626,0.00675916867637754,0.0112144605275838,0.0120823937167641,0.0147796730454852,0.023575346923956,0.0230334771663315,0,0,0,0,0,0,0,0,0,1.12678849219691,-0.038938193891647,-0.0205483460764915
2.06077350654239,0.00687196074342274,0.0113355633212585,0.0121289888721733,0.0150166682175396,0.0238059597627012,0.0230714986896826,0,0,0,0,0,0,0,0,0,1.12639793587399,-0.0391444389921994,-0.0206857332920205
2.07077726142852,0.00698596661612354,0.0114571296867897,0.0121750729669528,0.015255972258386,0.0240369445538583,0.0231078391722162,0,0,0,0,0,0,0,0,0,1.12600530945124,-0.0393520639026333,-0.0208242093292482
2.08078101631464,0.00710119090633506,0.0115791545021176,0.0122206441047729,0.0154975888047752,0.0242682844643544,0.0231424953725542,0,0,0,0,0,0,0,0,0,1.1256105990709,-0.0395610795638539,-0.0209637839464123
2.09078477120077,0.00721763817457871,0.0117016326265077,0.0122657004483998,0.0157415213249047,0.0244999626295266,0.0231754642162899,0,0,0,0,0,0,0,0,0,1.12521379076527,-0.0397714970148047,-0.0211044669930544
2.1007885260869,0.00733531292985828,0.0118245589011406,0.0123102402193741,0.015987773118111,0.024731962154788,0.0232067427950777,0,0,0,0,0,0,0,0,0,1.12481487045572,-0.0399833273934556,-0.0212462684148963
2.11079228097303,0.00745421962948197,0.0119479281496983,0.0123542616976878,0.0162363473145785,0.0249642661172836,0.0232363283657223,0,0,0,0,0,0,0,0,0,1.12441382395171,-0.0401965819377397,-0.0213891982569954
2.12079603585916,0.0075743626788903,0.0120717351789471,0.0123977632214627,0.0164872468750649,0.0251968575675391,0.0232642183492681,0,0,0,0,0,0,0,0,0,1.12401063694979,-0.0404112719866032,-0.0215332666619036
2.13079979074528,0.00769574643148975,0.0121959747793179,0.0124407431866275,0.0167404745906434,0.0254297195310981,0.0232904103300885,0,0,0,0,0,0,0,0,0,1.12360529503253,-0.0406274089809063,-0.0216784838664692
2.14080354563141,0.00781837518849224,0.0123206417254826,0.012483200046596,0.0169960330824605,0.0256628350101524,0.0233149020549754,0,0,0,0,0,0,0,0,0,1.12319778366758,-0.0408450044644093,-0.0218248602086306
2.15080730051754,0.00794225319876036,0.0124457307769275,0.0125251323119442,0.0172539248015109,0.0258961869851616,0.0233376914322286,0,0,0,0,0,0,0,0,0,1.12278808820656,-0.0410640700848086,-0.0219724061266832
2.16081105540367,0.0080673846586583,0.0125712366785239,0.0125665385500889,0.017514152028428,0.0261297584164646,0.0233587765307448,0,0,0,0,0,0,0,0,0,1.12237619388407,-0.0412846175947089,-0.0221211321596478
2.1708148102898,0.0081937737119085,0.0126971541610946,0.0126074173849643,0.0177767168732906,0.0263635322458816,0.0233781555791075,0,0,0,0,0,0,0,0,0,1.12196208581659,-0.0415066588526661,-0.0222710489504982
2.18081856517593,0.00832142444945392,0.0128234779419781,0.0126477674967005,0.0180416212754457,0.0265974913983067,0.0233958269646762,0,0,0,0,0,0,0,0,0,1.12154574900146,-0.0417302058242244,-0.0224221672415475
2.19082232006205,0.00845034090932598,0.0129502027255888,0.0126875876213012,0.018308867003347,0.0268316187832921,0.0234117892326755,0,0,0,0,0,0,0,0,0,1.12112716831577,-0.0419552705828665,-0.022574497882027
2.20082607494818,0.008580527076518,0.0130773232039747,0.0127268765503207,0.0185784556544095,0.0270658972966227,0.0234260410852847,0,0,0,0,0,0,0,0,0,1.12070632851528,-0.0421818653112028,-0.0227280518271604
2.21082982983431,0.00871198688286434,0.0132048340573712,0.0127656331305425,0.0188503886548794,0.0273003098218812,0.0234385813807274,0,0,0,0,0,0,0,0,0,1.12028321423334,-0.0424100023019028,-0.0228828401341882
2.22083358472044,0.00884472420692494,0.0133327299547523,0.0128038562636562,0.0191246672597199,0.0275348392320054,0.0234494091323603,0,0,0,0,0,0,0,0,0,1.11985780997978,-0.0426396939588045,-0.0230388739719852
2.23083733960657,0.00897874287387542,0.0134610055543778,0.0128415449059359,0.0194012925525126,0.0277694683908349,0.0234585235077632,0,0,0,0,0,0,0,0,0,1.11943010013977,-0.0428709527980391,-0.0231961646153281
2.24084109449269,0.00911404665540262,0.0135896555043381,0.0128786980679174,0.0196802654453739,0.0280041801546496,0.0234659238278279,0,0,0,0,0,0,0,0,0,1.11900006897273,-0.0431037914490246,-0.0233547234474761
2.25084484937882,0.00925063926960557,0.0137186744430955,0.0129153148140761,0.0199615866788873,0.0282389573736988,0.0234716095658478,0,0,0,0,0,0,0,0,0,1.11856770061114,-0.0433382226556428,-0.0235145619634165
2.26084860426495,0.00938852438090189,0.0138480570000216,0.0129513942625046,0.0202452568220506,0.0284737828937215,0.0234755803466072,0,0,0,0,0,0,0,0,0,1.11813297905943,-0.043574259277298,-0.0236756917702347
2.27085235915108,0.00952770559993949,0.013977797795933,0.0129869355845907,0.0205312762722381,0.0287086395574566,0.0234778359454708,0,0,0,0,0,0,0,0,0,1.11769588819283,-0.0438119142901007,-0.0238381245852587
2.28085611403721,0.00966818648351369,0.0141078914436217,0.0130219380046946,0.0208196452551786,0.0289435102061456,0.0234783762874729,0,0,0,0,0,0,0,0,0,1.11725641175613,-0.0440512007878898,-0.0240018722395256
2.29085986892333,0.00980997053448959,0.0142383325483845,0.0130564007998271,0.0211103638249475,0.0291783776810248,0.0234772014464068,0,0,0,0,0,0,0,0,0,1.11681453336258,-0.0442921319834854,-0.0241669466812604
2.30086362380946,0.00995306120172965,0.0143691157085473,0.013090323299327,0.0214034318639742,0.0294132248248089,0.0234743116439143,0,0,0,0,0,0,0,0,0,1.11637023649264,-0.0445347212097807,-0.02433335997069
2.31086737869559,0.0100974618800266,0.0145002355159874,0.0131237048845389,0.0216988490830645,0.0296480344831657,0.0234697072485751,0,0,0,0,0,0,0,0,0,1.11592350449277,-0.0447789819208909,-0.0245011242870528
2.32087113358172,0.0102431759100417,0.0146316865566519,0.0131565449884908,0.0219966150214375,0.0298827895061811,0.0234633887749957,0,0,0,0,0,0,0,0,0,1.11547432057427,-0.0450249276933852,-0.0246702519274268
2.33087488846785,0.0103902065782476,0.0147634634110734,0.013188843095572,0.0222967290467765,0.030117472749816,0.0234553568828996,0,0,0,0,0,0,0,0,0,1.11502266781195,-0.0452725722274129,-0.0248407553065374
2.34087864335397,0.0105385571168772,0.0148955606548819,0.0132205987412107,0.0225991903552958,0.0303520670773527,0.023445612376216,0,0,0,0,0,0,0,0,0,1.11456852914301,-0.045521929347931,-0.025012646959885
2.3508823982401,0.0106882307038768,0.0150279728593139,0.0132518115115516,0.0229039979718207,0.0305865553608336,0.0234341562021693,0,0,0,0,0,0,0,0,0,1.11411188736567,-0.0457730130058928,-0.0251859395450005
2.36088615312623,0.0108392304628648,0.015160694591718,0.0132824810431338,0.0232111507498825,0.0308209204824896,0.0234209894503687,0,0,0,0,0,0,0,0,0,1.11365272513799,-0.046025837279501,-0.0253606458404908
2.37088990801236,0.0109915594630955,0.0152937204160578,0.0133126070225682,0.0235206473718271,0.0310551453361604,0.0234061133518975,0,0,0,0,0,0,0,0,0,1.11319102497653,-0.0462804163753771,-0.0255367787491662
2.38089366289849,0.0111452207194274,0.0154270448934108,0.0133421891862156,0.0238324863489389,0.0312892128287049,0.0233895292784022,0,0,0,0,0,0,0,0,0,1.11272676925509,-0.0465367646298769,-0.0257143512983862
2.39089741778462,0.011300217192297,0.0155606625824646,0.0133712273198641,0.0241466660215774,0.0315231058814028,0.0233712387411824,0,0,0,0,0,0,0,0,0,1.11225994020343,-0.0467948965102668,-0.0258933766405698
2.40090117267074,0.0114565517876975,0.0156945680400098,0.0133997212584069,0.0244631845593288,0.0317568074313474,0.0233512433902795,0,0,0,0,0,0,0,0,0,1.11179051990587,-0.0470548266160498,-0.0260738680563251
2.41090492755687,0.0116142273571619,0.0158287558214296,0.0134276708855201,0.0247820399611711,0.0319903004328287,0.0233295450135667,0,0,0,0,0,0,0,0,0,1.11131849030007,-0.0473165696802042,-0.0262558389542406
2.420908682443,0.0117732466977518,0.0159632204811862,0.0134550761333401,0.0251032300556528,0.0322235678587077,0.0233061455358381,0,0,0,0,0,0,0,0,0,1.11084383317561,-0.0475801405705056,-0.0264393028710889
2.43091243732913,0.0119336125520502,0.0160979565733038,0.0134819369821418,0.0254267525010858,0.0324565927017816,0.0232810470178979,0,0,0,0,0,0,0,0,0,1.11036653017264,-0.0478455542907692,-0.0266242734739439
2.44091619221526,0.0120953276081598,0.0162329586518489,0.0135082534600157,0.0257526047857514,0.0326893579761402,0.02325425165565,0,0,0,0,0,0,0,0,0,1.10988656278058,-0.0481128259822147,-0.026810764566494
2.45091994710138,0.0122583944997057,0.0163682212714068,0.013534025642546,0.0260807842281202,0.0329218467185121,0.0232257617791876,0,0,0,0,0,0,0,0,0,1.10940391233663,-0.048381970924835,-0.0269987900777369
2.46092370198751,0.012422815805843,0.0165037389875552,0.0135592536524883,0.026411287977085,0.0331540419896034,0.0231955798518821,0,0,0,0,0,0,0,0,0,1.1089185600245,-0.0486530045385341,-0.0271883640745202
2.47092745687364,0.012588594051269,0.0166395063573342,0.0135839376594472,0.0267441130122079,0.0333859268754256,0.0231637084694725,0,0,0,0,0,0,0,0,0,1.10843048687288,-0.0489259423847476,-0.0273795007648501
2.48093121175977,0.0127557317062403,0.0167755179397137,0.0136080778795539,0.0270792561439794,0.033617484488616,0.0231301503591554,0,0,0,0,0,0,0,0,0,1.10793967375412,-0.0492008001676464,-0.0275722144804866
2.4909349666459,0.0129242311865942,0.0169117682960572,0.0136316745751441,0.0274167140140917,0.0338486979697476,0.0230949083786734,0,0,0,0,0,0,0,0,0,1.10744610138272,-0.0494775937354087,-0.0277665196972476
2.50093872153202,0.0130940948537754,0.0170482519905821,0.0136547280544357,0.0277564830957246,0.0340795504886309,0.0230579855154055,0,0,0,0,0,0,0,0,0,1.10694975031395,-0.0497563390818306,-0.027962431038499
2.51094247641815,0.0132653250148662,0.0171849635908176,0.0136772386712061,0.0280985596938444,0.0343100252456059,0.0230193848854557,0,0,0,0,0,0,0,0,0,1.10645060094231,-0.0500370523476675,-0.0281599632586797
2.52094623130428,0.0134379239226226,0.0173218976680581,0.0136992068244705,0.0284429399455158,0.0345401054728255,0.0229791097327426,0,0,0,0,0,0,0,0,0,1.10594863350013,-0.050319749821915,-0.0283591312508494
2.53094998619041,0.0136118937755135,0.017459048797815,0.0137206329581593,0.0287896198202264,0.0347697744355294,0.0229371634280891,0,0,0,0,0,0,0,0,0,1.10544382805601,-0.0506044479433016,-0.0285599500575557
2.54095374107654,0.0137872367177658,0.0175964115602638,0.0137415175607957,0.0291385951202244,0.0349990154333092,0.0228935494683111,0,0,0,0,0,0,0,0,0,1.10493616451338,-0.0508911633017867,-0.0287624348658437
2.55095749596266,0.0139639548394128,0.0177339805406888,0.0137618611651737,0.029489861480868,0.0352278118013643,0.0228482714753078,0,0,0,0,0,0,0,0,0,1.10442562260893,-0.0511799126399538,-0.0289666010042639
2.56096125084879,0.014142050176348,0.0178717503299242,0.0137816643480354,0.0298434143709883,0.0354561469117483,0.02280133319515,0,0,0,0,0,0,0,0,0,1.10391218191109,-0.0514707128544485,-0.0291724639481921
2.57096500573492,0.0143215247103821,0.0180097155247924,0.0138009277297491,0.0301992490932638,0.0356840041746071,0.0227527384971703,0,0,0,0,0,0,0,0,0,1.10339582181851,-0.0517635809974781,-0.0293800393244354
2.58096876062105,0.0145023803693058,0.0181478707285388,0.0138196519739867,0.0305573607846081,0.0359113670394072,0.0227024913730523,0,0,0,0,0,0,0,0,0,1.10287652155844,-0.0520585342783415,-0.0295893429069656
2.59097251550718,0.0146846190269558,0.0182862105512631,0.0138378377874016,0.0309177444165689,0.0361382189961548,0.0226505959359196,0,0,0,0,0,0,0,0,0,1.10235426018521,-0.0523555900648438,-0.0298003906189134
2.6009762703933,0.0148682425032857,0.0184247296103478,0.0138554859193063,0.0312803947957398,0.0363645435766069,0.0225970564194256,0,0,0,0,0,0,0,0,0,1.10182901657859,-0.0526547658848664,-0.0300131985384337
2.61098002527943,0.0150532525644409,0.0185634225308834,0.0138725971613503,0.031645306564184,0.0365903243554716,0.0225418771768427,0,0,0,0,0,0,0,0,0,1.10130076944221,-0.0529560794278982,-0.0302277828953991
2.62098378016556,0.0152396509228378,0.0187022839460905,0.0138891723471973,0.03201247419987,0.0368155449516007,0.0224850626801516,0,0,0,0,0,0,0,0,0,1.10076949730193,-0.0532595485465398,-0.0304441600722847
2.63098753505169,0.0154274392372471,0.0188413084977379,0.0139052123522035,0.0323818920171188,0.0370401890291727,0.022426617519131,0,0,0,0,0,0,0,0,0,1.1002351785042,-0.0535651912580526,-0.0306623466072604
2.64099128993782,0.015616619112882,0.0189804908365589,0.013920718093095,0.0327535541670638,0.0372642402988665,0.0223665464004464,0,0,0,0,0,0,0,0,0,1.09969779121438,-0.0538730257459248,-0.0308823592004646
2.65099504482395,0.0158071921014891,0.0191198256226625,0.0139356905276455,0.0331274546381212,0.0374876825190261,0.0223048541467401,0,0,0,0,0,0,0,0,0,1.09915731341513,-0.0541830703615462,-0.0311042147086385
2.66099879971007,0.0159991597014449,0.0192593075259436,0.0139501306543539,0.0335035872564731,0.0377104994968162,0.0222415456957201,0,0,0,0,0,0,0,0,0,1.09861372290463,-0.0544953436256663,-0.0313279301432272
2.6710025545962,0.0161925233578552,0.0193989312264879,0.0139640395121225,0.0338819456865612,0.0379326750893693,0.0221766260992498,0,0,0,0,0,0,0,0,0,1.09806699729499,-0.0548098642300314,-0.0315535226812257
2.68100630948233,0.0163872844626596,0.0195386914149747,0.0139774181799338,0.0342625234315928,0.0381541932049223,0.0221101005224372,0,0,0,0,0,0,0,0,0,1.09751711401044,-0.05512665103906,-0.0317810096641175
2.69101006436846,0.0165834443547391,0.0196785827930765,0.0139902677765294,0.0346453138340572,0.0383750378039453,0.0220419742427241,0,0,0,0,0,0,0,0,0,1.09696405028562,-0.0554457230914584,-0.032010408592648
2.70101381925459,0.0167810043200281,0.0198186000738549,0.0140025894600864,0.0350303100762545,0.0385951929002609,0.0219722526489761,0,0,0,0,0,0,0,0,0,1.09640778316385,-0.0557670996017913,-0.0322417371326793
2.71101757414071,0.0169799655916305,0.0199587379821534,0.0140143844278963,0.0354175051808341,0.0388146425621539,0.0219009412405711,0,0,0,0,0,0,0,0,0,1.09584828949536,-0.056090799962215,-0.0324750131209789
2.72102132902684,0.0171803293499394,0.0200989912549873,0.0140256539160418,0.0358068920113457,0.0390333709134727,0.0218280456264895,0,0,0,0,0,0,0,0,0,1.09528554593548,-0.0564168437441634,-0.0327102545595513
2.73102508391297,0.0173820967227606,0.0202393546419301,0.014036399199075,0.0361984632728002,0.0392513621347208,0.021753571524403,0,0,0,0,0,0,0,0,0,1.09471952894283,-0.0567452506999682,-0.0329474796169982
2.7410288387991,0.0175852687854405,0.0203798229054967,0.0140466215896948,0.0365922115122422,0.0394686004641399,0.0216775247597641,0,0,0,0,0,0,0,0,0,1.09415021477757,-0.0570760407645718,-0.0331867066371433
2.75103259368523,0.0177898465609972,0.0205203908215232,0.0140563224384249,0.0369881291193326,0.0396850701987833,0.0215999112648958,0,0,0,0,0,0,0,0,0,1.09357757949947,-0.0574092340573198,-0.0334279541343393
2.76103634857135,0.0179958310202559,0.0206610531795441,0.0140655031332914,0.0373862083269425,0.0399007556955806,0.0215207370780806,0,0,0,0,0,0,0,0,0,1.09300159896615,-0.0577448508835811,-0.033671240791326
2.77104010345748,0.0182032230819875,0.0208018047831654,0.0140741650995002,0.0377864412117577,0.0401156413723932,0.02144000834265,0,0,0,0,0,0,0,0,0,1.09242224883112,-0.0580829117364963,-0.0339165854706296
2.78104385834361,0.0184120236130514,0.0209426404504352,0.0140823097991154,0.038188819694893,0.0403297117090602,0.0213577313060737,0,0,0,0,0,0,0,0,0,1.09183950454198,-0.0584234372988263,-0.0341640072137523
2.79104761322974,0.0186222334285418,0.0210835550142109,0.014089938730736,0.0385933355425177,0.0405429512484365,0.0212739123190496,0,0,0,0,0,0,0,0,0,1.09125334133844,-0.0587664484446848,-0.0344135252330403
2.80105136811587,0.0188338532919378,0.0212245433225227,0.0140970534291746,0.0389999803664912,0.0407553445974198,0.0211885578345922,0,0,0,0,0,0,0,0,0,1.09066373425044,-0.0591119662412241,-0.0346651589174277
2.81105512300199,0.0190468839152566,0.0213656002389346,0.0141036554651345,0.0394087456250085,0.0409668764279706,0.0211016744071229,0,0,0,0,0,0,0,0,0,1.09007065809621,-0.0594600119504821,-0.0349189278432743
2.82105887788812,0.0192613259592112,0.0215067206429017,0.0141097464448876,0.0398196226232565,0.0411775314781213,0.0210132686915587,0,0,0,0,0,0,0,0,0,1.08947408748028,-0.0598106070312851,-0.0351748517663299
2.83106263277425,0.0194771800333708,0.0216478994301243,0.0141153280099519,0.0402326025140795,0.0413872945529775,0.020923347442402,0,0,0,0,0,0,0,0,0,1.08887399679155,-0.0601637731409346,-0.0354329506223912
2.84106638766038,0.0196944466963249,0.0217891315128992,0.0141204018367697,0.0406476762986556,0.0415961505257096,0.0208319175128297,0,0,0,0,0,0,0,0,0,1.08827036020123,-0.0605195321371225,-0.0356932445298195
2.85107014254651,0.0199131264558518,0.0219304118204671,0.0141249696363847,0.0410648348271825,0.041804084338535,0.0207389858537828,0,0,0,0,0,0,0,0,0,1.0876631516609,-0.0608779060796685,-0.0359557537959282
2.86107389743264,0.020133219769089,0.0220717352993574,0.01412903315412,0.0414840687995727,0.042011081003692,0.0206445595130557,0,0,0,0,0,0,0,0,0,1.08705234490043,-0.0612389172325633,-0.0362204989188426
2.87107765231876,0.0203547270427084,0.0222130969137294,0.0141325941692559,0.0419053687661591,0.0422171256044041,0.0205486456343852,0,0,0,0,0,0,0,0,0,1.08643791342593,-0.0616025880657432,-0.0364875005732864
2.88108140720489,0.020577648633094,0.0223544916457102,0.0141356544947074,0.0423287251284101,0.0424222032958348,0.0204512514565408,0,0,0,0,0,0,0,0,0,1.0858198305177,-0.0619689412568486,-0.0367567796302793
2.89108516209102,0.0208019848465237,0.0224959144957299,0.0141382159767019,0.0427541281396535,0.0426262993060342,0.0203523843124129,0,0,0,0,0,0,0,0,0,1.08519806922815,-0.0623379996933927,-0.0370283571557495
2.90108891697715,0.0210277359393537,0.0226373604828532,0.0141402804944571,0.0431815679058108,0.0428293989368756,0.0202520516281032,0,0,0,0,0,0,0,0,0,1.08457260237966,-0.0627097864744928,-0.0373022543973491
2.91109267186328,0.0212549021182068,0.0227788246451075,0.0141418499598585,0.04361103438614,0.043031487564984,0.0201502609220133,0,0,0,0,0,0,0,0,0,1.08394340256245,-0.0630843249127749,-0.0375784928013847
2.9210964267494,0.0214834835401637,0.0229203020398083,0.0141429263171372,0.0440425173939883,0.0432325506426542,0.0200470198039347,0,0,0,0,0,0,0,0,0,1.08331044213249,-0.0634616385364432,-0.0378570940119826
2.93110018163553,0.0217134803129574,0.0230617877438814,0.0141435115425476,0.0444760065975536,0.0434325736987611,0.0199423359741375,0,0,0,0,0,0,0,0,0,1.08267369320927,-0.0638417510911688,-0.038138079864151
2.94110393652166,0.0219448924951712,0.0232032768541812,0.0141436076440451,0.0449114915206547,0.0436315423396597,0.0198362172224607,0,0,0,0,0,0,0,0,0,1.08203312767365,-0.0642246865420203,-0.03842147238697
2.95110769140779,0.0221777200964394,0.0233447644878063,0.0141432166609637,0.0453489615435115,0.0438294422500769,0.0197286714274006,0,0,0,0,0,0,0,0,0,1.08138871716566,-0.0646104690754156,-0.0387072938155247
2.96111144629392,0.0224119630776517,0.0234862457824121,0.014142340663694,0.045788405903533,0.044026259193994,0.0196197065552007,0,0,0,0,0,0,0,0,0,1.08074043308224,-0.064999123101292,-0.0389955665850805
2.97111520118004,0.02264762135116,0.0236277158965197,0.0141409817533603,0.0462298136961144,0.0442219790155197,0.0195093306589411,0,0,0,0,0,0,0,0,0,1.08008824657502,-0.0653906732549413,-0.0392863133235718
2.98111895606617,0.022884694780989,0.0237691700098215,0.014139142061499,0.0466731738754436,0.0444165876397542,0.0193975518776275,0,0,0,0,0,0,0,0,0,1.07943212854807,-0.0657851443990293,-0.0395795568656361
2.9911227109523,0.0231231831830493,0.0239106033234844,0.014136823749736,0.0471184752553151,0.0446100710736442,0.0192843784352812,0,0,0,0,0,0,0,0,0,1.07877204965559,-0.066182561625712,-0.0398753202484519
3.00112646583843,0.023363086325354,0.0240520110604484,0.0141340290094643,0.0475657065099532,0.0448024154068291,0.0191698186400277,0,0,0,0,0,0,0,0,0,1.07810798029959,-0.066582950258572,-0.0401736267158807
3.01113022072456,0.0236044039282376,0.0241933884657236,0.0141307600615217,0.0480148561748437,0.0449936068124778,0.0190538808831868,0,0,0,0,0,0,0,0,0,1.07743989062763,-0.066986335854817,-0.0404744997153553
3.02113397561068,0.0238471356645785,0.0243347308066825,0.0141270191558687,0.0484659126475732,0.0451836315481158,0.0189365736383615,0,0,0,0,0,0,0,0,0,1.07676775053037,-0.0673927442071542,-0.0407779628975491
3.03113773049681,0.0240912811600242,0.02447603337335,0.0141228085712662,0.0489188641886774,0.0453724759564446,0.0188179054605274,0,0,0,0,0,0,0,0,0,1.07609152963932,-0.0678022013459824,-0.0410840401288408
3.04114148538294,0.0243368399932192,0.02461729147869,0.0141181306149529,0.0493736989224972,0.0455601264661507,0.0186978849851225,0,0,0,0,0,0,0,0,0,1.07541119732436,-0.0682147335415157,-0.0413927554821327
3.05114524026907,0.024583811696036,0.0247585004588884,0.0141129876223233,0.0498304048380427,0.045746569592706,0.018576520927136,0,0,0,0,0,0,0,0,0,1.07472672269138,-0.0686303673057918,-0.0417041332348292
3.0611489951552,0.0248321957538087,0.0248996556736335,0.0141073819566053,0.0502889697898656,0.0459317919391591,0.0184538220801981,0,0,0,0,0,0,0,0,0,1.07403807457982,-0.069049129394755,-0.0420181978818517
3.07115275004133,0.0250819916055697,0.0250407525063925,0.014101316008538,0.0507493814989392,0.0461157801969176,0.0183297973156691,0,0,0,0,0,0,0,0,0,1.07334522156025,-0.0694710468105255,-0.042334974132007
3.08115650492745,0.0253331986442886,0.0251817863646852,0.014094792196049,0.0512116275535457,0.046298521146521,0.0182044555817291,0,0,0,0,0,0,0,0,0,1.07264813193187,-0.0698961468034094,-0.0426544868998937
3.09116025981358,0.0255858162171146,0.0253227526803545,0.0140878129639327,0.0516756954101724,0.0464800016584045,0.0180778059024668,0,0,0,0,0,0,0,0,0,1.07194677372003,-0.0703244568740057,-0.0429767613183357
3.10116401469971,0.0258398436256209,0.0254636469098334,0.0140803807835277,0.0521415723944145,0.0466602086936542,0.0179498573769696,0,0,0,0,0,0,0,0,0,1.07124111467373,-0.0707560047754659,-0.0433018227364145
3.11116776958584,0.026095280126052,0.0256044645344089,0.0140724981523943,0.0526092457018854,0.0468391293047523,0.0178206191784124,0,0,0,0,0,0,0,0,0,1.07053112226304,-0.0711908185155611,-0.0436296967213691
3.12117152447197,0.0263521249295738,0.0257452010604831,0.0140641675939926,0.053078702399135,0.0470167506363142,0.0176901005531474,0,0,0,0,0,0,0,0,0,1.06981676367659,-0.0716289263589793,-0.0439604090549366
3.13117527935809,0.026610377202526,0.02588585201983,0.01405539165736,0.053549929424575,0.0471930599258157,0.0175583108197929,0,0,0,0,0,0,0,0,0,1.06909800581894,-0.0720703568293201,-0.0442939857347148
3.14117903424422,0.0268700360666771,0.0260264129698505,0.0140461729167887,0.0540229135894115,0.0473680445043115,0.0174252593683234,0,0,0,0,0,0,0,0,0,1.06837481530803,-0.0725151387114188,-0.0446304529838259
3.15118278913035,0.0271311005994825,0.0261668794938227,0.014036513971504,0.0544976415785845,0.0475416917971442,0.0172909556591586,0,0,0,0,0,0,0,0,0,1.06764715847253,-0.0729633010535342,-0.0449698372390255
3.16118654401648,0.0273935698343438,0.0263072472011504,0.0140264174453412,0.0549740999517147,0.0477139893246449,0.0171554092222524,0,0,0,0,0,0,0,0,0,1.06691500134919,-0.0734148731694353,-0.0453121651599788
3.17119029890261,0.0276574427608723,0.0264475117276072,0.0140158859864241,0.0554522751440573,0.047884924702824,0.017018629656183,0,0,0,0,0,0,0,0,0,1.06617830968017,-0.0738698846407745,-0.0456574636306894
3.18119405378873,0.0279227183251533,0.0265876687355781,0.014004922266842,0.0559321534674626,0.048054485644053,0.0168806266272418,0,0,0,0,0,0,0,0,0,1.06543704891036,-0.0743283653192028,-0.0460057597541873
3.19119780867486,0.0281893954300137,0.0267277139142974,0.0139935289823279,0.0564137211113432,0.0482226599577379,0.0167414098685231,0,0,0,0,0,0,0,0,0,1.06469118418469,-0.0747903453286365,-0.046357080855524
3.20120156356099,0.0284574729352922,0.026867642980084,0.013981708851936,0.0568969641436482,0.0483894355509821,0.016600989179013,0,0,0,0,0,0,0,0,0,1.06394068034533,-0.0752558550674329,-0.0467114544836983
3.21120531844712,0.0287269496581105,0.0270074516765726,0.0139694646177194,0.0573818685118435,0.0485548004292417,0.0164593744226791,0,0,0,0,0,0,0,0,0,1.06318550192901,-0.0757249252106954,-0.0470689084168869
3.22120907333325,0.0289978243731488,0.0271471357749427,0.0139567990444079,0.0578684200438994,0.0487187426969707,0.01631657552756,0,0,0,0,0,0,0,0,0,1.06242561316417,-0.0761975867125532,-0.0474294706515673
3.23121282821938,0.0292700958129216,0.0272866910741433,0.0139437149190854,0.0583566044492839,0.0488812505582573,0.0161726024848545,0,0,0,0,0,0,0,0,0,1.06166097796823,-0.0766738708082496,-0.0477931694099729
3.2412165831055,0.029543762668057,0.0274261134011154,0.0139302150508682,0.0588464073199623,0.0490423123174516,0.0160274653480107,0,0,0,0,0,0,0,0,0,1.0608915599447,-0.0771538090165704,-0.0481600331459022
3.25122033799163,0.0298188235875777,0.0275653986110105,0.013916302270582,0.059337814131404,0.0492019163797833,0.0158811742318159,0,0,0,0,0,0,0,0,0,1.06011732238037,-0.0776374331420484,-0.0485300905338411
3.26122409287776,0.0300952771791846,0.027704542587406,0.0139019794304401,0.0598308102435939,0.0493600512519709,0.0157337393114857,0,0,0,0,0,0,0,0,0,1.05933822824242,-0.0781247752771747,-0.0489033704747134
3.27122784776389,0.0303731220095418,0.0278435412425181,0.0138872494037209,0.0603253809020512,0.049516705542822,0.0155851708217533,0,0,0,0,0,0,0,0,0,1.05855424017555,-0.0786158678047175,-0.0492799020967379
3.28123160265002,0.0306523566045642,0.0279823905174106,0.0138721150844456,0.0608215112388536,0.0496718679638236,0.015435479055959,0,0,0,0,0,0,0,0,0,1.05776532049906,-0.079110743399951,-0.0496597147550959
3.29123535753614,0.0309329794497077,0.0281210863822004,0.0138565793870561,0.0613191862736671,0.0498255273297242,0.0152846743651396,0,0,0,0,0,0,0,0,0,1.05697143120389,-0.0796094350329675,-0.0500428380349074
3.30123911242227,0.0312149889902599,0.028259624836261,0.0138406452460922,0.0618183909147824,0.0499776725591063,0.0151327671571178,0,0,0,0,0,0,0,0,0,1.05617253394968,-0.0801119759709658,-0.0504293017459394
3.3112428673084,0.0314983836316345,0.0283980019084212,0.01382431561587,0.0623191099601557,0.0501282926749501,0.0149797678955911,0,0,0,0,0,0,0,0,0,1.05536859006178,-0.0806183997804575,-0.0508191359239865
3.32124662219453,0.0317831617396669,0.0285362136571619,0.013807593470159,0.0628213280984567,0.0502773768051876,0.014825687099222,0,0,0,0,0,0,0,0,0,1.05455956052824,-0.0811287403295826,-0.0512123708344054
3.33125037708066,0.0320693216409112,0.0286742561708085,0.0137904818018602,0.0633250299101206,0.0504249141832481,0.0146705353407268,0,0,0,0,0,0,0,0,0,1.05374540599682,-0.0816430317903873,-0.0516090369695224
3.34125413196678,0.0323568616229406,0.0288121255677213,0.0137729836226837,0.0638301998684064,0.0505708941485943,0.0145143232459651,0,0,0,0,0,0,0,0,0,1.05292608677186,-0.0821613086410871,-0.0520091650473158
3.35125788685291,0.0326457799346482,0.0289498179964816,0.013755101962826,0.0643368223404603,0.0507153061472494,0.0143570614930292,0,0,0,0,0,0,0,0,0,1.05210156281128,-0.0826836056683183,-0.0524127860132852
3.36126164173904,0.03293607478655,0.0290873296360751,0.0137368398706484,0.0648448815883842,0.0508581397323152,0.0141987608113334,0,0,0,0,0,0,0,0,0,1.05127179372345,-0.083209957969439,-0.0528199310400827
3.37126539662517,0.033227744351091,0.0292246566960722,0.0137182004123543,0.0653543617703098,0.0509993845644806,0.0140394319807034,0,0,0,0,0,0,0,0,0,1.05043673876406,-0.0837404009547727,-0.0532306315234392
3.3812691515113,0.0335207867629508,0.0293617954168047,0.0136991866716667,0.0658652469414767,0.0511390304125219,0.013879085830466,0,0,0,0,0,0,0,0,0,1.04959635683301,-0.0842749703498276,-0.0536449190864143
3.39127290639742,0.0338152001193532,0.0294987420695395,0.0136798017495065,0.0663775210553166,0.051277067153793,0.0137177332385378,0,0,0,0,0,0,0,0,0,1.04875060647123,-0.084813702197626,-0.0540628255814374
3.40127666128355,0.0341109824803758,0.029635492956649,0.0136600487636697,0.0668911679645422,0.051413484774707,0.0135553851305152,0,0,0,0,0,0,0,0,0,1.04789944585747,-0.085356632860964,-0.05448438308051
3.41128041616968,0.0344081318692626,0.0297720444117784,0.0136399308485051,0.0674061714222398,0.0515482733712087,0.0133920524787635,0,0,0,0,0,0,0,0,0,1.04704283280514,-0.0859037990245446,-0.0549096238753713
3.42128417105581,0.0347066462727372,0.0299083928000096,0.0136194511545925,0.0679225150829679,0.0516814231492379,0.0132277463015063,0,0,0,0,0,0,0,0,0,1.04618072475901,-0.0864552376972414,-0.0553385804862078
3.43128792594194,0.0350065236413183,0.0300445345180219,0.0135986128484197,0.0684401825038597,0.0518129244251837,0.0130624776619148,0,0,0,0,0,0,0,0,0,1.04531307879205,-0.0870109862144052,-0.0557712856585131
3.44129168082806,0.0353077618896367,0.0301804659942496,0.0135774191120608,0.0689591571457303,0.0519427676263293,0.0128962576671973,0,0,0,0,0,0,0,0,0,1.04443985160204,-0.0875710822400654,-0.0562077723510527
3.45129543571419,0.0356103588967536,0.0303161836890365,0.0135558731428535,0.069479422374188,0.0520709432912882,0.0127290974676886,0,0,0,0,0,0,0,0,0,1.04356099950836,-0.0881355637689957,-0.0566480737383633
3.46129919060032,0.0359143125064803,0.0304516840947864,0.0135339781530773,0.0700009614607506,0.0521974420704312,0.0125610082559391,0,0,0,0,0,0,0,0,0,1.04267647844864,-0.0887044691289652,-0.0570922232243658
3.47130294548645,0.0362196205277004,0.0305869637361117,0.0135117373696304,0.0705237575839652,0.0523222547263038,0.0123920012658047,0,0,0,0,0,0,0,0,0,1.04178624397542,-0.089277836983077,-0.0575402544303289
3.48130670037258,0.0365262807346918,0.0307220191699775,0.0134891540337081,0.0710477938305321,0.0524453721340352,0.0122220877715356,0,0,0,0,0,0,0,0,0,1.04089025125276,-0.0898557063317781,-0.0579922011789317
3.49131045525871,0.0368342908674519,0.0308568469858434,0.0134662314004804,0.071573053196434,0.0525667852817374,0.012051279086866,0,0,0,0,0,0,0,0,0,1.03998845505289,-0.0904381165148791,-0.0584480975141112
3.50131421014483,0.0371436486320229,0.0309914438058011,0.0134429727387693,0.0720995185880672,0.0526864852708964,0.0118795865641033,0,0,0,0,0,0,0,0,0,1.0390808097528,-0.0910251072139615,-0.0589079776990151
3.51131796503096,0.037454351700819,0.0311258062847101,0.013419381330727,0.0726271728233783,0.0528044633167527,0.0117070215932178,0,0,0,0,0,0,0,0,0,1.03816726933079,-0.091616718454356,-0.0593718761917453
3.52132171991709,0.0377663977129549,0.0312599311103289,0.0133954604715133,0.073155998633004,0.0529207107486737,0.0115335956009315,0,0,0,0,0,0,0,0,0,1.03724778736303,-0.092212990607065,-0.0598398276683929
3.53132547480322,0.0380797842745754,0.0313938150034438,0.0133712134689732,0.073685978661414,0.0530352190105175,0.0113593200498083,0,0,0,0,0,0,0,0,0,1.03632231702009,-0.0928139643912015,-0.0603118670155871
3.54132922968935,0.0383945089591868,0.0315274547179939,0.013346643643315,0.0742170954680592,0.0531479796609859,0.0111842064373425,0,0,0,0,0,0,0,0,0,1.03539081106347,-0.0934196808757624,-0.0607880293090114
3.55133298457547,0.0387105693079889,0.0316608470411935,0.0133217543267878,0.0747493315285213,0.05325898437397,0.0110082662950485,0,0,0,0,0,0,0,0,0,1.03445322184205,-0.0940301814816378,-0.0612683498290636
3.5613367394616,0.0390279628302082,0.0317939887936507,0.0132965488633589,0.0752826692356674,0.0533682249388854,0.0108315111875508,0,0,0,0,0,0,0,0,0,1.03350950128859,-0.0946455079836974,-0.061752864063003
3.57134049434773,0.0393466870034334,0.0319268768294832,0.0132710306083922,0.0758170909008069,0.0534756932609996,0.0106539527116721,0,0,0,0,0,0,0,0,0,1.03255960091616,-0.0952657025128431,-0.0622416076879033
3.58134424923386,0.0396667392739503,0.0320595080364305,0.0132452029283251,0.0763525787548526,0.0535813813617488,0.0104756024955239,0,0,0,0,0,0,0,0,0,1.0316034718146,-0.095890807557754,-0.062734616568012
3.59134800411999,0.0399881170570789,0.0321918793359633,0.0132190692003468,0.0768891149494839,0.0536852813790468,0.0102964721975952,0,0,0,0,0,0,0,0,0,1.03064106464688,-0.0965208659668863,-0.0632319267662628
3.60135175900611,0.0403108177375119,0.032323987683389,0.0131926328120758,0.0774266815583137,0.0537873855675843,0.010116573505842,0,0,0,0,0,0,0,0,0,1.02967232964554,-0.0971559209504486,-0.0637335745240896
3.61135551389224,0.0406348386696531,0.0324558300679551,0.0131658971612373,0.0779652605780578,0.0538876862991188,0.00993591813677677,0,0,0,0,0,0,0,0,0,1.02869721660903,-0.0977960160819979,-0.064239596265746
3.62135926877837,0.0409601771779576,0.0325874035129481,0.0131388656553416,0.0785048339297082,0.0539861760627563,0.00975451783455766,0,0,0,0,0,0,0,0,0,1.02771567489809,-0.0984411953005013,-0.0647500285995441
3.6313630236645,0.0412868305572729,0.0327187050757901,0.0131115417113611,0.0790453834597073,0.0540828474652227,0.00957238437007819,0,0,0,0,0,0,0,0,0,1.02672765343207,-0.0990915029119571,-0.0652649083018727
3.64136677855063,0.0416147960731809,0.0328497318481316,0.0130839287554084,0.0795868909411267,0.054177693231127,0.00938952954005618,0,0,0,0,0,0,0,0,0,1.02573310068523,-0.0997469835911365,-0.065784272324944
3.65137053343675,0.0419440709623406,0.0329804809559415,0.013056030222414,0.0801293380748475,0.0542707062032151,0.00920596516612354,0,0,0,0,0,0,0,0,0,1.02473196468311,-0.100407682383359,-0.0663081577802845
3.66137428832288,0.0422746524328319,0.033110949559594,0.0130278495558036,0.0806727064907431,0.0543618793426145,0.00902170309391528,0,0,0,0,0,0,0,0,0,1.02372419299874,-0.101073644705906,-0.0668366019449439
3.67137804320901,0.0426065376645001,0.033241134853951,0.0129993902071764,0.0812169777488653,0.0544512057290696,0.0088367551921593,0,0,0,0,0,0,0,0,0,1.02270973274894,-0.101744916349917,-0.067369642259603
3.68138179809514,0.0429397238093017,0.0333710340684435,0.0129706556359823,0.081762133340631,0.0545386785611686,0.00865113335176533,0,0,0,0,0,0,0,0,0,1.02168853059059,-0.102421543481768,-0.06790731630562
3.69138555298127,0.0432742079916501,0.0335006444671476,0.0129416493091999,0.0823081546900132,0.0546242911565605,0.00846484948491448,0,0,0,0,0,0,0,0,0,1.02066053271684,-0.103103572644509,-0.0684496618112385
3.7013893078674,0.043609987308763,0.0336299633488586,0.0129123747010141,0.0828550231547326,0.0547080369521631,0.00827791552414885,0,0,0,0,0,0,0,0,0,1.01962568485335,-0.103791050759364,-0.0689967166527882
3.71139306275352,0.0439470588310096,0.0337589880471613,0.0128828352924938,0.0834027200274519,0.0547899095043632,0.00809034342146052,0,0,0,0,0,0,0,0,0,1.0185839322545,-0.104484025127194,-0.0695485188391803
3.72139681763965,0.0442854196022594,0.0338877159304974,0.0128530345712695,0.0839512265369718,0.0548699024892053,0.00790214514738117,0,0,0,0,0,0,0,0,0,1.01753521969957,-0.105182543429685,-0.0701051065075814
3.73140057252578,0.0446250666402311,0.0340161444022296,0.0128229760312113,0.0845005238494289,0.0549480097025733,0.00771333269007128,0,0,0,0,0,0,0,0,0,1.01647949148896,-0.105886653730729,-0.0706665179223937
3.74140432741191,0.0449659969368422,0.0341442709007022,0.0127926631721062,0.0850505930694956,0.0550242250603619,0.00752391805440984,0,0,0,0,0,0,0,0,0,1.01541669144031,-0.106596404477589,-0.0712327914522976
3.75140808229804,0.0453082074585589,0.0342720928992987,0.0127620994993363,0.0856014152415812,0.0550985425986399,0.00733391326108314,0,0,0,0,0,0,0,0,0,1.01434676288469,-0.107311844501816,-0.0718039655844775
3.76141183718416,0.0456516951467477,0.0343996079064962,0.0127312885235558,0.0861529713510351,0.0551709564738032,0.00714333034567467,0,0,0,0,0,0,0,0,0,1.01326964866276,-0.108033023020707,-0.0723800789169454
3.77141559207029,0.0459964569180261,0.0345268134659168,0.0127002337603694,0.0867052423253514,0.0552414609627192,0.00695218135775444,0,0,0,0,0,0,0,0,0,1.01218529112087,-0.108759989638064,-0.0729611701275423
3.78141934695642,0.0463424896646145,0.034653707156375,0.0126689387300097,0.0872582090353743,0.0553100504628626,0.00676047835996807,0,0,0,0,0,0,0,0,0,1.01109363210724,-0.109492794345029,-0.0735472779862265
3.79142310184255,0.0466897902546885,0.0347802865919227,0.0126374069570149,0.0878118522965054,0.0553767194924417,0.00656823342712628,0,0,0,0,0,0,0,0,0,1.00999461296802,-0.110231487521096,-0.0741384413485059
3.80142685672868,0.0470383555327321,0.0349065494218907,0.0126056419699065,0.0883661528699125,0.0554414626905147,0.00637545864529437,0,0,0,0,0,0,0,0,0,1.00888817454345,-0.110976119934809,-0.0747346991294341
3.8114306116148,0.0473881823198899,0.0350324933309269,0.0125736473008669,0.0889210914637387,0.0555042748170989,0.00618216611088174,0,0,0,0,0,0,0,0,0,1.00777425716394,-0.111726742744255,-0.0753360903113023
3.82143436650093,0.0477392674143214,0.035158116039031,0.0125414264854173,0.0894766487343128,0.0555651507532689,0.0059883679297307,0,0,0,0,0,0,0,0,0,1.00665280064618,-0.112483407497916,-0.0759426539395114
3.83143812138706,0.0480916075915543,0.0352834153015867,0.0125089830620955,0.0900328052873611,0.0556240855012465,0.00579407621620629,0,0,0,0,0,0,0,0,0,1.00552374428921,-0.11324616613508,-0.0765544290892363
3.84144187627319,0.0484451996048391,0.0354083889093902,0.0124763205721332,0.09058954167922,0.0556810741844813,0.00559930309228576,0,0,0,0,0,0,0,0,0,1.00438702687056,-0.114015070986028,-0.0771714548682601
3.85144563115932,0.0488000401855028,0.0355330346886754,0.012443442559134,0.0911468384180484,0.0557361120477228,0.00540406068664762,0,0,0,0,0,0,0,0,0,1.00324258664227,-0.114790174772496,-0.0777937704181229
3.86144938604544,0.0491561260433043,0.0356573505011358,0.012410352568751,0.0917046759650418,0.0557891944570823,0.00520836113376107,0,0,0,0,0,0,0,0,0,1.00209036132704,-0.11557153060789,-0.0784214148923604
3.87145314093157,0.0495134538667887,0.0357813342439441,0.0123770541483646,0.092263034735647,0.0558403169000869,0.00501221657297545,0,0,0,0,0,0,0,0,0,1.00093028811424,-0.116359191997309,-0.0790544274435328
3.8814568958177,0.0498720203236423,0.035904983849767,0.0123435508467601,0.0928218951007761,0.0558894749857228,0.0048156391476098,0,0,0,0,0,0,0,0,0,0.99976230365606,-0.117153212837506,-0.0796928472055133
3.89146065070383,0.0502318220610481,0.0360282972867784,0.0123098462138054,0.0933812373880229,0.0559366644444714,0.00461864100404191,0,0,0,0,0,0,0,0,0,0.998586344063544,-0.117953647416553,-0.0803367133008014
3.90146440558996,0.050592855706041,0.0361512725586681,0.0122759438001287,0.0939410418828774,0.0559818811283353,0.00442123429079765,0,0,0,0,0,0,0,0,0,0.9974023449027,-0.118760550413943,-0.0809860648295436
3.91146816047609,0.0509551178658625,0.0362739077046479,0.0122418471567964,0.0945012888299419,0.0560251210108541,0.00422343115764089,0,0,0,0,0,0,0,0,0,0.996210241190578,-0.119573976900046,-0.0816409408204857
3.92147191536221,0.051318605128317,0.0363962007994546,0.0122075598349904,0.095061958434147,0.0560663801871138,0.00402524375466221,0,0,0,0,0,0,0,0,0,0.995009967391365,-0.120393982335225,-0.0823013802562234
3.93147567024834,0.0516833140621265,0.0365181499533494,0.0121730853856862,0.0956230308619678,0.0561056548737446,0.00382668423136864,0,0,0,0,0,0,0,0,0,0.993801457412485,-0.121220622569793,-0.0829674220584356
3.94147942513447,0.0520492412172861,0.036639753312114,0.0121384273593305,0.0961844862426388,0.0561429414089103,0.00362776473577315,0,0,0,0,0,0,0,0,0,0.992584644600701,-0.122053953842838,-0.0836391050371708
3.9514831800206,0.0524163831254198,0.0367610090570442,0.0121035893055186,0.0967463046693708,0.0561782362522897,0.00342849741348344,0,0,0,0,0,0,0,0,0,0.991359461738232,-0.122894032781167,-0.0843164679144357
3.96148693490673,0.0527847363001349,0.0368819154049394,0.0120685747726726,0.0973084662005652,0.0562115359850471,0.0032288944067921,0,0,0,0,0,0,0,0,0,0.99012584103888,-0.123740916398598,-0.0849995492985204
3.97149068979285,0.0531542972373777,0.0370024706080891,0.0120333873077186,0.0978709508610303,0.056242837309795,0.00302896785376537,0,0,0,0,0,0,0,0,0,0.98888371414416,-0.124594662094394,-0.0856883876595912
3.98149444467898,0.0535250624157884,0.0371226729542568,0.0119980304557649,0.0984337386431951,0.0562721370505474,0.0028287298873329,0,0,0,0,0,0,0,0,0,0.987633012119455,-0.125455327652066,-0.0863830213186108
3.99149819956511,0.0538970282970554,0.0372425207666599,0.0119625077597793,0.0989968095083236,0.0562994321526633,0.00262819263437687,0,0,0,0,0,0,0,0,0,0.986373665450179,-0.126322971237584,-0.0870834884265149
4.00150195445124,0.0542701913262706,0.0373620124039467,0.0119268227602669,0.099560143387729,0.0563247196827825,0.00242736821482126,0,0,0,0,0,0,0,0,0,0.985105604037959,-0.127197651397762,-0.0877898269661643
4.01150570933737,0.0546445479322832,0.0374811462601702,0.0118909789949481,0.100123720183986,0.0563479968287505,0.00222626874072183,0,0,0,0,0,0,0,0,0,0.98382875719683,-0.128079427058514,-0.0885020747071676
4.0215094642235,0.0550200945280539,0.0375999207647586,0.0118549799984357,0.100687519772144,0.0563692608995358,0.00202490631535469,0,0,0,0,0,0,0,0,0,0.982543053649461,-0.128968357522331,-0.0892202691980832
4.03151321910962,0.0553968275110084,0.0377183343824826,0.0118188293019132,0.101251522000935,0.0563885093251377,0.00182329303230639,0,0,0,0,0,0,0,0,0,0.981248421523391,-0.129864502466378,-0.0899444477672086
4.04151697399575,0.0557747432633911,0.0378363856134196,0.0117825304328121,0.101815706693989,0.0564057396564843,0.00162144097456272,0,0,0,0,0,0,0,0,0,0.979944788347295,-0.130767921939993,-0.0906746474662145
4.05152072888188,0.0561538381526183,0.0379540729929144,0.01174608691449,0.10238005365104,0.0564209495653217,0.00141936221359852,0,0,0,0,0,0,0,0,0,0.978632081047279,-0.131678676361654,-0.0914109050622441
4.06152448376801,0.0565341085316298,0.0380713950915368,0.0117095022659078,0.102944542649132,0.0564341368440954,0.00121706880846679,0,0,0,0,0,0,0,0,0,0.977310225943192,-0.132596826516317,-0.092153257046167
4.07152823865413,0.0569155507392423,0.038188350515036,0.0116727800013078,0.103509153443832,0.0564452994058205,0.00101457280488806,0,0,0,0,0,0,0,0,0,0.975979148744983,-0.13352243355255,-0.092901739582703
4.08153199354026,0.0572981611005004,0.0383049379042923,0.0116359236298912,0.10407386577043,0.0564544352839438,0.00081188623433994,0,0,0,0,0,0,0,0,0,0.974638774549074,-0.134455558978877,-0.093656388469917
4.09153574842639,0.0576819359270277,0.0384211559352643,0.0115989366554958,0.104638659345144,0.0564615426321974,0.00060902111314642,0,0,0,0,0,0,0,0,0,0.973289027834779,-0.135396264660096,-0.0944172391597432
4.10153950331252,0.0580668715173777,0.0385370033189338,0.0115618225762741,0.105203513866326,0.0564666197244421,0.000405989441567304,0,0,0,0,0,0,0,0,0,0.97192983246076,-0.136344612814035,-0.0951843267155572
4.11154325819865,0.0584529641573842,0.0386524788012479,0.0115245848843702,0.105768409015657,0.0564696649545019,0.000202803202887154,0,0,0,0,0,0,0,0,0,0.970561111661508,-0.137300666007024,-0.0959576857694532
4.12154701308478,0.0588402101205098,0.0387675811630565,0.0114872270655983,0.106333324459352,0.0564706768359903,-5.25637494521405e-07,0,0,0,0,0,0,0,0,0,0.969182788043887,-0.138264487149791,-0.0967373505275244
4.1315507679709,0.0592286056681957,0.038882309220048,0.0114497525991198,0.106898239849354,0.0564696540021263,-0.000203985132974589,0,0,0,0,0,0,0,0,0,0.967794783583702,-0.139236139493045,-0.0975233547207645
4.14155452285703,0.0596181470502094,0.0389966618226807,0.0114121649571216,0.107463134824532,0.0564665952055419,-0.000407563356656861,0,0,0,0,0,0,0,0,0,0.966397019622329,-0.14021568662239,-0.098315731588118
4.15155827774316,0.0600088305049925,0.0391106378561117,0.0113744676044933,0.10802798901187,0.0564614993180808,-0.000611248402262133,0,0,0,0,0,0,0,0,0,0.964989416863381,-0.141203192453561,-0.0991145138422268
4.16156203262929,0.0604006522600068,0.0392242362401219,0.0113366639985049,0.108592782027663,0.0564543653305868,-0.000815028385039576,0,0,0,0,0,0,0,0,0,0.96357189536944,-0.142198721226661,-0.0999197336460134
4.17156578751542,0.0607936085320812,0.0393374559290387,0.011298757588485,0.109157493478708,0.0564451923526848,-0.00101889144267695,0,0,0,0,0,0,0,0,0,0.962144374558837,-0.143202337500925,-0.100731422600576
4.18156954240154,0.061187695527756,0.0394502959116545,0.0112607518154981,0.109722102963483,0.0564339796125511,-0.00122282573621105,0,0,0,0,0,0,0,0,0,0.960706773202481,-0.144214106148715,-0.101549611676493
4.19157329728767,0.061582909443628,0.0395627552111428,0.0112226501120221,0.11028659007334,0.0564207264566756,-0.0014268194509388,0,0,0,0,0,0,0,0,0,0.959259009420769,-0.145234092348911,-0.102374331196518
4.2015770521738,0.0619792464666934,0.0396748328849703,0.0111844559016265,0.110850934393685,0.0564054323496143,-0.00163086079732761,0,0,0,0,0,0,0,0,0,0.957801000680545,-0.146262361580557,-0.103205610825416
4.21158080705993,0.0623767027746908,0.0397865280248063,0.0111461725986501,0.111415115505153,0.0563880968737333,-0.00183493801192596,0,0,0,0,0,0,0,0,0,0.956332663792133,-0.147298979616052,-0.104043479526582
4.22158456194606,0.0627752745364427,0.0398978397564288,0.0111078036078781,0.111979112984793,0.0563687197289429,-0.00203903935827425,0,0,0,0,0,0,0,0,0,0.954853914906434,-0.148344012513925,-0.104887965501816
4.23158831683218,0.0631749579121967,0.0400087672396277,0.0110693523242202,0.112542906407238,0.0563473007324236,-0.00224315312781507,0,0,0,0,0,0,0,0,0,0.953364669512105,-0.149397526610822,-0.105739096177445
4.24159207171831,0.0635757490539641,0.0401193096681034,0.0110308221323887,0.113106475345877,0.0563238398183417,-0.00244726764080438,0,0,0,0,0,0,0,0,0,0.951864842432817,-0.150459588514005,-0.106596898190475
4.25159582660444,0.06397764410586,0.0402294662693642,0.0109922164065754,0.113669799374024,0.0562983370375572,-0.0026513712472214,0,0,0,0,0,0,0,0,0,0.950354347824581,-0.15153026509306,-0.107461397310086
4.26159958149057,0.0643806392044401,0.0403392363046189,0.0109535385101297,0.114232858066084,0.0562707925573213,-0.00285545232767983,0,0,0,0,0,0,0,0,0,0.948833099173175,-0.152609623470827,-0.108332618416286
4.2716033363767,0.0647847304790375,0.0404486190686668,0.0109147917952365,0.114795630998719,0.0562412066609659,-0.00305949929433828,0,0,0,0,0,0,0,0,0,0.947301009291648,-0.153697731014678,-0.109210585465791
4.28160709126283,0.0651899140520984,0.0405576138897844,0.0108759796025936,0.115358097752,0.0562095797475831,-0.00326350059181088,0,0,0,0,0,0,0,0,0,0.945757990317925,-0.154794655326767,-0.110095321449595
4.29161084614895,0.0655961860395158,0.0406662201296092,0.0108371052610894,0.115920237910571,0.0561759123316963,-0.003467444698078,0,0,0,0,0,0,0,0,0,0.944203953712505,-0.15590046423446,-0.110986848347967
4.30161460103508,0.0660035425509634,0.0407744371830193,0.0107981720874808,0.116482031064799,0.0561402050429212,-0.0036713201253966,0,0,0,0,0,0,0,0,0,0.942638810256255,-0.157015225779681,-0.111885187086902
4.31161835592121,0.0664119796902271,0.0408822644780112,0.0107591833860709,0.117043456811924,0.0561024586256196,-0.00387511542121123,0,0,0,0,0,0,0,0,0,0.941062470048325,-0.158139008208472,-0.112790357503488
4.32162211080734,0.0668214935555356,0.0409897014755728,0.0107201424483863,0.117604494757203,0.0560626739385413,-0.00407881916906443,0,0,0,0,0,0,0,0,0,0.939474842504149,-0.159271879959648,-0.113702378282057
4.33162586569347,0.0672320802398901,0.0410967476695546,0.0106810525528554,0.118165124515055,0.0560208519544596,-0.00428241998950726,0,0,0,0,0,0,0,0,0,0.937875836353587,-0.160413909653079,-0.114621266931052
4.34162962057959,0.0676437358313921,0.041203402586537,0.0106419169644857,0.118725325710202,0.0559769937597961,-0.00448590654101029,0,0,0,0,0,0,0,0,0,0.936265359639159,-0.16156516607788,-0.115547039721216
4.35163337546572,0.0680564564135705,0.0413096657856937,0.0106027389345414,0.119285077978797,0.0559311005542367,-0.00468926752087392,0,0,0,0,0,0,0,0,0,0.934643319714427,-0.162725718179457,-0.116479711639221
4.36163713035185,0.0684702380657063,0.0414155368586537,0.0105635217002217,0.119844360969561,0.0558831736503387,-0.00489249166613903,0,0,0,0,0,0,0,0,0,0.933009623242486,-0.163895635046771,-0.117419296344982
4.37164088523798,0.0688850768631575,0.0415210154293584,0.0105242684843377,0.12040315434491,0.0558332144731287,-0.00509556775449773,0,0,0,0,0,0,0,0,0,0.931364176194599,-0.165074985898531,-0.118365806098645
4.38164464012411,0.0693009688776808,0.0416261011539158,0.0104849824949909,0.120961437782074,0.0557812245596915,-0.00529848460520399,0,0,0,0,0,0,0,0,0,0.929706883848966,-0.166263840068991,-0.119319251728959
4.39164839501023,0.069717910177753,0.0417307937204522,0.0104456669252502,0.121519190974219,0.0557272055587497,-0.00550123107998409,0,0,0,0,0,0,0,0,0,0.928037650789646,-0.167462266993516,-0.120279642593352
4.40165214989636,0.0701358968288907,0.0418350928489601,0.0104063249528301,0.122076393631563,0.0556711592302341,-0.00570379608394747,0,0,0,0,0,0,0,0,0,0.926356380905609,-0.168670336193581,-0.121246986486121
4.41165590478249,0.0705549248939678,0.0419389982911431,0.010366959739768,0.122633025482481,0.0556130874448452,-0.00590616856649683,0,0,0,0,0,0,0,0,0,0.924662977389963,-0.169888117260494,-0.122221289587117
4.42165965966862,0.0709749904335326,0.0420425098302569,0.0103275744321024,0.123189066274617,0.0555529921836059,-0.00610833752224,0,0,0,0,0,0,0,0,0,0.92295734273933,-0.171115679839373,-0.123202556433193
4.43166341455475,0.0713960895061221,0.0421456272809481,0.0102881721595501,0.12374449577598,0.055490875537404,-0.00631029199189883,0,0,0,0,0,0,0,0,0,0.92123937875339,-0.172353093612298,-0.1241907898397
4.44166716944087,0.0718182181685753,0.0422483504890895,0.0102487560351842,0.124299293776047,0.0554267397065274,-0.00651202106322123,0,0,0,0,0,0,0,0,0,0.919508986534603,-0.173600428280715,-0.125185990834933
4.451670924327,0.0722413724763451,0.0423506793316116,0.0102093291551117,0.124853440086848,0.0553605870001879,-0.00671351387189139,0,0,0,0,0,0,0,0,0,0.917766066488096,-0.174857753547277,-0.126188158599544
4.46167467921313,0.0726655484838078,0.0424526137163313,0.0101698945981513,0.125406914544059,0.0552924198360378,-0.00691475960243985,0,0,0,0,0,0,0,0,0,0.916010518321751,-0.176125139097038,-0.127197290412053
4.47167843409926,0.073090742244571,0.0425541535817775,0.0101304554255108,0.125959697008079,0.055222240739677,-0.00711574748915489,0,0,0,0,0,0,0,0,0,0.914242241046472,-0.177402654578201,-0.128213381575963
4.48168218898539,0.0735169498117807,0.0426552988970134,0.0100910146804654,0.126511767365113,0.0551500523441498,-0.00731646681699294,0,0,0,0,0,0,0,0,0,0.912461132976654,-0.178690369581853,-0.129236425344892
4.49168594387151,0.073944167238425,0.0427560496614549,0.0100515753880346,0.127063105528241,0.0550758573894341,-0.00751690692248875,0,0,0,0,0,0,0,0,0,0.910667091730855,-0.17998835362122,-0.130266412877794
4.50168969875764,0.0743723905776375,0.0428564059046872,0.0100121405546606,0.127613691438485,0.0549996587219207,-0.00771705719466661,0,0,0,0,0,0,0,0,0,0.908860014232685,-0.181296676110502,-0.131303333151383
4.51169345364377,0.0748016158829977,0.0429563676862769,0.00997271316788573,0.128163505065873,0.0549214592938838,-0.00791690707595072,0,0,0,0,0,0,0,0,0,0.907039796711897,-0.182615406342376,-0.132347172872952
4.5216972085299,0.0752318392088302,0.0430559350955812,0.00993329619603003,0.128712526410492,0.0548412621629418,-0.00811644606307604,0,0,0,0,0,0,0,0,0,0.905206334705725,-0.183944613465088,-0.133397916438375
4.53170096341603,0.0756630566105016,0.0431551082515543,0.00989389258786908,0.129260735503544,0.0547590704915099,-0.00831566370799809,0,0,0,0,0,0,0,0,0,0.90335952306044,-0.185284366459116,-0.134455545841705
4.54170471830216,0.0760952641447161,0.04325388730255,0.00985450527231181,0.129808112408388,0.0546748875462431,-0.00851454961880494,0,0,0,0,0,0,0,0,0,0.901499255933148,-0.18663473411245,-0.135520040596673
4.55170847318828,0.0765284578698078,0.0433522724261215,0.00981513715807794,0.130354637221578,0.0545887166974698,-0.00871309346062677,0,0,0,0,0,0,0,0,0,0.899625426793843,-0.18799578499569,-0.136591377665693
4.56171222807441,0.0769626338460323,0.043450263828818,0.00977579113337595,0.130900290073905,0.0545005614186169,-0.00891128495654663,0,0,0,0,0,0,0,0,0,0.897737928427704,-0.189367587435903,-0.137669531366945
4.57171598296054,0.0773977881358558,0.0435478617459774,0.0097364700655806,0.131445051131417,0.0544104252856254,-0.00910911388851153,0,0,0,0,0,0,0,0,0,0.89583665293767,-0.190750209489856,-0.138754473302827
4.58171973784667,0.0778339168042418,0.0436450664415166,0.00969717680091067,0.131988900596446,0.0543183119763566,-0.00930657009824282,0,0,0,0,0,0,0,0,0,0.893921491747276,-0.192143718916453,-0.139846172273542
4.5917234927328,0.0782710159189358,0.0437418782077185,0.00965791416410676,0.132531818708625,0.0542242252699906,-0.00950364348814662,0,0,0,0,0,0,0,0,0,0.891992335603772,-0.193548183148232,-0.140944594194769
4.60172724761892,0.0787090815507487,0.0438382973650149,0.00961868495810884,0.133073785745895,0.0541281690464136,-0.00970032402222456,0,0,0,0,0,0,0,0,0,0.890049074581535,-0.194963669262152,-0.142049702003913
4.61173100250505,0.0791481097738362,0.0439343242617674,0.009579491963734,0.133614782025513,0.0540301472855975,-0.00989660172698483,0,0,0,0,0,0,0,0,0,0.888091598085774,-0.196390243949221,-0.143161455575122
4.62173475739118,0.0795880966659783,0.0440299592740439,0.00954033793935434,0.134154787905049,0.0539301640669705,-0.0100924666923521,0,0,0,0,0,0,0,0,0,0.886119794856545,-0.197827973483581,-0.14427981162125
4.63173851227731,0.0800290383088543,0.0441252028053931,0.00950122562057425,0.134693783783377,0.0538282235687774,-0.0102879090725786,0,0,0,0,0,0,0,0,0,0.884133552973076,-0.199276923690173,-0.145404723612865
4.64174226716344,0.0804709307883171,0.0442200552866145,0.0094621577199086,0.135231750101659,0.0537243300674321,-0.0104829190871544,0,0,0,0,0,0,0,0,0,0.882132759858429,-0.200737159912198,-0.146536141696892
4.65174602204956,0.0809137701946647,0.0443145171755264,0.00942313692646009,0.135768667344328,0.0536184879368603,-0.0106774870217188,0,0,0,0,0,0,0,0,0,0.880117302284478,-0.202208746977162,-0.147674012552733
4.66174977693569,0.0813575526229091,0.0444085889567296,0.00938416590559712,0.136304516040057,0.0535107016478326,-0.01087160322897,0,0,0,0,0,0,0,0,0,0.878087066377248,-0.203691749161455,-0.148818279323607
4.67175353182182,0.0818022741730429,0.0445022711413684,0.00934524729863138,0.136839276762724,0.0534009757672904,-0.0110652581295762,0,0,0,0,0,0,0,0,0,0.876041937622602,-0.205186230155019,-0.149968881545831
4.68175728670795,0.082247930950304,0.0445955642668888,0.0093063837224958,0.137372930132373,0.05328931495766,-0.0112584422130861,0,0,0,0,0,0,0,0,0,0.873981800872289,-0.206692253024518,-0.151125755002103
4.69176104159408,0.0826945190654374,0.0446884688967924,0.00926757776942176,0.137905456816164,0.0531757239761598,-0.0114511460388402,0,0,0,0,0,0,0,0,0,0.871906540350364,-0.208209880175063,-0.152288831619991
4.70176479648021,0.0831420346349544,0.044780985620388,0.00922883200661741,0.138436837529318,0.0530602076740975,-0.0116433602368799,0,0,0,0,0,0,0,0,0,0.869816039660006,-0.20973917331136,-0.153458039402597
4.71176855136633,0.0835904737813896,0.0448731150525398,0.00919014897594481,0.138967053036054,0.052942770996158,-0.0118350755088598,0,0,0,0,0,0,0,0,0,0.867710181790712,-0.211280193398042,-0.154633302302364
4.72177230625246,0.0840398326335553,0.0449648578334117,0.00915153119359807,0.139496084150524,0.0528234189796825,-0.0120262826289569,0,0,0,0,0,0,0,0,0,0.86558884912591,-0.212833000618291,-0.155814540087949
4.73177606113859,0.0844901073267935,0.0450562146282096,0.00911298114978075,0.140023911737729,0.0527021567539385,-0.0122169724447828,0,0,0,0,0,0,0,0,0,0.863451923450983,-0.214397654331511,-0.157001668261371
4.74177981602472,0.0849412940032248,0.0451471861269193,0.00907450130838372,0.140550516714441,0.052578989539381,-0.0124071358782926,0,0,0,0,0,0,0,0,0,0.861299285961724,-0.215974213030291,-0.158194597954801
4.75178357091085,0.0853933888119951,0.0452377730440416,0.00903609410666281,0.141075880050106,0.0524539226469034,-0.0125967639266967,0,0,0,0,0,0,0,0,0,0.859130817273224,-0.21756273429601,-0.159393235802226
4.76178732579697,0.0858463879095193,0.0453279761183249,0.00899776195491653,0.141599982767753,0.0523269614770811,-0.0127858476633715,0,0,0,0,0,0,0,0,0,0.856946397429217,-0.219163274753235,-0.160597483802949
4.7717910806831,0.0863002874597232,0.045417796112493,0.0089595072361637,0.142122805944878,0.0521981115194039,-0.0129743782387687,0,0,0,0,0,0,0,0,0,0.854745905911879,-0.220775890022598,-0.161807239230709
4.78179483556923,0.086755083634281,0.0455072338129714,0.00892133230582132,0.142644330714337,0.0520673783515015,-0.0131623468813274,0,0,0,0,0,0,0,0,0,0.852529221652112,-0.222400634673366,-0.163022394528376
4.79179859045536,0.0872107726128517,0.0455962900296089,0.00888323949138205,0.143164538265218,0.051934767638358,-0.0133497448983842,0,0,0,0,0,0,0,0,0,0.850296223040296,-0.224037562174221,-0.164242837148706
4.80180234534149,0.0876673505833119,0.0456849655953971,0.00884523109209212,0.143683409843716,0.0518002851315185,-0.0135365636770835,0,0,0,0,0,0,0,0,0,0.848046787937559,-0.225686724842641,-0.165468449447022
4.81180610022761,0.0881248137419856,0.0457732613661862,0.00880730937862884,0.144200926753993,0.0516639366682857,-0.0137227946852889,0,0,0,0,0,0,0,0,0,0.845780793687538,-0.227348173793532,-0.166699108573939
4.82180985511374,0.0885831582938719,0.0458611782203973,0.00876947659277848,0.144717070359029,0.0515257281709086,-0.0139084294724927,0,0,0,0,0,0,0,0,0,0.84349811712868,-0.229021958886461,-0.167934686334482
4.83181360999987,0.0890423804528689,0.0459487170587318,0.00873173494711385,0.145231822081473,0.0513856656457606,-0.0140934596707279,0,0,0,0,0,0,0,0,0,0.841198634607056,-0.23070812867147,-0.169175049056618
4.841817364886,0.0895024764419955,0.0460358788038779,0.00869408662467204,0.145745163404475,0.0512437551825097,-0.0142778769954772,0,0,0,0,0,0,0,0,0,0.838882221989747,-0.232406730333683,-0.170420057470885
4.85182111977213,0.0899634424936093,0.0461226644002133,0.00865653377863222,0.14625707587252,0.0511000029532788,-0.0144616732465851,0,0,0,0,0,0,0,0,0,0.836548754678767,-0.234117809636707,-0.1716695665928
4.86182487465825,0.0904252748496231,0.0462090748135047,0.008619078531993,0.146767541092244,0.0509544152117977,-0.0146448403091682,0,0,0,0,0,0,0,0,0,0.834198107625581,-0.235841410864888,-0.172923425582525
4.87182862954438,0.0908879697617161,0.0462951110306045,0.00858172297725062,0.147276540733252,0.0508069982925448,-0.0148273701545248,0,0,0,0,0,0,0,0,0,0.831830155346185,-0.237577576763901,-0.174181477578176
4.88183238443051,0.0913515234915444,0.0463807740591442,0.0085444691760763,0.147784056528913,0.0506577586098809,-0.015009254841047,0,0,0,0,0,0,0,0,0,0.829444771936808,-0.239326348479679,-0.175443559606811
4.89183613931664,0.0918159323109464,0.046466064927224,0.00850731915899406,0.148290070277164,0.0505067026571735,-0.0151904865151302,0,0,0,0,0,0,0,0,0,0.827041831090219,-0.241087765497214,-0.176709502467031
4.90183989420277,0.0922811925021467,0.0465509846830999,0.00847027492505845,0.148794563841289,0.0503538370059116,-0.0153710574120843,0,0,0,0,0,0,0,0,0,0.824621206112651,-0.242861865577139,-0.17797913054522
4.91184364908889,0.0927473003579559,0.0466355343948672,0.00843333844153218,0.149297519150699,0.0501991683048114,-0.0155509598570442,0,0,0,0,0,0,0,0,0,0.822182769941376,-0.244648684690855,-0.179252261678269
4.92184740397502,0.0932142521819675,0.046719715150141,0.00839651164356375,0.1497989182017,0.0500427032789137,-0.0157301862658802,0,0,0,0,0,0,0,0,0,0.819726395162929,-0.246448256954366,-0.18052870704883
4.93185115886115,0.0936820442887513,0.046803528055733,0.0083597964338655,0.150298743058253,0.0498844487286718,-0.0159087291461093,0,0,0,0,0,0,0,0,0,0.817251954032006,-0.248260614561308,-0.181808271061489
4.94185491374728,0.0941506730040443,0.0468869742373254,0.00832319468239084,0.150796975852719,0.0497244115290292,-0.0160865810978049,0,0,0,0,0,0,0,0,0,0.814759318491028,-0.250085787714305,-0.183090751156391
4.95185866863341,0.0946201346649373,0.0469700548391423,0.00828670822601227,0.151293598786606,0.0495625986284898,-0.0162637348145076,0,0,0,0,0,0,0,0,0,0.81224836019041,-0.251923804554279,-0.184375937676628
4.96186242351954,0.0950904256200592,0.0470527710236161,0.00825033886819895,0.151788594131296,0.0493990170481783,-0.0164401830841373,0,0,0,0,0,0,0,0,0,0.809718950509544,-0.253774691089139,-0.185663613775338
4.97186617840566,0.0955615422297573,0.0471351239710524,0.00821408837869453,0.152281944228768,0.0492336738808917,-0.0166159187899013,0,0,0,0,0,0,0,0,0,0.807170960578493,-0.255638471121241,-0.186953555240409
4.98186993329179,0.0960334808662741,0.0472171148792911,0.00817795849319467,0.15277363149231,0.0490665762901407,-0.0167909349112069,0,0,0,0,0,0,0,0,0,0.804604261300421,-0.25751516617257,-0.188245530338076
4.99187368817792,0.0965062379139218,0.0472987449633635,0.00814195091302491,0.153263638407222,0.0488977315091837,-0.0169652245245713,0,0,0,0,0,0,0,0,0,0.802018723374791,-0.259404795409064,-0.189539299723885
5.00187744306405,0.0969798097692513,0.0473800154551476,0.00810606730481818,0.153751947531508,0.0487271468400503,-0.0171387808045324,0,0,0,0,0,0,0,0,0,0.799414217321304,-0.261307375564022,-0.190834616275445
5.01188119795018,0.0974541928412202,0.0474609276030189,0.00807030930019274,0.154238541496561,0.0485548296525563,-0.0173115970245593,0,0,0,0,0,0,0,0,0,0.796790613504631,-0.26322292085908,-0.192131224939058
5.0218849528363,0.0979293835513557,0.047541482671499,0.00803467849542972,0.154723403007833,0.0483807873833093,-0.0174836665579628,0,0,0,0,0,0,0,0,0,0.794147782159934,-0.265151442924546,-0.193428862609603
5.03188870772243,0.0984053783339138,0.0476216819409,0.00799917645115083,0.155206514845501,0.0482050275347055,-0.0176549828788061,0,0,0,0,0,0,0,0,0,0.791485593419191,-0.267092950717978,-0.194727257996695
5.04189246260856,0.0988821736360363,0.0477015267069663,0.00796380469199609,0.155687859865118,0.0480275576739175,-0.0178255395628161,0,0,0,0,0,0,0,0,0,0.788803917338344,-0.269047450441839,-0.196026131508393
5.05189621749469,0.0993597659179029,0.0477810182805133,0.00792856470630158,0.156167420998258,0.0478483854318722,-0.0179953302882925,0,0,0,0,0,0,0,0,0,0.786102623925275,-0.271014945459749,-0.197325195054325
5.06189997238082,0.0998381516528801,0.0478601579870623,0.00789345794577708,0.156645181253146,0.04766751850222,-0.0181643488370203,0,0,0,0,0,0,0,0,0,0.78338158316863,-0.272995436210201,-0.198624151929881
5.07190372726694,0.100317327327667,0.0479389471664728,0.00785848582518379,0.157121123715284,0.0474849646402963,-0.0183325890951792,0,0,0,0,0,0,0,0,0,0.780640665067518,-0.274988920120493,-0.199922696770369
5.08190748215307,0.100797289442435,0.0480173871725707,0.00782364972201196,0.157595231548059,0.0473007316620713,-0.0185000450542541,0,0,0,0,0,0,0,0,0,0.777879739662057,-0.27699539151953,-0.201220515323064
5.0919112370392,0.10127803451097,0.0480954793727745,0.0077889509761588,0.158067487993347,0.0471148274430918,-0.0186667108119467,0,0,0,0,0,0,0,0,0,0.775098677064821,-0.279014841547197,-0.202517284308749
5.10191499192533,0.101759559060802,0.0481732251477173,0.00775439088960586,0.158537876372102,0.0469272599174155,-0.0188325805730849,0,0,0,0,0,0,0,0,0,0.772297347493197,-0.281047258064388,-0.203812671385048
5.11191874681146,0.102241859633335,0.0482506258908658,0.00771997072609709,0.159006380084935,0.0467380370765335,-0.0189976486505351,0,0,0,0,0,0,0,0,0,0.769475621302632,-0.283092625561643,-0.205106334966693
5.12192250169759,0.10272493278398,0.0483276830081362,0.00768569171081627,0.159472982612687,0.0465471669682855,-0.0191619094661109,0,0,0,0,0,0,0,0,0,0.766633369020819,-0.285150925065586,-0.206397924086315
5.13192625658371,0.103208775082268,0.0484043979175074,0.00765155503006479,0.159937667516985,0.0463546576957653,-0.0193253575514849,0,0,0,0,0,0,0,0,0,0.763770461382814,-0.287222134044774,-0.207687078312062
5.14193001146984,0.103693383111979,0.0484807720486293,0.00761756183093946,0.160400418440787,0.0461605174162174,-0.0194879875490996,0,0,0,0,0,0,0,0,0,0.76088676936711,-0.289306226314486,-0.208973427654414
5.15193376635597,0.104178753471247,0.04855680684243,0.00758371322100993,0.160861219108923,0.0459647543399238,-0.0196497942130765,0,0,0,0,0,0,0,0,0,0.757982164232653,-0.291403171940711,-0.21025659239838
5.1619375212421,0.104664882772679,0.0486325037507185,0.00755001026799688,0.161320053328615,0.0457673767290825,-0.0198107724101286,0,0,0,0,0,0,0,0,0,0.75505651755684,-0.293512937141578,-0.211536182990905
5.17194127612823,0.105151767643456,0.048707864235784,0.00751645399944915,0.161776904989993,0.045568392896677,-0.0199709171204701,0,0,0,0,0,0,0,0,0,0.752109701274509,-0.295635484189087,-0.212811800025231
5.18194503101435,0.105639404725439,0.0487828897699929,0.0074830454024218,0.162231758066599,0.0453678112053361,-0.0201302234387262,0,0,0,0,0,0,0,0,0,0.749141587717901,-0.297770771310234,-0.214083034102628
5.19194878590048,0.106127790675267,0.0488575818353823,0.00744978542315387,0.162684596615875,0.0451656400661846,-0.0202886865748457,0,0,0,0,0,0,0,0,0,0.746152049657627,-0.29991875258597,-0.215349465668672
5.20195254078661,0.106616922164451,0.0489319419232492,0.00741667496674562,0.163135404779645,0.0449618879376844,-0.0204463018550099,0,0,0,0,0,0,0,0,0,0.743140960344654,-0.30207937784905,-0.216610664991383
5.21195629567274,0.107106795879466,0.0490059715337382,0.00738371489683684,0.163584166784579,0.0447565633244692,-0.020603064722544,0,0,0,0,0,0,0,0,0,0.740108193553315,-0.30425259258256,-0.217866192141513
5.22196005055887,0.107597408521836,0.049079672175425,0.00735090603528419,0.164030866942653,0.0445496747761664,-0.0207589707388276,0,0,0,0,0,0,0,0,0,0.737053623625324,-0.306438337817366,-0.219115596807171
5.23196380544499,0.108088756808217,0.0491530453648961,0.00731824916183889,0.16447548965159,0.0443412308862112,-0.020914015584205,0,0,0,0,0,0,0,0,0,0.73397712551484,-0.308636550026933,-0.220358418237616
5.24196756033112,0.108580837470475,0.0492260926263269,0.0072857450138246,0.164918019395296,0.0441312402906537,-0.0210681950588971,0,0,0,0,0,0,0,0,0,0.730878574834585,-0.310847161023654,-0.221594185255338
5.25197131521725,0.109073647255759,0.0492988154910553,0.00725339428581489,0.165358440744277,0.0439197116669538,-0.02122150508391,0,0,0,0,0,0,0,0,0,0.727757847902981,-0.313070097853905,-0.22282241616663
5.26197507010338,0.109567182926573,0.0493712154971518,0.00722119762931129,0.165796738356048,0.0437066537327688,-0.0213739417019469,0,0,0,0,0,0,0,0,0,0.724614821792372,-0.315305282692585,-0.224042618697824
5.27197882498951,0.110061441260836,0.0494432941889883,0.00718915565242046,0.166232896975528,0.043492075244731,-0.021525501078319,0,0,0,0,0,0,0,0,0,0.721449374378266,-0.317552632736903,-0.225254289963662
5.28198257987563,0.11055641905195,0.0495150531168011,0.00715726891953263,0.166666901435428,0.0432759849972175,-0.0216761795018553,0,0,0,0,0,0,0,0,0,0.718261384389683,-0.319812060100276,-0.226456916459248
5.29198633476176,0.111052113108851,0.0495864938362529,0.00712553795099848,0.167098736656617,0.0430583918211088,-0.0218259733858133,0,0,0,0,0,0,0,0,0,0.715050731460524,-0.322083471705957,-0.227649974008747
5.30199008964789,0.111548520256062,0.0496576179079899,0.00709396322280756,0.167528387648484,0.0428393045825405,-0.0219748792687905,0,0,0,0,0,0,0,0,0,0.711817296182043,-0.32436676917991,-0.228832927781189
5.31199384453402,0.112045637333742,0.0497284268971971,0.00706254516626541,0.167955839509285,0.0426187321816444,-0.022122893815634,0,0,0,0,0,0,0,0,0,0.708560960156362,-0.326661848744753,-0.23000523232025
5.32199759942015,0.11254346119773,0.049798922373149,0.00703128416767168,0.168381077426474,0.0423966835512813,-0.0222700138183516,0,0,0,0,0,0,0,0,0,0.70528160605106,-0.328968601113227,-0.231166331474482
5.33200135430628,0.113041988719579,0.0498691059087585,0.00700018056799768,0.168804086677025,0.0421731676557634,-0.0224162361970226,0,0,0,0,0,0,0,0,0,0.701979117654823,-0.331286911380745,-0.232315658458266
5.3420051091924,0.113541216786597,0.0499389790801208,0.00696923466256394,0.169224852627743,0.0419481934895703,-0.0225615580007077,0,0,0,0,0,0,0,0,0,0.698653379934189,-0.333616658920079,-0.233452635934211
5.35200886407853,0.114041142301869,0.0500085434660564,0.00693844670071837,0.169643360735555,0.0417217700760523,-0.0227059764083608,0,0,0,0,0,0,0,0,0,0.695304279091292,-0.335957717275558,-0.234576675997175
5.36201261896466,0.114541762184291,0.0500778006476483,0.00690781688551324,0.170059596547795,0.0414939064661278,-0.022849488729738,0,0,0,0,0,0,0,0,0,0.691931702622733,-0.338309954057436,-0.235687180263509
5.37201637385079,0.115043073368579,0.0501467522077784,0.00687734537338341,0.170473545702473,0.0412646117369692,-0.0229920924063101,0,0,0,0,0,0,0,0,0,0.688535539379437,-0.340673230837875,-0.23678353992906
5.38202012873692,0.115545072805297,0.0502153997306589,0.00684703227382415,0.170885193928531,0.0410338949906816,-0.0231337850121723,0,0,0,0,0,0,0,0,0,0.685115679627598,-0.343047403046476,-0.237865135837589
5.39202388362304,0.116047757460856,0.0502837448013609,0.00681687764906836,0.171294527046084,0.0408017653529705,-0.0232745642549539,0,0,0,0,0,0,0,0,0,0.681672015110637,-0.345432319867625,-0.238931338652826
5.40202763850917,0.11655112431753,0.0503517890053408,0.00678688151376447,0.171701530966652,0.0405682319718032,-0.0234144279767308,0,0,0,0,0,0,0,0,0,0.678204439112194,-0.347827824139471,-0.23998150892696
5.4120313933953,0.117055170373452,0.0504195339279618,0.00675704383465438,0.172106191693373,0.0403333040160566,-0.0235533741549346,0,0,0,0,0,0,0,0,0,0.674712846520104,-0.350233752252642,-0.241014997184121
5.42203514828143,0.117559892642612,0.0504869811540135,0.00672736453025082,0.172508495321211,0.0400969906741608,-0.0236914009032639,0,0,0,0,0,0,0,0,0,0.671197133891425,-0.352649934050892,-0.242031144151158
5.43203890316756,0.118065288154849,0.0505541322672279,0.00669784347051513,0.172908428037135,0.0398593011527309,-0.0238285064725951,0,0,0,0,0,0,0,0,0,0.667657199518395,-0.355076192734437,-0.243029280920418
5.44204265805368,0.118571353955839,0.050620988849792,0.00666848047653529,0.173305976120306,0.0396202446751895,-0.0239646892518924,0,0,0,0,0,0,0,0,0,0.664092943495395,-0.357512344763852,-0.244008729065955
5.45204641293981,0.119078087107075,0.0506875524818569,0.00663927532020313,0.173701125942228,0.0393798304803806,-0.0240999477691193,0,0,0,0,0,0,0,0,0,0.66050426778683,-0.359958199765739,-0.24496880085294
5.46205016782594,0.119585484685844,0.0507538247410445,0.00661022772389213,0.174093863966902,0.039138067821176,-0.0242342806921482,0,0,0,0,0,0,0,0,0,0.656891076295978,-0.362413560440815,-0.245908799531387
5.47205392271207,0.120093543785204,0.0508198072019504,0.00658133736013575,0.174484176750954,0.0388949659630697,-0.0243676868296715,0,0,0,0,0,0,0,0,0,0.653253274934713,-0.364878222475447,-0.246828019530749
5.4820576775982,0.120602261513944,0.0508855014356436,0.00655260385130408,0.17487205094376,0.0386505341827649,-0.0245001651321128,0,0,0,0,0,0,0,0,0,0.649590771694117,-0.367351974453643,-0.247725746651441
5.49206143248432,0.121111634996551,0.0509509090091632,0.00652402676928242,0.175257473287546,0.038404781766752,-0.0246317146925365,0,0,0,0,0,0,0,0,0,0.645903476715974,-0.369834597772416,-0.248601258441187
5.50206518737045,0.121621661373168,0.0510160314850116,0.00649560563514853,0.175640430617481,0.0381577180098773,-0.0247623347475592,0,0,0,0,0,0,0,0,0,0.642191302365067,-0.3723258665613,-0.249453824454157
5.51206894225658,0.122132337799541,0.0510808704206449,0.00646733991885044,0.176020909861755,0.0379093522139011,-0.0248920246782593,0,0,0,0,0,0,0,0,0,0.638454163302285,-0.374825547602909,-0.250282706552322
5.52207269714271,0.122643661446971,0.0511454273679592,0.00643922903888434,0.176398898041636,0.0376596936860497,-0.02502078401109,0,0,0,0,0,0,0,0,0,0.634691976558511,-0.377333400258473,-0.251087159272379
5.53207645202884,0.123155629502253,0.0512097038727751,0.00641127236197188,0.176774382271523,0.037408751737555,-0.0251486124187862,0,0,0,0,0,0,0,0,0,0.630904661609215,-0.379849176395739,-0.251866430167413
5.54208020691497,0.123668239167614,0.0512737014743175,0.00638346920273823,0.177147349758975,0.0371565356821881,-0.0252755097212791,0,0,0,0,0,0,0,0,0,0.62709214044979,-0.38237262032135,-0.252619760196295
5.55208396180109,0.124181487660644,0.0513374217046931,0.00635581882338966,0.177517787804731,0.0369030548347803,-0.0254014758866035,0,0,0,0,0,0,0,0,0,0.623254337671492,-0.384903468716531,-0.253346384115009
5.56208771668722,0.12469537221422,0.0514008660883645,0.00632832043339118,0.177885683802711,0.0366483185097393,-0.0255265110318109,0,0,0,0,0,0,0,0,0,0.619391180538068,-0.387441450577297,-0.254045530997534
5.57209147157335,0.125209890076432,0.0514640361416206,0.00630097318914427,0.178251025240008,0.0363923360195522,-0.0256506154238783,0,0,0,0,0,0,0,0,0,0.61550259906289,-0.389986287160563,-0.254716424599428
5.58209522645948,0.125725038510493,0.0515269333720443,0.0062737761936647,0.178613799696857,0.036135116673281,-0.0257737894806203,0,0,0,0,0,0,0,0,0,0.611588526086657,-0.392537691931624,-0.2553582837905
5.59209898134561,0.126240814794654,0.0515895592779773,0.00624672849626006,0.178973994846595,0.0358766697750504,-0.0258960337715986,0,0,0,0,0,0,0,0,0,0.607648897355589,-0.395095370518928,-0.255970323188819
5.60210273623173,0.126757216222104,0.0516519153479806,0.00621982909220758,0.179331598455606,0.0356170046225246,-0.0260173490190331,0,0,0,0,0,0,0,0,0,0.603683651600027,-0.397659020674232,-0.256551753645252
5.61210649111786,0.127274240100874,0.0517140030602927,0.00619307692243183,0.179686598383245,0.0353561305053753,-0.0261377360987128,0,0,0,0,0,0,0,0,0,0.599692730613423,-0.400228332237074,-0.257101782770066
5.62211024600399,0.127791883753728,0.051775823882284,0.00616647087318214,0.180038982581753,0.035094056703741,-0.0262571960409061,0,0,0,0,0,0,0,0,0,0.59567607933166,-0.402802987105469,-0.257619615518929
5.63211400089012,0.128310144518053,0.0518373792699084,0.00614000977571107,0.180388739096153,0.0348307924866771,-0.0263757300312707,0,0,0,0,0,0,0,0,0,0.591633645912616,-0.405382659212094,-0.258104454789875
5.64211775577625,0.128829019745742,0.0518986706671517,0.006113692405951,0.180735856064131,0.0345663471105974,-0.0264933394117659,0,0,0,0,0,0,0,0,0,0.58756538181597,-0.40796701450694,-0.258555502117124
5.65212151066237,0.12934850680307,0.0519596995054762,0.00608751748419261,0.181080321715905,0.0343007298177052,-0.0266100256815623,0,0,0,0,0,0,0,0,0,0.583471241883111,-0.410555710947373,-0.258971958297719
5.6621252655485,0.129868603070568,0.0520204672032628,0.0060614836747627,0.181422124374067,0.0340339498344162,-0.0267257904979516,0,0,0,0,0,0,0,0,0,0.579351184417135,-0.413148398493322,-0.259353024006244
5.67212902043463,0.130389305942887,0.0520809751652492,0.00603558958570123,0.181761252453426,0.033766016369772,-0.0268406356772585,0,0,0,0,0,0,0,0,0,0.575205171262864,-0.415744719109642,-0.259697900579918
5.68213277532076,0.130910612828662,0.0521412247819654,0.0060098337684393,0.182097694460821,0.0334969386138455,-0.0269545631957511,0,0,0,0,0,0,0,0,0,0.571033167886785,-0.418344306777009,-0.260005790794636
5.69213653020689,0.131432521150365,0.0522012174291661,0.00598421471747734,0.182431438994925,0.0332267257361356,-0.0270675751905513,0,0,0,0,0,0,0,0,0,0.566835143456855,-0.420946787509809,-0.260275899547718
5.70214028509301,0.131955028344151,0.0522609544672587,0.00595873087006212,0.182762474746032,0.032955386883953,-0.0271796739605447,0,0,0,0,0,0,0,0,0,0.562611070922083,-0.423551779380693,-0.260507434644746
5.71214403997914,0.132478131859711,0.0523204372407301,0.00593338060586465,0.183090790495823,0.0326829311807987,-0.0272908619672934,0,0,0,0,0,0,0,0,0,0.558360927091839,-0.426158892554209,-0.260699607690969
5.72214779486527,0.133001829160097,0.052379667077568,0.00590816224665813,0.183416375117124,0.0324093677247311,-0.0274011418359434,0,0,0,0,0,0,0,0,0,0.554084692714771,-0.428767729329193,-0.260851634910027
5.7321515497514,0.133526117721567,0.0524386452886807,0.00588307405599532,0.183739217573643,0.032134705586725,-0.0275105163561385,0,0,0,0,0,0,0,0,0,0.549782352557257,-0.431377884188781,-0.260962737914415
5.74215530463753,0.134050995033402,0.0524973731673132,0.00585811423888657,0.184059306919687,0.0318589538090216,-0.0276189884829284,0,0,0,0,0,0,0,0,0,0.545453895481329,-0.433988943858211,-0.261032144703936
5.75215905952366,0.134576458597729,0.0525558519884595,0.00583328094147741,0.184376632299869,0.0315821214034705,-0.027726561337681,0,0,0,0,0,0,0,0,0,0.541099314521963,-0.436600487374818,-0.261059090644605
5.76216281440978,0.135102505929337,0.0526140830082723,0.00580857225072591,0.184691182948798,0.0313042173498589,-0.0278332382089925,0,0,0,0,0,0,0,0,0,0.536718606963605,-0.439212086165419,-0.261042819221084
5.77216656929591,0.135629134555487,0.0526720674634693,0.00578398619408077,0.185002948190743,0.0310252505942356,-0.0279390225535972,0,0,0,0,0,0,0,0,0,0.532311774415915,-0.441823304131361,-0.260982583090938
5.78217032418204,0.136156342015707,0.0527298065707364,0.00575952073915928,0.185311917439296,0.030745230047225,-0.0280439179972795,0,0,0,0,0,0,0,0,0,0.527878822888586,-0.444433697747,-0.260877645132329
5.79217407906817,0.136684125861597,0.0527873015261272,0.00573517379342402,0.185618080197,0.0304641645823299,-0.0281479283357835,0,0,0,0,0,0,0,0,0,0.523419762865122,-0.447042816165709,-0.260727279407311
5.8021778339543,0.137212483656616,0.0528445535044602,0.00571094320386159,0.185921426054977,0.0301820630342286,-0.0282510575357241,0,0,0,0,0,0,0,0,0,0.518934609375534,-0.449650201337635,-0.260530772197797
5.81218158884042,0.137741412975867,0.0529015636587115,0.00568682675666,0.186221944692526,0.0298989341970583,-0.0283533097354978,0,0,0,0,0,0,0,0,0,0.514423382067763,-0.45225538813643,-0.260287422962291
5.82218534372655,0.138270911405875,0.0529583331194055,0.00566282217688606,0.186519625876711,0.0296147868226948,-0.0284546892461921,0,0,0,0,0,0,0,0,0,0.509886105277839,-0.454857904496149,-0.25999654556903
5.83218909861268,0.138800976544359,0.0530148629940014,0.00563892712816342,0.186814459461928,0.0293296296190193,-0.0285552005524986,0,0,0,0,0,0,0,0,0,0.505322808098568,-0.457457271562655,-0.259657469341855
5.84219285349881,0.139331605999999,0.0530711543662778,0.00561513921235029,0.187106435389459,0.0290434712481763,-0.0286548483136206,0,0,0,0,0,0,0,0,0,0.500733524446659,-0.460053003851445,-0.25926954002482
5.85219660838494,0.139862797392197,0.053127208295712,0.00559145596921674,0.187395543687001,0.0287563203248247,-0.0287536373641859,0,0,0,0,0,0,0,0,0,0.496118293128254,-0.46264460941835,-0.258832121089476
5.86220036327106,0.140394548350827,0.0531830258168581,0.0055678748761229,0.187681774468188,0.0284681854143779,-0.0288515727151572,0,0,0,0,0,0,0,0,0,0.49147715790264,-0.465231590043517,-0.25834459481694
5.87220411815719,0.140926856515989,0.0532386079387207,0.00554439334769632,0.187965117932087,0.0281790750312344,-0.0289486595547417,0,0,0,0,0,0,0,0,0,0.486810167544096,-0.46781344142376,-0.257806363343899
5.88220787304332,0.141459719537744,0.0532939556441259,0.0055210087355098,0.188245564362675,0.0278889976370012,-0.0290449032493019,0,0,0,0,0,0,0,0,0,0.482117375901761,-0.470389653377469,-0.257216849936627
5.89221162792945,0.141993135075851,0.0533490698890888,0.00549771832775933,0.188523104128307,0.0275979616387066,-0.0291403093442672,0,0,0,0,0,0,0,0,0,0.477398841957379,-0.472959710062456,-0.256575500207975
5.90221538281558,0.142527100799497,0.0534039516021782,0.00547451934894125,0.188797727681161,0.0273059753870048,-0.0292348835650444,0,0,0,0,0,0,0,0,0,0.472654629880803,-0.475523090205202,-0.255881783138322
5.9122191377017,0.143061614387017,0.0534586016838772,0.00545140895953022,0.189069425556662,0.0270130471743687,-0.0293286318179268,0,0,0,0,0,0,0,0,0,0.467884809083165,-0.478079267339138,-0.255135192266039
5.92222289258783,0.143596673525614,0.0535130210059415,0.00542838425565741,0.189338188372891,0.0267191852332795,-0.0294215601910068,0,0,0,0,0,0,0,0,0,0.463089454267602,-0.480627710057711,-0.254335247106789
5.93222664747396,0.144132275911061,0.053567210410754,0.00540544226878699,0.189604006829979,0.0264243977344011,-0.0295136749550853,0,0,0,0,0,0,0,0,0,0.458268645477367,-0.483167882281056,-0.253481494166783
5.94223040236009,0.144668419247413,0.0536211707106762,0.00538257996539526,0.189866871709478,0.0261286927847468,-0.0296049825645825,0,0,0,0,0,0,0,0,0,0.453422468141224,-0.485699243529339,-0.252573508047667
5.95223415724622,0.145205101246695,0.0536749026873969,0.00535979424664743,0.190126773873711,0.0258320784258407,-0.0296954896584484,0,0,0,0,0,0,0,0,0,0.448551013116077,-0.488221249211533,-0.251610892796517
5.96223791213234,0.145742319628598,0.0537284070912764,0.00533708194807539,0.190383704265116,0.0255345626318648,-0.0297852030610751,0,0,0,0,0,0,0,0,0,0.443654376726601,-0.490733350925772,-0.250593283084958
5.97224166701847,0.14628007212016,0.0537816846406894,0.00531443983925575,0.190637653905554,0.0252361533078013,-0.0298741297832042,0,0,0,0,0,0,0,0,0,0.438732660801857,-0.493234996771717,-0.249520345330039
5.9822454219046,0.14681835645544,0.0538347360213624,0.0052918646234877,0.190888613895615,0.0249368582875612,-0.0299622770228406,0,0,0,0,0,0,0,0,0,0.433785972708672,-0.495725631673339,-0.248391778839293
5.99224917679073,0.147357170375194,0.0538875618857101,0.00526935293746966,0.191136575413891,0.0246366853321095,-0.0300496521661612,0,0,0,0,0,0,0,0,0,0.428814425381795,-0.498204697714192,-0.247207317043977
6.00225293167686,0.147896511626534,0.0539401628521668,0.00524690135097852,0.191381529716242,0.0243356421275755,-0.0301362627884264,0,0,0,0,0,0,0,0,0,0.423818137350571,-0.50067163448487,-0.245966728585158
6.01225668656299,0.148436377962586,0.0539925395045157,0.00522450636654581,0.191623468135036,0.0240337362833585,-0.0302221166548897,0,0,0,0,0,0,0,0,0,0.418797232762148,-0.50312587944001,-0.244669818470535
6.02226044144911,0.148976767142138,0.0540446923912147,0.00520216441913655,0.191862382078371,0.023730975330222,-0.0303072217217105,0,0,0,0,0,0,0,0,0,0.413751841401001,-0.505566868268895,-0.243316429197409
6.03226419633524,0.149517676929289,0.0540966220247183,0.0051798718758265,0.19209826302928,0.0234273667183788,-0.0303915861368616,0,0,0,0,0,0,0,0,0,0.408682098704729,-0.507994035274927,-0.241906441786086
6.04226795122137,0.150059105093078,0.0541483288807972,0.00515762503547965,0.192331102544915,0.0231229178155688,-0.030475218241043,0,0,0,0,0,0,0,0,0,0.40358814577599,-0.510406813766902,-0.240439776911051
6.0522717061075,0.150601049407119,0.0541998133978549,0.00513542012842658,0.192560892255713,0.0228176359051258,-0.03055812656859,0,0,0,0,0,0,0,0,0,0.398470129390462,-0.512804636461114,-0.23891639587494
6.06227546099363,0.151143507649221,0.0542510759762393,0.00511325331614133,0.192787623864541,0.0225115281840351,-0.0306403198483851,0,0,0,0,0,0,0,0,0,0.393328202000736,-0.515186935892122,-0.237336301635852
6.07227921587975,0.151686477601006,0.054302116977553,0.00509112069091967,0.193011289145822,0.0222046017609845,-0.0307218070047694,0,0,0,0,0,0,0,0,0,0.388162521736061,-0.517553144835405,-0.235699539820994
6.08228297076588,0.152229957047515,0.0543529367239598,0.00506901827555667,0.193231879944645,0.0218968636544026,-0.0308025971584505,0,0,0,0,0,0,0,0,0,0.382973252397779,-0.519902696738407,-0.23400619953265
6.09228672565201,0.152773943776813,0.054403535497487,0.00504694202302451,0.193449388175848,0.0215883207904909,-0.0308826996274161,0,0,0,0,0,0,0,0,0,0.377760563450445,-0.522235026159323,-0.232256414396807
6.10229048053814,0.153318435579582,0.0544539135393264,0.00502488781614963,0.193663805823088,0.0212789800012463,-0.0309621239278428,0,0,0,0,0,0,0,0,0,0.372524630008482,-0.52454956921912,-0.230450363397381
6.11229423542427,0.15386343024871,0.0545040710491301,0.0050028514672912,0.193875124937889,0.0209688480224715,-0.0310408797750077,0,0,0,0,0,0,0,0,0,0.367265632818261,-0.526845764057016,-0.22858827149736
6.1222979903104,0.154408925578872,0.0545540081843043,0.00498082871801853,0.194083337638666,0.0206579314917813,-0.0311189770841986,0,0,0,0,0,0,0,0,0,0.361983758235639,-0.529123051294927,-0.226670410605103
6.13230174519652,0.154954919366102,0.0546037250592994,0.00495881523878845,0.194288436109741,0.0203462369465964,-0.0311964259716239,0,0,0,0,0,0,0,0,0,0.356679198198751,-0.531380874512279,-0.224697100274099
6.14230550008265,0.155501409407362,0.0546532217448973,0.00493680662862328,0.194490412600319,0.0200337708221281,-0.0312732367553255,0,0,0,0,0,0,0,0,0,0.351352150196045,-0.533618680724459,-0.222668708299495
6.15230925496878,0.156048393500101,0.0547024982674949,0.00491479841478889,0.194689259423466,0.0197205394493558,-0.0313494199560858,0,0,0,0,0,0,0,0,0,0.346002817229498,-0.535835920869557,-0.220585651235218
6.16231300985491,0.156595869441807,0.0547515546083845,0.00489278605247157,0.19488496895505,0.0194065490529921,-0.0314249862983424,0,0,0,0,0,0,0,0,0,0.340631407772922,-0.538032050297167,-0.218448394998621
6.17231676474104,0.15714383502955,0.0548003907030316,0.0048707649244566,0.195077533632669,0.0190918057494447,-0.031499946711096,0,0,0,0,0,0,0,0,0,0.335238135725391,-0.540206529267225,-0.216257455527356
6.18232051962716,0.157692288059526,0.0548490064403481,0.00484873034080525,0.195266945954559,0.0187763155447618,-0.0315743123288213,0,0,0,0,0,0,0,0,0,0.329823220359571,-0.542358823451953,-0.214013398995274
6.19232427451329,0.158241226326581,0.0548974016619649,0.00482667753853279,0.195453198478478,0.0184600843325743,-0.0316480944923786,0,0,0,0,0,0,0,0,0,0.324386886265107,-0.544488404439017,-0.211716842134081
6.20232802939942,0.158790647623738,0.0549455761614974,0.00480460168128642,0.195636283820571,0.0181431178920248,-0.0317213047499238,0,0,0,0,0,0,0,0,0,0.318929363286877,-0.546594750239902,-0.209368452604405
6.21233178428555,0.159340549741712,0.0549935296838114,0.0047824978590227,0.195816194654216,0.0178254218856911,-0.0317939548578198,0,0,0,0,0,0,0,0,0,0.313450886458218,-0.548677345800502,-0.206968949255976
6.22233553917168,0.15989093046842,0.0550412619242842,0.00476036108768501,0.195992923708845,0.0175070018574981,-0.0318660567815453,0,0,0,0,0,0,0,0,0,0.307951695928958,-0.550735683514695,-0.204519102168218
6.2323392940578,0.160441787588479,0.055088772528062,0.00473818630888191,0.196166463768748,0.0171878632306207,-0.0319376226966073,0,0,0,0,0,0,0,0,0,0.302432036888367,-0.552769263735746,-0.202019732699808
6.24234304894393,0.160993118882703,0.0551360610893146,0.00471596838956402,0.196336807671856,0.0168680113053792,-0.0320086649894517,0,0,0,0,0,0,0,0,0,0.296892159482962,-0.554777595290875,-0.199471713625489
6.25234680383006,0.161544922127588,0.0551831271504878,0.00469370212170255,0.196503948308497,0.016547451257124,-0.0320791962583717,0,0,0,0,0,0,0,0,0,0.291332318729156,-0.556760195995396,-0.196875968873655
6.26235055871619,0.16209719509479,0.0552299702015509,0.00467138222196647,0.19666787862014,0.0162261881341109,-0.0321492293144208,0,0,0,0,0,0,0,0,0,0.285752774420781,-0.558716593162037,-0.194233473278098
6.27235431360232,0.162649935550598,0.0552765896792423,0.00464900333140023,0.196828591598111,0.0159042268553699,-0.0322187771823232,0,0,0,0,0,0,0,0,0,0.280153791031545,-0.560646324110107,-0.191545252616345
6.28235806848844,0.163203141255398,0.0553229849663106,0.00462656001510187,0.19698608028229,0.015581572208563,-0.0322878531013833,0,0,0,0,0,0,0,0,0,0.274535637612369,-0.562548936675588,-0.188812383141915
6.29236182337457,0.163756809963125,0.0553691553907544,0.00460404676190029,0.197140337759781,0.0152582288478306,-0.0323564705263964,0,0,0,0,0,0,0,0,0,0.268898587683636,-0.564423989710942,-0.186035990958346
6.3023655782607,0.164310939420716,0.0554151002250564,0.0045814579840328,0.197291357163577,0.0149342012916341,-0.0324246431285602,0,0,0,0,0,0,0,0,0,0.263242919122531,-0.566271053582678,-0.183217251723945
6.31236933314683,0.164865527367551,0.0554608186854168,0.00455878801682386,0.19743913167118,0.0146094939205851,-0.0324923847963857,0,0,0,0,0,0,0,0,0,0.257568914045335,-0.568089710665254,-0.180357390049938
6.32237308803296,0.165420571534882,0.0555063099309816,0.00453603111836117,0.197583654503217,0.0142841109752677,-0.0325597096366059,0,0,0,0,0,0,0,0,0,0.251876858684878,-0.569879555826601,-0.177457678822114
6.33237684291908,0.16597606964526,0.0555515730630683,0.00451318146917475,0.197724918922028,0.01395805655405,-0.0326266319750891,0,0,0,0,0,0,0,0,0,0.246167043263125,-0.57164019690845,-0.174519438280891
6.34238059780521,0.166532019411956,0.0555966071243885,0.00449023317191428,0.197862918230232,0.0136313346108865,-0.0326931663577461,0,0,0,0,0,0,0,0,0,0.240439761859018,-0.573371255193454,-0.17154403521576
6.35238435269134,0.167088418538366,0.0556414110982674,0.00446718025102614,0.197997645769268,0.013303948953116,-0.0327593275514453,0,0,0,0,0,0,0,0,0,0.234695312271711,-0.575072365869401,-0.168532882303082
6.36238810757747,0.167645264717416,0.0556859839078598,0.00444401665243208,0.198129094917924,0.0129759032392426,-0.0328251305449181,0,0,0,0,0,0,0,0,0,0.228933995879131,-0.57674317848308,-0.165487436726597
6.3723918624636,0.168202555630956,0.0557303244153628,0.00442073624320633,0.198257259090831,0.0126472009767129,-0.0328905905496748,0,0,0,0,0,0,0,0,0,0.223156117492129,-0.578383357376895,-0.162409199131276
6.38239561734972,0.168760288949144,0.0557744314212254,0.00439733281125327,0.198382131736942,0.0123178455196847,-0.0329557230009122,0,0,0,0,0,0,0,0,0,0.217361985204302,-0.579992582121803,-0.159299712627093
6.39239937223585,0.169318462329826,0.0558183036633552,0.00437380006498554,0.19850370633799,0.0119878400667816,-0.0330205435584227,0,0,0,0,0,0,0,0,0,0.211551910237491,-0.581570547933999,-0.156160561321706
6.40240312712198,0.169877073417907,0.0558619398163209,0.00435013163300143,0.198621976406918,0.0116571876588447,-0.0330850681075095,0,0,0,0,0,0,0,0,0,0.205726206783256,-0.583116966078488,-0.152993369032814
6.41240688200811,0.170436119844712,0.0559053384905532,0.00432632106376259,0.19873693548629,0.0113258911766694,-0.0331493127598927,0,0,0,0,0,0,0,0,0,0.199885191840307,-0.584631564260013,-0.149799797821712
6.42241063689424,0.170995599227342,0.0559484982315407,0.00430236182527193,0.198848577146678,0.010993953338738,-0.0332132938546238,0,0,0,0,0,0,0,0,0,0.194029185048155,-0.586114086997288,-0.146581546549871
6.43241439178037,0.171555509168017,0.0559914175190241,0.0042782473047509,0.198956894985029,0.0106613766989401,-0.0332770279589931,0,0,0,0,0,0,0,0,0,0.188158508517052,-0.587564295985042,-0.143340349181746
6.44241814666649,0.17211584725342,0.0560340947661852,0.00425397080831801,0.199061882623007,0.0103281636442834,-0.0333405318694417,0,0,0,0,0,0,0,0,0,0.182273486654405,-0.588981970434301,-0.140077973144797
6.45242190155262,0.172676611054019,0.0560765283188361,0.00422952556066533,0.199163533705307,0.00999431639260052,-0.0334038226124733,0,0,0,0,0,0,0,0,0,0.176374445987905,-0.590366907401614,-0.136796217701107
6.46242565643875,0.173237798123397,0.0561187164546007,0.00420490470473766,0.199261841897958,0.00965983699023797,-0.0334669174455611,0,0,0,0,0,0,0,0,0,0.170461714985351,-0.591718922096763,-0.133496911963262
6.47242941132488,0.173799405997562,0.0561606573820968,0.00418010130140844,0.199356800886591,0.00932472730974564,-0.0335298338580641,0,0,0,0,0,0,0,0,0,0.164535623871625,-0.593037848172285,-0.130181913163741
6.48243316621101,0.17436143219425,0.0562023492401132,0.00415510832915952,0.199448404374692,0.00898898904754932,-0.0335925895721326,0,0,0,0,0,0,0,0,0,0.158596504442726,-0.594323537996558,-0.126853104658238
6.49243692109713,0.17492387421223,0.0562437900967831,0.00412991868375691,0.199536646081826,0.00865262372161905,-0.0336552025436208,0,0,0,0,0,0,0,0,0,0.152644689877277,-0.595575862903376,-0.12351239389613
6.50244067598326,0.175486729530583,0.0562849779487565,0.0041045251779299,0.19962151974184,0.00831563266912612,-0.0337176909629983,0,0,0,0,0,0,0,0,0,0.146680514545567,-0.596794713424429,-0.120161710532261
6.51244443086939,0.176049995607992,0.0563259107203662,0.00407892054104797,0.199703019101046,0.00797801704409199,-0.0337800732562587,0,0,0,0,0,0,0,0,0,0.140704313816407,-0.597979999501101,-0.116803004140198
6.52244818575552,0.176613669882008,0.0563665862627931,0.00405309741879907,0.199781137916374,0.00763977781502549,-0.0338423680858326,0,0,0,0,0,0,0,0,0,0.134716423861935,-0.599131650671193,-0.113438242037715
6.53245194064165,0.177177749768317,0.0564070023532282,0.00402704837286622,0.199855869953502,0.00730091576255676,-0.0339045943514965,0,0,0,0,0,0,0,0,0,0.128717181460735,-0.600249616237219,-0.110069407383141
6.54245569552777,0.177742232659995,0.0564471566940295,0.00400076588060699,0.199927208984971,0.00696143147705532,-0.0339667711912834,0,0,0,0,0,0,0,0,0,0.122706923799276,-0.601333865415038,-0.106698496682337
6.5524594504139,0.178307115926757,0.0564870469118766,0.00397424233472942,0.199995148788267,0.00662132535624198,-0.0340289179823949,0,0,0,0,0,0,0,0,0,0.116685988272055,-0.602384387452275,-0.103327517433898
6.56246320530003,0.17887239691419,0.0565266705569238,0.0039474700429709,0.200059683143877,0.00628059760279415,-0.0340910543421101,0,0,0,0,0,0,0,0,0,0.11065471228067,-0.60340119172984,-0.0999584861200591
6.57246696018616,0.179438072942989,0.0565660251019472,0.00392044122777553,0.200120805833333,0.00593924822193766,-0.0341532001286969,0,0,0,0,0,0,0,0,0,0.104613433031929,-0.604384307840142,-0.0965934257899383
6.58247071507229,0.180004141308178,0.0566051079414903,0.00389314802597139,0.20017851063722,0.00559727701903217,-0.0342153754423237,0,0,0,0,0,0,0,0,0,0.0985624873353598,-0.605333785640267,-0.0932343635363919
6.59247446995842,0.18057059927832,0.0566439163910049,0.00386558248844877,0.20023279133317,0.00525468359714517,-0.0342776006259685,0,0,0,0,0,0,0,0,0,0.0925022114002548,-0.606249695279707,-0.0898833282206642
6.60247822484454,0.181137444094724,0.0566824476859918,0.00383773657983824,0.200283641693815,0.00491146735462168,-0.0343398962663291,0,0,0,0,0,0,0,0,0,0.0864329406326238,-0.607132127208005,-0.0865423482489453
6.61248197973067,0.181704672970639,0.0567206989811342,0.00380960217818663,0.200331055484741,0.00456762748263809,-0.0344022831947364,0,0,0,0,0,0,0,0,0,0.08035500943209,-0.607981192158012,-0.0832134490051124
6.6224857346168,0.182272283090444,0.0567586673494321,0.0037811710746372,0.200375026462393,0.00422316296275236,-0.0344647824880627,0,0,0,0,0,0,0,0,0,0.0742687509891745,-0.608797021102158,-0.0798986503524498
6.63248948950293,0.182840271608823,0.0567963497813288,0.00375243497310548,0.200415548371968,0.00387807256444185,-0.0345274154696321,0,0,0,0,0,0,0,0,0,0.0681744970830682,-0.609579765185728,-0.0765999645187798
6.64249324438906,0.183408635649938,0.0568337431838384,0.0037233854899574,0.200452614945284,0.00353235484263636,-0.0345902037101331,0,0,0,0,0,0,0,0,0,0.0620725778802515,-0.610329595640822,-0.0733193936655735
6.65249699927518,0.183977372306589,0.0568708443796681,0.00369401415368753,0.200486219898619,0.0031860081352337,-0.0346531690285275,0,0,0,0,0,0,0,0,0,0.0559633217339868,-0.611046703670988,-0.0700589271901241
6.66250075416131,0.184546478639364,0.0569076501063373,0.0036643124045962,0.200516356930529,0.00283903056061655,-0.0347163334929622,0,0,0,0,0,0,0,0,0,0.0498470549852488,-0.611731300311212,-0.0668205396853346
6.67250450904744,0.185115951675784,0.0569441570152938,0.00363427159446745,0.200543019719634,0.00249142001515279,-0.0347797194216784,0,0,0,0,0,0,0,0,0,0.0437241017650153,-0.61238361627173,-0.0636061886156183
6.68250826393357,0.185685788409441,0.0569803616710264,0.00360388298624672,0.200566201922395,0.00214317417068885,-0.0348433493839238,0,0,0,0,0,0,0,0,0,0.0375947837983226,-0.613003901751515,-0.0604178117598972
6.6925120188197,0.186255985799116,0.0570162605501752,0.00357313775371851,0.200585897170845,0.00179429047203464,-0.0349072462008622,0,0,0,0,0,0,0,0,0,0.0314594202102908,-0.613592426230934,-0.0572573249656311
6.70251577370582,0.186826540767903,0.0570518500406375,0.00354202698118408,0.200602099070309,0.00144476613443862,-0.0349714329464847,0,0,0,0,0,0,0,0,0,0.0253183273343249,-0.614149478240298,-0.0541266200784211
6.71251952859195,0.187397450202313,0.0570871264406708,0.00351054166313903,0.200614801197099,0.00109459814105613,-0.0350359329485198,0,0,0,0,0,0,0,0,0,0.019171818522772,-0.614675365111093,-0.0510275626832484
6.72252328347808,0.187968710951373,0.0571220859579947,0.00347867270395135,0.200623997096172,0.000743783240402047,-0.0351007697893439,0,0,0,0,0,0,0,0,0,0.0130202039600996,-0.615170412699338,-0.0479619896706695
6.73252703836421,0.188540319825716,0.057156724708884,0.00344641091753883,0.200629680278777,0.000392317943803259,-0.0351659673068936,0,0,0,0,0,0,0,0,0,0.00686379047908721,-0.615634965088125,-0.0449317072973352
6.74253079325034,0.189112273596665,0.0571910387172664,0.00341374702704678,0.200631844220061,4.01985228346568e-05,-0.0352315495955734,0,0,0,0,0,0,0,0,0,0.000702881379956431,-0.616069384272174,-0.0419384891279654
6.75253454813646,0.189684568995297,0.0572250239138094,0.00338067166452592,0.200630482356667,-0.00031257899324869,-0.0352975410071696,0,0,0,0,0,0,0,0,0,-0.00546222374712608,-0.616474049819187,-0.0389840740490741
6.76253830302259,0.190257202711514,0.0572586761350098,0.00334717537060982,0.200625588084294,-0.000666018820092974,-0.0353639661517574,0,0,0,0,0,0,0,0,0,-0.0116312291961432,-0.616849358514673,-0.0360701640197462
6.77254205790872,0.19083017139309,0.0572919911222759,0.00331324859419286,0.200617154755229,-0.00102012542083491,-0.0354308498986158,0,0,0,0,0,0,0,0,0,-0.0178038433156183,-0.617195723978299,-0.0331984222193549
6.78254581279485,0.191403471644719,0.0573249645210098,0.00327888169210744,0.200605175675866,-0.00137490350869444,-0.0354982173771334,0,0,0,0,0,0,0,0,0,-0.0239797786750337,-0.61751357627165,-0.0303704715490563
6.79254956768098,0.191977100027049,0.0573575918796829,0.00324406492880274,0.200589644104183,-0.00173035804958701,-0.0355660939777235,0,0,0,0,0,0,0,0,0,-0.0301587522273741,-0.617803361484605,-0.027587892491111
6.80255332256711,0.192551053055706,0.0573898686489115,0.00320878847602111,0.200570553247207,-0.00208649426473588,-0.0356345053527311,0,0,0,0,0,0,0,0,0,-0.0363404854672701,-0.618065541300262,-0.0248522212921247
6.81255707745323,0.193125327200312,0.0574217901805274,0.00317304241247643,0.200547896258449,-0.00244331763329938,-0.035703477417346,0,0,0,0,0,0,0,0,0,-0.0425247045848344,-0.618300592544969,-0.022164948572976
6.82256083233936,0.193699918883492,0.0574533517266458,0.00313681672353239,0.2005216662353,-0.00280083389500083,-0.0357730363505127,0,0,0,0,0,0,0,0,0,-0.0487111406148053,-0.618509006725437,-0.0195275178157742
6.83256458722549,0.194274824479873,0.057484548438729,0.00310010130087888,0.200491856216424,-0.00315904905277708,-0.0358432085958403,0,0,0,0,0,0,0,0,0,-0.054899529581122,-0.618691289548496,-0.0169413234309701
6.84256834211162,0.194850040315069,0.0575153753666495,0.00306288594221024,0.200458459179103,-0.00351796937542745,-0.0359140208625141,0,0,0,0,0,0,0,0,0,-0.0610896126364566,-0.618847960419537,-0.0144077095569686
6.85257209699775,0.195425562664662,0.0575458274577456,0.00302516035090416,0.200421468036566,-0.00387760140027393,-0.0359855001262055,0,0,0,0,0,0,0,0,0,-0.0672811361967566,-0.618979551938253,-0.0119279690007141
6.86257585188387,0.196001387753175,0.0575758995558785,0.00298691413569744,0.200380875635291,-0.00423795193583461,-0.0360576736299834,0,0,0,0,0,0,0,0,0,-0.0734738520706878,-0.619086609375882,-0.00950334143887784
6.87257960677,0.196577511753024,0.0576055864004832,0.0029481368103644,0.200336674752274,-0.00459902806450239,-0.036130568885224,0,0,0,0,0,0,0,0,0,-0.0796675175837174,-0.61916969013496,-0.00713501247878389
6.88258336165613,0.197153930783477,0.0576348826256155,0.00290881779339567,0.200288858092287,-0.00496083714523086,-0.0362042136725218,0,0,0,0,0,0,0,0,0,-0.0858618956967478,-0.619229363207777,-0.00482411261983051
6.89258711654226,0.197730640909589,0.0576637827590002,0.00286894640767423,0.200237418285083,-0.00532338681623763,-0.0362786360426004,0,0,0,0,0,0,0,0,0,-0.0920567551193649,-0.619266208615344,-0.0025717159638673
6.90259087142839,0.198307638141138,0.0576922812210699,0.00282851188015414,0.200182347882599,-0.00568668499770443,-0.0363538643172229,0,0,0,0,0,0,0,0,0,-0.0982518704172473,-0.619280816840055,-0.000378839500324638
6.91259462631451,0.198884918431542,0.0577203723240054,0.00278750334153809,0.20012363935612,-0.00605073989449902,-0.0364299270901026,0,0,0,0,0,0,0,0,0,-0.104447022114063,-0.619273788250349,0.00175365668276939
6.92259838120064,0.199462477676777,0.0577480502707715,0.00274590982595443,0.200061285093413,-0.00641555999889544,-0.0365068532278141,0,0,0,0,0,0,0,0,0,-0.110641996787368,-0.619245730536838,0.00418049082058182
6.93260213608677,0.200040311714277,0.0577753091549366,0.00270372365173891,0.199995277395848,-0.00678115409108765,-0.0365846623179478,0,0,0,0,0,0,0,0,0,-0.116836587119207,-0.619190147039403,0.00840958275576093
6.9426058909729,0.200618416329406,0.0578021457917747,0.00266171843666322,0.199925608496897,-0.00714752324258302,-0.0366611673652911,0,0,0,0,0,0,0,0,0,-0.123030449705144,-0.619077475727671,0.0154678901923411
6.95260964585903,0.201196787322721,0.0578285660779593,0.00262048255489414,0.199852270752245,-0.00751464286944452,-0.0367347077214235,0,0,0,0,0,0,0,0,0,-0.129222785764612,-0.618880673075224,0.0240706872625201
6.96261340074515,0.201775420567427,0.0578545776433014,0.00258000275480242,0.199775256802004,-0.00788248351302344,-0.0368053231783554,0,0,0,0,0,0,0,0,0,-0.135412710819557,-0.618595881217041,0.0328227260195435
6.97261715563128,0.202354312012392,0.0578801879858108,0.00254026593749177,0.199694559578993,-0.00825101611058018,-0.0368730530965632,0,0,0,0,0,0,0,0,0,-0.14159934890314,-0.618223972063636,0.0414855204266217
6.98262091051741,0.202933457680844,0.0579054044732195,0.00250125915597545,0.19961017230481,-0.00862021199097892,-0.0369379364073167,0,0,0,0,0,0,0,0,0,-0.147781832982063,-0.617765859261698,0.0500549482539024
6.99262466540354,0.203512853669066,0.0579302343444976,0.00246296961435276,0.199522088485929,-0.00899004287040548,-0.0370000116150049,0,0,0,0,0,0,0,0,0,-0.153959305369284,-0.617222497197296,0.0585269903893304
7.00262842028967,0.204092496145125,0.0579546847113602,0.00242538466698547,0.199430301909849,-0.00936048084810881,-0.0370593167994636,0,0,0,0,0,0,0,0,0,-0.160130918126395,-0.616594879929543,0.066897737589455
7.0126321751758,0.204672381347596,0.057978762559767,0.00238849181767444,0.199334806641283,-0.00973149840216527,-0.0371158896183013,0,0,0,0,0,0,0,0,0,-0.166295833454998,-0.615884040058733,0.0751633968066525
7.02263593006192,0.205252505584323,0.0580024747514126,0.00235227871883603,0.199235597018389,-0.0101030683852664,-0.0371697673092268,0,0,0,0,0,0,0,0,0,-0.172453224076446,-0.615091047533418,0.083320297141544
7.03263968494805,0.205832865231172,0.0580258280252093,0.00231673317067866,0.199132667649044,-0.0104751640205301,-0.0372209866923749,0,0,0,0,0,0,0,0,0,-0.17860227359935,-0.614217008399446,0.0913648954432673
7.04264343983418,0.206413456730818,0.0580488289987617,0.00228184312037926,0.199026013407159,-0.010847758897335,-0.037269584172634,0,0,0,0,0,0,0,0,0,-0.184742176874284,-0.613263063494996,0.0992937814591386
7.05264719472031,0.206994276591538,0.0580714841698324,0.00224759666125984,0.198915629429035,-0.011220826967178,-0.0373155957419724,0,0,0,0,0,0,0,0,0,-0.190872140335189,-0.612230387096579,0.107103682559575
7.06265094960644,0.207575321386014,0.0580937999178001,0.00221398203196393,0.198801511109764,-0.0115943425395549,-0.0373590569817651,0,0,0,0,0,0,0,0,0,-0.196991382326991,-0.611120185519541,0.114791468088404
7.07265470449256,0.208156587750161,0.0581157825051094,0.00218098761563315,0.198683654099663,-0.0119682802778652,-0.0374000030651203,0,0,0,0,0,0,0,0,0,-0.203099133418995,-0.609933695677028,0.122354153269865
7.08265845937869,0.208738072381965,0.0581374380787117,0.00214860193908365,0.198562054300758,-0.0123426151953389,-0.0374384687592066,0,0,0,0,0,0,0,0,0,-0.209194636703677,-0.608672183602318,0.1297889026717
7.09266221426482,0.20931977204033,0.058158772671499,0.00211681367198264,0.198436707863305,-0.0127173226509874,-0.0374744884275792,0,0,0,0,0,0,0,0,0,-0.215277148080519,-0.607336942938494,0.137093033276405
7.10266596915095,0.209901683543948,0.0581797922037285,0.0020856116260249,0.198307611182347,-0.0130923783455778,-0.037508096032507,0,0,0,0,0,0,0,0,0,-0.221345936524572,-0.605929293399332,0.144264017104463
7.11266972403708,0.21048380377018,0.058200502484439,0.00205498475410931,0.19817476089432,-0.0134677583176298,-0.0375393251372991,0,0,0,0,0,0,0,0,0,-0.227400284339502,-0.604450579206491,0.151299483406179
7.1226734789232,0.211066129653947,0.05822090921286,0.00202492214951527,0.198038153873691,-0.0138434389394364,-0.0375682089086315,0,0,0,0,0,0,0,0,0,-0.233439487394892,-0.602902167506545,0.158197220478727
7.13267723380933,0.21164865818664,0.0582410179798113,0.0019954130450793,0.197897787229641,-0.0142193969131076,-0.0375947801188741,0,0,0,0,0,0,0,0,0,-0.239462855347604,-0.601285446771819,0.164955177023214
7.14268098869546,0.212231386415044,0.0582608342690956,0.00196644681237147,0.197753658302781,-0.0145956092666376,-0.0376190711484169,0,0,0,0,0,0,0,0,0,-0.245469711847094,-0.599601825190269,0.171571463093951
7.15268474358159,0.212814311440273,0.0582803634588816,0.00193801296087196,0.197605764661919,-0.0149720533499953,-0.0376411139879974,0,0,0,0,0,0,0,0,0,-0.251459394724561,-0.597852729047327,0.178044350703954
7.16268849846772,0.213397430416719,0.0582996108230799,0.00191010113714753,0.19745410410085,-0.0153487068312377,-0.0376609402410266,0,0,0,0,0,0,0,0,0,-0.257431256165879,-0.596039601103665,0.184372273993629
7.17269225335385,0.213980740551017,0.05831858153271,0.00188270112402803,0.197298674635201,-0.0157255476926468,-0.0376785811259164,0,0,0,0,0,0,0,0,0,-0.263384662868294,-0.594163898973666,0.190553829001124
7.18269600823997,0.214564239101026,0.0583372806572597,0.0018558028397829,0.1971394744993,-0.0161025542268901,-0.0376940674784055,0,0,0,0,0,0,0,0,0,-0.269318996180916,-0.592227093507784,0.196587773129174
7.1926997631261,0.215147923374812,0.0583557131660355,0.0018293963372977,0.196976502143094,-0.0164797050332039,-0.0377074297538872,0,0,0,0,0,0,0,0,0,-0.275233652229046,-0.590230667181678,0.202473024223474
7.20270351801223,0.215731790729661,0.0583738839295054,0.00180347180325057,0.196809756229103,-0.0168569790135998,-0.0377186980297349,0,0,0,0,0,0,0,0,0,-0.281128042022439,-0.588176112497014,0.208208659277297
7.21270727289836,0.216315838571091,0.0583917977206331,0.00177801955728878,0.196639235629403,-0.0172343553690952,-0.0377279020076299,0,0,0,0,0,0,0,0,0,-0.287001591547637,-0.586064930396519,0.213793912861242
7.22271102778449,0.216900064351886,0.058409459216204,0.0017530300512052,0.196464939422662,-0.0176118135959662,-0.0377350710158874,0,0,0,0,0,0,0,0,0,-0.292853741844524,-0.583898628696194,0.219228175223547
7.23271478267061,0.21748446557114,0.0584268729981432,0.00172849386811482,0.196286866891199,-0.0179893334820246,-0.0377402340117834,0,0,0,0,0,0,0,0,0,-0.298683949067283,-0.58167872053838,0.224510990067806
7.24271853755674,0.218069039773314,0.058444043554825,0.00170440172163125,0.196105017518088,-0.0183668951029173,-0.0377434195838817,0,0,0,0,0,0,0,0,0,-0.304491684530009,-0.579406722868434,0.229642052085792
7.25272229244287,0.218653784547307,0.0584609752823742,0.00168074445504322,0.195919390984296,-0.0187444788184496,-0.0377446559543601,0,0,0,0,0,0,0,0,0,-0.310276434737185,-0.577084154937153,0.234621204203056
7.262726047329,0.219238697525541,0.0584776724859595,0.0016575130404911,0.195729987165862,-0.0191220652689316,-0.0377439709813378,0,0,0,0,0,0,0,0,0,-0.316037701399328,-0.574712536832562,0.239448434566259
7.27272980221513,0.219823776383056,0.0584941393810779,0.00163469857814337,0.195536806131106,-0.0194996353715483,-0.0377413921612013,0,0,0,0,0,0,0,0,0,-0.3217750014341,-0.572293388042617,0.244123873344336
7.28273355710125,0.220409018836617,0.0585103800948318,0.00161229229537317,0.195339848137876,-0.0198771703167516,-0.0377369466309318,0,0,0,0,0,0,0,0,0,-0.327487866953188,-0.569828226050985,0.248647789265903
7.29273731198738,0.220994422643842,0.0585263986671972,0.00159028554593475,0.195139113630836,-0.0202546515646775,-0.0377306611704316,0,0,0,0,0,0,0,0,0,-0.333175845235323,-0.567318564969029,0.253020585963702
7.30274106687351,0.221579985602331,0.0585421990522838,0.00156866980914004,0.194934603238785,-0.0206320608415851,-0.0377225622048507,0,0,0,0,0,0,0,0,0,-0.338838498685789,-0.564765914204734,0.257242798190353
7.31274482175964,0.222165705548818,0.0585577851195871,0.00154743668903509,0.194726317772009,-0.0210093801363195,-0.037712675806914,0,0,0,0,0,0,0,0,0,-0.344475404782811,-0.562171777170393,0.261315087823721
7.32274857664577,0.222751580358326,0.0585731606552319,0.0015265779135766,0.194514258219676,-0.0213865916967978,-0.0377010276992474,0,0,0,0,0,0,0,0,0,-0.350086156011212,-0.559537650031463,0.265238239719047
7.33275233153189,0.223337607943344,0.0585883293632081,0.00150608533380845,0.19429842574726,-0.0217636780265185,-0.037687643256705,0,0,0,0,0,0,0,0,0,-0.355670359783761,-0.556865020497239,0.26901315747623
7.34275608641802,0.223923786253007,0.0586032948665974,0.00148595092303815,0.194078821694003,-0.0221406218810942,-0.0376725475086956,0,0,0,0,0,0,0,0,0,-0.361227638350638,-0.554155366654392,0.272640859070597
7.35275984130415,0.224510113272295,0.0586180607087927,0.00146616677601339,0.193855447570407,-0.0225174062648074,-0.0376557651415094,0,0,0,0,0,0,0,0,0,-0.366757628697447,-0.551410155845067,0.276122472378758
7.36276359619028,0.225096587021244,0.0586326303547086,0.00144672510809852,0.193628305055766,-0.0228940144271896,-0.0376373205006447,0,0,0,0,0,0,0,0,0,-0.372259982432229,-0.548630843589934,0.279459230650044
7.37276735107641,0.225683205554162,0.0586470071919842,0.00142761825445107,0.19339739599573,-0.0232704298596237,-0.037617237593135,0,0,0,0,0,0,0,0,0,-0.377734365661934,-0.545818872556889,0.282652467885591
7.38277110596253,0.226269966958865,0.0586611945321768,0.00140883866919823,0.1931627223999,-0.0236466362919699,-0.0375955400898749,0,0,0,0,0,0,0,0,0,-0.383180458858794,-0.542975671576561,0.285703614187043
7.39277486084866,0.226856869355924,0.0586751956119485,0.00139037892461338,0.192924286439461,-0.0240226176892147,-0.0375722513279478,0,0,0,0,0,0,0,0,0,-0.388597956717099,-0.540102654704073,0.288614191086293
7.40277861573479,0.227443910897914,0.0586890135942439,0.00137223171029257,0.192682090444849,-0.024398358248143,-0.0375473943129518,0,0,0,0,0,0,0,0,0,-0.393986568000807,-0.53720122032799,0.291385806812949
7.41278237062092,0.228031089768694,0.0587026515694592,0.00135438983233106,0.192436136903441,-0.0247738423940336,-0.037520991721327,0,0,0,0,0,0,0,0,0,-0.399346015382479,-0.534272750326766,0.294020151572305
7.42278612550705,0.228618404182674,0.058716112556604,0.00133684621249976,0.192186428457294,-0.0251490547773783,-0.0374930659026816,0,0,0,0,0,0,0,0,0,-0.40467603527402,-0.531318609272167,0.296518992846561
7.43278988039317,0.229205852384118,0.0587293995044542,0.00131959388742182,0.191932967900903,-0.0255239802706238,-0.0374636388821194,0,0,0,0,0,0,0,0,0,-0.409976377649674,-0.528340143679729,0.298884170709897
7.4427936352793,0.229793432646439,0.0587425152926968,0.00130262600774905,0.191675758179,-0.0258986039649371,-0.0374327323625658,0,0,0,0,0,0,0,0,0,-0.415246805861767,-0.525338681305916,0.301117593142371
7.45279739016543,0.23038114327152,0.0587554627330665,0.00128593583733849,0.191414802384381,-0.026272911166994,-0.0374003677270949,0,0,0,0,0,0,0,0,0,-0.420487096449646,-0.522315530492335,0.303221231404889
7.46280114505156,0.230968982589035,0.0587682445704741,0.00126951675242886,0.191150103755763,-0.0266468873957914,-0.0373665660412561,0,0,0,0,0,0,0,0,0,-0.425697038942294,-0.519271979555427,0.305197115490281
7.47280489993769,0.231556948955786,0.0587808634841266,0.00125336224081711,0.190881665675681,-0.0270205183794821,-0.0373313480554011,0,0,0,0,0,0,0,0,0,-0.43087643565506,-0.516209296221699,0.307047329585339
7.48280865482382,0.232145040755058,0.0587933220886391,0.0012374659010349,0.190609491668409,-0.0273937900522336,-0.0372947342070099,0,0,0,0,0,0,0,0,0,-0.436025101480979,-0.513128727108203,0.308774007616209
7.49281240970994,0.232733256395968,0.0588056229351384,0.00122182144152509,0.190333585397914,-0.0277666885511096,-0.0372567446230182,0,0,0,0,0,0,0,0,0,-0.441142863677103,-0.510031497246899,0.310379328906792
7.50281616459607,0.233321594312844,0.0588177685123585,0.00120642267981829,0.190053950665843,-0.0281392002129751,-0.0372173991221441,0,0,0,0,0,0,0,0,0,-0.446229561646304,-0.506918809651994,0.311865513883728
7.5128199194822,0.233910052964604,0.0588297612477276,0.0011912635417093,0.189770591409537,-0.0285113115714247,-0.0371767172172143,0,0,0,0,0,0,0,0,0,-0.451285046714955,-0.50379184493024,0.31323481986436
7.52282367436833,0.234498630834144,0.0588416035084473,0.00117633806043368,0.189483511700083,-0.0288830093537344,-0.0371347181174912,0,0,0,0,0,0,0,0,0,-0.456309181906929,-0.500651760932547,0.314489536975632
7.53282742925446,0.235087326427746,0.0588532976025629,0.00116164037584421,0.189192715740389,-0.0292542804778361,-0.0370914207309996,0,0,0,0,0,0,0,0,0,-0.461301841714311,-0.497499692445928,0.315631984162897
7.54283118414058,0.235676138274491,0.0588648457800262,0.00114716473358741,0.188898207863289,-0.0296251120493158,-0.0370468436668534,0,0,0,0,0,0,0,0,0,-0.466262911865236,-0.494336750924971,0.316664505301808
7.55283493902671,0.23626506492568,0.0588762502337496,0.00113290548428003,0.188599992529686,-0.0299954913584354,-0.0370010052375821,0,0,0,0,0,0,0,0,0,-0.471192289089228,-0.491164024261575,0.31758946542016
7.56283869391284,0.23685410495427,0.0588875131006521,0.00111885708268558,0.188298074326714,-0.0303654058771768,-0.0369539234614578,0,0,0,0,0,0,0,0,0,-0.47608988088043,-0.487982576592012,0.31840924703521
7.57284244879897,0.23744325695432,0.0588986364626969,0.00110501408689081,0.187992457965942,-0.0307348432563102,-0.0369056160648219,0,0,0,0,0,0,0,0,0,-0.480955605259083,-0.484793448139942,0.319126246624602
7.5828462036851,0.238032519540447,0.0589096223479211,0.00109137115748222,0.18768314828159,-0.0311037913224853,-0.0368561004844115,0,0,0,0,0,0,0,0,0,-0.485789390531615,-0.481597655094087,0.319742871220172
7.59284995857123,0.23862189134729,0.0589204727314569,0.00107792305672257,0.187370150228793,-0.0314722380753459,-0.0368053938696865,0,0,0,0,0,0,0,0,0,-0.490591175049674,-0.478396189519395,0.320261535098751
7.60285371345735,0.239211371028985,0.0589311895365444,0.00106466464772738,0.187053468881882,-0.0318401716846673,-0.0367535130851561,0,0,0,0,0,0,0,0,0,-0.495360906968435,-0.475190019300921,0.320684656607665
7.61285746834348,0.239800957258653,0.0589417746355369,0.00105159089364143,0.186733109432692,-0.0322075804875178,-0.0367004747127055,0,0,0,0,0,0,0,0,0,-0.500098544004515,-0.471980088118504,0.321014655155654
7.62286122322961,0.240390648727897,0.0589522298508969,0.00103869685681528,0.186409077188909,-0.0325744529854428,-0.0366462950539229,0,0,0,0,0,0,0,0,0,-0.504804053193776,-0.468767315450857,0.32125394828809
7.63286497811574,0.240980444146303,0.0589625569561847,0.00102597769798175,0.186081377572435,-0.0329407778416727,-0.0365909901324259,0,0,0,0,0,0,0,0,0,-0.509477410649313,-0.465552596608755,0.321404948884535
7.64286873300187,0.241570342240961,0.0589727576770385,0.00101342867543243,0.185750016117785,-0.0333065438783531,-0.036534575696188,0,0,0,0,0,0,0,0,0,-0.514118601319925,-0.462336802795198,0.321470062529066
7.65287248788799,0.242160341755986,0.0589828336921461,0.00100104514419421,0.18541499847051,-0.0336717400737999,-0.0364770672198662,0,0,0,0,0,0,0,0,0,-0.518727618749311,-0.459120781191217,0.321451684977675
7.66287624277412,0.242750441452059,0.0589927866342085,0.000988822555205745,0.185076330385651,-0.034036355559776,-0.0364184799071267,0,0,0,0,0,0,0,0,0,-0.523304464836254,-0.455905355066699,0.321352199747737
7.67287999766025,0.243340640105965,0.0590026180908954,0.000976756454493987,0.184734017726216,-0.0344003796187924,-0.0363588286929723,0,0,0,0,0,0,0,0,0,-0.527849149596032,-0.452691323914428,0.321173975847209
7.68288375254638,0.24393093651015,0.0590123296057921,0.000964842482350674,0.184388066461683,-0.034763801681432,-0.0362981282460688,0,0,0,0,0,0,0,0,0,-0.532361690923288,-0.449479463606341,0.320919365630425
7.69288750743251,0.244521329472288,0.0590219226793388,0.000953076372508844,0.184038482666538,-0.0351266113236971,-0.0362363929710717,0,0,0,0,0,0,0,0,0,-0.536842114356565,-0.446270526570471,0.320590702767324
7.70289126231863,0.245111817814849,0.0590313987697606,0.000941453951319328,0.183685272518825,-0.0354887982643796,-0.0361736370109533,0,0,0,0,0,0,0,0,0,-0.541290452844716,-0.443065241987829,0.32019030033114
7.71289501720476,0.245702400374683,0.0590407592939906,0.000929971136927264,0.18332844229874,-0.0358503523624552,-0.0361098742493288,0,0,0,0,0,0,0,0,0,-0.545706746515383,-0.439864316007614,0.319720449011978
7.72289877209089,0.246293076002614,0.0590500056285834,0.000918623938448598,0.182967998387234,-0.0362112636145001,-0.0360451183127836,0,0,0,0,0,0,0,0,0,-0.550091042445706,-0.436668431979832,0.319183415444671
7.73290252697702,0.246883843563037,0.0590591391106216,0.000907408455146581,0.182603947264654,-0.0365715221521319,-0.0359793825731997,0,0,0,0,0,0,0,0,0,-0.554443394435455,-0.433478250703962,0.318581440661671
7.74290628186315,0.247474701933529,0.0590681610386133,0.000896320875608284,0.1822362955094,-0.0369311182394726,-0.0359126801500822,0,0,0,0,0,0,0,0,0,-0.558763862782725,-0.430294410692534,0.317916738633261
7.75291003674927,0.248065650004468,0.0590770726733813,0.000885357476921096,0.18186504979662,-0.0372900422706361,-0.0358450239128868,0,0,0,0,0,0,0,0,0,-0.563052514062333,-0.427117528448994,0.317191494921856
7.7629137916354,0.248656686678661,0.0590858752389447,0.000874514623849226,0.181490216896912,-0.0376482847672379,-0.0357764264833457,0,0,0,0,0,0,0,0,0,-0.567309420907071,-0.423948198758209,0.316407865467776
7.77291754652153,0.249247810870979,0.0590945699233916,0.000863788768010207,0.181111803675069,-0.0380058363759291,-0.0357069002377945,0,0,0,0,0,0,0,0,0,-0.571534661791919,-0.420786994988628,0.315567975452674
7.78292130140766,0.249839021508,0.059103157879744,0.00085317644705141,0.180729817088836,-0.0383626878659528,-0.0356364573094994,0,0,0,0,0,0,0,0,0,-0.575728320821344,-0.417634469405528,0.314673918254226
7.79292505629379,0.250430317527669,0.0591116402268144,0.000842674283826532,0.180344264187699,-0.0387188301267242,-0.0355651095909833,0,0,0,0,0,0,0,0,0,-0.579890487519781,-0.414491153494083,0.313727754521722
7.80292881117991,0.251021697878953,0.0591200180500536,0.000832278985572112,0.179955152111691,-0.0390742541654338,-0.0354928687363529,0,0,0,0,0,0,0,0,0,-0.58402125662539,-0.411357558291107,0.312731511334663
7.81293256606604,0.251613161521513,0.0591282924023912,0.00082198734308403,0.179562488090228,-0.0394289511046742,-0.0354197461636252,0,0,0,0,0,0,0,0,0,-0.588120727887182,-0.408234174724962,0.31168718143643
7.82293632095217,0.252204707425387,0.0591364643050674,0.000811796229894013,0.179166279440967,-0.03978291218009,-0.0353457530570543,0,0,0,0,0,0,0,0,0,-0.592189005865569,-0.40512147396263,0.310596722580107
7.8329400758383,0.252796334570672,0.059144534748456,0.000801702601446133,0.178766533568684,-0.0401361287380505,-0.0352709003694583,0,0,0,0,0,0,0,0,0,-0.59622619973644,-0.40201990776271,0.309462056937627
7.84294383072443,0.253388041947223,0.0591525046928805,0.000791703494273323,0.178363257964183,-0.0404885922333465,-0.0351951988245456,0,0,0,0,0,0,0,0,0,-0.600232423098773,-0.398929908834308,0.308285070581271
7.85294758561056,0.253979828554354,0.0591603750694206,0.000781796025173865,0.177956460203215,-0.0408402942269101,-0.0351186589192421,0,0,0,0,0,0,0,0,0,-0.604207793785888,-0.395851891200414,0.30706761307635
7.86295134049668,0.25457169340055,0.059168146780711,0.000771977390387907,0.177546147945434,-0.041191226383557,-0.0350412909260174,0,0,0,0,0,0,0,0,0,-0.608152433680332,-0.39278625056494,0.305811497110575
7.87295509538281,0.255163635503188,0.0591758207017324,0.000762244864773964,0.177132328933368,-0.0415413804697535,-0.0349631048952121,0,0,0,0,0,0,0,0,0,-0.612066468532473,-0.389733364683506,0.304518498195386
7.88295885026894,0.255755653888262,0.0591833976805938,0.000752595800985418,0.176715010991409,-0.0418907483514055,-0.0348841106573639,0,0,0,0,0,0,0,0,0,-0.615950027782811,-0.386693593736463,0.303190354463281
7.89296260515507,0.25634774759012,0.0591908785393061,0.000743027628647018,0.176294202024836,-0.0422393219916716,-0.0348043178255348,0,0,0,0,0,0,0,0,0,-0.619803244388025,-0.383667280703728,0.301828766503898
7.9029663600412,0.256939915651204,0.0591982640745488,0.0007335378535314,0.175869910018845,-0.0425870934487989,-0.0347237357976376,0,0,0,0,0,0,0,0,0,-0.623626254650786,-0.380654751741088,0.300435397250577
7.91297011492732,0.257532157121805,0.0592055550584269,0.000724124056735575,0.175442143037617,-0.0429340548739826,-0.0346423737587627,0,0,0,0,0,0,0,0,0,-0.62741919805334,-0.377656316557306,0.299011871946807
7.92297386981345,0.258124471059816,0.0592127522392206,0.00071478389385744,0.175010909223391,-0.0432801985092483,-0.0345602406835046,0,0,0,0,0,0,0,0,0,-0.63118221709486,-0.374672268791092,0.297559778160652
7.93297762469958,0.2587168565305,0.0592198563421268,0.000705515094172278,0.174576216795572,-0.0436255166853583,-0.0344773453382891,0,0,0,0,0,0,0,0,0,-0.634915457132571,-0.371702886387926,0.29608066583439
7.94298137958571,0.259309312606262,0.0592268680699914,0.000696315459809269,0.174138074049847,-0.0439700018197402,-0.0343936962836993,0,0,0,0,0,0,0,0,0,-0.638619066226643,-0.368748431976034,0.294576047399054
7.95298513447184,0.259901838366432,0.0592337881040344,0.000687182864927984,0.173696489357337,-0.0443136464144402,-0.034309301876803,0,0,0,0,0,0,0,0,0,-0.642293194988836,-0.365809153240917,0.293047397928063
7.96298888935797,0.260494432897045,0.0592406171045664,0.0006781152548949,0.173251471163753,-0.0446564430540977,-0.0342241702734791,0,0,0,0,0,0,0,0,0,-0.645937996434891,-0.362885283298254,0.291496155316745
7.97299264424409,0.261087095290644,0.0592473557116966,0.000669110645459896,0.172803027988583,-0.0449983844039452,-0.0341383094307444,0,0,0,0,0,0,0,0,0,-0.649553625840634,-0.359977041064842,0.28992372053281
7.98299639913022,0.261679824646074,0.0592540045460327,0.000660167121932753,0.172351168424297,-0.0453394632078304,-0.0340517271090799,0,0,0,0,0,0,0,0,0,-0.653140240601784,-0.357084631626485,0.288331457894435
7.99300015401635,0.262272620068297,0.0592605642093731,0.000651282838359672,0.171895901135566,-0.0456796722862612,-0.0339644308747584,0,0,0,0,0,0,0,0,0,-0.656698000097423,-0.35420824660337,0.286720695344089
8.00300390890248,0.262865480668203,0.0592670352853899,0.000642456016699766,0.171437234858509,-0.0460190045344754,-0.0338764281021704,0,0,0,0,0,0,0,0,0,-0.660227065557114,-0.35134806451248,0.285092724795785
8.0130076637886,0.26345840556243,0.0592734183403044,0.000633684946001568,0.170975178399954,-0.0463574529205319,-0.0337877259761511,0,0,0,0,0,0,0,0,0,-0.66372759993162,-0.34850425112602,0.28344880251245
8.02301141867473,0.264051393873201,0.0592797139235542,0.000624967981579537,0.170509740636718,-0.0466950104834268,-0.0336983314943073,0,0,0,0,0,0,0,0,0,-0.667199767767191,-0.345676959826278,0.281790149493171
8.03301517356086,0.264644444728151,0.0592859225684519,0.000616303544190553,0.170040930514906,-0.0470316703312316,-0.0336082514693437,0,0,0,0,0,0,0,0,0,-0.670643735083388,-0.342866331956309,0.280117951877505
8.04301892844699,0.265237557260172,0.0592920447928354,0.000607690119210435,0.169568757049232,-0.0473674256392552,-0.0335174925313902,0,0,0,0,0,0,0,0,0,-0.674059669254385,-0.340072497166704,0.278433361380304
8.05302268333312,0.265830730607263,0.0592980810997108,0.000599126255810435,0.169093229322353,-0.0477022696482292,-0.033426061130328,0,0,0,0,0,0,0,0,0,-0.677447738893727,-0.33729557375757,0.276737495779095
8.06302643821924,0.266423963912383,0.0593040319778858,0.000590610566133739,0.168614356484224,-0.0480361956625167,-0.0333339635381167,0,0,0,0,0,0,0,0,0,-0.680808113742478,-0.334535669015554,0.275031439375667
8.07303019310537,0.267017256323312,0.0593098979025962,0.00058214172447198,0.168132147751472,-0.0483691970483432,-0.0332412058511209,0,0,0,0,0,0,0,0,0,-0.684140964560724,-0.331792879546584,0.273316243474955
8.0830339479915,0.267610606992519,0.0593156793361228,0.000573718466441741,0.167646612406783,-0.0487012672320525,-0.0331477939924369,0,0,0,0,0,0,0,0,0,-0.687446463022371,-0.329067291603313,0.271592926918992
8.09303770287763,0.268204015077036,0.0593213767284014,0.000565339588161047,0.16715775979831,-0.0490323996983844,-0.0330537337142195,0,0,0,0,0,0,0,0,0,-0.690724781613207,-0.326358981407177,0.269862476600923
8.10304145776376,0.268797479738336,0.0593269905176236,0.000557003945425889,0.166665599339101,-0.0493625879887766,-0.0329590306000086,0,0,0,0,0,0,0,0,0,-0.693976093532139,-0.323668015465555,0.268125847988766
8.11304521264989,0.269391000142219,0.0593325211308297,0.000548710452886709,0.166170140506535,-0.0496918256996895,-0.0328636900670561,0,0,0,0,0,0,0,0,0,-0.697200572595601,-0.320994450883347,0.266383965691745
8.12304896753601,0.269984575458706,0.0593379689844933,0.000540458083224912,0.165671392841782,-0.0500201064809542,-0.0327677173686523,0,0,0,0,0,0,0,0,0,-0.700398393145028,-0.318338335668805,0.264637724001695
8.13305272242214,0.27057820486193,0.0593433344850978,0.000532245866329373,0.165169365949279,-0.0503474240341441,-0.0326711175964529,0,0,0,0,0,0,0,0,0,-0.703569729957378,-0.315699709034276,0.262887987446907
8.14305647730827,0.271171887530046,0.0593486180297048,0.000524072888472929,0.164664069496218,-0.0506737721109696,-0.0325738956828057,0,0,0,0,0,0,0,0,0,-0.706714758158629,-0.313078601690952,0.261135591380654
8.1530602321944,0.271765622645136,0.0593538200065135,0.000515938291488902,0.164155513212052,-0.0509991445116959,-0.0324760564030771,0,0,0,0,0,0,0,0,0,-0.709833653140194,-0.310475036137843,0.259381342535352
8.16306398708053,0.27235940939312,0.0593589407954129,0.000507841271947585,0.16364370688802,-0.051323535083584,-0.0323776043779791,0,0,0,0,0,0,0,0,0,-0.712926590478199,-0.307889026945435,0.257626019592495
8.17306774196665,0.272953246963684,0.0593639807685247,0.000499781080332756,0.163128660376682,-0.0516469377193559,-0.0322785440758958,0,0,0,0,0,0,0,0,0,-0.715993745855575,-0.305320581033259,0.255870373782
8.18307149685278,0.273547134550197,0.0593689402907394,0.000491757020218177,0.162610383591473,-0.0519693463556819,-0.0321788798152101,0,0,0,0,0,0,0,0,0,-0.719035294986893,-0.302769697941561,0.254115129453269
8.19307525173891,0.274141071349644,0.0593738197202422,0.0004837684474441,0.16208888650627,-0.0522907549716915,-0.0320786157666308,0,0,0,0,0,0,0,0,0,-0.722051413545884,-0.300236370097445,0.252360984643486
8.20307900662504,0.274735056562564,0.0593786194090326,0.000475814769293772,0.161564179154976,-0.0526111575875082,-0.0319777559555186,0,0,0,0,0,0,0,0,0,-0.725042277095604,-0.29772058307517,0.250608611676671
8.21308276151117,0.275329089392987,0.0593833397034345,0.000467895443669934,0.161036271631115,-0.0529305482628072,-0.0318763042642135,0,0,0,0,0,0,0,0,0,-0.728008061021162,-0.295222315850312,0.248858657737239
8.2230865163973,0.275923169048381,0.0593879809445985,0.000460009978271332,0.160505174087444,-0.0532489210953954,-0.0317742644343613,0,0,0,0,0,0,0,0,0,-0.730948940464967,-0.292741541048582,0.247111745431078
8.23309027128342,0.276517294739603,0.0593925434689962,0.000452157929769218,0.159970896735582,-0.0535662702198165,-0.0316716400692402,0,0,0,0,0,0,0,0,0,-0.733865090264437,-0.29027822518876,0.24536847337851
8.24309402616955,0.277111465680857,0.0593970276089055,0.000444338902983848,0.159433449845644,-0.0538825898059782,-0.0315684346360874,0,0,0,0,0,0,0,0,0,-0.736756684892104,-0.287832328919658,0.243629416783416
8.25309778105568,0.277705681089648,0.0594014336928884,0.000436552550060996,0.158892843745898,-0.0541978740578027,-0.0314646514684263,0,0,0,0,0,0,0,0,0,-0.739623898398068,-0.285403807251657,0.241895127991262
8.26310153594181,0.278299940186754,0.0594057620462607,0.00042879856964845,0.15834908882243,-0.0545121172119007,-0.0313602937683927,0,0,0,0,0,0,0,0,0,-0.742466904354731,-0.282992609782511,0.240166137057092
8.27310529082794,0.278894242196193,0.0594100129915524,0.000421076706072521,0.157802195518821,-0.0548253135362691,-0.031255364609062,0,0,0,0,0,0,0,0,0,-0.745285875803768,-0.280598680917522,0.238442952303288
8.28310904571406,0.279488586345197,0.0594141868489608,0.000413386748514544,0.157252174335845,-0.055137457329011,-0.0311498669367753,0,0,0,0,0,0,0,0,0,-0.74808098520527,-0.278221960084178,0.236726060869816
8.29311280060019,0.28008297186419,0.0594182839367953,0.000405728530187382,0.15669903583117,-0.0554485429170799,-0.0310438035734666,0,0,0,0,0,0,0,0,0,-0.750852404389008,-0.275862381941322,0.235015929260336
8.30311655548632,0.280677397986775,0.0594223045719137,0.000398101927511929,0.156142790619076,-0.0557585646550466,-0.0309371772189896,0,0,0,0,0,0,0,0,0,-0.753600304507759,-0.273519876582866,0.233313003881352
8.31312031037245,0.281271863949717,0.0594262490701501,0.00039050685929362,0.155583449370186,-0.0560675169238896,-0.0308299904534439,0,0,0,0,0,0,0,0,0,-0.756324855992646,-0.271194369736171,0.231617711574534
8.32312406525858,0.281866368992941,0.0594301177467348,0.000382943285898926,0.155021022811206,-0.0563753941298089,-0.0307222457395022,0,0,0,0,0,0,0,0,0,-0.759026228510437,-0.268885782955111,0.229930460137484
8.3331278201447,0.282460912359518,0.0594339109167063,0.000375411208431864,0.154455521724683,-0.0566821907030627,-0.0306139454247367,0,0,0,0,0,0,0,0,0,-0.761704590922742,-0.266594033808031,0.228251638853109
8.34313157503083,0.283055493295678,0.0594376288953144,0.000367910667910498,0.153886956948762,-0.0569879010968279,-0.030505091743946,0,0,0,0,0,0,0,0,0,-0.764360111247076,-0.264319036060223,0.226581618998695
8.35313532991696,0.283650111050802,0.0594412719984154,0.000360441744443448,0.153315339376971,-0.0572925197860832,-0.0303956868214819,0,0,0,0,0,0,0,0,0,-0.76699295661971,-0.262060699851701,0.22492075432326
8.36313908480309,0.284244764877439,0.059444840542859,0.000353004556406383,0.152740679958003,-0.057596041266516,-0.0302857326735758,0,0,0,0,0,0,0,0,0,-0.769603293260284,-0.259818931870117,0.223269381565582
8.37314283968922,0.284839454031313,0.0594483348468673,0.000345599259618537,0.152162989695515,-0.0578984600534527,-0.0301752312106656,0,0,0,0,0,0,0,0,0,-0.772191286438119,-0.257593635518182,0.221627820948033
8.38314659457534,0.285434177771338,0.0594517552304049,0.000338226046519205,0.151582279647939,-0.0581997706808118,-0.0300641842397225,0,0,0,0,0,0,0,0,0,-0.774757100440185,-0.255384711076696,0.219996376626448
8.39315034946147,0.286028935359642,0.0594551020155413,0.000330885145344252,0.150998560928299,-0.0584999677000802,-0.0299525934665776,0,0,0,0,0,0,0,0,0,-0.777300898540671,-0.253192055862967,0.218375337172516
8.4031541043476,0.286623726061586,0.0594583755268047,0.000323576819302611,0.150411844704039,-0.0587990456793136,-0.0298404604982486,0,0,0,0,0,0,0,0,0,-0.77982284297212,-0.251015564384197,0.216764976035832
8.41315785923373,0.287218549145791,0.059461576091528,0.000316301365752793,0.149822142196867,-0.0590969992021592,-0.0297277868452667,0,0,0,0,0,0,0,0,0,-0.782323094898076,-0.248855128486648,0.215165551984602
8.42316161411986,0.287813403884166,0.0594647040401861,0.00030905911537939,0.1492294646826,-0.0593938228669022,-0.029614573924003,0,0,0,0,0,0,0,0,0,-0.784801814387193,-0.246710637500212,0.213577309558279
8.43316536900599,0.288408289551948,0.0594677597067255,0.000301850431369573,0.148633823491022,-0.0596895112855357,-0.0295008230589955,0,0,0,0,0,0,0,0,0,-0.787259160388781,-0.244581978378528,0.212000479491073
8.44316912389211,0.289003205427728,0.0594707434288847,0.000294675708589601,0.148035230005754,-0.0599840590828534,-0.0293865354852756,0,0,0,0,0,0,0,0,0,-0.789695290709719,-0.242469035835072,0.210435279139333
8.45317287877824,0.289598150793499,0.0594736555485076,0.000287535372761323,0.147433695664127,-0.0602774608955663,-0.0292717123506951,0,0,0,0,0,0,0,0,0,-0.79211036199272,-0.24037169247472,0.208881912905902
8.46317663366437,0.290193124934696,0.0594764964118478,0.000280429879638687,0.14682923195707,-0.0605697113714413,-0.0291563547182526,0,0,0,0,0,0,0,0,0,-0.794504529695881,-0.238289828921359,0.207340572625067
8.4731803885505,0.290788127140238,0.0594792663698649,0.000273359714184236,0.146221850429005,-0.060860805168465,-0.0290404635684204,0,0,0,0,0,0,0,0,0,-0.796877948073494,-0.236223323941739,0.205811437964437
8.48318414343663,0.291383156702584,0.0594819657785125,0.000266325389745617,0.145611562677742,-0.061150736954029,-0.0289240398014711,0,0,0,0,0,0,0,0,0,-0.79923077015808,-0.234172054565044,0.20429467682932
8.49318789832275,0.291978212917776,0.0594845949990185,0.000259327447232085,0.144998380354396,-0.0614395014041398,-0.0288070842398046,0,0,0,0,0,0,0,0,0,-0.801563147743593,-0.232135896198657,0.202790445725763
8.50319165320888,0.292573295085499,0.0594871543981559,0.000252366454290998,0.144382315163303,-0.061727093202651,-0.0286895976302745,0,0,0,0,0,0,0,0,0,-0.803875231369766,-0.230114722740465,0.201298890125825
8.51319540809501,0.293168402509137,0.0594896443485069,0.000245443004484338,0.143763378861942,-0.0620135070405195,-0.0285715806465147,0,0,0,0,0,0,0,0,0,-0.806167170307563,-0.22810840668732,0.199820144844487
8.52319916298114,0.293763534495829,0.0594920652287176,0.000238557716465199,0.143141583260871,-0.0622987376150845,-0.0284530338912667,0,0,0,0,0,0,0,0,0,-0.808439112545696,-0.226116819239796,0.198354334383566
8.53320291786727,0.294358690356535,0.0594944174237453,0.000231711233154299,0.142516940223665,-0.06258277962937,-0.0283339578987057,0,0,0,0,0,0,0,0,0,-0.810691204778175,-0.224139830403771,0.19690157326232
8.54320667275339,0.294953869406098,0.0594967013250964,0.000224904220916484,0.141889461666863,-0.0628656277914103,-0.0282143531367676,0,0,0,0,0,0,0,0,0,-0.812923592392852,-0.222177309088577,0.19546196636883
8.55321042763952,0.29554907096331,0.0594989173310578,0.000218137368737223,0.141259159559923,-0.0631472768135994,-0.0280942200094759,0,0,0,0,0,0,0,0,0,-0.815136419460938,-0.220229123201543,0.194035609284232
8.56321418252565,0.296144294350985,0.0595010658469181,0.000211411387399126,0.140626045925177,-0.0634277214120631,-0.0279735588592679,0,0,0,0,0,0,0,0,0,-0.817329828727442,-0.218295139739657,0.19262258858919
8.57321793741178,0.296739538896025,0.0595031472851823,0.000204727008658436,0.139990132837802,-0.0637069563060543,-0.0278523699693219,0,0,0,0,0,0,0,0,0,-0.819503961602515,-0.216375224877987,0.191222982184491
8.58322169229791,0.297334803929497,0.059505162065777,0.000198084984421542,0.139351432425786,-0.0639849762173723,-0.0277306535658838,0,0,0,0,0,0,0,0,0,-0.821658958153662,-0.214469244054921,0.189836859585053
8.59322544718403,0.297930088786705,0.0595071106162482,0.000191486085921474,0.138709956869912,-0.0642617758698044,-0.0276084098205935,0,0,0,0,0,0,0,0,0,-0.823794957098792,-0.212577062054705,0.188464282208913
8.60322920207016,0.298525392807271,0.0595089933719503,0.000184931102894413,0.138065718403735,-0.0645373499885916,-0.0274856388528121,0,0,0,0,0,0,0,0,0,-0.825912095800079,-0.210698543086905,0.187105303673428
8.61323295695629,0.299120715335211,0.059510810776227,0.000178420842756195,0.137418729313572,-0.0648116932999173,-0.0273623407319483,0,0,0,0,0,0,0,0,0,-0.828010510258604,-0.208833550863018,0.185759970068006
8.62323671184242,0.299716055719016,0.0595125632805844,0.000171956129778809,0.136769001938497,-0.0650848005304188,-0.0272385154797852,0,0,0,0,0,0,0,0,0,-0.830090335109746,-0.206981948670475,0.184428320211939
8.63324046672855,0.300311413311737,0.0595142513448552,0.000165537804266905,0.136116548670336,-0.0653566664067231,-0.0271141630728069,0,0,0,0,0,0,0,0,0,-0.832151703619309,-0.205143599444096,0.183110385929707
8.64324422161468,0.300906787471067,0.0595158754373551,0.000159166721734303,0.135461381953669,-0.0656272856550049,-0.0269892834445256,0,0,0,0,0,0,0,0,0,-0.83419474768034,-0.203318365834585,0.181806192306326
8.6532479765008,0.301502177559425,0.0595174360350307,0.00015284375208049,0.134803514285842,-0.0658966530005684,-0.0268638764878078,0,0,0,0,0,0,0,0,0,-0.836219597810624,-0.201506110274871,0.180515757915064
8.66325173138693,0.302097582944047,0.0595189336235995,0.000146569778767119,0.13414295821697,-0.0661647631674529,-0.0267379420572014,0,0,0,0,0,0,0,0,0,-0.838226383150834,-0.199706695044053,0.17923909507057
8.67325548627306,0.302693002997072,0.0595203686976813,0.000140345697994533,0.133479726349958,-0.0664316108780601,-0.0266114799712622,0,0,0,0,0,0,0,0,0,-0.840215231463303,-0.197919982328676,0.177976210066215
8.68325924115919,0.303288437095633,0.0595217417609215,0.000134172417878242,0.132813831340514,-0.0666971908528067,-0.0264844900148808,0,0,0,0,0,0,0,0,0,-0.8421862691314,-0.196145834281924,0.176727103390681
8.69326299604531,0.303883884621944,0.0595230533261063,0.000128050857625441,0.132145285897174,-0.0669614978097986,-0.0263569719416091,0,0,0,0,0,0,0,0,0,-0.844139621159486,-0.194384113080565,0.175491769947434
8.70326675093144,0.304479344963399,0.0595243039152694,0.000121981946711525,0.131474102781326,-0.0672245264645293,-0.0262289254759872,0,0,0,0,0,0,0,0,0,-0.84607541117343,-0.19263468097975,0.17427019926467
8.71327050581757,0.305074817512657,0.0595254940597908,0.000115966624056572,0.130800294807238,-0.0674862715296012,-0.0261003503158699,0,0,0,0,0,0,0,0,0,-0.847993761421663,-0.190897400365764,0.173062375701097
8.7232742607037,0.305670301667743,0.0595266243004869,0.000110005837201857,0.130123874842085,-0.0677467277144704,-0.0259712461347539,0,0,0,0,0,0,0,0,0,-0.849894792776747,-0.189172133806701,0.17186827865119
8.73327801558983,0.306265796832138,0.0595276951876927,0.000104100541486356,0.129444855805985,-0.0680058897252145,-0.0258416125841038,0,0,0,0,0,0,0,0,0,-0.851778624737439,-0.187458744101109,0.17068788273017
8.74328177047595,0.306861302414877,0.0595287072813361,9.82516992232493e-05,0.128763250672035,-0.068263752264324,-0.0257114492956794,0,0,0,0,0,0,0,0,0,-0.853645375431244,-0.185757094324971,0.16952115796122
8.75328552536208,0.307456817830645,0.0595296611510028,9.24602788764215e-05,0.128079072466342,-0.0685203100305168,-0.0255807558838621,0,0,0,0,0,0,0,0,0,-0.855495161617412,-0.184067047876596,0.168368069964902
8.76328928024821,0.308052342499873,0.0595305573759942,8.67272542369717e-05,0.127392334268068,-0.0687755577185759,-0.0254495319479819,0,0,0,0,0,0,0,0,0,-0.857328098690386,-0.182388468519813,0.167228580120587
8.77329303513434,0.308647875848835,0.0595313965453767,8.10536035997164e-05,0.126703049209466,-0.0690294900192105,-0.0253177770746438,0,0,0,0,0,0,0,0,0,-0.859144300683669,-0.180721220425633,0.166102645735077
8.78329679002047,0.30924341730975,0.0595321792580221,7.5440308939685e-05,0.126011230475923,-0.0692821016189403,-0.0251854908400545,0,0,0,0,0,0,0,0,0,-0.860943880274106,-0.17906516821207,0.164990220217051
8.7933005449066,0.309838966320873,0.0595329061226409,6.98883550886375e-05,0.125316891306004,-0.0695333872000033,-0.0250526728123498,0,0,0,0,0,0,0,0,0,-0.862726948786543,-0.177420176982313,0.163891253231554
8.80330429979272,0.310434522326601,0.0595335777578063,6.43987289115585e-05,0.12462004499149,-0.0697833414402864,-0.0249193225539201,0,0,0,0,0,0,0,0,0,-0.864493616198875,-0.175786112361453,0.162805690846439
8.81330805467885,0.311030084777567,0.0595341947919706,5.89724184831566e-05,0.123920704877427,-0.0700319590132798,-0.0247854396237384,0,0,0,0,0,0,0,0,0,-0.866243991147442,-0.174162840531724,0.161733475680463
8.82331180956498,0.31162565313074,0.0595347578634733,5.36104122643892e-05,0.123218884362168,-0.0702792345880543,-0.0246510235796861,0,0,0,0,0,0,0,0,0,-0.867978180932777,-0.172550228266275,0.160674547048618
8.83331556445111,0.312221226849526,0.0595352676205406,4.83136982789398e-05,0.122514596897417,-0.0705251628292624,-0.0245160739808801,0,0,0,0,0,0,0,0,0,-0.869696291525684,-0.170948142961496,0.159628841098593
8.84331931933724,0.312816805403864,0.0595357247212769,4.30832632897396e-05,0.121807855988275,-0.0707697383971616,-0.0243805903899995,0,0,0,0,0,0,0,0,0,-0.871398427573628,-0.169356452668061,0.15859629093973
8.85332307422336,0.313412388270325,0.0595361298336486,3.79200919754653e-05,0.12109867519328,-0.0710129559476622,-0.0242445723756122,0,0,0,0,0,0,0,0,0,-0.873084692407435,-0.167775026120676,0.15757682677339
8.86332682910949,0.314007974932213,0.0595364836354584,3.28251661070528e-05,0.120387068124454,-0.0712548101323978,-0.0241080195145018,0,0,0,0,0,0,0,0,0,-0.874755188048278,-0.166203732766511,0.156570376014976
8.87333058399562,0.31460356487966,0.0595367868143124,2.77994637241721e-05,0.119673048447343,-0.0714952955988189,-0.023970931393994,0,0,0,0,0,0,0,0,0,-0.876410015214946,-0.164642442792511,0.155576863410142
8.88333433888175,0.315199157609726,0.0595370400675788,2.28439583117731e-05,0.118956629881059,-0.0717344069903104,-0.0238333076142838,0,0,0,0,0,0,0,0,0,-0.878049273331377,-0.163091027151496,0.15459621115378
8.89333809376788,0.315794752626499,0.0595372441023382,1.7959617976555e-05,0.118237826198321,-0.0719721389463314,-0.0236951477907617,0,0,0,0,0,0,0,0,0,-0.879673060534447,-0.161549357587098,0.153628338992914
8.90334184865401,0.316390349441183,0.0595373996353253,1.31474046234882e-05,0.117516651225493,-0.0722084861025792,-0.0235564515563408,0,0,0,0,0,0,0,0,0,-0.881281473682003,-0.1600173066578,0.152673164333904
8.91334560354013,0.316985947572205,0.0595375073928633,8.40827313231072e-06,0.116793118842616,-0.0724434430911764,-0.0234172185637832,0,0,0,0,0,0,0,0,0,-0.882874608361133,-0.158494747759726,0.151730602347224
8.92334935842626,0.317581546545303,0.0595375681107888,3.74317053403704e-06,0.116067242983453,-0.0726770045408808,-0.0232774484880271,0,0,0,0,0,0,0,0,0,-0.884452558896657,-0.156981555148587,0.150800566062717
8.93335311331239,0.318177145893624,0.05953758253437,-8.46964812546355e-07,0.11533903763551,-0.072909165077319,-0.0231371410285132,0,0,0,0,0,0,0,0,0,-0.886015418359833,-0.155477603960564,0.14988296646492
8.94335686819852,0.318772745157819,0.0595375514182152,-5.36120404436447e-06,0.114608516840076,-0.0731399193232431,-0.0229962959115114,0,0,0,0,0,0,0,0,0,-0.887563278577265,-0.153982770232345,0.148977712576471
8.95336062308465,0.31936834388613,0.059537475526174,-9.79862861756131e-06,0.113875694692243,-0.0733692618988107,-0.0228549128924478,0,0,0,0,0,0,0,0,0,-0.889096230140015,-0.152496930920342,0.148084711550339
8.96336437797078,0.319963941634492,0.0595373556312296,-1.41583311309913e-05,0.113140585340934,-0.0735971874218884,-0.0227129917582312,0,0,0,0,0,0,0,0,0,-0.890614362412893,-0.15101996391888,0.147203868749066
8.9733681328569,0.320559537966612,0.0595371925153836,-1.84394161497079e-05,0.112403202988924,-0.0738236905083781,-0.0225705323295798,0,0,0,0,0,0,0,0,0,-0.892117763543928,-0.149551748077831,0.146335087824646
8.98337188774303,0.321155132454068,0.0595369869695322,-2.26410010284814e-05,0.111663561892858,-0.0740487657725673,-0.0224275344633481,0,0,0,0,0,0,0,0,0,-0.893606520474018,-0.148092163219205,0.145478270799939
8.99337564262916,0.321750724676394,0.0595367397933337,-2.67622167352713e-05,0.110921676363264,-0.0742724078275017,-0.0222839980548533,0,0,0,0,0,0,0,0,0,-0.895080718946731,-0.14664109015315,0.144633318129404
9.00337939751529,0.322346314221166,0.0595364517950686,-3.08022086747341e-05,0.110177560764565,-0.0744946112853819,-0.0221399230402025,0,0,0,0,0,0,0,0,0,-0.896540443518272,-0.145198410693337,0.143800128777034
9.01338315240142,0.322941900684088,0.0595361237914908,-3.4760137511716e-05,0.109431229515083,-0.0747153707579832,-0.0219953093986189,0,0,0,0,0,0,0,0,0,-0.897985777567594,-0.143764007671392,0.142978600281534
9.02338690728754,0.323537483669076,0.0595357566076711,-3.86351799947534e-05,0.108682697087045,-0.0749346808570983,-0.0218501571547688,0,0,0,0,0,0,0,0,0,-0.899416803306656,-0.142337764950981,0.142168628810681
9.03339066217367,0.324133062788342,0.0595353510768319,-4.24265297795661e-05,0.107931978006579,-0.0751525361950036,-0.0217044663810883,0,0,0,0,0,0,0,0,0,-0.900833601790812,-0.140919567441154,0.14137010923454
9.0433944170598,0.324728637662473,0.0595349080401741,-4.61333982525506e-05,0.107179086853702,-0.0753689313849488,-0.02155823720011,0,0,0,0,0,0,0,0,0,-0.902236252929337,-0.139509301108966,0.140582935173175
9.05339817194593,0.32532420792051,0.0595344283466957,-4.97550153542767e-05,0.106424038262315,-0.0755838610416698,-0.0214114697867896,0,0,0,0,0,0,0,0,0,-0.90362483549607,-0.138106852991864,0.139806999050731
9.06340192683205,0.325919773200026,0.0595339128530016,-5.32906304030003e-05,0.105666846920182,-0.0757973197819245,-0.0212641643708327,0,0,0,0,0,0,0,0,0,-0.904999427140187,-0.136712111209228,0.139042192159212
9.07340568171818,0.326515333147199,0.0595333624231064,-5.6739512918126e-05,0.104907527568906,-0.0760093022250523,-0.0211163212390216,0,0,0,0,0,0,0,0,0,-0.906360104397074,-0.135324964973483,0.138288404691777
9.08340943660431,0.327110887416888,0.0595327779282276,-6.01009534437315e-05,0.104146095003902,-0.0762198029935567,-0.020967940737542,0,0,0,0,0,0,0,0,0,-0.907706942699324,-0.133945304600968,0.137545525789605
9.09341319149044,0.327706435672702,0.0595321602465712,-6.33742643720539e-05,0.103382564074362,-0.0764288167137111,-0.0208190232743096,0,0,0,0,0,0,0,0,0,-0.909040016387826,-0.132573021522118,0.13681344359709
9.10341694637657,0.328301977587071,0.0595315102631094,-6.65587807669892e-05,0.102616949683215,-0.0766363380161881,-0.0206695693212967,0,0,0,0,0,0,0,0,0,-0.910359398722965,-0.131208008291223,0.136092045299002
9.1134207012627,0.328897512841308,0.0595308288693492,-6.96538611875816e-05,0.101849266787075,-0.076842361536712,-0.0205195794168595,0,0,0,0,0,0,0,0,0,-0.911665161895911,-0.129850158595871,0.135381217154879
9.12342445614882,0.329493041125678,0.0595301169630935,-7.26588885115254e-05,0.101079530396196,-0.0770468819167344,-0.0203690541680639,0,0,0,0,0,0,0,0,0,-0.912957377040001,-0.128499367266017,0.134680844535919
9.13342821103495,0.330088562139457,0.0595293754481938,-7.55732707586557e-05,0.100307755574402,-0.077249893804133,-0.0202179942530131,0,0,0,0,0,0,0,0,0,-0.914236114242215,-0.127155530282683,0.13399081196186
9.14343196592108,0.330684075590994,0.0595286052342944,-7.83964419144539e-05,0.0995339574390252,-0.0774513918539343,-0.0200664004231739,0,0,0,0,0,0,0,0,0,-0.915501442554728,-0.125818544786298,0.133311003133709
9.15343572080721,0.331279581197763,0.0595278072365684,-8.11278627535317e-05,0.0987581511608277,-0.077651370729059,-0.0199142735057032,0,0,0,0,0,0,0,0,0,-0.916753430006558,-0.124488309084736,0.132641300960927
9.16343947569334,0.331875078686422,0.059526982375446,-8.37670216631437e-05,0.0979803519639206,-0.0778498251010905,-0.0197616144057752,0,0,0,0,0,0,0,0,0,-0.917992143615273,-0.123164722661117,0.131981587590269
9.17344323057946,0.33247056779286,0.0595261315763336,-8.63134354666629e-05,0.097200575125672,-0.0780467496510676,-0.0196084241089079,0,0,0,0,0,0,0,0,0,-0.919217649398797,-0.121847686181266,0.131331744429359
9.18344698546559,0.333066048262248,0.0595252557693258,-8.87666502470898e-05,0.0964188359766091,-0.0782421390702992,-0.0194547036832897,0,0,0,0,0,0,0,0,0,-0.920430012387271,-0.120537101501039,0.130691652172205
9.19345074035172,0.333661519849085,0.0595243558889081,-9.11262421705531e-05,0.0956351499003111,-0.0784359880612037,-0.0193004542821062,0,0,0,0,0,0,0,0,0,-0.921629296634998,-0.119232871673279,0.130061190824129
9.20345449523785,0.334256982317237,0.0595234328736522,-9.33918183097871e-05,0.0948495323332938,-0.0786282913381701,-0.0191456771458671,0,0,0,0,0,0,0,0,0,-0.922815565232449,-0.117934900954634,0.129440239710753
9.21345825012398,0.33485243543998,0.0595224876659023,-9.5563017467647e-05,0.0940619987648854,-0.078819043628444,-0.0189903736047326,0,0,0,0,0,0,0,0,0,-0.923988880318339,-0.116643094812342,0.128828677504294
9.2234620050101,0.335447879000033,0.059521521211454,-9.76395110005982e-05,0.093272564737093,-0.0790082396730355,-0.0188345450808403,0,0,0,0,0,0,0,0,0,-0.925149303091773,-0.11535735993052,0.128226382244411
9.23346575989623,0.336043312789593,0.0595205344592242,-9.96210036422079e-05,0.0924812458444611,-0.0791958742276512,-0.0186781930906318,0,0,0,0,0,0,0,0,0,-0.92629689382445,-0.114077604216526,0.127633231338262
9.24346951478236,0.336638736610364,0.0595195283609131,-0.000101507234326646,0.0916880577339191,-0.0793819420636494,-0.0185213192471797,0,0,0,0,0,0,0,0,0,-0.927431711872931,-0.112803736807255,0.12704910157961
9.25347326966849,0.337234150273584,0.0595185038706583,-0.00010329797701218,0.0908930161046201,-0.079566437969018,-0.0183639252625139,0,0,0,0,0,0,0,0,0,-0.928553815690968,-0.111535668075116,0.126473869163299
9.26347702455462,0.337829553600045,0.0595174619446797,-0.000104993041504674,0.0900961367077697,-0.0797493567493762,-0.0182060129499489,0,0,0,0,0,0,0,0,0,-0.929663262841899,-0.110273309634035,0.125907409689292
9.27348077944075,0.338424946420115,0.0595164035409175,-0.000106592274281081,0.0892974353464442,-0.0799306932289998,-0.0180475842264096,0,0,0,0,0,0,0,0,0,-0.93076011001109,-0.109016574345358,0.125349598169308
9.28348453432687,0.339020328573752,0.0595153296186606,-0.000108095559312933,0.0884969278753991,-0.0801104422518688,-0.0178886411147591,0,0,0,0,0,0,0,0,0,-0.931844413018451,-0.107765376323715,0.124800309033739
9.293488289213,0.339615699910514,0.0595142411381676,-0.000109502818889853,0.0876946302008661,-0.080288598682739,-0.0177291857461245,0,0,0,0,0,0,0,0,0,-0.932916226830998,-0.106519630942785,0.12425941614081
9.30349204409913,0.34021106028957,0.0595131390602796,-0.000110814014443039,0.0868905582803404,-0.0804651574082367,-0.0175692203622241,0,0,0,0,0,0,0,0,0,-0.933975605575476,-0.105279254840982,0.123726792772145
9.31349579898526,0.340806409579703,0.0595120243460242,-0.000112029147368764,0.0860847281223558,-0.0806401133379768,-0.0174087473176941,0,0,0,0,0,0,0,0,0,-0.935022602551045,-0.104044165927306,0.123202311632201
9.32349955387139,0.341401747659307,0.0595108979562118,-0.000113148259851874,0.0852771557862501,-0.0808134614057037,-0.0172477690824152,0,0,0,0,0,0,0,0,0,-0.936057270242013,-0.102814283387037,0.122685844854938
9.33350330875751,0.341997074416387,0.0595097608510232,-0.000114171435689277,0.0844678573819163,-0.0809851965704562,-0.0170862882438394,0,0,0,0,0,0,0,0,0,-0.937079660330638,-0.101589527687453,0.122177263996875
9.34350706364364,0.342592389748546,0.0595086139895893,-0.000115098801113443,0.0836568490695449,-0.0811553138177548,-0.0169243075093164,0,0,0,0,0,0,0,0,0,-0.938089823709979,-0.100369820583672,0.121676440034874
9.35351081852977,0.343187693562977,0.0595074583295628,-0.000115930525615903,0.0828441470593524,-0.0813238081608136,-0.0167618297084209,0,0,0,0,0,0,0,0,0,-0.939087810496806,-0.0991550851244024,0.121183243361984
9.3635145734159,0.343782985776444,0.0595062948266807,-0.000116666822770748,0.0820297676112983,-0.0814906746417736,-0.0165988577952789,0,0,0,0,0,0,0,0,0,-0.940073670044574,-0.0979452456578731,0.120697543780503
9.37351832830203,0.34437826631526,0.0595051244343199,-0.000117307951058114,0.0812137270347891,-0.0816559083329612,-0.0164353948508943,0,0,0,0,0,0,0,0,0,-0.941047450956452,-0.0967402278377266,0.120219210495043
9.38352208318815,0.34497353511526,0.059503948103043,-0.000117854214687681,0.0803960416883707,-0.0818195043381685,-0.0162714440854761,0,0,0,0,0,0,0,0,0,-0.942009201098408,-0.0955399586290806,0.119748112099221
9.39352583807428,0.345568792121774,0.0595027667801377,-0.000118305964422182,0.0795767279794064,-0.0819814577939578,-0.0161070088407648,0,0,0,0,0,0,0,0,0,-0.942958967612364,-0.0943443663146923,0.119284116570389
9.40352959296041,0.346164037289591,0.0595015814091461,-0.000118663598400882,0.0787558023637427,-0.0821417638709891,-0.0159420925923589,0,0,0,0,0,0,0,0,0,-0.943896796929406,-0.0931533805011236,0.118827091258538
9.41353334784654,0.346759270582917,0.0595003929293871,-0.000118927562963085,0.0779332813453614,-0.0823004177753703,-0.0157766989520423,0,0,0,0,0,0,0,0,0,-0.944822734783059,-0.0919669321251283,0.118376902868549
9.42353710273267,0.34735449197533,0.0594992022754702,-0.000119098353471622,0.0771091814760184,-0.0824574147500321,-0.0156108316701103,0,0,0,0,0,0,0,0,0,-0.945736826222624,-0.0907849534601717,0.117933417450763
9.4335408576188,0.347949701449735,0.0594980103768006,-0.000119176515136357,0.0762835193548678,-0.0826127500761243,-0.0154444946376965,0,0,0,0,0,0,0,0,0,-0.946639115626587,-0.0896073781230066,0.117496500382677
9.44354461250492,0.348544898998304,0.0594968181570765,-0.000119162643837671,0.0754563116280735,-0.082766419074437,-0.0152776918891,0,0,0,0,0,0,0,0,0,-0.947529646716086,-0.0884341410805594,0.117066016350082
9.45354836739105,0.34914008462242,0.0594956265337783,-0.000119057386949978,0.074627574988404,-0.0829184171068442,-0.0151104276041114,0,0,0,0,0,0,0,0,0,-0.948408462568457,-0.0872651786568832,0.116641829335694
9.46355212227718,0.349735258332611,0.0594944364176494,-0.000118861444165199,0.0737973261748153,-0.083068739577771,-0.0149427061103401,0,0,0,0,0,0,0,0,0,-0.949275605630842,-0.0861004285402717,0.116223802596411
9.47355587716331,0.35033042014848,0.0594932487121681,-0.000118575568316257,0.0729655819720174,-0.0832173819356838,-0.0147745318855406,0,0,0,0,0,0,0,0,0,-0.950131117733872,-0.0849398297906668,0.115811798641125
9.48355963204943,0.350925570098629,0.0594920643130127,-0.000118200566200605,0.0721323592100259,-0.0833643396746041,-0.0146059095599394,0,0,0,0,0,0,0,0,0,-0.950975040105432,-0.0837833228472168,0.115405679210564
9.49356338693556,0.35152070822058,0.059490884107517,-0.000117737299403687,0.0712976747636992,-0.0835096083356454,-0.0144368439185618,0,0,0,0,0,0,0,0,0,-0.95180741338449,-0.0826308495360876,0.115005305256953
9.50356714182169,0.352115834560685,0.0594897089741182,-0.000117186685122443,0.0704615455522587,-0.0836531835085735,-0.0142673399035585,0,0,0,0,0,0,0,0,0,-0.952628277635015,-0.0814823530784269,0.114610536916699
9.51357089670782,0.35271094917404,0.0594885397817966,-0.000116549696988828,0.0696239885387956,-0.0837950608333896,-0.0140974026165323,0,0,0,0,0,0,0,0,0,-0.953437672359973,-0.080337778098723,0.114221233486803
9.52357465159395,0.353306052124383,0.0594873773895066,-0.000115827365893262,0.0687850207297586,-0.0839352360019377,-0.0139270373208648,0,0,0,0,0,0,0,0,0,-0.954235636515407,-0.0791970706332405,0.113837253401803
9.53357840648007,0.353901143483992,0.0594862226456002,-0.000115020780808182,0.0679446591744286,-0.0840737047595341,-0.0137562494440433,0,0,0,0,0,0,0,0,0,-0.955022208524602,-0.0780601781388396,0.113458454200928
9.5435821613662,0.354496223333577,0.0594850763872416,-0.000114131089611495,0.0671029209643749,-0.0842104629066209,-0.0135850445799873,0,0,0,0,0,0,0,0,0,-0.955797426292344,-0.0769270495020704,0.113084692503125
9.55358591625233,0.355091291762163,0.0594839394398137,-0.000113159499910094,0.0662598232328952,-0.0843455063004425,-0.0134134284913753,0,0,0,0,0,0,0,0,0,-0.956561327219265,-0.0757976350484908,0.112715823976788
9.56358967113846,0.355686348866972,0.0594828126163169,-0.000112107279863338,0.0654153831544391,-0.0844788308567457,-0.0132414071119714,0,0,0,0,0,0,0,0,0,-0.95731394821629,-0.0746718865523669,0.112351703308503
9.57359342602459,0.356281394753293,0.0594816967167585,-0.000110975759006573,0.064569617944015,-0.0846104325515025,-0.0130689865489525,0,0,0,0,0,0,0,0,0,-0.958055325719175,-0.0735497572466163,0.111992184173645
9.58359718091072,0.356876429534353,0.0594805925275355,-0.000109766329074612,0.0637225448565772,-0.0847403074226568,-0.0128961730852343,0,0,0,0,0,0,0,0,0,-0.958785495703149,-0.0724312018330964,0.111637119201436
9.59360093579684,0.357471453331173,0.0594795008208074,-0.00010848044482523,0.0628741811863989,-0.0848684515718939,-0.0127229731817985,0,0,0,0,0,0,0,0,0,-0.959504493697667,-0.0713161764932471,0.111286359941105
9.60360469068297,0.358066466272425,0.0594784223538622,-0.000107119624862657,0.062024544266424,-0.0849948611664336,-0.0125493934800193,0,0,0,0,0,0,0,0,0,-0.960212354801258,-0.0702046388990559,0.110939756828057
9.6136084455691,0.358661468494281,0.0594773578684734,-0.000105685452461092,0.0611736514676038,-0.0851195324408464,-0.0123754408039904,0,0,0,0,0,0,0,0,0,-0.960909113696497,-0.069096548224378,0.110597159148645
9.62361220045523,0.359256460140251,0.0594763080902487,-0.000104179576388185,0.0603215201982132,-0.0852424616988929,-0.0122011221628511,0,0,0,0,0,0,0,0,0,-0.961594804665086,-0.0679918651566056,0.11025841500051
9.63361595534136,0.359851441361022,0.0594752737279711,-0.00010260371172853,0.05946816790315,-0.0853636453153867,-0.012026444753114,0,0,0,0,0,0,0,0,0,-0.962269461603052,-0.0668905519087818,0.109923371254029
9.64361971022748,0.360446412314284,0.0594742554729311,-0.000100959640707179,0.0586136120632139,-0.0854830797380805,-0.0118514159609907,0,0,0,0,0,0,0,0,0,-0.962933118036073,-0.0657925722320413,0.109591873517099
9.65362346511361,0.361041373164552,0.059473253998251,-9.92492135131169e-05,0.0577578701943674,-0.0856007614895755,-0.0116760433647191,0,0,0,0,0,0,0,0,0,-0.963585807134926,-0.0646978914284286,0.109263766092138
9.66362721999974,0.361636324082981,0.0594722699582009,-9.74743491227578e-05,0.056900959846978,-0.0857166871692538,-0.0115003347368901,0,0,0,0,0,0,0,0,0,-0.964227561731071,-0.0636064763641994,0.108938891933657
9.67363097488587,0.362231265247175,0.0594713039875064,-9.56370361234714e-05,0.0560428986050401,-0.0858308534552343,-0.011324298046774,0,0,0,0,0,0,0,0,0,-0.964858414332362,-0.0625182954834873,0.108617092609983
9.683634729772,0.362826196840985,0.0594703567006482,-9.37393335370394e-05,0.0551837040853763,-0.0859432571063524,-0.0111479414626475,0,0,0,0,0,0,0,0,0,-0.965478397138902,-0.0614333188223711,0.108298208255006
9.69363848465813,0.363421119054307,0.0594694286911532,-9.17833716431848e-05,0.0543233939368223,-0.0860538949641616,-0.0109712733541203,0,0,0,0,0,0,0,0,0,-0.966087542059042,-0.0603515180235074,0.107982077525182
9.70364223954425,0.364016032082865,0.0594685205308778,-8.97713528030405e-05,0.0534619858393871,-0.0861627639549599,-0.0107943022944618,0,0,0,0,0,0,0,0,0,-0.966685880725528,-0.0592728663510575,0.107668537557382
9.71364599443038,0.364610936127994,0.0594676327692825,-8.77055522826593e-05,0.0525994975033961,-0.0862698610918385,-0.0106170370629281,0,0,0,0,0,0,0,0,0,-0.967273444511791,-0.0581973387061636,0.107357423917581
9.72364974931651,0.365205831396409,0.0594667659326984,-8.55883190765214e-05,0.0517359466686123,-0.0863751834767541,-0.0104394866470883,0,0,0,0,0,0,0,0,0,-0.967850264548411,-0.0571249116429023,0.107048570555928
9.73365350420264,0.365800718099971,0.0594659205235857,-8.34220767310127e-05,0.0508713511033366,-0.0864787283026247,-0.0102616602451512,0,0,0,0,0,0,0,0,0,-0.968416371739726,-0.0560555633846598,0.106741809755715
9.74365725908877,0.366395596455448,0.0594650970197837,-8.12093241679092e-05,0.0500057286034875,-0.0865804928554479,-0.0100835672682925,0,0,0,0,0,0,0,0,0,-0.968971796780619,-0.0549892738411065,0.106436972086225
9.75366101397489,0.36699046668426,0.0594642958737527,-7.89526365079156e-05,0.0491390969916595,-0.0866804745164436,-0.0099052173429811,0,0,0,0,0,0,0,0,0,-0.969516570173471,-0.0539260246255153,0.106133886353366
9.76366476886102,0.367585329012221,0.0594635175118074,-7.66546658941157e-05,0.0482714741161591,-0.086778670764219,-0.00972662031330602,0,0,0,0,0,0,0,0,0,-0.970050722245292,-0.052865799072724,0.105832379544203
9.77366852374715,0.36818018366928,0.0594627623333426,-7.43181423155039e-05,0.0474028778500202,-0.0868750791769573,-0.00954778624330291,0,0,0,0,0,0,0,0,0,-0.970574283165036,-0.0518085822575635,0.105532276773705
9.78367227863328,0.368775030889241,0.0594620307100501,-7.19458744304546e-05,0.0465333260899964,-0.0869696974346297,-0.00936872541928098,0,0,0,0,0,0,0,0,0,-0.971087282961097,-0.0507543610138857,0.10523340123227
9.79367603351941,0.369369870909484,0.0594613229851274,-6.95407503902372e-05,0.0456628367555321,-0.0870625233212309,-0.00918944835214965,0,0,0,0,0,0,0,0,0,-0.971589751539006,-0.0497031239540411,0.104935574136018
9.80367978840554,0.369964703970678,0.0594606394724791,-6.71057386624953e-05,0.0447914277877102,-0.0871535547270368,-0.00900996577974511,0,0,0,0,0,0,0,0,0,-0.97208171869932,-0.0486548614889018,0.104638614663106
9.81368354329166,0.370559530316482,0.0594599804559083,-6.46438888547672e-05,0.0439191171481779,-0.087242789650887,-0.00883028866915736,0,0,0,0,0,0,0,0,0,-0.972563214155713,-0.0476095658486135,0.10434233989795
9.82368729817779,0.371154350193239,0.0594593461883017,-6.21583325379517e-05,0.0430459228180489,-0.0873302262024896,-0.00865042821905662,0,0,0,0,0,0,0,0,0,-0.973034267553289,-0.0465672311037335,0.104046564778562
9.83369105306392,0.371749163849665,0.0594587368908048,-5.96522840698396e-05,0.0421718627967822,-0.0874158626047494,-0.00847039586202011,0,0,0,0,0,0,0,0,0,-0.973494908487088,-0.0455278531870368,0.103751102033154
9.84369480795005,0.372343971536525,0.0594581527519901,-5.7129041418563e-05,0.0412969551010389,-0.0874996971961197,-0.00829020326685895,0,0,0,0,0,0,0,0,0,-0.973945166520838,-0.0444914299159228,0.103455762121321
9.85369856283617,0.372938773506306,0.0594575939270163,-5.45919869861305e-05,0.0404212177635136,-0.0875817284329768,-0.00810986234094469,0,0,0,0,0,0,0,0,0,-0.974385071205913,-0.0434579610153983,0.103160353172442
9.8637023177223,0.373533570012873,0.0594570605367799,-5.20445884319241e-05,0.0395446688317434,-0.0876619548920187,-0.00792938523253603,0,0,0,0,0,0,0,0,0,-0.974814652100536,-0.0424274481417158,0.102864680923775
9.87370607260843,0.374128361311129,0.0594565526670575,-4.94903994961633e-05,0.038667326366892,-0.0877403752726858,-0.0077487843331057,0,0,0,0,0,0,0,0,0,-0.97523393878922,-0.0413998949065958,0.102568548657776
9.88370982749456,0.374723147656654,0.0594560703676411,-4.69330608234356e-05,0.0377892084425091,-0.0878169883996063,-0.00756807227966696,0,0,0,0,0,0,0,0,0,-0.97564296090245,-0.0403753069021192,0.102271757139974
9.89371358238069,0.375317929305344,0.0594556136514647,-4.43763007861621e-05,0.0369103331432662,-0.0878917932250638,-0.00738726195710044,0,0,0,0,0,0,0,0,0,-0.976041748136622,-0.039353691726192,0.101974104551018
9.90371733726681,0.375912706513033,0.0594551824937221,-4.18239363081155e-05,0.036030718563667,-0.0879647888314884,-0.00720636650048094,0,0,0,0,0,0,0,0,0,-0.976430330274236,-0.0383350590087977,0.101675386420119
9.91372109215294,0.376507479535118,0.0594547768309771,-3.92798736879017e-05,0.0351503828067328,-0.0880359744339716,-0.00702539929740386,0,0,0,0,0,0,0,0,0,-0.97680873720436,-0.0373194204387936,0.101375395562639
9.92372484703907,0.377102248626162,0.0594543965602656,-3.67481094224915e-05,0.0342693439826628,-0.0881053493828039,-0.0068443739903122,0,0,0,0,0,0,0,0,0,-0.97717699894336,-0.0363067897914118,0.101073922007157
9.9337286019252,0.377697014039499,0.0594540415381889,-3.42327310306565e-05,0.0333876202074694,-0.0881729131660356,-0.00666330447882322,0,0,0,0,0,0,0,0,0,-0.977535145655911,-0.0352971829565151,0.100770752927511
9.94373235681133,0.37829177602682,0.0594537115799988,-3.173791787651e-05,0.0325052296015857,-0.0882386654120618,-0.00648220492205501,0,0,0,0,0,0,0,0,0,-0.977883207676296,-0.0342906179674571,0.100465672577073
9.95373611169746,0.378886534837758,0.0594534064586752,-2.92679419929935e-05,0.0316221902884501,-0.0883026058922294,-0.00630108974095341,0,0,0,0,0,0,0,0,0,-0.978221215529992,-0.0332871150306531,0.100158462211643
9.96373986658358,0.37948129071946,0.0594531259039946,-2.68271689053555e-05,0.030738520393062,-0.0883647345234682,-0.00611997362061853,0,0,0,0,0,0,0,0,0,-0.978549199955562,-0.0322866965559835,0.0998489000217789
9.97374362146971,0.38007604391615,0.0594528696015908,-2.44200584546914e-05,0.0298542380405126,-0.0884250513709454,-0.00593887151263163,0,0,0,0,0,0,0,0,0,-0.97886719192685,-0.0312893871877183,0.0995367610609588
9.98374737635584,0.380670794668681,0.0594526371920072,-2.20511656213881e-05,0.0289693613544889,-0.0884835566507423,-0.00575779863738168,0,0,0,0,0,0,0,0,0,-0.979175222675488,-0.0302952138363576,0.0992218171648783
9.99375113124197,0.381265543214081,0.059452428269741,-1.97251413486302e-05,0.0280839084557498,-0.0885402507325559,-0.00557677048639225,0,0,0,0,0,0,0,0,0,-0.979473323713733,-0.029304205711171,0.0989038368857152
10.0037548861281,0.381860289785089,0.0594522423822792,-1.74467333659391e-05,0.0271978974605764,-0.0885951341424223,-0.0053958028246481,0,0,0,0,0,0,0,0,0,-0.979761526857623,-0.0283163943533531,0.0985825854125329
10.0137586410142,0.382455034609675,0.0594520790291259,-1.52207870126224e-05,0.0263113464791939,-0.0886482075654641,-0.00521491169292194,0,0,0,0,0,0,0,0,0,-0.980039864250473,-0.0273318136701555,0.098257824493068
10.0237623959004,0.383049777910561,0.0594519376608222,-1.30522460612798e-05,0.0254242736141662,-0.0886994718486613,-0.00503411341010108,0,0,0,0,0,0,0,0,0,-0.980308368386722,-0.0263504999696074,0.0979293123605103
10.0337661507865,0.383644519904721,0.0594518176779568,-1.09461535413185e-05,0.0245366969587635,-0.0887489280036444,-0.00485342457551431,0,0,0,0,0,0,0,0,0,-0.980567072136119,-0.0253724919961123,0.0975968036525175
10.0437699056726,0.384239260802879,0.0594517184301697,-8.90765256242451e-06,0.0236486345953004,-0.0887965772095123,-0.00467286207125845,0,0,0,0,0,0,0,0,0,-0.98081600876828,-0.0243978309667887,0.0972600493332797
10.0537736605587,0.384834000808997,0.0594516392151461,-6.94198713807517e-06,0.0227601045934462,-0.0888424208156722,-0.00449244306452515,0,0,0,0,0,0,0,0,0,-0.981055211977609,-0.0234265606086266,0.0969187966136452
10.0637774154449,0.385428740119742,0.0594515792776034,-5.05450300903936e-06,0.0218711250085079,-0.0888864603447035,-0.00431218500992758,0,0,0,0,0,0,0,0,0,-0.981284715908588,-0.0224587271964259,0.0965727888706886
10.073781170331,0.386023478923959,0.0594515378082693,-3.25064846684771e-06,0.0209817138796824,-0.0889286974952443,-0.00413210565182709,0,0,0,0,0,0,0,0,0,-0.981504555181464,-0.0214943795915622,0.096221765565429
10.0837849252171,0.386618217402124,0.0594515139428516,-1.53597517731172e-06,0.0200918892282812,-0.0889691341449023,-0.00395222302666008,0,0,0,0,0,0,0,0,0,-0.981714764918315,-0.0205335692815718,0.0958654621631333
10.0937886801032,0.387212955725785,0.0594515067610002,8.3860995991631e-08,0.0192016690559252,-0.0890077723531878,-0.00377255546526457,0,0,0,0,0,0,0,0,0,-0.981915380769524,-0.0195763504205113,0.0955036100480337
10.1037924349894,0.387807694057,0.0594515152852604,1.60309916819642e-06,0.0183110713427105,-0.0890446143644704,-0.00359312159520704,0,0,0,0,0,0,0,0,0,-0.982106438940658,-0.0186227798702499,0.0951359364401311
10.1137961898755,0.388402432547757,0.0594515384800186,3.01587260968794e-06,0.0174201140453435,-0.0890796626109593,-0.00341394034310886,0,0,0,0,0,0,0,0,0,-0.982287976219764,-0.0176729172424927,0.0947621643147057
10.1237999447616,0.388997171339391,0.0594515752504386,4.31620792260955e-06,0.0165288150952481,-0.0891129197157067,-0.00323503093697361,0,0,0,0,0,0,0,0,0,-0.982460030005092,-0.0167268249416833,0.0943820123128851
10.1338036996478,0.389591910561981,0.0594516244413911,5.4980242173209e-06,0.0156371923966403,-0.089144388495634,-0.00305641290851299,0,0,0,0,0,0,0,0,0,-0.982622638333244,-0.0157845682088174,0.0939951946562361
10.1438074545339,0.390186650333746,0.0594516848363738,6.55513228894553e-06,0.0147452638245735,-0.0891740719645819,-0.00287810609547419,0,0,0,0,0,0,0,0,0,-0.98277583990778,-0.0148462151660535,0.0936014210643353
10.15381120942,0.390781390760424,0.0594517551564241,7.48123379385119e-06,0.013853047222954,-0.0892019733363834,-0.00270013064396635,0,0,0,0,0,0,0,0,0,-0.98291967412826,-0.0139118368621757,0.0932003966663811
10.1638149643061,0.391376131934642,0.0594518340590228,8.2699204261784e-06,0.0129605604025245,-0.0892280960279607,-0.0025225070107872,0,0,0,0,0,0,0,0,0,-0.98305418111975,-0.0129815073189728,0.09279182191494
10.1738187191923,0.391970873935273,0.0594519201369902,8.91467309430604e-06,0.0120678211388166,-0.0892524436624441,-0.00234525596574998,0,0,0,0,0,0,0,0,0,-0.983179401762803,-0.0120553035784271,0.0923753924983044
10.1838224740784,0.392565616826785,0.0594520119173737,9.40886109739459e-06,0.0111748471700728,-0.0892750200723156,-0.00216839859400999,0,0,0,0,0,0,0,0,0,-0.983295377723903,-0.0111333057508469,0.0919507992514638
10.1938262289645,0.393160360658578,0.0594521078603269,9.74574130186605e-06,0.0102816561951359,-0.0892958293025749,-0.00199195629839136,0,0,0,0,0,0,0,0,0,-0.98340215148641,-0.0102155970638367,0.0915177280692947
10.2038299838507,0.393755105464308,0.0594522063579813,9.91845731791643e-06,0.00938826587130706,-0.089314875613929,-0.00181595080171386,0,0,0,0,0,0,0,0,0,-0.983499766381987,-0.00930226391216585,0.0910758598158692
10.2138337387368,0.394349851261202,0.0594523057333084,9.92003867600344e-06,0.00849469381217241,-0.0893321634860046,-0.0016404041491194,0,0,0,0,0,0,0,0,0,-0.983588266622537,-0.00839339590855404,0.0906248702401402
10.2238374936229,0.394944598049359,0.0594524042389751,9.74340000338544e-06,0.00760095758539595,-0.0893476976205851,-0.00146533871039887,0,0,0,0,0,0,0,0,0,-0.98366769733265,-0.00748908593522681,0.0901644298860814
10.233841248509,0.395539345811041,0.0594525000561896,9.38134020060872e-06,0.00670707471048174,-0.0893614829448689,-0.00129077718231894,0,0,0,0,0,0,0,0,0,-0.983738104582571,-0.00658943019649837,0.0896942039986663
10.2438450033952,0.396134094509954,0.05945259129354,8.82654161797223e-06,0.00581306265650255,-0.0893735246147525,-0.00111674259094875,0,0,0,0,0,0,0,0,0,-0.9837995354217,-0.00569452827220876,0.089213852437336
10.2538487582813,0.396728844090516,0.0594526759858239,8.07156923209561e-06,0.00491893883979461,-0.0893838280181367,-0.000943258293986428,0,0,0,0,0,0,0,0,0,-0.983852037912626,-0.00480448317203776,0.088723029591131
10.2638525131674,0.397323594477108,0.0594527520928701,7.10886982238689e-06,0.00402472062162074,-0.0893923987782551,-0.000770347983086027,0,0,0,0,0,0,0,0,0,-0.983895661165715,-0.00391940139064004,0.0882213842863337
10.2738562680536,0.397918345573325,0.0594528174983525,5.93077114755978e-06,0.00313042530579924,-0.0893992427570272,-0.000598035686184113,0,0,0,0,0,0,0,0,0,-0.983930455374251,-0.00303939296380698,0.0877085596932809
10.2838600229397,0.398513097261203,0.0594528700085947,4.52948112212226e-06,0.00223607013629951,-0.0894043660584335,-0.000426345769826607,0,0,0,0,0,0,0,0,0,-0.98395647185014,-0.00216457152546622,0.0871841932445452
10.2938637778258,0.399107849400442,0.0594529073513675,2.89708699288899e-06,0.00134167229480259,-0.0894077750319152,-0.000255302941495339,0,0,0,0,0,0,0,0,0,-0.983973763060199,-0.00129505436548048,0.0866537597094429
10.3038675327119,0.399702601827613,0.0594529271746775,1.02555451548169e-06,0.000447248898230168,-0.0894094762757958,-8.4932251934941e-05,0,0,0,0,0,0,0,0,0,-0.983982382663013,-0.000430845581276813,0.0862571599704719
10.3138712875981,0.400297354355481,0.0594529271503121,-1.0304290991264e-06,-0.000447183003397988,-0.0894094763447127,8.49184620650087e-05,0,0,0,0,0,0,0,0,0,-0.983982383207377,0.000430736605555796,0.0862571429432808
10.3238750424842,0.400892106782165,0.05945290727815,-2.90197898117771e-06,-0.0013416064013507,-0.0894077752390353,0.000255289101461828,0,0,0,0,0,0,0,0,0,-0.983973764696168,0.00129494504908777,0.0866537233322759
10.3338787973703,0.401486858920426,0.0594528698863565,-4.53438941125642e-06,-0.0022360042456128,-0.0894043664042479,0.000426331881772227,0,0,0,0,0,0,0,0,0,-0.983956474581653,0.00216446182192868,0.0871841551808285
10.3438825522565,0.402081610606836,0.059452817326936,-5.93569464778907e-06,-0.00313035941926784,-0.0893992432420056,0.000598021752224757,0,0,0,0,0,0,0,0,0,-0.983930459205115,0.00303928288585408,0.0877085228853934
10.3538863071426,0.402676361701091,0.0594527518721285,-7.11380745791037e-06,-0.00402465474063903,-0.0893923994028464,0.000770334005310867,0,0,0,0,0,0,0,0,0,-0.983895666099613,0.00391929095066833,0.0882213487032125
10.3638900620287,0.403271112085228,0.0594526757156211,-8.07651994095866e-06,-0.00491887296576112,-0.0893838287827687,0.000943244274458028,0,0,0,0,0,0,0,0,0,-0.983852043953119,0.00480437238215522,0.0887229952025198
10.3738938169148,0.403865861662838,0.0594525909737505,-8.83150435197415e-06,-0.00581299679082043,-0.0893735255198328,0.00111672853170333,0,0,0,0,0,0,0,0,0,-0.983799542572228,0.00569441714420658,0.0892138192110761
10.383897571801,0.404460610358304,0.0594524996866983,-9.38631392519341e-06,-0.00670700885455795,-0.0893614839907847,0.00129076308536645,0,0,0,0,0,0,0,0,0,-0.983738112846459,0.00658931874184127,0.089694171904593
10.3939013266871,0.40505535811604,0.0594524038196772,-9.74838369754668e-06,-0.00760089174064106,-0.0893476988077037,0.0014653245777231,0,0,0,0,0,0,0,0,0,-0.983667706713108,0.0074889741651023,0.0901643988966949
10.4039050815732,0.405650104899753,0.0594523052641092,-9.92503133215403e-06,-0.0084946279800009,-0.0893321648146736,0.00164038998267828,0,0,0,0,0,0,0,0,0,-0.983588277122666,0.00839328383387648,0.0906248403260005
10.4139088364593,0.406244850691703,0.0594522058387961,-9.92345794182173e-06,-0.00938820005313695,-0.0893148770844763,0.00181593660343958,0,0,0,0,0,0,0,0,0,-0.98349977800478,0.0093021515435339,0.0910758309451106
10.4239125913455,0.406839595491989,0.059452107291081,-9.75074891253866e-06,-0.0102815903923877,-0.0892958309153096,0.00199194207019036,0,0,0,0,0,0,0,0,0,-0.983402164234756,0.0102154844115271,0.0915177002147371
10.4339163462316,0.407434339317837,0.0594520112980019,-9.41387472697265e-06,-0.0111747813841705,-0.0892750218275276,0.0021683843377632,0,0,0,0,0,0,0,0,0,-0.983295391600588,0.0111331928249147,0.0919507723884232
10.4439201011177,0.408029082202902,0.0594519194674372,-8.91969178796695e-06,-0.0120677553711866,-0.0892524455604046,0.00234524168331304,0,0,0,0,0,0,0,0,0,-0.983179416770515,0.012055190388655,0.0923753665987689
10.4539238560039,0.408623824196583,0.0594518333392426,-8.27494324203619e-06,-0.0129604946545961,-0.0892280980689225,0.00252249270399063,0,0,0,0,0,0,0,0,0,-0.983054197261081,0.0129813938748553,0.0927917969511748
10.46392761089,0.409218565363349,0.0594517543863801,-7.48625980286332e-06,-0.0138529814961592,-0.0892019755205813,0.0027001163146156,0,0,0,0,0,0,0,0,0,-0.982919691405706,0.0139117231729408,0.0932003726112059
10.4739313657761,0.409813305782073,0.0594516840160387,-6.56016057479546e-06,-0.0147451981203464,-0.0891740742922324,0.00287809174534992,0,0,0,0,0,0,0,0,0,-0.982775858323749,0.0148461012406519,0.0936013978925116
10.4839351206622,0.41040804554538,0.0594516235707466,-5.50305387634103e-06,-0.0156371267164168,-0.0891443909669362,0.00305639853937102,0,0,0,0,0,0,0,0,0,-0.982622657890054,0.0157844540559721,0.093995172343635
10.4939388755484,0.411002784759009,0.0594515743294755,-4.32123806366508e-06,-0.0165287494404664,-0.0891129223308422,0.00323501655054528,0,0,0,0,0,0,0,0,0,-0.982460050704975,0.016726710569862,0.0943819908339904
10.5039426304345,0.411597523541178,0.0594515375087365,-3.02090235408641e-06,-0.017420048417443,-0.0890796653700925,0.00341392594110116,0,0,0,0,0,0,0,0,0,-0.98228799806487,0.0176728026599081,0.0947621436456653
10.5139463853206,0.412192262021967,0.0594515142636676,-1.60812764957391e-06,-0.0183110057431323,-0.0890446172677486,0.0035931071793025,0,0,0,0,0,0,0,0,0,-0.982106461933054,0.0186226650848926,0.0951359165569029
10.5239501402068,0.41278700034271,0.0594515056891135,-8.8887360241998e-08,-0.0192016034861123,-0.0890077754007418,0.00377254103712194,0,0,0,0,0,0,0,0,0,-0.981915404911199,0.0195762354401129,0.0955035909250277
10.5339538950929,0.413381738655397,0.0594515128206965,1.53095177215184e-06,-0.0200918236896775,-0.0889691373368463,0.00395220858791401,0,0,0,0,0,0,0,0,0,-0.981714790211182,0.0205334541136107,0.0958654437779709
10.543957649979,0.413976477122085,0.0594515366358796,3.2456288507105e-06,-0.0209816483737328,-0.0889287008316763,0.00413209120408846,0,0,0,0,0,0,0,0,0,-0.981504581627362,0.0214942642433223,0.0962217478960875
10.5539614048651,0.414571215914323,0.0594515780550211,5.04948799990237e-06,-0.0218710595366582,-0.0888864638257054,0.00431217055478367,0,0,0,0,0,0,0,0,0,-0.981284743509286,0.0224586116749452,0.0965727718945293
10.5639651597513,0.415165955212587,0.0594516379424212,6.9369775420638e-06,-0.022760039157143,-0.0888424244413104,0.00449242860353984,0,0,0,0,0,0,0,0,0,-0.981055240734805,0.023426444920736,0.0969187803092217
10.5739689146374,0.415760695205721,0.0594517171073604,8.90264917390309e-06,-0.0236485691959908,-0.0887965809798374,0.00467284760597225,0,0,0,0,0,0,0,0,0,-0.980816038683605,0.0243977151190971,0.0972600336781264
10.5839726695235,0.416355436090397,0.0594518163051292,1.0941157143004e-05,-0.0245366315978953,-0.0887489319186918,0.0048534101074446,0,0,0,0,0,0,0,0,0,-0.980567103211138,0.025372375995001,0.0975967886258332
10.5939764244097,0.416950178070573,0.05945193623805,1.30472574243296e-05,-0.0254242082931871,-0.0886994759084514,0.00503409894074227,0,0,0,0,0,0,0,0,0,-0.98030840062294,0.0263503838212693,0.0979292979409399
10.6039801792958,0.417544921356977,0.0594520775564907,1.52158068967255e-05,-0.0263112811995519,-0.0886482117700025,0.00521489722374561,0,0,0,0,0,0,0,0,0,-0.980039897649332,0.0273316973805446,0.0982578106595327
10.6139839341819,0.418139666166582,0.0594522408598698,1.74417625194241e-05,-0.0271978322237196,-0.0885951384916998,0.0053957883571032,0,0,0,0,0,0,0,0,0,-0.979761561420506,0.0283162779282403,0.0985825721458957
10.623987689068,0.418734412722111,0.059452426697654,1.97201805085475e-05,-0.028083843263126,-0.0885402552265491,0.00557675602190519,0,0,0,0,0,0,0,0,0,-0.979473359441969,0.0293040891561277,0.098903824166007
10.6339914439542,0.419329161251537,0.0594526355703462,2.20462155136117e-05,-0.0289692962075456,-0.0884835612894135,0.00575778417735652,0,0,0,0,0,0,0,0,0,-0.979175259570348,0.0302950971567552,0.0992218049715757
10.6439951988403,0.419923911987597,0.0594528679304668,2.44151197940299e-05,-0.0298541729406969,-0.088425056154243,0.00593885705845024,0,0,0,0,0,0,0,0,0,-0.978867229989553,0.0312892703887174,0.0995367493757567
10.6539989537264,0.420518665167322,0.0594531241835256,2.68222423956165e-05,-0.0307384553418202,-0.0883647394513271,0.00611995917364079,0,0,0,0,0,0,0,0,0,-0.978549239187279,0.0322865796425893,0.0998488888267792
10.6640027086126,0.421113421031567,0.0594534046889863,2.92630283270907e-05,-0.0316221252872284,-0.0883026109645706,0.00630107530251732,0,0,0,0,0,0,0,0,0,-0.978221255931842,0.0332869980076681,0.100158451487012
10.6740064634987,0.421708179824556,0.0594537097612219,3.17330177365782e-05,-0.0325051646518286,-0.0882386706287934,0.0064821904934768,0,0,0,0,0,0,0,0,0,-0.977883249249351,0.0342905008394899,0.100465662305372
10.6840102183848,0.422302941793438,0.0594540396704626,3.42278450881192e-05,-0.033387555310621,-0.0881729185270525,0.00666329006139764,0,0,0,0,0,0,0,0,0,-0.9775351884012,0.0352970657280192,0.100770743090704
10.6940139732709,0.422897707187846,0.0594543946437354,3.67432383381678e-05,-0.034269279140166,-0.088105354887988,0.00684435958531262,0,0,0,0,0,0,0,0,0,-0.977177042861866,0.0363066724666346,0.101073912587328
10.7040177281571,0.423492476259474,0.0594547748657948,3.92750181120973e-05,-0.0351503180200289,-0.0880359800831925,0.00702538490608239,0,0,0,0,0,0,0,0,0,-0.976808782297026,0.0373193030218303,0.101375386543301
10.7140214830432,0.424087249261657,0.059455180480046,4.18190968807041e-05,-0.0360306538341964,-0.087964794624603,0.00720635212406868,0,0,0,0,0,0,0,0,0,-0.976430376541963,0.038334941503566,0.101675377782965
10.7240252379293,0.42468202644896,0.0594556115894596,4.43714781367113e-05,-0.0369102684724678,-0.0878917991619168,0.00738724759680763,0,0,0,0,0,0,0,0,0,-0.976041795580274,0.0393535741364208,0.101974096279686
10.7340289928154,0.425276808076781,0.0594560682574779,4.69282555712705e-05,-0.0377891438318199,-0.0878169944800306,0.00756805793668294,0,0,0,0,0,0,0,0,0,-0.975643009522855,0.0403751892313988,0.102271749219485
10.7440327477016,0.425871594400956,0.0594565505089132,4.94856122504687e-05,-0.0386672618177472,-0.0877403814965023,0.00774877000859936,0,0,0,0,0,0,0,0,0,-0.97523398858717,0.0413997771583554,0.102568541070659
10.7540365025877,0.426466385677383,0.0594570583308378,5.20398197918288e-05,-0.0395446043455765,-0.0876619612590368,0.0079293709276558,0,0,0,0,0,0,0,0,0,-0.97481470307679,0.042427330319196,0.102864673653943
10.7640402574738,0.427061182161645,0.0594575916734655,5.45872375408164e-05,-0.040421153341756,-0.0875817349429946,0.00810984805681876,0,0,0,0,0,0,0,0,0,-0.974385123361198,0.0434578431217066,0.103160346205474
10.77404401236,0.427655984108644,0.0594581504510253,5.71243117473399e-05,-0.0412968907451202,-0.0874997038489239,0.00829018900459547,0,0,0,0,0,0,0,0,0,-0.973945219855851,0.0444913119540114,0.103455755441963
10.7840477672461,0.42825079177225,0.0594587345426268,5.9647574742257e-05,-0.0421717985081301,-0.0874158694001159,0.0084703816227073,0,0,0,0,0,0,0,0,0,-0.973494963002498,0.0455277351597078,0.103751095625874
10.7940515221322,0.42884560540495,0.0594593437931169,6.2153644113876e-05,-0.0430458585980881,-0.0873302331401834,0.00865041400376287,0,0,0,0,0,0,0,0,0,-0.973034323249735,0.0465671130136283,0.104046558628382
10.8040552770183,0.429440425257512,0.0594599780139286,6.46392218844616e-05,-0.0439190529983311,-0.0872427967306626,0.00883027447893156,0,0,0,0,0,0,0,0,0,-0.972563271033812,0.0476094476982348,0.104342333989556
10.8140590319045,0.430035251578653,0.0594606369839216,6.71010936867375e-05,-0.0447913637093973,-0.0871535619486383,0.00900995161561665,0,0,0,0,0,0,0,0,0,-0.972081776759661,0.0486547432805844,0.104638608982151
10.8240627867906,0.43063008461472,0.059461320450215,6.95361279403893e-05,-0.0456627727501703,-0.0870625306843921,0.0091894342151286,0,0,0,0,0,0,0,0,0,-0.971589810782159,0.0497030056900004,0.104935568671512
10.8340665416767,0.431224924609374,0.0594620281290106,7.19412750285707e-05,-0.0465332621590008,-0.0869697049390746,0.00936871131035848,0,0,0,0,0,0,0,0,0,-0.971087343387608,0.0507542426962369,0.105233395967996
10.8440702965629,0.431819771803285,0.0594627597064093,7.4313566474404e-05,-0.0474028139948029,-0.0868750868223997,0.00954777216345107,0,0,0,0,0,0,0,0,0,-0.97057434477543,0.0518084638881978,0.105532271693255
10.854074051449,0.432414626433836,0.0594635148392185,7.66501141174847e-05,-0.048271410338129,-0.0867786785503634,0.00972660626347816,0,0,0,0,0,0,0,0,0,-0.970050785040079,0.0528656806534281,0.105832374638204
10.8640778063351,0.433009488734835,0.0594642931557513,7.89481092903863e-05,-0.0491390332922226,-0.0866804824429849,0.00990520332411199,0,0,0,0,0,0,0,0,0,-0.96951663415314,0.0539259061579927,0.106133881609061
10.8740815612212,0.43360435893623,0.0594650942566181,8.12048219951634e-05,-0.0500056649840467,-0.0865805009220719,0.0100835532812984,0,0,0,0,0,0,0,0,0,-0.968971861945645,0.0549891553268888,0.106436967487805
10.8840853161074,0.43419923726384,0.0594659177155087,8.34176000798545e-05,-0.0508712875652916,-0.0864787365090079,0.0102616462909302,0,0,0,0,0,0,0,0,0,-0.968416438090569,0.0560554448251343,0.106741805290144
10.8940890709935,0.434794123939088,0.0594667630799677,8.55838684149866e-05,-0.0517358832133596,-0.0863751918225644,0.0104394727265202,0,0,0,0,0,0,0,0,0,-0.967850332085518,0.0571247930393396,0.107048566212667
10.9040928258796,0.435389019178742,0.0594676298721604,8.77011280700782e-05,-0.0525994341323289,-0.0862698695767348,0.0106170231768751,0,0,0,0,0,0,0,0,0,-0.967273513235597,0.0581972200597402,0.107357419684427
10.9140965807658,0.435983923194667,0.0594685175896311,8.97669554901434e-05,-0.0534619225538949,-0.0861627725785927,0.010794288443768,0,0,0,0,0,0,0,0,0,-0.966685950636455,0.0592727476628,0.1076685334213
10.9241003356519,0.436578836193583,0.0594694257060532,9.17790016721952e-05,-0.0543233307382912,-0.086053903726173,0.0109712595396122,0,0,0,0,0,0,0,0,0,-0.966087613157505,0.0603513992943314,0.107982073473968
10.934104090538,0.437173758376824,0.0594703536719707,9.37349913417494e-05,-0.0551836409751889,-0.0859432660063764,0.0111479276851344,0,0,0,0,0,0,0,0,0,-0.965478469425304,0.0614332000530589,0.108298204275902
10.9441078454241,0.437768689940119,0.0594713009155313,9.56327221293278e-05,-0.0560428355845749,-0.0858308624928969,0.0113242843070479,0,0,0,0,0,0,0,0,0,-0.964858487807102,0.0625181766746992,0.108617088693283
10.9541116003103,0.438363631073367,0.0594722668432125,9.74700637469625e-05,-0.0569008969176105,-0.0857166963441729,0.0115003210357257,0,0,0,0,0,0,0,0,0,-0.964227636394541,0.0636063575165238,0.108938888067424
10.9641153551964,0.43895858196042,0.0594732508405376,9.92449571646993e-05,-0.0577578073574686,-0.0856007708013617,0.0116760297028744,0,0,0,0,0,0,0,0,0,-0.963585882987513,0.0646977725422869,0.109263762263054
10.9741191100825,0.439553542778887,0.0594742522727851,0.0001009554137871,-0.0586135493201508,-0.0854830891863366,0.0118514023392066,0,0,0,0,0,0,0,0,0,-0.962933195078158,0.0657924533077555,0.10959186971633
10.9841228649686,0.440148513699924,0.0594752704856889,0.000102599514629748,-0.0594681052552858,-0.0853636548997084,0.0120264311721151,0,0,0,0,0,0,0,0,0,-0.962269539835017,0.0668904329465964,0.109923367470747
10.9941266198548,0.440743494888051,0.0594763048061305,0.000104175409495753,-0.060321457646907,-0.0852424714188686,0.0122011086233456,0,0,0,0,0,0,0,0,0,-0.961594884087309,0.0679917461566257,0.110258411222759
11.0041303747409,0.441338486500959,0.0594773545428233,0.000105681316152249,-0.0611735890142105,-0.0851195422960576,0.01237542730667,0,0,0,0,0,0,0,0,0,-0.960909194309355,0.0690964291866092,0.110597155366736
11.014134129627,0.441933488689339,0.059478418986988,0.000107115519506904,-0.0620244819122945,-0.0849948711564549,0.0125493800255599,0,0,0,0,0,0,0,0,0,-0.96021243660513,0.0702045198234094,0.110939753030894
11.0241378845132,0.442528501596705,0.0594794974130206,0.000108476370784422,-0.0628741189328798,-0.0848684616962931,0.0127229597708598,0,0,0,0,0,0,0,0,0,-0.959504576692932,0.0713160573795065,0.111286356117594
11.0341416393993,0.443123525359231,0.059480589079151,0.000109762286703045,-0.0637224827050106,-0.0847403176809954,0.0128961597184605,0,0,0,0,0,0,0,0,0,-0.95878557989019,0.072431082680951,0.111637115341592
11.0441453942854,0.443718560105593,0.059481693228095,0.000110971748651057,-0.0645695558957383,-0.0846104429433355,0.0130689732269721,0,0,0,0,0,0,0,0,0,-0.958055411098378,0.0735496380556499,0.111992180268038
11.0541491491715,0.444313605956814,0.0594828090876963,0.000112103301863289,-0.0654153212107855,-0.0844788413816219,0.0132413938353975,0,0,0,0,0,0,0,0,0,-0.957314034788046,0.07467176732208,0.112351699348259
11.0641529040577,0.444908663026125,0.0594839358715615,0.000113155554597622,-0.0662597613951932,-0.0843455169579047,0.0134134152608057,0,0,0,0,0,0,0,0,0,-0.95656141498397,0.0757975157782897,0.112715819951091
11.0741566589438,0.445503731418819,0.0594850727796862,0.000114127177311489,-0.0671028592339488,-0.0842104736962059,0.013585031396005,0,0,0,0,0,0,0,0,0,-0.955797515250399,0.0769269301912393,0.113084688402266
11.0841604138299,0.446098811232119,0.0594862189990736,0.000115016901838384,-0.067944597552598,-0.0840737156807731,0.0137562363072162,0,0,0,0,0,0,0,0,0,-0.955022298676419,0.0780600587865906,0.113458450015755
11.0941641687161,0.446693902555055,0.0594873737043438,0.000115823520564358,-0.0687849592178379,-0.0839352470543561,0.0139270242317461,0,0,0,0,0,0,0,0,0,-0.954235727861404,0.0791969512386745,0.113837249122888
11.1041679236022,0.447289005468341,0.0594885360583356,0.000116545885604526,-0.0696239271380948,-0.0837950720165074,0.0140973895756606,0,0,0,0,0,0,0,0,0,-0.953437764900578,0.0803376586608635,0.114221229105076
11.1141716784883,0.447884120044257,0.0594897052127001,0.000117182907979575,-0.0704614842640829,-0.0836531948219054,0.0142673269114582,0,0,0,0,0,0,0,0,0,-0.952628371370666,0.0814822335961934,0.114610532421274
11.1241754333744,0.448479246346546,0.0594908803084857,0.00011773355679226,-0.0712976135893483,-0.0835096197787011,0.0144368309757429,0,0,0,0,0,0,0,0,0,-0.951807508315637,0.0826307300082856,0.115005300640708
11.1341791882606,0.449074384430305,0.0594920604767152,0.000118196858403913,-0.0721322981507952,-0.083364351246888,0.014605896666898,0,0,0,0,0,0,0,0,0,-0.950975136232537,0.0837832032726236,0.115405674465892
11.1441829431467,0.449669534341892,0.059493244838954,0.000118571895610944,-0.0729655210291974,-0.0832173936366956,0.0147745190427589,0,0,0,0,0,0,0,0,0,-0.950131215057409,0.0849397101679358,0.115811793757036
11.1541866980328,0.450264696118831,0.059494432507871,0.000118857806821347,-0.0737972653496912,-0.0830687514070055,0.0149426933182867,0,0,0,0,0,0,0,0,0,-0.949275704151299,0.0861003088679601,0.116223797565051
11.164190452919,0.450859869789729,0.0594956225877909,0.0001190537852312,-0.0746275142822558,-0.0829184290637916,0.0151104148632414,0,0,0,0,0,0,0,0,0,-0.948408562286339,0.0872650589334872,0.116641824148742
11.1741942078051,0.451455055374191,0.0594968141752376,0.000119159078001174,-0.0754562510421764,-0.0827664311585831,0.0152776791998549,0,0,0,0,0,0,0,0,0,-0.947529747631911,0.0884340213044698,0.117066010998108
11.1841979626912,0.452050252882748,0.0594980063594705,0.00011917298543303,-0.0762834588904917,-0.0826127622869504,0.015444482000505,0,0,0,0,0,0,0,0,0,-0.94663921774089,0.0896072582925309,0.117496494859026
11.1942017175773,0.452645462316789,0.0594991982230116,0.000119094860146128,-0.0771091211344277,-0.0824574270870155,0.0156108190853879,0,0,0,0,0,0,0,0,0,-0.945736929535958,0.0907848335735676,0.117933411747391
11.2042054724635,0.453240683668488,0.0595003888421651,0.000118924106253928,-0.0779332211278159,-0.0823004302379841,0.0157766864201919,0,0,0,0,0,0,0,0,0,-0.944822839295994,0.0919668121805423,0.118376896976025
11.2142092273496,0.453835916920753,0.0595015772875281,0.000118660178540496,-0.0787557422714961,-0.0821417764587023,0.0159420801137705,0,0,0,0,0,0,0,0,0,-0.943896902642533,0.0931532604966248,0.118827085169653
11.2242129822357,0.454431162047168,0.0595027626244935,0.000118302581637004,-0.0795766680137078,-0.0819814705062357,0.0161069964158159,0,0,0,0,0,0,0,0,0,-0.94295907452629,0.0943442462482829,0.119284110276821
11.2342167371219,0.455026419011942,0.0595039439137446,0.000117850869198236,-0.0803959818504634,-0.0818195171744727,0.0162714317145323,0,0,0,0,0,0,0,0,0,-0.942009309213764,0.0955398384986631,0.119748105593205
11.244220492008,0.455621687769867,0.0595051202117415,0.000117304643079092,-0.0812136673259111,-0.0816559212927497,0.0164353825343088,0,0,0,0,0,0,0,0,0,-0.941047560273889,0.0967401076411481,0.120219203770319
11.2542242468941,0.456216968266276,0.0595062905711986,0.000116663552511091,-0.0820297080326822,-0.0814906877245009,0.016598845533393,0,0,0,0,0,0,0,0,0,-0.940073780564765,0.0979451253929106,0.120697536830003
11.2642280017802,0.456812260437009,0.0595074540415553,0.000115927293278873,-0.0828440876122254,-0.0813238213659308,0.0167618175015644,0,0,0,0,0,0,0,0,0,-0.939087922220445,0.0991549647887618,0.121183236176614
11.2742317566664,0.457407564208383,0.0595086096694369,0.000115095606896705,-0.0836567897551287,-0.0811553271447099,0.0169242953578072,0,0,0,0,0,0,0,0,0,-0.938089936637786,0.100369700174948,0.121676432606286
11.2842355115525,0.458002879497165,0.059509756499108,0.000114168279784986,-0.0844677982014267,-0.0809852100186938,0.017086276147984,0,0,0,0,0,0,0,0,0,-0.937079774463356,0.101589407203185,0.122177256319342
11.2942392664386,0.458598206210552,0.0595108935729182,0.000113145142446744,-0.0852770967408976,-0.0808134749746658,0.0172477570425091,0,0,0,0,0,0,0,0,0,-0.93605738558041,0.102814162824705,0.122685836922246
11.3042430213247,0.459193544246151,0.0595120199317382,0.000112026068644147,-0.0860846692133455,-0.0806401270271021,0.0174087353340216,0,0,0,0,0,0,0,0,0,-0.935022719095915,0.104044045284325,0.123202303436585
11.3142467762109,0.459788893491971,0.059513134615389,0.000110810974575004,-0.0868904995088712,-0.0804651712169614,0.0175692084350587,0,0,0,0,0,0,0,0,0,-0.933975723327639,0.105279134114677,0.123726784306947
11.324250531097,0.46038425382641,0.0595142366630619,0.000109499818049267,-0.0876945715681319,-0.0802886126104963,0.017729173875729,0,0,0,0,0,0,0,0,0,-0.932916345791301,0.106519510130436,0.124259407400206
11.3342542859831,0.460979625118255,0.0595153251137311,0.000108092597665536,-0.088496869382588,-0.0801104562980896,0.0178886293013859,0,0,0,0,0,0,0,0,0,-0.931844533187768,0.107765255422531,0.124800300008298
11.3442580408693,0.461575007226678,0.0595163990065572,0.000106589351987563,-0.0892973769947383,-0.0799307073931125,0.0180475724703006,0,0,0,0,0,0,0,0,0,-0.930760231390325,0.109016453352432,0.125349588851543
11.3542617957554,0.462170400001242,0.059517457381283,0.000104990158720755,-0.0900960784983453,-0.0797493710308067,0.0182060012513359,0,0,0,0,0,0,0,0,0,-0.929663385431983,0.110273188546427,0.125907400075876
11.3642655506415,0.462765803281908,0.0595184992786211,0.000103295133888679,-0.0908929580386479,-0.07956645236719,0.0183639136216187,0,0,0,0,0,0,0,0,0,-0.928553939492864,0.11153554688985,0.12647385924896
11.3742693055276,0.463361216899049,0.059519523740633,0.000101504431009562,-0.0916879998125642,-0.0793819565779845,0.0185213076642143,0,0,0,0,0,0,0,0,0,-0.92743183688763,0.112803615521285,0.127049091356861
11.3842730604138,0.463956640673461,0.0595205298111001,9.96182402727987e-05,-0.0924811880688826,-0.0791958888575689,0.0186781815657987,0,0,0,0,0,0,0,0,0,-0.926297020052976,0.114077482826728,0.127633220799614
11.3942768152999,0.464552074416385,0.0595215165358863,9.76367877154535e-05,-0.0932725071084445,-0.0790082544179531,0.0188345336143325,0,0,0,0,0,0,0,0,0,-0.92514943053518,0.115357238433698,0.128226371384003
11.404280570186,0.465147517929528,0.0595224829632925,9.55603343987646e-05,-0.0940619412843142,-0.0788190584877773,0.0189903621967339,0,0,0,0,0,0,0,0,0,-0.923989008977714,0.116642973205255,0.128828666316079
11.4142843250722,0.465742971005094,0.0595234281444033,9.33891755846464e-05,-0.0948494750019417,-0.0786283063113328,0.0191456657965522,0,0,0,0,0,0,0,0,0,-0.922815695108911,0.117934779233964,0.12944022818757
11.4242880799583,0.466338433425804,0.0595243511334244,9.1123639912194e-05,-0.0956350927193137,-0.0784360031476079,0.0193004429916408,0,0,0,0,0,0,0,0,0,-0.921629427729701,0.11923274983564,0.130061178962011
11.4342918348444,0.466933904964939,0.0595252509880126,8.8764088574187e-05,-0.0964187789470963,-0.0782421542693555,0.0194546924518308,0,0,0,0,0,0,0,0,0,-0.920430144701401,0.120536979543037,0.130691639967253
11.4442955897305,0.467529385386369,0.0595261267695976,8.63109144935933e-05,-0.0972005182487676,-0.0780467649621849,0.0196084129366041,0,0,0,0,0,0,0,0,0,-0.919217782933576,0.121847564099437,0.131331731874118
11.4542993446167,0.468124874444596,0.0595269775436948,8.376454150007e-05,-0.0979802952407431,-0.0778498405236763,0.0197616032927668,0,0,0,0,0,0,0,0,0,-0.917992278371956,0.123164600451916,0.131981574678082
11.4643030995028,0.468720371884795,0.0595278023802109,8.11254235064732e-05,-0.0987580945924891,-0.0776513862625195,0.0199142624521221,0,0,0,0,0,0,0,0,0,-0.916753565986438,0.124488186744567,0.132641287687633
11.4743068543889,0.469315877442861,0.0595286003537403,7.83940436853553e-05,-0.0995339010266315,-0.0774514074976743,0.0200663894291441,0,0,0,0,0,0,0,0,0,-0.915501579759134,0.125818422311531,0.133310989494594
11.4843106092751,0.469911390845455,0.059529370543854,7.55709136454714e-05,-0.100307699319054,-0.0772499095575562,0.0202179833186511,0,0,0,0,0,0,0,0,0,-0.91423625267251,0.127155407669629,0.133990797950544
11.4943143641612,0.470506911810055,0.0595301120353798,7.26565726082827e-05,-0.101079474298987,-0.0770468977792434,0.0203690432934781,0,0,0,0,0,0,0,0,0,-0.912957516697589,0.128499244510919,0.134680830147688
11.5043181190473,0.471102440045014,0.0595308239186742,6.96515865844605e-05,-0.101849210849094,-0.0768423775077083,0.0205195686021512,0,0,0,0,0,0,0,0,0,-0.91166530278223,0.129850035694945,0.13538120238502
11.5143218739334,0.471697975249613,0.0595315052898868,6.65565475503889e-05,-0.102616893905544,-0.0766363540950722,0.0206695585665599,0,0,0,0,0,0,0,0,0,-0.910359540839494,0.131207885240617,0.136092030142796
11.5243256288196,0.472293517114119,0.0595321552512154,6.33720726246704e-05,-0.103382508458078,-0.0764288328998826,0.020819012579631,0,0,0,0,0,0,0,0,0,-0.909040159736082,0.132572898317953,0.136813428050657
11.5343293837057,0.472889065319853,0.0595327729111538,6.00988032446251e-05,-0.104146039550074,-0.0762198192864144,0.0209679301030018,0,0,0,0,0,0,0,0,0,-0.907707087280862,0.133945181239316,0.137545509845965
11.5443331385918,0.473484619539245,0.0595333573847307,5.67374043428004e-05,-0.104907472278599,-0.0760093186239943,0.021116310664693,0,0,0,0,0,0,0,0,0,-0.90636025021349,0.135324841450326,0.138288388347628
11.554336893478,0.474080179435911,0.0595339077937408,5.32885635234699e-05,-0.105666791794454,-0.075797336286348,0.0212641538567824,0,0,0,0,0,0,0,0,0,-0.904999574193115,0.136711987520571,0.139042175414393
11.5643406483641,0.474675744664712,0.0595344232669671,4.97529902391387e-05,-0.106423983302218,-0.0755838776509715,0.0214114593330782,0,0,0,0,0,0,0,0,0,-0.903624983787187,0.138106729133685,0.139806981897121
11.5743444032502,0.475271314871832,0.059534902940396,4.61314149670477e-05,-0.107179032060283,-0.0753689480985248,0.0215582268067918,0,0,0,0,0,0,0,0,0,-0.902236402460358,0.139509177077107,0.140582917602384
11.5843481581363,0.475866889694848,0.059535345957423,4.24245883856766e-05,-0.107931923380877,-0.0751525530122495,0.0217044560482117,0,0,0,0,0,0,0,0,0,-0.900833752563497,0.140919443231427,0.141370091247448
11.5943519130225,0.476462468762804,0.0595357514690507,3.86332805512476e-05,-0.108682642630095,-0.0749346977774093,0.0218501468823762,0,0,0,0,0,0,0,0,0,-0.899416955322805,0.142337640559245,0.142168610405072
11.6043556679086,0.477058051696292,0.0595361186340789,3.47582800742268e-05,-0.109431175227913,-0.0747153877807541,0.0219952991867474,0,0,0,0,0,0,0,0,0,-0.897985930829048,0.143763883093415,0.142978581451585
11.6143594227947,0.477653638107528,0.0595364466192857,3.08003932958324e-05,-0.110177506648196,-0.074494628410007,0.0221399128888837,0,0,0,0,0,0,0,0,0,-0.896540598026916,0.145198285924861,0.143800109521356
11.6243631776808,0.478249227600432,0.0595367345996008,2.67604434645348e-05,-0.110921622418713,-0.0742724250533751,0.0222839879641135,0,0,0,0,0,0,0,0,0,-0.895080874704492,0.146640965189915,0.144633298442729
11.634366932567,0.478844819770714,0.0595369817582707,2.26392699125611e-05,-0.111663508121134,-0.0740487830990828,0.0224275244332087,0,0,0,0,0,0,0,0,0,-0.893606677482865,0.148092038056848,0.145478250677274
11.6443706874531,0.479440414205952,0.0595371872870155,1.84377272324008e-05,-0.112403149391031,-0.0738237079349295,0.0225705223600573,0,0,0,0,0,0,0,0,0,-0.892117921805876,0.149551622711991,0.14633506726488
11.6543744423392,0.480036010485685,0.0595373503861771,1.4156684453305e-05,-0.11314053191787,-0.0735972049478691,0.0227129818493374,0,0,0,0,0,0,0,0,0,-0.890614521929999,0.151019838345174,0.147203847748316
11.6643781972254,0.480631608181495,0.05953747026486,9.79702421779421e-06,-0.113875641444999,-0.0733692795236143,0.0228549030441901,0,0,0,0,0,0,0,0,0,-0.889096390914381,0.152496805134329,0.148084690107222
11.6743819521115,0.481227206857094,0.0595375461410629,5.35964195816046e-06,-0.114608463769638,-0.073139937046263,0.0229962861238929,0,0,0,0,0,0,0,0,0,-0.887563440611036,0.153982644229615,0.14897769069043
11.6843857069976,0.481822806068419,0.0595375772418027,8.45445072969127e-07,-0.115338984742858,-0.0729091828979486,0.0231371313015329,0,0,0,0,0,0,0,0,0,-0.886015581655199,0.155477477736666,0.149882944131937
11.6943894618837,0.48241840536372,0.0595375628032304,-3.74464789643543e-06,-0.116067190269559,-0.0726770224585134,0.0232774388216802,0,0,0,0,0,0,0,0,0,-0.884452723455854,0.15698142869903,0.150800543279066
11.7043932167699,0.483014004283649,0.0595375020707377,-8.40970808942305e-06,-0.116793066308449,-0.0724434611052055,0.0234172089580609,0,0,0,0,0,0,0,0,0,-0.88287477418644,0.158494621079984,0.151730579110372
11.714396971656,0.483609602361359,0.0595373942990571,-1.31487971495818e-05,-0.117516598872013,-0.0722085042123984,0.023556442011231,0,0,0,0,0,0,0,0,0,-0.881281640775746,0.16001717974333,0.152673140642461
11.7244007265421,0.484205199122591,0.0595372387523518,-1.7960968048208e-05,-0.118237774026485,-0.0719721571513344,0.023695138306249,0,0,0,0,0,0,0,0,0,-0.879673228898997,0.161549230433349,0.153628314846492
11.7344044814283,0.484800794085777,0.0595370347042991,-2.28452659078058e-05,-0.118956577891815,-0.0717344252898911,0.0238332981903495,0,0,0,0,0,0,0,0,0,-0.87804944296915,0.163090899753917,0.154596186552229
11.7444082363144,0.485396386762126,0.0595367814381643,-2.78007288255818e-05,-0.119672996641633,-0.0714953139923715,0.0239709220306166,0,0,0,0,0,0,0,0,0,-0.876410186128404,0.164642315146546,0.155576838350968
11.7544119912005,0.485991976655729,0.0595364782468671,-3.28263886969423e-05,-0.120387016503216,-0.0712548286193165,0.0241080102116568,0,0,0,0,0,0,0,0,0,-0.874755360239929,0.166203604867561,0.156570350496793
11.7644157460866,0.48658756326365,0.0595361244330396,-3.7921272038989e-05,-0.121098623757446,-0.0710129745273416,0.0242445631332728,0,0,0,0,0,0,0,0,0,-0.873084865879832,0.167774897964156,0.157576800796475
11.7744195009728,0.487183146076026,0.0595357193090756,-4.30844008140167e-05,-0.121807804738769,-0.0707697570689965,0.0243805812081363,0,0,0,0,0,0,0,0,0,-0.871398602329372,0.169356324249377,0.158596264502141
11.7844232558589,0.487778724576165,0.0595352621971725,-4.83147932530088e-05,-0.122514545835158,-0.0705251815926481,0.0245160648594616,0,0,0,0,0,0,0,0,0,-0.869696467567419,0.170948014276026,0.159628814200051
11.794427010745,0.488374298240643,0.0595347524293643,-5.36114646791327e-05,-0.123218833488068,-0.0702792534423863,0.0246510145186787,0,0,0,0,0,0,0,0,0,-0.867978358263196,0.172550099309418,0.160674519691345
11.8044307656312,0.488969866539403,0.0595341893475464,-5.89734283312378e-05,-0.123920654192393,-0.0700319779579538,0.0247854306231069,0,0,0,0,0,0,0,0,0,-0.866244169769282,0.174162711298903,0.161733447862792
11.8144345205173,0.489565428935855,0.0595335723034928,-6.43996961873528e-05,-0.124619994496424,-0.0697833604746986,0.0249193136136274,0,0,0,0,0,0,0,0,0,-0.864493796114921,0.175785982848034,0.162805662568095
11.8244382754034,0.490160984886971,0.059532900658864,-6.98892797881755e-05,-0.1253168410018,-0.0695334063235505,0.0250526639323575,0,0,0,0,0,0,0,0,0,-0.862727129999625,0.177420047183713,0.163891224495347
11.8344420302895,0.490756533843391,0.0595321737852077,-7.54411910605802e-05,-0.12601118036347,-0.0692821208310193,0.0251854820203231,0,0,0,0,0,0,0,0,0,-0.860944062787099,0.179065038123711,0.164990191022642
11.8444457851757,0.491352075249513,0.0595313910639507,-8.10544431411046e-05,-0.126702999289645,-0.0690295093192187,0.0253177683151324,0,0,0,0,0,0,0,0,0,-0.859144484499495,0.180721090042925,0.166102616084087
11.8544495400618,0.491947608543599,0.0595305518863826,-8.67280511994507e-05,-0.127392284541757,-0.0687755771059111,0.0254495232486491,0,0,0,0,0,0,0,0,0,-0.857328283812012,0.182388337838211,0.16722855001588
11.8644532949479,0.492543133157871,0.0595296556536315,-9.24610332619791e-05,-0.128079022934412,-0.0685203295045771,0.0255807472446656,0,0,0,0,0,0,0,0,0,-0.855495348047851,0.184066916891568,0.16836803941009
11.874457049834,0.493138648518607,0.0595287017766311,-9.82524110352069e-05,-0.12876320133535,-0.0682637718245081,0.0257114407165766,0,0,0,0,0,0,0,0,0,-0.853645563173555,0.185756963032044,0.169521126955995
11.8844608047202,0.493734154046244,0.0595276896760799,-0.000104101210729305,-0.129444806665404,-0.0680059093709214,0.0258416040650517,0,0,0,0,0,0,0,0,0,-0.851778813794723,0.187458612495744,0.170687851272039
11.8944645596063,0.49432964915547,0.059526618782392,-0.000110006463881589,-0.13012382589846,-0.0677467474450996,0.0259712376757095,0,0,0,0,0,0,0,0,0,-0.849894983152152,0.189172001884375,0.171868246747915
11.9044683144924,0.494925133255323,0.0595254885356396,-0.000115967208180022,-0.130800246061415,-0.0674862913445527,0.0261003419167902,0,0,0,0,0,0,0,0,0,-0.847993953118384,0.190897268122093,0.173062343358779
11.9144720693786,0.495520605749291,0.0595242983854876,-0.00012198248828671,-0.131474054234147,-0.0672245463632034,0.0262289171368296,0,0,0,0,0,0,0,0,0,-0.846075604194703,0.192634548410335,0.174270166483866
11.9244758242647,0.4961160660354,0.0595230477911195,-0.000128051356661395,-0.132145237549472,-0.066961517791596,0.0263569636623315,0,0,0,0,0,0,0,0,0,-0.84413981550859,0.194383980181032,0.175491736734247
11.9344795791508,0.496711513506317,0.0595217362211552,-0.000134172874384954,-0.132813783193118,-0.0666972109171287,0.0264844817954418,0,0,0,0,0,0,0,0,0,-0.842186464811661,0.196145701047996,0.176727069750102
11.9444833340369,0.497306947549437,0.0595203631535609,-0.000140346111982895,-0.133479678403691,-0.0664316310243081,0.0266114718116212,0,0,0,0,0,0,0,0,0,-0.840215428478087,0.197919848756079,0.17797617599852
11.9544870889231,0.49790236754698,0.0595189280755503,-0.000146570150248847,-0.134142910472649,-0.066164783395029,0.026737933957319,0,0,0,0,0,0,0,0,0,-0.83822658150355,0.199706561128515,0.179239060580198
11.9644908438092,0.498497772876083,0.0595174304834778,-0.00015284408106807,-0.134803466744277,-0.065896673308875,0.0268638684476458,0,0,0,0,0,0,0,0,0,-0.836219797504724,0.201505976012208,0.180515723009225
11.9744945986953,0.499093162908889,0.0595158698827236,-0.000159167008240941,-0.135461334615665,-0.0656273060434447,0.0269892754640472,0,0,0,0,0,0,0,0,0,-0.834194948719318,0.203318231220668,0.181806156995082
11.9844983535815,0.499688537012637,0.05951424578757,-0.000165538048306451,-0.13611650153669,-0.0653566868746994,0.0271141551519772,0,0,0,0,0,0,0,0,0,-0.832151906006699,0.205143464474943,0.183110350222159
11.9945021084676,0.500283894549753,0.0595125577210703,-0.000171956331365706,-0.136768955010004,-0.0650848210773349,0.027238507618571,0,0,0,0,0,0,0,0,0,-0.830090538849121,0.206981813342139,0.184428284107899
12.0045058633537,0.500879234877933,0.0595108052149085,-0.00017842100190542,-0.137418682591018,-0.064811713925177,0.0273623329303185,0,0,0,0,0,0,0,0,0,-0.828010715353577,0.208833415171512,0.18575993357399
12.0145096182398,0.501474557350231,0.0595089878092519,-0.000184931219621412,-0.1380656718879,-0.064537370691599,0.027485631110738,0,0,0,0,0,0,0,0,0,-0.825912302254303,0.210698407028414,0.187105266801196
12.024513373126,0.502069861315144,0.0595071050525943,-0.000191486160242099,-0.138709910561571,-0.0642617966499638,0.0276084021380486,0,0,0,0,0,0,0,0,0,-0.823795164915957,0.212576925625478,0.188464244964758
12.0345171280121,0.502665146116692,0.0595051565015916,-0.000198085016352002,-0.139351386325709,-0.0639849970740883,0.0277306459428444,0,0,0,0,0,0,0,0,0,-0.821659167337495,0.214469107251268,0.189836821978127
12.0445208828982,0.5032604110945,0.0595031417208895,-0.000204726998215232,-0.13999008694675,-0.0637069772387318,0.0278523624057672,0,0,0,0,0,0,0,0,0,-0.81950417215678,0.216375087696339,0.191222944228662
12.0545246377844,0.503855655583878,0.0595010602829416,-0.00021141133459899,-0.140626000243908,-0.0634277424201071,0.0279735513551799,0,0,0,0,0,0,0,0,0,-0.817330040655938,0.218295002176602,0.192622550293055
12.0645283926705,0.504450878915895,0.0594989117678213,-0.00021813727359707,-0.141259114089188,-0.063147297896415,0.0280942125648402,0,0,0,0,0,0,0,0,0,-0.815136632767497,0.220228985253684,0.194035570654174
12.0745321475566,0.50504608041746,0.0594966957630234,-0.00022490408345334,-0.141889416407407,-0.0628656489484029,0.0282143457515731,0,0,0,0,0,0,0,0,0,-0.812923807081341,0.222177170752631,0.195461927417879
12.0845359024427,0.505641259411389,0.059494411863259,-0.000231711053385256,-0.142516895176226,-0.062582800859945,0.0283339505729449,0,0,0,0,0,0,0,0,0,-0.810691420852492,0.224139691676602,0.196901534001572
12.0945396573289,0.506236415216479,0.0594920596702413,-0.000238557494407345,-0.143141538426183,-0.0622987589186474,0.028453026624936,0,0,0,0,0,0,0,0,0,-0.808439330009771,0.226116680118339,0.198354294827721
12.104543412215,0.506831547147577,0.0594896387924634,-0.000245442740154707,-0.143763334240733,-0.0620135284164757,0.0285715734396146,0,0,0,0,0,0,0,0,0,-0.806167389165354,0.228108267168736,0.199820105009905
12.1145471671011,0.507426654515647,0.059487148844968,-0.000252366147706512,-0.144382270756293,-0.061727114650406,0.0286895904828096,0,0,0,0,0,0,0,0,0,-0.80387545162526,0.230114582822018,0.201298850018889
12.1245509219873,0.508021736627834,0.0594845894491089,-0.000259327098409499,-0.144998336162301,-0.0614395229230989,0.0288070771517842,0,0,0,0,0,0,0,0,0,-0.801563369400804,0.232135755877633,0.202790405358469
12.1345546768734,0.508616792787524,0.0594819602323037,-0.000266324998701456,-0.145611518701271,-0.0611507585435976,0.0289240327729088,0,0,0,0,0,0,0,0,0,-0.799230993221048,0.234171913838948,0.204294636225145
12.1445584317595,0.509211822294407,0.0594792608277791,-0.000273359280934743,-0.146221806668861,-0.0608608268280481,0.0290404565993348,0,0,0,0,0,0,0,0,0,-0.796878172546283,0.236223182808327,0.205811397139084
12.1545621866456,0.509806824444531,0.0594764908743072,-0.000280429404199768,-0.146829188413952,-0.0605697331004439,0.0291563478086674,0,0,0,0,0,0,0,0,0,-0.794504755582577,0.23828968737845,0.207340531590899
12.1645659415318,0.510401798530355,0.0594736500159341,-0.000287534855148489,-0.147433652338724,-0.0602774826933929,0.0292717055006392,0,0,0,0,0,0,0,0,0,-0.79211058929743,0.240371550520317,0.208881871684584
12.1745696964179,0.510996743840807,0.0594707379017002,-0.00029467514881791,-0.148035186898753,-0.0599840809489085,0.0293865286947834,0,0,0,0,0,0,0,0,0,-0.789695519436569,0.242468893467426,0.210435237746337
12.184573451304,0.511591659661323,0.0594677541853516,-0.000301849829453585,-0.148633780603103,-0.0596895332192229,0.0295008163281071,0,0,0,0,0,0,0,0,0,-0.787259390541913,0.244581835595954,0.212000437938881
12.1945772061902,0.512186545273901,0.0594646985250444,-0.000309058471333098,-0.149229422014436,-0.0593938448676253,0.0296145672527642,0,0,0,0,0,0,0,0,0,-0.784802045970767,0.246710494301211,0.213577267870742
12.2045809610763,0.512781399957138,0.0594615705830398,-0.000316300679589575,-0.149822099749126,-0.0590970212693211,0.0297277802337294,0,0,0,0,0,0,0,0,0,-0.782323327916263,0.24885498487001,0.21516551018557
12.2145847159624,0.513376222986271,0.0594583700253913,-0.000323576091035174,-0.150411802477382,-0.058799067812317,0.029840453946471,0,0,0,0,0,0,0,0,0,-0.779823077429105,0.251015420348901,0.21676493414694
12.2245884708485,0.513971013633218,0.0594550965216239,-0.000330884374984582,-0.150998518923381,-0.0584999898983268,0.0299525869746243,0,0,0,0,0,0,0,0,0,-0.777301134440646,0.253191911408237,0.21837529521706
12.2345922257347,0.514565771166601,0.0594517497444045,-0.000338225234078511,-0.151582237865412,-0.0581997929437028,0.0300641778076648,0,0,0,0,0,0,0,0,0,-0.774757337787349,0.255384566201976,0.21999633462412
12.2445959806208,0.515160494851787,0.0594483293692048,-0.000345598405107192,-0.152162948136021,-0.0578984823803885,0.0301752248385817,0,0,0,0,0,0,0,0,0,-0.772191525236676,0.25759349022309,0.221627778921575
12.2545997355069,0.515755183950907,0.0594448350739552,-0.000353003659833876,-0.15274063862218,-0.0575960636568962,0.030285726361551,0,0,0,0,0,0,0,0,0,-0.769603533514441,0.259818786154553,0.223269339540514
12.264603490393,0.51634983772288,0.059441266538691,-0.000360440805818329,-0.153315298265451,-0.0572925422393065,0.0303956805696087,0,0,0,0,0,0,0,0,0,-0.766993198333673,0.262060553715792,0.224920712323986
12.2746072452792,0.516944455423434,0.0594376234451901,-0.000367909687240325,-0.15388691606217,-0.0569879236122921,0.0305050855523243,0,0,0,0,0,0,0,0,0,-0.764360354425049,0.264318889504358,0.2265815770569
12.2846110001653,0.517539036305122,0.0594339054766027,-0.000375410185723149,-0.154455481063639,-0.0566822132801646,0.0306139392934742,0,0,0,0,0,0,0,0,0,-0.761704835568923,0.266593886832971,0.228251597000375
12.2946147550514,0.51813357961733,0.0594301123170724,-0.000382942221157084,-0.155020982376324,-0.0563754167679441,0.0307222396687144,0,0,0,0,0,0,0,0,0,-0.759026474629015,0.268885635561876,0.229930418396089
12.3046185099376,0.51872808460629,0.0594262436513493,-0.000390505752522921,-0.155583409162072,-0.0560675396224524,0.0308299844432546,0,0,0,0,0,0,0,0,0,-0.756325103587799,0.271194221925969,0.231617669971502
12.3146222648237,0.519322550515081,0.059422299164395,-0.000398100778715437,-0.156142750638333,-0.0557585874134302,0.0309371712695306,0,0,0,0,0,0,0,0,0,-0.753600553583652,0.273519728357258,0.233312962453409
12.3246260197098,0.519916976583628,0.0594182785409791,-0.000405727339366909,-0.156698996078393,-0.0554485657346762,0.0310437976848784,0,0,0,0,0,0,0,0,0,-0.750852654949787,0.27586223330225,0.235015888041517
12.3346297745959,0.520511362048703,0.0594141814652674,-0.000413385515670599,-0.157252134811624,-0.0551374802052102,0.031149861109207,0,0,0,0,0,0,0,0,0,-0.74808123725506,0.278221811033884,0.236726019891181
12.3446335294821,0.521105706143912,0.0594100076204022,-0.000421075431204256,-0.157802156223738,-0.0548253364704599,0.0312553588426717,0,0,0,0,0,0,0,0,0,-0.745286129346671,0.28059853145857,0.238442911598945
12.3546372843682,0.521700008099684,0.0594057566880743,-0.00042879725275361,-0.158349049757062,-0.0545121402034704,0.0313602880633477,0,0,0,0,0,0,0,0,0,-0.742467159394822,0.282992459917825,0.240166096663655
12.3646410392543,0.522294267143255,0.0594014283480861,-0.000436551191135868,-0.158892804910817,-0.0541978971061367,0.0314646458249029,0,0,0,0,0,0,0,0,0,-0.739624154939391,0.285403656984533,0.241895087945622
12.3746447941405,0.522888482498647,0.0593970222779077,-0.000444337502023214,-0.159433411241415,-0.0538826129104601,0.0315684290542717,0,0,0,0,0,0,0,0,0,-0.736756942938667,0.287832178253758,0.243629377124122
12.3846485490266,0.523482653386641,0.0593925381522236,-0.000452156486766301,-0.159970858362762,-0.0535662933798281,0.0316716345493279,0,0,0,0,0,0,0,0,0,-0.733865349820209,0.290278074128152,0.245368434145495
12.3946523039127,0.524076779024748,0.0593879756424717,-0.000460008493217749,-0.160505135946586,-0.0532489443103163,0.0317742589765583,0,0,0,0,0,0,0,0,0,-0.730949201533876,0.292741389597727,0.247111706664007
12.4046560587988,0.524670858627176,0.0593833344163742,-0.000467893916555639,-0.161036233722765,-0.0529305715320151,0.0318762988687356,0,0,0,0,0,0,0,0,0,-0.728008323607089,0.295222164014071,0.248858619481042
12.414659813685,0.525264891404785,0.0593786141374596,-0.000475813200107017,-0.161564141479675,-0.0526111809103786,0.0319777506225919,0,0,0,0,0,0,0,0,0,-0.725042541202378,0.297720430858904,0.250608573976335
12.4246635685711,0.525858876565049,0.0593738144645774,-0.000483766836171381,-0.162088849064552,-0.0522907783475972,0.0320786104964922,0,0,0,0,0,0,0,0,0,-0.722051679177279,0.300236217506914,0.252360947537195
12.4346673234572,0.526452813312001,0.059368935051404,-0.000491755366844186,-0.162610346383864,-0.0519693697839936,0.0321788746081073,0,0,0,0,0,0,0,0,0,-0.719035562146623,0.302769544982891,0.25411509298977
12.4446710783434,0.527046700846184,0.0593639755459399,-0.000499779384840326,-0.163128623403703,-0.0516469611994419,0.0322785389320871,0,0,0,0,0,0,0,0,0,-0.715994014547292,0.305320427713185,0.255870338014952
12.4546748332295,0.527640538364588,0.0593589355900001,-0.000507839534317654,-0.163643670150187,-0.0513235586148097,0.0323775992977344,0,0,0,0,0,0,0,0,0,-0.712926860705482,0.307888873271155,0.257625984566565
12.4646785881156,0.528234325060587,0.0593538148186945,-0.000515936511700455,-0.164155476709872,-0.050999168093424,0.0324760513866776,0,0,0,0,0,0,0,0,0,-0.70983392490655,0.310474882116988,0.259381308301806
12.4746823430017,0.528828060123868,0.0593486128599013,-0.000524071066502955,-0.164664033230194,-0.0506737957425601,0.0325738907305441,0,0,0,0,0,0,0,0,0,-0.706715031467486,0.313078447331744,0.261135557997453
12.4846860978879,0.529421742740359,0.0593433293337319,-0.000532244002152814,-0.165169329919907,-0.0503474477149537,0.0326711127086338,0,0,0,0,0,0,0,0,0,-0.703570004812077,0.315699554345505,0.262887954962033
12.494689852774,0.530015372092145,0.0593379638519874,-0.000540456176814625,-0.16567135704955,-0.0500201302103365,0.0327677125455923,0,0,0,0,0,0,0,0,0,-0.700398669548821,0.318338180659656,0.264637692464241
12.5046936076601,0.530608947357383,0.0593325160176064,-0.000548708504213402,-0.166170104951926,-0.0496918494769953,0.0328636853090842,0,0,0,0,0,0,0,0,0,-0.697200850551647,0.320994295563591,0.266383935164667
12.5146973625462,0.531202467710213,0.0593269854241059,-0.000557001954458089,-0.166665564022592,-0.049362611813353,0.032959025907466,0,0,0,0,0,0,0,0,0,-0.693976373043494,0.323667859845635,0.268125818533635
12.5247011174324,0.531795932320659,0.0593213716550126,-0.000565337554865043,-0.167157724720369,-0.0490324235695752,0.0330537290874602,0,0,0,0,0,0,0,0,0,-0.69072506268282,0.326358825498097,0.269862448279036
12.5347048723185,0.532389340354526,0.0593156742832864,-0.000573716390781548,-0.167646577567874,-0.0487012911491977,0.0331477894318278,0,0,0,0,0,0,0,0,0,-0.687446745653079,0.329067135416742,0.271592899793861
12.5447086272046,0.53298269097329,0.0593098928707362,-0.000582139606409291,-0.168132113152052,-0.0483692210107792,0.0332412013570419,0,0,0,0,0,0,0,0,0,-0.684141248755242,0.331792723094798,0.273316217604543
12.5547123820908,0.533575983333988,0.0593040269674267,-0.000590608405627873,-0.168614322124742,-0.0480362196695759,0.0333339591109611,0,0,0,0,0,0,0,0,0,-0.680808399503397,0.334535512311381,0.275031414822928
12.5647161369769,0.534169216589093,0.0592980761110773,-0.000599124052818294,-0.169093195203252,-0.0477022936992401,0.0334260567705025,0,0,0,0,0,0,0,0,0,-0.677448026223505,0.337295416814545,0.276737472615715
12.574719891863,0.53476238988639,0.0592920398264528,-0.000607687873686463,-0.169568723170948,-0.0473674497335421,0.0335174882393153,0,0,0,0,0,0,0,0,0,-0.674059958155342,0.34007233999909,0.278433339669984
12.5847236467491,0.535355502368842,0.0592859176247459,-0.000616301256086681,-0.170040896877869,-0.0470316944681147,0.0336082472454539,0,0,0,0,0,0,0,0,0,-0.670644025557699,0.342866174578914,0.28011793169095
12.5947274016353,0.535948553174451,0.0592797090029511,-0.000624965650845148,-0.170509707241351,-0.0466950346622219,0.0336983273390509,0,0,0,0,0,0,0,0,0,-0.667200059816879,0.345676802254781,0.281790130915194
12.6047311565214,0.536541541436115,0.0592734134432308,-0.000633682572583456,-0.170975145246672,-0.04635747714055,0.0337877218899912,0,0,0,0,0,0,0,0,0,-0.663727893558544,0.348504093376925,0.283448785610067
12.6147349114075,0.537134466281473,0.0592670304122731,-0.000642453600542078,-0.171437201947722,-0.0460190287950227,0.0338764240855845,0,0,0,0,0,0,0,0,0,-0.660227360762969,0.351347906602808,0.285092709634081
12.6247386662937,0.53772732683275,0.059260559360641,-0.000651280379403876,-0.171895868467675,-0.0456796965866395,0.0339644269282388,0,0,0,0,0,0,0,0,0,-0.656698296883727,0.354208088550928,0.286720682008142
12.6347424211798,0.538320122206592,0.0592539997221137,-0.000660164620117586,-0.172351135999697,-0.045339487547336,0.0340517232331338,0,0,0,0,0,0,0,0,0,-0.653140538969874,0.357084473449994,0.288331446470958
12.6447461760659,0.538912851513891,0.0592473509130198,-0.000669108100721328,-0.172802995807663,-0.0449984087818697,0.0341383056258942,0,0,0,0,0,0,0,0,0,-0.649553925791655,0.359976882783844,0.289923711096287
12.654749930952,0.539505513859613,0.0592406123315616,-0.000678112667166089,-0.173251439226893,-0.0446564674697271,0.0342241665402629,0,0,0,0,0,0,0,0,0,-0.64593829796979,0.362885124932962,0.291496147942674
12.6647536858382,0.540098108342608,0.0592337833571319,-0.000687180234139225,-0.173696457664911,-0.0443136708670552,0.0343092982157743,0,0,0,0,0,0,0,0,0,-0.642293498108353,0.365808994812382,0.293047392708133
12.6747574407243,0.540690634055423,0.0592268633496223,-0.000696312785887961,-0.174138042602221,-0.0439700263086159,0.0343936926954274,0,0,0,0,0,0,0,0,0,-0.638619370931302,0.368748273506304,0.294576044423394
12.6847611956104,0.541283090084099,0.059219851648723,-0.000705512377042883,-0.174576185593104,-0.0436255412097637,0.0344773418233596,0,0,0,0,0,0,0,0,0,-0.634915763422673,0.371702727899856,0.296080665186785
12.6947649504966,0.541875475507968,0.0592127475732148,-0.000714781133441431,-0.175010878266435,-0.0432802230684469,0.0345602372425193,0,0,0,0,0,0,0,0,0,-0.631182524970471,0.374672110308404,0.29755977993124
12.7047687053827,0.54246778939944,0.0592055504202524,-0.000724121252951402,-0.175442112326516,-0.0429340794672315,0.0346423703923398,0,0,0,0,0,0,0,0,0,-0.627419507514286,0.377656158104661,0.299011876225698
12.7147724602688,0.543060030823782,0.05919825946464,-0.000733535006294446,-0.175869879553936,-0.0425871180753491,0.0347237325064121,0,0,0,0,0,0,0,0,0,-0.62362656569664,0.380654593344011,0.300435404133441
12.7247762151549,0.543652198838894,0.0591908739580981,-0.000743024737869558,-0.176294171806447,-0.0422393466507676,0.0348043146101587,0,0,0,0,0,0,0,0,0,-0.619803557018101,0.383667122388793,0.301828776090686
12.7347799700411,0.544244292495067,0.0591833931285225,-0.000752592866576578,-0.176714981019864,-0.0418907730422851,0.0348841075185062,0,0,0,0,0,0,0,0,0,-0.615950341996152,0.386693435531194,0.303190366842446
12.7447837249272,0.544836310834751,0.0591758161792349,-0.00076224188663968,-0.17713229920898,-0.0415414051916479,0.0349631018335593,0,0,0,0,0,0,0,0,0,-0.612066784327843,0.389733206616247,0.30451851346475
12.7547874798133,0.545428252892297,0.0591681422882251,-0.00077197436843088,-0.17754611846851,-0.0411912511356904,0.0350412879422736,0,0,0,0,0,0,0,0,0,-0.608152751056205,0.392786092665173,0.305811515379452
12.7647912346994,0.546020117693704,0.0591603706073852,-0.000781792959293529,-0.177956430974053,-0.0408403190084994,0.035118656014129,0,0,0,0,0,0,0,0,0,-0.604208112740438,0.39585173349867,0.307067634445137
12.7747949895856,0.546611904256352,0.0591525002617356,-0.000791700384365804,-0.178363228983074,-0.0404886170436016,0.0351951959988032,0,0,0,0,0,0,0,0,0,-0.600232743629865,0.398929751362077,0.308285095149261
12.7847987444717,0.547203611588731,0.0591445303486426,-0.000801699447404205,-0.178766504835911,-0.0401361535761734,0.0352708976238446,0,0,0,0,0,0,0,0,0,-0.596226521841618,0.402019750552509,0.309462084810001
12.7948024993578,0.54779523869016,0.0591364599370274,-0.000811793031607055,-0.179166250956804,-0.0397829370452752,0.0353457503923459,0,0,0,0,0,0,0,0,0,-0.592189329542046,0.405121317048056,0.310596753863873
12.804806254244,0.548386784550498,0.0591282880665679,-0.000821984100437996,-0.179562459854942,-0.0394289759961086,0.0354197435806173,0,0,0,0,0,0,0,0,0,-0.588121053131829,0.408234018140672,0.311687216237933
12.8148100091301,0.548978248149847,0.0591200137468912,-0.000832275698449488,-0.179955124125541,-0.0390742790822958,0.0354928662358596,0,0,0,0,0,0,0,0,0,-0.584021583434729,0.411357402072824,0.312731549766903
12.8248137640162,0.549569628458247,0.0591116359567586,-0.000842670952106294,-0.180344236450935,-0.0387188550681844,0.0355651071738379,0,0,0,0,0,0,0,0,0,-0.579890815889968,0.414490997678726,0.313727796699888
12.8348175189023,0.550160924435367,0.0591031536432415,-0.000853173070608991,-0.1807297896017,-0.0383627128311732,0.0356364549765545,0,0,0,0,0,0,0,0,0,-0.57572865074816,0.417634314031125,0.314673964287244
12.8448212737885,0.550752135030177,0.0590945657208904,-0.000863785346717457,-0.181111776437794,-0.0380058613640629,0.0357068979899222,0,0,0,0,0,0,0,0,0,-0.57153499327076,0.420786840094277,0.315568025452036
12.8548250286746,0.551343259180626,0.0590858710708941,-0.000874511157574371,-0.181490189909723,-0.0376483097774296,0.0357764243214378,0,0,0,0,0,0,0,0,0,-0.567309753932937,0.423948044384168,0.31640791954775
12.8648287835607,0.551934295813297,0.0590770685402321,-0.000885353965528704,-0.181865023059734,-0.0372900673020211,0.0358450218378553,0,0,0,0,0,0,0,0,0,-0.563052848629815,0.427117374636648,0.317191553197544
12.8748325384469,0.552525243843066,0.0590681569408175,-0.000896317318959228,-0.182236269023025,-0.0369311432911774,0.0359126781628591,0,0,0,0,0,0,0,0,0,-0.558764198885994,0.430294257484445,0.31791680122531
12.884836293333,0.553116102172743,0.0590591350486326,-0.000907404853097995,-0.182603921028987,-0.0365715472232732,0.0359793806747374,0,0,0,0,0,0,0,0,0,-0.55444373206825,0.433478098143928,0.318581507689058
12.8948400482191,0.553706869692712,0.0590500016028561,-0.000918620290853851,-0.182967972402467,-0.0362112887041852,0.0360451165040555,0,0,0,0,0,0,0,0,0,-0.55009138160132,0.436668280112794,0.319183487024991
12.9048438031052,0.554297545280554,0.0590407553049813,-0.000929967443635916,-0.183328416565053,-0.0358503774697814,0.0361098725313288,0,0,0,0,0,0,0,0,0,-0.545707087186659,0.439864164879723,0.319720525264774
12.9148475579914,0.554888127800669,0.0590313948179274,-0.000941450212177099,-0.18368524703639,-0.0354888233884342,0.0361736353846966,0,0,0,0,0,0,0,0,0,-0.541290795024024,0.44306509164642,0.32019038137456
12.9248513128775,0.555478616103884,0.059021918765141,-0.000953072587357564,-0.184038457435517,-0.0351266364635571,0.0362363914375947,0,0,0,0,0,0,0,0,0,-0.536842458035797,0.446270377064057,0.320590788724114
12.9348550677636,0.556069009027055,0.0590123257296909,-0.000964838651028268,-0.184388041482231,-0.0347638268361641,0.0362981268064295,0,0,0,0,0,0,0,0,0,-0.532362036093846,0.449479314984713,0.320919456623311
12.9448588226498,0.556659305392658,0.0590026142533534,-0.000976752576834422,-0.184733992998476,-0.0344004047874524,0.0363588273482505,0,0,0,0,0,0,0,0,0,-0.527849496248814,0.452691176228555,0.321174071994818
12.9548625775359,0.557249504008368,0.0589927828356901,-0.000988818631039004,-0.185076305909758,-0.0340363807414089,0.0364184786584241,0,0,0,0,0,0,0,0,0,-0.52330481296164,0.455905208368745,0.321352301174076
12.964866332422,0.557839603666639,0.0589828299331175,-0.00100104117334625,-0.185414974246588,-0.0336717652674396,0.0364770660683067,0,0,0,0,0,0,0,0,0,-0.518727968337154,0.459120635534633,0.32145179180331
12.9748700873081,0.55842960314426,0.0589727539579675,-0.00101342465772517,-0.18574999214595,-0.033306569083022,0.036534574642918,0,0,0,0,0,0,0,0,0,-0.514118952359536,0.462336658234559,0.321470174873915
12.9848738421943,0.559019501201914,0.058962553277541,-0.00102597363323298,-0.186081353852793,-0.0329408030563818,0.0365909891786143,0,0,0,0,0,0,0,0,0,-0.509477763129453,0.465552453199911,0.321405066875066
12.9948775970804,0.559609296583724,0.058952226213152,-0.00103869274483871,-0.186409053721555,-0.0325744782091912,0.0366462942007618,0,0,0,0,0,0,0,0,0,-0.504804407102641,0.468767173250914,0.321254072044106
13.0048813519665,0.560198988016783,0.0589417710391642,-0.00105158673424658,-0.186733086217711,-0.0322076057192925,0.0367004739614098,0,0,0,0,0,0,0,0,0,-0.500098899329723,0.471979947185711,0.321014784799436
13.0148851068527,0.560788574210683,0.0589311859820193,-0.00106466044071958,-0.187053445919349,-0.0318401969234431,0.036753512436964,0,0,0,0,0,0,0,0,0,-0.495361263697013,0.475189879694828,0.320684792259114
13.0248888617388,0.561378053857031,0.0589204692192566,-0.00107791880190294,-0.187370127518773,-0.0314722633200851,0.0368053933258599,0,0,0,0,0,0,0,0,0,-0.490591533168051,0.478396051300649,0.320261676875461
13.0348926166249,0.561967425628952,0.058909618878525,-0.00109136685464761,-0.187683125824137,-0.0311038165721375,0.0368561000462361,0,0,0,0,0,0,0,0,0,-0.485789750025607,0.481597518324593,0.319743019242996
13.044896371511,0.562556688180589,0.0588986330365863,-0.00110500973583377,-0.187992435761101,-0.0307348685098118,0.0369056157336073,0,0,0,0,0,0,0,0,0,-0.480955966113877,0.484793312882764,0.319126401002427
13.0549001263972,0.563145840146584,0.0588875097183105,-0.00111885268319435,-0.188298052374518,-0.0303654311334513,0.0369539232385378,0,0,0,0,0,0,0,0,0,-0.47609024308058,0.487982442911234,0.318409407887293
13.0649038812833,0.563734880141558,0.0588762468956626,-0.00113290103613847,-0.188599970830156,-0.0299955166163927,0.037001005124315,0,0,0,0,0,0,0,0,0,-0.471192652618641,0.491163892222648,0.317589632870754
13.0749076361694,0.564323806759577,0.0588648424866816,-0.00114716023657501,-0.188898186416438,-0.0296251373078519,0.0370468436646221,0,0,0,0,0,0,0,0,0,-0.466263276707156,0.494336620594463,0.316664679458101
13.0849113910555,0.564912618573602,0.0588532943544507,-0.00116163582973603,-0.189192694546216,-0.0292543057358333,0.0370914208412121,0,0,0,0,0,0,0,0,0,-0.461302207851313,0.497499563891434,0.315632165133082
13.0949151459417,0.565501314134939,0.0588416003060598,-0.00117633346500033,-0.189483490758578,-0.0288830346100606,0.0371347183415804,0,0,0,0,0,0,0,0,0,-0.456309549320905,0.500651634222801,0.314489724866059
13.1049189008278,0.566089891972674,0.0588297580915594,-0.0011912588967169,-0.189770570720677,-0.0285113368249335,0.0371767175566385,0,0,0,0,0,0,0,0,0,-0.451285415387105,0.503791720134966,0.313235014777899
13.1149226557139,0.566678350593093,0.0588177654029065,-0.00120641798502844,-0.190053930229593,-0.0281392254625053,0.0372173995783872,0,0,0,0,0,0,0,0,0,-0.446229931557123,0.506918686841983,0.311865715928289
13.1249264106001,0.5672666884791,0.058805619872902,-0.00122181669669486,-0.19033356521423,-0.027766713795485,0.03725674519759,0,0,0,0,0,0,0,0,0,-0.441143234806375,0.510031376494033,0.310379538188171
13.1349301654862,0.567854904089614,0.0587933190741201,-0.00123746110591675,-0.190609471737233,-0.027393815290263,0.037294734901446,0,0,0,0,0,0,0,0,0,-0.436025473807762,0.513128608485391,0.308774224229269
13.1449339203723,0.568442995858969,0.0587808605178294,-0.00125335739515893,-0.190881645996943,-0.0270205436099585,0.0373313488712636,0,0,0,0,0,0,0,0,0,-0.430876809157679,0.516209179802721,0.307047553623547
13.1549376752584,0.56903096219629,0.0587682416529055,-0.00126951185597387,-0.191150084329382,-0.0266469126174921,0.0373665669801335,0,0,0,0,0,0,0,0,0,-0.425697413598331,0.519271865415061,0.305197347046129
13.1649414301446,0.569618801484864,0.058755459864736,-0.00128593088982526,-0.191414783210262,-0.0262729363786803,0.0374003687906023,0,0,0,0,0,0,0,0,0,-0.420487472235929,0.522315418706213,0.303221470557006
13.1749451850307,0.570206512081499,0.0587425124741166,-0.00130262100891145,-0.191675739257038,-0.0258986291653541,0.0374327335523454,0,0,0,0,0,0,0,0,0,-0.415247182754366,0.525338571950389,0.301117839975762
13.1849489399168,0.570794092315876,0.058729396736139,-0.00131958883698898,-0.191932949230978,-0.0255240054585001,0.0374636401998406,0,0,0,0,0,0,0,0,0,-0.409976755623889,0.528340036832128,0.298884425312625
13.194952694803,0.571381540489879,0.0587161098390713,-0.00133684111019606,-0.192186410039274,-0.0251490799514254,0.0374930673500411,0,0,0,0,0,0,0,0,0,-0.404676414304373,0.531318505010606,0.296519255284633
13.2049564496891,0.57196885487693,0.0587026489032293,-0.0013543846778761,-0.192436118737181,-0.024773867552946,0.037520993300049,0,0,0,0,0,0,0,0,0,-0.399346395442709,0.534272648729898,0.294020421918108
13.2149602045752,0.572556033721296,0.0586890109798399,-0.00137222650340113,-0.192682072530192,-0.024398383390598,0.0375473960247887,0,0,0,0,0,0,0,0,0,-0.393986949063861,0.537201121475375,0.291386085139696
13.2249639594613,0.573143075237394,0.0586751930498965,-0.00139037366499541,-0.192924268776235,-0.0240226428138716,0.0375722531746798,0,0,0,0,0,0,0,0,0,-0.388598338755123,0.54010255867583,0.288614477444281
13.2349677143475,0.573729977609087,0.0586611920230056,-0.00140883335655879,-0.19316270498792,-0.0236466613974703,0.0375955420733106,0,0,0,0,0,0,0,0,0,-0.383180841843133,0.542975578453257,0.285703908627791
13.2449714692336,0.574316738988956,0.0586470047362258,-0.00142761288849034,-0.193397378834797,-0.0232704549445909,0.0376172397151116,0,0,0,0,0,0,0,0,0,-0.377734749563123,0.545818782419672,0.282652770460886
13.2549752241197,0.574903357497576,0.0586326279528981,-0.00144671968851174,-0.193628288145669,-0.0228940394902283,0.0376373227630282,0,0,0,0,0,0,0,0,0,-0.372260367219991,0.548630756520408,0.279459541406653
13.2649789790059,0.57548983122277,0.0586180583614679,-0.00146616130249085,-0.193855430910919,-0.0225174313045036,0.0376557675461946,0,0,0,0,0,0,0,0,0,-0.366758014340681,0.551410071925316,0.276122791356045
13.274982733892,0.576076158218851,0.0586032925742994,-0.00148594539526517,-0.194078805284883,-0.0221406468960148,0.0376725500576068,0,0,0,0,0,0,0,0,0,-0.361228024817425,0.554155285966807,0.272641186292863
13.2849864887781,0.57666233650586,0.0585883271264813,-0.00150607975146534,-0.194298409588254,-0.0217637030152108,0.0376876459517958,0,0,0,0,0,0,0,0,0,-0.355670747041353,0.55686494312439,0.269013492967197
13.2949902436642,0.577248364068782,0.0585731584746238,-0.00152657227633863,-0.194514242310513,-0.0213866166577896,0.0377010305425013,0,0,0,0,0,0,0,0,0,-0.350086544026037,0.559537576056217,0.265238583500217
13.3049939985504,0.577834238856759,0.0585577829956485,-0.00154743099657248,-0.194726302112404,-0.0210094050681187,0.0377126788003442,0,0,0,0,0,0,0,0,0,-0.344475793520464,0.56217170667575,0.261315439907933
13.3149977534365,0.578419958782284,0.0585421969855688,-0.00156866406111791,-0.19493458782844,-0.0206320857426791,0.0377225653505008,0,0,0,0,0,0,0,0,0,-0.338838888111035,0.564765847273816,0.257243158584873
13.3250015083226,0.579005521720387,0.0585263966582633,-0.00159027974201313,-0.195139098469436,-0.0202546764335332,0.0377306644703753,0,0,0,0,0,0,0,0,0,-0.333176235312095,0.567318501684983,0.253020954659962
13.3350052632088,0.579590925507807,0.05851037814424,-0.00161228643520693,-0.19533983322509,-0.0198771951518149,0.0377369500872738,0,0,0,0,0,0,0,0,0,-0.327488257644591,0.569828166496761,0.248648166249986
13.3450090180949,0.580176167942149,0.0584941374893925,-0.00163469266138224,-0.195536791466588,-0.019499660171244,0.0377413957760769,0,0,0,0,0,0,0,0,0,-0.321775392702405,0.572293332301083,0.244124258598091
13.355012772981,0.580761246781036,0.0584776706537485,-0.00165750706677961,-0.195729972749251,-0.019122090031663,0.0377439747569134,0,0,0,0,0,0,0,0,0,-0.31603809320598,0.574712484986307,0.239448828067084
13.3650165278671,0.581346159741241,0.0584609735102091,-0.00168073842402069,-0.195919376815213,-0.0187445035425981,0.0377446598928337,0,0,0,0,0,0,0,0,0,-0.310276827042803,0.57708410706859,0.234621605923245
13.3750202827533,0.581930904497809,0.0584440418432809,-0.00170439563293176,-0.196105003596139,-0.0183669197868423,0.0377434236874825,0,0,0,0,0,0,0,0,0,-0.304492077294391,0.579406679059599,0.229642461980669
13.3850240376394,0.582515478683167,0.058426871347799,-0.0017284877213672,-0.196286853215975,-0.0179893581240628,0.0377402382827726,0,0,0,0,0,0,0,0,0,-0.298684342249408,0.581678680870794,0.224511408085411
13.3950277925255,0.583099879886219,0.0584094576276423,-0.001753023846033,-0.196464925993734,-0.0176118381944317,0.0377350754565583,0,0,0,0,0,0,0,0,0,-0.292854135402556,0.583898593250851,0.219228601306404
13.4050315474116,0.583684105651434,0.0583917961944403,-0.00177801329331023,-0.196639222446327,-0.0172343799222788,0.037727906620308,0,0,0,0,0,0,0,0,0,-0.287001985438935,0.58606489925379,0.213794346942018
13.4150353022978,0.584268153477911,0.0583738824662717,-0.00180346548007857,-0.196809743291417,-0.0168570035197691,0.0377187028167782,0,0,0,0,0,0,0,0,0,-0.281128436203559,0.588176085736546,0.208209101284244
13.4250390571839,0.584852020818439,0.0583557117663549,-0.0018293899545398,-0.19697648945032,-0.0164797294906027,0.0377074347176863,0,0,0,0,0,0,0,0,0,-0.275234046655754,0.590230644882407,0.202473474077544
13.43504281207,0.585435705078544,0.0583372793217303,-0.00185579639704129,-0.19713946205094,-0.0161025786337381,0.0376940726213843,0,0,0,0,0,0,0,0,0,-0.26931939080819,0.592227075747775,0.196588230740929
13.4450465669562,0.586019203615515,0.058318580261934,-0.00188269462089946,-0.197298662430741,-0.0157255720471393,0.0376785864505317,0,0,0,0,0,0,0,0,0,-0.263385057650336,0.594163885830066,0.190554294273085
13.4550503218423,0.586602513737428,0.0582996096176633,-0.00191009457322337,-0.197454092139757,-0.0153487311315452,0.0376609457497688,0,0,0,0,0,0,0,0,0,-0.257431651056123,0.59603959265259,0.184372746817128
13.4650540767284,0.587185632702145,0.0582803623194348,-0.00193800633573812,-0.197605752943641,-0.0149720775942631,0.0376411196833906,0,0,0,0,0,0,0,0,0,-0.251459789675687,0.597852725363748,0.178044830960918
13.4750578316145,0.587768557716307,0.0582608331962329,-0.00196644012560839,-0.197753646826749,-0.0145956334529859,0.037619077033019,0,0,0,0,0,0,0,0,0,-0.245470106811038,0.59960182634794,0.171571950661038
13.4850615865007,0.588351285934314,0.0582410169741514,-0.00199540629626193,-0.197897775995265,-0.0142194210396305,0.0375947861952772,0,0,0,0,0,0,0,0,0,-0.239463250275568,0.601285452843244,0.164955671775053
13.4950653413868,0.588933814457286,0.0582209082750257,-0.00202491533821307,-0.198038142880364,-0.0138434630042022,0.0375682151794623,0,0,0,0,0,0,0,0,0,-0.233439882237361,0.602902178562968,0.158197722280877
13.5050690962729,0.589516140332013,0.0582005016150577,-0.00205497787988619,-0.198174750141414,-0.0134677823186802,0.0375393316052186,0,0,0,0,0,0,0,0,0,-0.227400679046255,0.604450595317727,0.151299992105959
13.5150728511591,0.590098260549893,0.0581797914034317,-0.00208560468843924,-0.198307600669215,-0.0130924022809277,0.0375081027002113,0,0,0,0,0,0,0,0,0,-0.221346331044696,0.60592931463357,0.144264532546316
13.5250766060452,0.590680172045853,0.058158771940923,-0.00211680667058721,-0.198436697589279,-0.0127173465186245,0.0374744952977994,0,0,0,0,0,0,0,0,0,-0.215277542362428,0.607336969362437,0.137093555304914
13.5350803609313,0.591261871697261,0.058137437418497,-0.00214859487342568,-0.198562044265151,-0.0123426389932235,0.0374384758347092,0,0,0,0,0,0,0,0,0,-0.209195030695124,0.608672215281047,0.129789431116715
13.5450841158174,0.591843356322815,0.0581157819159011,-0.00218098048525424,-0.198683644301767,-0.0119683040039298,0.0374000103487074,0,0,0,0,0,0,0,0,0,-0.203099527067091,0.60993373267384,0.122354687954294
13.5550878707036,0.592424622681426,0.0580937994002481,-0.00221397483640003,-0.19880150154885,-0.0115943661917037,0.0373590644762745,0,0,0,0,0,0,0,0,0,-0.196991775578224,0.611120227895974,0.114792008832425
13.5650916255897,0.593005667471085,0.058071483724591,-0.00224758940004126,-0.198915620104353,-0.0112208505432865,0.0373156034502781,0,0,0,0,0,0,0,0,0,-0.190872533135439,0.612230434912332,0.107104229177885
13.5750953804758,0.593586487327715,0.0580488286264901,-0.00228183579303066,-0.199026004317936,-0.0108477823952501,0.0372695920976462,0,0,0,0,0,0,0,0,0,-0.184742569168843,0.6132631168079,0.0992943337531531
13.585099135362,0.594167078824005,0.0580258277265715,-0.002316725776719,-0.199132658794488,-0.010475187438069,0.0372209948370403,0,0,0,0,0,0,0,0,0,-0.178602665332941,0.614217067265228,0.0913654532067569
13.5951028902481,0.594747438468238,0.0580024745270774,-0.00235227125777855,-0.199235588397685,-0.010103091720217,0.0371697756765291,0,0,0,0,0,0,0,0,0,-0.172453615193247,0.615091112005781,0.083320860179192
13.6051066451342,0.595327562703095,0.0579787624104081,-0.00238848428902666,-0.199334798253594,-0.00973152165228529,0.0371158982112611,0,0,0,0,0,0,0,0,0,-0.166296223898657,0.615884110189496,0.0751639649139186
13.6151104000203,0.59590744790445,0.0579546846376562,-0.00242537707024918,-0.199430293754315,-0.00936050401112554,0.0370593256211386,0,0,0,0,0,0,0,0,0,-0.160131307840053,0.616594955768318,0.0668983105438013
13.6251141549065,0.596487090380152,0.0579302343471321,-0.00246296194902397,-0.199522080561667,-0.00899006594401544,0.0370000206684906,0,0,0,0,0,0,0,0,0,-0.153959694295598,0.617222578791449,0.0585275679650211
13.6351179097926,0.597066486368786,0.0579054045528813,-0.00250125142154441,-0.199610164610914,-0.00862023497284746,0.036937945695746,0,0,0,0,0,0,0,0,0,-0.147782221063226,0.617765946656324,0.0500555302318618
13.6451216646787,0.597645632038422,0.0578801881431937,-0.00254025813344291,-0.199694552114533,-0.00825103899834123,0.0368730626231073,0,0,0,0,0,0,0,0,0,-0.141599736080905,0.618224065301718,0.0414861065838564
13.6551254195649,0.598224523485354,0.0578545778791045,-0.00257999488061439,-0.199775249566027,-0.00788250630427882,0.0368053329462235,0,0,0,0,0,0,0,0,0,-0.135413097035258,0.618595980339214,0.0328233161164241
13.665129174451,0.598803156732814,0.0578285663928869,-0.00262047461003973,-0.199852263743774,-0.00751466556176396,0.0367347177338635,0,0,0,0,0,0,0,0,0,-0.12922317095919,0.618880778119675,0.0240712810748768
13.6751329293371,0.599381527729678,0.0578021461865364,-0.00266171042060937,-0.199925601714928,-0.00714754583350351,0.0366611776255894,0,0,0,0,0,0,0,0,0,-0.123030833819167,0.61907758673055,0.0154684146161846
13.6851366842232,0.599959632349159,0.0577753096302472,-0.00270371556394672,-0.199995270839356,-0.00678117657811302,0.0365846728294297,0,0,0,0,0,0,0,0,0,-0.116836970092893,0.61919026257627,0.00840986906212137
13.6951404391094,0.60053746639181,0.0577480508267662,-0.00274590179067412,-0.200061278761353,-0.00641558238113674,0.0365068636402153,0,0,0,0,0,0,0,0,0,-0.110642378589786,0.619245847267994,0.0041805160366407
13.7051441939955,0.601115025643007,0.0577203729600795,-0.00278749536678412,-0.200123633247447,-0.00605076217319169,0.0364299373801593,0,0,0,0,0,0,0,0,0,-0.10444740275225,0.619273904291726,0.00175358940167774
13.7151479488816,0.601692305940173,0.0576922819366243,-0.00282850396457868,-0.200182341996284,-0.00568670717405676,0.0363538744881589,0,0,0,0,0,0,0,0,0,-0.0982522498979665,0.619280932225085,-0.000378903237399677
13.7251517037677,0.602269303179275,0.0576637835534497,-0.00286893854994926,-0.200237412620107,-0.00532340889142479,0.0362786460975986,0,0,0,0,0,0,0,0,0,-0.0920571334489847,0.619266323381501,-0.002571775962299
13.7351554586539,0.602846013313727,0.057634883498388,-0.00290880999221341,-0.200288852647645,-0.00496085912039741,0.0362042236147236,0,0,0,0,0,0,0,0,0,-0.085862272881282,0.619229477392387,-0.00482416894902615
13.74515921354,0.6034224323533,0.0576055873510191,-0.00294812906443704,-0.200336669526971,-0.00459904994076021,0.0361305787177297,0,0,0,0,0,0,0,0,0,-0.0796678936287875,0.61916980377411,-0.00713506522090798
13.7551629684261,0.603998556363045,0.0575759005836318,-0.00298690644375668,-0.200380870628341,-0.00423797371426673,0.0360576833558525,0,0,0,0,0,0,0,0,0,-0.0734742269815856,0.619086722505254,-0.0095033905901071
13.7651667233123,0.604574381462223,0.0575458285621822,-0.00302515271170187,-0.200421463246998,-0.00387762308193142,0.035985509748457,0,0,0,0,0,0,0,0,0,-0.0672815099783897,0.618979664594009,-0.0119280146456158
13.7751704781984,0.605149903823247,0.057515376547248,-0.00306287835451738,-0.200458454605954,-0.00351799096133214,0.0359140303841264,0,0,0,0,0,0,0,0,0,-0.0610899852933932,0.618848072635668,-0.0144077517483307
13.7851742330845,0.605725119670632,0.0574845496949805,-0.00310009376348551,-0.20049185185874,-0.00315907054392154,0.0358432180197521,0,0,0,0,0,0,0,0,0,-0.0548999011175897,0.618691401360108,-0.0169413621489381
13.7951779879706,0.606300025279956,0.0574533530580528,-0.00313680923524846,-0.200521662092138,-0.00280085529234724,0.0357730456796228,0,0,0,0,0,0,0,0,0,-0.0487115110346701,0.618509118166918,-0.0195275532257092
13.8051817428568,0.606874616976829,0.0574217915866047,-0.00317303497213055,-0.200547892328875,-0.0024433389377816,0.0357034866545138,0,0,0,0,0,0,0,0,0,-0.0425250738916356,0.618300703648117,-0.0221649807407284
13.8151854977429,0.607448891135873,0.0573898701291852,-0.00320878108246057,-0.200570549530298,-0.00208651547726041,0.0356345145007766,0,0,0,0,0,0,0,0,0,-0.0363408536642376,0.618065652098146,-0.0248522501898395
13.825189252629,0.608022844179707,0.0573575934336908,-0.00324405758089405,-0.200589640599021,-0.00173037917103063,0.0355661030394279,0,0,0,0,0,0,0,0,0,-0.0301591193173861,0.617803472009581,-0.0275879182493836
13.8351930075152,0.608596472577949,0.0573249661483007,-0.00327887438873557,-0.200605172381546,-0.00137492453990733,0.0354982263552396,0,0,0,0,0,0,0,0,0,-0.0239801446606721,0.617513686554175,-0.0303704942836604
13.8451967624013,0.609169772846223,0.0572919928224099,-0.00331324133426106,-0.200617151670854,-0.00102014636263971,0.0354308587958273,0,0,0,0,0,0,0,0,0,-0.0178042081991516,0.617195834048412,-0.0331984419308244
13.8552005172874,0.609742741545169,0.0572586779075574,-0.00334716815304009,-0.200625585208972,-0.000666039673286194,0.0353639749707406,0,0,0,0,0,0,0,0,0,-0.0116315929795528,0.61684946840282,-0.036070180760514
13.8652042721735,0.610315375279479,0.0572250257583524,-0.00338066448825819,-0.200630479689515,-0.000312599758598711,0.0352975497505517,0,0,0,0,0,0,0,0,0,-0.00546258643207122,0.616474159554359,-0.0389840880011206
13.8752080270597,0.610887670696922,0.0571910406333967,-0.00341373989103913,-0.200631841760203,4.0177844584004e-05,0.0352315582659454,0,0,0,0,0,0,0,0,0,0.000702519792074398,0.616069493881175,-0.0419385003351335
13.8852117819458,0.611459624487395,0.0571567266962042,-0.00344640382076721,-0.200629678025346,0.000392297351933927,0.0351659759068079,0,0,0,0,0,0,0,0,0,0.00686342998714526,0.61563507459907,-0.044931715761158
13.8952155368319,0.612031233381974,0.057122088016117,-0.00347866564540959,-0.200623995048309,0.000743762734222252,0.0351007783213165,0,0,0,0,0,0,0,0,0,0.01301984456326,0.615170522139,-0.0479619955052833
13.9052192917181,0.612602494151975,0.0570871285692182,-0.00351053464183856,-0.200614799353949,0.00109457771989841,0.0350359414150292,0,0,0,0,0,0,0,0,0,0.0191714602204463,0.614675474505301,-0.0510275660122179
13.9152230466042,0.613173403608029,0.0570518522392417,-0.00354201999615385,-0.200602097431025,0.00144474579766088,0.0349714413499735,0,0,0,0,0,0,0,0,0,0.0253179701261909,0.614149587613356,-0.0541266209926518
13.9252268014903,0.613743958599159,0.0570162628184786,-0.00357313080400494,-0.200585895734585,0.00179427021901772,0.0349072545437362,0,0,0,0,0,0,0,0,0,0.0314590640962475,0.613592535606852,-0.0572573234852272
13.9352305563764,0.614314156011873,0.0569803640086804,-0.00360387607091333,-0.200566200688325,0.00214315400083884,0.0348433576685525,0,0,0,0,0,0,0,0,0,0.0375944287785284,0.613004011154192,-0.0604178080000566
13.9452343112626,0.61488399276926,0.056944159421959,-0.00363426471259488,-0.200543018686925,0.00249139992789882,0.0347797276503957,0,0,0,0,0,0,0,0,0,0.0437237478398472,0.612383725722872,-0.0636061827236843
13.9552380661487,0.615453465830101,0.0569076525816836,-0.00366430555528206,-0.200516356098356,0.00283901055541079,0.0347163416680662,0,0,0,0,0,0,0,0,0,0.0498467021552994,0.611731409831772,-0.0668205317204823
13.9652418210348,0.61602257218798,0.0568708469233741,-0.0036940073360463,-0.200486219266166,0.00318598821155081,0.0346531771522814,0,0,0,0,0,0,0,0,0,0.0559629700000523,0.611046813281487,-0.0700589171853399
13.975245575921,0.616591308870418,0.0568337457955915,-0.00372337870312023,-0.200452614511736,0.0035323349999738,0.0345902117847643,0,0,0,0,0,0,0,0,0,0.0620722272433346,0.610329705361553,-0.0733193817528826
13.9852493308071,0.617159672938,0.0567963524608252,-0.00375242821622004,-0.200415548136518,0.00387805280231972,0.0345274234973337,0,0,0,0,0,0,0,0,0,0.0681741475443718,0.609579875034571,-0.0765999508184374
13.9952530856932,0.617727661483522,0.0567586700963765,-0.00378116434686775,-0.200375026424238,0.00422314328071117,0.0344647904709929,0,0,0,0,0,0,0,0,0,0.0742684025500595,0.608797131096998,-0.0798986348785481
14.0052568405793,0.618295271631142,0.0567207017952394,-0.0038095954787135,-0.200331055643082,0.00456760788024126,0.0344022911350194,0,0,0,0,0,0,0,0,0,0.0803546620941164,0.607981302316448,-0.0832134318894521
14.0152605954655,0.618862500535544,0.0566824505669784,-0.00383772990785786,-0.200283642047857,0.00491144783145307,0.0343399041660544,0,0,0,0,0,0,0,0,0,0.0864325943975048,0.607132237545287,-0.0865423296436474
14.0252643503516,0.619429345381102,0.0566439193386022,-0.00386557584317413,-0.200232791882122,0.00525466415280931,0.0342776084871919,0,0,0,0,0,0,0,0,0,0.0925018662698555,0.606249805810389,-0.0898833081576912
14.0352681052377,0.619995803381063,0.0566051109554349,-0.00389314140663063,-0.200178511380296,0.00559725765315359,0.0342153832670681,0,0,0,0,0,0,0,0,0,0.0985621433116845,0.60533389637896,-0.0932343420830092
14.0452718601238,0.620561871776733,0.0565660281819838,-0.00392043463361301,-0.200120806769749,0.00593922893416201,0.0341532079189509,0,0,0,0,0,0,0,0,0,0.104613090117135,0.604384418800054,-0.0965934030952595
14.05527561501,0.621127547836674,0.0565266737028039,-0.00394746347324654,-0.200059684272854,0.00628057839278585,0.0340910620998294,0,0,0,0,0,0,0,0,0,0.110654370477026,0.603401302922596,-0.0999584622603111
14.0652793698961,0.621692828855906,0.0564870501233593,-0.00397423578871843,-0.199995150109028,0.0066213062236851,0.0340289257095027,0,0,0,0,0,0,0,0,0,0.116685647581951,0.602384498889561,-0.103327492449994
14.0752831247822,0.622257712155122,0.056447159970881,-0.0040007593576001,-0.199927210496744,0.00696141242165324,0.0339667788896701,0,0,0,0,0,0,0,0,0,0.122706584225214,0.60133397710766,-0.106698470708575
14.0852868796684,0.622822195079907,0.0564070056952223,-0.00402704187216947,-0.199855871655515,0.00730089678403195,0.0339046020230197,0,0,0,0,0,0,0,0,0,0.128716843005322,0.600249728194174,-0.110069380565205
14.0952906345545,0.623386274999974,0.0563665896697098,-0.00405309093973332,-0.19978113980786,0.00763975891311798,0.0338423757323184,0,0,0,0,0,0,0,0,0,0.134716086527853,0.599131762900375,-0.113438214400215
14.1052943894406,0.623949949308395,0.0563259141919923,-0.00407891408294952,-0.19970302118124,0.00797799821855999,0.0337800808795007,0,0,0,0,0,0,0,0,0,0.140703977606421,0.597980112011015,-0.116802975747229
14.1152981443267,0.624513215420856,0.0562849814848858,-0.00410451874014936,-0.199621522009979,0.00831561391974659,0.0337176985647587,0,0,0,0,0,0,0,0,0,0.146680179462528,0.596794826221684,-0.120161681541345
14.1253018992129,0.625076070774906,0.0562437936972156,-0.00412991226565986,-0.199536648537149,0.00865260504818532,0.0336552101256307,0,0,0,0,0,0,0,0,0,0.152644355924083,0.595575975993325,-0.123512364365921
14.135305654099,0.625638512829224,0.0562023529046548,-0.00415510193012604,-0.199448407016441,0.00898897044987237,0.0335925971360915,0,0,0,0,0,0,0,0,0,0.158596171622336,0.594323651384638,-0.126853074645025
14.1453094089851,0.626200539062892,0.05616066111056,-0.00418009492083325,-0.199356803714008,0.00932470878765335,0.0335298414056408,0,0,0,0,0,0,0,0,0,0.164535292187044,0.593037961862724,-0.130181882792671
14.1553131638713,0.626762146974674,0.0561187202468037,-0.00420489834202943,-0.199261844910288,0.00965981854357483,0.0334669249783935,0,0,0,0,0,0,0,0,0,0.170461384439623,0.591719036092493,-0.133496881312832
14.1653169187574,0.627323334082306,0.0560765321746031,-0.00422951921524745,-0.199163536901797,0.0099942980212268,0.0334038301321683,0,0,0,0,0,0,0,0,0,0.176374116584094,0.590367021705292,-0.136796186853741
14.1753206736435,0.627884097921795,0.0560340986853461,-0.00425396447962738,-0.199061886002903,0.0103281453480761,0.0333405393775775,0,0,0,0,0,0,0,0,0,0.182273158395609,0.58898208504721,-0.140077942190771
14.1853244285296,0.62844443604672,0.0559914215014141,-0.00427824099223881,-0.198956898547581,0.0106613584777906,0.0332770354571164,0,0,0,0,0,0,0,0,0,0.188158181406361,0.587564410908032,-0.143340318166754
14.1953281834158,0.62900434602755,0.055948502277001,-0.00430235552840314,-0.198848580891134,0.0109939351925544,0.0332133013442523,0,0,0,0,0,0,0,0,0,0.194028859088683,0.58611420223073,-0.146581515589327
14.2053319383019,0.629563825450964,0.0559053425989297,-0.00432631478201586,-0.198736939411901,0.0113258731053738,0.0331493202425143,0,0,0,0,0,0,0,0,0,0.199884867035151,0.584631679802447,-0.149799766990866
14.215335693188,0.630122871919183,0.055861943987465,-0.00435012536586886,-0.198621980512936,0.0116571696623742,0.0330850755845825,0,0,0,0,0,0,0,0,0,0.205725883135501,0.583117081928778,-0.152993338376013
14.2253394480742,0.630681483049304,0.055818307897123,-0.00437379381197278,-0.198503710623667,0.0119878221450883,0.0330205510313773,0,0,0,0,0,0,0,0,0,0.21155158775021,0.581570664089799,-0.156160530933655
14.2353432029603,0.631239656472653,0.0557744357174783,-0.00439732657187922,-0.198382136201529,0.0123178276727341,0.0329557304711488,0,0,0,0,0,0,0,0,0,0.217361663880535,0.579992698580083,-0.159299682584953
14.2453469578464,0.631797389834131,0.0557303287739666,-0.00442073001700309,-0.19825726373358,0.012647183204485,0.0328905980185664,0,0,0,0,0,0,0,0,0,0.223155797334888,0.578383474133763,-0.162409169501661
14.2553507127325,0.632354680791584,0.0556859883286851,-0.00444401043894492,-0.198129099738089,0.0129758855417303,0.0328251380138077,0,0,0,0,0,0,0,0,0,0.228933676891378,0.576743295534174,-0.165487407571116
14.2653544676187,0.63291152701517,0.0556414155811891,-0.00446717404981312,-0.197997650766101,0.0133039313303265,0.0327593350216484,0,0,0,0,0,0,0,0,0,0.234694994456371,0.575072483209599,-0.168532853734533
14.2753582225048,0.633467926186737,0.0555966116692859,-0.00449022698254631,-0.197862923402984,0.0136313170628391,0.0326931738305513,0,0,0,0,0,0,0,0,0,0.240439445218949,0.573371372816134,-0.171544007260838
14.2853619773909,0.634023875999208,0.0555515776698252,-0.0045131752912356,-0.197724924269953,0.0139580390807766,0.032626639451756,0,0,0,0,0,0,0,0,0,0.246166727801122,0.571640314807955,-0.17451941095357
14.295365732277,0.63457937415598,0.0555063145994857,-0.00453602495144691,-0.197583660025566,0.0142840935768138,0.0325597171183678,0,0,0,0,0,0,0,0,0,0.251876544403685,0.569879673996032,-0.177457652262423
14.3053694871632,0.635134418370321,0.0554608234155597,-0.00455878186054324,-0.197439137367205,0.0146094765970075,0.0324923922844475,0,0,0,0,0,0,0,0,0,0.257568600947608,0.568089829096153,-0.180357364306133
14.3153732420493,0.635689006364783,0.0554151050167336,-0.004581451838007,-0.197291363032528,0.0149341840430014,0.0324246506241007,0,0,0,0,0,0,0,0,0,0.263242607210845,0.566271172267179,-0.183217226805935
14.3253769969354,0.636243135870617,0.055369160243865,-0.00460404062576229,-0.197140343800908,0.0152582116742236,0.0323564780305668,0,0,0,0,0,0,0,0,0,0.26889827696049,0.564424108640388,-0.18603596693812
14.3353807518216,0.636796804627201,0.0553229898807578,-0.00462655388849718,-0.196986086494841,0.0155815551100738,0.0322878606153092,0,0,0,0,0,0,0,0,0,0.274535328080165,0.562549055840673,-0.188812360102252
14.3453845067077,0.637350010381469,0.0552765946549322,-0.00464899721398606,-0.196828597981336,0.0159042098321019,0.0322187847071036,0,0,0,0,0,0,0,0,0,0.280153482692596,0.560646443500519,-0.191545230617559
14.3553882615938,0.637902750887359,0.0552299752383935,-0.00467137611341189,-0.196667885173285,0.0162261711861775,0.0321492368511282,0,0,0,0,0,0,0,0,0,0.285752467277282,0.558716712767264,-0.194233452301472
14.3653920164799,0.638455023905254,0.0551831322483958,-0.00469369602168854,-0.196503955030807,0.0165474343846499,0.0320792038080528,0,0,0,0,0,0,0,0,0,0.29133201278321,0.556760315805499,-0.196875948978274
14.3753957713661,0.639006827201442,0.0551360662482042,-0.00471596229778305,-0.196336814562576,0.0168679945084998,0.032008672553128,0,0,0,0,0,0,0,0,0,0.296891854736565,0.554777715294159,-0.199471694931584
14.3853995262522,0.639558158547579,0.0550887777478523,-0.00473818022503796,-0.196166470827122,0.0171878465094806,0.031937630275275,0,0,0,0,0,0,0,0,0,0.302431733343388,0.552769383919867,-0.202019715207368
14.3954032811383,0.64010901572016,0.0550412672048974,-0.00476035501149357,-0.195992930934113,0.017506985212252,0.0318660643761744,0,0,0,0,0,0,0,0,0,0.307951393587146,0.550735803867959,-0.204519085873115
14.4054070360245,0.640659396499997,0.0549935350251722,-0.0047824917902103,-0.195816202045619,0.0178254053165035,0.0317939624693561,0,0,0,0,0,0,0,0,0,0.313450585321207,0.548677466310647,-0.206968934227255
14.4154107909106,0.641209298671709,0.0549455815635331,-0.00480459561959092,-0.195636291377347,0.0181431013990694,0.0317213123792884,0,0,0,0,0,0,0,0,0,0.318929063356173,0.546594870893854,-0.209368438873053
14.4254145457967,0.64175872002321,0.0548974071246058,-0.00482667148370291,-0.195453206199863,0.0184600679160341,0.0316481021404675,0,0,0,0,0,0,0,0,0,0.324386587542081,0.544488525223893,-0.2117168297283
14.4354183006828,0.642307658345215,0.0548490119635268,-0.00484872429260072,-0.195266953839788,0.0187762992048288,0.0315743199965066,0,0,0,0,0,0,0,0,0,0.329822922845471,0.542358944354113,-0.214013387976534
14.445422055569,0.642856111430746,0.0548003962866828,-0.00487075888264806,-0.195077541680975,0.0190917894863188,0.0314999543992257,0,0,0,0,0,0,0,0,0,0.335237839421316,0.540206650272559,-0.216257445924612
14.4554258104551,0.643404077074649,0.0547515602524455,-0.00489278001684025,-0.194884977165663,0.0194065328668821,0.0314249940077406,0,0,0,0,0,0,0,0,0,0.340631112679837,0.538032171391454,-0.218448386792469
14.4654295653412,0.643951553073118,0.0547025039719049,-0.00491479238512648,-0.194689267795615,0.0197205233404782,0.0313494276875526,0,0,0,0,0,0,0,0,0,0.346002523348219,0.535836042039075,-0.220585644439386
14.4754333202274,0.644498537223224,0.0546532275095976,-0.0049368006047321,-0.19449042113323,0.0200337547907082,0.0312732445096375,0,0,0,0,0,0,0,0,0,0.351351857527261,0.533618801954713,-0.222668703002137
14.4854370751135,0.645045027322454,0.0546037308842331,-0.00495880922048094,-0.194288444802638,0.0203462209928662,0.0311964337495353,0,0,0,0,0,0,0,0,0,0.356678906742988,0.531380995787783,-0.224697096484118
14.4954408299996,0.645591021168256,0.0545540140694164,-0.00498082270511762,-0.194083346490771,0.0206579156159804,0.0311189848864394,0,0,0,0,0,0,0,0,0,0.361983467993277,0.529123172601009,-0.226670408297433
14.5054445848857,0.646136516557592,0.0545040769943674,-0.00500284545962983,-0.19387513394842,0.0209688322248468,0.0310408876022859,0,0,0,0,0,0,0,0,0,0.36726534378953,0.526845885378691,-0.228588270688056
14.5154483397719,0.646681511286496,0.0544539195446374,-0.00502488181357061,-0.193663814991263,0.0212789642820518,0.0309621317808433,0,0,0,0,0,0,0,0,0,0.372524342193464,0.524549690541395,-0.230450364126113
14.525452094658,0.647226003149641,0.0544035415628215,-0.00504693602538069,-0.19344939750088,0.0215883051499876,0.0308827075068016,0,0,0,0,0,0,0,0,0,0.377760276849071,0.522235147466418,-0.232256416694356
14.5354558495441,0.647769989939915,0.0543529428492691,-0.00506901228271077,-0.193231889425746,0.0218968480928572,0.0308026050648616,0,0,0,0,0,0,0,0,0,0.382972967009814,0.519902818014713,-0.234006203365272
14.5454596044303,0.648313469448,0.0543021231627899,-0.0050911147027438,-0.193011298782201,0.0222045862786707,0.0307218149388247,0,0,0,0,0,0,0,0,0,0.388162237561124,0.517553266065819,-0.235699545207471
14.5554633593164,0.64885643946196,0.0542510822213576,-0.00511324733251733,-0.192787633655403,0.0225115127812326,0.0306403278106816,0,0,0,0,0,0,0,0,0,0.393327919038289,0.515187057060659,-0.237336308607866
14.5654671142025,0.649398897766836,0.0541998197028096,-0.00513541414924575,-0.192560902200263,0.0228176205821197,0.0305581345597024,0,0,0,0,0,0,0,0,0,0.398469847639805,0.512804757552036,-0.238916404415609
14.5754708690886,0.649940842144249,0.0541483352455444,-0.00515761906064261,-0.192331112642352,0.0231229025726504,0.0304752262615253,0,0,0,0,0,0,0,0,0,0.403587865236271,0.510406934764561,-0.240439787026464
14.5854746239748,0.650482270372008,0.0540966284492147,-0.00517986590524295,-0.192098273278801,0.0234273515558444,0.0303915941872467,0,0,0,0,0,0,0,0,0,0.408681819374934,0.507994156163465,-0.241906453476425
14.5954783788609,0.651023180223727,0.0540446988754185,-0.00520215845272554,-0.191862392479172,0.0237309602483732,0.0303072298025099,0,0,0,0,0,0,0,0,0,0.41375156327996,0.50556698903266,-0.243316442454895
14.605482133747,0.651563569468444,0.0539925460483855,-0.00522450040423525,-0.191623478686307,0.0240337212825023,0.0302221247665947,0,0,0,0,0,0,0,0,0,0.418796955848535,0.503126000063298,-0.244669833297109
14.6154858886331,0.652103435870257,0.0539401694556618,-0.00524689539270529,-0.191381540417172,0.0243356272080234,0.0301362709315071,0,0,0,0,0,0,0,0,0,0.423817861642903,0.500671754951991,-0.245966744975421
14.6254896435193,0.652642777187955,0.0538875685487902,-0.00526934698317952,-0.191136586263664,0.0246366704941776,0.0300496603410681,0,0,0,0,0,0,0,0,0,0.42881415087843,0.498204818009552,-0.247207335006661
14.6354933984054,0.653181591174663,0.0538347427439881,-0.00529185867313477,-0.190888624893413,0.0249368435315702,0.0299622852300036,0,0,0,0,0,0,0,0,0,0.433785699407814,0.495725751781072,-0.248391798363996
14.6454971532915,0.653719875577492,0.0537816914228214,-0.00531443389280312,-0.190637665050557,0.0252361386340756,0.0298741380230333,0,0,0,0,0,0,0,0,0,0.438732388701549,0.493235116676436,-0.249520366398461
14.6555009081777,0.654257628137198,0.053728413932876,-0.00533707600549422,-0.190383715556498,0.0255345480407336,0.0297852113339606,0,0,0,0,0,0,0,0,0,0.443654105824738,0.490733470611978,-0.250593305696265
14.6655046630638,0.65479484658784,0.0536749095884252,-0.00535978830791757,-0.190126785310645,0.025832063917636,0.0296954979647615,0,0,0,0,0,0,0,0,0,0.448550743410391,0.488221368663856,-0.25161091691659
14.6755084179499,0.655331528656456,0.053621177671095,-0.0053825740305048,-0.189866883291131,0.0261286783598051,0.0296049909046742,0,0,0,0,0,0,0,0,0,0.453422199629304,0.485699362732963,-0.252573533660424
14.685512172836,0.655867672062735,0.0535672174305247,-0.00540543633773203,-0.189604018555519,0.026424383393062,0.0295136833292884,0,0,0,0,0,0,0,0,0,0.458268378156649,0.483168001220932,-0.253481521296955
14.6955159277222,0.656403274518703,0.0535130280850259,-0.00542837832844211,-0.189338200241478,0.0267191709758862,0.0294215685996348,0,0,0,0,0,0,0,0,0,0.463089188135373,0.480627828718528,-0.254335275751712
14.7055196826083,0.656938333728414,0.0534586088222368,-0.00545140303616694,-0.189069437567455,0.0270130330012665,0.0293286402612743,0,0,0,0,0,0,0,0,0,0.467884544136553,0.4780793857059,-0.255135222354872
14.7155234374944,0.657472847387641,0.0534039587997743,-0.00547451342944977,-0.188797739833316,0.0273059612985423,0.0292348920433875,0,0,0,0,0,0,0,0,0,0.472654366116798,0.475523208264016,-0.255881814652287
14.7255271923806,0.658006813183586,0.0533490771458826,-0.00549771241216751,-0.188523116420974,0.0275979476352359,0.0291403178578641,0,0,0,0,0,0,0,0,0,0.47739857937283,0.472959827798702,-0.256575533189856
14.7355309472667,0.658540228794584,0.0532939629600781,-0.005521002823853,-0.188245576795003,0.0278889837188757,0.029044911798392,0,0,0,0,0,0,0,0,0,0.482117114493365,0.470389770776398,-0.257216884346016
14.7455347021528,0.659073091889821,0.0532386153137918,-0.00554438744001734,-0.18796513050322,0.0281790611988104,0.0289486681395469,0,0,0,0,0,0,0,0,0,0.486809907308408,0.46781355847156,-0.257806399124628
14.7555384570389,0.659605400129057,0.0531830332510081,-0.00556786897247215,-0.187681787177268,0.0284681716680136,0.028851581335882,0,0,0,0,0,0,0,0,0,0.491476898836079,0.465231706726562,-0.258344631968849
14.7655422119251,0.660137151162353,0.0531272157889004,-0.00559145006965193,-0.187395556533163,0.0287563066648805,0.0287536460210165,0,0,0,0,0,0,0,0,0,0.496118035227103,0.462644725722833,-0.25883215960507
14.7755459668112,0.660668342629805,0.0530711619184633,-0.0056151333169363,-0.187106448371838,0.0290434576750141,0.028654857006726,0,0,0,0,0,0,0,0,0,0.500733267707062,0.460053119763889,-0.259269579853581
14.7855497216973,0.661198972161291,0.0530148706051421,-0.00563892123697232,-0.186814472579654,0.0293296161330028,0.0285552092820308,0,0,0,0,0,0,0,0,0,0.505322552516537,0.457457387070263,-0.259657510472519
14.7955534765835,0.661729037376209,0.0529583407894586,-0.0056628162899968,-0.186519639128911,0.0296147734241893,0.0284546980122865,0,0,0,0,0,0,0,0,0,0.509885850849261,0.454858019585671,-0.2599965880018
14.8055572314696,0.66225853588324,0.0529015713876338,-0.00568682087415858,-0.186221958078322,0.0298989208864299,0.0283533185382721,0,0,0,0,0,0,0,0,0,0.514423128788386,0.452255502795064,-0.260287466636745
14.8155609863557,0.662787465280104,0.0528445612922072,-0.00571093732584084,-0.185921439573488,0.0301820498118449,0.0282510663752803,0,0,0,0,0,0,0,0,0,0.51893435724099,0.44965031555334,-0.260530817108389
14.8255647412418,0.663315823153324,0.0527873093726537,-0.0057351679199834,-0.185618093847342,0.0304641514485596,0.0281479372122067,0,0,0,0,0,0,0,0,0,0.523419511870918,0.447042929925794,-0.260727325549603
14.835568496128,0.663843607078003,0.052729814475996,-0.005759514870405,-0.18531193122058,0.0307452170024366,0.0280439269106387,0,0,0,0,0,0,0,0,0,0.527878573030098,0.444433811039512,-0.260877692442107
14.8455722510141,0.664370814617599,0.0526720754274146,-0.00578398033012565,-0.185002962102077,0.0310252376387993,0.0279390315039454,0,0,0,0,0,0,0,0,0,0.532311525688412,0.441823416944895,-0.260982631543128
14.8555760059002,0.664897443323711,0.0526140910308547,-0.00580856639168887,-0.184691196989286,0.0313042044841448,0.0278332471963667,0,0,0,0,0,0,0,0,0,0.536718359362235,0.439212198488524,-0.261042868798762
14.8655797607863,0.665423490735869,0.0525558600696292,-0.00583327508748399,-0.184376646468613,0.0315821086278494,0.0277265703621028,0,0,0,0,0,0,0,0,0,0.541099068041765,0.436600599196426,-0.261059141344691
14.8755835156725,0.665948954381331,0.052497381307019,-0.00585810839006852,-0.184059321215783,0.0318589411238642,0.0276189975444035,0,0,0,0,0,0,0,0,0,0.54545365011723,0.433989055166933,-0.261032196491635
14.8855872705586,0.666473831774885,0.0524386534868702,-0.00588306821249035,-0.183739231996184,0.0321346929924014,0.0275105254546577,0,0,0,0,0,0,0,0,0,0.54978210830407,0.431377994974246,-0.260962790721088
14.8955910254447,0.66699812041866,0.0523796753341872,-0.00590815640861014,-0.1834163896652,0.0324093552216121,0.0274011509714825,0,0,0,0,0,0,0,0,0,0.554084449567213,0.428767839581386,-0.260851688737342
14.9055947803309,0.667521817801936,0.0523204455557238,-0.00593337477342355,-0.183090805168519,0.0326829187692545,0.0272908711398129,0,0,0,0,0,0,0,0,0,0.558360685044523,0.426159002262724,-0.260699662525333
14.915598535217,0.668044921400968,0.0522609628405701,-0.00595872504338358,-0.18276248954243,0.0329553745643531,0.0271796831699909,0,0,0,0,0,0,0,0,0,0.56261082996952,0.423551888535786,-0.260507490430963
14.9256022901031,0.668567428678811,0.0522012258607366,-0.00598420889672285,-0.182431453914105,0.0332267135088491,0.0270675844368551,0,0,0,0,0,0,0,0,0,0.566834903593461,0.420946896102181,-0.260275956263323
14.9356060449892,0.669089337085152,0.052141233271735,-0.00600982795377591,-0.182097709501856,0.0334969264792409,0.0269545724788298,0,0,0,0,0,0,0,0,0,0.571032929106885,0.418344414797365,-0.260005848428265
14.9456097998754,0.669610644056147,0.0520809837131561,-0.00603558377730152,-0.181761267615387,0.0337660043282164,0.0268406449970148,0,0,0,0,0,0,0,0,0,0.575204933560688,0.415744826548909,-0.259697959086362
14.9556135547615,0.670131347014269,0.0520204758092434,-0.00606147787280498,-0.181422139656022,0.0340339378862761,0.0267257998542742,0,0,0,0,0,0,0,0,0,0.579350947786827,0.413148505343109,-0.259353083345836
14.9656173096476,0.670651443368149,0.0519597081694653,-0.00608751168886039,-0.181080337116917,0.034300717963346,0.0266100350743263,0,0,0,0,0,0,0,0,0,0.583471006318733,0.410555817199402,-0.25897201846963
14.9756210645338,0.671170930512439,0.0518986793890819,-0.00611368661743299,-0.180735871583262,0.0345663353503829,0.0264933488408328,0,0,0,0,0,0,0,0,0,0.587565147311501,0.407967120152837,-0.258555563094663
14.9856248194199,0.671689805827669,0.0518373880497106,-0.00614000399420142,-0.180388754732457,0.0348307808209696,0.0263757394964879,0,0,0,0,0,0,0,0,0,0.59163341246195,0.405382764244115,-0.258104516514883
14.995628574306,0.672208066680114,0.0517758327198871,-0.00616646509888007,-0.180038998334283,0.0350940451329012,0.0262572055421081,0,0,0,0,0,0,0,0,0,0.595675846928619,0.402803091516402,-0.257619677971273
15.0056323291921,0.672725710421667,0.0517140119556236,-0.00619307115554129,-0.179686614251051,0.0353561190297625,0.0261377456357213,0,0,0,0,0,0,0,0,0,0.599692499251759,0.400228436019579,-0.257101845939333
15.0156360840783,0.673242734389712,0.0516519243009642,-0.00621982333293779,-0.179331614437734,0.035616993242496,0.0260173585916564,0,0,0,0,0,0,0,0,0,0.603683421273416,0.397659123821306,-0.256551817494515
15.0256398389644,0.673759135907013,0.0515895682885362,-0.00624672274482489,-0.178974010942086,0.0358766584909612,0.0258960433796321,0,0,0,0,0,0,0,0,0,0.607648668057641,0.395095473023967,-0.255970387682638
15.0356435938505,0.674274912281601,0.051526942440099,-0.00627377045028281,-0.17861381590475,0.0361351054854843,0.0257737991238473,0,0,0,0,0,0,0,0,0,0.611588297810917,0.392537793788338,-0.255358348894204
15.0456473487367,0.674790060806664,0.0514640452670894,-0.00630096745403897,-0.178251041559338,0.0363923249283991,0.0256506251020694,0,0,0,0,0,0,0,0,0,0.615502371802841,0.389986388363039,-0.25471649030531
15.0556511036228,0.675304578760452,0.0514008752711636,-0.00632831470679034,-0.17788570023251,0.0366483075155787,0.0255265207447242,0,0,0,0,0,0,0,0,0,0.619390954287137,0.387441551119399,-0.254045597298291
15.0656548585089,0.675818463406177,0.0513374309447363,-0.00635581310552566,-0.177517804344026,0.0369030439379578,0.0254014856339856,0,0,0,0,0,0,0,0,0,0.623254112423041,0.384903568592495,-0.253346450939854
15.075658613395,0.676331711991928,0.0512737107715161,-0.0063834634938478,-0.177147366406791,0.0371565248830472,0.0252755195028641,0,0,0,0,0,0,0,0,0,0.627091916197128,0.382372719526453,-0.252619827510969
15.0856623682812,0.676844321750581,0.0512097132270381,-0.00641126666229602,-0.176774399026881,0.0374087410364368,0.025148622234297,0,0,0,0,0,0,0,0,0,0.630904438345611,0.379849274924903,-0.251866497979139
15.0956661231673,0.677356289899726,0.0511454367791933,-0.00643922334866832,-0.176398914903553,0.0376596830832918,0.0250207938602372,0,0,0,0,0,0,0,0,0,0.634691754277173,0.377333498106832,-0.251087227550049
15.1056698780534,0.677867613641588,0.0510808798887541,-0.00646733423834365,-0.176020926829246,0.0379093417098387,0.024892034560743,0,0,0,0,0,0,0,0,0,0.638453941996383,0.374825644766007,-0.250282775266256
15.1156736329396,0.678378290162962,0.0510160410098977,-0.00649559996460433,-0.175640447689557,0.0381577076048423,0.0247623446630671,0,0,0,0,0,0,0,0,0,0.642191082027721,0.372325963034865,-0.249453893578568
15.1256773878257,0.678888316635147,0.0509509185907251,-0.00652402110895822,-0.175257490463215,0.0384047714610733,0.0246317246407464,0,0,0,0,0,0,0,0,0,0.645903257340267,0.369834693552506,-0.248601327947523
15.1356811427118,0.679397690213889,0.0508855110737778,-0.00655259820146112,-0.174872068222026,0.0386505239767676,0.024500175112691,0,0,0,0,0,0,0,0,0,0.649590553273092,0.367352069536559,-0.247725816504475
15.1456848975979,0.679906408039329,0.0508198168965507,-0.00658133172103901,-0.174484194130818,0.0388949558570761,0.0243676968422736,0,0,0,0,0,0,0,0,0,0.653253057461379,0.364878316857953,-0.246828089717397
15.1556886524841,0.680414467235953,0.050753834492002,-0.0066102220958104,-0.174093881447363,0.0391380578155048,0.024234290736419,0,0,0,0,0,0,0,0,0,0.656890859763312,0.362413654119471,-0.24590887003974
15.1656924073702,0.68092186491255,0.0506875622890602,-0.00663926970340855,-0.17370114352228,0.0393798205753467,0.0240999578446937,0,0,0,0,0,0,0,0,0,0.660504052187773,0.359958292737549,-0.24496887163561
15.1756961622563,0.681428598162176,0.0506209987131267,-0.00666847487130387,-0.173305993798941,0.0396202348711041,0.0239646993583947,0,0,0,0,0,0,0,0,0,0.664092728822863,0.357512437026323,-0.244008800106837
15.1856999171425,0.681934664062116,0.050554142186577,-0.00669783787712611,-0.172908445813342,0.0398592914499018,0.0238285166096395,0,0,0,0,0,0,0,0,0,0.66765698576528,0.355076284284895,-0.243029352213961
15.1957036720286,0.682440059673864,0.050486991129257,-0.00672735894898677,-0.172508513193974,0.0400969810728913,0.0236914110704549,0,0,0,0,0,0,0,0,0,0.671196921050589,0.352650024886957,-0.242031215661866
15.2057074269147,0.682944782043093,0.050419543958977,-0.0067570382658013,-0.172106209661676,0.0403332945166461,0.0235533843518667,0,0,0,0,0,0,0,0,0,0.674712634584392,0.350233842372349,-0.241015068873718
15.2157111818008,0.683448828199641,0.0503517990920022,-0.00678687595761145,-0.171701549029474,0.0405682225745473,0.0234144382029892,0,0,0,0,0,0,0,0,0,0.678204228074429,0.347827913541205,-0.239981580782964
15.225714936687,0.683952195157497,0.05028375494354,-0.0068168721059076,-0.171294545202402,0.0408017560581607,0.0232745745101141,0,0,0,0,0,0,0,0,0,0.681671804963631,0.345432408549672,-0.238931410670527
15.2357186915731,0.684454879914794,0.0502154099282242,-0.00684702674395097,-0.170885212177318,0.0410338857986045,0.0231337952958004,0,0,0,0,0,0,0,0,0,0.68511547036414,0.343047491007316,-0.237865207980928
15.2457224464592,0.684956879453801,0.0501467624605956,-0.006877339857096,-0.1704735640427,0.0412646026479076,0.0229921027179635,0,0,0,0,0,0,0,0,0,0.688535330992308,0.340673318076514,-0.236783612171688
15.2557262013453,0.685458190740932,0.0500778109555798,-0.00690781138311259,-0.17005961497843,0.0414938974803598,0.0228494990689645,0,0,0,0,0,0,0,0,0,0.691931495104703,0.33831004057288,-0.235687252602654
15.2657299562315,0.685958810726747,0.0500085538289617,-0.00693844121250846,-0.169643379255564,0.0417217611938515,0.0227059867746998,0,0,0,0,0,0,0,0,0,0.695304072435122,0.33595780306687,-0.23457674840843
15.2757337111176,0.686458736345962,0.0499389894978567,-0.00696922918885139,-0.169224871236088,0.0419481847112054,0.0225615683936902,0,0,0,0,0,0,0,0,0,0.698653174132629,0.333616743986755,-0.233452708390493
15.2857374660037,0.68695796451747,0.0498691163811782,-0.00700017510909156,-0.168804105372666,0.0421731589814987,0.0224162466161706,0,0,0,0,0,0,0,0,0,0.701978912700626,0.331286995722388,-0.232315730939526
15.2957412208899,0.687456492144356,0.049798932900103,-0.00703127872388381,-0.168381096208369,0.0423966749813759,0.022270024263179,0,0,0,0,0,0,0,0,0,0.705281401936966,0.328968684729733,-0.231166403959979
15.305744975776,0.687954316113924,0.0497284374785325,-0.00706253973791001,-0.167955858376388,0.042618723716353,0.0221229042856464,0,0,0,0,0,0,0,0,0,0.708560756875122,0.326661931636141,-0.230005304808503
15.3157487306621,0.688451433297729,0.0496576285435507,-0.00709395781020125,-0.167528406599748,0.0428392962221124,0.0219748897634855,0,0,0,0,0,0,0,0,0,0.7118170937264,0.324366851346106,-0.228833000250131
15.3257524855482,0.688947840551606,0.0495865045258799,-0.00712553255446024,-0.16709875569099,0.0430583835657883,0.0218259839046806,0,0,0,0,0,0,0,0,0,0.715050529823225,0.322083553147422,-0.227650046423056
15.3357562404344,0.689443534715713,0.0495150638603321,-0.00715726353938356,-0.166666920551859,0.0432759768472439,0.0216761900443768,0,0,0,0,0,0,0,0,0,0.71826118356348,0.319812140817643,-0.226456988812262
15.3457599953205,0.689938512614571,0.0494433049862576,-0.00718915028898396,-0.166232916172962,0.0434920672003384,0.0215255116439694,0,0,0,0,0,0,0,0,0,0.72144917435592,0.317552712730765,-0.225254362249014
15.3557637502066,0.690432771057116,0.0493712263479907,-0.00722119228291268,-0.165796757633426,0.0437066457941858,0.0213739522901929,0,0,0,0,0,0,0,0,0,0.724614622566648,0.315305361963702,-0.224042690894949
15.3657675050928,0.690926306836746,0.0492988263952916,-0.00725338895678172,-0.165358460100541,0.0439197038344038,0.0212215156942113,0,0,0,0,0,0,0,0,0,0.727757649466654,0.313070176403281,-0.222822488253632
15.3757712599789,0.69141911673138,0.0492261035837855,-0.00728573970248616,-0.164918038829384,0.0441312325643545,0.0210682056907064,0,0,0,0,0,0,0,0,0,0.730878377180439,0.310847238852489,-0.221594257215068
15.385775014865,0.691911197503519,0.0491530563753981,-0.00731824386852646,-0.164475509162437,0.0443412232663753,0.0209140262369678,0,0,0,0,0,0,0,0,0,0.733976928635674,0.308636627136575,-0.220358490053962
15.3957787697511,0.692402545900311,0.0490796832387884,-0.00735090076033074,-0.164030886529193,0.0445496672630005,0.0207589814119823,0,0,0,0,0,0,0,0,0,0.73705342751395,0.306438414209335,-0.219115668472084
15.4057825246373,0.69289315865362,0.0490059826497778,-0.00738370964057711,-0.163584186445745,0.0447565559181748,0.0206030754155228,0,0,0,0,0,0,0,0,0,0.740107998202562,0.304252668258365,-0.217866263656934
15.4157862795234,0.693383032480099,0.0489319530917761,-0.00741666972951592,-0.163135424514367,0.0449618806384567,0.0204463125672383,0,0,0,0,0,0,0,0,0,0.743140765747364,0.302079452810174,-0.216610736328084
15.4257900344095,0.693872164081273,0.0488575930562045,-0.00744978020529212,-0.16268461642308,0.0451656328742131,0.0202886973057428,0,0,0,0,0,0,0,0,0,0.74615185580666,0.299918826834506,-0.215349536799594
15.4357937892957,0.694360550143612,0.0487829010429151,-0.00748304020426749,-0.162231777945214,0.045367804120805,0.0201302341877047,0,0,0,0,0,0,0,0,0,0.749141394606139,0.297770844848205,-0.214083105038516
15.4457975441818,0.694848187338626,0.0487078755606072,-0.00751644882134301,-0.161776924938941,0.045568385919764,0.0199709278869366,0,0,0,0,0,0,0,0,0,0.752109508894853,0.295635557018373,-0.212811870753373
15.4558012990679,0.695335072322952,0.0486325151272406,-0.00755000511028112,-0.161320073346819,0.0457673698599594,0.0198107831934841,0,0,0,0,0,0,0,0,0,0.755056325902211,0.293513009264455,-0.211536253476537
15.465805053954,0.69582120173845,0.0485568182704452,-0.00758370808402802,-0.160861239195305,0.0459647475787567,0.0196498050127155,0,0,0,0,0,0,0,0,0,0.757981973295996,0.291403243359754,-0.210256662636062
15.4758088088402,0.696306572212298,0.0484807835279285,-0.00761755671503595,-0.160400438594266,0.0461605107631663,0.0194879983644113,0,0,0,0,0,0,0,0,0,0.760886579141398,0.289306297032082,-0.208973497656629
15.4858125637263,0.696791180357101,0.0484044094478779,-0.00765154993558555,-0.159937687736477,0.0463546511509838,0.0193253683818531,0,0,0,0,0,0,0,0,0,0.763770271861041,0.287222204063247,-0.207687148057731
15.4958163186124,0.697275022770991,0.0483276945893621,-0.00768568663810809,-0.15947300289711,0.046547160531921,0.0191619203109136,0,0,0,0,0,0,0,0,0,0.766633180196002,0.285150994387745,-0.206397993549366
15.5058200734985,0.697758096037744,0.0482506375227274,-0.00771996567550782,-0.159006400433202,0.0467380307487273,0.0189976595091454,0,0,0,0,0,0,0,0,0,0.769475433167822,0.283092694190334,-0.205106404148237
15.5158238283847,0.698240396726893,0.0481732368299916,-0.00775438586148423,-0.158537896783127,0.0469272536983026,0.0188325914448706,0,0,0,0,0,0,0,0,0,0.77229716004147,0.281047326002396,-0.20381274028148
15.5258275832708,0.698721921393842,0.0480954911052351,-0.00778894597085437,-0.158067508466043,0.0471148213328009,0.0186667216962704,0,0,0,0,0,0,0,0,0,0.775098490289281,0.279014908797442,-0.202517352897603
15.5358313381569,0.699202666579995,0.0480173989549876,-0.00782364473987518,-0.157595252081337,0.0473007256607244,0.018500055950474,0,0,0,0,0,0,0,0,0,0.77787955355584,0.276995458085246,-0.201220583597959
15.5458350930431,0.699682628812881,0.0479389589986124,-0.00785848086656571,-0.157121144308052,0.0474849587480096,0.0183326000026483,0,0,0,0,0,0,0,0,0,0.780640479623792,0.274988986004727,-0.199922764742401
15.5558388479292,0.700161804606282,0.0478601698686877,-0.00789345301102948,-0.156645201904313,0.0476675127191024,0.0181643597550875,0,0,0,0,0,0,0,0,0,0.783381398380592,0.272995501415966,-0.198624219571041
15.5658426028153,0.700640190460366,0.0477810302113838,-0.00792855979577676,-0.156167441706731,0.0478483797580263,0.0179953412163017,0,0,0,0,0,0,0,0,0,0.786102439786154,0.271015009990652,-0.197325262344873
15.5758463577014,0.701117782861831,0.0477015386868378,-0.00796379980604688,-0.155687880629804,0.0480275521094399,0.0178255505001071,0,0,0,0,0,0,0,0,0,0.788803733841408,0.269047514301288,-0.1960261984678
15.5858501125876,0.701594578284042,0.0476216939695249,-0.00799917159013052,-0.155206535665305,0.0482050220796855,0.0176549938247149,0,0,0,0,0,0,0,0,0,0.791485410557738,0.26709301390919,-0.194727324615044
15.5958538674737,0.702070573187174,0.0475414947486263,-0.008034673659692,-0.15472342388166,0.0483807820378298,0.0174836775118207,0,0,0,0,0,0,0,0,0,0.794147599927298,0.265151505451127,-0.19342892886295
15.6058576223598,0.702545764018368,0.0474609397283938,-0.00807030449009158,-0.154238562423315,0.0485548244166934,0.0173116079856943,0,0,0,0,0,0,0,0,0,0.79679043189418,0.263222982724727,-0.192131290827381
15.615861377246,0.703020147211876,0.0473800276285118,-0.0081060625207078,-0.153751968510092,0.0487271417138736,0.0171387917722683,0,0,0,0,0,0,0,0,0,0.799414036326445,0.261307436772342,-0.190834681798498
15.6258651321321,0.703493719189224,0.0472987571844553,-0.00814194615525971,-0.153263659436538,0.0488977264927557,0.0169652354982283,0,0,0,0,0,0,0,0,0,0.802018542988966,0.259404855963758,-0.189539364875572
15.6358688870182,0.703966476359366,0.0472171271478452,-0.00817795376212922,-0.152773652571259,0.0490665713835172,0.0167909458901016,0,0,0,0,0,0,0,0,0,0.80460408151711,0.257515226077367,-0.188245595106772
15.6458726419043,0.704438415118851,0.0471351362867999,-0.00821408367468339,-0.152281965356252,0.0492336690841217,0.0166159297733471,0,0,0,0,0,0,0,0,0,0.807170781391214,0.255638530380075,-0.186953619617463
15.6558763967905,0.704909531851988,0.0470527833862845,-0.00825033419159671,-0.151788615306216,0.0493990123613039,0.0164401940714443,0,0,0,0,0,0,0,0,0,0.809718771911855,0.253774749705912,-0.185663677765174
15.6658801516766,0.705379822931016,0.0469700672484557,-0.00828670357717342,-0.151293620007863,0.0495625940515461,0.0162637458049828,0,0,0,0,0,0,0,0,0,0.812248182175907,0.251923862532835,-0.184376001270716
15.6758839065627,0.705849284716281,0.0468869866930044,-0.00832319006166978,-0.150796997119213,0.0497244070620445,0.0160865920907518,0,0,0,0,0,0,0,0,0,0.814759141053346,0.250085845058718,-0.183090814345288
15.6858876614489,0.706317913556408,0.0468035405574943,-0.00835979184161643,-0.150298764368883,0.0498844443716674,0.0159087401408292,0,0,0,0,0,0,0,0,0,0.817251777164822,0.248260671275612,-0.181808333851282
15.695891416335,0.706785705788486,0.0467197276976982,-0.0083965070801406,-0.149798939555367,0.0500426990319038,0.0157301972616713,0,0,0,0,0,0,0,0,0,0.819726218859959,0.246448313042511,-0.180528769428983
15.7058951712211,0.707252657738248,0.0466355469879302,-0.00843333390728849,-0.149297540546301,0.050199164167803,0.0155509708532019,0,0,0,0,0,0,0,0,0,0.822182594196376,0.244648740157088,-0.179252323634096
15.7158989261072,0.707718765720262,0.0465509973213749,-0.00847027042034753,-0.148794585277727,0.0503538329789049,0.0153710684079018,0,0,0,0,0,0,0,0,0,0.824621030919422,0.242861920425703,-0.177979192086703
15.7259026809934,0.708184026038117,0.0464660776104138,-0.00850731468416868,-0.148290091753337,0.0505066987401617,0.015190497509898,0,0,0,0,0,0,0,0,0,0.827041656442603,0.241087819732155,-0.176709563598557
15.7359064358795,0.708648434984622,0.0463807867869481,-0.00854446473148872,-0.147784078043721,0.0506577548028498,0.0150092658340536,0,0,0,0,0,0,0,0,0,0.829444597828685,0.239326402105153,-0.175443620312876
15.7459101907656,0.709111988841998,0.0462951238027183,-0.00858171856325257,-0.147276562285594,0.0508069945954732,0.0148273811450564,0,0,0,0,0,0,0,0,0,0.83182998177148,0.237577629784265,-0.174181537846883
15.7559139456518,0.70957468388208,0.0462090876296205,-0.00861907414893559,-0.146767562681021,0.0509544116246573,0.0146448512965089,0,0,0,0,0,0,0,0,0,0.834197934578264,0.235841463284535,-0.172923485424118
15.7659177005379,0.710036516366522,0.04612267726002,-0.00865652942686588,-0.146257097496632,0.0510999994760342,0.0144616842300173,0,0,0,0,0,0,0,0,0,0.836548582152849,0.234117861459789,-0.171669626010605
15.775921455424,0.710497482547,0.0460358917070606,-0.00869408230454655,-0.145745185062823,0.0512437518151181,0.0142778879742811,0,0,0,0,0,0,0,0,0,0.83888204997928,0.232406781564528,-0.170420116451312
15.7859252103101,0.710957578665422,0.0459487300049723,-0.00873173065897803,-0.145231843772958,0.0513856623881721,0.0140934706441824,0,0,0,0,0,0,0,0,0,0.84119846310614,0.230708179314501,-0.169175107597451
15.7959289651963,0.711416800954144,0.0458611912093737,-0.00876947233698039,-0.144717092082553,0.0515257250230661,0.0139084404398753,0,0,0,0,0,0,0,0,0,0.843497946131454,0.22902200894605,-0.167934744437384
15.8059327200824,0.711875145636181,0.0457732743975735,-0.00880730515551562,-0.144200948508459,0.0516639336301248,0.0137228056458752,0,0,0,0,0,0,0,0,0,0.845780623188189,0.227348223274069,-0.166699166237246
15.8159364749685,0.712332608925429,0.0456849786688664,-0.00884522690200995,-0.143683431628027,0.0518002822029675,0.013536574630148,0,0,0,0,0,0,0,0,0,0.848046617930315,0.225686773748531,-0.16546850666879
15.8259402298546,0.712789187026882,0.0455963031448281,-0.00888323533467611,-0.143164560078277,0.0519347648193382,0.0133497558432001,0,0,0,0,0,0,0,0,0,0.850296053519432,0.224037610509892,-0.164242893925887
15.8359439847408,0.713244876136861,0.0455072469696048,-0.00892132818283565,-0.142644352555049,0.0520673756419267,0.0131623578171669,0,0,0,0,0,0,0,0,0,0.852529052611945,0.222400682443286,-0.1630224508618
15.8459477396269,0.713699672443241,0.0454178093102017,-0.00895950314724129,-0.14212282781215,0.0521981089191806,0.012974389164903,0,0,0,0,0,0,0,0,0,0.854745737346773,0.220775937231177,-0.161807295120932
15.855951494513,0.714153572125675,0.0453279893567664,-0.00899775790039909,-0.14160000466049,0.0523269589861086,0.0127858585790709,0,0,0,0,0,0,0,0,0,0.856946229333577,0.219163321404931,-0.160597539243664
15.8659552493992,0.714606571355836,0.04523778632287,-0.0090360900868909,-0.141075901967216,0.0524539202650737,0.012596774831231,0,0,0,0,0,0,0,0,0,0.859130649641502,0.21756278039536,-0.159393290797532
15.8759590042853,0.715058666297645,0.0451471994457852,-0.00907449732369654,-0.140550538654832,0.0525789872665786,0.0124071467709304,0,0,0,0,0,0,0,0,0,0.861299118788416,0.215974258581668,-0.15819465250648
15.8859627591714,0.715509853107514,0.0450562279867605,-0.00911297720051617,-0.140023933700313,0.0527021545900409,0.0122169833247926,0,0,0,0,0,0,0,0,0,0.86345175673063,0.214397699339418,-0.1570017223593
15.8959665140575,0.715960127934585,0.0449648712312915,-0.00915152728009255,-0.139496106134211,0.0528234169245595,0.0120262934956067,0,0,0,0,0,0,0,0,0,0.865588682853099,0.212833045087303,-0.155814593734155
15.9059702689437,0.716409486920975,0.0448731284893891,-0.00919014509853339,-0.138967075039756,0.0529427690496725,0.0118350863614171,0,0,0,0,0,0,0,0,0,0.867710015960074,0.211280237332621,-0.15463335550509
15.9159740238298,0.716857926202022,0.0447809990958441,-0.00922882816563355,-0.138436859551949,0.0530602058361048,0.0116433710746125,0,0,0,0,0,0,0,0,0,0.869815874266216,0.209739216715918,-0.153458092162123
15.9259777787159,0.717305441906536,0.0446884824104891,-0.00926757396519746,-0.13790547885664,0.053175722246508,0.0114511568610152,0,0,0,0,0,0,0,0,0,0.871906375388143,0.208209923054056,-0.152288883930576
15.9359815336021,0.717752030157047,0.0445955778184568,-0.00930637995536133,-0.137372952189611,0.0532893133361896,0.0112584530189711,0,0,0,0,0,0,0,0,0,0.8739816363364,0.206692295382471,-0.151125806858372
15.9459852884882,0.718197687070062,0.044502284730435,-0.00934524356891548,-0.136839298835642,0.0534009742538349,0.0110652689184385,0,0,0,0,0,0,0,0,0,0.876041773507858,0.205186271996497,-0.149968932954021
15.9559890433743,0.718642408756324,0.0444086025829188,-0.00938416221362667,-0.136304538127576,0.0535107002422181,0.0108716140000773,0,0,0,0,0,0,0,0,0,0.878086902678503,0.203691790490858,-0.148818330286397
15.9659927982604,0.719086191321065,0.0443145308384591,-0.00942313327256032,-0.13576868944537,0.0536184866389054,0.0106774977743393,0,0,0,0,0,0,0,0,0,0.880117138996632,0.202208787799001,-0.147674063065467
15.9759965531466,0.719529030864276,0.0442200689859081,-0.00946215410440289,-0.135231772215147,0.0537243288769484,0.0104829298205565,0,0,0,0,0,0,0,0,0,0.882132596976428,0.200737200230967,-0.146536191768869
15.9860003080327,0.719970923480963,0.0441252165406619,-0.00950122204378412,-0.134693805908238,0.0538282224855688,0.0102879197860313,0,0,0,0,0,0,0,0,0,0.884133390491908,0.199276963510196,-0.145404773244988
15.9960040629188,0.720411865261422,0.0440299730448991,-0.00954033440159937,-0.13415481004021,0.0539301630908338,0.0100924773851252,0,0,0,0,0,0,0,0,0,0.886119632771243,0.197828012809336,-0.144279860802225
16.006007817805,0.7208518522915,0.0439343380678168,-0.00957948846533191,-0.133614804169905,0.0540301464163222,0.00989661239834879,0,0,0,0,0,0,0,0,0,0.888091436391417,0.196390282785256,-0.143161504312168
16.0160115726911,0.721290880652875,0.0438383112058634,-0.0096186814993752,-0.133073807898449,0.0541281682837818,0.00970033467145051,0,0,0,0,0,0,0,0,0,0.890048913273245,0.194963707612799,-0.142049750304379
16.0260153275772,0.72172894642332,0.0437418920829676,-0.00965791074535517,-0.132531840868276,0.0542242246137773,0.00950365411450679,0,0,0,0,0,0,0,0,0,0.891992174676715,0.193548221017895,-0.140944642052616
16.0360190824633,0.722166045676989,0.0436450803507648,-0.00969717342245261,-0.13198892276213,0.0543183114263294,0.00930658070101054,0,0,0,0,0,0,0,0,0,0.893921331196664,0.192143756309584,-0.139846219690397
16.0460228373495,0.722602174484688,0.0435478756888199,-0.00973646672772538,-0.131445073302073,0.0544104248415446,0.0091091244669612,0,0,0,0,0,0,0,0,0,0.895836492758757,0.190750246410826,-0.138754520280769
16.0560265922356,0.723037328914159,0.0434502778048473,-0.00977578783643072,-0.130900312248475,0.0545005610802358,0.00891129550995383,0,0,0,0,0,0,0,0,0,0.897737768615789,0.189367623889122,-0.137669577910006
16.0660303471217,0.723471505030361,0.0433522864349267,-0.00981513390234761,-0.130354659399005,0.0545887164645341,0.00871310398826845,0,0,0,0,0,0,0,0,0,0.899625267344268,0.187995820985449,-0.136591423776645
16.0760341020078,0.723904698895755,0.0432539013437173,-0.00985450205809893,-0.129808134587619,0.0546748874184914,0.00851456011995979,0,0,0,0,0,0,0,0,0,0.901499096841298,0.186634769643105,-0.135520086275776
16.086037856894,0.724336906570594,0.0431551223246669,-0.009893889415474,-0.129260757683528,0.0547590704686737,0.00831567418194585,0,0,0,0,0,0,0,0,0,0.903359364321745,0.185284401534949,-0.134455591088666
16.0960416117801,0.724768124113208,0.0430559492002193,-0.00993329306575057,-0.128712548590181,0.0548412622447453,0.00811645650909838,0,0,0,0,0,0,0,0,0,0.905206176315656,0.183944648090463,-0.133397961250229
16.1060453666662,0.725198347580295,0.0429563818220176,-0.00997271008001743,-0.128163527244221,0.0549214594800441,0.00791691749333112,0,0,0,0,0,0,0,0,0,0.90703963866597,0.182615440521636,-0.132347217255228
16.1160491215524,0.72562757302722,0.0428564200711049,-0.0100121375094965,-0.12761371361445,0.0549996590121477,0.00771706758269005,0,0,0,0,0,0,0,0,0,0.908859856526458,0.181296709847898,-0.131303377109565
16.1260528764385,0.726055796508301,0.0427560638581208,-0.0100515723858651,-0.127063127700784,0.0550758577834305,0.00751691728044234,0,0,0,0,0,0,0,0,0,0.910666934359929,0.179988386920986,-0.130266456418568
16.1360566313246,0.726483014077115,0.0426553131234959,-0.0100910117215784,-0.126511789533196,0.0551500528416113,0.00731647714416573,0,0,0,0,0,0,0,0,0,0.912460975936672,0.178690402448107,-0.129236468462988
16.1460603862107,0.72690922178679,0.0425541678376425,-0.0101304525101918,-0.12595971917067,0.0552222413402921,0.00711575778483828,0,0,0,0,0,0,0,0,0,0.914242084333118,0.177402687015281,-0.128213424268494
16.1560641410969,0.727334415690311,0.0424526280011412,-0.0101698917266829,-0.125406936700126,0.055292420539488,0.00691476986592693,0,0,0,0,0,0,0,0,0,0.916010361930754,0.17612517110912,-0.12719733269079
16.166067895983,0.727758591840818,0.0423506936449265,-0.010209326327774,-0.124853462235366,0.0553605878061474,0.006713524102478,0,0,0,0,0,0,0,0,0,0.917765910415224,0.174857785138465,-0.12618820045999
16.1760716508691,0.728181746291916,0.0422483648304665,-0.0102487532522546,-0.124299315915991,0.0554267406146637,0.00651203126020543,0,0,0,0,0,0,0,0,0,0.919508830775667,0.173600459455274,-0.125186032281845
16.1860754057553,0.728603875097975,0.0421456416499415,-0.0102881694213031,-0.123744517906329,0.0554908765473775,0.00631030215458088,0,0,0,0,0,0,0,0,0,0.921239223304244,0.172353124374236,-0.124190830880741
16.1960791606414,0.729024974314445,0.0420425242264184,-0.0103275717388097,-0.123189088394354,0.0555529932950698,0.00610834764992313,0,0,0,0,0,0,0,0,0,0.922957187595864,0.171115710192803,-0.123202597064037
16.2060829155275,0.729445039998159,0.0419390127140217,-0.0103669570916986,-0.122633047590593,0.0556130886574461,0.00590617865848675,0,0,0,0,0,0,0,0,0,0.924662822548113,0.16988814720951,-0.122221329808597
16.2160866704136,0.729864068207651,0.0418351072981022,-0.01040632235025,-0.122076415727041,0.0556711605436113,0.00570380613955246,0,0,0,0,0,0,0,0,0,0.926356226361349,0.168670365742279,-0.121247026302951
16.2260904252998,0.730282055003464,0.0417308081954011,-0.0104456643684226,-0.121519213056056,0.0557272069725359,0.00550124109851546,0,0,0,0,0,0,0,0,0,0.928037496538991,0.167462296145897,-0.120279682014963
16.2360941801859,0.730698996448467,0.0416261156542126,-0.010484979984176,-0.120961459849267,0.0557812260735124,0.00529849458597591,0,0,0,0,0,0,0,0,0,0.929706729887972,0.166263868828961,-0.119319290750079
16.246097935072,0.731114888608173,0.0415210299545416,-0.0105242660197926,-0.12040317639646,0.055833216086603,0.00509557769682711,0,0,0,0,0,0,0,0,0,0.93136402251936,0.165075014270196,-0.118365844718719
16.2561016899582,0.731529727551053,0.0414155514082592,-0.0105635192822005,-0.119844383004473,0.0558831753630784,0.00489250156934608,0,0,0,0,0,0,0,0,0,0.933009469849138,0.16389566303405,-0.11741933457178
16.2661054448443,0.73194350934886,0.0413096803592547,-0.0106027365632953,-0.11928509999608,0.0559311023658472,0.00468927738428203,0,0,0,0,0,0,0,0,0,0.934643166599144,0.162725745786299,-0.116479749476622
16.2761091997304,0.732356230076946,0.0412034171835843,-0.0106419146402625,-0.118725347708869,0.0559769956698759,0.00448591636394586,0,0,0,0,0,0,0,0,0,0.936265206798155,0.161565193308126,-0.115547077171163
16.2861129546165,0.732767885814589,0.0410967622896168,-0.0106810502759001,-0.118165146494124,0.0560208539626005,0.00428242977130027,0,0,0,0,0,0,0,0,0,0.937875683783113,0.160413936510642,-0.114621303993544
16.2961167095027,0.733178472645312,0.0409897161181755,-0.0107201402189405,-0.117604516715694,0.0560626760443282,0.00407882890904795,0,0,0,0,0,0,0,0,0,0.939474690200498,0.159271906448367,-0.113702414960627
16.3061204643888,0.733587986657212,0.0408822791426781,-0.010759181204373,-0.117043478748862,0.056102460828631,0.00387512511872214,0,0,0,0,0,0,0,0,0,0.941062318007824,0.158139034332188,-0.112790393801268
16.3161242192749,0.733996423943286,0.0407744518692716,-0.010798169953766,-0.116482052979215,0.056140207342729,0.00367132977977511,0,0,0,0,0,0,0,0,0,0.942638658475274,0.157015251542171,-0.111885223009853
16.3261279741611,0.734403780601757,0.0406662348369657,-0.0108371031755896,-0.115920259801498,0.0561759147278655,0.00346745430866797,0,0,0,0,0,0,0,0,0,0.944203802187448,0.155900489639447,-0.110986883892885
16.3361317290472,0.734810052736407,0.0405576286177616,-0.0108759775655373,-0.115358119618476,0.0562095822396726,0.00326351015796002,0,0,0,0,0,0,0,0,0,0.945757839045235,0.154794680378092,-0.110095356620025
16.3461354839333,0.735215236456904,0.0404486338167789,-0.010914789806849,-0.114795652839786,0.0562412092485278,0.00305950881539778,0,0,0,0,0,0,0,0,0,0.947300858267806,0.153697755715992,-0.109210620267071
16.3561392388194,0.735619327879137,0.040339251072378,-0.0109535365706328,-0.114232879880791,0.0562707952399014,0.00285546180300509,0,0,0,0,0,0,0,0,0,0.948832948394697,0.152609647825864,-0.108332652849247
16.3661429937056,0.736022323125546,0.0402294810562801,-0.0109922145161875,-0.113669821161421,0.0562983398146947,0.00265138067617149,0,0,0,0,0,0,0,0,0,0.950354197288022,0.151530289105456,-0.107461431382218
16.3761467485917,0.736424218325461,0.0401193244736838,-0.0110308202913249,-0.113106497105022,0.0563238426895695,0.0024472770227426,0,0,0,0,0,0,0,0,0,0.951864692134767,0.150459612187344,-0.106596931903718
16.3861505034778,0.736825009615431,0.040008782063378,-0.011069350532692,-0.112542928137191,0.0563473036972682,0.00224316246210877,0,0,0,0,0,0,0,0,0,0.95336451944919,0.1493975499487,-0.105739129530139
16.3961542583639,0.737224693139567,0.0398978545978526,-0.0111078018660932,-0.11197913468462,0.0563687227869246,0.00203904864429476,0,0,0,0,0,0,0,0,0,0.954853765075317,0.14834403551996,-0.104887998492292
16.4061580132501,0.737623265049875,0.0397865428834047,-0.0111461709068132,-0.111415137173925,0.0563881000243659,0.0018349472490491,0,0,0,0,0,0,0,0,0,0.956332514189512,0.147299002293873,-0.104043512164551
16.4161617681362,0.738020721506598,0.0396748477602427,-0.0111844542599384,-0.110850956030477,0.0564054355924057,0.0016308699849332,0,0,0,0,0,0,0,0,0,0.957800851303155,0.146262383933588,-0.10320564311892
16.4261655230223,0.738417058678553,0.0395627701025867,-0.0112226485206799,-0.110286611677234,0.0564207297911273,0.00142682858841132,0,0,0,0,0,0,0,0,0,0.959258860265377,0.145234114380619,-0.102374363139175
16.4361692779085,0.738812272743474,0.0394503108187652,-0.0112607502746954,-0.109722124533563,0.0564339830381586,0.00122283482293931,0,0,0,0,0,0,0,0,0,0.96070662426589,0.144214127862652,-0.101549643271357
16.4461730327946,0.739206359888352,0.0393374708513095,-0.0112987560984119,-0.109157515014065,0.0564451958689373,0.00101890047805429,0,0,0,0,0,0,0,0,0,0.962144225837886,0.143202358900499,-0.100731453859535
16.4561767876807,0.739599316309779,0.0392242511770445,-0.0113366625593475,-0.108592803527394,0.0564543689369676,0.000815037368464,0,0,0,0,0,0,0,0,0,0.963571746861002,0.142198742315184,-0.0999197645674481
16.4661805425668,0.73999113821429,0.0391106528071758,-0.0113744662164341,-0.108028010475074,0.0564615030140672,0.00061125733313612,0,0,0,0,0,0,0,0,0,0.96498926856436,0.141203213234474,-0.0991145444206563
16.476184297453,0.740381821818708,0.0389966767873744,-0.0114121636203394,-0.107463156250316,0.0564665989906053,0.000407572234387719,0,0,0,0,0,0,0,0,0,0.966396871529665,0.140215707099115,-0.0983157618326135
16.4861880523391,0.740771363350491,0.0388823241978573,-0.0114497513137895,-0.106898261236831,0.056469657875732,0.00020399395697452,0,0,0,0,0,0,0,0,0,0.967794635694369,0.139236159668841,-0.0975233846371222
16.4961918072252,0.741159759048075,0.0387675961534659,-0.0114872258318911,-0.106333345807637,0.056470680797598,5.34407180362295e-07,0,0,0,0,0,0,0,0,0,0.96918264035489,0.138264507027964,-0.0967373801177225
16.5061955621114,0.741547005161222,0.03865249380374,-0.0115245837024535,-0.105768430323873,0.0564696690035653,-0.00020279448809344,0,0,0,0,0,0,0,0,0,0.970560964169887,0.137300685590793,-0.0959577150346015
16.5161993169975,0.741933097951368,0.0385370183329898,-0.0115618214463112,-0.105203535133601,0.0564666238604092,-0.00040598078223876,0,0,0,0,0,0,0,0,0,0.971929685163586,0.136344632106686,-0.0951843556567628
16.5262030718836,0.742318033691971,0.0384211709603636,-0.0115989355776465,-0.104638680570612,0.0564615468545106,-0.000609012509851257,0,0,0,0,0,0,0,0,0,0.973288880729156,0.135396283664825,-0.0944172677836635
16.5362068267697,0.742701808668858,0.0383049529399129,-0.0116359226043109,-0.104073886953229,0.0564544395920396,-0.000811877687641016,0,0,0,0,0,0,0,0,0,0.974638627632137,0.134455577698835,-0.0936564167740536
16.5462105816559,0.743084419180579,0.0381883655606542,-0.0116727790281483,-0.103509174583108,0.0564453037991299,-0.00101456431534316,0,0,0,0,0,0,0,0,0,0.9759790020139,0.133522451990983,-0.0929017675720513
16.556214336542,0.743465861538752,0.0380714101466273,-0.0117095013453169,-0.102944563744034,0.056434141322044,-0.00121706037662849,0,0,0,0,0,0,0,0,0,0.977310079395162,0.132596844676277,-0.0921532847301562
16.5662180914281,0.743846132068417,0.0379540880569508,-0.0117460860466115,-0.102380074700724,0.0564209541273294,-0.0014193538400141,0,0,0,0,0,0,0,0,0,0.978631934679531,0.131678694246199,-0.0914109324358802
16.5762218463143,0.744225227108383,0.0378364006858739,-0.0117825296177857,-0.101815727697619,0.0564057443019655,-0.00162143265977402,0,0,0,0,0,0,0,0,0,0.979944642157091,0.130767939552275,-0.0906746745295002
16.5862256012004,0.744603143011587,0.0377183494628252,-0.0118188285398745,-0.101251542957677,0.0563885140535019,-0.00182328477684982,0,0,0,0,0,0,0,0,0,0.981248275508021,0.129864519809454,-0.0899444745317816
16.5962293560865,0.744979876145439,0.0375999358524589,-0.0118549792895165,-0.100687540681173,0.0563692657101866,-0.00202489811976127,0,0,0,0,0,0,0,0,0,0.982542907806248,0.12896837459912,-0.0892202956650683
16.6062331109726,0.745355422892178,0.0374811613546961,-0.0118909783392759,-0.100123741044481,0.0563480017210863,-0.00222626060551694,0,0,0,0,0,0,0,0,0,0.983828611523125,0.128079443872052,-0.0885021008743566
16.6162368658588,0.745729779649224,0.0373620275047649,-0.0119268221579653,-0.0995601641988763,0.0563247246561966,-0.00242736014052489,0,0,0,0,0,0,0,0,0,0.985105458531143,0.127197667951011,-0.0877898528408863
16.6262406207449,0.746102942829533,0.037242535873236,-0.0119625072109675,-0.0989968302693152,0.056299437206544,-0.00262818462150298,0,0,0,0,0,0,0,0,0,0.986373520107663,0.126322987533433,-0.0870835140084861
16.636244375631,0.74647490886195,0.037122688066055,-0.0119980299605581,-0.0984337593532287,0.0562721421842775,-0.00282872193639023,0,0,0,0,0,0,0,0,0,0.987632866938679,0.125455343693484,-0.0863830466096448
16.6462481305172,0.746845674191559,0.0370024857245726,-0.0120333868662278,-0.0978709715193109,0.0562428425227525,-0.00302895996525644,0,0,0,0,0,0,0,0,0,0.988883569122592,0.124594677884233,-0.0856884126657918
16.6562518854033,0.747215235280044,0.0368819305255704,-0.0120685743850046,-0.097308486806303,0.056211541276605,-0.00322888658121381,0,0,0,0,0,0,0,0,0,0.990125696174018,0.123740931939704,-0.0849995740230551
16.6662556402894,0.747583588606041,0.0367610241812837,-0.0121035889717761,-0.0967463252217825,0.0561782416218159,-0.00342848965132684,0,0,0,0,0,0,0,0,0,0.991359317027604,0.122894048076329,-0.0843164923589659
16.6762593951755,0.74795073066549,0.036639768439422,-0.0121384270796118,-0.0961845067409478,0.056142946855768,-0.0036277570375233,0,0,0,0,0,0,0,0,0,0.992584500041858,0.12205396889487,-0.0836391291999601
16.6862631500617,0.748316657971993,0.0365181650831849,-0.0121730851600856,-0.0956230513054034,0.056105660397292,-0.00382667659750487,0,0,0,0,0,0,0,0,0,0.993801313003011,0.121220637381518,-0.0829674459466737
16.6962669049478,0.748681367057167,0.036396215931276,-0.0122075596635976,-0.0950619788219458,0.0560663857867046,-0.00402523618565736,0,0,0,0,0,0,0,0,0,0.995009823128868,0.120393996909312,-0.0823014038752758
16.7062706598339,0.749044854471005,0.0362739228379123,-0.0122418470396971,-0.0945013091613458,0.0560251266858369,-0.00422342365396215,0,0,0,0,0,0,0,0,0,0.996210097072695,0.119573991239213,-0.0816409641655218
16.71627441472,0.749407116782221,0.0361512876928321,-0.0122759437374041,-0.093941062157136,0.0559818868780543,-0.00442122685290577,0,0,0,0,0,0,0,0,0,0.997402200927094,0.118760564520954,-0.0809860879055391
16.7262781696062,0.749768150578614,0.0360283124212976,-0.0123098462055325,-0.0933812576043917,0.0559366702682664,-0.00461863363239159,0,0,0,0,0,0,0,0,0,0.998586200227906,0.117953661294026,-0.0803367361163652
16.7362819244923,0.750127952467422,0.0359049989840963,-0.0123435508930115,-0.0928219152585172,0.0558894808829287,-0.00481563184264973,0,0,0,0,0,0,0,0,0,0.999762159958108,0.117153226488035,-0.0796928697555241
16.7462856793784,0.750486519075672,0.0357813493775377,-0.0123770542492086,-0.0922630548340296,0.0558403228700344,-0.00501220933514759,0,0,0,0,0,0,0,0,0,1.00093014455172,0.116359205423613,-0.0790544497322819
16.7562894342646,0.750843847050543,0.0356573656334472,-0.0124103527242515,-0.0917046960033413,0.0557892004990977,-0.0052083539635014,0,0,0,0,0,0,0,0,0,1.00209021789771,0.115571543812476,-0.0784214369292786
16.7662931891507,0.751199933059716,0.0355330498191576,-0.0124434427693504,-0.0911468583955476,0.0557361181611279,-0.00540405358438559,0,0,0,0,0,0,0,0,0,1.00324244334394,0.114790187757896,-0.0777937922003093
16.7762969440368,0.75155477379173,0.0354084040374956,-0.0124763208371207,-0.0905895615952078,0.0556810803685938,-0.00559929605844461,0,0,0,0,0,0,0,0,0,1.00438688370104,0.114015083754807,-0.077171476396399
16.7863006989229,0.751908365956338,0.035283430426767,-0.0125089833819048,-0.090032825141134,0.0556240917553799,-0.00579406925120245,0,0,0,0,0,0,0,0,0,1.00552360124635,0.113246178689756,-0.076554450363577
16.7963044538091,0.752260706284863,0.0351581311607376,-0.0125414268600946,-0.0894766685251734,0.0555651570767325,-0.00598836103397435,0,0,0,0,0,0,0,0,0,1.00665265772784,0.112483419841048,-0.0759426749703381
16.8063082086952,0.752611791530549,0.0350325084486106,-0.0125736477304539,-0.0889211111909969,0.0555042812091979,-0.00618215928477659,0,0,0,0,0,0,0,0,0,1.00777411436804,0.111726754878155,-0.0753361111018205
16.8163119635813,0.752961618468918,0.0349065645350023,-0.0126056424544407,-0.0883661725328856,0.0554414691505503,-0.00637545188923733,0,0,0,0,0,0,0,0,0,1.00888803186789,0.110976131861975,-0.0747347196714487
16.8263157184675,0.753310183898124,0.034780301699912,-0.0126374074965292,-0.0878118718945168,0.0553767260197112,-0.00656822674150769,0,0,0,0,0,0,0,0,0,1.00999447041075,0.110231499244002,-0.0741384616514474
16.8363194733536,0.753657484639307,0.0346537222586921,-0.0126689393245324,-0.0872582285677552,0.0553100570566596,-0.00676047174517153,0,0,0,0,0,0,0,0,0,1.01109348966623,0.109492805865984,-0.0735472980539779
16.8463232282397,0.754003517536944,0.0345268285620111,-0.0127002344099243,-0.0867052617914397,0.0552414676223331,-0.00695217481415711,0,0,0,0,0,0,0,0,0,1.01218514879411,0.108760000959464,-0.0729611899605377
16.8563269831258,0.754348279459207,0.0343996229958172,-0.0127312892281624,-0.086152990750176,0.05517096319852,-0.00714332387364668,0,0,0,0,0,0,0,0,0,1.01326950644825,0.108033034144853,-0.072380098519745
16.866330738012,0.754691767298309,0.0342721079812955,-0.0127621002590094,-0.085601434573127,0.0550985493877418,-0.00733390686098784,0,0,0,0,0,0,0,0,0,1.01434662078049,0.107311855431013,-0.0718039849578718
16.8763344928981,0.755033977970864,0.034144285974824,-0.0127926639868562,-0.0850506123328058,0.0550242319131275,-0.00752391172660389,0,0,0,0,0,0,0,0,0,1.01541654944447,0.106596415214121,-0.0712328105921628
16.8863382477842,0.755374908418231,0.0340161594679254,-0.0128229769010438,-0.0845005430438706,0.0549480166182776,-0.0077133264349044,0,0,0,0,0,0,0,0,0,1.01647934959957,0.105886664276985,-0.07066653683638
16.8963420026704,0.755714555606872,0.033887730987216,-0.0128530354961858,-0.0839512456619185,0.0548699094671201,-0.00790213896519619,0,0,0,0,0,0,0,0,0,1.01753507791474,0.105182553787796,-0.070105125205236
16.9063457575565,0.756052916528698,0.0337590030943518,-0.0128828362724906,-0.0834027390822853,0.0547899165437566,-0.00809033731259323,0,0,0,0,0,0,0,0,0,1.01858379057235,0.104484035299356,-0.0695485373132928
16.9163495124426,0.756389988201423,0.0336299783859699,-0.0129123757360835,-0.082855042138841,0.0547080440523001,-0.00827790948892826,0,0,0,0,0,0,0,0,0,1.01962554327204,0.103791060747854,-0.0689967349076828
16.9263532673287,0.756725767668911,0.033500659493629,-0.0129416503993293,-0.0823081736027928,0.0546242983167025,-0.0084648435236624,0,0,0,0,0,0,0,0,0,1.02066039123454,0.103103582451437,-0.0684496798503584
16.9363570222149,0.757060252001525,0.0333710490837442,-0.0129706567811547,-0.0817621521814852,0.0545386857805742,-0.00865112746479658,0,0,0,0,0,0,0,0,0,1.02168838920549,0.10242155310934,-0.0679073341303003
16.946360777101,0.757393438296478,0.0332411498575204,-0.01299939140737,-0.081216996517205,0.0544512130069942,-0.00883674937978172,0,0,0,0,0,0,0,0,0,1.02270959145926,0.101744925800217,-0.0673696598746068
16.9563645319871,0.757725323678177,0.0331109645508819,-0.0130278508109922,-0.080672725185987,0.0543618866783103,-0.00902169735642944,0,0,0,0,0,0,0,0,0,1.02372405180271,0.101073653981045,-0.0668366193490499
16.9663682868733,0.758055905298574,0.0329804959343978,-0.0130560315325666,-0.0801293566964208,0.0542707135959315,-0.009205959503823,0,0,0,0,0,0,0,0,0,1.024731823579,0.100407691485447,-0.0663081749774893
16.9763720417594,0.758385180337508,0.0328497468132066,-0.0130839301204896,-0.079586909488463,0.0541777006801104,-0.0093895239532273,0,0,0,0,0,0,0,0,0,1.02573295967132,0.0997469925222028,-0.0657842893191311
16.9863757966455,0.758713146003054,0.0327187200269346,-0.0131115431313307,-0.0790454019322475,0.0540828549697167,-0.00957237885900002,0,0,0,0,0,0,0,0,0,1.02672751250665,0.0990915116740333,-0.0652649250912681
16.9963795515316,0.759039799531865,0.0325874184496133,-0.0131388671301547,-0.0785048523269008,0.0539861836220017,-0.00975451239950215,0,0,0,0,0,0,0,0,0,1.02771553405949,0.0984412038956537,-0.0647500451881422
17.0063833064178,0.759365138189517,0.0324558449895925,-0.0131658986908445,-0.0779652788993589,0.0538876939123539,-0.00993591277800849,0,0,0,0,0,0,0,0,0,1.02869707585558,0.0977960245121775,-0.0642396126593088
17.0163870613039,0.759689159270853,0.0323240025894507,-0.013192634396423,-0.077426699803187,0.0537873932340445,-0.0101165682236183,0,0,0,0,0,0,0,0,0,1.0296721889756,0.0971559292176066,-0.0637335907185143
17.02639081619,0.760011860100322,0.0321918942259021,-0.0132190708393754,-0.076889133117401,0.0536852890979652,-0.0102964669921661,0,0,0,0,0,0,0,0,0,1.03064092405883,0.0965208740730559,-0.0632319427636629
17.0363945710761,0.760333238032324,0.0320595229096996,-0.0132452046219717,-0.0763525968452922,0.0535813891323558,-0.0104755973671322,0,0,0,0,0,0,0,0,0,1.03160333130684,0.0958908155048439,-0.0627346323745968
17.0463983259623,0.760653290451543,0.0319268916855365,-0.0132710323565887,-0.0758171089132559,0.0534757010825235,-0.010653947660553,0,0,0,0,0,0,0,0,0,1.03255946048712,0.0952657103027622,-0.0622416233058919
17.0564020808484,0.760972014773296,0.0317940036319429,-0.0132965506660326,-0.0752826871696203,0.053368232810552,-0.0108315062139322,0,0,0,0,0,0,0,0,0,1.03350936093669,0.0946455156183102,-0.061752879495169
17.0664058357345,0.761289408443863,0.03166086186118,-0.0133217561838613,-0.0747493493834804,0.0532589922950029,-0.011008261399151,0,0,0,0,0,0,0,0,0,1.03445308156575,0.0940301889627977,-0.0612683650730841
17.0764095906207,0.761605468940827,0.031527469519131,-0.0133466455547063,-0.0742171132435346,0.0531479876306066,-0.0111842016193789,0,0,0,0,0,0,0,0,0,1.03539067086125,0.0934196882053803,-0.0607880443649926
17.0864133455068,0.761920193773409,0.0313938297851884,-0.0133712154345956,-0.0736859963569235,0.0530352270279452,-0.0113593153099844,0,0,0,0,0,0,0,0,0,1.03632217689044,0.0928139715711288,-0.0603118818931641
17.0964171003929,0.762233580482803,0.0312599458721391,-0.0133954624912755,-0.0731560162480729,0.0529207188131257,-0.0115335909394455,0,0,0,0,0,0,0,0,0,1.03724764730446,0.0922129976390197,-0.0598398423712386
17.106420855279,0.76254562664251,0.0311258210260447,-0.013419383404533,-0.0726271903575408,0.0528044714274444,-0.01170701701026,0,0,0,0,0,0,0,0,0,1.03816712934183,0.0916167253401159,-0.0593718907097736
17.1164246101652,0.762856329858671,0.0309914585261199,-0.0134429748665184,-0.0720995360408643,0.0526864934270414,-0.0118795820598569,0,0,0,0,0,0,0,0,0,1.039080669832,0.0910251139554466,-0.0589079920378776
17.1264283650513,0.763165687770393,0.0308568616846073,-0.0134662335820671,-0.071573070567415,0.0525667934825474,-0.0120512746615064,0,0,0,0,0,0,0,0,0,1.03998831519882,0.0904381231137541,-0.0584481116843463
17.1364321199374,0.763473698050086,0.0307220338466486,-0.0134891562690224,-0.0710478111192541,0.05244538037872,-0.0122220834252309,0,0,0,0,0,0,0,0,0,1.04089011146399,0.0898557127897521,-0.0579922151754475
17.1464358748236,0.763780358403786,0.030586978390153,-0.0135117396585576,-0.0705237747899931,0.052322263014072,-0.0123919969987152,0,0,0,0,0,0,0,0,0,1.04178610425055,0.0892778433019166,-0.0575402682548919
17.1564396297097,0.764085666571486,0.0304516987256621,-0.013533980495498,-0.0700009785836576,0.0521974504004894,-0.0125610040682175,0,0,0,0,0,0,0,0,0,1.0426763387863,0.0887044753103441,-0.0570922368843826
17.1664433845958,0.764389620327459,0.0303161982962121,-0.0135558755386438,-0.0694794394135547,0.0520709516628417,-0.01272909335948,0,0,0,0,0,0,0,0,0,1.04356085990717,0.0881355698145323,-0.0566480872308599
17.1764471394819,0.764692217480581,0.030180480577192,-0.0135774215610917,-0.068959174101146,0.051942776038582,-0.0128962536386391,0,0,0,0,0,0,0,0,0,1.04443971206064,0.0875710881514931,-0.0562077856737141
17.1864508943681,0.76499345587466,0.030044549076199,-0.013598615350558,-0.0684401993749211,0.0518129328773382,-0.013062473713137,0,0,0,0,0,0,0,0,0,1.04531293930912,0.0870109919933886,-0.0557712988208679
17.1964546492542,0.765293333388752,0.0299084073328909,-0.0136194537097001,-0.0679225318692798,0.0516814316404955,-0.013227742432631,0,0,0,0,0,0,0,0,0,1.04618058533324,0.0864552433453231,-0.0553385934888101
17.2064584041403,0.765591847937481,0.0297720589188347,-0.0136399334564393,-0.0674061881234149,0.0515482819007694,-0.0133920486899051,0,0,0,0,0,0,0,0,0,1.04704269343522,0.0859038045433783,-0.054909636715908
17.2164621590265,0.765888997471362,0.0296355074373525,-0.0136600514242832,-0.0668911845802015,0.0514134933417698,-0.0135553814217806,0,0,0,0,0,0,0,0,0,1.04789930654212,0.0853566382521386,-0.0544843957624059
17.2264659139126,0.766184779977112,0.029498756523364,-0.0136798044626472,-0.0663775375850889,0.0512770757575559,-0.0137177296100259,0,0,0,0,0,0,0,0,0,1.04875046720917,0.0848137074627265,-0.0540628381093171
17.2364696687987,0.76647919347797,0.0293618098432254,-0.013699189437178,-0.0658652633849985,0.0511390390521819,-0.0138790822822683,0,0,0,0,0,0,0,0,0,1.049596217623,0.0842749754903505,-0.0536449314628604
17.2464734236848,0.766772236034009,0.0292246710945662,-0.0137182032300748,-0.0653543781272266,0.0509993932392339,-0.0140394285129034,0,0,0,0,0,0,0,0,0,1.05043659960485,0.0837404059722514,-0.053230643744106
17.256477178571,0.767063905742447,0.0290873440061209,-0.0137368427404122,-0.0648448978583488,0.050858148441357,-0.0141987574240069,0,0,0,0,0,0,0,0,0,1.05127165461382,0.0832099628654568,-0.0528199431081944
17.2664809334571,0.767354200737959,0.0289498323375594,-0.0137551048844626,-0.0643368385231335,0.0507153148897744,-0.0143570581862445,0,0,0,0,0,0,0,0,0,1.05210142375003,0.082683610444344,-0.0524127979334848
17.2764846883432,0.767643119192984,0.0288121398793131,-0.0137729865960178,-0.0638302159634574,0.0505709029237964,-0.0145143200197825,0,0,0,0,0,0,0,0,0,1.0529259477578,0.0821613132986112,-0.0520091768205351
17.2864884432294,0.767930659318033,0.0286742704523979,-0.0137904848267121,-0.0633250459172264,0.0504249229903208,-0.014670532195199,0,0,0,0,0,0,0,0,0,1.05374526702876,0.0816430363308601,-0.0516090485969457
17.2964921981155,0.768216819361995,0.0285362279082345,-0.0138075965463441,-0.0628213440173029,0.0502773856433238,-0.0148256840343936,0,0,0,0,0,0,0,0,0,1.05455942160502,0.0811287447544709,-0.0512123823170556
17.3064959530016,0.768501597612437,0.0283980161284644,-0.0138243187431994,-0.0623191257904352,0.0501283015433423,-0.0149797649114993,0,0,0,0,0,0,0,0,0,1.05536845118224,0.0806184040911911,-0.0508191472642604
17.3164997078877,0.768784992395908,0.0282596390247642,-0.0138406484243722,-0.0618184066561968,0.0499776814569467,-0.0151327642537916,0,0,0,0,0,0,0,0,0,1.0561723951127,0.0801119801689635,-0.050429312945318
17.3265034627739,0.769067002078239,0.0281211005386548,-0.0138565826160885,-0.0613192019259256,0.0498255362562045,-0.0152846715426008,0,0,0,0,0,0,0,0,0,1.05697129240835,0.0796094391196295,-0.0500428490960777
17.33650721766,0.769347625064837,0.0279824046413095,-0.0138721183640277,-0.060821526801674,0.0496718769181358,-0.0154354763142209,0,0,0,0,0,0,0,0,0,1.05776518174385,0.0791107473766422,-0.0496597256753743
17.3465109725461,0.769626859800987,0.027843555333357,-0.0138872527336452,-0.0603253963751591,0.0495167145241577,-0.0155851681608219,0,0,0,0,0,0,0,0,0,1.05855410145958,0.0786158716728919,-0.0492799128788967
17.3565147274322,0.769904704772138,0.0277045566446821,-0.0139019828104947,-0.0598308256267227,0.0493600602595217,-0.0157337367313591,0,0,0,0,0,0,0,0,0,1.0593380895646,0.0781247790381418,-0.0489033811247684
17.3665184823184,0.7701811585042,0.0275654126342236,-0.0139163057005504,-0.0593378294242959,0.049201925412741,-0.0158811717324842,0,0,0,0,0,0,0,0,0,1.06011718373964,0.0776374367971417,-0.0485301010518809
17.3765222372045,0.770456219563833,0.0274261273897672,-0.0139302185305295,-0.0588464225223669,0.0490423213750079,-0.0160274629294564,0,0,0,0,0,0,0,0,0,1.06089142134001,0.0771538125670977,-0.0481600435326513
17.3865259920906,0.770729886558733,0.0272867050277378,-0.0139437184482139,-0.0583566195609593,0.0488812596396044,-0.0161726001470521,0,0,0,0,0,0,0,0,0,1.06166083939854,0.0766738742555299,-0.0477931796635927
17.3965297469768,0.771002158137917,0.0271471496929861,-0.0139568026227736,-0.0578684350646115,0.0487187518013007,-0.0163165732704765,0,0,0,0,0,0,0,0,0,1.06242547462846,0.0761975900579312,-0.0474294807775219
17.4065335018629,0.771273032992008,0.0270074655585737,-0.0139694682450877,-0.0573818834413665,0.0485548095557475,-0.0164593722462733,0,0,0,0,0,0,0,0,0,1.06318536342625,0.0757249284553806,-0.0470689184169264
17.416537256749,0.771542509853516,0.0268676568255537,-0.0139817125280678,-0.0568969789817645,0.0483894446988568,-0.016600987083236,0,0,0,0,0,0,0,0,0,1.06394054187453,0.075255858212735,-0.046711464355603
17.4265410116351,0.771810587497116,0.026727727722749,-0.0139935327069797,-0.0564137358578427,0.0482226691261751,-0.0167414078533186,0,0,0,0,0,0,0,0,0,1.06469104574486,0.0747903483758095,-0.0463570906036492
17.4365447665213,0.772077264739926,0.0265876825065276,-0.0140049260397657,-0.055932168122144,0.0480544948322472,-0.0168806246925452,0,0,0,0,0,0,0,0,0,1.06543691050053,0.0743283682694691,-0.0460057693775074
17.4465485214074,0.772342540441778,0.0264475254605729,-0.0140158898073673,-0.0554522897067266,0.0478849339099698,-0.0170186278019221,0,0,0,0,0,0,0,0,0,1.06617817129937,0.0738698874954089,-0.0456574731310312
17.4565522762935,0.772606413505496,0.0263072608956532,-0.0140264213140469,-0.0549741144221867,0.0477139985499384,-0.0171554074483471,0,0,0,0,0,0,0,0,0,1.06691486299647,0.0734148759296235,-0.0453121745438343
17.4665560311797,0.772868882877159,0.0261668931493861,-0.0140365178877109,-0.0544976559566814,0.0475417010397818,-0.0172909539655211,0,0,0,0,0,0,0,0,0,1.06764702014696,0.0729633037204209,-0.0449698465040943
17.4765597860658,0.773129947546375,0.0260264265860006,-0.014046176880231,-0.0540229278749639,0.0473680537634907,-0.0174252577548583,0,0,0,0,0,0,0,0,0,1.06837467700867,0.072515141286236,-0.0446304621285251
17.4865635409519,0.77338960654654,0.0258858655960957,-0.0140553956677675,-0.0535499436174216,0.0471930692007352,-0.0175583092863965,0,0,0,0,0,0,0,0,0,1.06909786754488,0.0720703593132442,-0.0442939947645928
17.496567295838,0.773647858955104,0.0257452145963958,-0.0140641716510908,-0.053078716499122,0.0470167599261733,-0.0176900990997087,0,0,0,0,0,0,0,0,0,1.06981662542692,0.0716289287531311,-0.0439604179688828
17.5065710507242,0.773904703893832,0.0256044780295031,-0.0140725022559043,-0.0526092597088677,0.0468391386087519,-0.0178206178048125,0,0,0,0,0,0,0,0,0,1.07053098403688,0.0711908208211393,-0.0436297055215248
17.5165748056103,0.774160140529059,0.025463660363646,-0.0140803849331662,-0.0521415863082543,0.046660218010996,-0.0179498560830818,0,0,0,0,0,0,0,0,0,1.0712409764702,0.0707560069935486,-0.0433018314256328
17.5265785604964,0.774414168071945,0.0253227660924257,-0.0140878171594121,-0.0516757092307405,0.0464800109882919,-0.0180778046881568,0,0,0,0,0,0,0,0,0,1.07194663553825,0.0703244590057343,-0.0429767698951071
17.5365823153826,0.774666785778731,0.0251817997345578,-0.0140947964370774,-0.0512116412807203,0.0462985304881586,-0.0182044544468546,0,0,0,0,0,0,0,0,0,1.07264799377098,0.0698961488498922,-0.0426544953668349
17.5465860702687,0.774917992950986,0.0250407658336123,-0.0141013202948191,-0.0507493951326069,0.0461157895495115,-0.0183297962600804,0,0,0,0,0,0,0,0,0,1.07334508341941,0.0694710487728517,-0.0423349824901497
17.5565898251548,0.775167788935854,0.0248996689577493,-0.0141073862878388,-0.0502889833299208,0.0459318013019169,-0.0184538211037376,0,0,0,0,0,0,0,0,0,1.07403793645819,0.0690491312740122,-0.0420182061357108
17.5665935800409,0.775416173126301,0.024758513699452,-0.0141129919982043,-0.0498304182843877,0.045746578964837,-0.0185765200296383,0,0,0,0,0,0,0,0,0,1.07472658458814,0.0686303691029788,-0.041704141381078
17.5765973349271,0.775663144961353,0.0246173046752563,-0.0141181350351724,-0.0493737122750421,0.0455601358468659,-0.0186978841664147,0,0,0,0,0,0,0,0,0,1.07541105923869,0.0682147352577868,-0.0413927635206956
17.5866010898132,0.775908703926341,0.024476046525477,-0.014122813035511,-0.0489188774473402,0.0453724853449566,-0.018817904720429,0,0,0,0,0,0,0,0,0,1.07609139157042,0.0678022029823378,-0.0410840480681144
17.5966048446993,0.776152849553134,0.0243347439139314,-0.0141270236638214,-0.0484659258122799,0.0451836409436391,-0.018936572976684,0,0,0,0,0,0,0,0,0,1.07676761247744,0.0673927457645801,-0.0407779707315811
17.6066085995854,0.77639558142037,0.0241934015276588,-0.0141307646128606,-0.0480148692455281,0.0449936162142288,-0.0190538802997344,0,0,0,0,0,0,0,0,0,1.07743975258989,0.0669863373344329,-0.0404745074445486
17.6166123544716,0.776636899153693,0.0240520240766375,-0.0141340336038636,-0.0475657194865569,0.0448024248140265,-0.0191698181345968,0,0,0,0,0,0,0,0,0,1.07810784227627,0.0665829516613561,-0.0401736343490369
17.6266161093577,0.776876802425978,0.0239106162934982,-0.0141368283868659,-0.0471184881377875,0.0446100804855084,-0.0192843780076606,0,0,0,0,0,0,0,0,0,1.07877191164592,0.0661825629526075,-0.039875327783427
17.6366198642438,0.777115290957555,0.0237691829332343,-0.0141391467410254,-0.0466731866637419,0.0444165970555079,-0.0193975515275985,0,0,0,0,0,0,0,0,0,1.0794319905513,0.0657851456510573,-0.0395795643007661
17.64662361913,0.777352364516432,0.023627728772909,-0.014140986474945,-0.0462298263902036,0.0442219884343879,-0.0195093303862773,0,0,0,0,0,0,0,0,0,1.0800881085904,0.0653906744330783,-0.0392863206610035
17.6566273740161,0.777588022918515,0.0234862586113588,-0.0141423454269949,-0.0457884185033857,0.0440262686152039,-0.0196197063596683,0,0,0,0,0,0,0,0,0,1.08074029510903,0.0649991242065162,-0.0389955738282156
17.6666311289022,0.777822266027826,0.0233447772688949,-0.0141432214656345,-0.0453489740491083,0.043829451672858,-0.0197286713087581,0,0,0,0,0,0,0,0,0,1.08138857920315,0.0646104701086356,-0.0387073009694973
17.6766348837883,0.778055093756712,0.0232032895869996,-0.0141436124897355,-0.0449115039319837,0.0436315517632441,-0.0198362171804593,0,0,0,0,0,0,0,0,0,1.08203298972112,0.0642246875041114,-0.038421479443869
17.6866386386745,0.778286506066059,0.0230618004280211,-0.0141435164289033,-0.0444760189146106,0.0434325831223834,-0.0199423360085207,0,0,0,0,0,0,0,0,0,1.08267355526601,0.0638417519831978,-0.038138086821689
17.6966423935606,0.778516502965496,0.0229203146748642,-0.0141429312437999,-0.0440425296167766,0.0432325600655516,-0.0200470199144384,0,0,0,0,0,0,0,0,0,1.0833103041978,0.0634616393593313,-0.0378571008835425
17.7066461484467,0.778745084513604,0.0227788372306781,-0.0141418549264659,-0.0436110465146708,0.0430314969863963,-0.0201502611083665,0,0,0,0,0,0,0,0,0,1.08394326463565,0.0630843256673211,-0.0375784995864124
17.7166499033329,0.778972250818111,0.0226373730185408,-0.0141402855006431,-0.0431815799401026,0.0428294083560455,-0.0202520518900269,0,0,0,0,0,0,0,0,0,1.08457246446007,0.0627097871616294,-0.0373022610880789
17.726653658219,0.779198002036094,0.0224959269811404,-0.0141382210220965,-0.0427541400797327,0.042626308722207,-0.0203523846496211,0,0,0,0,0,0,0,0,0,1.0851979313151,0.0623380003140741,-0.0370283637587683
17.7366574131051,0.779422338374171,0.0223545040804532,-0.0141356595789365,-0.0423287369743103,0.0424222127082589,-0.0204512518687398,0,0,0,0,0,0,0,0,0,1.08581969261053,0.0619689418118752,-0.0367567861506499
17.7466611679912,0.779645260088696,0.0222131092974184,-0.0141325992919418,-0.0419053805179217,0.0422171350123309,-0.0205486461212743,0,0,0,0,0,0,0,0,0,1.08643777552398,0.0616025885559682,-0.0364875070028245
17.7566649228774,0.779866767485942,0.0220717476316096,-0.014129038314881,-0.0414840804572462,0.0420110904063758,-0.0206445600743265,0,0,0,0,0,0,0,0,0,1.08705220700306,0.0612389176589509,-0.0362205052612923
17.7666686777635,0.780086860922289,0.0219304241009034,-0.0141249748348353,-0.0410648463908232,0.0418040937352332,-0.0207389864891199,0,0,0,0,0,0,0,0,0,1.08766301376749,0.0608779064429969,-0.0359557600595425
17.7766724326496,0.780305540804406,0.0217891437411446,-0.0141204070725207,-0.0406476877683271,0.0415961599156829,-0.0208319182219103,0,0,0,0,0,0,0,0,0,1.08827022231114,0.0605195324381907,-0.0356932507102299
17.7866761875358,0.780522807589425,0.0216479116058075,-0.0141153332826104,-0.0402326138898525,0.0413873039354897,-0.020923348224896,0,0,0,0,0,0,0,0,0,1.08887385890416,0.0601637733806084,-0.0354329567173784
17.7966799424219,0.780738661785123,0.0215067327656556,-0.0141097517540568,-0.0398196339052097,0.0411775408524399,-0.021013269547129,0,0,0,0,0,0,0,0,0,1.08947394959498,0.0598106072104079,-0.0351748577802656
17.806683697308,0.780953103950084,0.021365612308396,-0.0141036608104141,-0.0394087568132274,0.0409668857933662,-0.021101675335425,0,0,0,0,0,0,0,0,0,1.0900705202124,0.059460012069832,-0.0349189337795541
17.8166874521941,0.781166134693875,0.0212245553383323,-0.0140970588101606,-0.0389999914610686,0.0407553539531666,-0.0211885588352746,0,0,0,0,0,0,0,0,0,1.09066359636753,0.0591119663015767,-0.0346651647711896
17.8266912070803,0.781377754677204,0.0210835669760135,-0.0140899441470207,-0.0385933465435538,0.0405429605938122,-0.0212739133917536,0,0,0,0,0,0,0,0,0,1.09125320345584,0.0587664484469155,-0.0344135310079978
17.8366949619664,0.781587964612086,0.0209426523578798,-0.0140823152502875,-0.0381888306024949,0.0403297210433461,-0.0213577324504337,0,0,0,0,0,0,0,0,0,1.09183936665911,0.0584234372436363,-0.0341640129148607
17.8466987168525,0.781796765261996,0.020801816635905,-0.014074170585145,-0.0377864520260403,0.0401156506948743,-0.0214400095582929,0,0,0,0,0,0,0,0,0,1.09242211094742,0.0580829116246619,-0.0339165910941564
17.8567024717387,0.782004157442024,0.0206610649772359,-0.0140655086529904,-0.0373862190480272,0.0399007650055457,-0.0215207383646268,0,0,0,0,0,0,0,0,0,1.09300146108104,0.0577448507158782,-0.0336712463377595
17.8667062266248,0.782210142019027,0.0205204025638288,-0.0140563279917563,-0.0369881397473484,0.0396850794955252,-0.0215999126219584,0,0,0,0,0,0,0,0,0,1.09357744161241,0.0574092338345151,-0.0334279596063409
17.8767099815109,0.782414719911773,0.0203798345920817,-0.0140466271762332,-0.0365922220473248,0.039468609746955,-0.0216775261869494,0,0,0,0,0,0,0,0,0,1.09415007688801,0.0570760404873878,-0.0331867120375899
17.886713736397,0.782617892091083,0.0202393662724644,-0.0140364048183917,-0.0361984737150924,0.0392513714029096,-0.0217535730213102,0,0,0,0,0,0,0,0,0,1.09471939105023,0.056745250369114,-0.032947484939914
17.8967174912832,0.782819659579971,0.0200990028291452,-0.0140256595677046,-0.0358069023609972,0.0390333801663398,-0.0218280471927112,0,0,0,0,0,0,0,0,0,1.0952854080393,0.0564168433604812,-0.0327102598075829
17.9067212461693,0.783020023453782,0.0199587494996134,-0.0140143901114696,-0.0354175154380016,0.0388146517990078,-0.0219009428756929,0,0,0,0,0,0,0,0,0,1.09584815159508,0.0560907995263607,-0.0324750183046025
17.9167250010554,0.783218984840317,0.0198186115343001,-0.0140025951751312,-0.0350303202411018,0.0385952021204147,-0.0219722543525767,0,0,0,0,0,0,0,0,0,1.09640764525895,0.0557670991143977,-0.0322417422453017
17.9267287559416,0.783416544919967,0.0196785941961942,-0.0139902735226035,-0.0346453239067546,0.0383750470067158,-0.0220419760143757,0,0,0,0,0,0,0,0,0,1.09696391237558,0.0554457225533133,-0.0320104136303869
17.9367325108277,0.783612704925832,0.0195387027604568,-0.0139774239565918,-0.0342625334123178,0.0381542023896311,-0.0221101023617049,0,0,0,0,0,0,0,0,0,1.09751697609477,0.0551266504508738,-0.0317810146358479
17.9467362657138,0.783807466143845,0.0193989425140306,-0.0139640453189155,-0.0338819555754978,0.0379326842553422,-0.0221766280056925,0,0,0,0,0,0,0,0,0,1.09806685937319,0.0548098635924143,-0.0315535275874414
17.9567400205999,0.784000829912882,0.0192593187552477,-0.0139501364908302,-0.033503597053812,0.0377105086433833,-0.0222415476688897,0,0,0,0,0,0,0,0,0,1.09861358497621,0.0544953429393189,-0.0313279349784427
17.9667437754861,0.78419279762488,0.0191198367934334,-0.0139356963933498,-0.0331274643440601,0.0374876916455223,-0.022304856186182,0,0,0,0,0,0,0,0,0,1.09915717547959,0.0541830696271885,-0.0311042194768565
17.9767475303722,0.784383370724943,0.0189805019485063,-0.0139207239875692,-0.0327535637818064,0.037264249404631,-0.0223665485056995,0,0,0,0,0,0,0,0,0,1.09969765327127,0.0538730249641773,-0.030882363906556
17.9867512852583,0.784572550711444,0.0188413195505766,-0.0139052182749862,-0.0323819015408762,0.0370401981135497,-0.0224266196897276,0,0,0,0,0,0,0,0,0,1.10023504055302,0.0535651904295378,-0.0306623512467287
17.9967550401444,0.784760339136126,0.0187022949395393,-0.013889178297824,-0.032012483632859,0.0368155540139386,-0.0224850649156177,0,0,0,0,0,0,0,0,0,1.10076935934224,0.053259547671968,-0.0304441646446347
18.0067587950306,0.7849467376042,0.0185634334646664,-0.0138726031393537,-0.0316453159066287,0.036590333395124,-0.0225418794766976,0,0,0,0,0,0,0,0,0,1.10130063147354,0.0529560785079021,-0.0302277874056228
18.0167625499167,0.785131747774435,0.0184247404841932,-0.013855491924216,-0.0312804040478701,0.036364552592932,-0.0225970587831825,0,0,0,0,0,0,0,0,0,1.10182887860048,0.0526547649200563,-0.0300132029892474
18.0267663048028,0.785315371359243,0.0182862213649043,-0.0138378438187441,-0.0309177535786214,0.0361382279885159,-0.0226505983630852,0,0,0,0,0,0,0,0,0,1.10235412219723,0.052355589055798,-0.0298003950048291
18.036770059689,0.785497610124768,0.0181478814817138,-0.0138196580312859,-0.0305573698568259,0.0359113760071724,-0.022702493863127,0,0,0,0,0,0,0,0,0,1.10287638356015,0.0520585332257801,-0.0295893472269875
18.0467738145751,0.78567846589096,0.0180097262172438,-0.0138009338125259,-0.0301992580758958,0.0356840131171497,-0.0227527410496484,0,0,0,0,0,0,0,0,0,1.10339568380947,0.0517635799019994,-0.0293800435900963
18.0567775694612,0.785857940531654,0.0178717609613995,-0.0137816704558078,-0.0298434232642901,0.0354561558284466,-0.0228013358095195,0,0,0,0,0,0,0,0,0,1.10391204389089,0.0514707117165419,-0.0291724681555531
18.0667813243473,0.786036035974638,0.0177339911109404,-0.013761867297457,-0.0294898702851011,0.0352278206916015,-0.0228482741510506,0,0,0,0,0,0,0,0,0,1.10442548457713,0.0511799114602963,-0.0289666051500536
18.0767850792335,0.78621275420172,0.017596422069049,-0.0137415237171024,-0.0291386038356566,0.0349990242964742,-0.0228935522049031,0,0,0,0,0,0,0,0,0,1.10493602646957,0.0508911620809332,-0.028762438953945
18.0867888341196,0.786388097248791,0.0174590592448959,-0.0137206391379992,-0.0287896284471316,0.034769783271016,-0.0229371662249999,0,0,0,0,0,0,0,0,0,1.10544368999978,0.0506044466818513,-0.0285599540851395
18.0967925890057,0.786562067205883,0.0173219080532018,-0.0136992130273508,-0.0284429484841739,0.034540114280033,-0.0229791125894361,0,0,0,0,0,0,0,0,0,1.10594849543108,0.0503197485204796,-0.028359135219636
18.1067963438919,0.786734666217219,0.017184973913796,-0.0136772448966313,-0.0280985681445415,0.0343100340239391,-0.0230193878013896,0,0,0,0,0,0,0,0,0,1.10645046286005,0.0500370510068117,-0.0281599671721081
18.116800098778,0.786905896481266,0.0170482622511722,-0.0136547343019077,-0.0277564914587521,0.0340795592374997,-0.0230579884900319,0,0,0,0,0,0,0,0,0,1.10694961221807,0.0497563377020972,-0.0279624349003405
18.1268038536641,0.787075760250779,0.0169117784940409,-0.0136316808441625,-0.0274167222897476,0.0338487066885678,-0.0230949114114384,0,0,0,0,0,0,0,0,0,1.10744596327285,0.0494775923172871,-0.0277665235035642
18.1368076085502,0.787244259832837,0.016775528074878,-0.0136080841696154,-0.027079264332567,0.0336174931768086,-0.0231301534494994,0,0,0,0,0,0,0,0,0,1.10793953562987,0.0492007987117581,-0.0275722182291144
18.1468113634364,0.787411397588883,0.016639516429471,-0.0135839439700464,-0.0267441211140366,0.0333859355324175,-0.0231637116168302,0,0,0,0,0,0,0,0,0,1.10843034873388,0.0489259408916253,-0.0273795044641102
18.1568151183225,0.787577175934752,0.0165037489964618,-0.0135592599831171,-0.0264112959924697,0.0331540506148271,-0.0231955830556823,0,0,0,0,0,0,0,0,0,1.10891842187037,0.0486530030086328,-0.0271883677182571
18.1668188732086,0.787741597340699,0.0163682312168853,-0.0135340319926942,-0.0260807921573815,0.0329218553114059,-0.0232257650388539,0,0,0,0,0,0,0,0,0,1.10940377416702,0.0483819693588106,-0.0269987936632314
18.1768226280948,0.787904664331419,0.0162329685337066,-0.0135082598291706,-0.0257526126292155,0.0326893665361481,-0.0232542549706001,0,0,0,0,0,0,0,0,0,1.10988642459512,0.0481128243805766,-0.0268107681055015
18.1868263829809,0.788066379486065,0.0160979663913531,-0.0134819433697886,-0.0254267602590844,0.0324566012283535,-0.0232810503875441,0,0,0,0,0,0,0,0,0,1.11036639197099,0.0478455526539381,-0.0266242769630282
18.196830137867,0.788226745438261,0.0159632302352446,-0.0134550825389617,-0.0251032377285232,0.0322235763512993,-0.0233061489595873,0,0,0,0,0,0,0,0,0,1.1108436949574,0.0475801388990596,-0.0264393063068689
18.2068338927531,0.788385764876107,0.0158287655113201,-0.0134276773085971,-0.0247820475492559,0.0319903088909019,-0.0233295484908205,0,0,0,0,0,0,0,0,0,1.11131835206498,0.0473165679746317,-0.0262558423423169
18.2168376476393,0.788543440542185,0.0156945776655603,-0.0133997276984179,-0.0244631920629761,0.0317568158543699,-0.0233512469204341,0,0,0,0,0,0,0,0,0,1.11179038165355,0.0470548248768169,-0.0260738713955883
18.2268414025254,0.788699775233555,0.0155606721435083,-0.0133712337762855,-0.0241466734411402,0.0315231142688484,-0.0233712423236288,0,0,0,0,0,0,0,0,0,1.11225980193353,0.0467948947378839,-0.0258933799265821
18.2368451574115,0.788854771801747,0.0154270543897861,-0.0133421956585218,-0.023832493684776,0.0312892211800535,-0.0233895329125261,0,0,0,0,0,0,0,0,0,1.11272663096731,0.046536762824899,-0.0257143545355341
18.2468489122976,0.789008433152754,0.0152937298476085,-0.0133126135102317,-0.023520654624302,0.0310551536508983,-0.0234061170370796,0,0,0,0,0,0,0,0,0,1.11319088667052,0.046280414538227,-0.0255367819419394
18.2568526671838,0.789160762247011,0.0151607039582931,-0.0132824875456251,-0.023211157919364,0.0308209287601091,-0.0234209931859846,0,0,0,0,0,0,0,0,0,1.11365258681344,0.0460258354106437,-0.0253606489834437
18.2668564220699,0.789311762099375,0.0150279821607677,-0.0132518180283394,-0.0229040050586827,0.0305865636008332,-0.0234341599875895,0,0,0,0,0,0,0,0,0,1.11411174902228,0.04577301110586,-0.0251859426413584
18.276860176956,0.789461435779097,0.0148955698910741,-0.0132206052717616,-0.0225991973599172,0.0303520752792374,-0.0234456162108062,0,0,0,0,0,0,0,0,0,1.11456839078045,0.0455219274171232,-0.0250126500145897
18.2868639318422,0.789609786409796,0.0147634725818689,-0.013188849639351,-0.0222967359695408,0.0301174809130971,-0.0234553607660207,0,0,0,0,0,0,0,0,0,1.11502252942993,0.0452725702662631,-0.0248407583152025
18.2968676867283,0.789756817169417,0.0146316956619211,-0.013156551544961,-0.0219966218627335,0.0298827976303764,-0.0234633927060036,0,0,0,0,0,0,0,0,0,1.11547418217247,0.0450249257023816,-0.0246702548856145
18.3068714416144,0.789902531290191,0.014500244555606,-0.0131237114531618,-0.0216988558432856,0.0296480425677993,-0.023469711226821,0,0,0,0,0,0,0,0,0,1.11592336607091,0.0447789799005551,-0.0245011272030342
18.3168751965005,0.790046932058589,0.0143691246823965,-0.0130903298795626,-0.0214034385435183,0.0294132328694116,-0.0234743156687449,0,0,0,0,0,0,0,0,0,1.11637009805042,0.0445347191604356,-0.0243333628450704
18.3268789513867,0.790190022815272,0.0142383414563508,-0.0130564073911335,-0.0211103704242175,0.0291783856851338,-0.0234772055171639,0,0,0,0,0,0,0,0,0,1.11681439489972,0.0442921299056405,-0.0241669495080354
18.3368827062728,0.790331806955031,0.0141079002855971,-0.0130219446065286,-0.020819651774582,0.0289435181693048,-0.023478380403494,0,0,0,0,0,0,0,0,0,1.11725627327234,0.0440511986819879,-0.0240018750274711
18.3468864611589,0.790472287926728,0.0139778065718149,-0.0129869421964075,-0.0205312827121867,0.0287086474792165,-0.0234778401060889,0,0,0,0,0,0,0,0,0,1.11769574968783,0.0438119121564759,-0.0238381273293342
18.3568902160451,0.790611469233226,0.0138480657097129,-0.012951400883758,-0.0202452631829608,0.0284737907736392,-0.0234755845511509,0,0,0,0,0,0,0,0,0,1.11813284053295,0.043574257116494,-0.0236756944693801
18.3668939709312,0.79074935443132,0.0137186830865044,-0.0129153214442184,-0.01996159296118,0.0282389652113386,-0.0234716138136413,0,0,0,0,0,0,0,0,0,1.11856756206291,0.0433382204680148,-0.0235145646276157
18.3768977258173,0.790885947131658,0.0135896640813786,-0.0128787047063998,-0.0196802716494739,0.0280041879495819,-0.0234659281181912,0,0,0,0,0,0,0,0,0,1.11899993040248,0.0431037892349166,-0.0233547260683617
18.3869014807034,0.791021250998656,0.013461014064969,-0.0128415515522081,-0.0194012986788493,0.0277694761426373,-0.0234585278400122,0,0,0,0,0,0,0,0,0,1.11942996154724,0.0428709505579737,-0.0231961671912845
18.3969052355896,0.791155269750411,0.0133327383988192,-0.0128038629171668,-0.0191246733087271,0.0275348469402625,-0.0234494135058067,0,0,0,0,0,0,0,0,0,1.11985767136471,0.0426396916931581,-0.0230388765108715
18.4069089904757,0.791288007158611,0.0132048424348441,-0.0127656397907388,-0.0188503946269944,0.0273003174861841,-0.023438585794679,0,0,0,0,0,0,0,0,0,1.12028307559548,0.0424100000110406,-0.0228828426320265
18.4169127453618,0.79141946704843,0.0130773315147895,-0.0127268832166491,-0.0185784615500743,0.0270659049165699,-0.0234260455390452,0,0,0,0,0,0,0,0,0,1.12070618985438,0.0421818629955809,-0.0227280542881593
18.426916500248,0.791549653298428,0.0129502109696869,-0.0126875942932068,-0.0183088728230073,0.0268316263584889,-0.0234117937255447,0,0,0,0,0,0,0,0,0,1.12112702963158,0.0419552682427659,-0.0225745003114022
18.4369202551341,0.791678569840438,0.0128234861193066,-0.0126477741736276,-0.018041627019551,0.0265974989283652,-0.0233958314959503,0,0,0,0,0,0,0,0,0,1.12154561029374,0.0417302034599966,-0.0224221696263592
18.4469240100202,0.791806220659453,0.012697162271606,-0.012607424066356,-0.0177767225422944,0.0263635397304211,-0.0233781601480789,0,0,0,0,0,0,0,0,0,1.1219619470851,0.0415066564648513,-0.0222710512898309
18.4569277649063,0.791932609793505,0.0125712447221762,-0.0125665452353877,-0.0175141576227874,0.0261297658551116,-0.0233587811367021,0,0,0,0,0,0,0,0,0,1.12237605512857,0.0412846151836769,-0.0221211344643593
18.4669315197925,0.792057741333535,0.0124457387536846,-0.0125251390005917,-0.0172539303216872,0.0258961943775498,-0.023337696074457,0,0,0,0,0,0,0,0,0,1.12278794942683,0.0410640676508822,-0.0219724084031062
18.4769352746786,0.792181619423266,0.0123206496353136,-0.0124832067380327,-0.0169960385289178,0.0256628423559224,-0.0233149067327566,0,0,0,0,0,0,0,0,0,1.12319764486339,0.0408450020078317,-0.0218248624501987
18.4869390295647,0.792304248259061,0.0121959826221978,-0.0124407498802937,-0.0167404799638502,0.025429726829898,-0.0232904150427007,0,0,0,0,0,0,0,0,0,1.12360515620365,0.0406274065021317,-0.021678486063661
18.4969427844508,0.792425632089784,0.0120717429548564,-0.0123977699167976,-0.0164872521754928,0.025196864819024,-0.0232642230959862,0,0,0,0,0,0,0,0,0,1.124010498096,0.0404112694860653,-0.0215332688246587
18.506946539337,0.792545775216646,0.011947935858623,-0.0123542683941302,-0.0162363525427022,0.0249642733211158,-0.023236333145818,0,0,0,0,0,0,0,0,0,1.1244136850728,0.0401965794156937,-0.0213892003870234
18.5169502942231,0.792664681993052,0.0118245665430726,-0.0123102469163623,-0.0159877782744092,0.0247319693106374,-0.0232067476078194,0,0,0,0,0,0,0,0,0,1.12481473155147,0.0399833248503012,-0.0212462705121975
18.5269540491092,0.792782356824445,0.0117016402014443,-0.0122657071453716,-0.0157415264098588,0.0244999697370704,-0.0231754690609432,0,0,0,0,0,0,0,0,0,1.12521365183547,0.039771494450797,-0.021104469055921
18.5369578039954,0.792898804168131,0.0115791620100617,-0.0122206508011655,-0.0154975938188702,0.0242682915232769,-0.0231425002483815,0,0,0,0,0,0,0,0,0,1.12561046011535,0.0395610769794266,-0.0209637859676773
18.5469615588815,0.793014028533115,0.01145713712775,-0.0121750796622033,-0.0152559772021097,0.0240369515638513,-0.0231078440784772,0,0,0,0,0,0,0,0,0,1.12600517046974,0.0393520612981852,-0.0208242113234204
18.5569653137676,0.793128034479919,0.0113355706952492,-0.0121289955657182,-0.015016673091383,0.0238059667234641,-0.0230715036256337,0,0,0,0,0,0,0,0,0,1.12639779686634,0.0391444363678737,-0.0206857352617855
18.5669690686537,0.793240826620397,0.0112144678346249,-0.01208240040804,-0.0147796778499424,0.0235753538351955,-0.0230334821312268,0,0,0,0,0,0,0,0,0,1.1267883531629,0.0389381912477887,-0.0205483480012827
18.5769728235399,0.793352409617548,0.011093833648675,-0.0120352961449171,-0.0145449876728107,0.0233451296988606,-0.0229937830045141,0,0,0,0,0,0,0,0,0,1.12717685310824,0.0387333150944344,-0.0204120399112998
18.586976578426,0.793462788185322,0.0109736732203346,-0.0119876847918389,-0.0143125985871236,0.0231153110793265,-0.0229524098235461,0,0,0,0,0,0,0,0,0,1.12756331034316,0.0385297971597917,-0.0202768014133656
18.5969803333121,0.79357196708841,0.0108539916120757,-0.0119395684243583,-0.0140825064524861,0.0228859147048171,-0.022909366336077,0,0,0,0,0,0,0,0,0,1.12794773840144,0.0383276267920063,-0.0201426230072214
18.6069840881983,0.793679951142048,0.0107347938653055,-0.0118909491784135,-0.0138547069613498,0.0226569572652131,-0.022864656460475,0,0,0,0,0,0,0,0,0,1.12833015071075,0.0381267934331358,-0.0200094953329462
18.6169878430844,0.793786745211792,0.0106160849997601,-0.0118418292506508,-0.0136291956394021,0.0224284554103387,-0.0228182842866334,0,0,0,0,0,0,0,0,0,1.12871056059364,0.0379272866185945,-0.0198774090727743
18.6269915979705,0.793892354213307,0.0104978700128961,-0.0117922108987467,-0.0134059678459788,0.022200425748243,-0.0227702540768805,0,0,0,0,0,0,0,0,0,1.12908898126841,0.0377290959768652,-0.0197463550315301
18.6369953528566,0.793996783112134,0.0103801538792784,-0.0117420964417302,-0.0131850187744881,0.0219728848434687,-0.0227205702668909,0,0,0,0,0,0,0,0,0,1.12946542585009,0.0375322112273347,-0.0196163240750527
18.6469991077428,0.794100036923465,0.0102629415499643,-0.011691488260305,-0.0129663434528555,0.0217458492153146,-0.022669237466596,0,0,0,0,0,0,0,0,0,1.12983990735131,0.0373366221812378,-0.019487307155714
18.6570028626289,0.794202120711897,0.0101462379518857,-0.011640388797172,-0.0127499367439853,0.0215193353360878,-0.0226162604610941,0,0,0,0,0,0,0,0,0,1.13021243868324,0.0371423187389818,-0.0193592953723258
18.667006617515,0.794303039591196,0.0100300479872264,-0.0115888005573515,-0.0125357933462387,0.0212933596293456,-0.0225616442115617,0,0,0,0,0,0,0,0,0,1.13058303265645,0.036949290889892,-0.0192322798309098
18.6770103724012,0.794402798724037,0.00991437653279804,-0.0115367261085054,-0.012323907793932,0.0210679384681314,-0.022505393856164,0,0,0,0,0,0,0,0,0,1.1309517019818,0.0367575287123221,-0.0191062517412168
18.6870141272873,0.794501403321756,0.00979922843941094,-0.0114841680812598,-0.0121142744578482,0.0208430881731978,-0.0224475147109647,0,0,0,0,0,0,0,0,0,1.13131845927136,0.0365670223714684,-0.0189812024366944
18.6970178821734,0.794598858644081,0.00968460853124319,-0.0114311291695269,-0.0119068875457716,0.0206188250112237,-0.0223880122708383,0,0,0,0,0,0,0,0,0,1.13168331703924,0.0363777621190808,-0.0188571233001576
18.7070216370595,0.794695169998863,0.00957052160520579,-0.0113776121308276,-0.0117017411030362,0.0203951651930201,-0.022326892210379,0,0,0,0,0,0,0,0,0,1.13204628770245,0.0361897382927639,-0.0187340057965162
18.7170253919457,0.794790342741803,0.00945697243030452,-0.0113236197866136,-0.0114988290130939,0.0201721248717283,-0.0222641603848122,0,0,0,0,0,0,0,0,0,1.13240738358179,0.0360029413150335,-0.0186118414838688
18.7270291468318,0.794884382276166,0.00934396574699899,-0.0112691550225899,-0.0112981449981005,0.0199497201410078,-0.0221998228309051,0,0,0,0,0,0,0,0,0,1.13276661690265,0.0358173616923957,-0.0184906219963081
18.7370329017179,0.794977294052495,0.00923150626655823,-0.0112142207890369,-0.0110996826195197,0.019727967033216,-0.0221338857678771,0,0,0,0,0,0,0,0,0,1.13312399979587,0.0356329900147473,-0.0183703390594503
18.7470366566041,0.795069083568315,0.00911959867041298,-0.0111588201011329,-0.0109034352787465,0.0195068815175786,-0.0220663555983108,0,0,0,0,0,0,0,0,0,1.13347954429858,0.0354498169541441,-0.0182509844410684
18.7570404114902,0.79515975636783,0.00900824760950508,-0.0111029560392762,-0.0107093962177464,0.0192864794983499,-0.021997238909062,0,0,0,0,0,0,0,0,0,1.133833262355,0.0352678332651893,-0.0181325500176565
18.7670441663763,0.795249318041616,0.00889745770363297,-0.0110466317494075,-0.0105175585197152,0.0190667768129663,-0.0219265424721709,0,0,0,0,0,0,0,0,0,1.13418516581728,0.0350870297824699,-0.0180150277821946
18.7770479212624,0.795337774226305,0.00878723354079499,-0.0109898504433322,-0.0103279151097573,0.0188477892301873,-0.0218542732457725,0,0,0,0,0,0,0,0,0,1.13453526644625,0.0349073974207896,-0.0178984097071376
18.7870516761486,0.795425130604267,0.0086775796765284,-0.0109326153990428,-0.0101404587555813,0.0186295324482309,-0.0217804383750071,0,0,0,0,0,0,0,0,0,1.1348835759123,0.0347289271753465,-0.0177826879069432
18.7970554310347,0.795511392903276,0.00856850063324591,-0.0108749299610408,-0.00995518206821555,0.0184120220928979,-0.0217050451929314,0,0,0,0,0,0,0,0,0,1.13523010579609,0.0345516101187144,-0.0176678545737272
18.8070591859208,0.795596566896181,0.00846000089956848,-0.0108167975406596,-0.00977207750274142,0.0181952737156863,-0.0216281012214285,0,0,0,0,0,0,0,0,0,1.1355748675894,0.0343754374023079,-0.0175539019345501
18.8170629408069,0.795680658400561,0.00835208492965551,-0.0107582216163862,-0.00959113735904679,0.0179793027919,-0.0215496141721188,0,0,0,0,0,0,0,0,0,1.13591787269585,0.0342004002542177,-0.0174408223612479
18.8270666956931,0.79576367327838,0.00824475714253112,-0.0106992057341841,-0.00941235378259744,0.0177641247187439,-0.021469591947271,0,0,0,0,0,0,0,0,0,1.1362591324317,0.034026489978479,-0.0173286082178908
18.8370704505792,0.795845617435626,0.0081380219214077,-0.010639753507815,-0.00923571876522755,0.0175497548134136,-0.021388042640712,0,0,0,0,0,0,0,0,0,1.13659865802661,0.0338536979559587,-0.0172172519495345
18.8470742054653,0.795926496821959,0.00803188361300591,-0.0105798686191615,-0.00906122414595048,0.0173362083111743,-0.0213049745387381,0,0,0,0,0,0,0,0,0,1.13693646062438,0.0336820156418473,-0.0171067461587692
18.8570779603515,0.796006317430334,0.00792634652687163,-0.0105195548185492,-0.00888886161178726,0.01712350036343,-0.0212203961210254,0,0,0,0,0,0,0,0,0,1.13727255128371,0.0335114345650156,-0.0169970834259957
18.8670817152376,0.796085085296629,0.00782141493468993,-0.0104588159250693,-0.00871862269861537,0.0169116460357853,-0.0211343160615405,0,0,0,0,0,0,0,0,0,1.13760694097892,0.0333419463291018,-0.0168882564181472
18.8770854701237,0.796162806499264,0.00771709306959517,-0.0103976558269005,-0.00855049879203759,0.0167006603060977,-0.0210467432294508,0,0,0,0,0,0,0,0,0,1.13793964060072,0.0331735426096931,-0.0167802579241914
18.8870892250098,0.796239487158809,0.00761338512547837,-0.0103360784816313,-0.00838448112826834,0.0164905580625181,-0.020957686690036,0,0,0,0,0,0,0,0,0,1.13827066095687,0.0330062151547026,-0.0166730807464071
18.897092979896,0.79631513343759,0.00751029525629136,-0.0102740879165829,-0.00822056079504171,0.0162813541015271,-0.0208671557055976,0,0,0,0,0,0,0,0,0,1.13860001277297,0.0328399557837258,-0.0165667177819266
18.9070967347821,0.796389751539286,0.00740782757534753,-0.0102116882291307,-0.00805872873253841,0.0160730631259574,-0.0207751597363703,0,0,0,0,0,0,0,0,0,1.13892770669313,0.0326747563867865,-0.0164611619728124
18.9171004896682,0.796463347708517,0.00730598615461935,-0.0101488835870272,-0.00789897573433185,0.0158656997430108,-0.0206817084414323,0,0,0,0,0,0,0,0,0,1.13925375328068,0.032510608924692,-0.0163564063609718
18.9271042445544,0.796535928230431,0.0072047750240327,-0.0100856782287239,-0.0077412924483555,0.015659278462263,-0.020586811679616,0,0,0,0,0,0,0,0,0,1.13957816301889,0.0323475054266804,-0.0162524440460013
18.9371079994405,0.796607499430274,0.00710419817075812,-0.0100220764636939,-0.00758566937788926,0.0154538136936615,-0.0204904795104188,0,0,0,0,0,0,0,0,0,1.13990094631162,0.0321854379916186,-0.0161492681347068
18.9471117543266,0.796678067672964,0.00700425953849871,-0.00995808267275399,-0.00743209688256621,0.015249319745514,-0.0203927221949138,0,0,0,0,0,0,0,0,0,1.14022211348403,0.0320243987866604,-0.0160468719147261
18.9571155092127,0.796747639362648,0.00690496302677461,-0.0098937013083871,-0.0072805651793991,0.0150458108224665,-0.0202935501966593,0,0,0,0,0,0,0,0,0,1.14054167478329,0.0318643800449706,-0.0159452486326492
18.9671192640989,0.796816220942263,0.00680631249020472,-0.00982893689506444,-0.0071310643438281,0.0148433010234732,-0.0201929741826114,0,0,0,0,0,0,0,0,0,1.14085964037917,0.0317053740688217,-0.0158443915971919
18.977123018985,0.796883818893075,0.00670831173778473,-0.00976379402956798,-0.00698358431078819,0.0146418043397586,-0.0200910050240329,0,0,0,0,0,0,0,0,0,1.14117602036481,0.0315473732252543,-0.0157442943123227
18.9871267738711,0.796950439734225,0.0066109645321623,-0.00969827738131258,-0.00683811487579675,0.0144413346527667,-0.0199876537974047,0,0,0,0,0,0,0,0,0,1.14149082475726,0.0313903699465106,-0.0156449501927035
18.9971305287573,0.797016090022258,0.00651427458890873,-0.00963239169266839,-0.00669464569606221,0.014241905732106,-0.0198829317853365,0,0,0,0,0,0,0,0,0,1.14180406349826,0.0312343567313874,-0.0155463527642121
19.0071342836434,0.797080776350654,0.00641824557578755,-0.00956614177928311,-0.00655316629161323,0.0140435312334809,-0.019776850477477,0,0,0,0,0,0,0,0,0,1.1421157464548,0.0310793261416577,-0.0154484956556223
19.0171380385295,0.797144505349339,0.0063228811120199,-0.00949953253040441,-0.00641366604644894,0.0138462246966173,-0.0196694215714251,0,0,0,0,0,0,0,0,0,1.14242588341976,0.0309252708035908,-0.0153513724926685
19.0271417934156,0.797207283684198,0.00622818476754654,-0.00943256890920182,-0.00627613420970866,0.0136499995431769,-0.0195606569736394,0,0,0,0,0,0,0,0,0,1.14273448411261,0.030772183406493,-0.0152549770244859
19.0371455483018,0.797269118056582,0.00613416006228678,-0.00936525595308967,-0.00614055989686396,0.0134548690746638,-0.0194505688003506,0,0,0,0,0,0,0,0,0,1.14304155817998,0.0306200567016978,-0.0151593030099182
19.0471493031879,0.797330015202801,0.00604081046539434,-0.00929759877404892,-0.00600693209093189,0.0132608464703213,-0.0193391693784708,0,0,0,0,0,0,0,0,0,1.1433471151963,0.0304688835033815,-0.0150643442569164
19.057153058074,0.79738998189361,0.00594813939450937,-0.00922960255894939,-0.00587523964370679,0.0130679447850195,-0.0192264712465041,0,0,0,0,0,0,0,0,0,1.14365116466442,0.030318656686765,-0.0149700947168078
19.0671568129601,0.797449024933694,0.00585615021500817,-0.00916127256987269,-0.00574547127701738,0.0128761769471344,-0.0191124871554579,0,0,0,0,0,0,0,0,0,1.14395371601624,0.0301693691870433,-0.0148765482896124
19.0771605678463,0.79750715116114,0.00576484623924874,-0.00909261414443365,-0.00561761558400076,0.0126855557564171,-0.0189972300697532,0,0,0,0,0,0,0,0,0,1.14425477861325,0.0300210140014831,-0.0147836989851806
19.0871643227324,0.797564367446903,0.00567423072581379,-0.00902363269610328,-0.00549166103040136,0.0124960938818552,-0.0188807131681355,0,0,0,0,0,0,0,0,0,1.14455436174724,0.0298735841851273,-0.0146915409087696
19.0971680776185,0.797620680694263,0.00558430687875028,-0.00895433371453078,-0.00536759595588865,0.0123078038595224,-0.0187629498445845,0,0,0,0,0,0,0,0,0,1.14485247464077,0.0297270728531814,-0.0146000681134962
19.1071718325047,0.797676097838277,0.00549507784680561,-0.00888472276586595,-0.00524540857539865,0.0121206980904231,-0.0186439537092262,0,0,0,0,0,0,0,0,0,1.14514912644786,0.0295814731796709,-0.0145092748188851
19.1171755873908,0.797730625845222,0.0054065467226608,-0.00881480549308138,-0.00512508698049491,0.0119347888383237,-0.0185237385892421,0,0,0,0,0,0,0,0,0,1.14544432625449,0.0294367783954542,-0.0144191552544453
19.1271793422769,0.797784271712028,0.00531871654216041,-0.00874458761629478,-0.00500661914075312,0.0117500882275775,-0.0184023185297808,0,0,0,0,0,0,0,0,0,1.14573808307927,0.0292929817900099,-0.0143297036851868
19.137183097163,0.797837042465709,0.00523159028353912,-0.00867407493309148,-0.00488999290516606,0.0115666082409398,-0.018279707794868,0,0,0,0,0,0,0,0,0,1.14603040587391,0.0291500767089393,-0.0142409144615418
19.1471868520492,0.79788894516278,0.00514517086664508,-0.00860327331884629,-0.0047751960035716,0.0113843607173732,-0.018155920868318,0,0,0,0,0,0,0,0,0,1.14632130352388,0.0290080565547547,-0.0141527819378264
19.1571906069353,0.797939986888673,0.00505946115216035,-0.00853218872704636,-0.00466221604810188,0.0112033573498447,-0.0180309724546431,0,0,0,0,0,0,0,0,0,1.14661078484891,0.0288669147860136,-0.0140653005676466
19.1671943618214,0.797990174757134,0.00497446394081748,-0.00846082718961287,-0.00455104053465469,0.0110236096831134,-0.0179048774799651,0,0,0,0,0,0,0,0,0,1.14689885860356,0.0287266449161978,-0.0139784648928045
19.1771981167076,0.798039515909626,0.00489018197261374,-0.00838919481722392,-0.00444165684438796,0.0108451291115088,-0.0177776510929256,0,0,0,0,0,0,0,0,0,1.14718553347779,0.0285872405130697,-0.0138922694290324
19.1872018715937,0.798088017514716,0.00480661792602127,-0.00831729779963641,-0.004334052245235,0.0106679268767001,-0.0176493086655969,0,0,0,0,0,0,0,0,0,1.14747081809749,0.0284486951998376,-0.0138067087386563
19.1972056264798,0.798135686767454,0.00472377441719447,-0.00824514240600843,-0.00422821389344277,0.0104920140654569,-0.0175198657943924,0,0,0,0,0,0,0,0,0,1.14775472102501,0.0283110026530583,-0.0137217774982692
19.2072093813659,0.798182530888745,0.00464165399917427,-0.00817273498522173,-0.00412412883513383,0.0103174016074001,-0.0173893383009771,0,0,0,0,0,0,0,0,0,1.14803725075973,0.0281741566024483,-0.0136374704027695
19.2172131362521,0.798228557124717,0.0045602591610887,-0.00810008196620388,-0.00402178400788825,0.0101441002727443,-0.0172577422331785,0,0,0,0,0,0,0,0,0,1.14831841573856,0.0280381508307061,-0.0135537822236038
19.2272168911382,0.798273772746074,0.00447959232735072,-0.00802718985825053,-0.0039211662423505,0.00997212067003022,-0.0171250938658974,0,0,0,0,0,0,0,0,0,1.14859822433647,0.0279029791721585,-0.0134707076867327
19.2372206460243,0.798318185047448,0.00439965585685251,-0.00795406525134777,-0.00382226226385798,0.00980147324384868,-0.0169914097020177,0,0,0,0,0,0,0,0,0,1.14887668486702,0.0277686355150246,-0.0133882416828619
19.2472244009105,0.798361801346735,0.0043204520421567,-0.0078807148164945,-0.0037250586940929,0.00963216827255647,-0.0168567064733179,0,0,0,0,0,0,0,0,0,1.1491538055829,0.0276351137958553,-0.0133063791548386
19.2572281557966,0.798404628984433,0.00424198310868446,-0.00780714530602454,-0.00362954205275601,0.00946421586597976,-0.0167210011413817,0,0,0,0,0,0,0,0,0,1.14942959467635,0.0275024080040508,-0.0132251149001793
19.2672319106827,0.798446675322962,0.00416425121389986,-0.00773336355392915,-0.00353569875926404,0.00929762596311317,-0.0165843108985074,0,0,0,0,0,0,0,0,0,1.1497040602798,0.0273705121802508,-0.0131444440148264
19.2772356655688,0.79848794774598,0.00408725844649182,-0.00765937647617924,-0.00344351513447128,0.00913240832980536,-0.0164466531686206,0,0,0,0,0,0,0,0,0,1.14997721046627,0.0272394204119733,-0.0130643615314877
19.287239420455,0.798528453657695,0.00401100682555199,-0.00758519107104739,-0.00335297740241211,0.00896857255643766,-0.0163080456081829,0,0,0,0,0,0,0,0,0,1.15024905324988,0.0271091268392412,-0.0129848624745503
19.2972431753411,0.798568200482161,0.00393549829975023,-0.00751081441943075,-0.00326407169206863,0.00880612805559449,-0.0161685061071036,0,0,0,0,0,0,0,0,0,1.15051959658642,0.0269796256491223,-0.0129059420342547
19.3072469302272,0.798607195662569,0.00386073474650612,-0.00743625368517282,-0.00317678403916091,0.00864508405972157,-0.0160280527896499,0,0,0,0,0,0,0,0,0,1.15078884837371,0.0268509110778707,-0.0128275952649414
19.3172506851134,0.798645446660532,0.00378671797115757,-0.00736151611538595,-0.0030911003879604,0.00848544961877834,-0.0158867040153581,0,0,0,0,0,0,0,0,0,1.1510568164522,0.0267229774115045,-0.0127498174811031
19.3272544399995,0.798682960955361,0.00371344970612644,-0.00728660904077362,-0.00300700659312833,0.0083272335978797,-0.0157444783799431,0,0,0,0,0,0,0,0,0,1.15132350860542,0.0265958189800231,-0.0126726039972321
19.3372581948856,0.798719746043327,0.00364093161008061,-0.0072115398759527,-0.00292448842157472,0.00817044467492744,-0.0156013947162101,0,0,0,0,0,0,0,0,0,1.15158893256035,0.0264694301631899,-0.0125959499242475
19.3472619497717,0.798755809436922,0.00356916526709278,-0.00713631611977585,-0.00284353155434536,0.00801509133823598,-0.0154574720949648,0,0,0,0,0,0,0,0,0,1.15185309598807,0.0263438053888228,-0.01251985078077
19.3572657046579,0.798791158664111,0.00349815218579618,-0.00706094535565374,-0.00276412158852862,0.00786118188414505,-0.0153127298259243,0,0,0,0,0,0,0,0,0,1.1521160065041,0.0262189391263465,-0.0124443018957138
19.367269459544,0.798825801267565,0.00342789379853756,-0.00698543525187727,-0.00268624403918896,0.007708724414626,-0.0151671874586271,0,0,0,0,0,0,0,0,0,1.15237767166886,0.0260948258970354,-0.0123692985652662
19.3772732144301,0.798859744803902,0.00335839146052554,-0.00690979356194012,-0.00260988434132264,0.00755772683487894,-0.0150208647833444,0,0,0,0,0,0,0,0,0,1.15263809898824,0.0259714602644259,-0.0122948365510042
19.3872769693163,0.798892996842908,0.00328964644897761,-0.00683402812486073,-0.00253502785183887,0.00740819685091779,-0.0148737818319903,0,0,0,0,0,0,0,0,0,1.1528972959139,0.0258488368345929,-0.0122209112090219
19.3972807242024,0.798925564966752,0.00322165996226229,-0.00675814686550486,-0.00246165985156363,0.00726014196715019,-0.0147259588790327,0,0,0,0,0,0,0,0,0,1.15315526984381,0.0257269502639856,-0.0121475179952589
19.4072844790885,0.798957456769191,0.00315443311903907,-0.00668215779490775,-0.00238976554726938,0.00711356948394634,-0.0145774164424038,0,0,0,0,0,0,0,0,0,1.15341202812272,0.0256057952495941,-0.0120746526363462
19.4172882339746,0.798988679854773,0.00308796695739449,-0.00660606901059653,-0.00231933007372906,0.00696848649519772,-0.0144281752844104,0,0,0,0,0,0,0,0,0,1.1536675780425,0.0254853665333673,-0.0120023107768197
19.4272919888608,0.799019241838024,0.00302226243397546,-0.00652988869691221,-0.00225033849579129,0.00682489988586922,-0.0142782564126454,0,0,0,0,0,0,0,0,0,1.15392192684268,0.0253656588994373,-0.0119304880917231
19.4372957437469,0.799049150342627,0.00295732042311952,-0.00645362512533244,-0.00218277581048598,0.00668281632954003,-0.0141276810808978,0,0,0,0,0,0,0,0,0,1.15417508171081,0.0252466671762843,-0.0118591801773343
19.447299498633,0.7990784130006,0.00289314171598059,-0.0063772866547936,-0.00211662694914913,0.00654224228593623,-0.0139764707900628,0,0,0,0,0,0,0,0,0,1.15442704978293,0.0251283862361483,-0.0117883829022855
19.4573032535191,0.799107037451451,0.00282972701965369,-0.00630088173201286,-0.00205187677957561,0.00640318399845526,-0.0138246472890537,0,0,0,0,0,0,0,0,0,1.15467783814399,0.0250108109901678,-0.0117180920503411
19.4673070084053,0.799135031341341,0.00276707695629398,-0.00622441889181094,-0.00198851010819484,0.00626564749167807,-0.0136722325757117,0,0,0,0,0,0,0,0,0,1.15492745382823,0.0248939363949389,-0.0116483034047109
19.4773107632914,0.799162402322226,0.00270519206223458,-0.00614790675743398,-0.00192651168227298,0.0061296385688769,-0.0135192488977166,0,0,0,0,0,0,0,0,0,1.15517590381968,0.0247777574459678,-0.0115790129621616
19.4873145181775,0.799189158050993,0.00264407278710028,-0.00607135404087613,-0.00186586619213885,0.00599516280950954,-0.0133657187534975,0,0,0,0,0,0,0,0,0,1.15542319505246,0.0246622691799454,-0.0115102165364114
19.4973182730637,0.799215306188591,0.0025837194929177,-0.0059947695432018,-0.0018065582734359,0.00586222556670718,-0.0132116648931434,0,0,0,0,0,0,0,0,0,1.1556693344113,0.0245474666761348,-0.0114419100271556
19.5073220279498,0.799240854399147,0.0025241324532231,-0.00591816215486777,-0.00174857250939855,0.00573083196475206,-0.0130571103193142,0,0,0,0,0,0,0,0,0,1.15591432873187,0.0244333450532638,-0.0113740895127018
19.5173257828359,0.79926581034908,0.00246531185216611,-0.00584154085604567,-0.00169189343315451,0.00560098689654643,-0.0129020782881507,0,0,0,0,0,0,0,0,0,1.15615818480122,0.0243198994690589,-0.0113067509554256
19.527329537722,0.799290181706199,0.0024072577836111,-0.00576491471694427,-0.00163650553005223,0.00547269502107192,-0.0127465923101856,0,0,0,0,0,0,0,0,0,1.15640090935816,0.0242071251230306,-0.0112398904164388
19.5373332926082,0.799313976138797,0.00234997025023434,-0.00568829289813176,-0.00158239324001294,0.00534596076084087,-0.012590676151254,0,0,0,0,0,0,0,0,0,1.15664250909368,0.0240950172517129,-0.0111735041060663
19.5473370474943,0.799337201314734,0.00229344916261894,-0.00561168465085798,-0.00152954095991026,0.00522078829933641,-0.0124343538334044,0,0,0,0,0,0,0,0,0,1.15688299065128,0.0239835711304382,-0.011107587899042
19.5573408023804,0.799359864900511,0.00223769433834567,-0.0055350993173766,-0.00147793304597296,0.00509718157844629,-0.0122776496358083,0,0,0,0,0,0,0,0,0,1.15712236062745,0.0238727820782766,-0.0110421381937327
19.5673445572666,0.799381974560335,0.0021827055010812,-0.00545854633126811,-0.00142755381621568,0.0049751442958857,-0.0121205880956724,0,0,0,0,0,0,0,0,0,1.157360625572,0.0237626454426205,-0.0109771512681351
19.5773483121527,0.799403537955175,0.00212848227966302,-0.00538203521776101,-0.00137838755289388,0.00485467990260992,-0.0119631940091478,0,0,0,0,0,0,0,0,0,1.15759779198836,0.0236531566170079,-0.0109126229914366
19.5873520670388,0.79942456274181,0.00207502420718034,-0.0053055755940549,-0.0013304185049858,0.00473579160022192,-0.0118054924322415,0,0,0,0,0,0,0,0,0,1.15783386633416,0.0235443110314784,-0.0108485499186357
19.5973558219249,0.799445056571864,0.00202233072005355,-0.00522917716964269,-0.00128363089069977,0.00461848233836653,-0.011647508681726,0,0,0,0,0,0,0,0,0,1.1580688550214,0.0234361041484959,-0.0107849282768338
19.6073595768111,0.799465027090836,0.00197040115710802,-0.00515284974663272,-0.00123800890000755,0.00450275481211731,-0.0114892683360518,0,0,0,0,0,0,0,0,0,1.15830276441694,0.0233285314735865,-0.010721754257849
19.6173633316972,0.799484481937118,0.00191923475864714,-0.00507660322007113,-0.00119353669720459,0.0043886114593554,-0.011330797236256,0,0,0,0,0,0,0,0,0,1.15853560084283,0.0232215885454063,-0.0106590245543113
19.6273670865833,0.799503428741007,0.00186883066552,-0.00500044757826409,-0.0011501984234949,0.00427605445813646,-0.0111721214868741,0,0,0,0,0,0,0,0,0,1.15876737057669,0.0231152709356534,-0.010596735483942
19.6373708414695,0.799521875123705,0.00181918791818787,-0.00492439290310023,-0.00110797819960542,0.00416508572405129,-0.0110132674568503,0,0,0,0,0,0,0,0,0,1.15899807985196,0.0230095742566573,-0.010534883124083
19.6473745963556,0.799539828696304,0.00177030545578551,-0.00484844937037276,-0.00106686012842344,0.00405570690757641,-0.010854261780448,0,0,0,0,0,0,0,0,0,1.15922773485848,0.0229044941585987,-0.0104734642005776
19.6573783512417,0.799557297058779,0.00172218211518026,-0.00477262725010203,-0.00102682829766243,0.00394791939141389,-0.0106951313581608,0,0,0,0,0,0,0,0,0,1.15945634174267,0.0228000263193148,-0.010412475343654
19.6673821061278,0.799574287798948,0.00167481663002856,-0.00469693690685766,-0.000987866782554164,0.0038417242878251,-0.0105359033576228,0,0,0,0,0,0,0,0,0,1.15968390660788,0.0226961664564072,-0.0103519129777491
19.677385861014,0.799590808491446,0.00162820762982758,-0.00462138880008065,-0.000949959648567728,0.00373712243595287,-0.0103766052145192,0,0,0,0,0,0,0,0,0,1.15991043551484,0.022592910319251,-0.0102917735023388
19.6873896159001,0.799606866696668,0.00158235363896526,-0.0045459934844062,-0.0009130909541544,0.0036341143991354,-0.0102172646334974,0,0,0,0,0,0,0,0,0,1.16013593448187,0.0224902536974853,-0.0102320535892538
19.6973933707862,0.799622469959721,0.00153725307576558,-0.00447076160998536,-0.000877244753520884,0.00353270046221196,-0.0100579095890768,0,0,0,0,0,0,0,0,0,1.16036040948547,0.0223881924070737,-0.0101727502115239
19.7073971256723,0.799637625809353,0.00149290425153254,-0.004395703922808,-0.000842405099428983,0.0034328806288169,-0.00989856832656079,0,0,0,0,0,0,0,0,0,1.16058386646024,0.0222867222982175,-0.0101138595484112
19.7174008805585,0.799652341756881,0.00144930536958859,-0.00432083126502434,-0.000808556046021813,0.00333465461866783,-0.00973926936294515,0,0,0,0,0,0,0,0,0,1.16080631129964,0.0221858392633237,-0.0100553782661995
19.7274046354446,0.799666625295102,0.00140645452431204,-0.00424615457526821,-0.000775681651678017,0.00323802186484281,-0.00958004148783094,0,0,0,0,0,0,0,0,0,1.16102774985611,0.0220855392192928,-0.00999730347825628
19.7374083903307,0.799680483897204,0.00136434970016963,-0.00417168488897847,-0.000743765981892408,0.00314298151104811,-0.00942091376433445,0,0,0,0,0,0,0,0,0,1.1612481879414,0.0219858181162863,-0.00993963171330143
19.7474121452169,0.799693925015654,0.00132298877074671,-0.00409743333872157,-0.00071279311218525,0.00304953240887731,-0.00926191552999672,0,0,0,0,0,0,0,0,0,1.16146763132692,0.0218866719406563,-0.00988235969641638
19.757415900103,0.799706956081092,0.00128236949777424,-0.00402341115451433,-0.000682747131037081,0.00295767311506338,-0.00910307639769565,0,0,0,0,0,0,0,0,0,1.16168608574414,0.0217880967080873,-0.00982548440174044
19.7674196549891,0.799719584501201,0.00124248953015178,-0.0039496296641455,-0.000653612142853144,0.00286740188871667,-0.00894442625655564,0,0,0,0,0,0,0,0,0,1.16190355688472,0.0216900884654713,-0.00976900238572792
19.7774234098752,0.799731817659578,0.00120334640296837,-0.00387610029349859,-0.000625372270954827,0.00277871668855988,-0.00878599527285936,0,0,0,0,0,0,0,0,0,1.16212005040107,0.0215926432973896,-0.009712910814443
19.7874271647614,0.799743662914586,0.00116493753651894,-0.00380283456687384,-0.000598011660596948,0.0026916151701487,-0.00862781389095611,0,0,0,0,0,0,0,0,0,1.16233557190651,0.0214957573074343,-0.00965720640020882
19.7974309196475,0.799755127598204,0.00112726023531897,-0.00372984410731075,-0.000571514482016922,0.00260609468308618,-0.00846991283417564,0,0,0,0,0,0,0,0,0,1.16255012697546,0.0213994266459647,-0.00960188559464222
19.8074346745336,0.799766219014862,0.00109031168711434,-0.00365714063691034,-0.000545864933507473,0.00252215226822905,-0.00831232310573596,0,0,0,0,0,0,0,0,0,1.16276372114425,0.0213036474875674,-0.00954694626827008
19.8174384294198,0.79977694444027,0.00105408896188902,-0.00358473597715722,-0.000521047244518985,0.00243978465487945,-0.00815507598965536,0,0,0,0,0,0,0,0,0,1.16297635991075,0.0212084160252071,-0.00949238502303129
19.8274421843059,0.799787311120233,0.00101858901086976,-0.0035126420492423,-0.000497045678792885,0.00235898825797521,-0.00799820305166329,0,0,0,0,0,0,0,0,0,1.16318804873512,0.0211137285014571,-0.00943819857735101
19.837445939192,0.799797326269458,0.000983808665526026,-0.00344087087438461,-0.000473844537517115,0.00227975917526486,-0.00784173614010917,0,0,0,0,0,0,0,0,0,1.16339879304007,0.0210195811749383,-0.00938438436521056
19.8474496940781,0.799806997070354,0.000949744636568724,-0.00336943457415413,-0.000451428162516476,0.00220209318447611,-0.00768570738687589,0,0,0,0,0,0,0,0,0,1.16360859821089,0.0209259703395635,-0.00933093901073728
19.8574534489643,0.799816330671813,0.000916393512943862,-0.00329834537079359,-0.000429780939466134,0.00212598574047566,-0.007530149208288,0,0,0,0,0,0,0,0,0,1.16381746959614,0.0208328923214966,-0.0092778597942624
19.8674572038504,0.799825334187993,0.000883751760824704,-0.00322761558754101,-0.00040888730113714,0.00205143197241891,-0.00737509430602273,0,0,0,0,0,0,0,0,0,1.1640254125076,0.0207403434690642,-0.00922514369214378
19.8774609587365,0.79983401469708,0.000851815722598806,-0.0031572576489521,-0.000388731730667696,0.00197842668088976,-0.00722057566802205,0,0,0,0,0,0,0,0,0,1.16423243222077,0.0206483201689256,-0.00917278805959629
19.8874647136227,0.799842379240051,0.00082058161585373,-0.00308728408122221,-0.000369298764865023,0.00190696433503419,-0.00706662656940186,0,0,0,0,0,0,0,0,0,1.16443853397516,0.020556818822323,-0.00912079036332855
19.8974684685088,0.799850434819411,0.000790045532358424,-0.00301770751250906,-0.000350572997536241,0.00183703906968102,-0.00691328057336301,0,0,0,0,0,0,0,0,0,1.16464372297425,0.0204658358666006,-0.00906914696287814
19.9074722233949,0.799858188397937,0.000760203437041161,-0.00294854067325475,-0.000332539082845501,0.00176864468245658,-0.00676057153210196,0,0,0,0,0,0,0,0,0,1.16484800438626,0.0203753677758372,-0.00901785508643479
19.917475978281,0.799865646897401,0.000731051166965292,-0.00287979639650816,-0.000315181738703291,0.00170177463088918,-0.0066085335877219,0,0,0,0,0,0,0,0,0,1.16505138334414,0.020285411042834,-0.00896691285302821
19.9274797331672,0.799872817197288,0.000702584430300614,-0.00281148761824718,-0.000298485750182681,0.0016364220295034,-0.00645720117314241,0,0,0,0,0,0,0,0,0,1.16525386494593,0.0201959621793033,-0.00891631710200719
19.9374834880533,0.799879706133496,0.000674798805292955,-0.00274362737770105,-0.000282435972964734,0.00157257964690726,-0.00630660901301059,0,0,0,0,0,0,0,0,0,1.1654554542548,0.020107017741283,-0.00886606494396572
19.9474872429394,0.799886320497037,0.00064768973922847,-0.00267622881767279,-0.000267017336814446,0.0015102399028691,-0.00615679212461214,0,0,0,0,0,0,0,0,0,1.16565615629988,0.0200185742982954,-0.00881615365313349
19.9574909978256,0.799892667032719,0.00062125254739704,-0.00260930518486111,-0.000252214849084276,0.00144939486538449,-0.00600778581878124,0,0,0,0,0,0,0,0,0,1.1658559760757,0.0199306284609143,-0.00876657999175656
19.9674947527117,0.799898752437821,0.000595482412050305,-0.00254286983018332,-0.000238013598248543,0.00139003624773752,-0.00585962570081153,0,0,0,0,0,0,0,0,0,1.16605491854358,0.0198431768634411,-0.00871734267682549
19.9774985075978,0.799904583360757,0.000570374381358381,-0.00247693620909704,-0.000224398757466049,0.00133215540554769,-0.00571234767136662,0,0,0,0,0,0,0,0,0,1.16625298863071,0.0197562161421196,-0.00866843849221976
19.9875022624839,0.799910166399727,0.0005459233683619,-0.00241151788192282,-0.000211355588173645,0.00127574333381223,-0.00556598792739087,0,0,0,0,0,0,0,0,0,1.1664501912311,0.0196697429955978,-0.00861986430835061
19.9975060173701,0.799915508101364,0.000522124149921449,-0.00234662851416627,-0.000198869443707617,0.00122079066393769,-0.00542058296301967,0,0,0,0,0,0,0,0,0,1.16664653120591,0.0195837541227347,-0.00857161811944136
20.0075097722562,0.799920614959364,0.000498971365663937,-0.00228228187684059,-0.000186925772956759,0.00116728766076107,-0.00527616957049095,0,0,0,0,0,0,0,0,0,1.16684201338309,0.019498246262309,-0.00852369694899964
20.0175135271423,0.799925493413108,0.000476459516925001,-0.00221849184678872,-0.000175510124044764,0.0011152242195647,-0.00513278484105453,0,0,0,0,0,0,0,0,0,1.16703664255854,0.0194132161727319,-0.00847609906526791
20.0275172820284,0.799930149846274,0.000454582965689752,-0.00215527240700545,-0.000164608148039758,0.00106458986307981,-0.00499046616588344,0,0,0,0,0,0,0,0,0,1.16723042349538,0.0193286606274301,-0.488314924601041
20.0375210369146,0.799934590585437,0.000433335933527686,-0.00209263764696008,-0.000154205602699103,0.00101537373848036,-0.00484925123698469,0,0,0,0,0,0,0,0,0,1.16742336092493,0.00964325054683804,-0.966070282981076
20.0475247918007,0.799938821898659,0.0004127125005274,-0.00203060176291866,-0.00014428835623953,0.000967564614372128,-0.00470917804811034,0,0,0,0,0,0,0,0,0,1.16742336092493,0,-0.481981548758762
20.0575285466868,0.799942849994069,0.000392706604225655,-0.00196917905826582,-0.000134842391140783,0.000921150877765621,-0.00457028489566629,0,0,0,0,0,0,0,0,0,1.16742336092493,0,0
20.067532301573,0.79994668101843,0.000373312038534857,-0.00190838394382782,-0.000125853807976445,0.000876120531047187,-0.0044326103796246,0,0,0,0,0,0,0,0,0,1.16742336092493,0,0
20.0775360564591,0.7999503210557,0.000354522452666074,-0.00184823093819428,-0.000117308829279295,0.000832461188935954,-0.00429619340443398,0,0,0,0,0,0,0,0,0,1.16742336092493,0,0
20.0875398113452,0.799953776125576,0.000336331350049332,-0.00178873466804061,-0.000109193803431717,0.000790160075433297,-0.00416107317992983,0,0,0,0,0,0,0,0,0,1.16742336092493,0,0
20.0975435662313,0.79995705218203,0.000318732087251701,-0.00172990986845047,-0.000101495208591457,0.00074920402076432,-0.00402728922224505,0,0,0,0,0,0,0,0,0,1.16742336092493,0,0
20.1075473211175,0.799960155111837,0.000301717872889684,-0.00167177138323785,-9.41996566465875e-05,0.00070957945830839,-0.00389488135472077,0,0,0,0,0,0,0,0,0,1.16742336092493,0,0
20.1175510760036,0.799963090733087,0.000285281766541495,-0.0016143341652697,-8.72938971989978e-05,0.000671272421520848,-0.00376388970881694,0,0,0,0,0,0,0,0,0,1.16742336092493,0,0
20.1275548308897,0.799965864793692,0.00026941667765306,-0.00155761327678761,-8.0764821582896e-05,0.000634268540848213,-0.00363435472502267,0,0,0,0,0,0,0,0,0,1.16742336092493,0,0
20.1375585857759,0.799968482969873,0.000254115364443364,-0.00150162388973086,-7.45994669102412e-05,0.000598553040629309,-0.00350631715376758,0,0,0,0,0,0,0,0,0,1.16742336092493,0,0
20.147562340662,0.799970950864648,0.000239370432804704,-0.00144638128605831,-6.87850201485374e-05,0.000564110735992438,-0.00337981805633202,0,0,0,0,0,0,0,0,0,1.16742336092493,0,0
20.1575660955481,0.799973274006297,0.000225174335200848,-0.00139190085807048,-6.33088222320166e-05,0.000530926029740023,-0.00325489880575686,0,0,0,0,0,0,0,0,0,1.16742336092493,0,0
20.1675698504342,0.799975457846827,0.000211519369561611,-0.00133819810873241,-5.81583722004397e-05,0.000498982909225533,-0.00313160108775601,0,0,0,0,0,0,0,0,0,1.16742336092493,0,0
20.1775736053204,0.799977507760417,0.000198397678173895,-0.00128528865199561,-5.33213313713143e-05,0.000468264943220525,-0.00300996690162496,0,0,0,0,0,0,0,0,0,1.16742336092493,0,0
20.1875773602065,0.799979429041853,0.000185801246570229,-0.00123318821312041,-4.87855275418114e-05,0.000438755278774937,-0.00289003856115305,0,0,0,0,0,0,0,0,0,1.16742336092493,0,0
20.1975811150926,0.799981226904963,0.000173721902413083,-0.00118191262899812,-4.45389592257928e-05,0.000410436638063215,-0.00277185869553336,0,0,0,0,0,0,0,0,0,1.16742336092493,0,0
20.2075848699788,0.799982906481022,0.000162151314377031,-0.00113147784847372,-4.05697999186216e-05,0.000383291315228532,-0.00265547025027289,0,0,0,0,0,0,0,0,0,1.16742336092493,0,0
20.2175886248649,0.799984472817163,0.000151080991026946,-0.00108189993266766,-3.6866402393837e-05,0.000357301173209785,-0.00254091648810464,0,0,0,0,0,0,0,0,0,1.16742336092493,0,0
20.227592379751,0.799985930874766,0.000140502279693359,-0.00103319505529867,-3.34173030350216e-05,0.000332447640566611,-0.00242824098989616,0,0,0,0,0,0,0,0,0,1.16742336092493,0,0
20.2375961346371,0.799987285527842,0.00013040636534406,-0.000985379503005573,-3.02112261942877e-05,0.000308711708291967,-0.00231748765556228,0,0,0,0,0,0,0,0,0,1.16742336092493,0,0
20.2475998895233,0.799988541561401,0.000120784269453278,-0.000938469675669859,-2.72370885888717e-05,0.000286073926613033,-0.00220870070497448,0,0,0,0,0,0,0,0,0,1.16742336092493,0,0
20.2576036444094,0.799989703669812,0.000111626848867431,-0.000892482086738119,-2.4484003723152e-05,0.000264514401790162,-0.00210192467887186,0,0,0,0,0,0,0,0,0,1.16742336092493,0,0
20.2676073992955,0.799990776455147,0.000102924794666538,-0.000847433363544053,-2.19412863491919e-05,0.000244012792899487,-0.00199720443977167,0,0,0,0,0,0,0,0,0,1.16742336092493,0,0
20.2776111541817,0.799991764425525,9.46686310240238e-05,-0.000803340247630704,-1.95984569542063e-05,0.000224548308609989,-0.00189458517287985,0,0,0,0,0,0,0,0,0,1.16742336092493,0,0
20.2876149090678,0.799992671993428,8.68487140626914e-05,-0.000760219595073229,-1.74452462824715e-05,0.000206099703951607,-0.00179411238700178,0,0,0,0,0,0,0,0,0,1.16742336092493,0,0
20.2976186639539,0.799993503474019,7.94552307066612e-05,-0.000718088376800748,-1.54715998919308e-05,0.000188645277072522,-0.00169583191545331,0,0,0,0,0,0,0,0,0,1.16742336092493,0,0
20.30762241884,0.799994263083441,7.24781975316724e-05,-0.00067696367891875,-1.36676827373339e-05,0.000172162865988573,-0.00159978991697112,0,0,0,0,0,0,0,0,0,1.16742336092493,0,0
20.3176261737262,0.799994954937109,6.59074596101941e-05,-0.000636862703031395,-1.20238837934827e-05,0.00015662984532441,-0.00150603287662236,0,0,0,0,0,0,0,0,0,1.16742336092493,0,0
20.3276299286123,0.79999558304799,5.9732689355621e-05,-0.000597802766564124,-1.05308207037635e-05,0.000142023123041753,-0.00141460760671697,0,0,0,0,0,0,0,0,0,1.16742336092493,0,0
20.3376336834984,0.799996151324865,5.39433853610563e-05,-0.000559801303085481,-9.17934446717505e-06,0.000128319137165172,-0.00132556124771703,0,0,0,0,0,0,0,0,0,1.16742336092493,0,0
20.3476374383845,0.799996663570588,4.85288712364501e-05,-0.000522875862629551,-7.9605441558328e-06,0.000115493852489745,-0.0012389412691483,0,0,0,0,0,0,0,0,0,1.16742336092493,0,0
20.3576411932707,0.79999712348033,4.34782944411793e-05,-0.000487044112018559,-6.86575166397585e-06,0.000103522757288666,-0.0011547954705098,0,0,0,0,0,0,0,0,0,1.16742336092493,0,0
20.3676449481568,0.799997534639809,3.87806251149758e-05,-0.000452323835184775,-5.88654649344433e-06,9.23808600073652e-05,-0.00107317198218575,0,0,0,0,0,0,0,0,0,1.16742336092493,0,0
20.3776487030429,0.79999790052351,3.44246549041569e-05,-0.000418732933492908,-5.0147605672457e-06,8.20426859456875e-05,-0.000994119266354621,0,0,0,0,0,0,0,0,0,1.16742336092493,0,0
20.3876524579291,0.799998224492899,3.03989957856285e-05,-0.000386289426062677,-4.24248308475428e-06,7.24822739376968e-05,-0.000917686117901315,0,0,0,0,0,0,0,0,0,1.16742336092493,0,0
20.3976562128152,0.799998509794609,2.66920788868225e-05,-0.000355011450090784,-3.56206539781079e-06,6.36731730180922e-05,-0.000843921665326666,0,0,0,0,0,0,0,0,0,1.16742336092493,0,0
20.4076599677013,0.799998759558637,2.32921533033295e-05,-0.000324917261173296,-2.96612593450596e-06,5.55884390774624e-05,-0.000772875371658807,0,0,0,0,0,0,0,0,0,1.16742336092493,0,0
20.4176637225874,0.799998976796508,2.01872849127788e-05,-0.000296025233628121,-2.44755514405837e-06,4.82006315150278e-05,-0.000704597035363616,0,0,0,0,0,0,0,0,0,1.16742336092493,0,0
20.4276674774736,0.799999164399441,1.73653551851019e-05,-0.00026835386081694,-1.99952048188234e-06,4.14818098764275e-05,-0.000639136791254317,0,0,0,0,0,0,0,0,0,1.16742336092493,0,0
20.4376712323597,0.799999325136496,1.48140599907087e-05,-0.000241921755467994,-1.61547142862872e-06,3.54035304845988e-05,-0.000576545111403849,0,0,0,0,0,0,0,0,0,1.16742336092493,0,0
20.4476749872458,0.799999461652713,1.25209084041802e-05,-0.000216747649998017,-1.28914453773055e-06,2.99368430614006e-05,-0.000516872806054877,0,0,0,0,0,0,0,0,0,1.16742336092493,0,0
20.457678742132,0.799999576467237,1.0473221506109e-05,-0.00019285039683454,-1.01456852397153e-06,2.50522873401684e-05,-0.000460171024528722,0,0,0,0,0,0,0,0,0,1.16742336092493,0,0
20.4676824970181,0.799999671971429,8.65813117956193e-06,-0.000170248968738387,-7.86069378866383e-07,2.07198896692478e-05,-0.000406491256139244,0,0,0,0,0,0,0,0,0,1.16742336092493,0,0
20.4776862519042,0.799999750426971,7.06257890630696e-06,-0.000148962459125883,-5.9827552612024e-07,1.690915960693e-05,-0.000355885331100675,0,0,0,0,0,0,0,0,0,1.16742336092493,0,0
20.4876900067903,0.799999813963952,5.67331455698927e-06,-0.000129010082391202,-4.46123006925259e-07,1.35890865040691e-05,-0.000308405421439693,0,0,0,0,0,0,0,0,0,1.16742336092493,0,0
20.4976937616765,0.799999864578947,4.47689517962813e-06,-0.00011041117422845,-3.24860702505259e-07,1.07281360831142e-05,-0.000264104041904724,0,0,0,0,0,0,0,0,0,1.16742336092493,0,0
20.5076975165626,0.799999904133082,3.45968378524797e-06,-9.31851919541028e-05,-2.3005558844047e-07,8.29424700357455e-06,-0.000223034050878437,0,0,0,0,0,0,0,0,0,1.16742336092493,0,0
20.5177012714487,0.799999934350085,2.60784812800008e-06,-7.73517148297304e-05,-1.57598023464711e-07,6.25482741950425e-06,-0.000185248651287134,0,0,0,0,0,0,0,0,0,1.16742336092493,0,0
20.5277050263349,0.79999995681433,1.90735948539522e-06,-6.29304443832686e-05,-1.03707076842818e-07,4.5767515300223e-06,-0.000150801391511149,0,0,0,0,0,0,0,0,0,1.16742336092493,0,0
20.537708781221,0.799999972968861,1.34399143233987e-06,-4.99412047324428e-05,-6.4935884308559e-08,3.22635611632073e-06,-0.000119746166296515,0,0,0,0,0,0,0,0,0,1.16742336092493,0,0
20.5477125361071,0.799999984113412,9.03318613840187e-07,-3.84039429064454e-05,-3.81770425550432e-08,2.16943707441204e-06,-9.21372176648783e-05,0,0,0,0,0,0,0,0,0,1.16742336092493,0,0
20.5577162909932,0.799999991402407,5.70715513611986e-07,-2.83387291681435e-05,-2.06680394743142e-08,1.37124593468582e-06,-6.8029135824127e-05,0,0,0,0,0,0,0,0,0,1.16742336092493,0,0
20.5677200458794,0.799999995842956,3.31355219512774e-07,-1.97657573368453e-05,-9.99671301293859e-09,7.96486375630699e-07,-4.74768600791445e-05,0,0,0,0,0,0,0,0,0,1.16742336092493,0,0
20.5777238007655,0.799999998292831,1.70208185767962e-07,-1.27053451101592e-05,-4.10675421447237e-09,4.0931072699691e-07,-3.05356797429129e-05,0,0,0,0,0,0,0,0,0,1.16742336092493,0,0
20.5877275556516,0.799999999458433,7.20409929974575e-08,-7.17793438656782e-06,-1.30323582481218e-09,1.73316463222828e-07,-1.72612350456541e-05,0,0,0,0,0,0,0,0,0,1.16742336092493,0,0
20.5977313105377,0.799999999892746,2.14151031144305e-08,-3.2040915877397e-06,-2.58183197043849e-10,5.15426854140119e-08,-7.7095180475717e-06,0,0,0,0,0,0,0,0,0,1.16742336092493,0,0
20.6077350654239,0.79999999999328,2.68561222566133e-09,-8.04507980471138e-07,-1.61770596918132e-11,6.46660596077819e-09,-1.93687354795719e-06,0,0,0,0,0,0,0,0,0,1.16742336092493,0,0
20.61773882031,0.800000000000001,6.59194920871187e-16,5.00901403688303e-16,7.32747196252603e-15,4.79217360238593e-15,3.77475828372553e-15,0,0,0,0,0,0,0,0,0,1.16742336092493,0,0
