t,x,vx,ax,y,vy,ay,z,vz,az,roll,wx,alphax,pitch,wy,alphay,yaw,wz,alphaz

0,0,0,0,0,0,0,0,0,0,0,0,0,0,0,0,0,0,0
0.01,0,0,0,0,0,0,0,0,0,0,0,0,0,0,0,0,0,0
0.02,0,0,0,0,0,0,0,0,0,0,0,0,0,0,0,0,0,0
0.03,0,0,0,0,0,0,0,0,0,0,0,0,0,0,0,0,0,0
0.04,0,0,0,0,0,0,0,0,0,0,0,0,0,0,0,0,0,0
0.05,0,0,0,0,0,0,0,0,0,0,0,0,0,0,0,0,0,0
0.06,0,0,0,0,0,0,0,0,0,0,0,0,0,0,0,0,0,0
0.07,0,0,0,0,0,0,0,0,0,0,0,0,0,0,0,0,0,0
0.08,0,0,0,0,0,0,0,0,0,0,0,0,0,0,0,0,0,0
0.09,0,0,0,0,0,0,0,0,0,0,0,0,0,0,0,0,0,0
0.1,0,0,0,0,0,0,0,0,0,0,0,0,0,0,0,0,0,0
0.11,0,0,0,0,0,0,0,0,0,0,0,0,0,0,0,0,0,0
0.12,0,0,0,0,0,0,0,0,0,0,0,0,0,0,0,0,0,0
0.13,0,0,0,0,0,0,0,0,0,0,0,0,0,0,0,0,0,0
0.14,0,0,0,0,0,0,0,0,0,0,0,0,0,0,0,0,0,0
0.15,0,0,0,0,0,0,0,0,0,0,0,0,0,0,0,0,0,0
0.16,0,0,0,0,0,0,0,0,0,0,0,0,0,0,0,0,0,0
0.17,0,0,0,0,0,0,0,0,0,0,0,0,0,0,0,0,0,0
0.18,0,0,0,0,0,0,0,0,0,0,0,0,0,0,0,0,0,0
0.19,0,0,0,0,0,0,0,0,0,0,0,0,0,0,0,0,0,0
0.2,0,0,0,0,0,0,0,0,0,0,0,0,0,0,0,0,0,0
0.21,0,0,0,0,0,0,0,0,0,0,0,0,0,0,0,0,0,0
0.22,0,0,0,0,0,0,0,0,0,0,0,0,0,0,0,0,0,0
0.23,0,0,0,0,0,0,0,0,0,0,0,0,0,0,0,0,0,0
0.24,0,0,0,0,0,0,0,0,0,0,0,0,0,0,0,0,0,0
0.25,0,0,0,0,0,0,0,0,0,0,0,0,0,0,0,0,0,0
0.26,0,0,0,0,0,0,0,0,0,0,0,0,0,0,0,0,0,0
0.27,0,0,0,0,0,0,0,0,0,0,0,0,0,0,0,0,0,0
0.28,0,0,0,0,0,0,0,0,0,0,0,0,0,0,0,0,0,0
0.29,0,0,0,0,0,0,0,0,0,0,0,0,0,0,0,0,0,0
0.3,0,0,0,0,0,0,0,0,0,0,0,0,0,0,0,0,0,0
0.31,0,0,0,0,0,0,0,0,0,0,0,0,0,0,0,0,0,0
0.32,0,0,0,0,0,0,0,0,0,0,0,0,0,0,0,0,0,0
0.33,0,0,0,0,0,0,0,0,0,0,0,0,0,0,0,0,0,0
0.34,0,0,0,0,0,0,0,0,0,0,0,0,0,0,0,0,0,0
0.35,0,0,0,0,0,0,0,0,0,0,0,0,0,0,0,0,0,0
0.36,0,0,0,0,0,0,0,0,0,0,0,0,0,0,0,0,0,0
0.37,0,0,0,0,0,0,0,0,0,0,0,0,0,0,0,0,0,0
0.38,0,0,0,0,0,0,0,0,0,0,0,0,0,0,0,0,0,0
0.39,0,0,0,0,0,0,0,0,0,0,0,0,0,0,0,0,0,0
0.4,0,0,0,0,0,0,0,0,0,0,0,0,0,0,0,0,0,0
0.41,0,0,0,0,0,0,0,0,0,0,0,0,0,0,0,0,0,0
0.42,0,0,0,0,0,0,0,0,0,0,0,0,0,0,0,0,0,0
0.43,0,0,0,0,0,0,0,0,0,0,0,0,0,0,0,0,0,0
0.44,0,0,0,0,0,0,0,0,0,0,0,0,0,0,0,0,0,0
0.45,0,0,0,0,0,0,0,0,0,0,0,0,0,0,0,0,0,0
0.46,0,0,0,0,0,0,0,0,0,0,0,0,0,0,0,0,0,0
0.47,0,0,0,0,0,0,0,0,0,0,0,0,0,0,0,0,0,0
0.48,0,0,0,0,0,0,0,0,0,0,0,0,0,0,0,0,0,0
0.49,0,0,0,0,0,0,0,0,0,0,0,0,0,0,0,0,0,0
0.5,0,0,0,0,0,0,0,0,0,0,0,0,0,0,0,0,0,0
0.51,0,0,0,0,0,0,0,0,0,0,0,0,0,0,0,0,0,0
0.52,0,0,0,0,0,0,0,0,0,0,0,0,0,0,0,0,0,0
0.53,0,0,0,0,0,0,0,0,0,0,0,0,0,0,0,0,0,0
0.54,0,0,0,0,0,0,0,0,0,0,0,0,0,0,0,0,0,0
0.55,0,0,0,0,0,0,0,0,0,0,0,0,0,0,0,0,0,0
0.56,0,0,0,0,0,0,0,0,0,0,0,0,0,0,0,0,0,0
0.57,0,0,0,0,0,0,0,0,0,0,0,0,0,0,0,0,0,0
0.58,0,0,0,0,0,0,0,0,0,0,0,0,0,0,0,0,0,0
0.59,0,0,0,0,0,0,0,0,0,0,0,0,0,0,0,0,0,0
0.6,0,0,0,0,0,0,0,0,0,0,0,0,0,0,0,0,0,0
0.61,0,0,0,0,0,0,0,0,0,0,0,0,0,0,0,0,0,0
0.62,0,0,0,0,0,0,0,0,0,0,0,0,0,0,0,0,0,0
0.63,0,0,0,0,0,0,0,0,0,0,0,0,0,0,0,0,0,0
0.64,0,0,0,0,0,0,0,0,0,0,0,0,0,0,0,0,0,0
0.65,0,0,0,0,0,0,0,0,0,0,0,0,0,0,0,0,0,0
0.66,0,0,0,0,0,0,0,0,0,0,0,0,0,0,0,0,0,0
0.67,0,0,0,0,0,0,0,0,0,0,0,0,0,0,0,0,0,0
0.68,0,0,0,0,0,0,0,0,0,0,0,0,0,0,0,0,0,0
0.69,0,0,0,0,0,0,0,0,0,0,0,0,0,0,0,0,0,0
0.7,0,0,0,0,0,0,0,0,0,0,0,0,0,0,0,0,0,0
0.71,0,0,0,0,0,0,0,0,0,0,0,0,0,0,0,0,0,0
0.72,0,0,0,0,0,0,0,0,0,0,0,0,0,0,0,0,0,0
0.73,0,0,0,0,0,0,0,0,0,0,0,0,0,0,0,0,0,0
0.74,0,0,0,0,0,0,0,0,0,0,0,0,0,0,0,0,0,0
0.75,0,0,0,0,0,0,0,0,0,0,0,0,0,0,0,0,0,0
0.76,0,0,0,0,0,0,0,0,0,0,0,0,0,0,0,0,0,0
0.77,0,0,0,0,0,0,0,0,0,0,0,0,0,0,0,0,0,0
0.78,0,0,0,0,0,0,0,0,0,0,0,0,0,0,0,0,0,0
0.79,0,0,0,0,0,0,0,0,0,0,0,0,0,0,0,0,0,0
0.8,0,0,0,0,0,0,0,0,0,0,0,0,0,0,0,0,0,0
0.81,0,0,0,0,0,0,0,0,0,0,0,0,0,0,0,0,0,0
0.82,0,0,0,0,0,0,0,0,0,0,0,0,0,0,0,0,0,0
0.83,0,0,0,0,0,0,0,0,0,0,0,0,0,0,0,0,0,0
0.84,0,0,0,0,0,0,0,0,0,0,0,0,0,0,0,0,0,0
0.85,0,0,0,0,0,0,0,0,0,0,0,0,0,0,0,0,0,0
0.86,0,0,0,0,0,0,0,0,0,0,0,0,0,0,0,0,0,0
0.87,0,0,0,0,0,0,0,0,0,0,0,0,0,0,0,0,0,0
0.88,0,0,0,0,0,0,0,0,0,0,0,0,0,0,0,0,0,0
0.89,0,0,0,0,0,0,0,0,0,0,0,0,0,0,0,0,0,0
0.9,0,0,0,0,0,0,0,0,0,0,0,0,0,0,0,0,0,0
0.91,0,0,0,0,0,0,0,0,0,0,0,0,0,0,0,0,0,0
0.92,0,0,0,0,0,0,0,0,0,0,0,0,0,0,0,0,0,0
0.93,0,0,0,0,0,0,0,0,0,0,0,0,0,0,0,0,0,0
0.94,0,0,0,0,0,0,0,0,0,0,0,0,0,0,0,0,0,0
0.95,0,0,0,0,0,0,0,0,0,0,0,0,0,0,0,0,0,0
0.96,0,0,0,0,0,0,0,0,0,0,0,0,0,0,0,0,0,0
0.97,0,0,0,0,0,0,0,0,0,0,0,0,0,0,0,0,0,0
0.98,0,0,0,0,0,0,0,0,0,0,0,0,0,0,0,0,0,0
0.99,0,0,0,0,0,0,0,0,0,0,0,0,0,0,0,0,0,0
1,0,0,0,0,0,0,0,0,0,0,0,0,0,0,0,0,0,0
1.01,0,0,0,0,0,0,0,0,0,0,0,0,0,0,0,0,0,0
1.02,0,0,0,0,0,0,0,0,0,0,0,0,0,0,0,0,0,0
1.03,0,0,0,0,0,0,0,0,0,0,0,0,0,0,0,0,0,0
1.04,0,0,0,0,0,0,0,0,0,0,0,0,0,0,0,0,0,0
1.05,0,0,0,0,0,0,0,0,0,0,0,0,0,0,0,0,0,0
1.06,0,0,0,0,0,0,0,0,0,0,0,0,0,0,0,0,0,0
1.07,0,0,0,0,0,0,0,0,0,0,0,0,0,0,0,0,0,0
1.08,0,0,0,0,0,0,0,0,0,0,0,0,0,0,0,0,0,0
1.09,0,0,0,0,0,0,0,0,0,0,0,0,0,0,0,0,0,0
1.1,0,0,0,0,0,0,0,0,0,0,0,0,0,0,0,0,0,0
1.11,0,0,0,0,0,0,0,0,0,0,0,0,0,0,0,0,0,0
1.12,0,0,0,0,0,0,0,0,0,0,0,0,0,0,0,0,0,0
1.13,0,0,0,0,0,0,0,0,0,0,0,0,0,0,0,0,0,0
1.14,0,0,0,0,0,0,0,0,0,0,0,0,0,0,0,0,0,0
1.15,0,0,0,0,0,0,0,0,0,0,0,0,0,0,0,0,0,0
1.16,0,0,0,0,0,0,0,0,0,0,0,0,0,0,0,0,0,0
1.17,0,0,0,0,0,0,0,0,0,0,0,0,0,0,0,0,0,0
1.18,0,0,0,0,0,0,0,0,0,0,0,0,0,0,0,0,0,0
1.19,0,0,0,0,0,0,0,0,0,0,0,0,0,0,0,0,0,0
1.2,0,0,0,0,0,0,0,0,0,0,0,0,0,0,0,0,0,0
1.21,0,0,0,0,0,0,0,0,0,0,0,0,0,0,0,0,0,0
1.22,0,0,0,0,0,0,0,0,0,0,0,0,0,0,0,0,0,0
1.23,0,0,0,0,0,0,0,0,0,0,0,0,0,0,0,0,0,0
1.24,0,0,0,0,0,0,0,0,0,0,0,0,0,0,0,0,0,0
1.25,0,0,0,0,0,0,0,0,0,0,0,0,0,0,0,0,0,0
1.26,0,0,0,0,0,0,0,0,0,0,0,0,0,0,0,0,0,0
1.27,0,0,0,0,0,0,0,0,0,0,0,0,0,0,0,0,0,0
1.28,0,0,0,0,0,0,0,0,0,0,0,0,0,0,0,0,0,0
1.29,0,0,0,0,0,0,0,0,0,0,0,0,0,0,0,0,0,0
1.3,0,0,0,0,0,0,0,0,0,0,0,0,0,0,0,0,0,0
1.31,0,0,0,0,0,0,0,0,0,0,0,0,0,0,0,0,0,0
1.32,0,0,0,0,0,0,0,0,0,0,0,0,0,0,0,0,0,0
1.33,0,0,0,0,0,0,0,0,0,0,0,0,0,0,0,0,0,0
1.34,0,0,0,0,0,0,0,0,0,0,0,0,0,0,0,0,0,0
1.35,0,0,0,0,0,0,0,0,0,0,0,0,0,0,0,0,0,0
1.36,0,0,0,0,0,0,0,0,0,0,0,0,0,0,0,0,0,0
1.37,0,0,0,0,0,0,0,0,0,0,0,0,0,0,0,0,0,0
1.38,0,0,0,0,0,0,0,0,0,0,0,0,0,0,0,0,0,0
1.39,0,0,0,0,0,0,0,0,0,0,0,0,0,0,0,0,0,0
1.4,0,0,0,0,0,0,0,0,0,0,0,0,0,0,0,0,0,0
1.41,0,0,0,0,0,0,0,0,0,0,0,0,0,0,0,0,0,0
1.42,0,0,0,0,0,0,0,0,0,0,0,0,0,0,0,0,0,0
1.43,0,0,0,0,0,0,0,0,0,0,0,0,0,0,0,0,0,0
1.44,0,0,0,0,0,0,0,0,0,0,0,0,0,0,0,0,0,0
1.45,0,0,0,0,0,0,0,0,0,0,0,0,0,0,0,0,0,0
1.46,0,0,0,0,0,0,0,0,0,0,0,0,0,0,0,0,0,0
1.47,0,0,0,0,0,0,0,0,0,0,0,0,0,0,0,0,0,0
1.48,0,0,0,0,0,0,0,0,0,0,0,0,0,0,0,0,0,0
1.49,0,0,0,0,0,0,0,0,0,0,0,0,0,0,0,0,0,0
1.5,0,0,0,0,0,0,0,0,0,0,0,0,0,0,0,0,0,0
1.51,0,0,0,0,0,0,0,0,0,0,0,0,0,0,0,0,0,0
1.52,0,0,0,0,0,0,0,0,0,0,0,0,0,0,0,0,0,0
1.53,0,0,0,0,0,0,0,0,0,0,0,0,0,0,0,0,0,0
1.54,0,0,0,0,0,0,0,0,0,0,0,0,0,0,0,0,0,0
1.55,0,0,0,0,0,0,0,0,0,0,0,0,0,0,0,0,0,0
1.56,0,0,0,0,0,0,0,0,0,0,0,0,0,0,0,0,0,0
1.57,0,0,0,0,0,0,0,0,0,0,0,0,0,0,0,0,0,0
1.58,0,0,0,0,0,0,0,0,0,0,0,0,0,0,0,0,0,0
1.59,0,0,0,0,0,0,0,0,0,0,0,0,0,0,0,0,0,0
1.6,0,0,0,0,0,0,0,0,0,0,0,0,0,0,0,0,0,0
1.61,0,0,0,0,0,0,0,0,0,0,0,0,0,0,0,0,0,0
1.62,0,0,0,0,0,0,0,0,0,0,0,0,0,0,0,0,0,0
1.63,0,0,0,0,0,0,0,0,0,0,0,0,0,0,0,0,0,0
1.64,0,0,0,0,0,0,0,0,0,0,0,0,0,0,0,0,0,0
1.65,0,0,0,0,0,0,0,0,0,0,0,0,0,0,0,0,0,0
1.66,0,0,0,0,0,0,0,0,0,0,0,0,0,0,0,0,0,0
1.67,0,0,0,0,0,0,0,0,0,0,0,0,0,0,0,0,0,0
1.68,0,0,0,0,0,0,0,0,0,0,0,0,0,0,0,0,0,0
1.69,0,0,0,0,0,0,0,0,0,0,0,0,0,0,0,0,0,0
1.7,0,0,0,0,0,0,0,0,0,0,0,0,0,0,0,0,0,0
1.71,0,0,0,0,0,0,0,0,0,0,0,0,0,0,0,0,0,0
1.72,0,0,0,0,0,0,0,0,0,0,0,0,0,0,0,0,0,0
1.73,0,0,0,0,0,0,0,0,0,0,0,0,0,0,0,0,0,0
1.74,0,0,0,0,0,0,0,0,0,0,0,0,0,0,0,0,0,0
1.75,0,0,0,0,0,0,0,0,0,0,0,0,0,0,0,0,0,0
1.76,0,0,0,0,0,0,0,0,0,0,0,0,0,0,0,0,0,0
1.77,0,0,0,0,0,0,0,0,0,0,0,0,0,0,0,0,0,0
1.78,0,0,0,0,0,0,0,0,0,0,0,0,0,0,0,0,0,0
1.79,0,0,0,0,0,0,0,0,0,0,0,0,0,0,0,0,0,0
1.8,0,0,0,0,0,0,0,0,0,0,0,0,0,0,0,0,0,0
1.81,0,0,0,0,0,0,0,0,0,0,0,0,0,0,0,0,0,0
1.82,0,0,0,0,0,0,0,0,0,0,0,0,0,0,0,0,0,0
1.83,0,0,0,0,0,0,0,0,0,0,0,0,0,0,0,0,0,0
1.84,0,0,0,0,0,0,0,0,0,0,0,0,0,0,0,0,0,0
1.85,0,0,0,0,0,0,0,0,0,0,0,0,0,0,0,0,0,0
1.86,0,0,0,0,0,0,0,0,0,0,0,0,0,0,0,0,0,0
1.87,0,0,0,0,0,0,0,0,0,0,0,0,0,0,0,0,0,0
1.88,0,0,0,0,0,0,0,0,0,0,0,0,0,0,0,0,0,0
1.89,0,0,0,0,0,0,0,0,0,0,0,0,0,0,0,0,0,0
1.9,0,0,0,0,0,0,0,0,0,0,0,0,0,0,0,0,0,0
1.91,0,0,0,0,0,0,0,0,0,0,0,0,0,0,0,0,0,0
1.92,0,0,0,0,0,0,0,0,0,0,0,0,0,0,0,0,0,0
1.93,0,0,0,0,0,0,0,0,0,0,0,0,0,0,0,0,0,0
1.94,0,0,0,0,0,0,0,0,0,0,0,0,0,0,0,0,0,0
1.95,0,0,0,0,0,0,0,0,0,0,0,0,0,0,0,0,0,0
1.96,0,0,0,0,0,0,0,0,0,0,0,0,0,0,0,0,0,0
1.97,0,0,0,0,0,0,0,0,0,0,0,0,0,0,0,0,0,0
1.98,0,0,0,0,0,0,0,0,0,0,0,0,0,0,0,0,0,0
1.99,0,0,0,0,0,0,0,0,0,0,0,0,0,0,0,0,0,0
2,0,0,0,0,0,0,0,0,0,0,0,0,0,0,0,0,0,0
2.01,0,0,0,0,0,0,0,0,0,0,0,0,0,0,0,0,0,0
2.02,0,0,0,0,0,0,0,0,0,0,0,0,0,0,0,0,0,0
2.03,0,0,0,0,0,0,0,0,0,0,0,0,0,0,0,0,0,0
2.04,0,0,0,0,0,0,0,0,0,0,0,0,0,0,0,0,0,0
2.05,0,0,0,0,0,0,0,0,0,0,0,0,0,0,0,0,0,0
2.06,0,0,0,0,0,0,0,0,0,0,0,0,0,0,0,0,0,0
2.07,0,0,0,0,0,0,0,0,0,0,0,0,0,0,0,0,0,0
2.08,0,0,0,0,0,0,0,0,0,0,0,0,0,0,0,0,0,0
2.09,0,0,0,0,0,0,0,0,0,0,0,0,0,0,0,0,0,0
2.1,0,0,0,0,0,0,0,0,0,0,0,0,0,0,0,0,0,0
2.11,0,0,0,0,0,0,0,0,0,0,0,0,0,0,0,0,0,0
2.12,0,0,0,0,0,0,0,0,0,0,0,0,0,0,0,0,0,0
2.13,0,0,0,0,0,0,0,0,0,0,0,0,0,0,0,0,0,0
2.14,0,0,0,0,0,0,0,0,0,0,0,0,0,0,0,0,0,0
2.15,0,0,0,0,0,0,0,0,0,0,0,0,0,0,0,0,0,0
2.16,0,0,0,0,0,0,0,0,0,0,0,0,0,0,0,0,0,0
2.17,0,0,0,0,0,0,0,0,0,0,0,0,0,0,0,0,0,0
2.18,0,0,0,0,0,0,0,0,0,0,0,0,0,0,0,0,0,0
2.19,0,0,0,0,0,0,0,0,0,0,0,0,0,0,0,0,0,0
2.2,0,0,0,0,0,0,0,0,0,0,0,0,0,0,0,0,0,0
2.21,0,0,0,0,0,0,0,0,0,0,0,0,0,0,0,0,0,0
2.22,0,0,0,0,0,0,0,0,0,0,0,0,0,0,0,0,0,0
2.23,0,0,0,0,0,0,0,0,0,0,0,0,0,0,0,0,0,0
2.24,0,0,0,0,0,0,0,0,0,0,0,0,0,0,0,0,0,0
2.25,0,0,0,0,0,0,0,0,0,0,0,0,0,0,0,0,0,0
2.26,0,0,0,0,0,0,0,0,0,0,0,0,0,0,0,0,0,0
2.27,0,0,0,0,0,0,0,0,0,0,0,0,0,0,0,0,0,0
2.28,0,0,0,0,0,0,0,0,0,0,0,0,0,0,0,0,0,0
2.29,0,0,0,0,0,0,0,0,0,0,0,0,0,0,0,0,0,0
2.3,0,0,0,0,0,0,0,0,0,0,0,0,0,0,0,0,0,0
2.31,0,0,0,0,0,0,0,0,0,0,0,0,0,0,0,0,0,0
2.32,0,0,0,0,0,0,0,0,0,0,0,0,0,0,0,0,0,0
2.33,0,0,0,0,0,0,0,0,0,0,0,0,0,0,0,0,0,0
2.34,0,0,0,0,0,0,0,0,0,0,0,0,0,0,0,0,0,0
2.35,0,0,0,0,0,0,0,0,0,0,0,0,0,0,0,0,0,0
2.36,0,0,0,0,0,0,0,0,0,0,0,0,0,0,0,0,0,0
2.37,0,0,0,0,0,0,0,0,0,0,0,0,0,0,0,0,0,0
2.38,0,0,0,0,0,0,0,0,0,0,0,0,0,0,0,0,0,0
2.39,0,0,0,0,0,0,0,0,0,0,0,0,0,0,0,0,0,0
2.4,0,0,0,0,0,0,0,0,0,0,0,0,0,0,0,0,0,0
2.41,0,0,0,0,0,0,0,0,0,0,0,0,0,0,0,0,0,0
2.42,0,0,0,0,0,0,0,0,0,0,0,0,0,0,0,0,0,0
2.43,0,0,0,0,0,0,0,0,0,0,0,0,0,0,0,0,0,0
2.44,0,0,0,0,0,0,0,0,0,0,0,0,0,0,0,0,0,0
2.45,0,0,0,0,0,0,0,0,0,0,0,0,0,0,0,0,0,0
2.46,0,0,0,0,0,0,0,0,0,0,0,0,0,0,0,0,0,0
2.47,0,0,0,0,0,0,0,0,0,0,0,0,0,0,0,0,0,0
2.48,0,0,0,0,0,0,0,0,0,0,0,0,0,0,0,0,0,0
2.49,0,0,0,0,0,0,0,0,0,0,0,0,0,0,0,0,0,0
2.5,0,0,0,0,0,0,0,0,0,0,0,0,0,0,0,0,0,0
2.51,0,0,0,0,0,0,0,0,0,0,0,0,0,0,0,0,0,0
2.52,0,0,0,0,0,0,0,0,0,0,0,0,0,0,0,0,0,0
2.53,0,0,0,0,0,0,0,0,0,0,0,0,0,0,0,0,0,0
2.54,0,0,0,0,0,0,0,0,0,0,0,0,0,0,0,0,0,0
2.55,0,0,0,0,0,0,0,0,0,0,0,0,0,0,0,0,0,0
2.56,0,0,0,0,0,0,0,0,0,0,0,0,0,0,0,0,0,0
2.57,0,0,0,0,0,0,0,0,0,0,0,0,0,0,0,0,0,0
2.58,0,0,0,0,0,0,0,0,0,0,0,0,0,0,0,0,0,0
2.59,0,0,0,0,0,0,0,0,0,0,0,0,0,0,0,0,0,0
2.6,0,0,0,0,0,0,0,0,0,0,0,0,0,0,0,0,0,0
2.61,0,0,0,0,0,0,0,0,0,0,0,0,0,0,0,0,0,0
2.62,0,0,0,0,0,0,0,0,0,0,0,0,0,0,0,0,0,0
2.63,0,0,0,0,0,0,0,0,0,0,0,0,0,0,0,0,0,0
2.64,0,0,0,0,0,0,0,0,0,0,0,0,0,0,0,0,0,0
2.65,0,0,0,0,0,0,0,0,0,0,0,0,0,0,0,0,0,0
2.66,0,0,0,0,0,0,0,0,0,0,0,0,0,0,0,0,0,0
2.67,0,0,0,0,0,0,0,0,0,0,0,0,0,0,0,0,0,0
2.68,0,0,0,0,0,0,0,0,0,0,0,0,0,0,0,0,0,0
2.69,0,0,0,0,0,0,0,0,0,0,0,0,0,0,0,0,0,0
2.7,0,0,0,0,0,0,0,0,0,0,0,0,0,0,0,0,0,0
2.71,0,0,0,0,0,0,0,0,0,0,0,0,0,0,0,0,0,0
2.72,0,0,0,0,0,0,0,0,0,0,0,0,0,0,0,0,0,0
2.73,0,0,0,0,0,0,0,0,0,0,0,0,0,0,0,0,0,0
2.74,0,0,0,0,0,0,0,0,0,0,0,0,0,0,0,0,0,0
2.75,0,0,0,0,0,0,0,0,0,0,0,0,0,0,0,0,0,0
2.76,0,0,0,0,0,0,0,0,0,0,0,0,0,0,0,0,0,0
2.77,0,0,0,0,0,0,0,0,0,0,0,0,0,0,0,0,0,0
2.78,0,0,0,0,0,0,0,0,0,0,0,0,0,0,0,0,0,0
2.79,0,0,0,0,0,0,0,0,0,0,0,0,0,0,0,0,0,0
2.8,0,0,0,0,0,0,0,0,0,0,0,0,0,0,0,0,0,0
2.81,0,0,0,0,0,0,0,0,0,0,0,0,0,0,0,0,0,0
2.82,0,0,0,0,0,0,0,0,0,0,0,0,0,0,0,0,0,0
2.83,0,0,0,0,0,0,0,0,0,0,0,0,0,0,0,0,0,0
2.84,0,0,0,0,0,0,0,0,0,0,0,0,0,0,0,0,0,0
2.85,0,0,0,0,0,0,0,0,0,0,0,0,0,0,0,0,0,0
2.86,0,0,0,0,0,0,0,0,0,0,0,0,0,0,0,0,0,0
2.87,0,0,0,0,0,0,0,0,0,0,0,0,0,0,0,0,0,0
2.88,0,0,0,0,0,0,0,0,0,0,0,0,0,0,0,0,0,0
2.89,0,0,0,0,0,0,0,0,0,0,0,0,0,0,0,0,0,0
2.9,0,0,0,0,0,0,0,0,0,0,0,0,0,0,0,0,0,0
2.91,0,0,0,0,0,0,0,0,0,0,0,0,0,0,0,0,0,0
2.92,0,0,0,0,0,0,0,0,0,0,0,0,0,0,0,0,0,0
2.93,0,0,0,0,0,0,0,0,0,0,0,0,0,0,0,0,0,0
2.94,0,0,0,0,0,0,0,0,0,0,0,0,0,0,0,0,0,0
2.95,0,0,0,0,0,0,0,0,0,0,0,0,0,0,0,0,0,0
2.96,0,0,0,0,0,0,0,0,0,0,0,0,0,0,0,0,0,0
2.97,0,0,0,0,0,0,0,0,0,0,0,0,0,0,0,0,0,0
2.98,0,0,0,0,0,0,0,0,0,0,0,0,0,0,0,0,0,0
2.99,0,0,0,0,0,0,0,0,0,0,0,0,0,0,0,0,0,0
3,0,0,0,0,0,0,0,0,0,0,0,0,0,0,0,0,0,0
3.01,0,0,0,0,0,0,0,0,0,0,0,0,0,0,0,0,0,0
3.02,0,0,0,0,0,0,0,0,0,0,0,0,0,0,0,0,0,0
3.03,0,0,0,0,0,0,0,0,0,0,0,0,0,0,0,0,0,0
3.04,0,0,0,0,0,0,0,0,0,0,0,0,0,0,0,0,0,0
3.05,0,0,0,0,0,0,0,0,0,0,0,0,0,0,0,0,0,0
3.06,0,0,0,0,0,0,0,0,0,0,0,0,0,0,0,0,0,0
3.07,0,0,0,0,0,0,0,0,0,0,0,0,0,0,0,0,0,0
3.08,0,0,0,0,0,0,0,0,0,0,0,0,0,0,0,0,0,0
3.09,0,0,0,0,0,0,0,0,0,0,0,0,0,0,0,0,0,0
3.1,0,0,0,0,0,0,0,0,0,0,0,0,0,0,0,0,0,0
3.11,0,0,0,0,0,0,0,0,0,0,0,0,0,0,0,0,0,0
3.12,0,0,0,0,0,0,0,0,0,0,0,0,0,0,0,0,0,0
3.13,0,0,0,0,0,0,0,0,0,0,0,0,0,0,0,0,0,0
3.14,0,0,0,0,0,0,0,0,0,0,0,0,0,0,0,0,0,0
3.15,0,0,0,0,0,0,0,0,0,0,0,0,0,0,0,0,0,0
3.16,0,0,0,0,0,0,0,0,0,0,0,0,0,0,0,0,0,0
3.17,0,0,0,0,0,0,0,0,0,0,0,0,0,0,0,0,0,0
3.18,0,0,0,0,0,0,0,0,0,0,0,0,0,0,0,0,0,0
3.19,0,0,0,0,0,0,0,0,0,0,0,0,0,0,0,0,0,0
3.2,0,0,0,0,0,0,0,0,0,0,0,0,0,0,0,0,0,0
3.21,0,0,0,0,0,0,0,0,0,0,0,0,0,0,0,0,0,0
3.22,0,0,0,0,0,0,0,0,0,0,0,0,0,0,0,0,0,0
3.23,0,0,0,0,0,0,0,0,0,0,0,0,0,0,0,0,0,0
3.24,0,0,0,0,0,0,0,0,0,0,0,0,0,0,0,0,0,0
3.25,0,0,0,0,0,0,0,0,0,0,0,0,0,0,0,0,0,0
3.26,0,0,0,0,0,0,0,0,0,0,0,0,0,0,0,0,0,0
3.27,0,0,0,0,0,0,0,0,0,0,0,0,0,0,0,0,0,0
3.28,0,0,0,0,0,0,0,0,0,0,0,0,0,0,0,0,0,0
3.29,0,0,0,0,0,0,0,0,0,0,0,0,0,0,0,0,0,0
3.3,0,0,0,0,0,0,0,0,0,0,0,0,0,0,0,0,0,0
3.31,0,0,0,0,0,0,0,0,0,0,0,0,0,0,0,0,0,0
3.32,0,0,0,0,0,0,0,0,0,0,0,0,0,0,0,0,0,0
3.33,0,0,0,0,0,0,0,0,0,0,0,0,0,0,0,0,0,0
3.34,0,0,0,0,0,0,0,0,0,0,0,0,0,0,0,0,0,0
3.35,0,0,0,0,0,0,0,0,0,0,0,0,0,0,0,0,0,0
3.36,0,0,0,0,0,0,0,0,0,0,0,0,0,0,0,0,0,0
3.37,0,0,0,0,0,0,0,0,0,0,0,0,0,0,0,0,0,0
3.38,0,0,0,0,0,0,0,0,0,0,0,0,0,0,0,0,0,0
3.39,0,0,0,0,0,0,0,0,0,0,0,0,0,0,0,0,0,0
3.4,0,0,0,0,0,0,0,0,0,0,0,0,0,0,0,0,0,0
3.41,0,0,0,0,0,0,0,0,0,0,0,0,0,0,0,0,0,0
3.42,0,0,0,0,0,0,0,0,0,0,0,0,0,0,0,0,0,0
3.43,0,0,0,0,0,0,0,0,0,0,0,0,0,0,0,0,0,0
3.44,0,0,0,0,0,0,0,0,0,0,0,0,0,0,0,0,0,0
3.45,0,0,0,0,0,0,0,0,0,0,0,0,0,0,0,0,0,0
3.46,0,0,0,0,0,0,0,0,0,0,0,0,0,0,0,0,0,0
3.47,0,0,0,0,0,0,0,0,0,0,0,0,0,0,0,0,0,0
3.48,0,0,0,0,0,0,0,0,0,0,0,0,0,0,0,0,0,0
3.49,0,0,0,0,0,0,0,0,0,0,0,0,0,0,0,0,0,0
3.5,0,0,0,0,0,0,0,0,0,0,0,0,0,0,0,0,0,0
3.51,0,0,0,0,0,0,0,0,0,0,0,0,0,0,0,0,0,0
3.52,0,0,0,0,0,0,0,0,0,0,0,0,0,0,0,0,0,0
3.53,0,0,0,0,0,0,0,0,0,0,0,0,0,0,0,0,0,0
3.54,0,0,0,0,0,0,0,0,0,0,0,0,0,0,0,0,0,0
3.55,0,0,0,0,0,0,0,0,0,0,0,0,0,0,0,0,0,0
3.56,0,0,0,0,0,0,0,0,0,0,0,0,0,0,0,0,0,0
3.57,0,0,0,0,0,0,0,0,0,0,0,0,0,0,0,0,0,0
3.58,0,0,0,0,0,0,0,0,0,0,0,0,0,0,0,0,0,0
3.59,0,0,0,0,0,0,0,0,0,0,0,0,0,0,0,0,0,0
3.6,0,0,0,0,0,0,0,0,0,0,0,0,0,0,0,0,0,0
3.61,0,0,0,0,0,0,0,0,0,0,0,0,0,0,0,0,0,0
3.62,0,0,0,0,0,0,0,0,0,0,0,0,0,0,0,0,0,0
3.63,0,0,0,0,0,0,0,0,0,0,0,0,0,0,0,0,0,0
3.64,0,0,0,0,0,0,0,0,0,0,0,0,0,0,0,0,0,0
3.65,0,0,0,0,0,0,0,0,0,0,0,0,0,0,0,0,0,0
3.66,0,0,0,0,0,0,0,0,0,0,0,0,0,0,0,0,0,0
3.67,0,0,0,0,0,0,0,0,0,0,0,0,0,0,0,0,0,0
3.68,0,0,0,0,0,0,0,0,0,0,0,0,0,0,0,0,0,0
3.69,0,0,0,0,0,0,0,0,0,0,0,0,0,0,0,0,0,0
3.7,0,0,0,0,0,0,0,0,0,0,0,0,0,0,0,0,0,0
3.71,0,0,0,0,0,0,0,0,0,0,0,0,0,0,0,0,0,0
3.72,0,0,0,0,0,0,0,0,0,0,0,0,0,0,0,0,0,0
3.73,0,0,0,0,0,0,0,0,0,0,0,0,0,0,0,0,0,0
3.74,0,0,0,0,0,0,0,0,0,0,0,0,0,0,0,0,0,0
3.75,0,0,0,0,0,0,0,0,0,0,0,0,0,0,0,0,0,0
3.76,0,0,0,0,0,0,0,0,0,0,0,0,0,0,0,0,0,0
3.77,0,0,0,0,0,0,0,0,0,0,0,0,0,0,0,0,0,0
3.78,0,0,0,0,0,0,0,0,0,0,0,0,0,0,0,0,0,0
3.79,0,0,0,0,0,0,0,0,0,0,0,0,0,0,0,0,0,0
3.8,0,0,0,0,0,0,0,0,0,0,0,0,0,0,0,0,0,0
3.81,0,0,0,0,0,0,0,0,0,0,0,0,0,0,0,0,0,0
3.82,0,0,0,0,0,0,0,0,0,0,0,0,0,0,0,0,0,0
3.83,0,0,0,0,0,0,0,0,0,0,0,0,0,0,0,0,0,0
3.84,0,0,0,0,0,0,0,0,0,0,0,0,0,0,0,0,0,0
3.85,0,0,0,0,0,0,0,0,0,0,0,0,0,0,0,0,0,0
3.86,0,0,0,0,0,0,0,0,0,0,0,0,0,0,0,0,0,0
3.87,0,0,0,0,0,0,0,0,0,0,0,0,0,0,0,0,0,0
3.88,0,0,0,0,0,0,0,0,0,0,0,0,0,0,0,0,0,0
3.89,0,0,0,0,0,0,0,0,0,0,0,0,0,0,0,0,0,0
3.9,0,0,0,0,0,0,0,0,0,0,0,0,0,0,0,0,0,0
3.91,0,0,0,0,0,0,0,0,0,0,0,0,0,0,0,0,0,0
3.92,0,0,0,0,0,0,0,0,0,0,0,0,0,0,0,0,0,0
3.93,0,0,0,0,0,0,0,0,0,0,0,0,0,0,0,0,0,0
3.94,0,0,0,0,0,0,0,0,0,0,0,0,0,0,0,0,0,0
3.95,0,0,0,0,0,0,0,0,0,0,0,0,0,0,0,0,0,0
3.96,0,0,0,0,0,0,0,0,0,0,0,0,0,0,0,0,0,0
3.97,0,0,0,0,0,0,0,0,0,0,0,0,0,0,0,0,0,0
3.98,0,0,0,0,0,0,0,0,0,0,0,0,0,0,0,0,0,0
3.99,0,0,0,0,0,0,0,0,0,0,0,0,0,0,0,0,0,0
4,0,0,0,0,0,0,0,0,0,0,0,0,0,0,0,0,0,0
4.01,0,0,0,0,0,0,0,0,0,0,0,0,0,0,0,0,0,0
4.02,0,0,0,0,0,0,0,0,0,0,0,0,0,0,0,0,0,0
4.03,0,0,0,0,0,0,0,0,0,0,0,0,0,0,0,0,0,0
4.04,0,0,0,0,0,0,0,0,0,0,0,0,0,0,0,0,0,0
4.05,0,0,0,0,0,0,0,0,0,0,0,0,0,0,0,0,0,0
4.06,0,0,0,0,0,0,0,0,0,0,0,0,0,0,0,0,0,0
4.07,0,0,0,0,0,0,0,0,0,0,0,0,0,0,0,0,0,0
4.08,0,0,0,0,0,0,0,0,0,0,0,0,0,0,0,0,0,0
4.09,0,0,0,0,0,0,0,0,0,0,0,0,0,0,0,0,0,0
4.1,0,0,0,0,0,0,0,0,0,0,0,0,0,0,0,0,0,0
4.11,0,0,0,0,0,0,0,0,0,0,0,0,0,0,0,0,0,0
4.12,0,0,0,0,0,0,0,0,0,0,0,0,0,0,0,0,0,0
4.13,0,0,0,0,0,0,0,0,0,0,0,0,0,0,0,0,0,0
4.14,0,0,0,0,0,0,0,0,0,0,0,0,0,0,0,0,0,0
4.15,0,0,0,0,0,0,0,0,0,0,0,0,0,0,0,0,0,0
4.16,0,0,0,0,0,0,0,0,0,0,0,0,0,0,0,0,0,0
4.17,0,0,0,0,0,0,0,0,0,0,0,0,0,0,0,0,0,0
4.18,0,0,0,0,0,0,0,0,0,0,0,0,0,0,0,0,0,0
4.19,0,0,0,0,0,0,0,0,0,0,0,0,0,0,0,0,0,0
4.2,0,0,0,0,0,0,0,0,0,0,0,0,0,0,0,0,0,0
4.21,0,0,0,0,0,0,0,0,0,0,0,0,0,0,0,0,0,0
4.22,0,0,0,0,0,0,0,0,0,0,0,0,0,0,0,0,0,0
4.23,0,0,0,0,0,0,0,0,0,0,0,0,0,0,0,0,0,0
4.24,0,0,0,0,0,0,0,0,0,0,0,0,0,0,0,0,0,0
4.25,0,0,0,0,0,0,0,0,0,0,0,0,0,0,0,0,0,0
4.26,0,0,0,0,0,0,0,0,0,0,0,0,0,0,0,0,0,0
4.27,0,0,0,0,0,0,0,0,0,0,0,0,0,0,0,0,0,0
4.28,0,0,0,0,0,0,0,0,0,0,0,0,0,0,0,0,0,0
4.29,0,0,0,0,0,0,0,0,0,0,0,0,0,0,0,0,0,0
4.3,0,0,0,0,0,0,0,0,0,0,0,0,0,0,0,0,0,0
4.31,0,0,0,0,0,0,0,0,0,0,0,0,0,0,0,0,0,0
4.32,0,0,0,0,0,0,0,0,0,0,0,0,0,0,0,0,0,0
4.33,0,0,0,0,0,0,0,0,0,0,0,0,0,0,0,0,0,0
4.34,0,0,0,0,0,0,0,0,0,0,0,0,0,0,0,0,0,0
4.35,0,0,0,0,0,0,0,0,0,0,0,0,0,0,0,0,0,0
4.36,0,0,0,0,0,0,0,0,0,0,0,0,0,0,0,0,0,0
4.37,0,0,0,0,0,0,0,0,0,0,0,0,0,0,0,0,0,0
4.38,0,0,0,0,0,0,0,0,0,0,0,0,0,0,0,0,0,0
4.39,0,0,0,0,0,0,0,0,0,0,0,0,0,0,0,0,0,0
4.4,0,0,0,0,0,0,0,0,0,0,0,0,0,0,0,0,0,0
4.41,0,0,0,0,0,0,0,0,0,0,0,0,0,0,0,0,0,0
4.42,0,0,0,0,0,0,0,0,0,0,0,0,0,0,0,0,0,0
4.43,0,0,0,0,0,0,0,0,0,0,0,0,0,0,0,0,0,0
4.44,0,0,0,0,0,0,0,0,0,0,0,0,0,0,0,0,0,0
4.45,0,0,0,0,0,0,0,0,0,0,0,0,0,0,0,0,0,0
4.46,0,0,0,0,0,0,0,0,0,0,0,0,0,0,0,0,0,0
4.47,0,0,0,0,0,0,0,0,0,0,0,0,0,0,0,0,0,0
4.48,0,0,0,0,0,0,0,0,0,0,0,0,0,0,0,0,0,0
4.49,0,0,0,0,0,0,0,0,0,0,0,0,0,0,0,0,0,0
4.5,0,0,0,0,0,0,0,0,0,0,0,0,0,0,0,0,0,0
4.51,0,0,0,0,0,0,0,0,0,0,0,0,0,0,0,0,0,0
4.52,0,0,0,0,0,0,0,0,0,0,0,0,0,0,0,0,0,0
4.53,0,0,0,0,0,0,0,0,0,0,0,0,0,0,0,0,0,0
4.54,0,0,0,0,0,0,0,0,0,0,0,0,0,0,0,0,0,0
4.55,0,0,0,0,0,0,0,0,0,0,0,0,0,0,0,0,0,0
4.56,0,0,0,0,0,0,0,0,0,0,0,0,0,0,0,0,0,0
4.57,0,0,0,0,0,0,0,0,0,0,0,0,0,0,0,0,0,0
4.58,0,0,0,0,0,0,0,0,0,0,0,0,0,0,0,0,0,0
4.59,0,0,0,0,0,0,0,0,0,0,0,0,0,0,0,0,0,0
4.6,0,0,0,0,0,0,0,0,0,0,0,0,0,0,0,0,0,0
4.61,0,0,0,0,0,0,0,0,0,0,0,0,0,0,0,0,0,0
4.62,0,0,0,0,0,0,0,0,0,0,0,0,0,0,0,0,0,0
4.63,0,0,0,0,0,0,0,0,0,0,0,0,0,0,0,0,0,0
4.64,0,0,0,0,0,0,0,0,0,0,0,0,0,0,0,0,0,0
4.65,0,0,0,0,0,0,0,0,0,0,0,0,0,0,0,0,0,0
4.66,0,0,0,0,0,0,0,0,0,0,0,0,0,0,0,0,0,0
4.67,0,0,0,0,0,0,0,0,0,0,0,0,0,0,0,0,0,0
4.68,0,0,0,0,0,0,0,0,0,0,0,0,0,0,0,0,0,0
4.69,0,0,0,0,0,0,0,0,0,0,0,0,0,0,0,0,0,0
4.7,0,0,0,0,0,0,0,0,0,0,0,0,0,0,0,0,0,0
4.71,0,0,0,0,0,0,0,0,0,0,0,0,0,0,0,0,0,0
4.72,0,0,0,0,0,0,0,0,0,0,0,0,0,0,0,0,0,0
4.73,0,0,0,0,0,0,0,0,0,0,0,0,0,0,0,0,0,0
4.74,0,0,0,0,0,0,0,0,0,0,0,0,0,0,0,0,0,0
4.75,0,0,0,0,0,0,0,0,0,0,0,0,0,0,0,0,0,0
4.76,0,0,0,0,0,0,0,0,0,0,0,0,0,0,0,0,0,0
4.77,0,0,0,0,0,0,0,0,0,0,0,0,0,0,0,0,0,0
4.78,0,0,0,0,0,0,0,0,0,0,0,0,0,0,0,0,0,0
4.79,0,0,0,0,0,0,0,0,0,0,0,0,0,0,0,0,0,0
4.8,0,0,0,0,0,0,0,0,0,0,0,0,0,0,0,0,0,0
4.81,0,0,0,0,0,0,0,0,0,0,0,0,0,0,0,0,0,0
4.82,0,0,0,0,0,0,0,0,0,0,0,0,0,0,0,0,0,0
4.83,0,0,0,0,0,0,0,0,0,0,0,0,0,0,0,0,0,0
4.84,0,0,0,0,0,0,0,0,0,0,0,0,0,0,0,0,0,0
4.85,0,0,0,0,0,0,0,0,0,0,0,0,0,0,0,0,0,0
4.86,0,0,0,0,0,0,0,0,0,0,0,0,0,0,0,0,0,0
4.87,0,0,0,0,0,0,0,0,0,0,0,0,0,0,0,0,0,0
4.88,0,0,0,0,0,0,0,0,0,0,0,0,0,0,0,0,0,0
4.89,0,0,0,0,0,0,0,0,0,0,0,0,0,0,0,0,0,0
4.9,0,0,0,0,0,0,0,0,0,0,0,0,0,0,0,0,0,0
4.91,0,0,0,0,0,0,0,0,0,0,0,0,0,0,0,0,0,0
4.92,0,0,0,0,0,0,0,0,0,0,0,0,0,0,0,0,0,0
4.93,0,0,0,0,0,0,0,0,0,0,0,0,0,0,0,0,0,0
4.94,0,0,0,0,0,0,0,0,0,0,0,0,0,0,0,0,0,0
4.95,0,0,0,0,0,0,0,0,0,0,0,0,0,0,0,0,0,0
4.96,0,0,0,0,0,0,0,0,0,0,0,0,0,0,0,0,0,0
4.97,0,0,0,0,0,0,0,0,0,0,0,0,0,0,0,0,0,0
4.98,0,0,0,0,0,0,0,0,0,0,0,0,0,0,0,0,0,0
4.99,0,0,0,0,0,0,0,0,0,0,0,0,0,0,0,0,0,0
5,0,0,0,0,0,0,0,0,0,0,0,0,0,0,0,0,0,0
5.01000333212978,4.41999910208103e-12,1.76665823563964e-09,5.29444901274357e-07,1.76799964083241e-12,7.06663294255857e-10,2.11777960509743e-07,0,0,0,0,0,0,0,0,0,0,0,0
5.02000666425957,7.05996197615997e-11,1.41031951167325e-08,2.11177065597863e-06,2.82398479046399e-11,5.641278046693e-09,8.44708262391452e-07,0,0,0,0,0,0,0,0,0,0,0,0
5.03000999638935,3.56801943493609e-10,4.74969387336247e-08,4.73798783527675e-06,1.42720777397444e-10,1.89987754934499e-08,1.8951951341107e-06,0,0,0,0,0,0,0,0,0,0,0,0
5.04001332851913,1.12574903998091e-09,1.12345452809277e-07,8.39913896708934e-06,4.50299615992363e-10,4.4938181123711e-08,3.35965558683573e-06,0,0,0,0,0,0,0,0,0,0,0,0
5.05001666064892,2.7437256224384e-09,2.18956856145954e-07,1.3086298490636e-05,1.09749024897536e-09,8.75827424583816e-08,5.2345193962544e-06,0,0,0,0,0,0,0,0,0,0,0,0
5.0600199927787,5.67968589623432e-09,3.77550141617178e-07,1.87905727109776e-05,2.27187435849373e-09,1.51020056646871e-07,7.51622908439104e-06,0,0,0,0,0,0,0,0,0,0,0,0
5.07002332490848,1.05043635962196e-08,5.98255494704963e-07,2.55030997535587e-05,4.20174543848786e-09,2.39302197881985e-07,1.02012399014235e-05,0,0,0,0,0,0,0,0,0,0,0,0
5.08002665703827,1.78893852082167e-08,8.91114611582314e-07,3.32150495187498e-05,7.15575408328668e-09,3.56445844632926e-07,1.32860198074999e-05,0,0,0,0,0,0,0,0,0,0,0,0
5.09002998916805,2.86063863701184e-08,1.266081016741e-06,4.19176236363894e-05,1.14425545480474e-08,5.06432406696401e-07,1.67670494545557e-05,0,0,0,0,0,0,0,0,0,0,0,0
5.10003332129784,4.3526131448049e-08,1.73302038016461e-06,5.16020554203268e-05,1.74104525792196e-08,6.93208152065843e-07,2.06408221681307e-05,0,0,0,0,0,0,0,0,0,0,0,0
5.11003665342762,6.36176362830382e-08,2.30171083404683e-06,6.2259609822964e-05,2.54470545132153e-08,9.20684333618733e-07,2.49038439291856e-05,0,0,0,0,0,0,0,0,0,0,0,0
5.1200399855574,8.99472941036587e-08,2.9818432890551e-06,7.38815833897982e-05,3.59789176414635e-08,1.19273731562204e-06,2.95526333559193e-05,0,0,0,0,0,0,0,0,0,0,0,0
5.13004331768719,1.2367800460008e-07,3.78302175013941e-06,8.64593042139642e-05,4.94712018400318e-08,1.51320870005576e-06,3.45837216855857e-05,0,0,0,0,0,0,0,0,0,0,0,0
5.14004664981697,1.66068306154986e-07,4.71476363188645e-06,9.99841318907763e-05,6.64273224619943e-08,1.88590545275458e-06,3.99936527563105e-05,0,0,0,0,0,0,0,0,0,0,0,0
5.15004998194675,2.18471511226816e-07,5.78650007341904e-06,0.000114447457472271,8.73886044907265e-08,2.31460002936761e-06,4.57789829889084e-05,0,0,0,0,0,0,0,0,0,0,0,0
5.16005331407654,2.8233484488077e-07,7.00757625284075e-06,0.000129840703421749,1.12933937952308e-07,2.8030305011363e-06,5.19362813686997e-05,0,0,0,0,0,0,0,0,0,0,0,0
5.17005664620632,3.59198586463031e-07,8.38725170122592e-06,0.000146155323568319,1.43679434585212e-07,3.35490068049037e-06,5.84621294273275e-05,0,0,0,0,0,0,0,0,0,0,0,0
5.18005997833611,4.50695214413669e-07,9.93470061615481e-06,0.000163382803061436,1.80278085765468e-07,3.97388024646192e-06,6.53531212245744e-05,0,0,0,0,0,0,0,0,0,0,0,0
5.19006331046589,5.58548554213658e-07,1.16590121747941e-05,0.000181514658325449,2.23419421685463e-07,4.66360486991764e-06,7.26058633301796e-05,0,0,0,0,0,0,0,0,0,0,0,0
5.20006664259567,6.84572929461469e-07,1.35691908465227e-05,0.000200542437014139,2.73829171784588e-07,5.42767633860909e-06,8.02169748056557e-05,0,0,0,0,0,0,0,0,0,0,0,0
5.21006997472546,8.30672316074694e-07,1.56741567051028e-05,0.000220457717965264,3.32268926429877e-07,6.26966268204111e-06,8.81830871861058e-05,0,0,0,0,0,0,0,0,0,0,0,0
5.22007330685524,9.98839499612132e-07,1.79827457403959e-05,0.0002412521111551,3.99535799844853e-07,7.19309829615836e-06,9.65008444620401e-05,0,0,0,0,0,0,0,0,0,0,0,0
5.23007663898502,1.19115523571182e-06,2.05037101696249e-05,0.000262917257652983,4.76462094284729e-07,8.20148406784997e-06,0.000105166903061193,0,0,0,0,0,0,0,0,0,0,0,0
5.24007997111481,1.40978741364044e-06,2.32457187481805e-05,0.000285444829575851,5.63914965456175e-07,9.29828749927222e-06,0.000114177931830341,0,0,0,0,0,0,0,0,0,0,0,0
5.25008330324459,1.65699022294952e-06,2.62173570799736e-05,0.000308826530042791,6.62796089179807e-07,1.04869428319894e-05,0.000123530612017116,0,0,0,0,0,0,0,0,0,0,0,0
5.26008663537437,1.93510332323398e-06,2.94271279273322e-05,0.000333054093129572,7.74041329293592e-07,1.17708511709329e-05,0.000133221637251829,0,0,0,0,0,0,0,0,0,0,0,0
5.27008996750416,2.24655101698836e-06,3.2883451520445e-05,0.000358119283823197,8.98620406795345e-07,1.3153380608178e-05,0.000143247713529279,0,0,0,0,0,0,0,0,0,0,0,0
5.28009329963394,2.59384142555625e-06,3.65946658663482e-05,0.00038401389797644,1.0375365702225e-06,1.46378663465393e-05,0.000153605559190576,0,0,0,0,0,0,0,0,0,0,0,0
5.29009663176373,2.97956566816835e-06,4.05690270574598e-05,0.000410729762262389,1.19182626726734e-06,1.62276108229839e-05,0.000164291904904955,0,0,0,0,0,0,0,0,0,0,0,0
5.30009996389351,3.40639704406461e-06,4.4814709579657e-05,0.000438258734128988,1.36255881762585e-06,1.79258838318628e-05,0.000175303493651595,0,0,0,0,0,0,0,0,0,0,0,0
5.31010329602329,3.87709021769594e-06,4.9339806619901e-05,0.000466592701753581,1.55083608707837e-06,1.97359226479604e-05,0.000186637080701433,0,0,0,0,0,0,0,0,0,0,0,0
5.32010662815308,4.39448040700083e-06,5.41523303734051e-05,0.000495723583997455,1.75779216280033e-06,2.16609321493621e-05,0.000198289433598982,0,0,0,0,0,0,0,0,0,0,0,0
5.33010996028286,4.96148257475254e-06,5.92602123503498e-05,0.000525643330360377,1.98459302990102e-06,2.37040849401399e-05,0.000210257332144151,0,0,0,0,0,0,0,0,0,0,0,0
5.34011329241264,5.58109062297203e-06,6.46713036821416e-05,0.000556343920935142,2.23243624918881e-06,2.58685214728566e-05,0.000222537568374057,0,0,0,0,0,0,0,0,0,0,0,0
5.35011662454243,6.25637659040233e-06,7.03933754272184e-05,0.000587817366362114,2.50255063616093e-06,2.81573501708874e-05,0.000235126946544846,0,0,0,0,0,0,0,0,0,0,0,0
5.36011995667221,6.99048985303969e-06,7.64341188763994e-05,0.000620055707783766,2.79619594121588e-06,3.05736475505598e-05,0.000248022283113506,0,0,0,0,0,0,0,0,0,0,0,0
5.37012328880199,7.78665632771695e-06,8.28011458577805e-05,0.000653051016799225,3.11466253108678e-06,3.31204583431122e-05,0.00026122040671969,0,0,0,0,0,0,0,0,0,0,0,0
5.38012662093178,8.64817767873461e-06,8.95019890411748e-05,0.000686795395418812,3.45927107149384e-06,3.58007956164699e-05,0.000274718158167525,0,0,0,0,0,0,0,0,0,0,0,0
5.39012995306156,9.57843052753506e-06,9.6544102242099e-05,0.000721280976018587,3.83137221101402e-06,3.86176408968396e-05,0.000288512390407435,0,0,0,0,0,0,0,0,0,0,0,0
5.40013328519134,1.05808656654154e-05,0.000103934860725304,0.000756499921294888,4.23234626616616e-06,4.15739442901215e-05,0.000302599968517955,0,0,0,0,0,0,0,0,0,0,0,0
5.41013661732113,1.16590072692743e-05,0.000111681561507851,0.000792444424218878,4.66360290770973e-06,4.46726246031405e-05,0.000316977769687551,0,0,0,0,0,0,0,0,0,0,0,0
5.42013994945091,1.28164521203884e-05,0.000119791423661736,0.000829106707991081,5.12658084815538e-06,4.79165694646943e-05,0.000331642683196432,0,0,0,0,0,0,0,0,0,0,0,0
5.43014328158069,1.40568688262137e-05,0.000128271588616052,0.00086647902599593,5.62274753048547e-06,5.13086354464207e-05,0.000346591610398372,0,0,0,0,0,0,0,0,0,0,0,0
5.44014661371048,1.53839970452069e-05,0.000137129120458705,0.000904553661756306,6.15359881808276e-06,5.48516481834819e-05,0.000361821464702522,0,0,0,0,0,0,0,0,0,0,0,0
5.45014994584026,1.68016467146636e-05,0.000146371006237671,0.000943322928888082,6.72065868586543e-06,5.85484024950684e-05,0.000377329171555233,0,0,0,0,0,0,0,0,0,0,0,0
5.46015327797005,1.83136972815666e-05,0.000156004156261798,0.000982779171054665,7.32547891262666e-06,6.24016625047193e-05,0.000393111668421866,0,0,0,0,0,0,0,0,0,0,0,0
5.47015661009983,1.99240969364421e-05,0.000166035404401155,0.00102291476192154,7.96963877457684e-06,6.6414161760462e-05,0.000409165904768615,0,0,0,0,0,0,0,0,0,0,0,0
5.48015994222961,2.16368618502169e-05,0.000176471508386923,0.0010637221051108,8.65474474008675e-06,7.05886033547692e-05,0.000425488842044319,0,0,0,0,0,0,0,0,0,0,0,0
5.4901632743594,2.34560754140744e-05,0.000187319150110837,0.00110519363415571,9.38243016562975e-06,7.49276600443349e-05,0.000442077453662284,0,0,0,0,0,0,0,0,0,0,0,0
5.50016660648918,2.5385887482303e-05,0.000198584935924168,0.00114732181245524,1.01543549929212e-05,7.94339743696673e-05,0.000458928724982094,0,0,0,0,0,0,0,0,0,0,0,0
5.51016993861896,2.74305136181335e-05,0.000210275396936253,0.00119009913322859,1.09722054472534e-05,8.41101587745011e-05,0.000476039653291435,0,0,0,0,0,0,0,0,0,0,0,0
5.52017327074875,2.959423434256e-05,0.000222396989312567,0.00123351811946976,1.1837693737024e-05,8.89587957250269e-05,0.000493407247787903,0,0,0,0,0,0,0,0,0,0,0,0
5.53017660287853,3.18813943861405e-05,0.000234956094572347,0.00127757132390208,1.27525577544562e-05,9.39824378289389e-05,0.000511028529560831,0,0,0,0,0,0,0,0,0,0,0,0
5.54017993500831,3.42964019437729e-05,0.000247959019885754,0.00132225132893274,1.37185607775092e-05,9.91836079543016e-05,0.000528900531573098,0,0,0,0,0,0,0,0,0,0,0,0
5.5501832671381,3.68437279324406e-05,0.000261411998370583,0.00136755074660737,1.47374911729762e-05,0.000104564799348233,0.000547020298642949,0,0,0,0,0,0,0,0,0,0,0,0
5.56018659926788,3.95279052519242e-05,0.000275321189388521,0.00141346221856453,1.58111621007697e-05,0.000110128475755408,0.000565384887425812,0,0,0,0,0,0,0,0,0,0,0,0
5.57018993139767,4.23535280484746e-05,0.000289692678840944,0.00145997841599029,1.69414112193899e-05,0.000115877071536378,0.000583991366396114,0,0,0,0,0,0,0,0,0,0,0,0
5.58019326352745,4.53252509814431e-05,0.000304532479464269,0.00150709203957275,1.81301003925773e-05,0.000121812991785707,0.000602836815829101,0,0,0,0,0,0,0,0,0,0,0,0
5.59019659565723,4.84477884928626e-05,0.000319846531124838,0.00155479581945662,1.93791153971451e-05,0.000127938612449935,0.000621918327782649,0,0,0,0,0,0,0,0,0,0,0,0
5.60019992778702,5.17259140799776e-05,0.00033564070111336,0.00160308251519772,2.06903656319911e-05,0.000134256280445344,0.000641233006079086,0,0,0,0,0,0,0,0,0,0,0,0
5.6102032599168,5.51644595707168e-05,0.000351920784438892,0.00165194491571752,2.20657838282867e-05,0.000140768313775557,0.000660777966287009,0,0,0,0,0,0,0,0,0,0,0,0
5.62020659204658,5.8768314402104e-05,0.000368692504122364,0.00170137583925774,2.35073257608416e-05,0.000147477001648946,0.000680550335703097,0,0,0,0,0,0,0,0,0,0,0,0
5.63020992417637,6.25424249016034e-05,0.000385961511489655,0.00175136813333483,2.50169699606414e-05,0.000154384604595862,0.00070054725333393,0,0,0,0,0,0,0,0,0,0,0,0
5.64021325630615,6.6491793571394e-05,0.000403733386464205,0.00180191467469452,2.65967174285576e-05,0.000161493354585682,0.000720765869877807,0,0,0,0,0,0,0,0,0,0,0,0
5.65021658843593,7.06214783755691e-05,0.000422013637859186,0.00185300836926641,2.82485913502276e-05,0.000168805455143674,0.000741203347706563,0,0,0,0,0,0,0,0,0,0,0,0
5.66021992056572,7.49365920302559e-05,0.000440807703669202,0.00190464215211846,2.99746368121024e-05,0.000176323081467681,0.000761856860847384,0,0,0,0,0,0,0,0,0,0,0,0
5.6702232526955,7.94423012966511e-05,0.000460120951361548,0.00195680898741156,3.17769205186605e-05,0.000184048380544619,0.000782723594964622,0,0,0,0,0,0,0,0,0,0,0,0
5.68022658482529,8.41438262769679e-05,0.000479958678167007,0.00200950186835405,3.36575305107872e-05,0.000191983471266803,0.000803800747341621,0,0,0,0,0,0,0,0,0,0,0,0
5.69022991695507,8.90464397132889e-05,0.000500326111370195,0.0020627138171563,3.56185758853155e-05,0.000200130444548078,0.000825085526862522,0,0,0,0,0,0,0,0,0,0,0,0
5.70023324908485,9.41554662893219e-05,0.000521228408599448,0.00211643788498522,3.76621865157288e-05,0.000208491363439779,0.000846575153994089,0,0,0,0,0,0,0,0,0,0,0,0
5.71023658121464,9.94762819350533e-05,0.00054267065811626,0.0021706671519188,3.97905127740213e-05,0.000217068263246504,0.00086826686076752,0,0,0,0,0,0,0,0,0,0,0,0
5.72023991334442,0.000105014313134294,0.000564657879104258,0.00222539472690067,4.20057252537176e-05,0.000225863151641703,0.00089015789076027,0,0,0,0,0,0,0,0,0,0,0,0
5.7302432454742,0.000110775036235114,0.000587195021957735,0.00228061374769465,4.43100144940456e-05,0.000234878008783094,0.00091224549907786,0,0,0,0,0,0,0,0,0,0,0,0
5.74024657760399,0.000116763976763161,0.000610286968569711,0.00233631738083926,4.67055907052644e-05,0.000244114787427885,0.000934526952335702,0,0,0,0,0,0,0,0,0,0,0,0
5.75024990973377,0.000122986708737859,0.000633938532619556,0.00239249882160228,4.91946834951437e-05,0.000253575413047823,0.000956999528640911,0,0,0,0,0,0,0,0,0,0,0,0
5.76025324186355,0.000129448853991481,0.000658154459860148,0.00244915129393531,5.17795415965924e-05,0.000263261783944059,0.000979660517574122,0,0,0,0,0,0,0,0,0,0,0,0
5.77025657399334,0.00013615608149109,0.000682939428404578,0.00250626805042828,5.44624325964361e-05,0.000273175771361831,0.00100250722017131,0,0,0,0,0,0,0,0,0,0,0,0
5.78025990612312,0.000143114106663352,0.000708298049012405,0.00256384237226401,5.72456426653409e-05,0.000283319219604962,0.0010255369489056,0,0,0,0,0,0,0,0,0,0,0,0
5.7902632382529,0.000150328690722202,0.00073423486537545,0.00262186756917276,6.0131476288881e-05,0.00029369394615018,0.00104874702766911,0,0,0,0,0,0,0,0,0,0,0,0
5.80026657038269,0.000157805639999374,0.000760754354403139,0.00268033697938676,6.31222559997497e-05,0.000304301741761256,0.0010721347917547,0,0,0,0,0,0,0,0,0,0,0,0
5.81026990251247,0.000165550805277777,0.00078786092650739,0.00273924396959474,6.62203221111107e-05,0.000315144370602956,0.0010956975878379,0,0,0,0,0,0,0,0,0,0,0,0
5.82027323464226,0.000173570081127722,0.000815558925887046,0.00279858193489649,6.9428032451089e-05,0.000326223570354819,0.0011194327739586,0,0,0,0,0,0,0,0,0,0,0,0
5.83027656677204,0.000181869405245995,0.000843852630811854,0.00285834429875743,7.27477620983981e-05,0.000337541052324742,0.00114333771950297,0,0,0,0,0,0,0,0,0,0,0,0
5.84027989890182,0.000190454757797759,0.000872746253905985,0.00291852451296307,7.61819031191036e-05,0.000349098501562394,0.00116740980518523,0,0,0,0,0,0,0,0,0,0,0,0
5.85028323103161,0.000199332160761299,0.000902243942431104,0.00297911605757364,7.97328643045195e-05,0.000360897576972442,0.00119164642302945,0,0,0,0,0,0,0,0,0,0,0,0
5.86028656316139,0.000208507677275593,0.000932349778568986,0.00304011244087859,8.34030709102373e-05,0.000372939911427595,0.00121604497635144,0,0,0,0,0,0,0,0,0,0,0,0
5.87028989529117,0.000217987410990708,0.000963067779703672,0.00310150719935113,8.71949643962833e-05,0.000385227111881469,0.00124060287974045,0,0,0,0,0,0,0,0,0,0,0,0
5.88029322742096,0.000227777505421015,0.000994401898703174,0.00316329389760279,9.11110021684061e-05,0.00039776075948127,0.00126531755904112,0,0,0,0,0,0,0,0,0,0,0,0
5.89029655955074,0.000237884143301222,0.00102635602420073,0.00322546612833795,9.51536573204886e-05,0.00041054240968029,0.00129018645133518,0,0,0,0,0,0,0,0,0,0,0,0
5.90029989168053,0.000248313545945214,0.00105893398087557,0.00328801751230837,9.93254183780855e-05,0.000423573592350229,0.00131520700492335,0,0,0,0,0,0,0,0,0,0,0,0
5.91030322381031,0.000259071972607708,0.00109213952973332,0.00335094169826778,0.000103628789043083,0.000436855811893328,0.00134037667930711,0,0,0,0,0,0,0,0,0,0,0,0
5.92030655594009,0.000270165719848701,0.00112597636838581,0.00341423236292636,0.00010806628793948,0.000450390547354325,0.00136569294517054,0,0,0,0,0,0,0,0,0,0,0,0
5.93030988806988,0.000281601120900718,0.00116044813133057,0.00347788321090533,0.000112640448360287,0.000464179252532227,0.00139115328436213,0,0,0,0,0,0,0,0,0,0,0,0
5.94031322019966,0.000293384545038858,0.00119555839022974,0.00354188797469146,0.000117353818015543,0.000478223356091898,0.00141675518987658,0,0,0,0,0,0,0,0,0,0,0,0
5.95031655232944,0.000305522396953623,0.00123131065418868,0.00360624041459164,0.000122208958781449,0.000492524261675471,0.00144249616583666,0,0,0,0,0,0,0,0,0,0,0,0
5.96031988445923,0.000318021116126528,0.00126770837003393,0.0036709343186874,0.000127208446450611,0.000507083348013573,0.00146837372747496,0,0,0,0,0,0,0,0,0,0,0,0
5.97032321658901,0.000330887176208504,0.00130475492259092,0.00373596350278947,0.000132354870483401,0.000521901969036369,0.00149438540111579,0,0,0,0,0,0,0,0,0,0,0,0
5.98032654871879,0.000344127084401056,0.00134245363496106,0.00380132181039231,0.000137650833760423,0.000536981453984425,0.00152052872415692,0,0,0,0,0,0,0,0,0,0,0,0
5.99032988084858,0.000357747380840212,0.00138080776879848,0.00386700311262865,0.000143098952336085,0.000552323107519391,0.00154680124505146,0,0,0,0,0,0,0,0,0,0,0,0
6.00033321297836,0.000371754637983217,0.00141982052458624,0.00393300130822404,0.000148701855193287,0.000567928209834495,0.00157320052328962,0,0,0,0,0,0,0,0,0,0,0,0
6.01033654510814,0.000386155459998008,0.00145949504191217,0.0039993103234514,0.000154462183999203,0.000583798016764867,0.00159972412938056,0,0,0,0,0,0,0,0,0,0,0,0
6.02033987723793,0.000400956482155429,0.00149983439974417,0.00406592411208555,0.000160382592862172,0.000599933759897668,0.00162636964483422,0,0,0,0,0,0,0,0,0,0,0,0
6.03034320936771,0.00041616437022421,0.00154084161670512,0.00413283665535775,0.000166465748089684,0.000616336646682047,0.0016531346621431,0,0,0,0,0,0,0,0,0,0,0,0
6.0403465414975,0.000431785819868685,0.00158251965134728,0.00420004196191025,0.000172714327947474,0.000633007860538912,0.0016800167847641,0,0,0,0,0,0,0,0,0,0,0,0
6.05034987362728,0.000447827556049258,0.00162487140242629,0.00426753406775082,0.000179131022419703,0.000649948560970517,0.00170701362710033,0,0,0,0,0,0,0,0,0,0,0,0
6.06035320575706,0.000464296332425607,0.00166789970917468,0.00433530703620733,0.000185718532970243,0.000667159883669872,0.00173412281448293,0,0,0,0,0,0,0,0,0,0,0,0
6.07035653788685,0.000481198930762619,0.00171160735157493,0.00440335495788223,0.000192479572305047,0.00068464294062997,0.00176134198315289,0,0,0,0,0,0,0,0,0,0,0,0
6.08035987001663,0.000498542160339055,0.00175599705063207,0.00447167195060716,0.000199416864135622,0.000702398820252828,0.00178866878024286,0,0,0,0,0,0,0,0,0,0,0,0
6.09036320214641,0.000516332857358945,0.00180107146864587,0.00454025215939742,0.000206533142943578,0.000720428587458349,0.00181610086375897,0,0,0,0,0,0,0,0,0,0,0,0
6.1003665342762,0.000534577884365696,0.00184683320948251,0.0046090897564066,0.000213831153746278,0.000738733283793005,0.00184363590256264,0,0,0,0,0,0,0,0,0,0,0,0
6.11036986640598,0.000553284129658915,0.00189328481884583,0.00467817894088103,0.000221313651863566,0.000757313927538331,0.00187127157635241,0,0,0,0,0,0,0,0,0,0,0,0
6.12037319853576,0.000572458506713955,0.00194042878454812,0.00474751393911439,0.000228983402685582,0.000776171513819248,0.00189900557564576,0,0,0,0,0,0,0,0,0,0,0,0
6.13037653066555,0.000592107953604151,0.00198826753678047,0.00481708900440222,0.00023684318144166,0.000795307014712188,0.00192683560176089,0,0,0,0,0,0,0,0,0,0,0,0
6.14037986279533,0.00061223943242577,0.00203680344838263,0.00488689841699647,0.000244895772970308,0.000814721379353054,0.00195475936679859,0,0,0,0,0,0,0,0,0,0,0,0
6.15038319492512,0.000632859928725658,0.00208603883511248,0.00495693648406006,0.000253143971490263,0.00083441553404499,0.00198277459362402,0,0,0,0,0,0,0,0,0,0,0,0
6.1603865270549,0.000653976450931568,0.00213597595591491,0.00502719753962137,0.000261590580372627,0.000854390382365965,0.00201087901584855,0,0,0,0,0,0,0,0,0,0,0,0
6.17038985918468,0.000675596029785191,0.00218661701319046,0.00509767594452885,0.000270238411914076,0.000874646805276183,0.00203907037781154,0,0,0,0,0,0,0,0,0,0,0,0
6.18039319131447,0.000697725717777863,0.00223796415306328,0.00516836608640552,0.000279090287111145,0.000895185661225311,0.00206734643456221,0,0,0,0,0,0,0,0,0,0,0,0
6.19039652344425,0.000720372588588953,0.00229001946564879,0.00523926237960353,0.000288149035435581,0.000916007786259515,0.00209570495184141,0,0,0,0,0,0,0,0,0,0,0,0
6.20039985557403,0.000743543736526927,0.00234278498532082,0.00531035926515866,0.000297417494610771,0.000937113994128326,0.00212414370606347,0,0,0,0,0,0,0,0,0,0,0,0
6.21040318770382,0.000767246275973075,0.0023962626909783,0.00538165121074495,0.00030689851038923,0.000958505076391321,0.00215266048429798,0,0,0,0,0,0,0,0,0,0,0,0
6.2204065198336,0.000791487340827918,0.00245045450631153,0.00545313271062914,0.000316594936331167,0.000980181802524613,0.00218125308425166,0,0,0,0,0,0,0,0,0,0,0,0
6.23040985196338,0.000816274083960259,0.00250536230006794,0.0055247982856253,0.000326509633584104,0.00100214492002718,0.00220991931425012,0,0,0,0,0,0,0,0,0,0,0,0
6.24041318409317,0.000841613676658905,0.00256098788631742,0.0055966424830493,0.000336645470663562,0.00102439515452697,0.00223865699321972,0,0,0,0,0,0,0,0,0,0,0,0
6.25041651622295,0.00086751330808703,0.00261733302471724,0.00566865987667341,0.000347005323234812,0.00104693320988689,0.00226746395066937,0,0,0,0,0,0,0,0,0,0,0,0
6.26041984835273,0.000893980184739195,0.00267439942077643,0.00574084506668082,0.000357592073895678,0.00106975976831057,0.00229633802667233,0,0,0,0,0,0,0,0,0,0,0,0
6.27042318048252,0.000921021529901002,0.00273218872611977,0.00581319267962016,0.000368408611960401,0.00109287549044791,0.00232527707184807,0,0,0,0,0,0,0,0,0,0,0,0
6.2804265126123,0.00094864458311139,0.00279070253875131,0.00588569736836009,0.000379457833244556,0.00111628101550052,0.00235427894734403,0,0,0,0,0,0,0,0,0,0,0,0
6.29042984474209,0.00097685659962757,0.00284994240331742,0.00595835381204378,0.000390742639851028,0.00113997696132697,0.00238334152481751,0,0,0,0,0,0,0,0,0,0,0,0
6.30043317687187,0.00100566484989258,0.0029099098113694,0.00603115671604352,0.000402265939957032,0.00116396392454776,0.00241246268641741,0,0,0,0,0,0,0,0,0,0,0,0
6.31043650900165,0.00103507661900547,0.00297060620162563,0.00610410081191522,0.000414030647602188,0.00118824248065025,0.00244164032476609,0,0,0,0,0,0,0,0,0,0,0,0
6.32043984113144,0.00106509920619411,0.00303203296023326,0.00617718085735295,0.000426039682477642,0.0012128131840933,0.00247087234294118,0,0,0,0,0,0,0,0,0,0,0,0
6.33044317326122,0.00109573992429059,0.00309419142102947,0.00625039163614351,0.000438295969716235,0.00123767656841179,0.0025001566544574,0,0,0,0,0,0,0,0,0,0,0,0
6.340446505391,0.00112700609920929,0.00315708286580223,0.00632372795812095,0.000450802439683714,0.00126283314632089,0.00252949118324838,0,0,0,0,0,0,0,0,0,0,0,0
6.35044983752079,0.00115890506942747,0.00322070852455066,0.00639718465912113,0.000463562027770988,0.00128828340982026,0.00255887386364845,0,0,0,0,0,0,0,0,0,0,0,0
6.36045316965057,0.00119144418546856,0.00328506957574489,0.00647075660093623,0.000476577674187423,0.00131402783029796,0.00258830264037449,0,0,0,0,0,0,0,0,0,0,0,0
6.37045650178035,0.00122463080938794,0.00335016714658548,0.00654443867126933,0.000489852323755174,0.00134006685863419,0.00261777546850773,0,0,0,0,0,0,0,0,0,0,0,0
6.38045983391014,0.00125847231426141,0.00341600231326239,0.00661822578368894,0.000503388925704563,0.00136640092530496,0.00264729031347558,0,0,0,0,0,0,0,0,0,0,0,0
6.39046316603992,0.0012929760836762,0.00348257610121352,0.00669211287758352,0.00051719043347048,0.00139303044048541,0.00267684515103341,0,0,0,0,0,0,0,0,0,0,0,0
6.40046649816971,0.00132814951122457,0.00354988948538272,0.00676609491811605,0.000531259804489827,0.00141995579415309,0.00270643796724642,0,0,0,0,0,0,0,0,0,0,0,0
6.41046983029949,0.00136399999999996,0.00361794339047744,0.00684016689617857,0.000545599999999986,0.00144717735619098,0.00273606675847143,0,0,0,0,0,0,0,0,0,0,0,0
6.42047316242927,0.00140053496209582,0.00368673869122584,0.00691432382834672,0.000560213984838327,0.00147469547649034,0.00276572953133869,0,0,0,0,0,0,0,0,0,0,0,0
6.43047649455906,0.00143776181810683,0.0037562762126335,0.00698856075683425,0.000575104727242732,0.0015025104850534,0.0027954243027337,0,0,0,0,0,0,0,0,0,0,0,0
6.44047982668884,0.00147568799663289,0.00382655673023969,0.00706287274944761,0.000590275198653157,0.00153062269209588,0.00282514909977904,0,0,0,0,0,0,0,0,0,0,0,0
6.45048315881862,0.00151432093378552,0.0038975809703731,0.00713725489954047,0.000605728373514206,0.00155903238814924,0.00285490195981619,0,0,0,0,0,0,0,0,0,0,0,0
6.46048649094841,0.00155366807269685,0.00396934961040721,0.00721170232596827,0.000621467229078741,0.00158773984416288,0.00288468093038731,0,0,0,0,0,0,0,0,0,0,0,0
6.47048982307819,0.00159373686303125,0.00404186327901513,0.00728621017304275,0.000637494745212501,0.00161674531160605,0.0029144840692171,0,0,0,0,0,0,0,0,0,0,0,0
6.48049315520797,0.00163453476049936,0.00411512255642407,0.0073607736104865,0.000653813904199745,0.00164604902256963,0.0029443094441946,0,0,0,0,0,0,0,0,0,0,0,0
6.49049648733776,0.00167606922637479,0.00418912797466927,0.00743538783338749,0.000670427690549918,0.00167565118986771,0.002974155133355,0,0,0,0,0,0,0,0,0,0,0,0
6.50049981946754,0.00171834772701329,0.0042638800178475,0.00751004806215366,0.000687339090805317,0.001705552007139,0.00300401922486146,0,0,0,0,0,0,0,0,0,0,0,0
6.51050315159732,0.00176137773337447,0.00433937912237016,0.00758474954246737,0.000704551093349788,0.00173575164894807,0.00303389981698695,0,0,0,0,0,0,0,0,0,0,0,0
6.52050648372711,0.00180516672054605,0.00441562567721585,0.00765948754524006,0.00072206668821842,0.00176625027088634,0.00306379501809602,0,0,0,0,0,0,0,0,0,0,0,0
6.53050981585689,0.00184972216727065,0.00449262002418251,0.00773425736656668,0.00073988886690826,0.001797048009673,0.00309370294662667,0,0,0,0,0,0,0,0,0,0,0,0
6.54051314798668,0.00189505155547507,0.00457036245813915,0.00780905432768031,0.000758020622190029,0.00182814498325566,0.00312362173107213,0,0,0,0,0,0,0,0,0,0,0,0
6.55051648011646,0.00194116236980212,0.00464885322727703,0.00788387377490668,0.000776464947920847,0.00185954129091081,0.00315354950996267,0,0,0,0,0,0,0,0,0,0,0,0
6.56051981224624,0.0019880620971449,0.00472809253336052,0.00795871107961869,0.000795224838857961,0.00189123701334421,0.00318348443184747,0,0,0,0,0,0,0,0,0,0,0,0
6.57052314437603,0.00203575822618369,0.00480808053197734,0.00803356163819096,0.000814303290473477,0.00192323221279094,0.00321342465527638,0,0,0,0,0,0,0,0,0,0,0,0
6.58052647650581,0.00208425824692523,0.00488881733278851,0.00810842087195442,0.000833703298770092,0.00195552693311541,0.00324336834878177,0,0,0,0,0,0,0,0,0,0,0,0
6.59052980863559,0.00213356965024456,0.00497030299977773,0.00818328422715079,0.000853427860097824,0.00198812119991109,0.00327331369086032,0,0,0,0,0,0,0,0,0,0,0,0
6.60053314076538,0.00218369992742936,0.00505253755150032,0.00825814717488714,0.000873479970971744,0.00202101502060013,0.00330325886995486,0,0,0,0,0,0,0,0,0,0,0,0
6.61053647289516,0.00223465656972674,0.0051355209613318,0.00833300521109047,0.000893862627890695,0.00205420838453272,0.00333320208443619,0,0,0,0,0,0,0,0,0,0,0,0
6.62053980502495,0.00228644706789252,0.00521925315771588,0.00840785385646218,0.000914578827157009,0.00208770126308635,0.00336314154258487,0,0,0,0,0,0,0,0,0,0,0,0
6.63054313715473,0.00233907891174305,0.00530373402441209,0.00848268865643269,0.000935631564697219,0.00212149360976484,0.00339307546257308,0,0,0,0,0,0,0,0,0,0,0,0
6.64054646928451,0.00239255958970938,0.00538896340074291,0.00855750518111592,0.000957023835883753,0.00215558536029716,0.00342300207244637,0,0,0,0,0,0,0,0,0,0,0,0
6.6505498014143,0.00244689658839406,0.00547494108184047,0.00863229902526388,0.000978758635357625,0.00218997643273619,0.00345291961010555,0,0,0,0,0,0,0,0,0,0,0,0
6.66055313354408,0.00250209739213026,0.0055616668188928,0.00870706580822117,0.0010008389568521,0.00222466672755712,0.00348282632328847,0,0,0,0,0,0,0,0,0,0,0,0
6.67055646567386,0.00255816948254342,0.00564914031938956,0.00878180117387956,0.00102326779301737,0.00225965612775583,0.00351272046955183,0,0,0,0,0,0,0,0,0,0,0,0
6.68055979780365,0.00261512033811538,0.00573736124736744,0.00885650079063252,0.00104604813524615,0.00229494449894698,0.00354260031625301,0,0,0,0,0,0,0,0,0,0,0,0
6.69056312993343,0.00267295743375091,0.00582632922365495,0.00893116035132972,0.00106918297350036,0.00233053168946198,0.00357246414053189,0,0,0,0,0,0,0,0,0,0,0,0
6.70056646206321,0.0027316882403467,0.00591604382611691,0.00900577557323166,0.00109267529613868,0.00236641753044676,0.00360231022929267,0,0,0,0,0,0,0,0,0,0,0,0
6.710569794193,0.00279132022436281,0.00600650458989836,0.00908034219796414,0.00111652808974512,0.00240260183595935,0.00363213687918565,0,0,0,0,0,0,0,0,0,0,0,0
6.72057312632278,0.00285186084739654,0.0060977110076681,0.0091548559914728,0.00114074433895862,0.00243908440306724,0.00366194239658912,0,0,0,0,0,0,0,0,0,0,0,0
6.73057645845256,0.00291331756575876,0.00618966252986172,0.00922931274397773,0.00116532702630351,0.00247586501194469,0.00369172509759109,0,0,0,0,0,0,0,0,0,0,0,0
6.74057979058235,0.00297569783005265,0.0062823585649242,0.00930370826992795,0.00119027913202106,0.00251294342596968,0.00372148330797118,0,0,0,0,0,0,0,0,0,0,0,0
6.75058312271213,0.00303900908475482,0.00637579847955207,0.00937803840795596,0.00121560363390193,0.00255031939182083,0.00375121536318238,0,0,0,0,0,0,0,0,0,0,0,0
6.76058645484192,0.00310325876779896,0.00646998159893509,0.00945229902083232,0.00124130350711958,0.00258799263957404,0.00378091960833293,0,0,0,0,0,0,0,0,0,0,0,0
6.7705897869717,0.0031684543101618,0.00656490720699747,0.00952648599542013,0.00126738172406472,0.00262596288279899,0.00381059439816805,0,0,0,0,0,0,0,0,0,0,0,0
6.78059311910148,0.00323460313545155,0.00666057454663867,0.00960059524262966,0.00129384125418062,0.00266422981865547,0.00384023809705186,0,0,0,0,0,0,0,0,0,0,0,0
6.79059645123127,0.00330171265949867,0.0067569828199737,0.00967462269737278,0.00132068506379947,0.00270279312798948,0.00386984907894911,0,0,0,0,0,0,0,0,0,0,0,0
6.80059978336105,0.00336979028994915,0.00685413118857301,0.00974856431851761,0.00134791611597966,0.0027416524754292,0.00389942572740704,0,0,0,0,0,0,0,0,0,0,0,0
6.81060311549083,0.00343884342586009,0.0069520187737019,0.009822416088843,0.00137553737034403,0.00278080750948076,0.0039289664355372,0,0,0,0,0,0,0,0,0,0,0,0
6.82060644762062,0.0035088794572977,0.00705064465655946,0.00989617401499308,0.00140355178291908,0.00282025786262379,0.00395846960599723,0,0,0,0,0,0,0,0,0,0,0,0
6.8306097797504,0.00357990576493776,0.00715000787851713,0.00996983412743182,0.0014319623059751,0.00286000315140685,0.00398793365097273,0,0,0,0,0,0,0,0,0,0,0,0
6.84061311188018,0.0036519297196683,0.00725010744135666,0.0100433924803976,0.00146077188786732,0.00290004297654267,0.00401735699215902,0,0,0,0,0,0,0,0,0,0,0,0
6.85061644400997,0.00372495868219486,0.0073509423075078,0.0101168451518575,0.00148998347287795,0.00294037692300312,0.00404673806074302,0,0,0,0,0,0,0,0,0,0,0,0
6.86061977613975,0.00379900000264798,0.00745251140028538,0.0101901882434625,0.00151960000105919,0.00298100456011415,0.004076075297385,0,0,0,0,0,0,0,0,0,0,0,0
6.87062310826953,0.00387406102019308,0.00755481360412602,0.0102634178805011,0.00154962440807723,0.00302192544165041,0.00410536715220045,0,0,0,0,0,0,0,0,0,0,0,0
6.88062644039932,0.00395014906264279,0.00765784776482435,0.0103365302118547,0.00158005962505712,0.00306313910592974,0.00413461208474188,0,0,0,0,0,0,0,0,0,0,0,0
6.8906297725291,0.00402727144607153,0.00776161268976879,0.0104095214099515,0.00161090857842861,0.00310464507590752,0.0041638085639806,0,0,0,0,0,0,0,0,0,0,0,0
6.90063310465889,0.00410543547443252,0.0078661071481769,0.0104823876707215,0.00164217418977301,0.00314644285927076,0.00419295506828862,0,0,0,0,0,0,0,0,0,0,0,0
6.91063643678867,0.00418464843917712,0.00797132987133017,0.0105551252135509,0.00167385937567085,0.00318853194853207,0.00422205008542037,0,0,0,0,0,0,0,0,0,0,0,0
6.92063976891845,0.0042649176188765,0.00807727955280855,0.0106277302812365,0.0017059670475506,0.00323091182112342,0.0042510921124946,0,0,0,0,0,0,0,0,0,0,0,0
6.93064310104824,0.00434625027884571,0.00818395484872429,0.0107001991399404,0.00173850011153828,0.00327358193948972,0.00428007965597615,0,0,0,0,0,0,0,0,0,0,0,0
6.94064643317802,0.00442865367076997,0.00829135437795551,0.0107725280791444,0.00177146146830799,0.00331654175118221,0.00430901123165777,0,0,0,0,0,0,0,0,0,0,0,0
6.9506497653078,0.00451213503233345,0.00839947672237926,0.0108447134116049,0.00180485401293338,0.0033597906889517,0.00433788536464194,0,0,0,0,0,0,0,0,0,0,0,0
6.96065309743759,0.00459670158685028,0.00850832042710404,0.0109167514733068,0.00183868063474011,0.00340332817084162,0.00436670058932273,0,0,0,0,0,0,0,0,0,0,0,0
6.97065642956737,0.00468236054289785,0.00861788400070202,0.0109886386234188,0.00187294421715914,0.00344715360028081,0.00439545544936753,0,0,0,0,0,0,0,0,0,0,0,0
6.98065976169716,0.00476911909395257,0.00872816591544068,0.0110603712442474,0.00190764763758103,0.00349126636617627,0.00442414849769894,0,0,0,0,0,0,0,0,0,0,0,0
6.99066309382694,0.00485698441802777,0.00883916460751404,0.0111319457411914,0.00194279376721111,0.00353566584300562,0.00445277829647657,0,0,0,0,0,0,0,0,0,0,0,0
7.00066642595672,0.00494596367731408,0.00895087847727347,0.0112033585426971,0.00197838547092563,0.00358035139090939,0.00448134341707883,0,0,0,0,0,0,0,0,0,0,0,0
7.01066975808651,0.00503606401782199,0.00906330588945794,0.0112746061002119,0.00201442560712879,0.00362532235578318,0.00450984244008478,0,0,0,0,0,0,0,0,0,0,0,0
7.02067309021629,0.00512729256902676,0.00917644517342399,0.0113456848881398,0.0020509170276107,0.00367057806936959,0.00453827395525593,0,0,0,0,0,0,0,0,0,0,0,0
7.03067642234607,0.00521965644351563,0.00929029462337501,0.0114165914037952,0.00208786257740625,0.00371611784935,0.00456663656151807,0,0,0,0,0,0,0,0,0,0,0,0
7.04067975447586,0.00531316273663734,0.00940485249859032,0.0114873221673576,0.00212526509465493,0.00376194099943613,0.00459492886694305,0,0,0,0,0,0,0,0,0,0,0,0
7.05068308660564,0.00540781852615388,0.00952011702365359,0.0115578737218267,0.00216312741046155,0.00380804680946144,0.00462314948873066,0,0,0,0,0,0,0,0,0,0,0,0
7.06068641873542,0.00550363087189459,0.00963608638868092,0.011628242632976,0.00220145234875784,0.00385443455547237,0.00465129705319039,0,0,0,0,0,0,0,0,0,0,0,0
7.07068975086521,0.00560060681541248,0.00975275874954843,0.0116984254893082,0.00224024272616499,0.00390110349981937,0.00467937019572326,0,0,0,0,0,0,0,0,0,0,0,0
7.08069308299499,0.00569875337964287,0.00987013222811937,0.0117684189020092,0.00227950135185715,0.00394805289124775,0.00470736756080367,0,0,0,0,0,0,0,0,0,0,0,0
7.09069641512477,0.00579807756856428,0.00998820491247085,0.0118382195049029,0.00231923102742571,0.00399528196498834,0.00473528780196118,0,0,0,0,0,0,0,0,0,0,0,0
7.10069974725456,0.00589858636686159,0.01010697485712,0.0119078239544058,0.00235943454674463,0.00404278994284801,0.00476312958176233,0,0,0,0,0,0,0,0,0,0,0,0
7.11070307938434,0.00600028673959144,0.0102264400832499,0.0119772289294812,0.00240011469583658,0.00409057603329994,0.00479089157179247,0,0,0,0,0,0,0,0,0,0,0,0
7.12070641151413,0.00610318563184994,0.0103465985789345,0.012046431131594,0.00244127425273997,0.00413863943157381,0.00481857245263759,0,0,0,0,0,0,0,0,0,0,0,0
7.13070974364391,0.00620728996844255,0.0104674482993642,0.0121154272846652,0.00248291598737702,0.00418697931974567,0.0048461709138661,0,0,0,0,0,0,0,0,0,0,0,0
7.14071307577369,0.00631260665355633,0.0105889871670694,0.0121842141350267,0.00252504266142253,0.00423559486682775,0.00487368565401067,0,0,0,0,0,0,0,0,0,0,0,0
7.15071640790348,0.00641914257043423,0.0107112130721451,0.0122527884513751,0.00256765702817369,0.00428448522885803,0.00490111538055005,0,0,0,0,0,0,0,0,0,0,0,0
7.16071974003326,0.00652690458105187,0.0108341238724741,0.0123211470247272,0.00261076183242075,0.00433364954898964,0.00492845880989088,0,0,0,0,0,0,0,0,0,0,0,0
7.17072307216304,0.00663589952579637,0.0109577173939502,0.0123892866683737,0.00265435981031855,0.00438308695758009,0.0049557146673495,0,0,0,0,0,0,0,0,0,0,0,0
7.18072640429283,0.00674613422314746,0.0110819914307007,0.0124572042178344,0.00269845368925898,0.00443279657228027,0.00498288168713378,0,0,0,0,0,0,0,0,0,0,0,0
7.19072973642261,0.00685761546936085,0.0112069437453084,0.0125248965308123,0.00274304618774434,0.00448277749812336,0.00500995861232493,0,0,0,0,0,0,0,0,0,0,0,0
7.20073306855239,0.00697035003815374,0.0113325720690336,0.0125923604871483,0.0027881400152615,0.00453302882761343,0.00503694419485932,0,0,0,0,0,0,0,0,0,0,0,0
7.21073640068218,0.00708434468039267,0.011458874102035,0.0126595929887757,0.00283373787215707,0.004583549640814,0.00506383719551029,0,0,0,0,0,0,0,0,0,0,0,0
7.22073973281196,0.00719960612378343,0.0115858475135907,0.0127265909596749,0.00287984244951337,0.0046343390054363,0.00509063638386997,0,0,0,0,0,0,0,0,0,0,0,0
7.23074306494174,0.00731614107256332,0.0117134899423186,0.0127933513458278,0.00292645642902533,0.00468539597692742,0.00511734053833112,0,0,0,0,0,0,0,0,0,0,0,0
7.24074639707153,0.0074339562071955,0.0118417989963957,0.0128598711151723,0.0029735824828782,0.00473671959855827,0.00514394844606891,0,0,0,0,0,0,0,0,0,0,0,0
7.25074972920131,0.00755305818406559,0.0119707722537782,0.0129261472575568,0.00302122327362624,0.00478830890151129,0.00517045890302273,0,0,0,0,0,0,0,0,0,0,0,0
7.2607530613311,0.00767345363518044,0.0121004072624202,0.0129921767846952,0.00306938145407218,0.00484016290496807,0.00519687071387808,0,0,0,0,0,0,0,0,0,0,0,0
7.27075639346088,0.00779514916786916,0.0122307015404919,0.0130579567301207,0.00311805966714766,0.00489228061619676,0.00522318269204829,0,0,0,0,0,0,0,0,0,0,0,0
7.28075972559066,0.00791815136448621,0.0123616525765981,0.013123484149141,0.00316726054579448,0.00494466103063923,0.00524939365965641,0,0,0,0,0,0,0,0,0,0,0,0
7.29076305772045,0.00804246678211676,0.0124932578299955,0.0131887561187925,0.00321698671284671,0.00499730313199819,0.005275502447517,0,0,0,0,0,0,0,0,0,0,0,0
7.30076638985023,0.0081681019522842,0.0126255147308099,0.0132537697377948,0.00326724078091368,0.00505020589232396,0.00530150789511793,0,0,0,0,0,0,0,0,0,0,0,0
7.31076972198001,0.00829506338065982,0.012758420680253,0.0133185221265056,0.00331802535226393,0.00510336827210118,0.00532740885060223,0,0,0,0,0,0,0,0,0,0,0,0
7.3207730541098,0.00842335754677463,0.0128919730508383,0.0133830104268747,0.00336934301870985,0.00515678922033532,0.00535320417074988,0,0,0,0,0,0,0,0,0,0,0,0
7.33077638623958,0.00855299090373341,0.0130261691865974,0.0134472318023991,0.00342119636149337,0.00521046767463895,0.00537889272095966,0,0,0,0,0,0,0,0,0,0,0,0
7.34077971836937,0.00868396987793084,0.0131610064032947,0.0135111834380773,0.00347358795117234,0.00526440256131787,0.00540447337523092,0,0,0,0,0,0,0,0,0,0,0,0
7.35078305049915,0.00881630086876979,0.0132964819886427,0.0135748625403636,0.00352652034750792,0.00531859279545708,0.00542994501614543,0,0,0,0,0,0,0,0,0,0,0,0
7.36078638262893,0.00894999024838182,0.0134325932025163,0.013638266337123,0.00357999609935273,0.0053730372810065,0.0054553065348492,0,0,0,0,0,0,0,0,0,0,0,0
7.37078971475872,0.00908504436134977,0.0135693372771665,0.0137013920775857,0.00363401774453991,0.00542773491086661,0.00548055683103426,0,0,0,0,0,0,0,0,0,0,0,0
7.3807930468885,0.00922146952443249,0.0137067114174345,0.0137642370323013,0.003688587809773,0.00548268456697379,0.00550569481292054,0,0,0,0,0,0,0,0,0,0,0,0
7.39079637901828,0.00935927202629172,0.0138447128009639,0.013826798493094,0.00374370881051669,0.00553788512038556,0.00553071939723761,0,0,0,0,0,0,0,0,0,0,0,0
7.40079971114807,0.00949845812722107,0.013983338578414,0.0138890737730164,0.00379938325088843,0.00559333543136562,0.00555562950920657,0,0,0,0,0,0,0,0,0,0,0,0
7.41080304327785,0.0096390340588772,0.0141225858736717,0.0139510602063045,0.00385561362355088,0.00564903434946869,0.00558042408252182,0,0,0,0,0,0,0,0,0,0,0,0
7.42080637540763,0.00978100602401301,0.014262451784063,0.0140127551483322,0.0039124024096052,0.00570498071362518,0.00560510205933287,0,0,0,0,0,0,0,0,0,0,0,0
7.43080970753742,0.009924380196213,0.0144029333805643,0.0140741559755656,0.0039697520784852,0.0057611733522257,0.00562966239022622,0,0,0,0,0,0,0,0,0,0,0,0
7.4408130396672,0.0100691627196308,0.0145440277080134,0.0141352600855178,0.00402766508785232,0.00581761108320535,0.00565410403420711,0,0,0,0,0,0,0,0,0,0,0,0
7.45081637179698,0.0102153597087287,0.0146857317853196,0.0141960648967034,0.00408614388349148,0.00587429271412782,0.00567842595868135,0,0,0,0,0,0,0,0,0,0,0,0
7.46081970392677,0.0103629772480193,0.0148280426056735,0.0142565678485929,0.00414519089920773,0.0059312170422694,0.00570262713943717,0,0,0,0,0,0,0,0,0,0,0,0
7.47082303605655,0.0105120213918094,0.0149709571367566,0.0143167664015675,0.00420480855672377,0.00598838285470265,0.005726706560627,0,0,0,0,0,0,0,0,0,0,0,0
7.48082636818634,0.0106624981639458,0.0151144723209502,0.0143766580368733,0.0042649992655783,0.00604578892838008,0.00575066321474931,0,0,0,0,0,0,0,0,0,0,0,0
7.49082970031612,0.010814413557563,0.0152585850755436,0.0144362402565761,0.00432576542302521,0.00610343403021746,0.00577449610263043,0,0,0,0,0,0,0,0,0,0,0,0
7.5008330324459,0.0109677735348339,0.0154032922929427,0.0144955105835158,0.00438710941393357,0.00616131691717708,0.00579820423340633,0,0,0,0,0,0,0,0,0,0,0,0
7.51083636457569,0.0111225840267212,0.0155485908408769,0.0145544665612612,0.00444903361068849,0.00621943633635078,0.00582178662450447,0,0,0,0,0,0,0,0,0,0,0,0
7.52083969670547,0.011278850932732,0.015694477562607,0.0146131057540641,0.00451154037309281,0.00627779102504279,0.00584524230162564,0,0,0,0,0,0,0,0,0,0,0,0
7.53084302883525,0.011436580120674,0.015840949277131,0.0146714257468142,0.00457463204826961,0.00633637971085242,0.0058685702987257,0,0,0,0,0,0,0,0,0,0,0,0
7.54084636096504,0.0115957774264137,0.0159880027793913,0.0147294241449937,0.00463831097056549,0.00639520111175651,0.00589176965799747,0,0,0,0,0,0,0,0,0,0,0,0
7.55084969309482,0.011756448653637,0.0161356348404794,0.0147870985746313,0.00470257946145479,0.00645425393619178,0.00591483942985252,0,0,0,0,0,0,0,0,0,0,0,0
7.5608530252246,0.0119185995736114,0.0162838422078423,0.0148444466822575,0.00476743982944454,0.00651353688313692,0.00593777867290299,0,0,0,0,0,0,0,0,0,0,0,0
7.57085635735439,0.0120822359249506,0.0164326216054864,0.0149014661348585,0.00483289436998024,0.00657304864219454,0.00596058645394339,0,0,0,0,0,0,0,0,0,0,0,0
7.58085968948417,0.0122473634133813,0.0165819697341824,0.0149581546198311,0.00489894536535251,0.00663278789367297,0.00598326184793244,0,0,0,0,0,0,0,0,0,0,0,0
7.59086302161396,0.0124139877115112,0.0167318832716694,0.0150145098449372,0.00496559508460449,0.00669275330866775,0.00600580393797488,0,0,0,0,0,0,0,0,0,0,0,0
7.60086635374374,0.0125821144586003,0.0168823588728578,0.0150705295382582,0.00503284578344012,0.00675294354914313,0.00602821181530329,0,0,0,0,0,0,0,0,0,0,0,0
7.61086968587352,0.012751749260333,0.017033393170033,0.0151262114481497,0.0051006997041332,0.0068133572680132,0.00605048457925988,0,0,0,0,0,0,0,0,0,0,0,0
7.62087301800331,0.0129228976885931,0.0171849827730575,0.0151815533431959,0.00516915907543724,0.00687399310922299,0.00607262133727835,0,0,0,0,0,0,0,0,0,0,0,0
7.63087635013309,0.0130955652812404,0.0173371242695731,0.0152365530121642,0.00523822611249617,0.00693484970782924,0.00609462120486568,0,0,0,0,0,0,0,0,0,0,0,0
7.64087968226287,0.0132697575418895,0.0174898142252029,0.0152912082639599,0.0053079030167558,0.00699592569008116,0.00611648330558397,0,0,0,0,0,0,0,0,0,0,0,0
7.65088301439266,0.0134454799396904,0.0176430491837522,0.0153455169275805,0.00537819197587616,0.00705721967350086,0.00613820677103219,0,0,0,0,0,0,0,0,0,0,0,0
7.66088634652244,0.0136227379091114,0.0177968256674092,0.0153994768520703,0.00544909516364456,0.00711873026696367,0.0061597907408281,0,0,0,0,0,0,0,0,0,0,0,0
7.67088967865222,0.0138015368497238,0.0179511401769456,0.015453085906475,0.00552061473988954,0.00718045607077825,0.00618123436258999,0,0,0,0,0,0,0,0,0,0,0,0
7.68089301078201,0.0139818821259888,0.0181059891919164,0.0155063419797963,0.00559275285039551,0.00724239567676655,0.00620253679191852,0,0,0,0,0,0,0,0,0,0,0,0
7.69089634291179,0.0141637790670458,0.0182613691708589,0.0155592429809464,0.00566551162681834,0.00730454766834358,0.00622369719237855,0,0,0,0,0,0,0,0,0,0,0,0
7.70089967504157,0.0143472329665039,0.0184172765514923,0.0156117868387023,0.00573889318660156,0.00736691062059694,0.00624471473548092,0,0,0,0,0,0,0,0,0,0,0,0
7.71090300717136,0.0145322490822339,0.0185737077509156,0.0156639715016608,0.00581289963289354,0.00742948310036626,0.00626558860066432,0,0,0,0,0,0,0,0,0,0,0,0
7.72090633930114,0.0147188326361634,0.018730659165806,0.0157157949381926,0.00588753305446536,0.0074922636663224,0.00628631797527705,0,0,0,0,0,0,0,0,0,0,0,0
7.73090967143093,0.0149069888140736,0.0188881271726162,0.0157672551363972,0.00596279552562944,0.00755525086904648,0.0063069020545589,0,0,0,0,0,0,0,0,0,0,0,0
7.74091300356071,0.0150967227653977,0.0190461081277718,0.0158183501040572,0.00603868910615908,0.00761844325110874,0.00632734004162289,0,0,0,0,0,0,0,0,0,0,0,0
7.75091633569049,0.0152880396030217,0.0192045983678679,0.0158690778685929,0.00611521584120867,0.00768183934714717,0.00634763114743716,0,0,0,0,0,0,0,0,0,0,0,0
7.76091966782028,0.0154809444030869,0.0193635942098651,0.0159194364770169,0.00619237776123475,0.00774543768394605,0.00636777459080675,0,0,0,0,0,0,0,0,0,0,0,0
7.77092299995006,0.0156754422047946,0.0195230919512856,0.0159694239958885,0.00627017688191784,0.00780923678051423,0.00638776959835542,0,0,0,0,0,0,0,0,0,0,0,0
7.78092633207984,0.0158715380102127,0.0196830878704081,0.0160190385112687,0.00634861520408508,0.00787323514816325,0.00640761540450746,0,0,0,0,0,0,0,0,0,0,0,0
7.79092966420963,0.0160692367840838,0.0198435782264631,0.0160682781286738,0.00642769471363353,0.00793743129058526,0.00642731125146953,0,0,0,0,0,0,0,0,0,0,0,0
7.80093299633941,0.0162685434536361,0.0200045592598271,0.0161171409730312,0.00650741738145444,0.00800182370393082,0.00644685638921247,0,0,0,0,0,0,0,0,0,0,0,0
7.81093632846919,0.0164694629083954,0.0201660271922161,0.0161656251886327,0.00658778516335816,0.00806641087688646,0.00646625007545309,0,0,0,0,0,0,0,0,0,0,0,0
7.82093966059898,0.0166719999999996,0.0203279782268801,0.01621372893909,0.00666879999999984,0.00813119129075206,0.00648549157563601,0,0,0,0,0,0,0,0,0,0,0,0
7.83094299272876,0.0168761595420149,0.0204904085487952,0.0162614504072887,0.00675046381680596,0.00819616341951808,0.00650458016291549,0,0,0,0,0,0,0,0,0,0,0,0
7.84094632485855,0.017081946309754,0.0206533143248565,0.0163087877953431,0.00683277852390158,0.0082613257299426,0.00652351511813723,0,0,0,0,0,0,0,0,0,0,0,0
7.85094965698833,0.0172893650400959,0.0208166917040703,0.0163557393245504,0.00691574601603837,0.00832667668162812,0.00654229572982018,0,0,0,0,0,0,0,0,0,0,0,0
7.86095298911811,0.0174984204313085,0.0209805368177458,0.0164023032353459,0.00699936817252342,0.0083922147270983,0.00656092129413835,0,0,0,0,0,0,0,0,0,0,0,0
7.8709563212479,0.017709117142872,0.0211448457796859,0.0164484777872567,0.00708364685714882,0.00845793831187438,0.00657939111490267,0,0,0,0,0,0,0,0,0,0,0,0
7.88095965337768,0.017921459795305,0.0213096146863788,0.0164942612588569,0.007168583918122,0.00852384587455153,0.00659770450354278,0,0,0,0,0,0,0,0,0,0,0,0
7.89096298550746,0.018135452969992,0.0214748396171873,0.016539651947722,0.00725418118799678,0.00858993584687493,0.00661586077908881,0,0,0,0,0,0,0,0,0,0,0,0
7.90096631763725,0.0183511012090132,0.0216405166345394,0.0165846481703832,0.0073404404836053,0.00865620665381576,0.00663385926815327,0,0,0,0,0,0,0,0,0,0,0,0
7.91096964976703,0.0185684090149764,0.0218066417841173,0.016629248262282,0.00742736360599057,0.00872265671364691,0.00665169930491281,0,0,0,0,0,0,0,0,0,0,0,0
7.92097298189681,0.0187873808508497,0.0219732110950464,0.0166734505777252,0.00751495234033989,0.00878928443801858,0.00666938023109007,0,0,0,0,0,0,0,0,0,0,0,0
7.9309763140266,0.0190080211397974,0.0221402205800842,0.0167172534898387,0.00760320845591894,0.00885608823203367,0.00668690139593547,0,0,0,0,0,0,0,0,0,0,0,0
7.94097964615638,0.0192303342650167,0.0223076662358075,0.0167606553905226,0.0076921337060067,0.00892306649432299,0.00670426215620905,0,0,0,0,0,0,0,0,0,0,0,0
7.95098297828616,0.0194543245695776,0.0224755440428007,0.0168036546904057,0.00778172982783105,0.0089902176171203,0.00672146187616227,0,0,0,0,0,0,0,0,0,0,0,0
7.96098631041595,0.0196799963562629,0.0226438499658428,0.0168462498187996,0.00787199854250517,0.00905753998633714,0.00673849992751985,0,0,0,0,0,0,0,0,0,0,0,0
7.97098964254573,0.0199073538874117,0.0228125799540938,0.0168884392236539,0.00796294155496467,0.0091250319816375,0.00675537568946154,0,0,0,0,0,0,0,0,0,0,0,0
7.98099297467552,0.0201364013847636,0.0229817299412808,0.01693022137151,0.00805456055390546,0.00919269197651234,0.00677208854860401,0,0,0,0,0,0,0,0,0,0,0,0
7.9909963068053,0.020367143029306,0.0231512958458846,0.0169715947474565,0.00814685721172239,0.00926051833835384,0.00678863789898259,0,0,0,0,0,0,0,0,0,0,0,0
8.00099963893508,0.0205995829611214,0.0233212735713238,0.0170125578550829,0.00823983318444855,0.00932850942852954,0.00680502314203314,0,0,0,0,0,0,0,0,0,0,0,0
8.01100297106487,0.0208337252792387,0.0234916590061407,0.0170531092164346,0.00833349011169547,0.00939666360245629,0.00682124368657384,0,0,0,0,0,0,0,0,0,0,0,0
8.02100630319465,0.0210695740414848,0.0236624480241851,0.0170932473719676,0.00842782961659391,0.00946497920967403,0.00683729894878703,0,0,0,0,0,0,0,0,0,0,0,0
8.03100963532443,0.0213071332643385,0.0238336364847982,0.0171329708805025,0.0085228533057354,0.00953345459391927,0.006853188352201,0,0,0,0,0,0,0,0,0,0,0,0
8.04101296745422,0.0215464069227866,0.0240052202329965,0.0171722783191795,0.00861856276911464,0.00960208809319861,0.00686891132767181,0,0,0,0,0,0,0,0,0,0,0,0
8.051016299584,0.0217873989501812,0.0241771950996547,0.0172111682834129,0.00871495958007249,0.00967087803986186,0.00688446731336515,0,0,0,0,0,0,0,0,0,0,0,0
8.06101963171379,0.0220301132380993,0.0243495569016878,0.0172496393868452,0.00881204529523973,0.0097398227606751,0.00689985575473809,0,0,0,0,0,0,0,0,0,0,0,0
8.07102296384357,0.0222745536362042,0.0245223014422338,0.0172876902613024,0.00890982145448167,0.00980892057689354,0.00691507610452094,0,0,0,0,0,0,0,0,0,0,0,0
8.08102629597335,0.0225207239521081,0.0246954245108354,0.0173253195567477,0.00900828958084325,0.00987816980433415,0.00693012782269907,0,0,0,0,0,0,0,0,0,0,0,0
8.09102962810314,0.0227686279512378,0.0248689218836205,0.0173625259412368,0.00910745118049511,0.00994756875344819,0.00694501037649471,0,0,0,0,0,0,0,0,0,0,0,0
8.10103296023292,0.0230182693567005,0.0250427893234837,0.0173993081008719,0.00920730774268021,0.0100171157293935,0.00695972324034876,0,0,0,0,0,0,0,0,0,0,0,0
8.1110362923627,0.0232696518491532,0.0252170225802663,0.0174356647397566,0.0093078607396613,0.0100868090321065,0.00697426589590262,0,0,0,0,0,0,0,0,0,0,0,0
8.12103962449249,0.0235227790666725,0.025391617390936,0.0174715945799501,0.00940911162666899,0.0101566469563744,0.00698863783198003,0,0,0,0,0,0,0,0,0,0,0,0
8.13104295662227,0.0237776546046265,0.0255665694797668,0.017507096361422,0.00951106184185061,0.0102266277919067,0.00700283854456882,0,0,0,0,0,0,0,0,0,0,0,0
8.14104628875205,0.0240342820155496,0.0257418745585171,0.017542168842007,0.00961371280621983,0.0102967498234069,0.0070168675368028,0,0,0,0,0,0,0,0,0,0,0,0
8.15104962088184,0.0242926648090171,0.0259175283266092,0.0175768107973588,0.00971706592360685,0.0103670113306437,0.00703072431894354,0,0,0,0,0,0,0,0,0,0,0,0
8.16105295301162,0.0245528064515237,0.0260935264713063,0.0176110210209055,0.00982112258060949,0.0104374105885225,0.00704440840836218,0,0,0,0,0,0,0,0,0,0,0,0
8.1710562851414,0.024814710366362,0.026269864667891,0.0176447983238032,0.00992588414654479,0.0105079458671564,0.00705791932952129,0,0,0,0,0,0,0,0,0,0,0,0
8.18105961727119,0.0250783799335038,0.0264465385798416,0.0176781415348915,0.0100313519734015,0.0105786154319366,0.00707125661395662,0,0,0,0,0,0,0,0,0,0,0,0
8.19106294940097,0.0253438184894833,0.0266235438590095,0.0177110495006474,0.0101375273957933,0.0106494175436038,0.00708441980025897,0,0,0,0,0,0,0,0,0,0,0,0
8.20106628153076,0.0256110293272808,0.0268008761457948,0.01774352108514,0.0102444117309123,0.0107203504583179,0.00709740843405601,0,0,0,0,0,0,0,0,0,0,0,0
8.21106961366054,0.0258800156962098,0.0269785310693224,0.0177755551699851,0.0103520062784839,0.010791412427729,0.00711022206799403,0,0,0,0,0,0,0,0,0,0,0,0
8.22107294579032,0.026150780801805,0.0271565042476172,0.0178071506542996,0.010460312320722,0.0108626016990469,0.00712286026171986,0,0,0,0,0,0,0,0,0,0,0,0
8.23107627792011,0.0264233278057115,0.027334791287779,0.0178383064546565,0.0105693311222846,0.0109339165151116,0.00713532258186258,0,0,0,0,0,0,0,0,0,0,0,0
8.24107961004989,0.0266976598255772,0.0275133877861567,0.0178690215050386,0.0106790639302309,0.0110053551144627,0.00714760860201543,0,0,0,0,0,0,0,0,0,0,0,0
8.25108294217967,0.0269737799349456,0.0276922893285226,0.0178992947567939,0.0107895119739783,0.011076915731409,0.00715971790271756,0,0,0,0,0,0,0,0,0,0,0,0
8.26108627430946,0.0272516911631513,0.0278714914902453,0.0179291251785897,0.0109006764652605,0.0111485965960981,0.00717165007143588,0,0,0,0,0,0,0,0,0,0,0,0
8.27108960643924,0.0275313964952161,0.0280509898364634,0.0179585117563672,0.0110125585980864,0.0112203959345854,0.00718340470254687,0,0,0,0,0,0,0,0,0,0,0,0
8.28109293856902,0.0278128988717483,0.0282307799222576,0.017987453493296,0.0111251595486993,0.011292311968903,0.00719498139731839,0,0,0,0,0,0,0,0,0,0,0,0
8.29109627069881,0.0280962011888425,0.028410857292823,0.0180159494097288,0.011238480475537,0.0113643429171292,0.00720637976389152,0,0,0,0,0,0,0,0,0,0,0,0
8.30109960282859,0.0283813062979817,0.0285912174836406,0.0180439985431558,0.0113525225191927,0.0114364869934562,0.00721759941726233,0,0,0,0,0,0,0,0,0,0,0,0
8.31110293495837,0.0286682170059408,0.0287718560206487,0.0180715999481594,0.0114672868023763,0.0115087424082595,0.00722863997926376,0,0,0,0,0,0,0,0,0,0,0,0
8.32110626708816,0.0289569360746925,0.0289527684204137,0.0180987526963684,0.011582774429877,0.0115811073681655,0.00723950107854738,0,0,0,0,0,0,0,0,0,0,0,0
8.33110959921794,0.0292474662213136,0.0291339501903001,0.0181254558764131,0.0116989864885255,0.0116535800761201,0.00725018235056523,0,0,0,0,0,0,0,0,0,0,0,0
8.34111293134773,0.0295398101178948,0.0293153968286406,0.0181517085938791,0.0118159240471579,0.0117261587314562,0.00726068343755166,0,0,0,0,0,0,0,0,0,0,0,0
8.35111626347751,0.0298339703914501,0.0294971038249053,0.0181775099712628,0.0119335881565801,0.0117988415299621,0.0072710039885051,0,0,0,0,0,0,0,0,0,0,0,0
8.36111959560729,0.03012994962383,0.0296790666598707,0.0182028591479248,0.012051979849532,0.0118716266639483,0.00728114365916991,0,0,0,0,0,0,0,0,0,0,0,0
8.37112292773708,0.0304277503516347,0.0298612808057885,0.0182277552800455,0.0121711001406539,0.0119445123223154,0.00729110211201821,0,0,0,0,0,0,0,0,0,0,0,0
8.38112625986686,0.0307273750661299,0.0300437417265529,0.0182521975405791,0.012290950026452,0.0120174966906211,0.00730087901623162,0,0,0,0,0,0,0,0,0,0,0,0
8.39112959199664,0.0310288262131641,0.0302264448778689,0.018276185119208,0.0124115304852657,0.0120905779511476,0.0073104740476832,0,0,0,0,0,0,0,0,0,0,0,0
8.40113292412643,0.0313321061930874,0.030409385707419,0.0182997172222979,0.012532842477235,0.0121637542829676,0.00731988688891914,0,0,0,0,0,0,0,0,0,0,0,0
8.41113625625621,0.0316372173606721,0.03059255965503,0.0183227930728517,0.0126548869442688,0.012237023862012,0.00732911722914068,0,0,0,0,0,0,0,0,0,0,0,0
8.42113958838599,0.0319441620250351,0.0307759621528392,0.0183454119104646,0.012777664810014,0.0123103848611357,0.00733816476418586,0,0,0,0,0,0,0,0,0,0,0,0
8.43114292051578,0.0322529424495614,0.0309595886254599,0.0183675729912784,0.0129011769798246,0.012383835450184,0.00734702919651136,0,0,0,0,0,0,0,0,0,0,0,0
8.44114625264556,0.0325635608518303,0.0311434344901472,0.0183892755879358,0.0130254243407321,0.0124573737960589,0.00735571023517432,0,0,0,0,0,0,0,0,0,0,0,0
8.45114958477535,0.032876019403542,0.0313274951569623,0.0184105189895354,0.0131504077614168,0.0125309980627849,0.00736420759581416,0,0,0,0,0,0,0,0,0,0,0,0
8.46115291690513,0.033190320230447,0.0315117660289374,0.018431302501586,0.0132761280921788,0.012604706411575,0.00737252100063438,0,0,0,0,0,0,0,0,0,0,0,0
8.47115624903491,0.0335064654122759,0.0316962425022391,0.018451625445961,0.0134025861649104,0.0126784970008957,0.0073806501783844,0,0,0,0,0,0,0,0,0,0,0,0
8.4811595811647,0.0338244569826724,0.0318809199663323,0.0184714871608534,0.013529782793069,0.0127523679865329,0.00738859486434136,0,0,0,0,0,0,0,0,0,0,0,0
8.49116291329448,0.0341442969291263,0.032065793804143,0.0184908870007298,0.0136577187716505,0.0128263175216572,0.00739635480029193,0,0,0,0,0,0,0,0,0,0,0,0
8.50116624542426,0.0344659871929096,0.032250859392221,0.0185098243362854,0.0137863948771638,0.0129003437568884,0.00740392973451414,0,0,0,0,0,0,0,0,0,0,0,0
8.51116957755405,0.0347895296690129,0.0324361121009017,0.018528298554398,0.0139158118676051,0.0129744448403607,0.00741131942175921,0,0,0,0,0,0,0,0,0,0,0,0
8.52117290968383,0.0351149262060843,0.0326215472944682,0.0185463090580834,0.0140459704824337,0.0130486189177873,0.00741852362323335,0,0,0,0,0,0,0,0,0,0,0,0
8.53117624181361,0.03544217860637,0.0328071603313124,0.0185638552664489,0.014176871442548,0.0131228641325249,0.00742554210657957,0,0,0,0,0,0,0,0,0,0,0,0
8.5411795739434,0.0357712886256555,0.0329929465640953,0.0185809366146488,0.0143085154502622,0.0131971786256381,0.00743237464585951,0,0,0,0,0,0,0,0,0,0,0,0
8.55118290607318,0.0361022579732096,0.0331789013399079,0.0185975525538381,0.0144409031892838,0.0132715605359631,0.00743902102153524,0,0,0,0,0,0,0,0,0,0,0,0
8.56118623820297,0.0364350883117293,0.0333650200004306,0.0186137025511278,0.0145740353246917,0.0133460080001722,0.00744548102045112,0,0,0,0,0,0,0,0,0,0,0,0
8.57118957033275,0.0367697812572865,0.0335512978820929,0.0186293860895389,0.0147079125029146,0.0134205191528372,0.00745175443581555,0,0,0,0,0,0,0,0,0,0,0,0
8.58119290246253,0.0371063383792762,0.0337377303162321,0.0186446026679571,0.0148425353517105,0.0134950921264929,0.00745784106718285,0,0,0,0,0,0,0,0,0,0,0,0
8.59119623459232,0.0374447612003664,0.0339243126292519,0.0186593518010876,0.0149779044801466,0.0135697250517008,0.00746374072043505,0,0,0,0,0,0,0,0,0,0,0,0
8.6011995667221,0.0377850511964497,0.0341110401427802,0.0186736330194092,0.0151140204785799,0.0136444160571121,0.00746945320776369,0,0,0,0,0,0,0,0,0,0,0,0
8.61120289885188,0.038127209796596,0.0342979081738269,0.0186874458691292,0.0152508839186384,0.0137191632695308,0.00747497834765168,0,0,0,0,0,0,0,0,0,0,0,0
8.62120623098167,0.0384712383830072,0.0344849120349412,0.0187007899121376,0.0153884953532029,0.0137939648139765,0.00748031596485505,0,0,0,0,0,0,0,0,0,0,0,0
8.63120956311145,0.0388171382909736,0.0346720470343676,0.0187136647259621,0.0155268553163894,0.013868818813747,0.00748546589038486,0,0,0,0,0,0,0,0,0,0,0,0
8.64121289524123,0.0391649108088313,0.0348593084762027,0.0187260699037223,0.0156659643235325,0.0139437233904811,0.00749042796148892,0,0,0,0,0,0,0,0,0,0,0,0
8.65121622737102,0.0395145571779216,0.0350466916605508,0.0187380050540842,0.0158058228711687,0.0140186766642203,0.00749520202163368,0,0,0,0,0,0,0,0,0,0,0,0
8.6612195595008,0.0398660785925522,0.0352341918836789,0.018749469801215,0.0159464314370209,0.0140936767534715,0.00749978792048602,0,0,0,0,0,0,0,0,0,0,0,0
8.67122289163058,0.0402194761999586,0.0354218044381719,0.0187604637847376,0.0160877904799835,0.0141687217752688,0.00750418551389504,0,0,0,0,0,0,0,0,0,0,0,0
8.68122622376037,0.0405747511002694,0.035609524613087,0.0187709866596848,0.0162299004401077,0.0142438098452348,0.00750839466387392,0,0,0,0,0,0,0,0,0,0,0,0
8.69122955589015,0.0409319043464705,0.0357973476941071,0.0187810380964543,0.0163727617385882,0.0143189390776429,0.00751241523858173,0,0,0,0,0,0,0,0,0,0,0,0
8.70123288801994,0.041290936944373,0.035985268963695,0.0187906177807631,0.0165163747777492,0.014394107585478,0.00751624711230523,0,0,0,0,0,0,0,0,0,0,0,0
8.71123622014972,0.0416518498525814,0.0361732837012458,0.0187997254136017,0.0166607399410325,0.0144693134804983,0.00751989016544067,0,0,0,0,0,0,0,0,0,0,0,0
8.7212395522795,0.0420146439824636,0.0363613871832398,0.0188083607111892,0.0168058575929854,0.0145445548732959,0.00752334428447566,0,0,0,0,0,0,0,0,0,0,0,0
8.73124288440929,0.0423793201981227,0.0365495746833946,0.0188165234049274,0.0169517280792491,0.0146198298733579,0.00752660936197095,0,0,0,0,0,0,0,0,0,0,0,0
8.74124621653907,0.0427458793163701,0.0367378414728166,0.0188242132413556,0.017098351726548,0.0146951365891266,0.00752968529654225,0,0,0,0,0,0,0,0,0,0,0,0
8.75124954866885,0.0431143221067,0.0369261828201522,0.0188314299821052,0.01724572884268,0.0147704731280609,0.00753257199284206,0,0,0,0,0,0,0,0,0,0,0,0
8.76125288079864,0.0434846492912656,0.0371145939917387,0.0188381734038537,0.0173938597165062,0.0148458375966955,0.00753526936154146,0,0,0,0,0,0,0,0,0,0,0,0
8.77125621292842,0.0438568615448568,0.0373030702517546,0.0188444432982799,0.0175427446179427,0.0149212281007018,0.00753777731931197,0,0,0,0,0,0,0,0,0,0,0,0
8.78125954505821,0.0442309594948794,0.0374916068623691,0.0188502394720183,0.0176923837979518,0.0149966427449476,0.00754009578880731,0,0,0,0,0,0,0,0,0,0,0,0
8.79126287718799,0.0446069437213356,0.0376801990838919,0.0188555617466132,0.0178427774885342,0.0150720796335568,0.00754222469864529,0,0,0,0,0,0,0,0,0,0,0,0
8.80126620931777,0.0449848147568062,0.0378688421749218,0.0188604099584739,0.0179939259027225,0.0151475368699687,0.00754416398338955,0,0,0,0,0,0,0,0,0,0,0,0
8.81126954144755,0.0453645730864343,0.0380575313924955,0.0188647839588286,0.0181458292345737,0.0152230125569982,0.00754591358353143,0,0,0,0,0,0,0,0,0,0,0,0
8.82127287357734,0.0457462191479104,0.0382462619922352,0.0188686836136794,0.0182984876591642,0.0152985047968941,0.00754747344547176,0,0,0,0,0,0,0,0,0,0,0,0
8.83127620570712,0.046129753331459,0.0384350292284965,0.0188721088037568,0.0184519013325836,0.0153740116913986,0.0075488435215027,0,0,0,0,0,0,0,0,0,0,0,0
8.84127953783691,0.0465151759798263,0.0386238283545154,0.0188750594244739,0.0186060703919305,0.0154495313418062,0.00755002376978955,0,0,0,0,0,0,0,0,0,0,0,0
8.85128286996669,0.0469024873882705,0.0388126546225548,0.0188775353858813,0.0187609949553082,0.0155250618490219,0.00755101415435253,0,0,0,0,0,0,0,0,0,0,0,0
8.86128620209647,0.0472916878045522,0.039001503284051,0.0188795366126216,0.0189166751218209,0.0156006013136204,0.00755181464504864,0,0,0,0,0,0,0,0,0,0,0,0
8.87128953422626,0.0476827774289267,0.0391903695897592,0.0188810630438837,0.0190731109715707,0.0156761478359037,0.00755242521755349,0,0,0,0,0,0,0,0,0,0,0,0
8.88129286635604,0.0480757564141386,0.0393792487898987,0.0188821146333577,0.0192303025656554,0.0157516995159595,0.00755284585334306,0,0,0,0,0,0,0,0,0,0,0,0
8.89129619848582,0.0484706248654167,0.0395681361342982,0.0188826913491889,0.0193882499461667,0.0158272544537193,0.00755307653967556,0,0,0,0,0,0,0,0,0,0,0,0
8.90129953061561,0.048867382840471,0.0397570268725396,0.0188827931739331,0.0195469531361884,0.0159028107490158,0.00755311726957324,0,0,0,0,0,0,0,0,0,0,0,0
8.91130286274539,0.0492660303494905,0.0399459162541023,0.0188824201045105,0.0197064121397962,0.0159783665016409,0.00755296804180418,0,0,0,0,0,0,0,0,0,0,0,0
8.92130619487518,0.0496665673551436,0.0401347995285065,0.0188815721521604,0.0198666269420574,0.0160539198114026,0.00755262886086416,0,0,0,0,0,0,0,0,0,0,0,0
8.93130952700496,0.0500689937725787,0.0403236719454563,0.0188802493423961,0.0200275975090315,0.0161294687781825,0.00755209973695843,0,0,0,0,0,0,0,0,0,0,0,0
8.94131285913474,0.0504733094694271,0.0405125287549822,0.0188784517149589,0.0201893237877708,0.0162050115019929,0.00755138068598355,0,0,0,0,0,0,0,0,0,0,0,0
8.95131619126453,0.0508795142658066,0.0407013652075832,0.0188761793237729,0.0203518057063226,0.0162805460830333,0.00755047172950918,0,0,0,0,0,0,0,0,0,0,0,0
8.96131952339431,0.0512876079343272,0.0408901765543686,0.0188734322368999,0.0205150431737309,0.0163560706217474,0.00754937289475994,0,0,0,0,0,0,0,0,0,0,0,0
8.97132285552409,0.0516975902000979,0.0410789580471988,0.018870210536493,0.0206790360800391,0.0164315832188795,0.00754808421459719,0,0,0,0,0,0,0,0,0,0,0,0
8.98132618765388,0.0521094607407345,0.0412677049388265,0.0188665143187522,0.0208437842962938,0.0165070819755306,0.00754660572750087,0,0,0,0,0,0,0,0,0,0,0,0
8.99132951978366,0.0525232191863699,0.0414564124830367,0.0188623436938783,0.021009287674548,0.0165825649932147,0.0075449374775513,0,0,0,0,0,0,0,0,0,0,0,0
9.00133285191344,0.0529388651196648,0.0416450759347869,0.0188576987860275,0.0211755460478659,0.0166580303739148,0.00754307951441101,0,0,0,0,0,0,0,0,0,0,0,0
9.01133618404323,0.0533563980758197,0.0418336905503456,0.0188525797332664,0.0213425592303279,0.0167334762201383,0.00754103189330655,0,0,0,0,0,0,0,0,0,0,0,0
9.02133951617301,0.0537758175425896,0.0420222515874324,0.0188469866875258,0.0215103270170358,0.016808900634973,0.0075387946750103,0,0,0,0,0,0,0,0,0,0,0,0
9.0313428483028,0.0541971229602984,0.0422107543053556,0.0188409198145558,0.0216788491841194,0.0168843017221422,0.00753636792582231,0,0,0,0,0,0,0,0,0,0,0,0
9.04134618043258,0.0546203137218559,0.0423991939651504,0.0188343792938802,0.0218481254887424,0.0169596775860602,0.00753375171755209,0,0,0,0,0,0,0,0,0,0,0,0
9.05134951256236,0.0550453891727758,0.0425875658297167,0.0188273653187511,0.0220181556691103,0.0170350263318867,0.00753094612750044,0,0,0,0,0,0,0,0,0,0,0,0
9.06135284469214,0.0554723486111947,0.042775865163956,0.0188198780961032,0.0221889394444779,0.0171103460655824,0.00752795123844127,0,0,0,0,0,0,0,0,0,0,0,0
9.07135617682193,0.0559011912878932,0.042964087234908,0.0188119178465086,0.0223604765151573,0.0171856348939632,0.00752476713860342,0,0,0,0,0,0,0,0,0,0,0,0
9.08135950895171,0.0563319164063177,0.043152227311887,0.0188034848041311,0.0225327665625271,0.0172608909247548,0.00752139392165246,0,0,0,0,0,0,0,0,0,0,0,0
9.0913628410815,0.0567645231226038,0.0433402806666175,0.0187945792166813,0.0227058092490415,0.017336112266647,0.00751783168667251,0,0,0,0,0,0,0,0,0,0,0,0
9.10136617321128,0.0571990105456016,0.0435282425733694,0.0187852013453702,0.0228796042182407,0.0174112970293478,0.00751408053814808,0,0,0,0,0,0,0,0,0,0,0,0
9.11136950534106,0.057635377736901,0.043716108309093,0.0187753514648647,0.0230541510947604,0.0174864433236372,0.00751014058594587,0,0,0,0,0,0,0,0,0,0,0,0
9.12137283747085,0.0580736237108599,0.0439038731535532,0.0187650298632414,0.023229449484344,0.0175615492614213,0.00750601194529656,0,0,0,0,0,0,0,0,0,0,0,0
9.13137616960063,0.0585137474346327,0.0440915323894636,0.0187542368419418,0.0234054989738531,0.0176366129557855,0.00750169473677669,0,0,0,0,0,0,0,0,0,0,0,0
9.14137950173042,0.0589557478282004,0.0442790813026199,0.0187429727157261,0.0235822991312802,0.017711632521048,0.00749718908629043,0,0,0,0,0,0,0,0,0,0,0,0
9.1513828338602,0.0593996237644023,0.0444665151820327,0.0187312378126285,0.0237598495057609,0.0177866060728131,0.0074924951250514,0,0,0,0,0,0,0,0,0,0,0,0
9.16138616598998,0.0598453740689689,0.0446538293200605,0.0187190324739112,0.0239381496275876,0.0178615317280242,0.00748761298956449,0,0,0,0,0,0,0,0,0,0,0,0
9.17138949811977,0.0602929975205556,0.0448410190125414,0.0187063570540193,0.0241171990082223,0.0179364076050166,0.0074825428216077,0,0,0,0,0,0,0,0,0,0,0,0
9.18139283024955,0.0607424928507788,0.0450280795589247,0.0186932119205349,0.0242969971403115,0.0180112318235699,0.00747728476821394,0,0,0,0,0,0,0,0,0,0,0,0
9.19139616237933,0.061193858744252,0.0452150062624027,0.0186795974541321,0.0244775434977008,0.0180860025049611,0.00747183898165282,0,0,0,0,0,0,0,0,0,0,0,0
9.20139949450912,0.0616470938386245,0.0454017944300405,0.0186655140485313,0.0246588375354498,0.0181607177720162,0.00746620561941253,0,0,0,0,0,0,0,0,0,0,0,0
9.2114028266389,0.0621021967246203,0.0455884393729071,0.0186509621104539,0.0248408786898481,0.0182353757491628,0.00746038484418158,0,0,0,0,0,0,0,0,0,0,0,0
9.22140615876868,0.0625591659460792,0.0457749364062048,0.0186359420595767,0.0250236663784317,0.0183099745624819,0.00745437682383068,0,0,0,0,0,0,0,0,0,0,0,0
9.23140949089847,0.0630179999999987,0.0459612808493989,0.0186204543284864,0.0252071999999995,0.0183845123397596,0.00744818173139454,0,0,0,0,0,0,0,0,0,0,0,0
9.24141282302825,0.0634786973365768,0.0461474680263459,0.0186044993626342,0.0253914789346307,0.0184589872105384,0.00744179974505367,0,0,0,0,0,0,0,0,0,0,0,0
9.25141615515803,0.0639412563592576,0.0463334932654229,0.0185880776202905,0.025576502543703,0.0185333973061692,0.0074352310481162,0,0,0,0,0,0,0,0,0,0,0,0
9.26141948728782,0.064405675424776,0.046519351899655,0.0185711895724993,0.0257622701699104,0.018607740759862,0.00742847582899972,0,0,0,0,0,0,0,0,0,0,0,0
9.2714228194176,0.0648719528432057,0.0467050392668429,0.0185538357030327,0.0259487811372823,0.0186820157067372,0.00742153428121307,0,0,0,0,0,0,0,0,0,0,0,0
9.28142615154739,0.0653400868780072,0.0468905507096904,0.0185360165083455,0.0261360347512029,0.0187562202838762,0.00741440660333818,0,0,0,0,0,0,0,0,0,0,0,0
9.29142948367717,0.0658100757460775,0.0470758815759304,0.0185177324975297,0.026324030298431,0.0188303526303722,0.00740709299901186,0,0,0,0,0,0,0,0,0,0,0,0
9.30143281580695,0.0662819176178013,0.0472610272184517,0.0184989841922691,0.0265127670471205,0.0189044108873807,0.00739959367690764,0,0,0,0,0,0,0,0,0,0,0,0
9.31143614793674,0.0667556106171027,0.0474459829954244,0.018479772126794,0.0267022442468411,0.0189783931981697,0.00739190885071758,0,0,0,0,0,0,0,0,0,0,0,0
9.32143948006652,0.0672311528214993,0.047630744270425,0.0184600968478352,0.0268924611285997,0.01905229770817,0.00738403873913409,0,0,0,0,0,0,0,0,0,0,0,0
9.3314428121963,0.0677085422621564,0.0478153064125618,0.0184399589145793,0.0270834169048626,0.0191261225650247,0.00737598356583173,0,0,0,0,0,0,0,0,0,0,0,0
9.34144614432609,0.0681877769239431,0.0479996647965989,0.0184193588986227,0.0272751107695773,0.0191998659186396,0.00736774355944905,0,0,0,0,0,0,0,0,0,0,0,0
9.35144947645587,0.0686688547454897,0.0481838148030799,0.018398297383926,0.0274675418981959,0.019273525921232,0.0073593189535704,0,0,0,0,0,0,0,0,0,0,0,0
9.36145280858565,0.0691517736192459,0.048367751818452,0.0183767749667694,0.0276607094476984,0.0193471007273808,0.00735070998670774,0,0,0,0,0,0,0,0,0,0,0,0
9.37145614071544,0.0696365313915405,0.0485514712351881,0.0183547922557061,0.0278546125566162,0.0194205884940752,0.00734191690228245,0,0,0,0,0,0,0,0,0,0,0,0
9.38145947284522,0.0701231258626421,0.0487349684519103,0.0183323498715179,0.0280492503450569,0.0194939873807641,0.00733293994860716,0,0,0,0,0,0,0,0,0,0,0,0
9.391462804975,0.070611554786822,0.0489182388735114,0.018309448447169,0.0282446219147288,0.0195672955494046,0.0073237793788676,0,0,0,0,0,0,0,0,0,0,0,0
9.40146613710479,0.0711018158724167,0.0491012779112767,0.0182860886277608,0.0284407263489667,0.0196405111645107,0.00731443545110432,0,0,0,0,0,0,0,0,0,0,0,0
9.41146946923457,0.0715939067818924,0.0492840809830051,0.0182622710704865,0.028637562712757,0.019713632393202,0.00730490842819461,0,0,0,0,0,0,0,0,0,0,0,0
9.42147280136436,0.0720878251319117,0.04946664351313,0.0182379964445857,0.0288351300527647,0.019786657405252,0.00729519857783427,0,0,0,0,0,0,0,0,0,0,0,0
9.43147613349414,0.0725835684933995,0.0496489609328395,0.0182132654312986,0.0290334273973598,0.0198595843731358,0.00728530617251944,0,0,0,0,0,0,0,0,0,0,0,0
9.44147946562392,0.0730811343916121,0.0498310286801963,0.0181880787238209,0.0292324537566448,0.0199324114720785,0.00727523148952837,0,0,0,0,0,0,0,0,0,0,0,0
9.45148279775371,0.0735805203062056,0.0500128422002566,0.0181624370272583,0.0294322081224822,0.0200051368801026,0.00726497481090333,0,0,0,0,0,0,0,0,0,0,0,0
9.46148612988349,0.0740817236713073,0.0501943969451899,0.0181363410585808,0.0296326894685229,0.0200777587780759,0.00725453642343233,0,0,0,0,0,0,0,0,0,0,0,0
9.47148946201327,0.0745847418755871,0.0503756883743965,0.0181097915465775,0.0298338967502348,0.0201502753497586,0.00724391661863099,0,0,0,0,0,0,0,0,0,0,0,0
9.48149279414306,0.0750895722623302,0.0505567119546262,0.0180827892318109,0.0300358289049321,0.0202226847818505,0.00723311569272437,0,0,0,0,0,0,0,0,0,0,0,0
9.49149612627284,0.0755962121295117,0.0507374631600956,0.0180553348665719,0.0302384848518047,0.0202949852640382,0.00722213394662873,0,0,0,0,0,0,0,0,0,0,0,0
9.50149945840263,0.0761046587298715,0.0509179374726049,0.0180274292148335,0.0304418634919486,0.020367174989042,0.00721097168593342,0,0,0,0,0,0,0,0,0,0,0,0
9.51150279053241,0.0766149092709908,0.0510981303816552,0.0179990730522065,0.0306459637083963,0.0204392521526621,0.0071996292208826,0,0,0,0,0,0,0,0,0,0,0,0
9.52150612266219,0.07712696091537,0.0512780373845641,0.0179702671658929,0.030850784366148,0.0205112149538256,0.00718810686635718,0,0,0,0,0,0,0,0,0,0,0,0
9.53150945479198,0.0776408107805069,0.0514576539865816,0.0179410123546413,0.0310563243122028,0.0205830615946326,0.00717640494185653,0,0,0,0,0,0,0,0,0,0,0,0
9.54151278692176,0.0781564559389774,0.0516369757010055,0.0179113094287008,0.031262582375591,0.0206547902804022,0.00716452377148034,0,0,0,0,0,0,0,0,0,0,0,0
9.55151611905154,0.0786738934185158,0.0518159980492961,0.0178811592097761,0.0314695573674063,0.0207263992197185,0.00715246368391045,0,0,0,0,0,0,0,0,0,0,0,0
9.56151945118133,0.0791931202020976,0.0519947165611906,0.0178505625309816,0.031677248080839,0.0207978866244763,0.00714022501239265,0,0,0,0,0,0,0,0,0,0,0,0
9.57152278331111,0.0797141332280226,0.0521731267748171,0.0178195202367962,0.0318856532912091,0.0208692507099268,0.00712780809471849,0,0,0,0,0,0,0,0,0,0,0,0
9.58152611544089,0.0802369293899995,0.0523512242368076,0.0177880331830178,0.0320947717559998,0.020940489694723,0.00711521327320711,0,0,0,0,0,0,0,0,0,0,0,0
9.59152944757068,0.0807615055372312,0.0525290045024117,0.0177561022367177,0.0323046022148925,0.0210116018009647,0.00710244089468707,0,0,0,0,0,0,0,0,0,0,0,0
9.60153277970046,0.0812878584745023,0.0527064631356088,0.0177237282761953,0.0325151433898009,0.0210825852542435,0.00708949131047811,0,0,0,0,0,0,0,0,0,0,0,0
9.61153611183024,0.0818159849622662,0.0528835957092199,0.0176909121909326,0.0327263939849065,0.021153438283688,0.00707636487637304,0,0,0,0,0,0,0,0,0,0,0,0
9.62153944396003,0.0823458817167345,0.0530603978050198,0.0176576548815488,0.0329383526866938,0.0212241591220079,0.00706306195261952,0,0,0,0,0,0,0,0,0,0,0,0
9.63154277608981,0.0828775454099673,0.053236865013848,0.0176239572597547,0.033151018163987,0.0212947460055392,0.00704958290390187,0,0,0,0,0,0,0,0,0,0,0,0
9.6415461082196,0.0834109726699641,0.0534129929357193,0.0175898202483073,0.0333643890679856,0.0213651971742877,0.0070359280993229,0,0,0,0,0,0,0,0,0,0,0,0
9.65154944034938,0.083946160080756,0.0535887771799342,0.0175552447809643,0.0335784640323024,0.0214355108719737,0.00702209791238574,0,0,0,0,0,0,0,0,0,0,0,0
9.66155277247916,0.0844831041824996,0.0537642133651888,0.017520231802439,0.0337932416729998,0.0215056853460755,0.00700809272097561,0,0,0,0,0,0,0,0,0,0,0,0
9.67155610460895,0.0850218014715713,0.0539392971196841,0.0174847822683542,0.0340087205886285,0.0215757188478736,0.0069939129073417,0,0,0,0,0,0,0,0,0,0,0,0
9.68155943673873,0.085562248400663,0.0541140240812348,0.0174488971451973,0.0342248993602652,0.0216456096324939,0.00697955885807894,0,0,0,0,0,0,0,0,0,0,0,0
9.69156276886851,0.0861044413788785,0.0542883898973779,0.0174125774102745,0.0344417765515514,0.0217153559589512,0.00696503096410982,0,0,0,0,0,0,0,0,0,0,0,0
9.7015661009983,0.0866483767718318,0.0544623902254808,0.0173758240516656,0.0346593507087327,0.0217849560901923,0.00695032962066626,0,0,0,0,0,0,0,0,0,0,0,0
9.71156943312808,0.0871940509017456,0.0546360207328483,0.0173386380681783,0.0348776203606982,0.0218544082931393,0.00693545522727133,0,0,0,0,0,0,0,0,0,0,0,0
9.72157276525786,0.0877414600475513,0.0548092770968304,0.0173010204693029,0.0350965840190205,0.0219237108387322,0.00692040818772118,0,0,0,0,0,0,0,0,0,0,0,0
9.73157609738765,0.0882906004449903,0.0549821550049286,0.0172629722751669,0.0353162401779961,0.0219928620019714,0.00690518891006675,0,0,0,0,0,0,0,0,0,0,0,0
9.74157942951743,0.0888414682867157,0.0551546501549018,0.0172244945164892,0.0355365873146863,0.0220618600619607,0.00688979780659568,0,0,0,0,0,0,0,0,0,0,0,0
9.75158276164721,0.0893940597223956,0.0553267582548727,0.0171855882345351,0.0357576238889582,0.0221307033019491,0.00687423529381403,0,0,0,0,0,0,0,0,0,0,0,0
9.761586093777,0.0899483708588173,0.0554984750234323,0.0171462544810706,0.0359793483435269,0.0221993900093729,0.00685850179242822,0,0,0,0,0,0,0,0,0,0,0,0
9.77158942590678,0.0905043977599926,0.0556697961897455,0.0171064943183168,0.0362017591039971,0.0222679184758982,0.00684259772732672,0,0,0,0,0,0,0,0,0,0,0,0
9.78159275803657,0.0910621364472641,0.0558407174936547,0.0170663088189049,0.0364248545789056,0.0223362869974619,0.00682652352756195,0,0,0,0,0,0,0,0,0,0,0,0
9.79159609016635,0.0916215828994122,0.0560112346857842,0.0170256990658302,0.0366486331597649,0.0224044938743137,0.00681027962633207,0,0,0,0,0,0,0,0,0,0,0,0
9.80159942229613,0.092182733052764,0.0561813435276435,0.016984666152407,0.0368730932211056,0.0224725374110574,0.00679386646096278,0,0,0,0,0,0,0,0,0,0,0,0
9.81160275442592,0.0927455828013025,0.0563510397917304,0.016943211182223,0.037098233120521,0.0225404159166922,0.00677728447288919,0,0,0,0,0,0,0,0,0,0,0,0
9.8216060865557,0.0933101279967766,0.0565203192616334,0.0169013352690939,0.0373240511987106,0.0226081277046533,0.00676053410763756,0,0,0,0,0,0,0,0,0,0,0,0
9.83160941868548,0.0938763644488133,0.0566891777321337,0.016859039537018,0.0375505457795253,0.0226756710928535,0.00674361581480722,0,0,0,0,0,0,0,0,0,0,0,0
9.84161275081527,0.0944442879250297,0.0568576110093071,0.0168163251201306,0.0377777151700119,0.0227430444037228,0.00672653004805226,0,0,0,0,0,0,0,0,0,0,0,0
9.85161608294505,0.0950138941511465,0.057025614910625,0.0167731931626586,0.0380055576604586,0.02281024596425,0.00670927726506342,0,0,0,0,0,0,0,0,0,0,0,0
9.86161941507483,0.0955851788111028,0.0571931852650553,0.0167296448188749,0.0382340715244411,0.0228772741060221,0.00669185792754997,0,0,0,0,0,0,0,0,0,0,0,0
9.87162274720462,0.0961581375471712,0.0573603179131623,0.0166856812530534,0.0384632550188685,0.0229441271652649,0.00667427250122137,0,0,0,0,0,0,0,0,0,0,0,0
9.8816260793344,0.0967327659600745,0.0575270087072069,0.0166413036394231,0.0386931063840298,0.0230108034828828,0.00665652145576922,0,0,0,0,0,0,0,0,0,0,0,0
9.89162941146419,0.0973090596091034,0.0576932535112458,0.0165965131621226,0.0389236238436414,0.0230773014044983,0.00663860526484903,0,0,0,0,0,0,0,0,0,0,0,0
9.90163274359397,0.0978870140122346,0.0578590482012304,0.0165513110151551,0.0391548056048939,0.0231436192804922,0.00662052440606202,0,0,0,0,0,0,0,0,0,0,0,0
9.91163607572375,0.0984666246462507,0.0580243886651053,0.0165056984023424,0.0393866498585003,0.0232097554660421,0.00660227936093697,0,0,0,0,0,0,0,0,0,0,0,0
9.92163940785354,0.0990478869468601,0.058189270802906,0.01645967653728,0.039619154778744,0.0232757083211624,0.006583870614912,0,0,0,0,0,0,0,0,0,0,0,0
9.93164273998332,0.099630796308819,0.058353690526857,0.0164132466432911,0.0398523185235276,0.0233414762107428,0.00656529865731644,0,0,0,0,0,0,0,0,0,0,0,0
9.9416460721131,0.100215348086054,0.0585176437614684,0.0163664099533815,0.0400861392344214,0.0234070575045874,0.0065465639813526,0,0,0,0,0,0,0,0,0,0,0,0
9.95164940424289,0.100801537591783,0.0586811264436329,0.016319167710194,0.0403206150367134,0.0234724505774532,0.0065276670840776,0,0,0,0,0,0,0,0,0,0,0,0
9.96165273637267,0.101389360098646,0.0588441345227216,0.0162715211659629,0.0405557440394583,0.0235376538090886,0.00650860846638518,0,0,0,0,0,0,0,0,0,0,0,0
9.97165606850245,0.101978810838821,0.0590066639606799,0.0162234715824688,0.0407915243355284,0.023602665584272,0.00648938863298753,0,0,0,0,0,0,0,0,0,0,0,0
9.98165940063224,0.102569885004158,0.0591687107321228,0.0161750202309928,0.0410279540016633,0.0236674842928491,0.00647000809239712,0,0,0,0,0,0,0,0,0,0,0,0
9.99166273276202,0.103162577746304,0.0593302708244297,0.0161261683922713,0.0412650310985216,0.0237321083297719,0.0064504673569085,0,0,0,0,0,0,0,0,0,0,0,0
10.0016660648918,0.103756884176829,0.0594913402378387,0.0160769173564502,0.0415027536707316,0.0237965360951355,0.00643076694258008,0,0,0,0,0,0,0,0,0,0,0,0
10.0116693970216,0.104352799367358,0.0596519149855407,0.0160272684230401,0.0417411197469431,0.0238607659942163,0.00641090736921603,0,0,0,0,0,0,0,0,0,0,0,0
10.0216727291514,0.104950318349698,0.0598119910937724,0.0159772229008701,0.0419801273398793,0.023924796437509,0.00639088916034803,0,0,0,0,0,0,0,0,0,0,0,0
10.0316760612812,0.105549436115974,0.0599715646019098,0.0159267821080428,0.0422197744463895,0.0239886258407639,0.0063707128432171,0,0,0,0,0,0,0,0,0,0,0,0
10.0416793934109,0.106150147618754,0.0601306315625603,0.0158759473718886,0.0424600590475015,0.0240522526250241,0.00635037894875543,0,0,0,0,0,0,0,0,0,0,0,0
10.0516827255407,0.106752447771188,0.0602891880416552,0.0158247200289205,0.0427009791084751,0.0241156752166621,0.00632988801156819,0,0,0,0,0,0,0,0,0,0,0,0
10.0616860576705,0.107356331447138,0.0604472301185411,0.0157731014247884,0.0429425325788553,0.0241788920474164,0.00630924056991536,0,0,0,0,0,0,0,0,0,0,0,0
10.0716893898003,0.107961793481315,0.060604753886071,0.0157210929142338,0.0431847173925261,0.0242419015544284,0.00628843716569353,0,0,0,0,0,0,0,0,0,0,0,0
10.0816927219301,0.108568828669413,0.060761755450695,0.0156686958610443,0.0434275314677651,0.024304702180278,0.00626747834441771,0,0,0,0,0,0,0,0,0,0,0,0
10.0916960540599,0.109177431768244,0.0609182309325509,0.0156159116380079,0.0436709727072977,0.0243672923730204,0.00624636465520317,0,0,0,0,0,0,0,0,0,0,0,0
10.1016993861896,0.109787597495881,0.0610741764655538,0.0155627416268681,0.0439150389983523,0.0244296705862215,0.00622509665074727,0,0,0,0,0,0,0,0,0,0,0,0
10.1117027183194,0.110399320531789,0.0612295881974853,0.0155091872182779,0.0441597282127155,0.0244918352789941,0.00620367488731118,0,0,0,0,0,0,0,0,0,0,0,0
10.1217060504492,0.111012595516969,0.0613844622900825,0.0154552498117546,0.0444050382067878,0.024553784916033,0.00618209992470185,0,0,0,0,0,0,0,0,0,0,0,0
10.131709382579,0.111627417054099,0.0615387949191267,0.0154009308156342,0.0446509668216396,0.0246155179676507,0.00616037232625369,0,0,0,0,0,0,0,0,0,0,0,0
10.1417127147088,0.112243779707669,0.0616925822745309,0.0153462316470263,0.0448975118830675,0.0246770329098124,0.00613849265881051,0,0,0,0,0,0,0,0,0,0,0,0
10.1517160468386,0.112861678004128,0.0618458205604278,0.015291153731768,0.0451446712016512,0.0247383282241711,0.00611646149270719,0,0,0,0,0,0,0,0,0,0,0,0
10.1617193789683,0.113481106432026,0.0619985059952567,0.0152356985043791,0.0453924425728105,0.0247994023981027,0.00609427940175162,0,0,0,0,0,0,0,0,0,0,0,0
10.1717227110981,0.114102059442156,0.0621506348118499,0.0151798674080162,0.0456408237768624,0.02486025392474,0.0060719469632065,0,0,0,0,0,0,0,0,0,0,0,0
10.1817260432279,0.114724531447699,0.0623022032575193,0.0151236618944277,0.0458898125790795,0.0249208813030078,0.00604946475777107,0,0,0,0,0,0,0,0,0,0,0,0
10.1917293753577,0.115348516824369,0.0624532075941419,0.0150670834239076,0.0461394067297475,0.0249812830376568,0.00602683336956303,0,0,0,0,0,0,0,0,0,0,0,0
10.2017327074875,0.11597400991056,0.062603644098245,0.0150101334652508,0.0463896039642241,0.025041457639298,0.00600405338610031,0,0,0,0,0,0,0,0,0,0,0,0
10.2117360396173,0.116601005007494,0.062753509061091,0.0149528134957072,0.0466404020029975,0.0251014036244364,0.00598112539828289,0,0,0,0,0,0,0,0,0,0,0,0
10.221739371747,0.117229496379364,0.0629027987887618,0.0148951250009365,0.0468917985517457,0.0251611195155048,0.0059580500003746,0,0,0,0,0,0,0,0,0,0,0,0
10.2317427038768,0.117859478253489,0.0630515096022431,0.0148370694749625,0.0471437913013956,0.0252206038408972,0.00593482778998501,0,0,0,0,0,0,0,0,0,0,0,0
10.2417460360066,0.118490944820459,0.0631996378375069,0.0147786484201278,0.0473963779281836,0.0252798551350027,0.0059114593680511,0,0,0,0,0,0,0,0,0,0,0,0
10.2517493681364,0.119123890234287,0.0633471798455954,0.0147198633470482,0.0476495560937148,0.0253388719382382,0.00588794533881928,0,0,0,0,0,0,0,0,0,0,0,0
10.2617527002662,0.11975830861256,0.0634941319927031,0.0146607157745675,0.047903323445024,0.0253976527970812,0.005864286309827,0,0,0,0,0,0,0,0,0,0,0,0
10.271756032396,0.120394194036591,0.063640490660259,0.0146012072297118,0.0481576776146366,0.0254561962641036,0.00584048289188474,0,0,0,0,0,0,0,0,0,0,0,0
10.2817593645257,0.121031540551573,0.0637862522450081,0.0145413392476443,0.0484126162206292,0.0255145008980033,0.0058165356990577,0,0,0,0,0,0,0,0,0,0,0,0
10.2917626966555,0.121670342166729,0.0639314131590929,0.0144811133716192,0.0486681368666916,0.0255725652636371,0.00579244534864768,0,0,0,0,0,0,0,0,0,0,0,0
10.3017660287853,0.12231059285547,0.0640759698301334,0.0144205311529373,0.0489242371421882,0.0256303879320533,0.00576821246117492,0,0,0,0,0,0,0,0,0,0,0,0
10.3117693609151,0.12295228655555,0.0642199187013081,0.0143595941508995,0.0491809146222201,0.0256879674805233,0.00574383766035981,0,0,0,0,0,0,0,0,0,0,0,0
10.3217726930449,0.12359541716922,0.0643632562314338,0.0142983039327621,0.0494381668676879,0.0257453024925735,0.00571932157310484,0,0,0,0,0,0,0,0,0,0,0,0
10.3317760251747,0.124239978563385,0.0645059788950443,0.0142366620736908,0.0496959914253541,0.0258023915580177,0.00569466482947633,0,0,0,0,0,0,0,0,0,0,0,0
10.3417793573044,0.124885964569765,0.0646480831824697,0.0141746701567157,0.0499543858279061,0.0258592332729879,0.00566986806268628,0,0,0,0,0,0,0,0,0,0,0,0
10.3517826894342,0.125533368985049,0.0647895655999151,0.0141123297726855,0.0502133475940197,0.025915826239966,0.00564493190907418,0,0,0,0,0,0,0,0,0,0,0,0
10.361786021564,0.126182185571057,0.0649304226695379,0.014049642520222,0.0504728742284227,0.0259721690678152,0.0056198570080888,0,0,0,0,0,0,0,0,0,0,0,0
10.3717893536938,0.126832408054898,0.0650706509295261,0.0139866100056752,0.0507329632219592,0.0260282603718104,0.00559464400227009,0,0,0,0,0,0,0,0,0,0,0,0
10.3817926858236,0.127484030129133,0.0652102469341749,0.0139232338430772,0.0509936120516534,0.02608409877367,0.00556929353723087,0,0,0,0,0,0,0,0,0,0,0,0
10.3917960179534,0.128137045451936,0.0653492072539633,0.0138595156540969,0.0512548181807745,0.0261396829015853,0.00554380626163877,0,0,0,0,0,0,0,0,0,0,0,0
10.4017993500831,0.128791447647254,0.0654875284756306,0.0137954570679949,0.0515165790589015,0.0261950113902522,0.00551818282719797,0,0,0,0,0,0,0,0,0,0,0,0
10.4118026822129,0.129447230304971,0.0656252072022518,0.0137310597215776,0.0517788921219885,0.0262500828809007,0.00549242388863105,0,0,0,0,0,0,0,0,0,0,0,0
10.4218060143427,0.130104386981076,0.065762240053313,0.013666325259152,0.0520417547924304,0.0263048960213252,0.00546653010366078,0,0,0,0,0,0,0,0,0,0,0,0
10.4318093464725,0.13076291119782,0.0658986236647861,0.01360125533248,0.052305164479128,0.0263594494659144,0.00544050213299199,0,0,0,0,0,0,0,0,0,0,0,0
10.4418126786023,0.131422796443888,0.0660343546892034,0.0135358516007333,0.0525691185775552,0.0264137418756814,0.00541434064029332,0,0,0,0,0,0,0,0,0,0,0,0
10.4518160107321,0.132084036174561,0.0661694297957311,0.0134701157304477,0.0528336144698243,0.0264677719182925,0.00538804629217907,0,0,0,0,0,0,0,0,0,0,0,0
10.4618193428619,0.132746623811884,0.0663038456702432,0.0134040493954776,0.0530986495247536,0.0265215382680973,0.00536161975819103,0,0,0,0,0,0,0,0,0,0,0,0
10.4718226749916,0.133410552744835,0.0664375990153939,0.0133376542769507,0.0533642210979338,0.0265750396061576,0.00533506171078027,0,0,0,0,0,0,0,0,0,0,0,0
10.4818260071214,0.134075816329489,0.0665706865506909,0.0132709320632225,0.0536303265317957,0.0266282746202763,0.00530837282528898,0,0,0,0,0,0,0,0,0,0,0,0
10.4918293392512,0.134742407889193,0.0667031050125666,0.0132038844498307,0.0538969631556774,0.0266812420050266,0.00528155377993227,0,0,0,0,0,0,0,0,0,0,0,0
10.501832671381,0.135410320714731,0.0668348511544504,0.01313651313945,0.0541641282858924,0.0267339404617802,0.00525460525577999,0,0,0,0,0,0,0,0,0,0,0,0
10.5118360035108,0.136079548064495,0.0669659217468398,0.0130688198418464,0.0544318192257979,0.0267863686987359,0.00522752793673856,0,0,0,0,0,0,0,0,0,0,0,0
10.5218393356406,0.136750083164657,0.0670963135773705,0.013000806273832,0.0547000332658628,0.0268385254309482,0.00520032250953277,0,0,0,0,0,0,0,0,0,0,0,0
10.5318426677703,0.137421919209342,0.0672260234508874,0.012932474159219,0.054968767683737,0.026890409380355,0.00517298966368759,0,0,0,0,0,0,0,0,0,0,0,0
10.5418459999001,0.138095049360799,0.0673550481895141,0.0128638252287751,0.0552380197443196,0.0269420192758056,0.00514553009151004,0,0,0,0,0,0,0,0,0,0,0,0
10.5518493320299,0.138769466749572,0.0674833846327221,0.0127948612201773,0.055507786699829,0.0269933538530888,0.00511794448807091,0,0,0,0,0,0,0,0,0,0,0,0
10.5618526641597,0.13944516447468,0.0676110296373998,0.0127255838779667,0.055778065789872,0.0270444118549599,0.00509023355118669,0,0,0,0,0,0,0,0,0,0,0,0
10.5718559962895,0.140122135603784,0.0677379800779212,0.0126559949535033,0.0560488542415137,0.0270951920311685,0.00506239798140131,0,0,0,0,0,0,0,0,0,0,0,0
10.5818593284193,0.140800373173369,0.0678642328462133,0.0125860962049199,0.0563201492693477,0.0271456931384854,0.00503443848196795,0,0,0,0,0,0,0,0,0,0,0,0
10.591862660549,0.141479870188916,0.0679897848518245,0.0125158893970774,0.0565919480755663,0.0271959139407298,0.00500635575883093,0,0,0,0,0,0,0,0,0,0,0,0
10.6018659926788,0.142160619625078,0.0681146330219906,0.0124453763015187,0.0568642478500312,0.0272458532087963,0.00497815052060749,0,0,0,0,0,0,0,0,0,0,0,0
10.6118693248086,0.142842614425862,0.0682387743017022,0.0123745586964238,0.0571370457703447,0.0272955097206809,0.00494982347856953,0,0,0,0,0,0,0,0,0,0,0,0
10.6218726569384,0.143525847504801,0.0683622056537707,0.0123034383665639,0.0574103390019202,0.0273448822615083,0.00492137534662556,0,0,0,0,0,0,0,0,0,0,0,0
10.6318759890682,0.144210311745136,0.0684849240588939,0.0122320171032561,0.0576841246980546,0.0273939696235575,0.00489280684130243,0,0,0,0,0,0,0,0,0,0,0,0
10.641879321198,0.144895999999997,0.0686069265157211,0.0121602967043179,0.0579583999999989,0.0274427706062885,0.00486411868172717,0,0,0,0,0,0,0,0,0,0,0,0
10.6518826533277,0.145582905092578,0.0687282100409184,0.012088278974022,0.0582331620370312,0.0274912840163674,0.00483531158960881,0,0,0,0,0,0,0,0,0,0,0,0
10.6618859854575,0.14627101981632,0.0688487716692325,0.0120159657230505,0.0585084079265281,0.027539508667693,0.0048063862892202,0,0,0,0,0,0,0,0,0,0,0,0
10.6718893175873,0.146960336935094,0.0689686084535549,0.0119433587684495,0.0587841347740377,0.027587443381422,0.00477734350737981,0,0,0,0,0,0,0,0,0,0,0,0
10.6818926497171,0.14765084918338,0.0690877174649853,0.0118704599335839,0.059060339673352,0.0276350869859942,0.00474818397343355,0,0,0,0,0,0,0,0,0,0,0,0
10.6918959818469,0.148342549266451,0.0692060957928945,0.0117972710480915,0.0593370197065802,0.0276824383171578,0.0047189084192366,0,0,0,0,0,0,0,0,0,0,0,0
10.7018993139767,0.149035429860554,0.069323740544987,0.0117237939478382,0.0596141719442217,0.0277294962179948,0.00468951757913526,0,0,0,0,0,0,0,0,0,0,0,0
10.7119026461064,0.149729483613099,0.0694406488473628,0.0116500304748717,0.0598917934452396,0.0277762595389451,0.00466001218994869,0,0,0,0,0,0,0,0,0,0,0,0
10.7219059782362,0.150424703142836,0.0695568178445796,0.0115759824773768,0.0601698812571345,0.0278227271378318,0.00463039299095073,0,0,0,0,0,0,0,0,0,0,0,0
10.731909310366,0.151121081040046,0.0696722446997135,0.0115016518096296,0.0604484324160184,0.0278688978798854,0.00460066072385184,0,0,0,0,0,0,0,0,0,0,0,0
10.7419126424958,0.151818609866723,0.0697869265944196,0.0114270403319519,0.0607274439466892,0.0279147706377679,0.00457081613278075,0,0,0,0,0,0,0,0,0,0,0,0
10.7519159746256,0.152517282156761,0.0699008607289929,0.011352149910666,0.0610069128627046,0.0279603442915972,0.0045408599642664,0,0,0,0,0,0,0,0,0,0,0,0
10.7619193067554,0.153217090416143,0.0700140443224271,0.0112769824180493,0.0612868361664573,0.0280056177289709,0.00451079296721972,0,0,0,0,0,0,0,0,0,0,0,0
10.7719226388851,0.153918027123124,0.070126474612475,0.0112015397322885,0.0615672108492498,0.02805058984499,0.00448061589291541,0,0,0,0,0,0,0,0,0,0,0,0
10.7819259710149,0.154620084728424,0.0702381488557067,0.0111258237374344,0.0618480338913697,0.0280952595422827,0.00445032949497376,0,0,0,0,0,0,0,0,0,0,0,0
10.7919293031447,0.155323255655411,0.0703490643275681,0.0110498363233565,0.0621293022621646,0.0281396257310273,0.0044199345293426,0,0,0,0,0,0,0,0,0,0,0,0
10.8019326352745,0.156027532300296,0.0704592183224393,0.0109735793856972,0.0624110129201184,0.0281836873289757,0.00438943175427889,0,0,0,0,0,0,0,0,0,0,0,0
10.8119359674043,0.156732907032317,0.0705686081536916,0.0108970548258268,0.0626931628129268,0.0282274432614766,0.00435882193033073,0,0,0,0,0,0,0,0,0,0,0,0
10.8219392995341,0.157439372193934,0.0706772311537448,0.0108202645507977,0.0629757488775736,0.0282708924614979,0.00432810582031907,0,0,0,0,0,0,0,0,0,0,0,0
10.8319426316638,0.158146920101017,0.0707850846741239,0.010743210473299,0.0632587680404067,0.0283140338696496,0.00429728418931959,0,0,0,0,0,0,0,0,0,0,0,0
10.8419459637936,0.158855543043038,0.0708921660855152,0.0106658945116112,0.0635422172172151,0.0283568664342061,0.00426635780464447,0,0,0,0,0,0,0,0,0,0,0,0
10.8519492959234,0.159565233283264,0.0709984727778218,0.0105883185895606,0.0638260933133054,0.0283993891111287,0.00423532743582424,0,0,0,0,0,0,0,0,0,0,0,0
10.8619526280532,0.160275983058947,0.0711040021602191,0.0105104846364739,0.0641103932235789,0.0284416008640876,0.00420419385458956,0,0,0,0,0,0,0,0,0,0,0,0
10.871955960183,0.160987784581522,0.0712087516612098,0.0104323945871327,0.0643951138326087,0.0284835006644839,0.00417295783485309,0,0,0,0,0,0,0,0,0,0,0,0
10.8819592923128,0.161700630036793,0.0713127187286775,0.0103540503817281,0.0646802520147172,0.028525087491471,0.00414162015269123,0,0,0,0,0,0,0,0,0,0,0,0
10.8919626244425,0.162414511585135,0.0714159008299413,0.0102754539658151,0.064965804634054,0.0285663603319765,0.00411018158632602,0,0,0,0,0,0,0,0,0,0,0,0
10.9019659565723,0.163129421361684,0.0715182954518089,0.0101966072902673,0.0652517685446736,0.0286073181807235,0.00407864291610693,0,0,0,0,0,0,0,0,0,0,0,0
10.9119692887021,0.163845351476533,0.0716199001006297,0.0101175123112316,0.0655381405906132,0.0286479600402519,0.00404700492449262,0,0,0,0,0,0,0,0,0,0,0,0
10.9219726208319,0.164562294014928,0.0717207123023471,0.0100381709900821,0.0658249176059713,0.0286882849209389,0.00401526839603285,0,0,0,0,0,0,0,0,0,0,0,0
10.9319759529617,0.165280241037466,0.0718207296025511,0.00995858529337554,0.0661120964149865,0.0287282918410205,0.00398343411735022,0,0,0,0,0,0,0,0,0,0,0,0
10.9419792850915,0.165999184580288,0.0719199495665293,0.00987875719280507,0.0663996738321154,0.0287679798266117,0.00395150287712203,0,0,0,0,0,0,0,0,0,0,0,0
10.9519826172212,0.166719116655281,0.0720183697793182,0.00979868866515521,0.0666876466621124,0.0288073479117273,0.00391947546606207,0,0,0,0,0,0,0,0,0,0,0,0
10.961985949351,0.16744002925027,0.0721159878457542,0.00971838169225628,0.0669760117001081,0.0288463951383017,0.00388735267690251,0,0,0,0,0,0,0,0,0,0,0,0
10.9719892814808,0.168161914329223,0.0722128013905235,0.00963783826093894,0.0672647657316893,0.0288851205562094,0.00385513530437557,0,0,0,0,0,0,0,0,0,0,0,0
10.9819926136106,0.168884763832445,0.0723088080582124,0.00955706036298876,0.0675539055329779,0.028923523223285,0.00382282414519549,0,0,0,0,0,0,0,0,0,0,0,0
10.9919959457404,0.169608569676777,0.0724040055133557,0.00947604999510068,0.0678434278707109,0.0289616022053423,0.00379041999804026,0,0,0,0,0,0,0,0,0,0,0,0
11.0019992778702,0.170333323755801,0.0724983914404868,0.00939480915883368,0.0681333295023205,0.0289993565761947,0.00375792366353345,0,0,0,0,0,0,0,0,0,0,0,0
11.0120026099999,0.171059017940035,0.072591963544185,0.00931333986056516,0.0684236071760139,0.029036785417674,0.00372533594422608,0,0,0,0,0,0,0,0,0,0,0,0
11.0220059421297,0.171785644077135,0.0726847195491241,0.00923164411144576,0.0687142576308538,0.0290738878196497,0.0036926576445783,0,0,0,0,0,0,0,0,0,0,0,0
11.0320092742595,0.172513193992097,0.0727766572001201,0.00914972392735351,0.0690052775968389,0.029110662880048,0.00365988957094141,0,0,0,0,0,0,0,0,0,0,0,0
11.0420126063893,0.173241659487461,0.0728677742621775,0.0090675813288487,0.0692966637949844,0.029147109704871,0.00362703253153949,0,0,0,0,0,0,0,0,0,0,0,0
11.0520159385191,0.173971032343507,0.0729580685205366,0.0089852183411283,0.069588412937403,0.0291832274082147,0.00359408733645132,0,0,0,0,0,0,0,0,0,0,0,0
11.0620192706489,0.174701304318465,0.0730475377807196,0.00890263699398048,0.0698805217273861,0.0292190151122878,0.00356105479759218,0,0,0,0,0,0,0,0,0,0,0,0
11.0720226027787,0.175432467148712,0.0731361798685756,0.00881983932173917,0.0701729868594849,0.0292544719474303,0.00352793572869567,0,0,0,0,0,0,0,0,0,0,0,0
11.0820259349084,0.176164512548979,0.0732239926303269,0.00873682736323866,0.0704658050195917,0.0292895970521308,0.00349473094529547,0,0,0,0,0,0,0,0,0,0,0,0
11.0920292670382,0.176897432212555,0.0733109739326129,0.00865360316176804,0.070758972885022,0.0293243895730452,0.00346144126470721,0,0,0,0,0,0,0,0,0,0,0,0
11.102032599168,0.177631217811488,0.073397121662535,0.0085701687650258,0.0710524871245954,0.029358848665014,0.00342806750601031,0,0,0,0,0,0,0,0,0,0,0,0
11.1120359312978,0.178365860996796,0.0734824337277002,0.00848652622507443,0.0713463443987184,0.0293929734910801,0.00339461049002976,0,0,0,0,0,0,0,0,0,0,0,0
11.1220392634276,0.179101353398666,0.0735669080562646,0.00840267759829476,0.0716405413594665,0.0294267632225059,0.00336107103931791,0,0,0,0,0,0,0,0,0,0,0,0
11.1320425955574,0.179837686626664,0.0736505425969764,0.00831862494534089,0.0719350746506658,0.0294602170387906,0.00332744997813635,0,0,0,0,0,0,0,0,0,0,0,0
11.1420459276871,0.18057485226994,0.0737333353192182,0.00823437033109422,0.072229940907976,0.0294933341276873,0.00329374813243766,0,0,0,0,0,0,0,0,0,0,0,0
11.1520492598169,0.181312841897433,0.0738152842130496,0.0081499158246184,0.0725251367589733,0.0295261136852199,0.00325996632984736,0,0,0,0,0,0,0,0,0,0,0,0
11.1620525919467,0.182051647058081,0.0738963872892482,0.00806526349911369,0.0728206588232325,0.0295585549156993,0.00322610539964548,0,0,0,0,0,0,0,0,0,0,0,0
11.1720559240765,0.182791259281027,0.073976642579351,0.0079804154318716,0.0731165037124106,0.0295906570317404,0.00319216617274863,0,0,0,0,0,0,0,0,0,0,0,0
11.1820592562063,0.183531670075824,0.0740560481356953,0.00789537370422928,0.0734126680303297,0.0296224192542781,0.00315814948169172,0,0,0,0,0,0,0,0,0,0,0,0
11.1920625883361,0.184272870932651,0.0741346020314586,0.00781014040152426,0.0737091483730603,0.0296538408125834,0.00312405616060969,0,0,0,0,0,0,0,0,0,0,0,0
11.2020659204658,0.185014853322512,0.0742123023606986,0.00772471761304875,0.0740059413290048,0.0296849209442794,0.0030898870452195,0,0,0,0,0,0,0,0,0,0,0,0
11.2120692525956,0.185757608697453,0.0742891472383923,0.00763910743200449,0.0743030434789812,0.0297156588953569,0.00305564297280179,0,0,0,0,0,0,0,0,0,0,0,0
11.2220725847254,0.186501128490767,0.0743651348004755,0.00755331195545701,0.0746004513963068,0.0297460539201902,0.00302132478218279,0,0,0,0,0,0,0,0,0,0,0,0
11.2320759168552,0.187245404117205,0.0744402632038803,0.00746733328429031,0.074898161646882,0.0297761052815521,0.00298693331371612,0,0,0,0,0,0,0,0,0,0,0,0
11.242079248985,0.187990426973187,0.0745145306265738,0.00738117352316135,0.0751961707892746,0.0298058122506295,0.00295246940926453,0,0,0,0,0,0,0,0,0,0,0,0
11.2520825811148,0.18873618843701,0.0745879352675954,0.00729483478045476,0.0754944753748042,0.0298351741070381,0.00291793391218189,0,0,0,0,0,0,0,0,0,0,0,0
11.2620859132445,0.189482679869065,0.0746604753470935,0.007208319168237,0.0757930719476261,0.0298641901388374,0.00288332766729478,0,0,0,0,0,0,0,0,0,0,0,0
11.2720892453743,0.190229892612041,0.0747321491063629,0.00712162880221138,0.0760919570448163,0.0298928596425452,0.00284865152088455,0,0,0,0,0,0,0,0,0,0,0,0
11.2820925775041,0.19097781799114,0.0748029548078801,0.00703476580167222,0.0763911271964559,0.029921181923152,0.00281390632066889,0,0,0,0,0,0,0,0,0,0,0,0
11.2920959096339,0.19172644731429,0.0748728907353396,0.00694773228945963,0.0766905789257161,0.0299491562941359,0.00277909291578385,0,0,0,0,0,0,0,0,0,0,0,0
11.3020992417637,0.192475771872358,0.0749419551936888,0.00686053039191393,0.076990308748943,0.0299767820774755,0.00274421215676555,0,0,0,0,0,0,0,0,0,0,0,0
11.3121025738935,0.193225782939357,0.075010146509163,0.00677316223883014,0.077290313175743,0.0300040586036652,0.00270926489553207,0,0,0,0,0,0,0,0,0,0,0,0
11.3221059060232,0.193976471772669,0.0750774630293196,0.00668562996341277,0.0775905887090676,0.0300309852117278,0.00267425198536511,0,0,0,0,0,0,0,0,0,0,0,0
11.332109238153,0.194727829613248,0.0751439031230718,0.00659793570223008,0.0778911318452992,0.0300575612492288,0.00263917428089203,0,0,0,0,0,0,0,0,0,0,0,0
11.3421125702828,0.195479847685841,0.0752094651807228,0.00651008159516874,0.0781919390743365,0.0300837860722891,0.00260403263806749,0,0,0,0,0,0,0,0,0,0,0,0
11.3521159024126,0.1962325171992,0.0752741476139975,0.00642206978538845,0.0784930068796799,0.0301096590455991,0.00256882791415538,0,0,0,0,0,0,0,0,0,0,0,0
11.3621192345424,0.196985829346294,0.0753379488560764,0.00633390241927638,0.0787943317385178,0.0301351795424305,0.00253356096771054,0,0,0,0,0,0,0,0,0,0,0,0
11.3721225666722,0.19773977530453,0.0754008673616263,0.00624558164640169,0.0790959101218119,0.0301603469446505,0.00249823265856066,0,0,0,0,0,0,0,0,0,0,0,0
11.3821258988019,0.19849434623596,0.0754629016068331,0.00615710961947014,0.0793977384943838,0.0301851606427332,0.00246284384778806,0,0,0,0,0,0,0,0,0,0,0,0
11.3921292309317,0.199249533287502,0.0755240500894322,0.00606848849427867,0.0796998133150009,0.0302096200357729,0.00242739539771146,0,0,0,0,0,0,0,0,0,0,0,0
11.4021325630615,0.200005327591156,0.0755843113287396,0.00597972042966983,0.0800021310364624,0.0302337245314958,0.00239188817186792,0,0,0,0,0,0,0,0,0,0,0,0
11.4121358951913,0.200761720264216,0.0756436838656816,0.00589080758748634,0.0803046881056865,0.0302574735462727,0.00235632303499452,0,0,0,0,0,0,0,0,0,0,0,0
11.4221392273211,0.20151870240949,0.0757021662628254,0.0058017521325258,0.0806074809637959,0.0302808665051302,0.0023207008530103,0,0,0,0,0,0,0,0,0,0,0,0
11.4321425594509,0.202276265115514,0.0757597571044078,0.00571255623249494,0.0809105060462056,0.0303039028417631,0.00228502249299798,0,0,0,0,0,0,0,0,0,0,0,0
11.4421458915806,0.203034399456771,0.0758164549963639,0.00562322205796449,0.0812137597827085,0.0303265819985456,0.00224928882318578,0,0,0,0,0,0,0,0,0,0,0,0
11.4521492237104,0.203793096493908,0.0758722585663566,0.00553375178232338,0.0815172385975631,0.0303489034265427,0.00221350071292935,0,0,0,0,0,0,0,0,0,0,0,0
11.4621525558402,0.204552347273951,0.0759271664638032,0.00544414758173361,0.0818209389095803,0.0303708665855213,0.00217765903269345,0,0,0,0,0,0,0,0,0,0,0,0
11.47215588797,0.205312142830526,0.0759811773599037,0.0053544116350846,0.0821248571322105,0.0303924709439615,0.00214176465403382,0,0,0,0,0,0,0,0,0,0,0,0
11.4821592200998,0.206072474184076,0.076034289947668,0.00526454612394771,0.0824289896736303,0.0304137159790672,0.00210581844957909,0,0,0,0,0,0,0,0,0,0,0,0
11.4921625522296,0.206833332342077,0.0760865029419418,0.00517455323253092,0.0827333329368309,0.0304346011767767,0.00206982129301236,0,0,0,0,0,0,0,0,0,0,0,0
11.5021658843593,0.207594708299261,0.0761378150794335,0.00508443514763325,0.0830378833197044,0.0304551260317734,0.00203377405905329,0,0,0,0,0,0,0,0,0,0,0,0
11.5121692164891,0.20835659303783,0.0761882251187394,0.00499419405859937,0.083342637215132,0.0304752900474958,0.00199767762343975,0,0,0,0,0,0,0,0,0,0,0,0
11.5221725486189,0.209118977527679,0.076237731840369,0.00490383215727416,0.0836475910110716,0.0304950927361476,0.00196153286290965,0,0,0,0,0,0,0,0,0,0,0,0
11.5321758807487,0.209881852726613,0.0762863340467699,0.00481335163795718,0.0839527410906453,0.030514533618708,0.00192534065518289,0,0,0,0,0,0,0,0,0,0,0,0
11.5421792128785,0.210645209580568,0.0763340305623523,0.00472275469735724,0.0842580838322273,0.0305336122249409,0.00188910187894289,0,0,0,0,0,0,0,0,0,0,0,0
11.5521825450083,0.211409039023829,0.0763808202335124,0.0046320435345469,0.0845636156095318,0.030552328093405,0.00185281741381876,0,0,0,0,0,0,0,0,0,0,0,0
11.562185877138,0.212173331979253,0.0764267019286563,0.00454122035091718,0.0848693327917011,0.0305706807714625,0.00181648814036687,0,0,0,0,0,0,0,0,0,0,0,0
11.5721892092678,0.212938079358485,0.0764716745382225,0.00445028735013196,0.0851752317433939,0.030588669815289,0.00178011494005275,0,0,0,0,0,0,0,0,0,0,0,0
11.5821925413976,0.213703272062182,0.076515736974705,0.00435924673808241,0.0854813088248729,0.030606294789882,0.00174369869523295,0,0,0,0,0,0,0,0,0,0,0,0
11.5921958735274,0.214468900980235,0.0765588881726747,0.00426810072284185,0.0857875603920938,0.0306235552690699,0.00170724028913673,0,0,0,0,0,0,0,0,0,0,0,0
11.6021992056572,0.215234956991983,0.0766011270888014,0.00417685151461997,0.0860939827967934,0.0306404508355206,0.00167074060584799,0,0,0,0,0,0,0,0,0,0,0,0
11.612202537787,0.216001430966444,0.0766424527018751,0.00408550132571764,0.0864005723865778,0.03065698108075,0.00163420053028706,0,0,0,0,0,0,0,0,0,0,0,0
11.6222058699167,0.216768313762528,0.0766828640128261,0.00399405237048129,0.0867073255050112,0.0306731456051304,0.00159762094819251,0,0,0,0,0,0,0,0,0,0,0,0
11.6322092020465,0.217535596229262,0.0767223600447457,0.00390250686525734,0.0870142384917047,0.0306889440178983,0.00156100274610292,0,0,0,0,0,0,0,0,0,0,0,0
11.6422125341763,0.218303269206012,0.076760939842906,0.00381086702834706,0.0873213076824049,0.0307043759371624,0.00152434681133883,0,0,0,0,0,0,0,0,0,0,0,0
11.6522158663061,0.219071323522705,0.0767986024747789,0.00371913507996096,0.0876285294090823,0.0307194409899116,0.00148765403198438,0,0,0,0,0,0,0,0,0,0,0,0
11.6622191984359,0.219839750000051,0.0768353470300554,0.00362731324217318,0.0879359000000206,0.0307341388120221,0.00145092529686927,0,0,0,0,0,0,0,0,0,0,0,0
11.6722225305657,0.220608539449764,0.0768711726206635,0.00353540373887627,0.0882434157799058,0.0307484690482654,0.00141416149555051,0,0,0,0,0,0,0,0,0,0,0,0
11.6822258626955,0.221377682674786,0.0769060783807865,0.00344340879573556,0.0885510730699146,0.0307624313523146,0.00137736351829423,0,0,0,0,0,0,0,0,0,0,0,0
11.6922291948252,0.22214717046951,0.0769400634668807,0.00335133064014385,0.0888588681878041,0.0307760253867523,0.00134053225605754,0,0,0,0,0,0,0,0,0,0,0,0
11.702232526955,0.222916993620001,0.076973127057692,0.00325917150117587,0.0891667974480005,0.0307892508230768,0.00130366860047033,0,0,0,0,0,0,0,0,0,0,0,0
11.7122358590848,0.223687142904222,0.0770052683542726,0.00316693360954272,0.0894748571616886,0.0308021073417091,0.00126677344381706,0,0,0,0,0,0,0,0,0,0,0,0
11.7222391912146,0.224457609092252,0.0770364865799974,0.0030746191975465,0.089783043636901,0.030814594631999,0.0012298476790186,0,0,0,0,0,0,0,0,0,0,0,0
11.7322425233444,0.225228382946518,0.0770667809805795,0.00298223049903521,0.0900913531786074,0.0308267123922318,0.00119289219961406,0,0,0,0,0,0,0,0,0,0,0,0
11.7422458554742,0.22599945522201,0.0770961508240854,0.0028897697493565,0.0903997820888041,0.0308384603296342,0.00115590789974258,0,0,0,0,0,0,0,0,0,0,0,0
11.7522491876039,0.226770816666509,0.0771245954009501,0.0027972391853129,0.0907083266666035,0.0308498381603801,0.00111889567412515,0,0,0,0,0,0,0,0,0,0,0,0
11.7622525197337,0.227542458020808,0.0771521140239907,0.00270464104511624,0.0910169832083233,0.0308608456095963,0.00108185641804649,0,0,0,0,0,0,0,0,0,0,0,0
11.7722558518635,0.228314370018942,0.0771787060284211,0.00261197756834177,0.0913257480075768,0.0308714824113684,0.00104479102733669,0,0,0,0,0,0,0,0,0,0,0,0
11.7822591839933,0.229086543388404,0.0772043707718648,0.0025192509958833,0.0916346173553618,0.0308817483087459,0.00100770039835328,0,0,0,0,0,0,0,0,0,0,0,0
11.7922625161231,0.229858968850376,0.0772291076343685,0.00242646356990723,0.0919435875401505,0.0308916430537474,0.000970585427962883,0,0,0,0,0,0,0,0,0,0,0,0
11.8022658482529,0.230631637119949,0.0772529160184137,0.00233361753380753,0.0922526548479797,0.0309011664073655,0.000933447013522993,0,0,0,0,0,0,0,0,0,0,0,0
11.8122691803826,0.23140453890635,0.0772757953489297,0.00224071513215986,0.09256181556254,0.0309103181395719,0.000896286052863933,0,0,0,0,0,0,0,0,0,0,0,0
11.8222725125124,0.232177664913164,0.0772977450733045,0.00214775861067659,0.0928710659652657,0.0309190980293218,0.000859103444270606,0,0,0,0,0,0,0,0,0,0,0,0
11.8322758446422,0.232951005838563,0.0773187646613963,0.00205475021616078,0.0931804023354253,0.0309275058645585,0.000821900086464291,0,0,0,0,0,0,0,0,0,0,0,0
11.842279176772,0.233724552375527,0.0773388536055439,0.00196169219646111,0.0934898209502107,0.0309355414422176,0.000784676878584454,0,0,0,0,0,0,0,0,0,0,0,0
11.8522825089018,0.234498295212068,0.0773580114205777,0.00186858680042655,0.0937993180848275,0.0309432045682311,0.000747434720170612,0,0,0,0,0,0,0,0,0,0,0,0
11.8622858410316,0.235272225031463,0.0773762376438279,0.00177543627786032,0.0941088900125851,0.0309504950575312,0.000710174511144124,0,0,0,0,0,0,0,0,0,0,0,0
11.8722891731613,0.236046332512466,0.0773935318351359,0.0016822428794751,0.0944185330049865,0.0309574127340544,0.000672897151790033,0,0,0,0,0,0,0,0,0,0,0,0
11.8822925052911,0.236820608329547,0.0774098935768614,0.00158900885684711,0.0947282433318187,0.0309639574307446,0.00063560354273882,0,0,0,0,0,0,0,0,0,0,0,0
11.8922958374209,0.237595043153106,0.0774253224738915,0.00149573646237079,0.0950380172612425,0.0309701289895566,0.000598294584948299,0,0,0,0,0,0,0,0,0,0,0,0
11.9022991695507,0.238369627649707,0.077439818153649,0.00140242794921341,0.095347851059883,0.0309759272614596,0.000560971179685379,0,0,0,0,0,0,0,0,0,0,0,0
11.9123025016805,0.239144352482298,0.0774533802660993,0.00130908557126968,0.0956577409929191,0.0309813521064397,0.000523634228507835,0,0,0,0,0,0,0,0,0,0,0,0
11.9223058338103,0.239919208310437,0.0774660084837579,0.00121571158311591,0.095967683324175,0.0309864033935031,0.000486284633246354,0,0,0,0,0,0,0,0,0,0,0,0
11.93230916594,0.240694185790522,0.0774777025016965,0.00112230823996503,0.0962776743162088,0.0309910810006786,0.000448923295985978,0,0,0,0,0,0,0,0,0,0,0,0
11.9423124980698,0.241469275576011,0.0774884620375498,0.00102887779762087,0.0965877102304043,0.03099538481502,0.000411551119048338,0,0,0,0,0,0,0,0,0,0,0,0
11.9523158301996,0.242244468317651,0.0774982868315205,0.000935422512432729,0.0968977873270602,0.0309993147326082,0.000374169004973075,0,0,0,0,0,0,0,0,0,0,0,0
11.9623191623294,0.243019754663703,0.0775071766463851,0.000841944641249956,0.0972079018654811,0.0310028706585541,0.000336777856499965,0,0,0,0,0,0,0,0,0,0,0,0
11.9723224944592,0.243795125260168,0.0775151312674982,0.000748446441376427,0.0975180501040672,0.0310060525069993,0.000299378576550558,0,0,0,0,0,0,0,0,0,0,0,0
11.982325826589,0.244570570751014,0.0775221505027973,0.000654930170525264,0.0978282283004054,0.0310088602011189,0.000261972068210089,0,0,0,0,0,0,0,0,0,0,0,0
11.9923291587187,0.245346081778398,0.0775282341828061,0.000561398086773085,0.0981384327113591,0.0310112936731225,0.000224559234709217,0,0,0,0,0,0,0,0,0,0,0,0
12.0023324908485,0.246121648982897,0.0775333821606385,0.000467852448514835,0.0984486595931588,0.0310133528642554,0.000187140979405925,0,0,0,0,0,0,0,0,0,0,0,0
12.0123358229783,0.246897263003731,0.0775375943120012,0.000374295514418165,0.0987589052014925,0.0310150377248005,0.000149718205767253,0,0,0,0,0,0,0,0,0,0,0,0
12.0223391551081,0.247672914478989,0.0775408705351961,0.000280729543378013,0.0990691657915956,0.0310163482140785,0.000112291817351197,0,0,0,0,0,0,0,0,0,0,0,0
12.0323424872379,0.248448594045857,0.0775432107511229,0.000187156794471107,0.0993794376183427,0.0310172843004492,7.48627177884215e-05,0,0,0,0,0,0,0,0,0,0,0,0
12.0423458193677,0.249224292340841,0.0775446149032798,9.35795269106756e-05,0.0996897169363364,0.0310178459613119,3.74318107642487e-05,0,0,0,0,0,0,0,0,0,0,0,0
12.0523491514974,0.249999999999996,0.0775450829577657,6.90220499569387e-16,0.0999999999999986,0.0310180331831063,2.80402077950064e-16,0,0,0,0,0,0,0,0,0,0,0,0
12.0623524836272,0.250775707659152,0.0775446149032799,-9.35795269092901e-05,0.100310283063661,0.0310178459613119,-3.74318107637204e-05,0,0,0,0,0,0,0,0,0,0,0,0
12.072355815757,0.251551405954136,0.0775432107511229,-0.000187156794469749,0.100620562381654,0.0310172843004491,-7.48627177879041e-05,0,0,0,0,0,0,0,0,0,0,0,0
12.0823591478868,0.252327085521004,0.0775408705351962,-0.00028072954337663,0.100930834208401,0.0310163482140785,-0.000112291817350648,0,0,0,0,0,0,0,0,0,0,0,0
12.0923624800166,0.253102736996262,0.0775375943120013,-0.000374295514416788,0.101241094798505,0.0310150377248005,-0.000149718205766737,0,0,0,0,0,0,0,0,0,0,0,0
12.1023658121464,0.253878351017096,0.0775333821606386,-0.000467852448513455,0.101551340406838,0.0310133528642554,-0.000187140979405378,0,0,0,0,0,0,0,0,0,0,0,0
12.1123691442761,0.254653918221595,0.0775282341828061,-0.000561398086771692,0.101861567288638,0.0310112936731225,-0.000224559234708681,0,0,0,0,0,0,0,0,0,0,0,0
12.1223724764059,0.255429429248979,0.0775221505027974,-0.000654930170523891,0.102171771699592,0.031008860201119,-0.000261972068209565,0,0,0,0,0,0,0,0,0,0,0,0
12.1323758085357,0.256204874739825,0.0775151312674983,-0.000748446441375105,0.10248194989593,0.0310060525069994,-0.000299378576550047,0,0,0,0,0,0,0,0,0,0,0,0
12.1423791406655,0.25698024533629,0.0775071766463852,-0.000841944641248546,0.102792098134516,0.0310028706585541,-0.000336777856499445,0,0,0,0,0,0,0,0,0,0,0,0
12.1523824727953,0.257755531682342,0.0774982868315207,-0.00093542251243135,0.103102212672937,0.0309993147326083,-0.000374169004972567,0,0,0,0,0,0,0,0,0,0,0,0
12.1623858049251,0.258530724423982,0.07748846203755,-0.00102887779761951,0.103412289769593,0.03099538481502,-0.0004115511190478,0,0,0,0,0,0,0,0,0,0,0,0
12.1723891370548,0.259305814209471,0.0774777025016967,-0.00112230823996364,0.103722325683788,0.0309910810006787,-0.000448923295985473,0,0,0,0,0,0,0,0,0,0,0,0
12.1823924691846,0.260080791689555,0.0774660084837581,-0.00121571158311456,0.104032316675822,0.0309864033935032,-0.00048628463324582,0,0,0,0,0,0,0,0,0,0,0,0
12.1923958013144,0.260855647517695,0.0774533802660995,-0.00130908557126828,0.104342259007078,0.0309813521064398,-0.000523634228507313,0,0,0,0,0,0,0,0,0,0,0,0
12.2023991334442,0.261630372350285,0.0774398181536492,-0.00140242794921207,0.104652148940114,0.0309759272614597,-0.00056097117968483,0,0,0,0,0,0,0,0,0,0,0,0
12.212402465574,0.262404956846886,0.0774253224738917,-0.00149573646236938,0.104961982738755,0.0309701289895567,-0.000598294584947762,0,0,0,0,0,0,0,0,0,0,0,0
12.2224057977038,0.263179391670446,0.0774098935768617,-0.00158900885684571,0.105271756668178,0.0309639574307447,-0.000635603542738297,0,0,0,0,0,0,0,0,0,0,0,0
12.2324091298336,0.263953667487526,0.0773935318351362,-0.00168224287947374,0.105581466995011,0.0309574127340545,-0.000672897151789504,0,0,0,0,0,0,0,0,0,0,0,0
12.2424124619633,0.26472777496853,0.0773762376438283,-0.00177543627785898,0.105891109987412,0.0309504950575313,-0.000710174511143609,0,0,0,0,0,0,0,0,0,0,0,0
12.2524157940931,0.265501704787924,0.0773580114205779,-0.00186858680042518,0.10620068191517,0.0309432045682312,-0.000747434720170091,0,0,0,0,0,0,0,0,0,0,0,0
12.2624191262229,0.266275447624466,0.0773388536055443,-0.00196169219645979,0.106510179049786,0.0309355414422177,-0.000784676878583926,0,0,0,0,0,0,0,0,0,0,0,0
12.2724224583527,0.26704899416143,0.0773187646613966,-0.00205475021615941,0.106819597664572,0.0309275058645587,-0.000821900086463778,0,0,0,0,0,0,0,0,0,0,0,0
12.2824257904825,0.267822335086829,0.0772977450733048,-0.00214775861067525,0.107128934034732,0.0309190980293219,-0.000859103444270085,0,0,0,0,0,0,0,0,0,0,0,0
12.2924291226123,0.268595461093643,0.0772757953489301,-0.00224071513215853,0.107438184437457,0.030910318139572,-0.000896286052863428,0,0,0,0,0,0,0,0,0,0,0,0
12.302432454742,0.269368362880043,0.077252916018414,-0.00233361753380617,0.107747345152017,0.0309011664073657,-0.00093344701352246,0,0,0,0,0,0,0,0,0,0,0,0
12.3124357868718,0.270141031149616,0.0772291076343689,-0.00242646356990586,0.108056412459847,0.0308916430537476,-0.000970585427962344,0,0,0,0,0,0,0,0,0,0,0,0
12.3224391190016,0.270913456611588,0.0772043707718652,-0.00251925099588193,0.108365382644635,0.0308817483087461,-0.00100770039835278,0,0,0,0,0,0,0,0,0,0,0,0
12.3324424511314,0.271685629981051,0.0771787060284214,-0.00261197756834041,0.10867425199242,0.0308714824113686,-0.00104479102733618,0,0,0,0,0,0,0,0,0,0,0,0
12.3424457832612,0.272457541979184,0.0771521140239911,-0.00270464104511489,0.108983016791674,0.0308608456095965,-0.00108185641804596,0,0,0,0,0,0,0,0,0,0,0,0
12.352449115391,0.273229183333484,0.0771245954009505,-0.00279723918531159,0.109291673333394,0.0308498381603802,-0.00111889567412464,0,0,0,0,0,0,0,0,0,0,0,0
12.3624524475207,0.274000544777983,0.0770961508240859,-0.00288976974935513,0.109600217911193,0.0308384603296344,-0.00115590789974206,0,0,0,0,0,0,0,0,0,0,0,0
12.3724557796505,0.274771617053474,0.07706678098058,-0.00298223049903382,0.10990864682139,0.030826712392232,-0.00119289219961354,0,0,0,0,0,0,0,0,0,0,0,0
12.3824591117803,0.27554239090774,0.0770364865799978,-0.00307461919754516,0.110216956363096,0.0308145946319992,-0.00122984767901809,0,0,0,0,0,0,0,0,0,0,0,0
12.3924624439101,0.276312857095771,0.077005268354273,-0.00316693360954135,0.110525142838308,0.0308021073417092,-0.00126677344381655,0,0,0,0,0,0,0,0,0,0,0,0
12.4024657760399,0.277083006379992,0.0769731270576925,-0.00325917150117448,0.110833202551997,0.030789250823077,-0.00130366860046982,0,0,0,0,0,0,0,0,0,0,0,0
12.4124691081697,0.277852829530482,0.0769400634668812,-0.00335133064014252,0.111141131812193,0.0307760253867525,-0.00134053225605702,0,0,0,0,0,0,0,0,0,0,0,0
12.4224724402994,0.278622317325206,0.076906078380787,-0.00344340879573425,0.111448926930083,0.0307624313523148,-0.00137736351829371,0,0,0,0,0,0,0,0,0,0,0,0
12.4324757724292,0.279391460550228,0.076871172620664,-0.00353540373887491,0.111756584220091,0.0307484690482656,-0.00141416149554998,0,0,0,0,0,0,0,0,0,0,0,0
12.442479104559,0.280160249999941,0.076835347030056,-0.00362731324217186,0.112064099999977,0.0307341388120223,-0.00145092529686874,0,0,0,0,0,0,0,0,0,0,0,0
12.4524824366888,0.280928676477287,0.0767986024747795,-0.00371913507995962,0.112371470590915,0.0307194409899118,-0.00148765403198386,0,0,0,0,0,0,0,0,0,0,0,0
12.4624857688186,0.281696730793981,0.0767609398429066,-0.00381086702834573,0.112678692317592,0.0307043759371626,-0.00152434681133831,0,0,0,0,0,0,0,0,0,0,0,0
12.4724891009484,0.282464403770731,0.0767223600447463,-0.00390250686525598,0.112985761508292,0.0306889440178985,-0.00156100274610238,0,0,0,0,0,0,0,0,0,0,0,0
12.4824924330781,0.283231686237465,0.0766828640128266,-0.00399405237047992,0.113292674494986,0.0306731456051307,-0.00159762094819199,0,0,0,0,0,0,0,0,0,0,0,0
12.4924957652079,0.283998569033549,0.0766424527018758,-0.00408550132571634,0.113599427613419,0.0306569810807503,-0.00163420053028656,0,0,0,0,0,0,0,0,0,0,0,0
12.5024990973377,0.284765043008009,0.0766011270888021,-0.00417685151461865,0.113906017203204,0.0306404508355209,-0.00167074060584747,0,0,0,0,0,0,0,0,0,0,0,0
12.5125024294675,0.285531099019758,0.0765588881726753,-0.00426810072284053,0.114212439607903,0.0306235552690701,-0.0017072402891362,0,0,0,0,0,0,0,0,0,0,0,0
12.5225057615973,0.286296727937811,0.0765157369747056,-0.0043592467380811,0.114518691175124,0.0306062947898823,-0.00174369869523244,0,0,0,0,0,0,0,0,0,0,0,0
12.5325090937271,0.287061920641508,0.0764716745382232,-0.00445028735013063,0.114824768256603,0.0305886698152893,-0.00178011494005224,0,0,0,0,0,0,0,0,0,0,0,0
12.5425124258568,0.28782666802074,0.076426701928657,-0.00454122035091585,0.115130667208296,0.0305706807714628,-0.00181648814036634,0,0,0,0,0,0,0,0,0,0,0,0
12.5525157579866,0.288590960976163,0.0763808202335132,-0.00463204353454559,0.115436384390465,0.0305523280934053,-0.00185281741381824,0,0,0,0,0,0,0,0,0,0,0,0
12.5625190901164,0.289354790419425,0.0763340305623529,-0.00472275469735594,0.11574191616777,0.0305336122249412,-0.00188910187894236,0,0,0,0,0,0,0,0,0,0,0,0
12.5725224222462,0.29011814727338,0.0762863340467707,-0.00481335163795585,0.116047258909352,0.0305145336187083,-0.00192534065518233,0,0,0,0,0,0,0,0,0,0,0,0
12.582525754376,0.290881022472314,0.0762377318403698,-0.00490383215727285,0.116352408988926,0.0304950927361479,-0.00196153286290913,0,0,0,0,0,0,0,0,0,0,0,0
12.5925290865058,0.291643406962163,0.0761882251187402,-0.00499419405859803,0.116657362784865,0.0304752900474961,-0.00199767762343924,0,0,0,0,0,0,0,0,0,0,0,0
12.6025324186355,0.292405291700732,0.0761378150794343,-0.00508443514763192,0.116962116680293,0.0304551260317738,-0.00203377405905277,0,0,0,0,0,0,0,0,0,0,0,0
12.6125357507653,0.293166667657916,0.0760865029419426,-0.00517455323252957,0.117266667063166,0.0304346011767771,-0.00206982129301182,0,0,0,0,0,0,0,0,0,0,0,0
12.6225390828951,0.293927525815917,0.0760342899476687,-0.00526454612394633,0.117571010326367,0.0304137159790675,-0.00210581844957855,0,0,0,0,0,0,0,0,0,0,0,0
12.6325424150249,0.294687857169467,0.0759811773599045,-0.00535441163508329,0.117875142867787,0.0303924709439619,-0.00214176465403331,0,0,0,0,0,0,0,0,0,0,0,0
12.6425457471547,0.295447652726042,0.075927166463804,-0.00544414758173225,0.118179061090417,0.0303708665855216,-0.00217765903269292,0,0,0,0,0,0,0,0,0,0,0,0
12.6525490792845,0.296206903506085,0.0758722585663575,-0.00553375178232206,0.118482761402434,0.030348903426543,-0.00221350071292884,0,0,0,0,0,0,0,0,0,0,0,0
12.6625524114142,0.296965600543222,0.0758164549963648,-0.0056232220579631,0.118786240217289,0.030326581998546,-0.00224928882318524,0,0,0,0,0,0,0,0,0,0,0,0
12.672555743544,0.297723734884479,0.0757597571044087,-0.00571255623249361,0.119089493953792,0.0303039028417635,-0.00228502249299744,0,0,0,0,0,0,0,0,0,0,0,0
12.6825590756738,0.298481297590503,0.0757021662628262,-0.00580175213252444,0.119392519036201,0.0302808665051306,-0.00232070085300981,0,0,0,0,0,0,0,0,0,0,0,0
12.6925624078036,0.299238279735777,0.0756436838656825,-0.005890807587485,0.119695311894311,0.030257473546273,-0.00235632303499401,0,0,0,0,0,0,0,0,0,0,0,0
12.7025657399334,0.299994672408837,0.0755843113287405,-0.00597972042966844,0.119997868963535,0.0302337245314962,-0.00239188817186737,0,0,0,0,0,0,0,0,0,0,0,0
12.7125690720632,0.300750466712491,0.0755240500894331,-0.00606848849427728,0.120300186684996,0.0302096200357733,-0.00242739539771093,0,0,0,0,0,0,0,0,0,0,0,0
12.7225724041929,0.301505653764033,0.075462901606834,-0.00615710961946881,0.120602261505614,0.0301851606427336,-0.00246284384778754,0,0,0,0,0,0,0,0,0,0,0,0
12.7325757363227,0.302260224695463,0.0754008673616273,-0.00624558164640036,0.120904089878185,0.0301603469446509,-0.00249823265856014,0,0,0,0,0,0,0,0,0,0,0,0
12.7425790684525,0.303014170653699,0.0753379488560772,-0.00633390241927503,0.121205668261479,0.0301351795424309,-0.00253356096771002,0,0,0,0,0,0,0,0,0,0,0,0
12.7525824005823,0.303767482800793,0.0752741476139985,-0.00642206978538707,0.121506993120317,0.0301096590455994,-0.00256882791415486,0,0,0,0,0,0,0,0,0,0,0,0
12.7625857327121,0.304520152314152,0.0752094651807238,-0.00651008159516736,0.121808060925661,0.0300837860722895,-0.00260403263806698,0,0,0,0,0,0,0,0,0,0,0,0
12.7725890648419,0.305272170386745,0.0751439031230729,-0.00659793570222872,0.122108868154698,0.0300575612492291,-0.0026391742808915,0,0,0,0,0,0,0,0,0,0,0,0
12.7825923969716,0.306023528227324,0.0750774630293206,-0.00668562996341142,0.12240941129093,0.0300309852117283,-0.00267425198536458,0,0,0,0,0,0,0,0,0,0,0,0
12.7925957291014,0.306774217060636,0.075010146509164,-0.00677316223882877,0.122709686824254,0.0300040586036657,-0.00270926489553153,0,0,0,0,0,0,0,0,0,0,0,0
12.8025990612312,0.307524228127635,0.0749419551936898,-0.00686053039191253,0.123009691251054,0.029976782077476,-0.00274421215676505,0,0,0,0,0,0,0,0,0,0,0,0
12.812602393361,0.308273552685703,0.0748728907353407,-0.00694773228945832,0.123309421074281,0.0299491562941363,-0.00277909291578333,0,0,0,0,0,0,0,0,0,0,0,0
12.8226057254908,0.309022182008853,0.0748029548078812,-0.00703476580167089,0.123608872803541,0.0299211819231525,-0.00281390632066838,0,0,0,0,0,0,0,0,0,0,0,0
12.8326090576206,0.309770107387952,0.074732149106364,-0.00712162880221003,0.123908042955181,0.0298928596425456,-0.00284865152088402,0,0,0,0,0,0,0,0,0,0,0,0
12.8426123897504,0.310517320130928,0.0746604753470946,-0.00720831916823567,0.124206928052371,0.0298641901388378,-0.0028833276672943,0,0,0,0,0,0,0,0,0,0,0,0
12.8526157218801,0.311263811562983,0.0745879352675965,-0.0072948347804534,0.124505524625193,0.0298351741070386,-0.00291793391218138,0,0,0,0,0,0,0,0,0,0,0,0
12.8626190540099,0.312009573026807,0.074514530626575,-0.00738117352316004,0.124803829210723,0.02980581225063,-0.00295246940926403,0,0,0,0,0,0,0,0,0,0,0,0
12.8726223861397,0.312754595882788,0.0744402632038814,-0.00746733328428895,0.125101838353115,0.0297761052815527,-0.00298693331371561,0,0,0,0,0,0,0,0,0,0,0,0
12.8826257182695,0.313498871509226,0.0743651348004766,-0.00755331195545566,0.125399548603691,0.0297460539201907,-0.00302132478218226,0,0,0,0,0,0,0,0,0,0,0,0
12.8926290503993,0.31424239130254,0.0742891472383934,-0.00763910743200313,0.125696956521016,0.0297156588953574,-0.00305564297280129,0,0,0,0,0,0,0,0,0,0,0,0
12.9026323825291,0.314985146677481,0.0742123023606997,-0.00772471761304744,0.125994058670992,0.0296849209442799,-0.00308988704521899,0,0,0,0,0,0,0,0,0,0,0,0
12.9126357146588,0.315727129067342,0.0741346020314598,-0.00781014040152289,0.126290851626937,0.0296538408125839,-0.00312405616060921,0,0,0,0,0,0,0,0,0,0,0,0
12.9226390467886,0.316468329924169,0.0740560481356964,-0.00789537370422797,0.126587331969668,0.0296224192542786,-0.00315814948169119,0,0,0,0,0,0,0,0,0,0,0,0
12.9326423789184,0.317208740718967,0.0739766425793523,-0.00798041543187024,0.126883496287587,0.0295906570317409,-0.00319216617274811,0,0,0,0,0,0,0,0,0,0,0,0
12.9426457110482,0.317948352941912,0.0738963872892494,-0.00806526349911237,0.127179341176765,0.0295585549156998,-0.00322610539964494,0,0,0,0,0,0,0,0,0,0,0,0
12.952649043178,0.31868715810256,0.0738152842130508,-0.00814991582461707,0.127474863241024,0.0295261136852203,-0.00325996632984681,0,0,0,0,0,0,0,0,0,0,0,0
12.9626523753078,0.319425147730053,0.0737333353192195,-0.00823437033109287,0.127770059092021,0.0294933341276879,-0.00329374813243719,0,0,0,0,0,0,0,0,0,0,0,0
12.9726557074375,0.320162313373329,0.0736505425969777,-0.00831862494533955,0.128064925349331,0.0294602170387911,-0.00332744997813582,0,0,0,0,0,0,0,0,0,0,0,0
12.9826590395673,0.320898646601327,0.0735669080562661,-0.00840267759829338,0.128359458640531,0.0294267632225064,-0.00336107103931737,0,0,0,0,0,0,0,0,0,0,0,0
12.9926623716971,0.321634139003197,0.0734824337277016,-0.00848652622507312,0.128653655601279,0.0293929734910806,-0.00339461049002924,0,0,0,0,0,0,0,0,0,0,0,0
13.0026657038269,0.322368782188505,0.0733971216625363,-0.0085701687650245,0.128947512875402,0.0293588486650145,-0.00342806750600979,0,0,0,0,0,0,0,0,0,0,0,0
13.0126690359567,0.323102567787438,0.0733109739326143,-0.00865360316176669,0.129241027114975,0.0293243895730457,-0.00346144126470671,0,0,0,0,0,0,0,0,0,0,0,0
13.0226723680865,0.323835487451014,0.0732239926303283,-0.00873682736323736,0.129534194980406,0.0292895970521313,-0.00349473094529493,0,0,0,0,0,0,0,0,0,0,0,0
13.0326757002162,0.324567532851281,0.0731361798685769,-0.0088198393217379,0.129827013140512,0.0292544719474308,-0.00352793572869516,0,0,0,0,0,0,0,0,0,0,0,0
13.042679032346,0.325298695681528,0.073047537780721,-0.00890263699397918,0.130119478272611,0.0292190151122885,-0.0035610547975917,0,0,0,0,0,0,0,0,0,0,0,0
13.0526823644758,0.326028967656486,0.072958068520538,-0.00898521834112702,0.130411587062594,0.0291832274082152,-0.0035940873364508,0,0,0,0,0,0,0,0,0,0,0,0
13.0626856966056,0.326758340512532,0.0728677742621788,-0.00906758132884741,0.130703336205013,0.0291471097048716,-0.00362703253153898,0,0,0,0,0,0,0,0,0,0,0,0
13.0726890287354,0.327486806007896,0.0727766572001216,-0.00914972392735211,0.130994722403158,0.0291106628800486,-0.0036598895709409,0,0,0,0,0,0,0,0,0,0,0,0
13.0826923608652,0.328214355922859,0.0726847195491255,-0.00923164411144447,0.131285742369144,0.0290738878196503,-0.00369265764457776,0,0,0,0,0,0,0,0,0,0,0,0
13.0926956929949,0.328940982059959,0.0725919635441863,-0.00931333986056386,0.131576392823984,0.0290367854176746,-0.00372533594422553,0,0,0,0,0,0,0,0,0,0,0,0
13.1026990251247,0.329666676244192,0.0724983914404882,-0.00939480915883234,0.131866670497677,0.0289993565761953,-0.00375792366353295,0,0,0,0,0,0,0,0,0,0,0,0
13.1127023572545,0.330391430323216,0.0724040055133572,-0.00947604999509928,0.132156572129286,0.0289616022053428,-0.00379041999803973,0,0,0,0,0,0,0,0,0,0,0,0
13.1227056893843,0.331115236167549,0.0723088080582138,-0.00955706036298743,0.132446094467019,0.0289235232232855,-0.003822824145195,0,0,0,0,0,0,0,0,0,0,0,0
13.1327090215141,0.33183808567077,0.0722128013905251,-0.00963783826093761,0.132735234268308,0.02888512055621,-0.00385513530437506,0,0,0,0,0,0,0,0,0,0,0,0
13.1427123536439,0.332559970749723,0.0721159878457557,-0.00971838169225492,0.133023988299889,0.0288463951383023,-0.003887352676902,0,0,0,0,0,0,0,0,0,0,0,0
13.1527156857736,0.333280883344713,0.0720183697793197,-0.0097986886651539,0.133312353337885,0.0288073479117279,-0.00391947546606158,0,0,0,0,0,0,0,0,0,0,0,0
13.1627190179034,0.334000815419705,0.0719199495665308,-0.00987875719280373,0.133600326167882,0.0287679798266123,-0.00395150287712151,0,0,0,0,0,0,0,0,0,0,0,0
13.1727223500332,0.334719758962527,0.0718207296025526,-0.00995858529337422,0.133887903585011,0.0287282918410212,-0.00398343411734972,0,0,0,0,0,0,0,0,0,0,0,0
13.182725682163,0.335437705985065,0.0717207123023487,-0.0100381709900808,0.134175082394026,0.0286882849209395,-0.00401526839603234,0,0,0,0,0,0,0,0,0,0,0,0
13.1927290142928,0.336154648523461,0.0716199001006313,-0.0101175123112302,0.134461859409384,0.0286479600402525,-0.00404700492449211,0,0,0,0,0,0,0,0,0,0,0,0
13.2027323464226,0.33687057863831,0.0715182954518104,-0.010196607290266,0.134748231455324,0.0286073181807242,-0.00407864291610644,0,0,0,0,0,0,0,0,0,0,0,0
13.2127356785523,0.337585488414858,0.0714159008299428,-0.0102754539658137,0.135034195365944,0.0285663603319772,-0.00411018158632551,0,0,0,0,0,0,0,0,0,0,0,0
13.2227390106821,0.338299369963201,0.071312718728679,-0.0103540503817267,0.13531974798528,0.0285250874914717,-0.00414162015269072,0,0,0,0,0,0,0,0,0,0,0,0
13.2327423428119,0.339012215418472,0.0712087516612113,-0.0104323945871314,0.135604886167389,0.0284835006644846,-0.00417295783485259,0,0,0,0,0,0,0,0,0,0,0,0
13.2427456749417,0.339724016941046,0.0711040021602208,-0.0105104846364726,0.135889606776419,0.0284416008640883,-0.00420419385458905,0,0,0,0,0,0,0,0,0,0,0,0
13.2527490070715,0.34043476671673,0.0709984727778234,-0.0105883185895593,0.136173906686692,0.0283993891111294,-0.00423532743582374,0,0,0,0,0,0,0,0,0,0,0,0
13.2627523392013,0.341144456956956,0.0708921660855168,-0.0106658945116099,0.136457782782782,0.0283568664342067,-0.00426635780464399,0,0,0,0,0,0,0,0,0,0,0,0
13.272755671331,0.341853079898977,0.0707850846741255,-0.0107432104732976,0.136741231959591,0.0283140338696502,-0.0042972841893191,0,0,0,0,0,0,0,0,0,0,0,0
13.2827590034608,0.34256062780606,0.0706772311537466,-0.0108202645507964,0.137024251122424,0.0282708924614986,-0.00432810582031854,0,0,0,0,0,0,0,0,0,0,0,0
13.2927623355906,0.343267092967677,0.0705686081536932,-0.0108970548258255,0.137306837187071,0.0282274432614773,-0.0043588219303302,0,0,0,0,0,0,0,0,0,0,0,0
13.3027656677204,0.343972467699698,0.0704592183224409,-0.0109735793856959,0.137588987079879,0.0281836873289764,-0.00438943175427837,0,0,0,0,0,0,0,0,0,0,0,0
13.3127689998502,0.344676744344582,0.0703490643275699,-0.0110498363233551,0.137870697737833,0.0281396257310279,-0.00441993452934209,0,0,0,0,0,0,0,0,0,0,0,0
13.32277233198,0.34537991527157,0.0702381488557084,-0.0111258237374331,0.138151966108628,0.0280952595422834,-0.00445032949497326,0,0,0,0,0,0,0,0,0,0,0,0
13.3327756641097,0.346081972876869,0.0701264746124767,-0.0112015397322872,0.138432789150748,0.0280505898449907,-0.00448061589291489,0,0,0,0,0,0,0,0,0,0,0,0
13.3427789962395,0.346782909583851,0.0700140443224289,-0.011276982418048,0.13871316383354,0.0280056177289716,-0.00451079296721921,0,0,0,0,0,0,0,0,0,0,0,0
13.3527823283693,0.347482717843232,0.0699008607289946,-0.0113521499106647,0.138993087137293,0.0279603442915979,-0.0045408599642659,0,0,0,0,0,0,0,0,0,0,0,0
13.3627856604991,0.348181390133271,0.0697869265944214,-0.0114270403319506,0.139272556053308,0.0279147706377686,-0.00457081613278026,0,0,0,0,0,0,0,0,0,0,0,0
13.3727889926289,0.348878918959948,0.0696722446997152,-0.0115016518096282,0.139551567583979,0.0278688978798861,-0.00460066072385136,0,0,0,0,0,0,0,0,0,0,0,0
13.3827923247587,0.349575296857158,0.0695568178445813,-0.0115759824773755,0.139830118742863,0.0278227271378326,-0.00463039299095025,0,0,0,0,0,0,0,0,0,0,0,0
13.3927956568884,0.350270516386895,0.0694406488473646,-0.0116500304748704,0.140108206554758,0.0277762595389458,-0.0046600121899482,0,0,0,0,0,0,0,0,0,0,0,0
13.4027989890182,0.35096457013944,0.0693237405449889,-0.0117237939478368,0.140385828055776,0.0277294962179955,-0.00468951757913476,0,0,0,0,0,0,0,0,0,0,0,0
13.412802321148,0.351657450733543,0.0692060957928964,-0.0117972710480903,0.140662980293417,0.0276824383171585,-0.00471890841923611,0,0,0,0,0,0,0,0,0,0,0,0
13.4228056532778,0.352349150816614,0.0690877174649872,-0.0118704599335825,0.140939660326646,0.0276350869859948,-0.00474818397343307,0,0,0,0,0,0,0,0,0,0,0,0
13.4328089854076,0.3530396630649,0.0689686084535568,-0.0119433587684482,0.14121586522596,0.0275874433814227,-0.00477734350737929,0,0,0,0,0,0,0,0,0,0,0,0
13.4428123175374,0.353728980183674,0.0688487716692342,-0.0120159657230492,0.14149159207347,0.0275395086676938,-0.00480638628921969,0,0,0,0,0,0,0,0,0,0,0,0
13.4528156496672,0.354417094907416,0.0687282100409202,-0.0120882789740207,0.141766837962966,0.0274912840163682,-0.00483531158960832,0,0,0,0,0,0,0,0,0,0,0,0
13.4628189817969,0.355103999999997,0.0686069265157231,-0.0121602967043166,0.142041599999999,0.0274427706062892,-0.00486411868172666,0,0,0,0,0,0,0,0,0,0,0,0
13.4728223139267,0.355789688254858,0.0684849240588958,-0.0122320171032548,0.142315875301943,0.0273939696235584,-0.00489280684130195,0,0,0,0,0,0,0,0,0,0,0,0
13.4828256460565,0.356474152495194,0.0683622056537726,-0.0123034383665626,0.142589660998077,0.0273448822615091,-0.00492137534662508,0,0,0,0,0,0,0,0,0,0,0,0
13.4928289781863,0.357157385574132,0.0682387743017042,-0.0123745586964226,0.142862954229653,0.0272955097206817,-0.00494982347856903,0,0,0,0,0,0,0,0,0,0,0,0
13.5028323103161,0.357839380374916,0.0681146330219924,-0.0124453763015174,0.143135752149966,0.027245853208797,-0.00497815052060698,0,0,0,0,0,0,0,0,0,0,0,0
13.5128356424459,0.358520129811078,0.0679897848518265,-0.0125158893970761,0.143408051924431,0.0271959139407306,-0.00500635575883046,0,0,0,0,0,0,0,0,0,0,0,0
13.5228389745756,0.359199626826625,0.0678642328462153,-0.0125860962049186,0.14367985073065,0.0271456931384861,-0.00503443848196745,0,0,0,0,0,0,0,0,0,0,0,0
13.5328423067054,0.35987786439621,0.0677379800779232,-0.012655994953502,0.143951145758484,0.0270951920311693,-0.00506239798140081,0,0,0,0,0,0,0,0,0,0,0,0
13.5428456388352,0.360554835525314,0.0676110296374018,-0.0127255838779654,0.144221934210126,0.0270444118549607,-0.0050902335511862,0,0,0,0,0,0,0,0,0,0,0,0
13.552848970965,0.361230533250422,0.067483384632724,-0.012794861220176,0.144492213300169,0.0269933538530896,-0.00511794448807039,0,0,0,0,0,0,0,0,0,0,0,0
13.5628523030948,0.361904950639195,0.0673550481895162,-0.0128638252287738,0.144761980255678,0.0269420192758066,-0.00514553009150952,0,0,0,0,0,0,0,0,0,0,0,0
13.5728556352246,0.362578080790652,0.0672260234508894,-0.0129324741592177,0.145031232316261,0.0268904093803558,-0.00517298966368714,0,0,0,0,0,0,0,0,0,0,0,0
13.5828589673543,0.363249916835337,0.0670963135773726,-0.0130008062738307,0.145299966734135,0.0268385254309491,-0.00520032250953228,0,0,0,0,0,0,0,0,0,0,0,0
13.5928622994841,0.3639204519355,0.0669659217468419,-0.0130688198418452,0.1455681807742,0.0267863686987367,-0.00522752793673806,0,0,0,0,0,0,0,0,0,0,0,0
13.6028656316139,0.364589679285263,0.0668348511544524,-0.0131365131394487,0.145835871714105,0.0267339404617811,-0.00525460525577954,0,0,0,0,0,0,0,0,0,0,0,0
13.6128689637437,0.365257592110801,0.0667031050125688,-0.0132038844498294,0.14610303684432,0.0266812420050275,-0.00528155377993178,0,0,0,0,0,0,0,0,0,0,0,0
13.6228722958735,0.365924183670505,0.0665706865506929,-0.0132709320632212,0.146369673468202,0.0266282746202772,-0.0053083728252885,0,0,0,0,0,0,0,0,0,0,0,0
13.6328756280033,0.36658944725516,0.0664375990153959,-0.0133376542769494,0.146635778902064,0.0265750396061584,-0.00533506171077978,0,0,0,0,0,0,0,0,0,0,0,0
13.642878960133,0.36725337618811,0.0663038456702454,-0.0134040493954763,0.146901350475244,0.0265215382680982,-0.00536161975819054,0,0,0,0,0,0,0,0,0,0,0,0
13.6528822922628,0.367915963825433,0.0661694297957333,-0.0134701157304464,0.147166385530173,0.0264677719182933,-0.00538804629217856,0,0,0,0,0,0,0,0,0,0,0,0
13.6628856243926,0.368577203556106,0.0660343546892057,-0.0135358516007321,0.147430881422443,0.0264137418756822,-0.00541434064029283,0,0,0,0,0,0,0,0,0,0,0,0
13.6728889565224,0.369237088802174,0.0658986236647883,-0.0136012553324787,0.14769483552087,0.0263594494659153,-0.00544050213299147,0,0,0,0,0,0,0,0,0,0,0,0
13.6828922886522,0.369895613018919,0.0657622400533152,-0.0136663252591508,0.147958245207567,0.0263048960213261,-0.00546653010366034,0,0,0,0,0,0,0,0,0,0,0,0
13.692895620782,0.370552769695023,0.0656252072022541,-0.0137310597215764,0.148221107878009,0.0262500828809016,-0.00549242388863057,0,0,0,0,0,0,0,0,0,0,0,0
13.7028989529117,0.371208552352741,0.0654875284756327,-0.0137954570679937,0.148483420941096,0.0261950113902532,-0.00551818282719746,0,0,0,0,0,0,0,0,0,0,0,0
13.7129022850415,0.371862954548058,0.0653492072539656,-0.0138595156540957,0.148745181819223,0.0261396829015862,-0.00554380626163831,0,0,0,0,0,0,0,0,0,0,0,0
13.7229056171713,0.372515969870861,0.0652102469341772,-0.0139232338430759,0.149006387948345,0.0260840987736709,-0.00556929353723037,0,0,0,0,0,0,0,0,0,0,0,0
13.7329089493011,0.373167591945096,0.0650706509295283,-0.0139866100056739,0.149267036778039,0.0260282603718114,-0.0055946440022696,0,0,0,0,0,0,0,0,0,0,0,0
13.7429122814309,0.373817814428938,0.06493042266954,-0.0140496425202208,0.149527125771575,0.0259721690678161,-0.00561985700808831,0,0,0,0,0,0,0,0,0,0,0,0
13.7529156135607,0.374466631014945,0.0647895655999173,-0.0141123297726842,0.149786652405978,0.025915826239967,-0.00564493190907368,0,0,0,0,0,0,0,0,0,0,0,0
13.7629189456904,0.37511403543023,0.0646480831824719,-0.0141746701567145,0.150045614172092,0.0258592332729888,-0.00566986806268581,0,0,0,0,0,0,0,0,0,0,0,0
13.7729222778202,0.37576002143661,0.0645059788950466,-0.0142366620736895,0.150304008574644,0.0258023915580187,-0.00569466482947582,0,0,0,0,0,0,0,0,0,0,0,0
13.78292560995,0.376404582830775,0.0643632562314361,-0.0142983039327608,0.15056183313231,0.0257453024925745,-0.00571932157310434,0,0,0,0,0,0,0,0,0,0,0,0
13.7929289420798,0.377047713444445,0.0642199187013106,-0.0143595941508983,0.150819085377778,0.0256879674805242,-0.00574383766035934,0,0,0,0,0,0,0,0,0,0,0,0
13.8029322742096,0.377689407144524,0.0640759698301356,-0.0144205311529361,0.15107576285781,0.0256303879320543,-0.00576821246117442,0,0,0,0,0,0,0,0,0,0,0,0
13.8129356063394,0.378329657833266,0.0639314131590952,-0.014481113371618,0.151331863133306,0.025572565263638,-0.00579244534864718,0,0,0,0,0,0,0,0,0,0,0,0
13.8229389384691,0.378968459448422,0.0637862522450105,-0.014541339247643,0.151587383779369,0.0255145008980042,-0.00581653569905719,0,0,0,0,0,0,0,0,0,0,0,0
13.8329422705989,0.379605805963403,0.0636404906602613,-0.0146012072297106,0.151842322385361,0.0254561962641046,-0.00584048289188428,0,0,0,0,0,0,0,0,0,0,0,0
13.8429456027287,0.380241691387435,0.0634941319927055,-0.0146607157745663,0.152096676554974,0.0253976527970823,-0.00586428630982651,0,0,0,0,0,0,0,0,0,0,0,0
13.8529489348585,0.380876109765708,0.0633471798455978,-0.0147198633470469,0.152350443906283,0.0253388719382391,-0.00588794533881876,0,0,0,0,0,0,0,0,0,0,0,0
13.8629522669883,0.381509055179536,0.0631996378375094,-0.0147786484201266,0.152603622071814,0.0252798551350037,-0.00591145936805062,0,0,0,0,0,0,0,0,0,0,0,0
13.8729555991181,0.382140521746506,0.0630515096022454,-0.0148370694749612,0.152856208698602,0.0252206038408982,-0.00593482778998449,0,0,0,0,0,0,0,0,0,0,0,0
13.8829589312478,0.382770503620631,0.0629027987887642,-0.0148951250009353,0.153108201448252,0.0251611195155058,-0.0059580500003741,0,0,0,0,0,0,0,0,0,0,0,0
13.8929622633776,0.383398994992501,0.0627535090610936,-0.014952813495706,0.153359597997,0.0251014036244374,-0.00598112539828242,0,0,0,0,0,0,0,0,0,0,0,0
13.9029655955074,0.384025990089434,0.0626036440982475,-0.0150101334652496,0.153610396035774,0.025041457639299,-0.00600405338609984,0,0,0,0,0,0,0,0,0,0,0,0
13.9129689276372,0.384651483175626,0.0624532075941445,-0.0150670834239064,0.15386059327025,0.0249812830376578,-0.00602683336956253,0,0,0,0,0,0,0,0,0,0,0,0
13.922972259767,0.385275468552296,0.0623022032575219,-0.0151236618944264,0.154110187420919,0.0249208813030087,-0.00604946475777063,0,0,0,0,0,0,0,0,0,0,0,0
13.9329755918968,0.385897940557839,0.0621506348118524,-0.015179867408015,0.154359176223136,0.024860253924741,-0.006071946963206,0,0,0,0,0,0,0,0,0,0,0,0
13.9429789240265,0.386518893567969,0.0619985059952592,-0.0152356985043779,0.154607557427188,0.0247994023981037,-0.00609427940175116,0,0,0,0,0,0,0,0,0,0,0,0
13.9529822561563,0.387138321995867,0.0618458205604305,-0.0152911537317667,0.154855328798347,0.0247383282241722,-0.00611646149270673,0,0,0,0,0,0,0,0,0,0,0,0
13.9629855882861,0.387756220292326,0.0616925822745335,-0.015346231647025,0.155102488116931,0.0246770329098134,-0.00613849265881,0,0,0,0,0,0,0,0,0,0,0,0
13.9729889204159,0.388372582945897,0.0615387949191293,-0.0154009308156331,0.155349033178359,0.0246155179676516,-0.00616037232625321,0,0,0,0,0,0,0,0,0,0,0,0
13.9829922525457,0.388987404483026,0.0613844622900853,-0.0154552498117535,0.15559496179321,0.024553784916034,-0.00618209992470134,0,0,0,0,0,0,0,0,0,0,0,0
13.9929955846755,0.389600679468207,0.0612295881974879,-0.0155091872182768,0.155840271787282,0.0244918352789953,-0.00620367488731072,0,0,0,0,0,0,0,0,0,0,0,0
14.0029989168053,0.390212402504115,0.0610741764655564,-0.0155627416268669,0.156084961001646,0.0244296705862226,-0.00622509665074677,0,0,0,0,0,0,0,0,0,0,0,0
14.013002248935,0.390822568231751,0.0609182309325536,-0.0156159116380067,0.1563290272927,0.0243672923730215,-0.0062463646552027,0,0,0,0,0,0,0,0,0,0,0,0
14.0230055810648,0.391431171330583,0.0607617554506975,-0.0156686958610431,0.156572468532233,0.0243047021802791,-0.00626747834441723,0,0,0,0,0,0,0,0,0,0,0,0
14.0330089131946,0.39203820651868,0.0606047538860735,-0.0157210929142326,0.156815282607472,0.0242419015544295,-0.00628843716569307,0,0,0,0,0,0,0,0,0,0,0,0
14.0430122453244,0.392643668552857,0.0604472301185439,-0.0157731014247873,0.157057467421143,0.0241788920474175,-0.00630924056991491,0,0,0,0,0,0,0,0,0,0,0,0
14.0530155774542,0.393247552228808,0.0602891880416579,-0.0158247200289193,0.157299020891523,0.0241156752166632,-0.00632988801156772,0,0,0,0,0,0,0,0,0,0,0,0
14.063018909584,0.393849852381242,0.0601306315625629,-0.0158759473718874,0.157539940952497,0.0240522526250252,-0.00635037894875493,0,0,0,0,0,0,0,0,0,0,0,0
14.0730222417137,0.394450563884022,0.0599715646019126,-0.0159267821080416,0.157780225553609,0.0239886258407651,-0.00637071284321663,0,0,0,0,0,0,0,0,0,0,0,0
14.0830255738435,0.395049681650297,0.059811991093775,-0.0159772229008688,0.158019872660119,0.02392479643751,-0.00639088916034758,0,0,0,0,0,0,0,0,0,0,0,0
14.0930289059733,0.395647200632638,0.0596519149855434,-0.0160272684230389,0.158258880253055,0.0238607659942174,-0.00641090736921558,0,0,0,0,0,0,0,0,0,0,0,0
14.1030322381031,0.396243115823166,0.0594913402378414,-0.016076917356449,0.158497246329267,0.0237965360951367,-0.00643076694257961,0,0,0,0,0,0,0,0,0,0,0,0
14.1130355702329,0.396837422253691,0.0593302708244324,-0.0161261683922699,0.158734968901477,0.023732108329773,-0.00645046735690803,0,0,0,0,0,0,0,0,0,0,0,0
14.1230389023627,0.397430114995837,0.0591687107321253,-0.0161750202309916,0.158972045998335,0.0236674842928503,-0.00647000809239664,0,0,0,0,0,0,0,0,0,0,0,0
14.1330422344924,0.398021189161175,0.0590066639606827,-0.0162234715824676,0.15920847566447,0.0236026655842731,-0.00648938863298709,0,0,0,0,0,0,0,0,0,0,0,0
14.1430455666222,0.39861063990135,0.0588441345227244,-0.0162715211659618,0.15944425596054,0.0235376538090899,-0.00650860846638474,0,0,0,0,0,0,0,0,0,0,0,0
14.153048898752,0.399198462408212,0.0586811264436355,-0.0163191677101928,0.159679384963285,0.0234724505774543,-0.00652766708407714,0,0,0,0,0,0,0,0,0,0,0,0
14.1630522308818,0.399784651913942,0.0585176437614712,-0.0163664099533803,0.159913860765577,0.0234070575045885,-0.00654656398135212,0,0,0,0,0,0,0,0,0,0,0,0
14.1730555630116,0.400369203691177,0.0583536905268596,-0.0164132466432899,0.160147681476471,0.023341476210744,-0.00656529865731599,0,0,0,0,0,0,0,0,0,0,0,0
14.1830588951414,0.400952113053135,0.0581892708029087,-0.0164596765372787,0.160380845221254,0.0232757083211635,-0.00658387061491153,0,0,0,0,0,0,0,0,0,0,0,0
14.1930622272711,0.401533375353745,0.0580243886651081,-0.0165056984023412,0.160613350141498,0.0232097554660432,-0.00660227936093653,0,0,0,0,0,0,0,0,0,0,0,0
14.2030655594009,0.402112985987761,0.0578590482012333,-0.0165513110151539,0.160845194395104,0.0231436192804933,-0.00662052440606157,0,0,0,0,0,0,0,0,0,0,0,0
14.2130688915307,0.402690940390893,0.0576932535112485,-0.0165965131621213,0.161076376156357,0.0230773014044995,-0.00663860526484855,0,0,0,0,0,0,0,0,0,0,0,0
14.2230722236605,0.403267234039921,0.0575270087072098,-0.0166413036394219,0.161306893615969,0.023010803482884,-0.00665652145576875,0,0,0,0,0,0,0,0,0,0,0,0
14.2330755557903,0.403841862452824,0.0573603179131652,-0.0166856812530523,0.16153674498113,0.0229441271652661,-0.00667427250122088,0,0,0,0,0,0,0,0,0,0,0,0
14.2430788879201,0.404414821188893,0.0571931852650581,-0.0167296448188737,0.161765928475557,0.0228772741060232,-0.00669185792754953,0,0,0,0,0,0,0,0,0,0,0,0
14.2530822200498,0.40498610584885,0.0570256149106279,-0.0167731931626575,0.16199444233954,0.0228102459642511,-0.00670927726506299,0,0,0,0,0,0,0,0,0,0,0,0
14.2630855521796,0.405555712074966,0.0568576110093097,-0.0168163251201294,0.162222284829986,0.0227430444037239,-0.00672653004805176,0,0,0,0,0,0,0,0,0,0,0,0
14.2730888843094,0.406123635551183,0.0566891777321366,-0.0168590395370168,0.162449454220473,0.0226756710928548,-0.00674361581480678,0,0,0,0,0,0,0,0,0,0,0,0
14.2830922164392,0.406689872003219,0.0565203192616364,-0.0169013352690927,0.162675948801288,0.0226081277046547,-0.00676053410763713,0,0,0,0,0,0,0,0,0,0,0,0
14.293095548569,0.407254417198693,0.0563510397917334,-0.0169432111822217,0.162901766879477,0.0225404159166934,-0.00677728447288874,0,0,0,0,0,0,0,0,0,0,0,0
14.3030988806988,0.407817266947232,0.0561813435276466,-0.0169846661524058,0.163126906778893,0.0224725374110586,-0.00679386646096234,0,0,0,0,0,0,0,0,0,0,0,0
14.3131022128285,0.408378417100584,0.0560112346857872,-0.017025699065829,0.163351366840234,0.0224044938743149,-0.00681027962633159,0,0,0,0,0,0,0,0,0,0,0,0
14.3231055449583,0.408937863552732,0.0558407174936577,-0.0170663088189036,0.163575145421093,0.0223362869974631,-0.00682652352756147,0,0,0,0,0,0,0,0,0,0,0,0
14.3331088770881,0.409495602240004,0.0556697961897485,-0.0171064943183156,0.163798240896002,0.0222679184758995,-0.0068425977273263,0,0,0,0,0,0,0,0,0,0,0,0
14.3431122092179,0.410051629141179,0.0554984750234354,-0.0171462544810693,0.164020651656472,0.0221993900093742,-0.00685850179242777,0,0,0,0,0,0,0,0,0,0,0,0
14.3531155413477,0.410605940277601,0.0553267582548758,-0.0171855882345339,0.16424237611104,0.0221307033019504,-0.00687423529381362,0,0,0,0,0,0,0,0,0,0,0,0
14.3631188734775,0.41115853171328,0.0551546501549048,-0.017224494516488,0.164463412685312,0.022061860061962,-0.00688979780659521,0,0,0,0,0,0,0,0,0,0,0,0
14.3731222056072,0.411709399555006,0.0549821550049318,-0.0172629722751657,0.164683759822002,0.0219928620019727,-0.00690518891006626,0,0,0,0,0,0,0,0,0,0,0,0
14.383125537737,0.412258539952445,0.0548092770968333,-0.0173010204693018,0.164903415980978,0.0219237108387335,-0.00692040818772077,0,0,0,0,0,0,0,0,0,0,0,0
14.3931288698668,0.412805949098251,0.0546360207328512,-0.0173386380681772,0.1651223796393,0.0218544082931406,-0.00693545522727088,0,0,0,0,0,0,0,0,0,0,0,0
14.4031322019966,0.413351623228165,0.0544623902254839,-0.0173758240516645,0.165340649291266,0.0217849560901937,-0.00695032962066583,0,0,0,0,0,0,0,0,0,0,0,0
14.4131355341264,0.413895558621118,0.054288389897381,-0.0174125774102733,0.165558223448447,0.0217153559589525,-0.00696503096410937,0,0,0,0,0,0,0,0,0,0,0,0
14.4231388662562,0.414437751599333,0.0541140240812377,-0.0174488971451961,0.165775100639734,0.0216456096324952,-0.00697955885807849,0,0,0,0,0,0,0,0,0,0,0,0
14.4331421983859,0.414978198528425,0.0539392971196871,-0.0174847822683529,0.16599127941137,0.0215757188478749,-0.00699391290734129,0,0,0,0,0,0,0,0,0,0,0,0
14.4431455305157,0.415516895817497,0.0537642133651918,-0.0175202318024378,0.166206758326999,0.0215056853460769,-0.00700809272097515,0,0,0,0,0,0,0,0,0,0,0,0
14.4531488626455,0.416053839919241,0.0535887771799373,-0.0175552447809631,0.166421535967696,0.021435510871975,-0.00702209791238529,0,0,0,0,0,0,0,0,0,0,0,0
14.4631521947753,0.416589027330032,0.0534129929357223,-0.0175898202483061,0.166635610932013,0.021365197174289,-0.00703592809932243,0,0,0,0,0,0,0,0,0,0,0,0
14.4731555269051,0.417122454590029,0.0532368650138512,-0.0176239572597534,0.166848981836012,0.0212947460055405,-0.00704958290390139,0,0,0,0,0,0,0,0,0,0,0,0
14.4831588590349,0.417654118283262,0.053060397805023,-0.0176576548815476,0.167061647313305,0.0212241591220093,-0.00706306195261907,0,0,0,0,0,0,0,0,0,0,0,0
14.4931621911646,0.418184015037731,0.052883595709223,-0.0176909121909314,0.167273606015092,0.0211534382836894,-0.00707636487637262,0,0,0,0,0,0,0,0,0,0,0,0
14.5031655232944,0.418712141525494,0.0527064631356121,-0.017723728276194,0.167484856610198,0.0210825852542448,-0.00708949131047762,0,0,0,0,0,0,0,0,0,0,0,0
14.5131688554242,0.419238494462766,0.052529004502415,-0.0177561022367164,0.167695397785106,0.0210116018009661,-0.00710244089468666,0,0,0,0,0,0,0,0,0,0,0,0
14.523172187554,0.419763070609997,0.0523512242368109,-0.0177880331830165,0.167905228243999,0.0209404896947244,-0.00711521327320667,0,0,0,0,0,0,0,0,0,0,0,0
14.5331755196838,0.420285866771974,0.0521731267748205,-0.017819520236795,0.16811434670879,0.0208692507099282,-0.00712780809471804,0,0,0,0,0,0,0,0,0,0,0,0
14.5431788518136,0.420806879797899,0.0519947165611938,-0.0178505625309805,0.16832275191916,0.0207978866244775,-0.00714022501239219,0,0,0,0,0,0,0,0,0,0,0,0
14.5531821839433,0.421326106581481,0.0518159980492993,-0.0178811592097749,0.168530442632592,0.0207263992197199,-0.00715246368390997,0,0,0,0,0,0,0,0,0,0,0,0
14.5631855160731,0.421843544061019,0.0516369757010089,-0.0179113094286996,0.168737417624408,0.0206547902804036,-0.00716452377147991,0,0,0,0,0,0,0,0,0,0,0,0
14.5731888482029,0.42235918921949,0.051457653986585,-0.0179410123546401,0.168943675687796,0.020583061594634,-0.00717640494185606,0,0,0,0,0,0,0,0,0,0,0,0
14.5831921803327,0.422873039084627,0.0512780373845673,-0.0179702671658917,0.169149215633851,0.020511214953827,-0.00718810686635671,0,0,0,0,0,0,0,0,0,0,0,0
14.5931955124625,0.423385090729006,0.0510981303816586,-0.0179990730522052,0.169354036291602,0.0204392521526635,-0.00719962922088217,0,0,0,0,0,0,0,0,0,0,0,0
14.6031988445923,0.423895341270126,0.0509179374726081,-0.0180274292148323,0.16955813650805,0.0203671749890433,-0.00721097168593297,0,0,0,0,0,0,0,0,0,0,0,0
14.613202176722,0.424403787870486,0.0507374631600988,-0.0180553348665706,0.169761515148194,0.0202949852640395,-0.00722213394662831,0,0,0,0,0,0,0,0,0,0,0,0
14.6232055088518,0.424910427737667,0.0505567119546295,-0.0180827892318098,0.169964171095067,0.0202226847818519,-0.00723311569272392,0,0,0,0,0,0,0,0,0,0,0,0
14.6332088409816,0.42541525812441,0.0503756883743997,-0.0181097915465763,0.170166103249764,0.02015027534976,-0.00724391661863051,0,0,0,0,0,0,0,0,0,0,0,0
14.6432121731114,0.42591827632869,0.0501943969451933,-0.0181363410585796,0.170367310531476,0.0200777587780774,-0.0072545364234319,0,0,0,0,0,0,0,0,0,0,0,0
14.6532155052412,0.426419479693791,0.0500128422002601,-0.0181624370272571,0.170567791877517,0.0200051368801039,-0.0072649748109029,0,0,0,0,0,0,0,0,0,0,0,0
14.663218837371,0.426918865608385,0.0498310286801999,-0.0181880787238198,0.170767546243354,0.01993241147208,-0.00727523148952794,0,0,0,0,0,0,0,0,0,0,0,0
14.6732221695008,0.427416431506598,0.0496489609328429,-0.0182132654312974,0.170966572602639,0.0198595843731373,-0.00728530617251899,0,0,0,0,0,0,0,0,0,0,0,0
14.6832255016305,0.427912174868085,0.0494666435131334,-0.0182379964445845,0.171164869947234,0.0197866574052535,-0.00729519857783382,0,0,0,0,0,0,0,0,0,0,0,0
14.6932288337603,0.428406093218105,0.0492840809830086,-0.0182622710704854,0.171362437287242,0.0197136323932035,-0.00730490842819414,0,0,0,0,0,0,0,0,0,0,0,0
14.7032321658901,0.428898184127581,0.04910127791128,-0.0182860886277597,0.171559273651032,0.0196405111645121,-0.00731443545110386,0,0,0,0,0,0,0,0,0,0,0,0
14.7132354980199,0.429388445213176,0.0489182388735151,-0.0183094484471678,0.17175537808527,0.0195672955494059,-0.00732377937886716,0,0,0,0,0,0,0,0,0,0,0,0
14.7232388301497,0.429876874137355,0.0487349684519137,-0.0183323498715168,0.171950749654942,0.0194939873807656,-0.00733293994860674,0,0,0,0,0,0,0,0,0,0,0,0
14.7332421622795,0.430363468608457,0.0485514712351914,-0.0183547922557049,0.172145387443383,0.0194205884940766,-0.00734191690228199,0,0,0,0,0,0,0,0,0,0,0,0
14.7432454944092,0.430848226380751,0.0483677518184556,-0.0183767749667681,0.172339290552301,0.0193471007273822,-0.00735070998670729,0,0,0,0,0,0,0,0,0,0,0,0
14.753248826539,0.431331145254507,0.0481838148030833,-0.0183982973839248,0.172532458101803,0.0192735259212334,-0.00735931895357,0,0,0,0,0,0,0,0,0,0,0,0
14.7632521586688,0.431812223076054,0.0479996647966023,-0.0184193588986214,0.172724889230422,0.019199865918641,-0.00736774355944866,0,0,0,0,0,0,0,0,0,0,0,0
14.7732554907986,0.432291457737842,0.0478153064125655,-0.0184399589145782,0.172916583095136,0.0191261225650263,-0.00737598356583129,0,0,0,0,0,0,0,0,0,0,0,0
14.7832588229284,0.432768847178499,0.0476307442704283,-0.0184600968478341,0.173107538871399,0.0190522977081714,-0.0073840387391336,0,0,0,0,0,0,0,0,0,0,0,0
14.7932621550582,0.433244389382895,0.0474459829954279,-0.0184797721267928,0.173297755753158,0.0189783931981713,-0.00739190885071713,0,0,0,0,0,0,0,0,0,0,0,0
14.8032654871879,0.433718082382197,0.0472610272184553,-0.0184989841922679,0.173487232952879,0.0189044108873822,-0.00739959367690723,0,0,0,0,0,0,0,0,0,0,0,0
14.8132688193177,0.43418992425392,0.047075881575934,-0.0185177324975285,0.173675969701568,0.0188303526303737,-0.00740709299901144,0,0,0,0,0,0,0,0,0,0,0,0
14.8232721514475,0.434659913121991,0.046890550709694,-0.0185360165083443,0.173863965248796,0.0187562202838775,-0.00741440660333775,0,0,0,0,0,0,0,0,0,0,0,0
14.8332754835773,0.435128047156792,0.0467050392668466,-0.0185538357030316,0.174051218862717,0.0186820157067387,-0.00742153428121259,0,0,0,0,0,0,0,0,0,0,0,0
14.8432788157071,0.435594324575222,0.0465193518996584,-0.0185711895724981,0.174237729830089,0.0186077407598635,-0.00742847582899932,0,0,0,0,0,0,0,0,0,0,0,0
14.8532821478369,0.43605874364074,0.0463334932654262,-0.0185880776202894,0.174423497456296,0.0185333973061706,-0.00743523104811578,0,0,0,0,0,0,0,0,0,0,0,0
14.8632854799666,0.436521302663421,0.0461474680263495,-0.0186044993626329,0.174608521065368,0.0184589872105398,-0.00744179974505324,0,0,0,0,0,0,0,0,0,0,0,0
14.8732888120964,0.436981999999999,0.0459612808494025,-0.0186204543284853,0.1747928,0.018384512339761,-0.00744818173139414,0,0,0,0,0,0,0,0,0,0,0,0
14.8832921442262,0.437440834053919,0.0457749364062085,-0.0186359420595755,0.174976333621568,0.0183099745624835,-0.00745437682383023,0,0,0,0,0,0,0,0,0,0,0,0
14.893295476356,0.437897803275378,0.045588439372911,-0.0186509621104529,0.175159121310151,0.0182353757491644,-0.00746038484418111,0,0,0,0,0,0,0,0,0,0,0,0
14.9032988084858,0.438352906161373,0.0454017944300441,-0.0186655140485302,0.17534116246455,0.0181607177720177,-0.00746620561941209,0,0,0,0,0,0,0,0,0,0,0,0
14.9133021406156,0.438806141255746,0.0452150062624063,-0.0186795974541309,0.175522456502299,0.0180860025049626,-0.00747183898165246,0,0,0,0,0,0,0,0,0,0,0,0
14.9233054727453,0.43925750714922,0.0450280795589283,-0.0186932119205337,0.175703002859688,0.0180112318235716,-0.00747728476821353,0,0,0,0,0,0,0,0,0,0,0,0
14.9333088048751,0.439707002479442,0.044841019012545,-0.0187063570540182,0.175882800991777,0.017936407605018,-0.00748254282160724,0,0,0,0,0,0,0,0,0,0,0,0
14.9433121370049,0.440154625931029,0.0446538293200642,-0.01871903247391,0.176061850372412,0.0178615317280258,-0.00748761298956411,0,0,0,0,0,0,0,0,0,0,0,0
14.9533154691347,0.440600376235596,0.0444665151820367,-0.0187312378126273,0.176240150494238,0.0177866060728147,-0.00749249512505101,0,0,0,0,0,0,0,0,0,0,0,0
14.9633188012645,0.441044252171798,0.0442790813026236,-0.0187429727157249,0.176417700868719,0.0177116325210496,-0.00749718908629004,0,0,0,0,0,0,0,0,0,0,0,0
14.9733221333943,0.441486252565366,0.0440915323894675,-0.0187542368419406,0.176594501026146,0.017636612955787,-0.00750169473677626,0,0,0,0,0,0,0,0,0,0,0,0
14.983325465524,0.441926376289138,0.043903873153557,-0.0187650298632403,0.176770550515655,0.0175615492614229,-0.00750601194529613,0,0,0,0,0,0,0,0,0,0,0,0
14.9933287976538,0.442364622263097,0.0437161083090967,-0.0187753514648635,0.176945848905239,0.0174864433236388,-0.00751014058594544,0,0,0,0,0,0,0,0,0,0,0,0
15.0033321297836,0.442800989454397,0.0435282425733732,-0.018785201345369,0.177120395781759,0.0174112970293492,-0.0075140805381477,0,0,0,0,0,0,0,0,0,0,0,0
15.0133354619134,0.443235476877394,0.0433402806666215,-0.0187945792166802,0.177294190750958,0.0173361122666486,-0.00751783168667214,0,0,0,0,0,0,0,0,0,0,0,0
15.0233387940432,0.443668083593681,0.0431522273118908,-0.0188034848041299,0.177467233437472,0.0172608909247563,-0.00752139392165202,0,0,0,0,0,0,0,0,0,0,0,0
15.033342126173,0.444098808712105,0.0429640872349115,-0.0188119178465075,0.177639523484842,0.0171856348939648,-0.00752476713860299,0,0,0,0,0,0,0,0,0,0,0,0
15.0433454583027,0.444527651388804,0.04277586516396,-0.018819878096102,0.177811060555522,0.0171103460655838,-0.00752795123844091,0,0,0,0,0,0,0,0,0,0,0,0
15.0533487904325,0.444954610827223,0.0425875658297205,-0.01882736531875,0.17798184433089,0.0170350263318883,-0.00753094612750001,0,0,0,0,0,0,0,0,0,0,0,0
15.0633521225623,0.445379686278143,0.042399193965154,-0.0188343792938791,0.178151874511257,0.0169596775860617,-0.00753375171755165,0,0,0,0,0,0,0,0,0,0,0,0
15.0733554546921,0.445802877039701,0.0422107543053594,-0.0188409198145546,0.17832115081588,0.0168843017221439,-0.00753636792582194,0,0,0,0,0,0,0,0,0,0,0,0
15.0833587868219,0.446224182457409,0.0420222515874362,-0.0188469866875247,0.178489672982964,0.0168089006349746,-0.00753879467500989,0,0,0,0,0,0,0,0,0,0,0,0
15.0933621189517,0.446643601924179,0.0418336905503497,-0.0188525797332653,0.178657440769672,0.0167334762201399,-0.00754103189330613,0,0,0,0,0,0,0,0,0,0,0,0
15.1033654510814,0.447061134880334,0.0416450759347908,-0.0188576987860264,0.178824453952134,0.0166580303739165,-0.00754307951441065,0,0,0,0,0,0,0,0,0,0,0,0
15.1133687832112,0.447476780813629,0.0414564124830404,-0.0188623436938772,0.178990712325452,0.0165825649932164,-0.00754493747755095,0,0,0,0,0,0,0,0,0,0,0,0
15.123372115341,0.447890539259264,0.0412677049388305,-0.0188665143187511,0.179156215703706,0.0165070819755323,-0.00754660572750049,0,0,0,0,0,0,0,0,0,0,0,0
15.1333754474708,0.448302409799901,0.0410789580472025,-0.0188702105364919,0.179320963919961,0.0164315832188811,-0.00754808421459674,0,0,0,0,0,0,0,0,0,0,0,0
15.1433787796006,0.448712392065671,0.0408901765543723,-0.0188734322368987,0.179484956826269,0.0163560706217491,-0.00754937289475947,0,0,0,0,0,0,0,0,0,0,0,0
15.1533821117304,0.449120485734192,0.0407013652075872,-0.0188761793237718,0.179648194293677,0.0162805460830349,-0.00755047172950875,0,0,0,0,0,0,0,0,0,0,0,0
15.1633854438601,0.449526690530573,0.0405125287549862,-0.0188784517149578,0.179810676212229,0.0162050115019944,-0.0075513806859832,0,0,0,0,0,0,0,0,0,0,0,0
15.1733887759899,0.449931006227421,0.0403236719454604,-0.0188802493423951,0.179972402490968,0.0161294687781841,-0.00755209973695805,0,0,0,0,0,0,0,0,0,0,0,0
15.1833921081197,0.450333432644855,0.0401347995285107,-0.0188815721521593,0.180133373057942,0.0160539198114042,-0.00755262886086374,0,0,0,0,0,0,0,0,0,0,0,0
15.1933954402495,0.450733969650509,0.0399459162541062,-0.0188824201045094,0.180293587860204,0.0159783665016425,-0.00755296804180374,0,0,0,0,0,0,0,0,0,0,0,0
15.2033987723793,0.451132617159528,0.0397570268725439,-0.018882793173932,0.180453046863811,0.0159028107490176,-0.00755311726957277,0,0,0,0,0,0,0,0,0,0,0,0
15.2134021045091,0.451529375134582,0.0395681361343024,-0.0188826913491878,0.180611750053833,0.0158272544537208,-0.00755307653967513,0,0,0,0,0,0,0,0,0,0,0,0
15.2234054366389,0.451924243585861,0.0393792487899029,-0.0188821146333565,0.180769697434344,0.0157516995159613,-0.00755284585334263,0,0,0,0,0,0,0,0,0,0,0,0
15.2334087687686,0.452317222571072,0.0391903695897635,-0.0188810630438827,0.180926889028429,0.0156761478359053,-0.00755242521755311,0,0,0,0,0,0,0,0,0,0,0,0
15.2434121008984,0.452708312195447,0.039001503284055,-0.0188795366126206,0.181083324878179,0.0156006013136222,-0.00755181464504823,0,0,0,0,0,0,0,0,0,0,0,0
15.2534154330282,0.453097512611729,0.0388126546225589,-0.0188775353858803,0.181239005044692,0.0155250618490237,-0.00755101415435209,0,0,0,0,0,0,0,0,0,0,0,0
15.263418765158,0.453484824020173,0.0386238283545195,-0.0188750594244728,0.181393929608069,0.0154495313418078,-0.00755002376978914,0,0,0,0,0,0,0,0,0,0,0,0
15.2734220972878,0.45387024666854,0.0384350292285005,-0.0188721088037558,0.181548098667416,0.0153740116914004,-0.00754884352150234,0,0,0,0,0,0,0,0,0,0,0,0
15.2834254294176,0.454253780852089,0.0382462619922393,-0.0188686836136784,0.181701512340836,0.0152985047968958,-0.0075474734454714,0,0,0,0,0,0,0,0,0,0,0,0
15.2934287615473,0.454635426913565,0.0380575313924999,-0.0188647839588276,0.181854170765426,0.0152230125569999,-0.00754591358353104,0,0,0,0,0,0,0,0,0,0,0,0
15.3034320936771,0.455015185243193,0.0378688421749259,-0.0188604099584729,0.182006074097277,0.0151475368699704,-0.0075441639833891,0,0,0,0,0,0,0,0,0,0,0,0
15.3134354258069,0.455393056278664,0.0376801990838961,-0.0188555617466121,0.182157222511466,0.0150720796335585,-0.00754222469864488,0,0,0,0,0,0,0,0,0,0,0,0
15.3234387579367,0.455769040505121,0.0374916068623733,-0.0188502394720172,0.182307616202048,0.0149966427449492,-0.00754009578880695,0,0,0,0,0,0,0,0,0,0,0,0
15.3334420900665,0.456143138455143,0.0373030702517588,-0.0188444432982789,0.182457255382057,0.0149212281007036,-0.00753777731931157,0,0,0,0,0,0,0,0,0,0,0,0
15.3434454221963,0.456515350708734,0.0371145939917428,-0.0188381734038527,0.182606140283494,0.0148458375966973,-0.00753526936154109,0,0,0,0,0,0,0,0,0,0,0,0
15.353448754326,0.4568856778933,0.0369261828201567,-0.0188314299821041,0.18275427115732,0.0147704731280626,-0.00753257199284164,0,0,0,0,0,0,0,0,0,0,0,0
15.3634520864558,0.45725412068363,0.0367378414728209,-0.0188242132413547,0.182901648273452,0.0146951365891285,-0.00752968529654183,0,0,0,0,0,0,0,0,0,0,0,0
15.3734554185856,0.457620679801878,0.0365495746833988,-0.0188165234049264,0.183048271920751,0.0146198298733597,-0.0075266093619705,0,0,0,0,0,0,0,0,0,0,0,0
15.3834587507154,0.457985356017537,0.0363613871832442,-0.0188083607111882,0.183194142407015,0.0145445548732977,-0.00752334428447523,0,0,0,0,0,0,0,0,0,0,0,0
15.3934620828452,0.458348150147419,0.0361732837012501,-0.0187997254136005,0.183339260058968,0.0144693134805001,-0.00751989016544023,0,0,0,0,0,0,0,0,0,0,0,0
15.403465414975,0.458709063055627,0.0359852689636992,-0.018790617780762,0.183483625222251,0.0143941075854798,-0.0075162471123048,0,0,0,0,0,0,0,0,0,0,0,0
15.4134687471047,0.45906809565353,0.0357973476941116,-0.0187810380964534,0.183627238261412,0.0143189390776447,-0.00751241523858132,0,0,0,0,0,0,0,0,0,0,0,0
15.4234720792345,0.459425248899731,0.0356095246130913,-0.018770986659684,0.183770099559893,0.0142438098452364,-0.0075083946638735,0,0,0,0,0,0,0,0,0,0,0,0
15.4334754113643,0.459780523800041,0.0354218044381761,-0.0187604637847367,0.183912209520016,0.0141687217752704,-0.00750418551389471,0,0,0,0,0,0,0,0,0,0,0,0
15.4434787434941,0.460133921407448,0.0352341918836832,-0.018749469801214,0.184053568562979,0.0140936767534735,-0.00749978792048565,0,0,0,0,0,0,0,0,0,0,0,0
15.4534820756239,0.460485442822079,0.035046691660555,-0.0187380050540832,0.184194177128832,0.0140186766642219,-0.00749520202163325,0,0,0,0,0,0,0,0,0,0,0,0
15.4634854077537,0.460835089191169,0.0348593084762067,-0.0187260699037213,0.184334035676467,0.013943723390483,-0.00749042796148848,0,0,0,0,0,0,0,0,0,0,0,0
15.4734887398834,0.461182861709026,0.034672047034372,-0.018713664725961,0.184473144683611,0.0138688188137487,-0.00748546589038443,0,0,0,0,0,0,0,0,0,0,0,0
15.4834920720132,0.461528761616993,0.0344849120349455,-0.0187007899121367,0.184611504646798,0.0137939648139783,-0.0074803159648547,0,0,0,0,0,0,0,0,0,0,0,0
15.493495404143,0.461872790203404,0.034297908173831,-0.0186874458691281,0.184749116081362,0.0137191632695326,-0.00747497834765132,0,0,0,0,0,0,0,0,0,0,0,0
15.5034987362728,0.46221494880355,0.0341110401427846,-0.0186736330194083,0.18488597952142,0.0136444160571139,-0.0074694532077633,0,0,0,0,0,0,0,0,0,0,0,0
15.5135020684026,0.462555238799634,0.0339243126292563,-0.0186593518010866,0.185022095519854,0.0135697250517026,-0.00746374072043468,0,0,0,0,0,0,0,0,0,0,0,0
15.5235054005324,0.462893661620725,0.0337377303162363,-0.018644602667956,0.18515746464829,0.0134950921264948,-0.00745784106718243,0,0,0,0,0,0,0,0,0,0,0,0
15.5335087326621,0.463230218742714,0.0335512978820977,-0.0186293860895378,0.185292087497086,0.0134205191528391,-0.00745175443581518,0,0,0,0,0,0,0,0,0,0,0,0
15.5435120647919,0.463564911688272,0.033365020000435,-0.0186137025511267,0.185425964675309,0.013346008000174,-0.00744548102045073,0,0,0,0,0,0,0,0,0,0,0,0
15.5535153969217,0.463897742026791,0.0331789013399122,-0.018597552553837,0.185559096810717,0.013271560535965,-0.0074390210215348,0,0,0,0,0,0,0,0,0,0,0,0
15.5635187290515,0.464228711374345,0.0329929465640998,-0.0185809366146477,0.185691484549738,0.0131971786256399,-0.00743237464585913,0,0,0,0,0,0,0,0,0,0,0,0
15.5735220611813,0.46455782139363,0.0328071603313168,-0.0185638552664479,0.185823128557453,0.0131228641325267,-0.00742554210657918,0,0,0,0,0,0,0,0,0,0,0,0
15.5835253933111,0.464885073793917,0.0326215472944725,-0.0185463090580824,0.185954029517567,0.0130486189177891,-0.00741852362323301,0,0,0,0,0,0,0,0,0,0,0,0
15.5935287254408,0.465210470330988,0.0324361121009064,-0.0185282985543969,0.186084188132395,0.0129744448403625,-0.0074113194217588,0,0,0,0,0,0,0,0,0,0,0,0
15.6035320575706,0.465534012807091,0.0322508593922254,-0.0185098243362844,0.186213605122837,0.0129003437568901,-0.00740392973451371,0,0,0,0,0,0,0,0,0,0,0,0
15.6135353897004,0.465855703070875,0.0320657938041475,-0.0184908870007289,0.18634228122835,0.0128263175216593,-0.00739635480029151,0,0,0,0,0,0,0,0,0,0,0,0
15.6235387218302,0.466175543017328,0.0318809199663369,-0.0184714871608524,0.186470217206931,0.012752367986535,-0.00738859486434097,0,0,0,0,0,0,0,0,0,0,0,0
15.63354205396,0.466493534587724,0.0316962425022436,-0.01845162544596,0.18659741383509,0.0126784970008975,-0.00738065017838402,0,0,0,0,0,0,0,0,0,0,0,0
15.6435453860898,0.466809679769554,0.0315117660289415,-0.0184313025015848,0.186723871907822,0.0126047064115769,-0.00737252100063401,0,0,0,0,0,0,0,0,0,0,0,0
15.6535487182195,0.467123980596459,0.031327495156967,-0.0184105189895343,0.186849592238584,0.0125309980627868,-0.00736420759581373,0,0,0,0,0,0,0,0,0,0,0,0
15.6635520503493,0.467436439148171,0.0311434344901514,-0.0183892755879346,0.186974575659268,0.0124573737960607,-0.00735571023517395,0,0,0,0,0,0,0,0,0,0,0,0
15.6735553824791,0.46774705755044,0.0309595886254641,-0.0183675729912773,0.187098823020176,0.0123838354501857,-0.00734702919651097,0,0,0,0,0,0,0,0,0,0,0,0
15.6835587146089,0.468055837974966,0.0307759621528435,-0.0183454119104635,0.187222335189986,0.0123103848611376,-0.00733816476418553,0,0,0,0,0,0,0,0,0,0,0,0
15.6935620467387,0.46836278263933,0.0305925596550344,-0.0183227930728506,0.187345113055732,0.0122370238620138,-0.00732911722914037,0,0,0,0,0,0,0,0,0,0,0,0
15.7035653788685,0.468667893806914,0.0304093857074233,-0.0182997172222969,0.187467157522766,0.0121637542829694,-0.00731988688891873,0,0,0,0,0,0,0,0,0,0,0,0
15.7135687109982,0.468971173786837,0.0302264448778734,-0.0182761851192068,0.187588469514735,0.0120905779511493,-0.0073104740476828,0,0,0,0,0,0,0,0,0,0,0,0
15.723572043128,0.469272624933872,0.0300437417265573,-0.0182521975405781,0.187709049973549,0.0120174966906231,-0.00730087901623122,0,0,0,0,0,0,0,0,0,0,0,0
15.7335753752578,0.469572249648368,0.0298612808057926,-0.0182277552800445,0.187828899859347,0.0119445123223172,-0.00729110211201787,0,0,0,0,0,0,0,0,0,0,0,0
15.7435787073876,0.469870050376172,0.0296790666598756,-0.0182028591479237,0.187948020150469,0.0118716266639502,-0.00728114365916956,0,0,0,0,0,0,0,0,0,0,0,0
15.7535820395174,0.470166029608552,0.0294971038249096,-0.0181775099712618,0.188066411843421,0.0117988415299639,-0.00727100398850471,0,0,0,0,0,0,0,0,0,0,0,0
15.7635853716472,0.470460189882107,0.0293153968286451,-0.0181517085938779,0.188184075952843,0.0117261587314582,-0.0072606834375512,0,0,0,0,0,0,0,0,0,0,0,0
15.7735887037769,0.470752533778688,0.0291339501903049,-0.0181254558764121,0.188301013511475,0.011653580076122,-0.00725018235056483,0,0,0,0,0,0,0,0,0,0,0,0
15.7835920359067,0.471043063925309,0.0289527684204183,-0.0180987526963673,0.188417225570124,0.0115811073681675,-0.00723950107854706,0,0,0,0,0,0,0,0,0,0,0,0
15.7935953680365,0.471331782994062,0.0287718560206531,-0.0180715999481582,0.188532713197624,0.0115087424082614,-0.0072286399792634,0,0,0,0,0,0,0,0,0,0,0,0
15.8035987001663,0.471618693702021,0.0285912174836453,-0.0180439985431547,0.188647477480808,0.0114364869934581,-0.00721759941726195,0,0,0,0,0,0,0,0,0,0,0,0
15.8136020322961,0.471903798811159,0.0284108572928273,-0.0180159494097276,0.188761519524464,0.0113643429171311,-0.00720637976389104,0,0,0,0,0,0,0,0,0,0,0,0
15.8236053644259,0.472187101128254,0.0282307799222623,-0.0179874534932949,0.188874840451302,0.0112923119689051,-0.00719498139731799,0,0,0,0,0,0,0,0,0,0,0,0
15.8336086965557,0.472468603504786,0.0280509898364681,-0.0179585117563661,0.188987441401915,0.0112203959345873,-0.00718340470254658,0,0,0,0,0,0,0,0,0,0,0,0
15.8436120286854,0.472748308836851,0.0278714914902503,-0.0179291251785885,0.18909932353474,0.0111485965961,-0.00717165007143552,0,0,0,0,0,0,0,0,0,0,0,0
15.8536153608152,0.473026220065056,0.0276922893285272,-0.0178992947567927,0.189210488026023,0.0110769157314109,-0.00715971790271715,0,0,0,0,0,0,0,0,0,0,0,0
15.863618692945,0.473302340174425,0.0275133877861614,-0.0178690215050374,0.18932093606977,0.0110053551144644,-0.007147608602015,0,0,0,0,0,0,0,0,0,0,0,0
15.8736220250748,0.47357667219429,0.0273347912877838,-0.0178383064546551,0.189430668877717,0.0109339165151137,-0.00713532258186216,0,0,0,0,0,0,0,0,0,0,0,0
15.8836253572046,0.473849219198198,0.0271565042476217,-0.0178071506542987,0.189539687679279,0.0108626016990487,-0.00712286026171953,0,0,0,0,0,0,0,0,0,0,0,0
15.8936286893344,0.474119984303793,0.026978531069327,-0.017775555169984,0.189647993721517,0.0107914124277309,-0.00711022206799366,0,0,0,0,0,0,0,0,0,0,0,0
15.9036320214641,0.474388970672723,0.0268008761457991,-0.0177435210851391,0.189755588269089,0.0107203504583199,-0.00709740843405568,0,0,0,0,0,0,0,0,0,0,0,0
15.9136353535939,0.474656181510519,0.0266235438590144,-0.0177110495006464,0.189862472604207,0.0106494175436059,-0.00708441980025861,0,0,0,0,0,0,0,0,0,0,0,0
15.9236386857237,0.474921620066499,0.0264465385798464,-0.0176781415348904,0.189968648026599,0.0105786154319386,-0.0070712566139562,0,0,0,0,0,0,0,0,0,0,0,0
15.9336420178535,0.475185289633641,0.0262698646678955,-0.0176447983238021,0.190074115853456,0.0105079458671585,-0.0070579193295209,0,0,0,0,0,0,0,0,0,0,0,0
15.9436453499833,0.475447193548478,0.0260935264713112,-0.0176110210209043,0.190178877419391,0.0104374105885246,-0.00704440840836189,0,0,0,0,0,0,0,0,0,0,0,0
15.9536486821131,0.475707335190986,0.0259175283266138,-0.0175768107973577,0.190282934076394,0.0103670113306456,-0.00703072431894317,0,0,0,0,0,0,0,0,0,0,0,0
15.9636520142428,0.475965717984453,0.0257418745585218,-0.0175421688420059,0.190386287193781,0.0102967498234089,-0.00701686753680239,0,0,0,0,0,0,0,0,0,0,0,0
15.9736553463726,0.476222345395377,0.0255665694797719,-0.017507096361421,0.190488938158151,0.0102266277919086,-0.00700283854456834,0,0,0,0,0,0,0,0,0,0,0,0
15.9836586785024,0.47647722093333,0.0253916173909409,-0.0174715945799492,0.190590888373332,0.0101566469563764,-0.00698863783197962,0,0,0,0,0,0,0,0,0,0,0,0
15.9936620106322,0.47673034815085,0.0252170225802709,-0.0174356647397555,0.19069213926034,0.0100868090321085,-0.00697426589590227,0,0,0,0,0,0,0,0,0,0,0,0
16.003665342762,0.476981730643302,0.0250427893234886,-0.0173993081008707,0.190792692257321,0.0100171157293955,-0.00695972324034838,0,0,0,0,0,0,0,0,0,0,0,0
16.0136686748918,0.477231372048765,0.0248689218836254,-0.0173625259412358,0.190892548819506,0.00994756875345002,-0.00694501037649429,0,0,0,0,0,0,0,0,0,0,0,0
16.0236720070215,0.477479276047895,0.0246954245108405,-0.0173253195567466,0.190991710419158,0.00987816980433636,-0.00693012782269869,0,0,0,0,0,0,0,0,0,0,0,0
16.0336753391513,0.477725446363799,0.0245223014422389,-0.0172876902613012,0.191090178545519,0.00980892057689541,-0.00691507610452057,0,0,0,0,0,0,0,0,0,0,0,0
16.0436786712811,0.477969886761903,0.0243495569016926,-0.0172496393868441,0.191187954704762,0.00973982276067722,-0.00689985575473777,0,0,0,0,0,0,0,0,0,0,0,0
16.0536820034109,0.478212601049822,0.0241771950996599,-0.0172111682834118,0.191285040419928,0.00967087803986411,-0.00688446731336481,0,0,0,0,0,0,0,0,0,0,0,0
16.0636853355407,0.478453593077217,0.0240052202330015,-0.0171722783191784,0.191381437230887,0.0096020880932007,-0.00686891132767148,0,0,0,0,0,0,0,0,0,0,0,0
16.0736886676705,0.478692866735664,0.0238336364848029,-0.0171329708805013,0.191477146694266,0.00953345459392137,-0.00685318835220055,0,0,0,0,0,0,0,0,0,0,0,0
16.0836919998002,0.478930425958519,0.0236624480241903,-0.0170932473719663,0.191572170383408,0.00946497920967599,-0.00683729894878656,0,0,0,0,0,0,0,0,0,0,0,0
16.09369533193,0.479166274720765,0.0234916590061456,-0.0170531092164336,0.191666509888306,0.00939666360245843,-0.00682124368657348,0,0,0,0,0,0,0,0,0,0,0,0
16.1036986640598,0.479400417038883,0.0233212735713285,-0.0170125578550818,0.191760166815553,0.00932850942853156,-0.00680502314203277,0,0,0,0,0,0,0,0,0,0,0,0
16.1137019961896,0.479632856970697,0.0231512958458897,-0.0169715947474556,0.191853142788279,0.00926051833835605,-0.00678863789898224,0,0,0,0,0,0,0,0,0,0,0,0
16.1237053283194,0.479863598615239,0.022981729941286,-0.0169302213715088,0.191945439446096,0.0091926919765143,-0.00677208854860356,0,0,0,0,0,0,0,0,0,0,0,0
16.1337086604492,0.480092646112591,0.0228125799540987,-0.0168884392236526,0.192037058445037,0.00912503198163938,-0.00675537568946119,0,0,0,0,0,0,0,0,0,0,0,0
16.1437119925789,0.48032000364374,0.0226438499658479,-0.0168462498187986,0.192128001457496,0.00905753998633907,-0.0067384999275194,0,0,0,0,0,0,0,0,0,0,0,0
16.1537153247087,0.480545675430426,0.0224755440428058,-0.0168036546904044,0.192218270172171,0.00899021761712246,-0.00672146187616194,0,0,0,0,0,0,0,0,0,0,0,0
16.1637186568385,0.480769665734987,0.0223076662358123,-0.0167606553905215,0.192307866293995,0.00892306649432494,-0.00670426215620866,0,0,0,0,0,0,0,0,0,0,0,0
16.1737219889683,0.480991978860206,0.0221402205800897,-0.0167172534898376,0.192396791544083,0.00885608823203585,-0.00668690139593499,0,0,0,0,0,0,0,0,0,0,0,0
16.1837253210981,0.481212619149154,0.0219732110950513,-0.0166734505777239,0.192485047659661,0.0087892844380207,-0.00666938023108966,0,0,0,0,0,0,0,0,0,0,0,0
16.1937286532279,0.481431590985028,0.0218066417841225,-0.0166292482622807,0.192572636394011,0.00872265671364914,-0.0066516993049125,0,0,0,0,0,0,0,0,0,0,0,0
16.2037319853576,0.481648898790991,0.0216405166345447,-0.016584648170382,0.192659559516397,0.00865620665381794,-0.00663385926815288,0,0,0,0,0,0,0,0,0,0,0,0
16.2137353174874,0.481864547030012,0.0214748396171922,-0.016539651947721,0.192745818812005,0.00858993584687706,-0.00661586077908849,0,0,0,0,0,0,0,0,0,0,0,0
16.2237386496172,0.482078540204698,0.0213096146863837,-0.0164942612588559,0.19283141608188,0.00852384587455362,-0.00659770450354234,0,0,0,0,0,0,0,0,0,0,0,0
16.233741981747,0.482290882857132,0.0211448457796911,-0.0164484777872556,0.192916353142853,0.00845793831187627,-0.00657939111490223,0,0,0,0,0,0,0,0,0,0,0,0
16.2437453138768,0.482501579568696,0.0209805368177511,-0.0164023032353448,0.193000631827478,0.00839221472710047,-0.00656092129413798,0,0,0,0,0,0,0,0,0,0,0,0
16.2537486460066,0.482710634959909,0.0208166917040759,-0.0163557393245494,0.193084253983963,0.00832667668162994,-0.00654229572981981,0,0,0,0,0,0,0,0,0,0,0,0
16.2637519781363,0.482918053690251,0.0206533143248614,-0.0163087877953421,0.1931672214761,0.00826132572994501,-0.00652351511813686,0,0,0,0,0,0,0,0,0,0,0,0
16.2737553102661,0.483123840457989,0.0204904085488002,-0.0162614504072876,0.193249536183195,0.00819616341952015,-0.00650458016291505,0,0,0,0,0,0,0,0,0,0,0,0
16.2837586423959,0.483328000000005,0.0203279782268853,-0.0162137289390889,0.193331200000003,0.00813119129075425,-0.00648549157563559,0,0,0,0,0,0,0,0,0,0,0,0
16.2937619745257,0.48353053709161,0.0201660271922215,-0.0161656251886316,0.193412214836644,0.00806641087688862,-0.00646625007545267,0,0,0,0,0,0,0,0,0,0,0,0
16.3037653066555,0.483731456546369,0.0200045592598321,-0.01611714097303,0.193492582618548,0.0080018237039331,-0.0064468563892121,0,0,0,0,0,0,0,0,0,0,0,0
16.3137686387853,0.48393076321592,0.019843578226468,-0.0160682781286728,0.193572305286369,0.0079374312905875,-0.0064273112514692,0,0,0,0,0,0,0,0,0,0,0,0
16.323771970915,0.484128461989792,0.0196830878704137,-0.0160190385112677,0.193651384795917,0.00787323514816546,-0.00640761540450704,0,0,0,0,0,0,0,0,0,0,0,0
16.3337753030448,0.484324557795209,0.0195230919512905,-0.0159694239958873,0.193729823118085,0.00780923678051641,-0.00638776959835501,0,0,0,0,0,0,0,0,0,0,0,0
16.3437786351746,0.484519055596918,0.01936359420987,-0.0159194364770159,0.193807622238767,0.00774543768394818,-0.00636777459080634,0,0,0,0,0,0,0,0,0,0,0,0
16.3537819673044,0.484711960396982,0.0192045983678734,-0.0158690778685917,0.193884784158794,0.00768183934714941,-0.0063476311474369,0,0,0,0,0,0,0,0,0,0,0,0
16.3637852994342,0.484903277234606,0.0190461081277772,-0.0158183501040562,0.193961310893843,0.00761844325111093,-0.00632734004162249,0,0,0,0,0,0,0,0,0,0,0,0
16.373788631564,0.485093011185931,0.0188881271726211,-0.0157672551363962,0.194037204474372,0.00755525086904845,-0.00630690205455852,0,0,0,0,0,0,0,0,0,0,0,0
16.3837919636937,0.485281167363841,0.0187306591658114,-0.0157157949381915,0.194112466945536,0.00749226366632447,-0.00628631797527668,0,0,0,0,0,0,0,0,0,0,0,0
16.3937952958235,0.48546775091777,0.0185737077509207,-0.0156639715016597,0.194187100367108,0.00742948310036874,-0.00626558860066394,0,0,0,0,0,0,0,0,0,0,0,0
16.4037986279533,0.4856527670335,0.0184172765514972,-0.0156117868387012,0.194261106813401,0.00736691062059902,-0.00624471473548064,0,0,0,0,0,0,0,0,0,0,0,0
16.4138019600831,0.485836220932959,0.0182613691708642,-0.0155592429809455,0.194334488373183,0.00730454766834607,-0.00622369719237825,0,0,0,0,0,0,0,0,0,0,0,0
16.4238052922129,0.486018117874017,0.0181059891919215,-0.0155063419797951,0.194407247149607,0.00724239567676847,-0.00620253679191813,0,0,0,0,0,0,0,0,0,0,0,0
16.4338086243427,0.486198463150282,0.0179511401769513,-0.0154530859064741,0.194479385260112,0.00718045607078071,-0.00618123436258961,0,0,0,0,0,0,0,0,0,0,0,0
16.4438119564725,0.486377262090893,0.0177968256674148,-0.0153994768520691,0.194550904836358,0.00711873026696586,-0.00615979074082772,0,0,0,0,0,0,0,0,0,0,0,0
16.4538152886022,0.486554520060315,0.0176430491837578,-0.0153455169275797,0.194621808024127,0.00705721967350326,-0.0061382067710318,0,0,0,0,0,0,0,0,0,0,0,0
16.463818620732,0.486730242458116,0.0174898142252083,-0.0152912082639589,0.194692096983247,0.00699592569008344,-0.00611648330558367,0,0,0,0,0,0,0,0,0,0,0,0
16.4738219528618,0.486904434718766,0.0173371242695787,-0.0152365530121631,0.194761773887506,0.00693484970783154,-0.00609462120486525,0,0,0,0,0,0,0,0,0,0,0,0
16.4838252849916,0.487077102311413,0.0171849827730632,-0.0151815533431949,0.194830840924565,0.0068739931092253,-0.00607262133727793,0,0,0,0,0,0,0,0,0,0,0,0
16.4938286171214,0.487248250739673,0.0170333931700387,-0.0151262114481486,0.194899300295869,0.00681335726801536,-0.00605048457925953,0,0,0,0,0,0,0,0,0,0,0,0
16.5038319492512,0.487417885541406,0.0168823588728635,-0.0150705295382571,0.194967154216562,0.00675294354914544,-0.00602821181530301,0,0,0,0,0,0,0,0,0,0,0,0
16.5138352813809,0.487586012288493,0.0167318832716751,-0.0150145098449363,0.195034404915398,0.00669275330867003,-0.0060058039379746,0,0,0,0,0,0,0,0,0,0,0,0
16.5238386135107,0.487752636586625,0.0165819697341875,-0.0149581546198301,0.195101054634649,0.00663278789367521,-0.00598326184793209,0,0,0,0,0,0,0,0,0,0,0,0
16.5338419456405,0.487917764075054,0.0164326216054919,-0.0149014661348572,0.195167105630022,0.00657304864219674,-0.00596058645394291,0,0,0,0,0,0,0,0,0,0,0,0
16.5438452777703,0.488081400426394,0.0162838422078477,-0.0148444466822566,0.195232560170558,0.00651353688313937,-0.0059377786729026,0,0,0,0,0,0,0,0,0,0,0,0
16.5538486099001,0.488243551346368,0.0161356348404847,-0.0147870985746302,0.195297420538548,0.00645425393619399,-0.00591483942985222,0,0,0,0,0,0,0,0,0,0,0,0
16.5638519420299,0.488404222573592,0.0159880027793968,-0.0147294241449927,0.195361689029437,0.00639520111175895,-0.00589176965799708,0,0,0,0,0,0,0,0,0,0,0,0
16.5738552741596,0.488563419879331,0.0158409492771365,-0.0146714257468133,0.195425367951733,0.00633637971085491,-0.00586857029872532,0,0,0,0,0,0,0,0,0,0,0,0
16.5838586062894,0.488721149067273,0.0156944775626118,-0.0146131057540632,0.19548845962691,0.00627779102504532,-0.00584524230162521,0,0,0,0,0,0,0,0,0,0,0,0
16.5938619384192,0.488877415973284,0.0155485908408821,-0.01455446656126,0.195550966389314,0.00621943633635315,-0.005821786624504,0,0,0,0,0,0,0,0,0,0,0,0
16.603865270549,0.489032226465171,0.0154032922929479,-0.0144955105835147,0.195612890586069,0.00616131691717945,-0.00579820423340603,0,0,0,0,0,0,0,0,0,0,0,0
16.6138686026788,0.489185586442443,0.0152585850755493,-0.0144362402565751,0.195674234576977,0.0061034340302198,-0.00577449610263007,0,0,0,0,0,0,0,0,0,0,0,0
16.6238719348086,0.48933750183606,0.015114472320956,-0.0143766580368723,0.195735000734424,0.00604578892838221,-0.00575066321474895,0,0,0,0,0,0,0,0,0,0,0,0
16.6338752669383,0.489487978608197,0.0149709571367623,-0.0143167664015663,0.195795191443279,0.00598838285470506,-0.00572670656062656,0,0,0,0,0,0,0,0,0,0,0,0
16.6438785990681,0.489637022751987,0.014828042605679,-0.014256567848592,0.195854809100794,0.00593121704227154,-0.00570262713943671,0,0,0,0,0,0,0,0,0,0,0,0
16.6538819311979,0.489784640291278,0.014685731785325,-0.0141960648967025,0.195913856116511,0.00587429271413055,-0.00567842595868099,0,0,0,0,0,0,0,0,0,0,0,0
16.6638852633277,0.489930837280377,0.0145440277080194,-0.0141352600855168,0.19597233491215,0.0058176110832076,-0.00565410403420679,0,0,0,0,0,0,0,0,0,0,0,0
16.6738885954575,0.490075619803794,0.0144029333805699,-0.0140741559755644,0.196030247921517,0.00576117335222832,-0.00562966239022582,0,0,0,0,0,0,0,0,0,0,0,0
16.6838919275873,0.490218993975994,0.0142624517840686,-0.0140127551483313,0.196087597590397,0.00570498071362744,-0.00560510205933244,0,0,0,0,0,0,0,0,0,0,0,0
16.693895259717,0.49036096594113,0.014122585873677,-0.0139510602063036,0.196144386376452,0.00564903434947092,-0.00558042408252142,0,0,0,0,0,0,0,0,0,0,0,0
16.7038985918468,0.490501541872785,0.0139833385784194,-0.0138890737730156,0.196200616749114,0.00559333543136796,-0.0055556295092062,0,0,0,0,0,0,0,0,0,0,0,0
16.7139019239766,0.490640727973715,0.0138447128009693,-0.0138267984930932,0.196256291189486,0.005537885120388,-0.00553071939723738,0,0,0,0,0,0,0,0,0,0,0,0
16.7239052561064,0.490778530475575,0.0137067114174406,-0.0137642370323002,0.19631141219023,0.00548268456697629,-0.00550569481292016,0,0,0,0,0,0,0,0,0,0,0,0
16.7339085882362,0.490914955638656,0.0135693372771721,-0.0137013920775846,0.196365982255463,0.00542773491086897,-0.00548055683103384,0,0,0,0,0,0,0,0,0,0,0,0
16.743911920366,0.491050009751625,0.0134325932025223,-0.0136382663371221,0.19642000390065,0.00537303728100887,-0.0054553065348488,0,0,0,0,0,0,0,0,0,0,0,0
16.7539152524957,0.491183699131236,0.0132964819886485,-0.0135748625403625,0.196473479652495,0.00531859279545942,-0.00542994501614494,0,0,0,0,0,0,0,0,0,0,0,0
16.7639185846255,0.491316030122075,0.0131610064033002,-0.0135111834380764,0.196526412048831,0.00526440256132034,-0.00540447337523063,0,0,0,0,0,0,0,0,0,0,0,0
16.7739219167553,0.491447009096274,0.0130261691866031,-0.0134472318023982,0.19657880363851,0.00521046767464134,-0.00537889272095934,0,0,0,0,0,0,0,0,0,0,0,0
16.7839252488851,0.491576642453232,0.0128919730508438,-0.0133830104268737,0.196630656981293,0.00515678922033778,-0.0053532041707494,0,0,0,0,0,0,0,0,0,0,0,0
16.7939285810149,0.491704936619348,0.0127584206802586,-0.0133185221265047,0.196681974647739,0.00510336827210349,-0.00532740885060177,0,0,0,0,0,0,0,0,0,0,0,0
16.8039319131447,0.491831898047723,0.0126255147308154,-0.0132537697377939,0.19673275921909,0.00505020589232609,-0.00530150789511756,0,0,0,0,0,0,0,0,0,0,0,0
16.8139352452744,0.491957533217891,0.0124932578300015,-0.0131887561187915,0.196783013287157,0.00499730313200046,-0.00527550244751659,0,0,0,0,0,0,0,0,0,0,0,0
16.8239385774042,0.492081848635521,0.012361652576604,-0.0131234841491401,0.196832739454208,0.0049446610306418,-0.00524939365965604,0,0,0,0,0,0,0,0,0,0,0,0
16.833941909534,0.49220485083214,0.0122307015404976,-0.0130579567301194,0.196881940332856,0.00489228061619922,-0.00522318269204795,0,0,0,0,0,0,0,0,0,0,0,0
16.8439452416638,0.492326546364828,0.0121004072624261,-0.0129921767846944,0.196930618545931,0.00484016290497058,-0.00519687071387765,0,0,0,0,0,0,0,0,0,0,0,0
16.8539485737936,0.492446941815943,0.011970772253784,-0.0129261472575558,0.196978776726377,0.00478830890151399,-0.00517045890302228,0,0,0,0,0,0,0,0,0,0,0,0
16.8639519059234,0.492566043792812,0.0118417989964013,-0.0128598711151711,0.197026417517125,0.00473671959856094,-0.00514394844606856,0,0,0,0,0,0,0,0,0,0,0,0
16.8739552380531,0.492683858927445,0.0117134899423243,-0.0127933513458267,0.197073543570978,0.00468539597692984,-0.00511734053833088,0,0,0,0,0,0,0,0,0,0,0,0
16.8839585701829,0.492800393876225,0.0115858475135967,-0.0127265909596737,0.19712015755049,0.00463433900543879,-0.00509063638386966,0,0,0,0,0,0,0,0,0,0,0,0
16.8939619023127,0.492915655319616,0.0114588741020404,-0.0126595929887748,0.197166262127846,0.00458354964081634,-0.00506383719550984,0,0,0,0,0,0,0,0,0,0,0,0
16.9039652344425,0.493029649961855,0.0113325720690395,-0.0125923604871474,0.197211859984742,0.00453302882761595,-0.00503694419485893,0,0,0,0,0,0,0,0,0,0,0,0
16.9139685665723,0.493142384530648,0.0112069437453141,-0.0125248965308115,0.197256953812259,0.00448277749812584,-0.0050099586123246,0,0,0,0,0,0,0,0,0,0,0,0
16.9239718987021,0.49325386577686,0.0110819914307059,-0.0124572042178335,0.197301546310745,0.00443279657228249,-0.00498288168713352,0,0,0,0,0,0,0,0,0,0,0,0
16.9339752308318,0.493364100474212,0.0109577173939563,-0.0123892866683725,0.197345640189685,0.00438308695758273,-0.00495571466734913,0,0,0,0,0,0,0,0,0,0,0,0
16.9439785629616,0.493473095418956,0.0108341238724799,-0.0123211470247264,0.197389238167583,0.00433364954899193,-0.00492845880989047,0,0,0,0,0,0,0,0,0,0,0,0
16.9539818950914,0.493580857429572,0.0107112130721506,-0.0122527884513742,0.19743234297183,0.00428448522886084,-0.00490111538054966,0,0,0,0,0,0,0,0,0,0,0,0
16.9639852272212,0.493687393346451,0.0105889871670757,-0.0121842141350255,0.197474957338581,0.00423559486683011,-0.00487368565401038,0,0,0,0,0,0,0,0,0,0,0,0
16.973988559351,0.493792710031565,0.0104674482993702,-0.0121154272846643,0.197517084012626,0.00418697931974829,-0.00484617091386578,0,0,0,0,0,0,0,0,0,0,0,0
16.9839918914808,0.493896814368158,0.0103465985789399,-0.0120464311315928,0.197558725747264,0.00413863943157626,-0.00481857245263725,0,0,0,0,0,0,0,0,0,0,0,0
16.9939952236105,0.493999713260417,0.0102264400832556,-0.0119772289294801,0.197599885304167,0.00409057603330256,-0.004790891571792,0,0,0,0,0,0,0,0,0,0,0,0
17.0039985557403,0.494101413633146,0.0101069748571262,-0.011907823954405,0.197640565453259,0.00404278994285055,-0.00476312958176198,0,0,0,0,0,0,0,0,0,0,0,0
17.0140018878701,0.494201922431444,0.00998820491247624,-0.0118382195049018,0.197680768972578,0.00399528196499095,-0.00473528780196078,0,0,0,0,0,0,0,0,0,0,0,0
17.0240052199999,0.494301246620366,0.00987013222812547,-0.0117684189020084,0.197720498648147,0.00394805289125038,-0.00470736756080341,0,0,0,0,0,0,0,0,0,0,0,0
17.0340085521297,0.494399393184595,0.00975275874955444,-0.0116984254893072,0.197759757273839,0.00390110349982178,-0.00467937019572284,0,0,0,0,0,0,0,0,0,0,0,0
17.0440118842595,0.494496369128115,0.0096360863886872,-0.0116282426329745,0.197798547651245,0.00385443455547507,-0.00465129705319006,0,0,0,0,0,0,0,0,0,0,0,0
17.0540152163892,0.494592181473855,0.00952011702365972,-0.0115578737218258,0.197836872589542,0.003808046809464,-0.00462314948873025,0,0,0,0,0,0,0,0,0,0,0,0
17.064018548519,0.494686837263372,0.00940485249859627,-0.0114873221673566,0.197874734905349,0.00376194099943832,-0.00459492886694263,0,0,0,0,0,0,0,0,0,0,0,0
17.0740218806488,0.494780343556493,0.00929029462338036,-0.011416591403794,0.197912137422598,0.00371611784935233,-0.00456663656151771,0,0,0,0,0,0,0,0,0,0,0,0
17.0840252127786,0.494872707430982,0.00917644517343022,-0.011345684888139,0.197949082972393,0.00367057806937182,-0.00453827395525553,0,0,0,0,0,0,0,0,0,0,0,0
17.0940285449084,0.494963935982185,0.00906330588946464,-0.0112746061002105,0.197985574392875,0.00362532235578582,-0.00450984244008446,0,0,0,0,0,0,0,0,0,0,0,0
17.1040318770382,0.495054036322695,0.00895087847727982,-0.011203358542696,0.198021614529078,0.003580351390912,-0.00448134341707841,0,0,0,0,0,0,0,0,0,0,0,0
17.114035209168,0.49514301558198,0.00883916460752001,-0.0111319457411904,0.198057206232792,0.00353566584300835,-0.0044527782964762,0,0,0,0,0,0,0,0,0,0,0,0
17.1240385412977,0.495230880906056,0.00872816591544659,-0.0110603712442461,0.198092352362422,0.00349126636617887,-0.00442414849769863,0,0,0,0,0,0,0,0,0,0,0,0
17.1340418734275,0.495317639457111,0.00861788400070823,-0.0109886386234176,0.198127055782845,0.00344715360028341,-0.00439545544936716,0,0,0,0,0,0,0,0,0,0,0,0
17.1440452055573,0.495403298413158,0.00850832042711049,-0.0109167514733059,0.198161319365264,0.00340332817084416,-0.00436670058932219,0,0,0,0,0,0,0,0,0,0,0,0
17.1540485376871,0.495487864967675,0.0083994767223855,-0.0108447134116035,0.198195145987071,0.00335979068895412,-0.0043378853646415,0,0,0,0,0,0,0,0,0,0,0,0
17.1640518698169,0.495571346329237,0.00829135437796111,-0.0107725280791433,0.198228538531696,0.00331654175118484,-0.00430901123165737,0,0,0,0,0,0,0,0,0,0,0,0
17.1740552019467,0.495653749721163,0.00818395484873075,-0.0107001991399392,0.198261499888466,0.0032735819394923,-0.00428007965597588,0,0,0,0,0,0,0,0,0,0,0,0
17.1840585340764,0.495735082381133,0.00807727955281542,-0.0106277302812356,0.198294032952453,0.0032309118211257,-0.00425109211249428,0,0,0,0,0,0,0,0,0,0,0,0
17.1940618662062,0.495815351560833,0.00797132987133544,-0.01055512521355,0.198326140624333,0.00318853194853457,-0.00422205008541988,0,0,0,0,0,0,0,0,0,0,0,0
17.204065198336,0.495894564525577,0.00786610714818364,-0.0104823876707201,0.198357825810231,0.00314644285927322,-0.0041929550682881,0,0,0,0,0,0,0,0,0,0,0,0
17.2140685304658,0.495972728553938,0.00776161268977538,-0.0104095214099504,0.198389091421575,0.00310464507591007,-0.00416380856398021,0,0,0,0,0,0,0,0,0,0,0,0
17.2240718625956,0.496049850937367,0.0076578477648311,-0.0103365302118532,0.198419940374947,0.00306313910593252,-0.00413461208474156,0,0,0,0,0,0,0,0,0,0,0,0
17.2340751947254,0.496125938979817,0.00755481360413249,-0.0102634178804998,0.198450375591927,0.00302192544165315,-0.0041053671522001,0,0,0,0,0,0,0,0,0,0,0,0
17.2440785268551,0.496200999997361,0.00745251140029228,-0.0101901882434614,0.198480399998945,0.00298100456011659,-0.00407607529738456,0,0,0,0,0,0,0,0,0,0,0,0
17.2540818589849,0.496275041317817,0.00735094230751347,-0.0101168451518563,0.198510016527127,0.00294037692300579,-0.0040467380607425,0,0,0,0,0,0,0,0,0,0,0,0
17.2640851911147,0.496348070280342,0.00725010744136262,-0.0100433924803963,0.198539228112137,0.00290004297654529,-0.00401735699215858,0,0,0,0,0,0,0,0,0,0,0,0
17.2740885232445,0.496420094235073,0.0071500078785241,-0.00996983412743051,0.198568037694029,0.00286000315140936,-0.00398793365097237,0,0,0,0,0,0,0,0,0,0,0,0
17.2840918553743,0.496491120542712,0.00705064465656578,-0.00989617401499176,0.198596448217085,0.00282025786262651,-0.00395846960599693,0,0,0,0,0,0,0,0,0,0,0,0
17.2940951875041,0.496561156574151,0.00695201877370828,-0.00982241608884171,0.19862446262966,0.00278080750948343,-0.00392896643553683,0,0,0,0,0,0,0,0,0,0,0,0
17.3040985196338,0.49663020971006,0.00685413118857938,-0.0097485643185164,0.198652083884025,0.00274165247543175,-0.00389942572740656,0,0,0,0,0,0,0,0,0,0,0,0
17.3141018517636,0.496698287340513,0.00675698281997916,-0.00967462269737156,0.198679314936205,0.00270279312799203,-0.00386984907894866,0,0,0,0,0,0,0,0,0,0,0,0
17.3241051838934,0.496765396864558,0.00666057454664476,-0.00960059524262834,0.198706158745824,0.00266422981865815,-0.00384023809705147,0,0,0,0,0,0,0,0,0,0,0,0
17.3341085160232,0.496831545689847,0.0065649072070041,-0.00952648599541865,0.19873261827594,0.00262596288280172,-0.00381059439816774,0,0,0,0,0,0,0,0,0,0,0,0
17.344111848153,0.496896741232212,0.00646998159894055,-0.00945229902083137,0.198758696492885,0.00258799263957655,-0.00378091960833251,0,0,0,0,0,0,0,0,0,0,0,0
17.3541151802828,0.496960990915255,0.0063757984795583,-0.00937803840795495,0.198784396366102,0.00255031939182324,-0.00375121536318182,0,0,0,0,0,0,0,0,0,0,0,0
17.3641185124125,0.497024302169957,0.00628235856493111,-0.00930370826992665,0.198809720867983,0.00251294342597232,-0.00372148330797062,0,0,0,0,0,0,0,0,0,0,0,0
17.3741218445423,0.497086682434252,0.00618966252986717,-0.00922931274397674,0.1988346729737,0.00247586501194748,-0.0036917250975907,0,0,0,0,0,0,0,0,0,0,0,0
17.3841251766721,0.497148139152614,0.00609771100767446,-0.00915485599147123,0.198859255661046,0.00243908440306991,-0.00366194239658877,0,0,0,0,0,0,0,0,0,0,0,0
17.3941285088019,0.497208679775648,0.00600650458990553,-0.00908034219796258,0.19888347191026,0.00240260183596221,-0.00363213687918531,0,0,0,0,0,0,0,0,0,0,0,0
17.4041318409317,0.497268311759665,0.00591604382612355,-0.00900577557323045,0.198907324703866,0.00236641753044954,-0.00360231022929222,0,0,0,0,0,0,0,0,0,0,0,0
17.4141351730615,0.49732704256626,0.00582632922366096,-0.00893116035132823,0.198930817026504,0.0023305316894648,-0.00357246414053136,0,0,0,0,0,0,0,0,0,0,0,0
17.4241385051912,0.497384879661896,0.00573736124737437,-0.00885650079063162,0.198953951864759,0.00229494449894975,-0.00354260031625262,0,0,0,0,0,0,0,0,0,0,0,0
17.434141837321,0.497441830517469,0.00564914031939524,-0.00878180117387838,0.198976732206987,0.00225965612775847,-0.00351272046955147,0,0,0,0,0,0,0,0,0,0,0,0
17.4441451694508,0.49749790260788,0.00556166681889876,-0.00870706580822002,0.198999161043153,0.00222466672755976,-0.00348282632328817,0,0,0,0,0,0,0,0,0,0,0,0
17.4541485015806,0.497553103411616,0.00547494108184704,-0.00863229902526256,0.199021241364647,0.00218997643273873,-0.00345291961010506,0,0,0,0,0,0,0,0,0,0,0,0
17.4641518337104,0.497607440410303,0.00538896340074955,-0.0085575051811145,0.199042976164121,0.00215558536029995,-0.00342300207244585,0,0,0,0,0,0,0,0,0,0,0,0
17.4741551658402,0.49766092108827,0.00530373402441869,-0.00848268865643122,0.199064368435307,0.00212149360976735,-0.00339307546257256,0,0,0,0,0,0,0,0,0,0,0,0
17.4841584979699,0.49771355293212,0.00521925315772316,-0.00840785385646114,0.199085421172847,0.00208770126308914,-0.00336314154258451,0,0,0,0,0,0,0,0,0,0,0,0
17.4941618300997,0.497765343430284,0.00513552096133796,-0.00833300521108911,0.199106137372114,0.00205420838453569,-0.00333320208443587,0,0,0,0,0,0,0,0,0,0,0,0
17.5041651622295,0.497816300072582,0.0050525375515065,-0.00825814717488594,0.199126520029033,0.00202101502060319,-0.00330325886995449,0,0,0,0,0,0,0,0,0,0,0,0
17.5141684943593,0.497866430349765,0.00497030299978507,-0.00818328422714927,0.199146572139908,0.00198812119991394,-0.00327331369085977,0,0,0,0,0,0,0,0,0,0,0,0
17.5241718264891,0.497915741753085,0.00488881733279478,-0.00810842087195306,0.199166296701234,0.00195552693311795,-0.00324336834878129,0,0,0,0,0,0,0,0,0,0,0,0
17.5341751586189,0.497964241773828,0.0048080805319841,-0.00803356163818982,0.199185696709532,0.00192323221279351,-0.00321342465527607,0,0,0,0,0,0,0,0,0,0,0,0
17.5441784907486,0.498011937902865,0.00472809253336764,-0.00795871107961716,0.199204775161147,0.00189123701334693,-0.00318348443184707,0,0,0,0,0,0,0,0,0,0,0,0
17.5541818228784,0.49805883763021,0.00464885322728353,-0.00788387377490539,0.199223535052084,0.00185954129091358,-0.00315354950996228,0,0,0,0,0,0,0,0,0,0,0,0
17.5641851550082,0.498104948444537,0.00457036245814531,-0.00780905432767892,0.199241979377814,0.00182814498325838,-0.00312362173107157,0,0,0,0,0,0,0,0,0,0,0,0
17.574188487138,0.498150277832742,0.0044926200241895,-0.00773425736656525,0.199260111133097,0.00179704800967558,-0.00309370294662632,0,0,0,0,0,0,0,0,0,0,0,0
17.5841918192678,0.498194833279465,0.00441562567722266,-0.00765948754523894,0.199277933311786,0.00176625027088911,-0.00306379501809556,0,0,0,0,0,0,0,0,0,0,0,0
17.5941951513976,0.498238622266637,0.00433937912237665,-0.00758474954246583,0.199295448906655,0.00173575164895092,-0.00303389981698662,0,0,0,0,0,0,0,0,0,0,0,0
17.6041984835273,0.498281652272998,0.00426388001785483,-0.00751004806215217,0.199312660909199,0.00170555200714163,-0.00300401922486102,0,0,0,0,0,0,0,0,0,0,0,0
17.6142018156571,0.49832393077364,0.00418912797467642,-0.007435387833386,0.199329572309455,0.00167565118987065,-0.00297415513335454,0,0,0,0,0,0,0,0,0,0,0,0
17.6242051477869,0.498365465239514,0.00411512255643046,-0.00736077361048508,0.199346186095805,0.00164604902257236,-0.00294430944419402,0,0,0,0,0,0,0,0,0,0,0,0
17.6342084799167,0.498406263136981,0.00404186327902191,-0.00728621017304163,0.199362505254792,0.0016167453116089,-0.00291448406921671,0,0,0,0,0,0,0,0,0,0,0,0
17.6442118120465,0.498446331927315,0.00396934961041423,-0.00721170232596697,0.199378532770927,0.00158773984416574,-0.00288468093038686,0,0,0,0,0,0,0,0,0,0,0,0
17.6542151441763,0.498485679066228,0.00389758097037978,-0.00713725489953894,0.199394271626492,0.00155903238815222,-0.00285490195981578,0,0,0,0,0,0,0,0,0,0,0,0
17.664218476306,0.498524312003379,0.0038265567302463,-0.0070628727494462,0.199409724801353,0.00153062269209887,-0.00282514909977865,0,0,0,0,0,0,0,0,0,0,0,0
17.6742218084358,0.498562238181905,0.00375627621263988,-0.00698856075683291,0.199424895272763,0.0015025104850563,-0.0027954243027332,0,0,0,0,0,0,0,0,0,0,0,0
17.6842251405656,0.498599465037918,0.00368673869123182,-0.00691432382834539,0.199439786015166,0.00147469547649326,-0.00276572953133827,0,0,0,0,0,0,0,0,0,0,0,0
17.6942284726954,0.498636000000012,0.00361794339048463,-0.00684016689617722,0.199454400000005,0.00144717735619403,-0.00273606675847105,0,0,0,0,0,0,0,0,0,0,0,0
17.7042318048252,0.498671850488788,0.00354988948538964,-0.00676609491811432,0.199468740195516,0.00141995579415594,-0.00270643796724591,0,0,0,0,0,0,0,0,0,0,0,0
17.714235136955,0.498707023916336,0.00348257610122043,-0.00669211287758193,0.199482809566534,0.00139303044048862,-0.00267684515103287,0,0,0,0,0,0,0,0,0,0,0,0
17.7242384690848,0.498741527685753,0.00341600231326912,-0.00661822578368786,0.199496611074301,0.00136640092530774,-0.00264729031347504,0,0,0,0,0,0,0,0,0,0,0,0
17.7342418012145,0.498775369190625,0.0033501671465923,-0.00654443867126801,0.19951014767625,0.0013400668586371,-0.00261777546850724,0,0,0,0,0,0,0,0,0,0,0,0
17.7442451333443,0.498808555814544,0.00328506957575118,-0.00647075660093475,0.199523422325819,0.00131402783030065,-0.00258830264037408,0,0,0,0,0,0,0,0,0,0,0,0
17.7542484654741,0.498841094930586,0.00322070852455803,-0.00639718465911945,0.199536437972235,0.00128828340982308,-0.00255887386364795,0,0,0,0,0,0,0,0,0,0,0,0
17.7642517976039,0.498872993900803,0.00315708286580916,-0.00632372795811959,0.199549197560322,0.00126283314632393,-0.00252949118324782,0,0,0,0,0,0,0,0,0,0,0,0
17.7742551297337,0.498904260075722,0.00309419142103622,-0.00625039163614213,0.199561704030289,0.00123767656841494,-0.00250015665445697,0,0,0,0,0,0,0,0,0,0,0,0
17.7842584618635,0.49893490079382,0.00303203296024055,-0.00617718085735151,0.199573960317528,0.00121281318409645,-0.00247087234294069,0,0,0,0,0,0,0,0,0,0,0,0
17.7942617939932,0.498964923381009,0.00297060620163191,-0.00610410081191382,0.199585969352403,0.00118824248065349,-0.00244164032476573,0,0,0,0,0,0,0,0,0,0,0,0
17.804265126123,0.498994335150122,0.00290990981137539,-0.00603115671604212,0.199597734060048,0.00116396392455075,-0.00241246268641707,0,0,0,0,0,0,0,0,0,0,0,0
17.8142684582528,0.499023143400388,0.00284994240332429,-0.00595835381204247,0.199609257360155,0.00113997696133004,-0.00238334152481703,0,0,0,0,0,0,0,0,0,0,0,0
17.8242717903826,0.499051355416904,0.00279070253875795,-0.00588569736835855,0.199620542166761,0.00111628101550355,-0.00235427894734359,0,0,0,0,0,0,0,0,0,0,0,0
17.8342751225124,0.499078978470111,0.0027321887261269,-0.00581319267961906,0.199631591388045,0.00109287549045053,-0.00232527707184755,0,0,0,0,0,0,0,0,0,0,0,0
17.8442784546422,0.499106019815274,0.00267439942078293,-0.00574084506667955,0.19964240792611,0.00106975976831336,-0.00229633802667179,0,0,0,0,0,0,0,0,0,0,0,0
17.8542817867719,0.499132486691926,0.00261733302472475,-0.00566865987667207,0.199652994676771,0.00104693320988972,-0.00226746395066898,0,0,0,0,0,0,0,0,0,0,0,0
17.8642851189017,0.499158386323356,0.0025609878863239,-0.00559664248304799,0.199663354529343,0.0010243951545297,-0.00223865699321925,0,0,0,0,0,0,0,0,0,0,0,0
17.8742884510315,0.499183725916053,0.00250536230007501,-0.00552479828562398,0.199673490366422,0.00100214492003014,-0.00220991931424946,0,0,0,0,0,0,0,0,0,0,0,0
17.8842917831613,0.499208512659185,0.00245045450631853,-0.00545313271062779,0.199683405063676,0.000980181802527459,-0.00218125308425136,0,0,0,0,0,0,0,0,0,0,0,0
17.8942951152911,0.49923275372404,0.00239626269098594,-0.00538165121074395,0.199693101489616,0.000958505076394375,-0.00215266048429758,0,0,0,0,0,0,0,0,0,0,0,0
17.9042984474209,0.499256456263487,0.00234278498532748,-0.00531035926515727,0.199702582505395,0.000937113994130992,-0.00212414370606308,0,0,0,0,0,0,0,0,0,0,0,0
17.9143017795506,0.499279627411425,0.00229001946565519,-0.00523926237960227,0.19971185096457,0.000916007786262357,-0.00209570495184094,0,0,0,0,0,0,0,0,0,0,0,0
17.9243051116804,0.499302274282234,0.00223796415306967,-0.00516836608640409,0.199720909712894,0.000895185661228428,-0.00206734643456162,0,0,0,0,0,0,0,0,0,0,0,0
17.9343084438102,0.499324403970228,0.00218661701319801,-0.00509767594452721,0.199729761588092,0.000874646805278971,-0.00203907037781103,0,0,0,0,0,0,0,0,0,0,0,0
17.94431177594,0.499346023549083,0.002135975955922,-0.00502719753961992,0.199738409419634,0.000854390382368989,-0.00201087901584816,0,0,0,0,0,0,0,0,0,0,0,0
17.9543151080698,0.499367140071289,0.00208603883511887,-0.00495693648405891,0.199746856028516,0.000834415534047877,-0.00198277459362358,0,0,0,0,0,0,0,0,0,0,0,0
17.9643184401996,0.49938776056759,0.00203680344838999,-0.00488689841699531,0.199755104227036,0.000814721379356136,-0.00195475936679807,0,0,0,0,0,0,0,0,0,0,0,0
17.9743217723293,0.499407892046411,0.0019882675367876,-0.00481708900440102,0.199763156818564,0.000795307014715087,-0.00192683560176026,0,0,0,0,0,0,0,0,0,0,0,0
17.9843251044591,0.499427541493303,0.00194042878455432,-0.00474751393911312,0.199771016597321,0.000776171513822296,-0.00189900557564536,0,0,0,0,0,0,0,0,0,0,0,0
17.9943284365889,0.499446715870356,0.00189328481885323,-0.00467817894087981,0.199778686348143,0.000757313927541386,-0.00187127157635208,0,0,0,0,0,0,0,0,0,0,0,0
18.0043317687187,0.499465422115651,0.00184683320948992,-0.0046090897564054,0.19978616884626,0.000738733283795921,-0.00184363590256221,0,0,0,0,0,0,0,0,0,0,0,0
18.0143351008485,0.499483667142656,0.00180107146865305,-0.00454025215939637,0.199793466857063,0.000720428587461219,-0.00181610086375862,0,0,0,0,0,0,0,0,0,0,0,0
18.0243384329783,0.499501457839677,0.00175599705063876,-0.00447167195060579,0.199800583135871,0.000702398820255744,-0.00178866878024236,0,0,0,0,0,0,0,0,0,0,0,0
18.034341765108,0.499518801069252,0.00171160735158328,-0.00440335495788081,0.199807520427702,0.000684642940633265,-0.00176134198315221,0,0,0,0,0,0,0,0,0,0,0,0
18.0443450972378,0.499535703667589,0.00166789970918109,-0.00433530703620569,0.199814281467036,0.000667159883673156,-0.00173412281448256,0,0,0,0,0,0,0,0,0,0,0,0
18.0543484293676,0.499552172443966,0.00162487140243386,-0.00426753406774909,0.199820868977587,0.00064994856097364,-0.00170701362709987,0,0,0,0,0,0,0,0,0,0,0,0
18.0643517614974,0.499568214180145,0.00158251965135479,-0.00420004196190929,0.19982728567206,0.000633007860542204,-0.00168001678476376,0,0,0,0,0,0,0,0,0,0,0,0
18.0743550936272,0.499583835629789,0.00154084161671279,-0.00413283665535681,0.199833534251917,0.000616336646685357,-0.00165313466214263,0,0,0,0,0,0,0,0,0,0,0,0
18.084358425757,0.499599043517859,0.00149983439975125,-0.00406592411208416,0.199839617407143,0.000599933759900841,-0.00162636964483361,0,0,0,0,0,0,0,0,0,0,0,0
18.0943617578867,0.499613844540017,0.00145949504192034,-0.00399931032345014,0.199845537816006,0.000583798016768234,-0.00159972412938,0,0,0,0,0,0,0,0,0,0,0,0
18.1043650900165,0.499628245362031,0.00141982052459329,-0.00393300130822245,0.199851298144812,0.000567928209837656,-0.00157320052328916,0,0,0,0,0,0,0,0,0,0,0,0
18.1143684221463,0.499642252619174,0.00138080776880657,-0.0038670031126273,0.19985690104767,0.000552323107522676,-0.00154680124505086,0,0,0,0,0,0,0,0,0,0,0,0
18.1243717542761,0.499655872915614,0.00134245363496894,-0.00380132181039089,0.199862349166245,0.000536981453987431,-0.00152052872415639,0,0,0,0,0,0,0,0,0,0,0,0
18.1343750864059,0.499669112823809,0.00130475492259832,-0.00373596350278798,0.199867645129523,0.000521901969039424,-0.00149438540111515,0,0,0,0,0,0,0,0,0,0,0,0
18.1443784185357,0.49968197888389,0.00126770837004105,-0.00367093431868626,0.199872791553557,0.000507083348016271,-0.00146837372747442,0,0,0,0,0,0,0,0,0,0,0,0
18.1543817506654,0.499694477603064,0.00123131065419621,-0.00360624041459025,0.199877791041225,0.000492524261678633,-0.00144249616583626,0,0,0,0,0,0,0,0,0,0,0,0
18.1643850827952,0.499706615454977,0.00119555839023742,-0.0035418879746901,0.199882646181992,0.000478223356095115,-0.0014167551898761,0,0,0,0,0,0,0,0,0,0,0,0
18.174388414925,0.499718398879116,0.0011604481313371,-0.0034778832109043,0.199887359551647,0.000464179252535582,-0.00139115328436161,0,0,0,0,0,0,0,0,0,0,0,0
18.1843917470548,0.499729834280169,0.00112597636839388,-0.00341423236292489,0.199891933712067,0.000450390547357404,-0.0013656929451699,0,0,0,0,0,0,0,0,0,0,0,0
18.1943950791846,0.49974092802741,0.00109213952974065,-0.00335094169826632,0.199896371210964,0.000436855811896459,-0.00134037667930639,0,0,0,0,0,0,0,0,0,0,0,0
18.2043984113144,0.499751686454071,0.00105893398088286,-0.00328801751230722,0.199900674581629,0.000423573592353743,-0.00131520700492299,0,0,0,0,0,0,0,0,0,0,0,0
18.2144017434441,0.499762115856716,0.00102635602420917,-0.00322546612833649,0.199904846342687,0.000410542409683768,-0.00129018645133472,0,0,0,0,0,0,0,0,0,0,0,0
18.2244050755739,0.499772222494596,0.000994401898709969,-0.00316329389760117,0.199908888997839,0.00039776075948479,-0.00126531755904045,0,0,0,0,0,0,0,0,0,0,0,0
18.2344084077037,0.499782012589026,0.000963067779710513,-0.0031015071993495,0.19991280503561,0.000385227111884356,-0.00124060287973987,0,0,0,0,0,0,0,0,0,0,0,0
18.2444117398335,0.499791492322741,0.000932349778576571,-0.00304011244087694,0.199916596929097,0.000372939911430679,-0.00121604497635078,0,0,0,0,0,0,0,0,0,0,0,0
18.2544150719633,0.499800667839256,0.000902243942439124,-0.00297911605757243,0.199920267135702,0.000360897576975549,-0.00119164642302893,0,0,0,0,0,0,0,0,0,0,0,0
18.2644184040931,0.499809545242218,0.000872746253913114,-0.00291852451296184,0.199923818096888,0.000349098501565347,-0.00116740980518474,0,0,0,0,0,0,0,0,0,0,0,0
18.2744217362229,0.499818130594769,0.000843852630820305,-0.00285834429875619,0.199927252237908,0.000337541052327869,-0.00114333771950235,0,0,0,0,0,0,0,0,0,0,0,0
18.2844250683526,0.499826429918888,0.000815558925893963,-0.00279858193489493,0.199930571967556,0.000326223570358195,-0.00111943277395814,0,0,0,0,0,0,0,0,0,0,0,0
18.2944284004824,0.49983444919474,0.000787860926514477,-0.00273924396959301,0.199933779677895,0.000315144370606147,-0.00109569758783728,0,0,0,0,0,0,0,0,0,0,0,0
18.3044317326122,0.499842194360018,0.000760754354411091,-0.00268033697938533,0.199936877744006,0.00030430174176459,-0.00107213479175415,0,0,0,0,0,0,0,0,0,0,0,0
18.314435064742,0.499849671309295,0.000734234865382917,-0.00262186756917148,0.199939868523718,0.000293693946153474,-0.00104874702766867,0,0,0,0,0,0,0,0,0,0,0,0
18.3244383968718,0.499856885893352,0.000708298049020077,-0.00256384237226257,0.199942754357341,0.000283319219608031,-0.00102553694890505,0,0,0,0,0,0,0,0,0,0,0,0
18.3344417290016,0.499863843918525,0.000682939428412634,-0.00250626805042715,0.199945537567409,0.000273175771365516,-0.00100250722017069,0,0,0,0,0,0,0,0,0,0,0,0
18.3444450611313,0.499870551146025,0.000658154459867734,-0.00244915129393404,0.19994822045841,0.00026326178394766,-0.000979660517573586,0,0,0,0,0,0,0,0,0,0,0,0
18.3544483932611,0.499877013291282,0.000633938532626843,-0.00239249882160088,0.199950805316512,0.000253575413051151,-0.000956999528640368,0,0,0,0,0,0,0,0,0,0,0,0
18.3644517253909,0.499883236023257,0.000610286968577906,-0.00233631738083789,0.199953294409302,0.000244114787431266,-0.000934526952335219,0,0,0,0,0,0,0,0,0,0,0,0
18.3744550575207,0.499889224963783,0.000587195021964935,-0.00228061374769318,0.199955689985513,0.000234878008786078,-0.000912245499077348,0,0,0,0,0,0,0,0,0,0,0,0
18.3844583896505,0.499894985686885,0.000564657879111668,-0.00222539472689925,0.199957994274755,0.000225863151645135,-0.000890157890759562,0,0,0,0,0,0,0,0,0,0,0,0
18.3944617217803,0.499900523718083,0.000542670658125608,-0.0021706671519176,0.199960209487233,0.000217068263249931,-0.000868266860766995,0,0,0,0,0,0,0,0,0,0,0,0
18.40446505391,0.49990584453373,0.000521228408607775,-0.00211643788498364,0.199962337813492,0.000208491363443006,-0.00084657515399358,0,0,0,0,0,0,0,0,0,0,0,0
18.4144683860398,0.499910953560305,0.000500326111376611,-0.00206271381715482,0.199964381424122,0.000200130444551168,-0.000825085526861865,0,0,0,0,0,0,0,0,0,0,0,0
18.4244717181696,0.499915856173742,0.000479958678174811,-0.00200950186835237,0.199966342469498,0.000191983471270344,-0.00080380074734104,0,0,0,0,0,0,0,0,0,0,0,0
18.4344750502994,0.499920557698722,0.000460120951369327,-0.00195680898740984,0.19996822307949,0.000184048380547889,-0.000782723594964031,0,0,0,0,0,0,0,0,0,0,0,0
18.4444783824292,0.499925063407988,0.000440807703675532,-0.00190464215211705,0.199970025363196,0.000176323081471003,-0.000761856860846929,0,0,0,0,0,0,0,0,0,0,0,0
18.454481714559,0.499929378521644,0.00042201363786844,-0.00185300836926501,0.199971751408658,0.000168805455147112,-0.000741203347706082,0,0,0,0,0,0,0,0,0,0,0,0
18.4644850466887,0.499933508206444,0.000403733386472313,-0.00180191467469299,0.199973403282579,0.000161493354589031,-0.000720765869877133,0,0,0,0,0,0,0,0,0,0,0,0
18.4744883788185,0.499937457575117,0.000385961511496231,-0.00175136813333335,0.199974983030046,0.000154384604599447,-0.00070054725333345,0,0,0,0,0,0,0,0,0,0,0,0
18.4844917109483,0.499941231685613,0.000368692504129677,-0.00170137583925587,0.199976492674247,0.000147477001652562,-0.00068055033570241,0,0,0,0,0,0,0,0,0,0,0,0
18.4944950430781,0.499944835540447,0.000351920784447623,-0.00165194491571638,0.199977934216179,0.000140768313778996,-0.000660777966286424,0,0,0,0,0,0,0,0,0,0,0,0
18.5044983752079,0.499948274085936,0.000335640701121525,-0.00160308251519622,0.199979309634376,0.00013425628044893,-0.000641233006078677,0,0,0,0,0,0,0,0,0,0,0,0
18.5145017073377,0.499951552211527,0.000319846531134181,-0.0015547958194548,0.19998062088461,0.000127938612453458,-0.000621918327782172,0,0,0,0,0,0,0,0,0,0,0,0
18.5245050394674,0.499954674749038,0.000304532479472789,-0.0015070920395711,0.199981869899615,0.000121812991788955,-0.00060283681582863,0,0,0,0,0,0,0,0,0,0,0,0
18.5345083715972,0.499957646471969,0.000289692678848777,-0.00145997841598852,0.199983058588789,0.000115877071539672,-0.000583991366395407,0,0,0,0,0,0,0,0,0,0,0,0
18.544511703727,0.499960472094766,0.000275321189396337,-0.00141346221856331,0.199984188837907,0.000110128475758804,-0.000565384887425181,0,0,0,0,0,0,0,0,0,0,0,0
18.5545150358568,0.499963156272088,0.000261411998377437,-0.00136755074660546,0.199985262508834,0.000104564799351785,-0.000547020298642391,0,0,0,0,0,0,0,0,0,0,0,0
18.5645183679866,0.499965703598076,0.000247959019893938,-0.00132225132893081,0.199986281439229,9.91836079572504e-05,-0.00052890053157269,0,0,0,0,0,0,0,0,0,0,0,0
18.5745217001164,0.499968118605636,0.000234956094580369,-0.00127757132390015,0.199987247442254,9.39824378321475e-05,-0.00051102852956041,0,0,0,0,0,0,0,0,0,0,0,0
18.5845250322461,0.499970405765676,0.000222396989320553,-0.00123351811946803,0.199988162306272,8.89587957282756e-05,-0.000493407247787227,0,0,0,0,0,0,0,0,0,0,0,0
18.5945283643759,0.499972569486402,0.000210275396943784,-0.00119009913322645,0.199989027794561,8.41101587781127e-05,-0.000476039653290739,0,0,0,0,0,0,0,0,0,0,0,0
18.6045316965057,0.499974614112536,0.000198584935932457,-0.00114732181245337,0.199989845645016,7.94339743731466e-05,-0.000458928724981459,0,0,0,0,0,0,0,0,0,0,0,0
18.6145350286355,0.499976543924605,0.000187319150118914,-0.00110519363415415,0.199990617569842,7.49276600477297e-05,-0.000442077453661787,0,0,0,0,0,0,0,0,0,0,0,0
18.6245383607653,0.49997836313817,0.000176471508394906,-0.00106372210510958,0.199991345255267,7.0588603358401e-05,-0.000425488842043639,0,0,0,0,0,0,0,0,0,0,0,0
18.6345416928951,0.499980075903081,0.000166035404409159,-0.00102291476191941,0.199992030361234,6.64141617635539e-05,-0.000409165904767992,0,0,0,0,0,0,0,0,0,0,0,0
18.6445450250248,0.499981686302736,0.000156004156271041,-0.000982779171052484,0.199992674521096,6.24016625081411e-05,-0.000393111668421139,0,0,0,0,0,0,0,0,0,0,0,0
18.6545483571546,0.499983198353304,0.000146371006244406,-0.000943322928886529,0.199993279341324,5.85484024983144e-05,-0.000377329171554563,0,0,0,0,0,0,0,0,0,0,0,0
18.6645516892844,0.499984616002975,0.00013712912046801,-0.000904553661754778,0.199993846401192,5.4851648186872e-05,-0.000361821464702073,0,0,0,0,0,0,0,0,0,0,0,0
18.6745550214142,0.499985943131194,0.000128271588624165,-0.000866479025993983,0.199994377252479,5.13086354499986e-05,-0.000346591610397739,0,0,0,0,0,0,0,0,0,0,0,0
18.684558353544,0.499987183547897,0.000119791423668758,-0.000829106707989246,0.199994873419162,4.79165694682254e-05,-0.000331642683195698,0,0,0,0,0,0,0,0,0,0,0,0
18.6945616856738,0.49998834099275,0.000111681561516108,-0.000792444424217038,0.199995336397101,4.46726246066659e-05,-0.00031697776968688,0,0,0,0,0,0,0,0,0,0,0,0
18.7045650178035,0.499989419134354,0.000103934860733786,-0.000756499921293417,0.199995767653742,4.15739442936817e-05,-0.000302599968517432,0,0,0,0,0,0,0,0,0,0,0,0
18.7145683499333,0.499990421569494,9.65441022497871e-05,-0.00072128097601688,0.199996168627798,3.86176409004742e-05,-0.00028851239040698,0,0,0,0,0,0,0,0,0,0,0,0
18.7245716820631,0.499991351822343,8.95019890498444e-05,-0.000686795395416918,0.199996540728937,3.5800795620218e-05,-0.000274718158166816,0,0,0,0,0,0,0,0,0,0,0,0
18.7345750141929,0.499992213343695,8.28011458669682e-05,-0.000653051016797684,0.199996885337477,3.31204583467311e-05,-0.000261220406719057,0,0,0,0,0,0,0,0,0,0,0,0
18.7445783463227,0.499993009510168,7.64341188850737e-05,-0.000620055707781484,0.199997203804067,3.05736475543673e-05,-0.00024802228311279,0,0,0,0,0,0,0,0,0,0,0,0
18.7545816784525,0.499993743623433,7.03933754349026e-05,-0.000587817366359799,0.199997497449372,2.81573501746381e-05,-0.000235126946544051,0,0,0,0,0,0,0,0,0,0,0,0
18.7645850105822,0.499994418909399,6.46713036911808e-05,-0.000556343920933504,0.19999776756376,2.58685214768682e-05,-0.000222537568373517,0,0,0,0,0,0,0,0,0,0,0,0
18.774588342712,0.499995038517446,5.92602123580016e-05,-0.000525643330358156,0.199998015406978,2.37040849435973e-05,-0.000210257332143624,0,0,0,0,0,0,0,0,0,0,0,0
18.7845916748418,0.499995605519613,5.41523303820182e-05,-0.00049572358399553,0.199998242207844,2.16609321531481e-05,-0.000198289433598311,0,0,0,0,0,0,0,0,0,0,0,0
18.7945950069716,0.499996122909806,4.93398066272832e-05,-0.000466592701751846,0.19999844916392,1.97359226515394e-05,-0.000186637080700705,0,0,0,0,0,0,0,0,0,0,0,0
18.8045983391014,0.499996593602977,4.48147095881629e-05,-0.000438258734126839,0.199998637441191,1.79258838355504e-05,-0.000175303493650901,0,0,0,0,0,0,0,0,0,0,0,0
18.8146016712312,0.499997020434352,4.05690270660268e-05,-0.000410729762260547,0.199998808173741,1.62276108265251e-05,-0.000164291904904384,0,0,0,0,0,0,0,0,0,0,0,0
18.824605003361,0.499997406158597,3.6594665875623e-05,-0.000384013897974471,0.199998962463439,1.46378663502492e-05,-0.000153605559190054,0,0,0,0,0,0,0,0,0,0,0,0
18.8346083354907,0.499997753449005,3.28834515270567e-05,-0.000358119283821162,0.199999101379601,1.31533806117988e-05,-0.000143247713528647,0,0,0,0,0,0,0,0,0,0,0,0
18.8446116676205,0.4999980648967,2.94271279353659e-05,-0.000333054093127533,0.19999922595868,1.17708511742039e-05,-0.000133221637251013,0,0,0,0,0,0,0,0,0,0,0,0
18.8546149997503,0.499998343009797,2.62173570883483e-05,-0.000308826530040813,0.19999933720392,1.0486942835224e-05,-0.000123530612016375,0,0,0,0,0,0,0,0,0,0,0,0
18.8646183318801,0.499998590212609,2.32457187569617e-05,-0.000285444829573668,0.199999436085045,9.29828750336258e-06,-0.000114177931829767,0,0,0,0,0,0,0,0,0,0,0,0
18.8746216640099,0.499998808844787,2.05037101777174e-05,-0.000262917257650993,0.199999523537916,8.20148407166611e-06,-0.000105166903060631,0,0,0,0,0,0,0,0,0,0,0,0
18.8846249961396,0.499999001160524,1.79827457501774e-05,-0.000241252111152704,0.19999960046421,7.1930983000129e-06,-9.65008444613324e-05,0,0,0,0,0,0,0,0,0,0,0,0
18.8946283282694,0.499999169327707,1.56741567131471e-05,-0.0002204577179632,0.199999667731084,6.26966268595683e-06,-8.81830871853469e-05,0,0,0,0,0,0,0,0,0,0,0,0
18.9046316603992,0.499999315427089,1.35691908557911e-05,-0.00020054243701231,0.199999726170837,5.42767634260791e-06,-8.02169748049408e-05,0,0,0,0,0,0,0,0,0,0,0,0
18.914634992529,0.499999441451469,1.16590121847593e-05,-0.000181514658323256,0.199999776580588,4.66360487372848e-06,-7.26058633293526e-05,0,0,0,0,0,0,0,0,0,0,0,0
18.9246383246588,0.499999549304811,9.9347006239418e-06,-0.000163382803059119,0.199999819721923,3.97388025010363e-06,-6.53531212239838e-05,0,0,0,0,0,0,0,0,0,0,0,0
18.9346416567886,0.499999640801437,8.38725170980551e-06,-0.000146155323565951,0.199999856320575,3.35490068427424e-06,-5.84621294266499e-05,0,0,0,0,0,0,0,0,0,0,0,0
18.9446449889184,0.49999971766518,7.00757626226055e-06,-0.000129840703419913,0.199999887066072,2.80303050508061e-06,-5.19362813678639e-05,0,0,0,0,0,0,0,0,0,0,0,0
18.9546483210481,0.499999781528514,5.78650008313506e-06,-0.000114447457469861,0.199999912611404,2.31460003260585e-06,-4.57789829880965e-05,0,0,0,0,0,0,0,0,0,0,0,0
18.9646516531779,0.499999833931717,4.71476363957705e-06,-9.9984131888377e-05,0.199999933572686,1.88590545648039e-06,-3.99936527555369e-05,0,0,0,0,0,0,0,0,0,0,0,0
18.9746549853077,0.499999876322018,3.78302175938319e-06,-8.64593042116545e-05,0.199999950528807,1.51320870398999e-06,-3.45837216847804e-05,0,0,0,0,0,0,0,0,0,0,0,0
18.9846583174375,0.499999910052727,2.98184329811363e-06,-7.38815833876587e-05,0.199999964021091,1.1927373197792e-06,-2.95526333553519e-05,0,0,0,0,0,0,0,0,0,0,0,0
18.9946616495673,0.499999936382388,2.30171084295081e-06,-6.2259609820567e-05,0.199999974552955,9.20684337418056e-07,-2.49038439284476e-05,0,0,0,0,0,0,0,0,0,0,0,0
19.0046649816971,0.499999956473892,1.73302038894231e-06,-5.16020554182648e-05,0.199999982589556,6.93208156112967e-07,-2.06408221672379e-05,0,0,0,0,0,0,0,0,0,0,0,0
19.0146683138268,0.499999971393639,1.266081026612e-06,-4.19176236340659e-05,0.199999988557454,5.0643241070449e-07,-1.67670494536945e-05,0,0,0,0,0,0,0,0,0,0,0,0
19.0246716459566,0.499999982110639,8.91114620780585e-07,-3.32150495169318e-05,0.199999992844254,3.56445848312234e-07,-1.32860198069433e-05,0,0,0,0,0,0,0,0,0,0,0,0
19.0346749780864,0.499999989495659,5.98255504447665e-07,-2.55030997514801e-05,0.199999995798263,2.39302201539289e-07,-1.02012399008483e-05,0,0,0,0,0,0,0,0,0,0,0,0
19.0446783102162,0.499999994320335,3.77550150123016e-07,-1.87905727088964e-05,0.199999997728135,1.51020060589859e-07,-7.51622908364412e-06,0,0,0,0,0,0,0,0,0,0,0,0
19.054681642346,0.499999997256296,2.1895686523159e-07,-1.30862984881273e-05,0.199999998902519,8.75827463936406e-08,-5.23451939535373e-06,0,0,0,0,0,0,0,0,0,0,0,0
19.0646849744758,0.49999999887427,1.12345463697075e-07,-8.39913896458548e-06,0.199999999549709,4.49381847548752e-08,-3.35965558605724e-06,0,0,0,0,0,0,0,0,0,0,0,0
19.0746883066055,0.499999999643219,4.74969472098382e-08,-4.73798783304115e-06,0.199999999857288,1.89987794280608e-08,-1.89519513338828e-06,0,0,0,0,0,0,0,0,0,0,0,0
19.0846916387353,0.499999999929426,1.41032029966686e-08,-2.1117706537608e-06,0.199999999971771,5.6412819863036e-09,-8.44708261831244e-07,0,0,0,0,0,0,0,0,0,0,0,0
19.0946949708651,0.499999999995609,1.76666734357466e-09,-5.29444898823886e-07,0.199999999998241,7.06667241012773e-10,-2.1177795978802e-07,0,0,0,0,0,0,0,0,0,0,0,0
19.1046983029949,0.500000000000024,8.51843292034755e-15,2.07066149870816e-15,0.20000000000001,3.65075696586323e-15,9.49053186907908e-16,0,0,0,0,0,0,0,0,0,0,0,0
