t,x,vx,ax,y,vy,ay,z,vz,az,roll,wx,alphax,pitch,wy,alphay,yaw,wz,alphaz

0,0,0,0,0,0,0,0,0,0,0,0,0,0,0,0,0,0,0
0.0100010813470127,1.9645588101918e-12,7.8546545864715e-10,2.35477650744349e-07,0,0,0,0,0,0,0,0,0,0,0,0,0,0,0
0.0200021626940255,3.13892613593707e-11,6.27280811226337e-09,9.39728676409845e-07,0,0,0,0,0,0,0,0,0,0,0,0,0,0,0
0.0300032440410382,1.58687221138015e-10,2.11339300626019e-08,2.10948729944249e-06,0,0,0,0,0,0,0,0,0,0,0,0,0,0,0
0.040004325388051,5.00832458391924e-10,5.00081194900509e-08,3.74149721655344e-06,0,0,0,0,0,0,0,0,0,0,0,0,0,0,0
0.0500054067350637,1.22103419927398e-09,9.75021453515373e-08,5.83251158772163e-06,0,0,0,0,0,0,0,0,0,0,0,0,0,0,0
0.0600064880820764,2.52841212152738e-09,1.68190351968444e-07,8.37929302519634e-06,0,0,0,0,0,0,0,0,0,0,0,0,0,0,0
0.0700075694290892,4.67767254560029e-09,2.66614753504543e-07,1.13786135824998e-05,0,0,0,0,0,0,0,0,0,0,0,0,0,0,0
0.0800086507761019,7.96878557009207e-09,3.9728512833394e-07,1.48272547434298e-05,0,0,0,0,0,0,0,0,0,0,0,0,0,0,0
0.0900097321231147,1.27466631504309e-08,5.64679113299034e-07,1.87220074110623e-05,0,0,0,0,0,0,0,0,0,0,0,0,0,0,0
0.100010813470127,1.94008381196831e-08,7.73242297858491e-07,2.30596718967539e-05,0,0,0,0,0,0,0,0,0,0,0,0,0,0,0
0.11001189481714,2.83651441503939e-08,1.02738831812523e-06,2.78370579091446e-05,0,0,0,0,0,0,0,0,0,0,0,0,0,0,0
0.120012976164153,4.01173966563596e-08,1.33149895079445e-06,3.30509845431602e-05,0,0,0,0,0,0,0,0,0,0,0,0,0,0,0
0.130014057511166,5.51790746332318e-08,1.68992420696158e-06,3.86982802690153e-05,0,0,0,0,0,0,0,0,0,0,0,0,0,0,0
0.140015138858178,7.4115003436853e-08,2.1069824258304e-06,4.47757829212154e-05,0,0,0,0,0,0,0,0,0,0,0,0,0,0,0
0.150016220205191,9.75330384982235e-08,2.586960368311e-06,5.12803396875596e-05,0,0,0,0,0,0,0,0,0,0,0,0,0,0,0
0.160017301552204,1.26083749974001e-07,3.1341133105079e-06,5.82088070981435e-05,0,0,0,0,0,0,0,0,0,0,0,0,0,0,0
0.170018382899217,1.60460108331429e-07,3.75266513709809e-06,6.55580510143615e-05,0,0,0,0,0,0,0,0,0,0,0,0,0,0,0
0.180019464246229,2.01397170866603e-07,4.44680843459914e-06,7.33249466179096e-05,0,0,0,0,0,0,0,0,0,0,0,0,0,0,0
0.190020545593242,2.49671769154961e-07,5.22070458452725e-06,8.15063783997877e-05,0,0,0,0,0,0,0,0,0,0,0,0,0,0,0
0.200021626940255,3.06102197432912e-07,6.07848385644544e-06,9.00992401493025e-05,0,0,0,0,0,0,0,0,0,0,0,0,0,0,0
0.210022708287268,3.71547901909489e-07,7.02424550090161e-06,9.91004349430699e-05,0,0,0,0,0,0,0,0,0,0,0,0,0,0,0
0.22002378963428,4.46909171006944e-07,8.06205784225672e-06,0.000108506875134018,0,0,0,0,0,0,0,0,0,0,0,0,0,0,0
0.230024870981293,5.33126826529166e-07,9.19595837140294e-06,0.000118315482340388,0,0,0,0,0,0,0,0,0,0,0,0,0,0,0
0.240025952328306,6.31181915756834e-07,1.04299538383718e-05,0.000128523187434741,0,0,0,0,0,0,0,0,0,0,0,0,0,0,0
0.250027033675318,7.42095404468204e-07,1.17680203448325e-05,0.000139126930532954,0,0,0,0,0,0,0,0,0,0,0,0,0,0,0
0.260028115022331,8.66927870884421e-07,1.32141034364797e-05,0.000150123660983229,0,0,0,0,0,0,0,0,0,0,0,0,0,0,0
0.270029196369344,1.00677920053827e-06,1.47721181953125e-05,0.000161510337355093,0,0,0,0,0,0,0,0,0,0,0,0,0,0,0
0.280030277716357,1.16278828206527e-06,1.64459493318018e-05,0.000173283927428398,0,0,0,0,0,0,0,0,0,0,0,0,0,0,0
0.290031359063369,1.33613270391595e-06,1.82394512769491e-05,0.000185441408182328,0,0,0,0,0,0,0,0,0,0,0,0,0,0,0
0.300032440410382,1.52802845198834e-06,2.01564482742346e-05,0.000197979765784399,0,0,0,0,0,0,0,0,0,0,0,0,0,0,0
0.310033521757395,1.73972960817942e-06,2.22007344714554e-05,0.000210895995579463,0,0,0,0,0,0,0,0,0,0,0,0,0,0,0
0.320034603104408,1.97252804985451e-06,2.4376074012454e-05,0.000224187102078708,0,0,0,0,0,0,0,0,0,0,0,0,0,0,0
0.33003568445142,2.22775315023357e-06,2.66862011287363e-05,0.000237850098948664,0,0,0,0,0,0,0,0,0,0,0,0,0,0,0
0.340036765798433,2.50677147969311e-06,2.913482023098e-05,0.000251882009000204,0,0,0,0,0,0,0,0,0,0,0,0,0,0,0
0.350037847145446,2.81098650798283e-06,3.17256060004332e-05,0.000266279864177545,0,0,0,0,0,0,0,0,0,0,0,0,0,0,0
0.360038928492459,3.14183830735575e-06,3.44622034802023e-05,0.000281040705547254,0,0,0,0,0,0,0,0,0,0,0,0,0,0,0
0.370040009839471,3.50080325661076e-06,3.73482281664308e-05,0.000296161583287248,0,0,0,0,0,0,0,0,0,0,0,0,0,0,0
0.380041091186484,3.88939374604657e-06,4.03872660993673e-05,0.000311639556675797,0,0,0,0,0,0,0,0,0,0,0,0,0,0,0
0.390042172533497,4.30915788332577e-06,4.35828739543239e-05,0.000327471694080528,0,0,0,0,0,0,0,0,0,0,0,0,0,0,0
0.40004325388051,4.76167920024817e-06,4.69385791325251e-05,0.000343655072947425,0,0,0,0,0,0,0,0,0,0,0,0,0,0,0
0.410044335227522,5.24857636043205e-06,5.04578798518453e-05,0.000360186779789835,0,0,0,0,0,0,0,0,0,0,0,0,0,0,0
0.420045416574535,5.77150286790239e-06,5.41442452374383e-05,0.000377063910177467,0,0,0,0,0,0,0,0,0,0,0,0,0,0,0
0.430046497921548,6.33214677658497e-06,5.80011154122548e-05,0.000394283568725398,0,0,0,0,0,0,0,0,0,0,0,0,0,0,0
0.440047579268561,6.93223040070511e-06,6.20319015874514e-05,0.000411842869083072,0,0,0,0,0,0,0,0,0,0,0,0,0,0,0
0.450048660615573,7.57351002609016e-06,6.62399861526888e-05,0.000429738933923307,0,0,0,0,0,0,0,0,0,0,0,0,0,0,0
0.460049741962586,8.25777562237439e-06,7.06287227663205e-05,0.000447968894931292,0,0,0,0,0,0,0,0,0,0,0,0,0,0,0
0.470050823309599,8.98685055610543e-06,7.52014364454712e-05,0.000466529892793596,0,0,0,0,0,0,0,0,0,0,0,0,0,0,0
0.480051904656611,9.762591304751e-06,7.99614236560052e-05,0.000485419077187166,0,0,0,0,0,0,0,0,0,0,0,0,0,0,0
0.490052986003624,1.05868871716048e-05,8.4911952402385e-05,0.000504633606768329,0,0,0,0,0,0,0,0,0,0,0,0,0,0,0
0.500054067350637,1.14616600015907e-05,9.00562623174199e-05,0.000524170649161799,0,0,0,0,0,0,0,0,0,0,0,0,0,0,0
0.51005514869765,1.23888638979638e-05,9.53975647519045e-05,0.000544027380949676,0,0,0,0,0,0,0,0,0,0,0,0,0,0,0
0.520056230044662,1.33704849399074e-05,0.000100939042864147,0.00056420098766045,0,0,0,0,0,0,0,0,0,0,0,0,0,0,0
0.530057311391675,1.4408540901025e-05,0.000106683851709389,0.000584688663758005,0,0,0,0,0,0,0,0,0,0,0,0,0,0,0
0.540058392738688,1.5505080968726e-05,0.000112635118329112,0.000605487612630615,0,0,0,0,0,0,0,0,0,0,0,0,0,0,0
0.550059474085701,1.66621854645038e-05,0.000118795941840237,0.000626595046579956,0,0,0,0,0,0,0,0,0,0,0,0,0,0,0
0.560060555432713,1.78819655651055e-05,0.000125169393524214,0.000648008186810104,0,0,0,0,0,0,0,0,0,0,0,0,0,0,0
0.570061636779726,1.91665630245924e-05,0.000131758516916,0.000669724263416534,0,0,0,0,0,0,0,0,0,0,0,0,0,0,0
0.580062718126739,2.05181498972892e-05,0.000138566327892927,0.00069174051537513,0,0,0,0,0,0,0,0,0,0,0,0,0,0,0
0.590063799473752,2.19389282616222e-05,0.000145595814763462,0.000714054190531181,0,0,0,0,0,0,0,0,0,0,0,0,0,0,0
0.600064880820764,2.3431129944844e-05,0.000152849938355854,0.000736662545588389,0,0,0,0,0,0,0,0,0,0,0,0,0,0,0
0.610065962167777,2.4997016248644e-05,0.000160331632106673,0.000759562846097868,0,0,0,0,0,0,0,0,0,0,0,0,0,0,0
0.62006704351479,2.66388776756453e-05,0.000168043802149241,0.000782752366447147,0,0,0,0,0,0,0,0,0,0,0,0,0,0,0
0.630068124861803,2.83590336567833e-05,0.000175989327401948,0.000806228389849174,0,0,0,0,0,0,0,0,0,0,0,0,0,0,0
0.640069206208815,3.0159832279569e-05,0.000184171059656462,0.000829988208331317,0,0,0,0,0,0,0,0,0,0,0,0,0,0,0
0.650070287555828,3.20436500172327e-05,0.000192591823665828,0.000854029122724368,0,0,0,0,0,0,0,0,0,0,0,0,0,0,0
0.660071368902841,3.40128914587485e-05,0.000201254417232453,0.000878348442651545,0,0,0,0,0,0,0,0,0,0,0,0,0,0,0
0.670072450249854,3.60699890397385e-05,0.000210161611295993,0.000902943486517495,0,0,0,0,0,0,0,0,0,0,0,0,0,0,0
0.680073531596866,3.82174027742555e-05,0.000219316150021114,0.000927811581497295,0,0,0,0,0,0,0,0,0,0,0,0,0,0,0
0.690074612943879,4.04576199874417e-05,0.000228720750885153,0.000952950063525457,0,0,0,0,0,0,0,0,0,0,0,0,0,0,0
0.700075694290892,4.27931550490656e-05,0.000238378104765669,0.000978356277284928,0,0,0,0,0,0,0,0,0,0,0,0,0,0,0
0.710076775637905,4.52265491079318e-05,0.00024829087602788,0.0010040275761961,0,0,0,0,0,0,0,0,0,0,0,0,0,0,0
0.720077856984917,4.77603698271662e-05,0.00025846170261199,0.00102996132240579,0,0,0,0,0,0,0,0,0,0,0,0,0,0,0
0.73007893833193,5.03972111203736e-05,0.000268893196120414,0.00105615488677628,0,0,0,0,0,0,0,0,0,0,0,0,0,0,0
0.740080019678943,5.31396928886665e-05,0.000279587941904879,0.00108260564887429,0,0,0,0,0,0,0,0,0,0,0,0,0,0,0
0.750081101025955,5.59904607585655e-05,0.000290548499153428,0.00110931099695998,0,0,0,0,0,0,0,0,0,0,0,0,0,0,0
0.760082182372968,5.89521858207686e-05,0.000301777400977308,0.00113626832797598,0,0,0,0,0,0,0,0,0,0,0,0,0,0,0
0.770083263719981,6.2027564369789e-05,0.000313277154497749,0.00116347504753636,0,0,0,0,0,0,0,0,0,0,0,0,0,0,0
0.780084345066994,6.52193176444602e-05,0.000325050240932631,0.00119092856991566,0,0,0,0,0,0,0,0,0,0,0,0,0,0,0
0.790085426414006,6.85301915693076e-05,0.000337099115683046,0.00121862631803786,0,0,0,0,0,0,0,0,0,0,0,0,0,0,0
0.800086507761019,7.19629564967852e-05,0.000349426208419743,0.00124656572346542,0,0,0,0,0,0,0,0,0,0,0,0,0,0,0
0.810087589108032,7.55204069503759e-05,0.000362033923169473,0.00127474422638826,0,0,0,0,0,0,0,0,0,0,0,0,0,0,0
0.820088670455045,7.92053613685551e-05,0.00037492463840121,0.00130315927561277,0,0,0,0,0,0,0,0,0,0,0,0,0,0,0
0.830089751802057,8.30206618496163e-05,0.000388100707112277,0.0013318083285508,0,0,0,0,0,0,0,0,0,0,0,0,0,0,0
0.84009083314907,8.6969173897357e-05,0.000401564456914353,0.00136068885120868,0,0,0,0,0,0,0,0,0,0,0,0,0,0,0
0.850091914496083,9.10537861676244e-05,0.000415318190119369,0.00138979831817622,0,0,0,0,0,0,0,0,0,0,0,0,0,0,0
0.860092995843096,9.52774102157198e-05,0.000429364183825301,0.0014191342126157,0,0,0,0,0,0,0,0,0,0,0,0,0,0,0
0.870094077190108,9.96429802446604e-05,0.000443704690001846,0.00144869402625089,0,0,0,0,0,0,0,0,0,0,0,0,0,0,0
0.880095158537121,0.000104153452854297,0.000458341935575995,0.00147847525935602,0,0,0,0,0,0,0,0,0,0,0,0,0,0,0
0.890096239884134,0.000108811806791287,0.000473278122517487,0.00150847542074484,0,0,0,0,0,0,0,0,0,0,0,0,0,0,0
0.900097321231147,0.000113621042699924,0.000488515427924163,0.00153869202775956,0,0,0,0,0,0,0,0,0,0,0,0,0,0,0
0.910098402578159,0.000118584182873814,0.0005040560041072,0.00156912260625989,0,0,0,0,0,0,0,0,0,0,0,0,0,0,0
0.920099483925172,0.000123704271008413,0.000519901978676246,0.00159976469061204,0,0,0,0,0,0,0,0,0,0,0,0,0,0,0
0.930100565272185,0.000128984371954404,0.000536055454624433,0.00163061582367771,0,0,0,0,0,0,0,0,0,0,0,0,0,0,0
0.940101646619197,0.000134427571471937,0.000552518510413292,0.00166167355680309,0,0,0,0,0,0,0,0,0,0,0,0,0,0,0
0.95010272796621,0.000140036975985705,0.000569293200057548,0.0016929354498079,0,0,0,0,0,0,0,0,0,0,0,0,0,0,0
0.960103809313223,0.000145815712340875,0.000586381553209812,0.00172439907097432,0,0,0,0,0,0,0,0,0,0,0,0,0,0,0
0.970104890660236,0.000151766927559864,0.000603785575245156,0.00175606199703608,0,0,0,0,0,0,0,0,0,0,0,0,0,0,0
0.980105972007248,0.00015789378859996,0.000621507247345587,0.0017879218131674,0,0,0,0,0,0,0,0,0,0,0,0,0,0,0
0.990107053354261,0.000164199482111786,0.000639548526584404,0.00181997611297199,0,0,0,0,0,0,0,0,0,0,0,0,0,0,0
1.00010813470127,0.000170687214198609,0.000657911346010447,0.00185222249847212,0,0,0,0,0,0,0,0,0,0,0,0,0,0,0
1.01010921604829,0.00017736021017649,0.000676597614732238,0.00188465858009754,0,0,0,0,0,0,0,0,0,0,0,0,0,0,0
1.0201102973953,0.000184221714335274,0.000695609218002007,0.00191728197667453,0,0,0,0,0,0,0,0,0,0,0,0,0,0,0
1.03011137874231,0.000191274989700425,0.000714948017299614,0.0019500903154149,0,0,0,0,0,0,0,0,0,0,0,0,0,0,0
1.04011246008932,0.000198523317795692,0.000734615850416359,0.00198308123190498,0,0,0,0,0,0,0,0,0,0,0,0,0,0,0
1.05011354143634,0.000205969998406616,0.000754614531538677,0.00201625237009462,0,0,0,0,0,0,0,0,0,0,0,0,0,0,0
1.06011462278335,0.000213618349344877,0.000774945851331733,0.00204960138228621,0,0,0,0,0,0,0,0,0,0,0,0,0,0,0
1.07011570413036,0.000221471706213472,0.000795611577022897,0.00208312592912366,0,0,0,0,0,0,0,0,0,0,0,0,0,0,0
1.08011678547738,0.000229533422172727,0.000816613452485115,0.00211682367958142,0,0,0,0,0,0,0,0,0,0,0,0,0,0,0
1.09011786682439,0.000237806867707147,0.000837953198320169,0.0021506923109535,0,0,0,0,0,0,0,0,0,0,0,0,0,0,0
1.1001189481714,0.000246295430393093,0.000859632511941824,0.00218472950884241,0,0,0,0,0,0,0,0,0,0,0,0,0,0,0
1.11012002951841,0.000255002514667291,0.00088165306765887,0.00221893296714823,0,0,0,0,0,0,0,0,0,0,0,0,0,0,0
1.12012111086543,0.000263931541596177,0.000904016516758052,0.00225330038805758,0,0,0,0,0,0,0,0,0,0,0,0,0,0,0
1.13012219221244,0.00027308594864606,0.000926724487586884,0.00228782948203263,0,0,0,0,0,0,0,0,0,0,0,0,0,0,0
1.14012327355945,0.000282469189454122,0.000949778585636367,0.00232251796780009,0,0,0,0,0,0,0,0,0,0,0,0,0,0,0
1.15012435490647,0.000292084733600239,0.000973180393623579,0.00235736357234023,0,0,0,0,0,0,0,0,0,0,0,0,0,0,0
1.16012543625348,0.000301936066379634,0.000996931471574172,0.00239236403087587,0,0,0,0,0,0,0,0,0,0,0,0,0,0,0
1.17012651760049,0.000312026688576344,0.00102103335690475,0.00242751708686141,0,0,0,0,0,0,0,0,0,0,0,0,0,0,0
1.1801275989475,0.000322360116237524,0.00104548756450513,0.00246282049197178,0,0,0,0,0,0,0,0,0,0,0,0,0,0,0
1.19012868029452,0.000332939880448557,0.00107029558682052,0.0024982720060915,0,0,0,0,0,0,0,0,0,0,0,0,0,0,0
1.20012976164153,0.000343769527109002,0.00109545889393355,0.00253386939730364,0,0,0,0,0,0,0,0,0,0,0,0,0,0,0
1.21013084298854,0.000354852616709349,0.00112097893364621,0.00256961044187884,0,0,0,0,0,0,0,0,0,0,0,0,0,0,0
1.22013192433555,0.0003661927241086,0.00114685713156172,0.00260549292426431,0,0,0,0,0,0,0,0,0,0,0,0,0,0,0
1.23013300568257,0.000377793438312665,0.00117309489116617,0.00264151463707285,0,0,0,0,0,0,0,0,0,0,0,0,0,0,0
1.24013408702958,0.000389658362253576,0.00119969359391022,0.00267767338107182,0,0,0,0,0,0,0,0,0,0,0,0,0,0,0
1.25013516837659,0.000401791112569514,0.00122665459929054,0.00271396696517216,0,0,0,0,0,0,0,0,0,0,0,0,0,0,0
1.26013624972361,0.000414195319385656,0.0012539792449312,0.0027503932064174,0,0,0,0,0,0,0,0,0,0,0,0,0,0,0
1.27013733107062,0.00042687462609583,0.001281668846665,0.00278694992997265,0,0,0,0,0,0,0,0,0,0,0,0,0,0,0
1.28013841241763,0.000439832689144985,0.00130972469861459,0.0028236349691136,0,0,0,0,0,0,0,0,0,0,0,0,0,0,0
1.29013949376464,0.000453073177812468,0.00133814807327353,0.00286044616521554,0,0,0,0,0,0,0,0,0,0,0,0,0,0,0
1.30014057511166,0.000466599773996124,0.00136694022158728,0.00289738136774236,0,0,0,0,0,0,0,0,0,0,0,0,0,0,0
1.31014165645867,0.000480416171997185,0.001396102373034,0.00293443843423551,0,0,0,0,0,0,0,0,0,0,0,0,0,0,0
1.32014273780568,0.000494526078305984,0.0014256357357053,0.00297161523030307,0,0,0,0,0,0,0,0,0,0,0,0,0,0,0
1.33014381915269,0.000508933211388469,0.00145554149638686,0.00300890962960871,0,0,0,0,0,0,0,0,0,0,0,0,0,0,0
1.34014490049971,0.000523641301473521,0.00148582082063891,0.0030463195138607,0,0,0,0,0,0,0,0,0,0,0,0,0,0,0
1.35014598184672,0.000538654090341082,0.00151647485287669,0.00308384277280093,0,0,0,0,0,0,0,0,0,0,0,0,0,0,0
1.36014706319373,0.000553975331111079,0.00154750471645066,0.00312147730419386,0,0,0,0,0,0,0,0,0,0,0,0,0,0,0
1.37014814454075,0.000569608788033162,0.00157891151372677,0.00315922101381561,0,0,0,0,0,0,0,0,0,0,0,0,0,0,0
1.38014922588776,0.000585558236277227,0.00161069632616645,0.00319707181544287,0,0,0,0,0,0,0,0,0,0,0,0,0,0,0
1.39015030723477,0.000601827461724757,0.00164286021440662,0.00323502763084197,0,0,0,0,0,0,0,0,0,0,0,0,0,0,0
1.40015138858178,0.000618420260760947,0.0016754042183395,0.00327308638975785,0,0,0,0,0,0,0,0,0,0,0,0,0,0,0
1.4101524699288,0.000635340440067641,0.0017083293571924,0.00331124602990307,0,0,0,0,0,0,0,0,0,0,0,0,0,0,0
1.42015355127581,0.000652591816417048,0.0017416366296073,0.00334950449694682,0,0,0,0,0,0,0,0,0,0,0,0,0,0,0
1.43015463262282,0.000670178216466276,0.00177532701372041,0.0033878597445039,0,0,0,0,0,0,0,0,0,0,0,0,0,0,0
1.44015571396983,0.000688103476552641,0.00180940146724155,0.00342630973412376,0,0,0,0,0,0,0,0,0,0,0,0,0,0,0
1.45015679531685,0.00070637144248978,0.00184386092753347,0.00346485243527946,0,0,0,0,0,0,0,0,0,0,0,0,0,0,0
1.46015787666386,0.000724985969364557,0.00187870631169102,0.00350348582535671,0,0,0,0,0,0,0,0,0,0,0,0,0,0,0
1.47015895801087,0.000743950921334753,0.00191393851662025,0.00354220788964285,0,0,0,0,0,0,0,0,0,0,0,0,0,0,0
1.48016003935789,0.000763270171427554,0.00194955841911737,0.00358101662131585,0,0,0,0,0,0,0,0,0,0,0,0,0,0,0
1.4901611207049,0.000782947601338827,0.00198556687594761,0.00361991002143334,0,0,0,0,0,0,0,0,0,0,0,0,0,0,0
1.50016220205191,0.000802987101233177,0.00202196472392397,0.00365888609892157,0,0,0,0,0,0,0,0,0,0,0,0,0,0,0
1.51016328339892,0.000823392569544803,0.00205875277998588,0.00369794287056446,0,0,0,0,0,0,0,0,0,0,0,0,0,0,0
1.52016436474594,0.000844167912779127,0.00209593184127767,0.00373707836099257,0,0,0,0,0,0,0,0,0,0,0,0,0,0,0
1.53016544609295,0.000865317045315219,0.00213350268522707,0.0037762906026721,0,0,0,0,0,0,0,0,0,0,0,0,0,0,0
1.54016652743996,0.000886843889209,0.00217146606962347,0.00381557763589393,0,0,0,0,0,0,0,0,0,0,0,0,0,0,0
1.55016760878697,0.000908752373997226,0.00220982273269612,0.00385493750876256,0,0,0,0,0,0,0,0,0,0,0,0,0,0,0
1.56016869013399,0.00093104643650226,0.00224857339319224,0.0038943682771852,0,0,0,0,0,0,0,0,0,0,0,0,0,0,0
1.570169771481,0.000953730020637619,0.002287718750455,0.00393386800486067,0,0,0,0,0,0,0,0,0,0,0,0,0,0,0
1.58017085282801,0.000976807077214298,0.00232725948450136,0.00397343476326848,0,0,0,0,0,0,0,0,0,0,0,0,0,0,0
1.59017193417503,0.00100028156374788,0.00236719625609987,0.00401306663165782,0,0,0,0,0,0,0,0,0,0,0,0,0,0,0
1.60017301552204,0.00102415744426643,0.00240752970684829,0.00405276169703652,0,0,0,0,0,0,0,0,0,0,0,0,0,0,0
1.61017409686905,0.00104843868911913,0.00244826045925115,0.00409251805416011,0,0,0,0,0,0,0,0,0,0,0,0,0,0,0
1.62017517821606,0.00107312927478573,0.00248938911679718,0.00413233380552077,0,0,0,0,0,0,0,0,0,0,0,0,0,0,0
1.63017625956308,0.00109823318368675,0.00253091626403659,0.00417220706133638,0,0,0,0,0,0,0,0,0,0,0,0,0,0,0
1.64017734091009,0.00112375440399448,0.00257284246665834,0.00421213593953948,0,0,0,0,0,0,0,0,0,0,0,0,0,0,0
1.6501784222571,0.00114969692944469,0.00261516827156721,0.00425211856576632,0,0,0,0,0,0,0,0,0,0,0,0,0,0,0
1.66017950360411,0.0011760647591492,0.00265789420696077,0.0042921530733458,0,0,0,0,0,0,0,0,0,0,0,0,0,0,0
1.67018058495113,0.00120286189740914,0.00270102078240632,0.00433223760328853,0,0,0,0,0,0,0,0,0,0,0,0,0,0,0
1.68018166629814,0.00123009235352903,0.00274454848891759,0.00437237030427582,0,0,0,0,0,0,0,0,0,0,0,0,0,0,0
1.69018274764515,0.00125776014163159,0.00278847779903144,0.00441254933264865,0,0,0,0,0,0,0,0,0,0,0,0,0,0,0
1.70018382899217,0.00128586928047335,0.00283280916688441,0.00445277285239671,0,0,0,0,0,0,0,0,0,0,0,0,0,0,0
1.71018491033918,0.00131442379326102,0.00287754302828916,0.00449303903514738,0,0,0,0,0,0,0,0,0,0,0,0,0,0,0
1.72018599168619,0.00134342770746856,0.00292267980081077,0.00453334606015475,0,0,0,0,0,0,0,0,0,0,0,0,0,0,0
1.7301870730332,0.00137288505465513,0.002968219883843,0.0045736921142886,0,0,0,0,0,0,0,0,0,0,0,0,0,0,0
1.74018815438022,0.0014027998702837,0.00301416365868439,0.00461407539202344,0,0,0,0,0,0,0,0,0,0,0,0,0,0,0
1.75018923572723,0.00143317619354048,0.00306051148861425,0.00465449409542747,0,0,0,0,0,0,0,0,0,0,0,0,0,0,0
1.76019031707424,0.00146401806715506,0.00310726371896853,0.0046949464341516,0,0,0,0,0,0,0,0,0,0,0,0,0,0,0
1.77019139842125,0.00149532953722137,0.00315442067721566,0.00473543062541846,0,0,0,0,0,0,0,0,0,0,0,0,0,0,0
1.78019247976827,0.00152711465301933,0.00320198267303218,0.0047759448940114,0,0,0,0,0,0,0,0,0,0,0,0,0,0,0
1.79019356111528,0.0015593774668373,0.00324994999837828,0.00481648747226348,0,0,0,0,0,0,0,0,0,0,0,0,0,0,0
1.80019464246229,0.00159212203379532,0.0032983229275733,0.0048570566000465,0,0,0,0,0,0,0,0,0,0,0,0,0,0,0
1.81019572380931,0.00162535241166897,0.00334710171737103,0.00489765052475995,0,0,0,0,0,0,0,0,0,0,0,0,0,0,0
1.82019680515632,0.00165907266071416,0.00339628660703499,0.00493826750132008,0,0,0,0,0,0,0,0,0,0,0,0,0,0,0
1.83019788650333,0.00169328684349252,0.00344587781841347,0.00497890579214886,0,0,0,0,0,0,0,0,0,0,0,0,0,0,0
1.84019896785034,0.00172799902469766,0.00349587555601462,0.00501956366716298,0,0,0,0,0,0,0,0,0,0,0,0,0,0,0
1.85020004919736,0.00176321327098206,0.00354628000708131,0.00506023940376289,0,0,0,0,0,0,0,0,0,0,0,0,0,0,0
1.86020113054437,0.00179893365078482,0.00359709134166593,0.00510093128682174,0,0,0,0,0,0,0,0,0,0,0,0,0,0,0
1.87020221189138,0.00183516423416012,0.00364830971270505,0.00514163760867447,0,0,0,0,0,0,0,0,0,0,0,0,0,0,0
1.88020329323839,0.00187190909260636,0.00369993525609405,0.0051823566691067,0,0,0,0,0,0,0,0,0,0,0,0,0,0,0
1.89020437458541,0.00190917229889615,0.0037519680907615,0.00522308677534386,0,0,0,0,0,0,0,0,0,0,0,0,0,0,0
1.90020545593242,0.00194695792690699,0.00380440831874357,0.00526382624204008,0,0,0,0,0,0,0,0,0,0,0,0,0,0,0
1.91020653727943,0.00198527005145268,0.00385725602525825,0.00530457339126726,0,0,0,0,0,0,0,0,0,0,0,0,0,0,0
1.92020761862645,0.00202411274811549,0.00391051127877947,0.00534532655250405,0,0,0,0,0,0,0,0,0,0,0,0,0,0,0
1.93020869997346,0.00206349009307911,0.00396417413111115,0.00538608406262485,0,0,0,0,0,0,0,0,0,0,0,0,0,0,0
1.94020978132047,0.00210340616296225,0.00401824461746109,0.00542684426588884,0,0,0,0,0,0,0,0,0,0,0,0,0,0,0
1.95021086266748,0.00214386503465307,0.00407272275651475,0.00546760551392893,0,0,0,0,0,0,0,0,0,0,0,0,0,0,0
1.9602119440145,0.00218487078514428,0.00412760855050899,0.00550836616574081,0,0,0,0,0,0,0,0,0,0,0,0,0,0,0
1.97021302536151,0.00222642749136902,0.00418290198530561,0.00554912458767193,0,0,0,0,0,0,0,0,0,0,0,0,0,0,0
1.98021410670852,0.00226853923003746,0.00423860303046484,0.00558987915341052,0,0,0,0,0,0,0,0,0,0,0,0,0,0,0
1.99021518805554,0.00231121007747412,0.0042947116393187,0.00563062824397457,0,0,0,0,0,0,0,0,0,0,0,0,0,0,0
2.00021626940255,0.00235444410945595,0.00435122774904423,0.00567137024770085,0,0,0,0,0,0,0,0,0,0,0,0,0,0,0
2.01021735074956,0.00239824540105112,0.00440815128073668,0.00571210356023388,0,0,0,0,0,0,0,0,0,0,0,0,0,0,0
2.02021843209657,0.00244261802645856,0.00446548213948246,0.00575282658451501,0,0,0,0,0,0,0,0,0,0,0,0,0,0,0
2.03021951344359,0.0024875660588482,0.00452322021443215,0.00579353773077133,0,0,0,0,0,0,0,0,0,0,0,0,0,0,0
2.0402205947906,0.00253309357020199,0.00458136537887326,0.00583423541650473,0,0,0,0,0,0,0,0,0,0,0,0,0,0,0
2.05022167613761,0.00257920463115559,0.00463991749030291,0.00587491806648088,0,0,0,0,0,0,0,0,0,0,0,0,0,0,0
2.06022275748462,0.00262590331084081,0.00469887639050049,0.00591558411271824,0,0,0,0,0,0,0,0,0,0,0,0,0,0,0
2.07022383883164,0.0026731936767288,0.00475824190560008,0.00595623199447706,0,0,0,0,0,0,0,0,0,0,0,0,0,0,0
2.08022492017865,0.00272107979447391,0.00481801384616284,0.00599686015824841,0,0,0,0,0,0,0,0,0,0,0,0,0,0,0
2.09022600152566,0.00276956572775836,0.00487819200724929,0.00603746705774311,0,0,0,0,0,0,0,0,0,0,0,0,0,0,0
2.10022708287268,0.00281865553813751,0.00493877616849143,0.00607805115388082,0,0,0,0,0,0,0,0,0,0,0,0,0,0,0
2.11022816421969,0.00286835328488596,0.00499976609416479,0.00611861091477898,0,0,0,0,0,0,0,0,0,0,0,0,0,0,0
2.1202292455667,0.00291866302484433,0.00506116153326038,0.00615914481574186,0,0,0,0,0,0,0,0,0,0,0,0,0,0,0
2.13023032691371,0.00296958881226674,0.00512296221955648,0.00619965133924949,0,0,0,0,0,0,0,0,0,0,0,0,0,0,0
2.14023140826073,0.00302113469866902,0.00518516787169037,0.00624012897494676,0,0,0,0,0,0,0,0,0,0,0,0,0,0,0
2.15023248960774,0.00307330473267767,0.00524777819322995,0.00628057621963234,0,0,0,0,0,0,0,0,0,0,0,0,0,0,0
2.16023357095475,0.00312610295987949,0.00531079287274517,0.00632099157724774,0,0,0,0,0,0,0,0,0,0,0,0,0,0,0
2.17023465230176,0.00317953342267194,0.00537421158387948,0.00636137355886626,0,0,0,0,0,0,0,0,0,0,0,0,0,0,0
2.18023573364878,0.00323360016011421,0.00543803398542105,0.00640172068268205,0,0,0,0,0,0,0,0,0,0,0,0,0,0,0
2.19023681499579,0.00328830720777902,0.00550225972137398,0.00644203147399905,0,0,0,0,0,0,0,0,0,0,0,0,0,0,0
2.2002378963428,0.00334365859760513,0.00556688842102928,0.00648230446522006,0,0,0,0,0,0,0,0,0,0,0,0,0,0,0
2.21023897768982,0.0033996583577505,0.00563191969903589,0.00652253819583569,0,0,0,0,0,0,0,0,0,0,0,0,0,0,0
2.22024005903683,0.00345631051244627,0.00569735315547146,0.00656273121241337,0,0,0,0,0,0,0,0,0,0,0,0,0,0,0
2.23024114038384,0.00351361908185134,0.00576318837591308,0.00660288206858638,0,0,0,0,0,0,0,0,0,0,0,0,0,0,0
2.24024222173085,0.0035715880819077,0.0058294249315079,0.00664298932504283,0,0,0,0,0,0,0,0,0,0,0,0,0,0,0
2.25024330307787,0.00363022152419652,0.00589606237904363,0.00668305154951468,0,0,0,0,0,0,0,0,0,0,0,0,0,0,0
2.26024438442488,0.00368952341579484,0.00596310026101893,0.00672306731676672,0,0,0,0,0,0,0,0,0,0,0,0,0,0,0
2.27024546577189,0.00374949775913301,0.00603053810571367,0.00676303520858556,0,0,0,0,0,0,0,0,0,0,0,0,0,0,0
2.2802465471189,0.0038101485518529,0.00609837542725915,0.00680295381376872,0,0,0,0,0,0,0,0,0,0,0,0,0,0,0
2.29024762846592,0.00387147978666668,0.00616661172570811,0.00684282172811349,0,0,0,0,0,0,0,0,0,0,0,0,0,0,0
2.30024870981293,0.0039334954512164,0.0062352464871047,0.00688263755440608,0,0,0,0,0,0,0,0,0,0,0,0,0,0,0
2.31024979115994,0.00399619952793425,0.00630427918355433,0.00692239990241051,0,0,0,0,0,0,0,0,0,0,0,0,0,0,0
2.32025087250696,0.00405959599390348,0.00637370927329342,0.00696210738885768,0,0,0,0,0,0,0,0,0,0,0,0,0,0,0
2.33025195385397,0.00412368882072007,0.00644353620075893,0.00700175863743433,0,0,0,0,0,0,0,0,0,0,0,0,0,0,0
2.34025303520098,0.00418848197435504,0.00651375939665801,0.00704135227877208,0,0,0,0,0,0,0,0,0,0,0,0,0,0,0
2.35025411654799,0.00425397941501749,0.00658437827803727,0.00708088695043641,0,0,0,0,0,0,0,0,0,0,0,0,0,0,0
2.36025519789501,0.00432018509701837,0.00665539224835218,0.00712036129691566,0,0,0,0,0,0,0,0,0,0,0,0,0,0,0
2.37025627924202,0.00438710296863484,0.00672680069753615,0.00715977396961004,0,0,0,0,0,0,0,0,0,0,0,0,0,0,0
2.38025736058903,0.0044547369719754,0.00679860300206968,0.00719912362682064,0,0,0,0,0,0,0,0,0,0,0,0,0,0,0
2.39025844193604,0.0045230910428457,0.00687079852504928,0.00723840893373843,0,0,0,0,0,0,0,0,0,0,0,0,0,0,0
2.40025952328306,0.00459216911061503,0.00694338661625635,0.00727762856243323,0,0,0,0,0,0,0,0,0,0,0,0,0,0,0
2.41026060463007,0.00466197509808351,0.00701636661222589,0.00731678119184277,0,0,0,0,0,0,0,0,0,0,0,0,0,0,0
2.42026168597708,0.00473251292134991,0.00708973783631516,0.00735586550776164,0,0,0,0,0,0,0,0,0,0,0,0,0,0,0
2.4302627673241,0.00480378648968025,0.00716349959877216,0.00739488020283034,0,0,0,0,0,0,0,0,0,0,0,0,0,0,0
2.44026384867111,0.00487579970537701,0.00723765119680409,0.00743382397652424,0,0,0,0,0,0,0,0,0,0,0,0,0,0,0
2.45026493001812,0.00494855646364906,0.00731219191464564,0.00747269553514259,0,0,0,0,0,0,0,0,0,0,0,0,0,0,0
2.46026601136513,0.00502206065248224,0.00738712102362714,0.00751149359179757,0,0,0,0,0,0,0,0,0,0,0,0,0,0,0
2.47026709271215,0.0050963161525107,0.00746243778224269,0.00755021686640321,0,0,0,0,0,0,0,0,0,0,0,0,0,0,0
2.48026817405916,0.00517132683688877,0.00753814143621813,0.00758886408566447,0,0,0,0,0,0,0,0,0,0,0,0,0,0,0
2.49026925540617,0.00524709657116371,0.00761423121857885,0.0076274339830662,0,0,0,0,0,0,0,0,0,0,0,0,0,0,0
2.50027033675318,0.00532362921314894,0.00769070634971759,0.00766592529886216,0,0,0,0,0,0,0,0,0,0,0,0,0,0,0
2.5102714181002,0.00540092861279809,0.00776756603746209,0.007704336780064,0,0,0,0,0,0,0,0,0,0,0,0,0,0,0
2.52027249944721,0.00547899861207966,0.00784480947714257,0.0077426671804303,0,0,0,0,0,0,0,0,0,0,0,0,0,0,0
2.53027358079422,0.00555784304485238,0.00792243585165919,0.00778091526045553,0,0,0,0,0,0,0,0,0,0,0,0,0,0,0
2.54027466214124,0.00563746573674121,0.00800044433154936,0.00781907978735909,0,0,0,0,0,0,0,0,0,0,0,0,0,0,0
2.55027574348825,0.00571787050501403,0.00807883407505492,0.0078571595350743,0,0,0,0,0,0,0,0,0,0,0,0,0,0,0
2.56027682483526,0.00579906115845906,0.00815760422818925,0.00789515328423736,0,0,0,0,0,0,0,0,0,0,0,0,0,0,0
2.57027790618227,0.00588104149726283,0.00823675392480425,0.00793305982217645,0,0,0,0,0,0,0,0,0,0,0,0,0,0,0
2.58027898752929,0.00596381531288893,0.0083162822866572,0.00797087794290062,0,0,0,0,0,0,0,0,0,0,0,0,0,0,0
2.5902800688763,0.00604738638795738,0.00839618842347754,0.0080086064470889,0,0,0,0,0,0,0,0,0,0,0,0,0,0,0
2.60028115022331,0.00613175849612464,0.0084764714330335,0.00804624414207919,0,0,0,0,0,0,0,0,0,0,0,0,0,0,0
2.61028223157032,0.00621693540196436,0.00855713040119865,0.00808378984185737,0,0,0,0,0,0,0,0,0,0,0,0,0,0,0
2.62028331291734,0.00630292086084874,0.00863816440201835,0.00812124236704623,0,0,0,0,0,0,0,0,0,0,0,0,0,0,0
2.63028439426435,0.00638971861883054,0.00871957249777604,0.00815860054489451,0,0,0,0,0,0,0,0,0,0,0,0,0,0,0
2.64028547561136,0.00647733241252582,0.00880135373905948,0.00819586320926588,0,0,0,0,0,0,0,0,0,0,0,0,0,0,0
2.65028655695838,0.00656576596899727,0.00888350716482682,0.00823302920062795,0,0,0,0,0,0,0,0,0,0,0,0,0,0,0
2.66028763830539,0.00665502300563824,0.00896603180247261,0.00827009736604129,0,0,0,0,0,0,0,0,0,0,0,0,0,0,0
2.6702887196524,0.00674510723005743,0.00904892666789371,0.0083070665591484,0,0,0,0,0,0,0,0,0,0,0,0,0,0,0
2.68028980099941,0.00683602233996424,0.00913219076555501,0.00834393564016275,0,0,0,0,0,0,0,0,0,0,0,0,0,0,0
2.69029088234643,0.00692777202305472,0.0092158230885551,0.00838070347585773,0,0,0,0,0,0,0,0,0,0,0,0,0,0,0
2.70029196369344,0.00702035995689827,0.00929982261869188,0.00841736893955573,0,0,0,0,0,0,0,0,0,0,0,0,0,0,0
2.71029304504045,0.00711378980882493,0.00938418832652792,0.00845393091111705,0,0,0,0,0,0,0,0,0,0,0,0,0,0,0
2.72029412638746,0.00720806523581334,0.00946891917145583,0.00849038827692899,0,0,0,0,0,0,0,0,0,0,0,0,0,0,0
2.73029520773448,0.00730318988437936,0.00955401410176352,0.0085267399298948,0,0,0,0,0,0,0,0,0,0,0,0,0,0,0
2.74029628908149,0.00739916739046532,0.00963947205469922,0.00856298476942267,0,0,0,0,0,0,0,0,0,0,0,0,0,0,0
2.7502973704285,0.00749600137932999,0.00972529195653657,0.00859912170141481,0,0,0,0,0,0,0,0,0,0,0,0,0,0,0
2.76029845177552,0.00759369546543903,0.00981147272263947,0.00863514963825634,0,0,0,0,0,0,0,0,0,0,0,0,0,0,0
2.77029953312253,0.00769225325235637,0.00989801325752686,0.00867106749880441,0,0,0,0,0,0,0,0,0,0,0,0,0,0,0
2.78030061446954,0.00779167833263592,0.0099849124549374,0.00870687420837711,0,0,0,0,0,0,0,0,0,0,0,0,0,0,0
2.79030169581655,0.00789197428771417,0.010072169197894,0.00874256869874252,0,0,0,0,0,0,0,0,0,0,0,0,0,0,0
2.80030277716357,0.00799314468780332,0.0101597823587685,0.0087781499081077,0,0,0,0,0,0,0,0,0,0,0,0,0,0,0
2.81030385851058,0.00809519309178506,0.0102477507993454,0.0088136167811077,0,0,0,0,0,0,0,0,0,0,0,0,0,0,0
2.82030493985759,0.00819812304710501,0.010336073370887,0.00884896826879455,0,0,0,0,0,0,0,0,0,0,0,0,0,0,0
2.8303060212046,0.00830193808966786,0.0104247489141966,0.00888420332862626,0,0,0,0,0,0,0,0,0,0,0,0,0,0,0
2.84030710255162,0.00840664174373302,0.0105137762596832,0.00891932092445584,0,0,0,0,0,0,0,0,0,0,0,0,0,0,0
2.85030818389863,0.008512237521811,0.0106031542274251,0.00895432002652031,0,0,0,0,0,0,0,0,0,0,0,0,0,0,0
2.86030926524564,0.00861872892456047,0.0106928816272337,0.00898919961142966,0,0,0,0,0,0,0,0,0,0,0,0,0,0,0
2.87031034659266,0.00872611944068579,0.0107829572587173,0.0090239586621559,0,0,0,0,0,0,0,0,0,0,0,0,0,0,0
2.88031142793967,0.0088344125468354,0.0108733799113443,0.00905859616802202,0,0,0,0,0,0,0,0,0,0,0,0,0,0,0
2.89031250928668,0.00894361170750065,0.0109641483645073,0.00909311112469103,0,0,0,0,0,0,0,0,0,0,0,0,0,0,0
2.90031359063369,0.00905372037491539,0.011055261387586,0.00912750253415496,0,0,0,0,0,0,0,0,0,0,0,0,0,0,0
2.91031467198071,0.00916474198895613,0.0111467177400104,0.00916176940472382,0,0,0,0,0,0,0,0,0,0,0,0,0,0,0
2.92031575332772,0.00927667997704283,0.0112385161713242,0.00919591075101465,0,0,0,0,0,0,0,0,0,0,0,0,0,0,0
2.93031683467473,0.00938953775404036,0.0113306554212477,0.0092299255939405,0,0,0,0,0,0,0,0,0,0,0,0,0,0,0
2.94031791602175,0.00950331872216059,0.0114231342197407,0.00926381296069944,0,0,0,0,0,0,0,0,0,0,0,0,0,0,0
2.95031899736876,0.00961802627086507,0.0115159512870653,0.00929757188476355,0,0,0,0,0,0,0,0,0,0,0,0,0,0,0
2.96032007871577,0.00973366377676834,0.0116091053338486,0.00933120140586796,0,0,0,0,0,0,0,0,0,0,0,0,0,0,0
2.97032116006278,0.00985023460354189,0.0117025950611453,0.0093647005699998,0,0,0,0,0,0,0,0,0,0,0,0,0,0,0
2.9803222414098,0.00996774210181877,0.0117964191605001,0.00939806842938722,0,0,0,0,0,0,0,0,0,0,0,0,0,0,0
2.99032332275681,0.0100861896090987,0.0118905763140102,0.00943130404248844,0,0,0,0,0,0,0,0,0,0,0,0,0,0,0
3.00032440410382,0.0102055804496542,0.0119850651943874,0.00946440647398066,0,0,0,0,0,0,0,0,0,0,0,0,0,0,0
3.01032548545083,0.0103259179344363,0.0120798844650204,0.00949737479474917,0,0,0,0,0,0,0,0,0,0,0,0,0,0,0
3.02032656679785,0.0104472053609828,0.0121750327800366,0.00953020808187626,0,0,0,0,0,0,0,0,0,0,0,0,0,0,0
3.03032764814486,0.0105694460133246,0.0122705087843644,0.00956290541863027,0,0,0,0,0,0,0,0,0,0,0,0,0,0,0
3.04032872949187,0.0106926431618951,0.0123663111137945,0.00959546589445459,0,0,0,0,0,0,0,0,0,0,0,0,0,0,0
3.05032981083889,0.0108168000634385,0.0124624383950421,0.00962788860495664,0,0,0,0,0,0,0,0,0,0,0,0,0,0,0
3.0603308921859,0.0109419199609196,0.0125588892458083,0.00966017265189693,0,0,0,0,0,0,0,0,0,0,0,0,0,0,0
3.07033197353291,0.0110680060834341,0.0126556622748412,0.00969231714317796,0,0,0,0,0,0,0,0,0,0,0,0,0,0,0
3.08033305487992,0.0111950616461187,0.0127527560819982,0.00972432119283334,0,0,0,0,0,0,0,0,0,0,0,0,0,0,0
3.09033413622694,0.0113230898500633,0.0128501692583061,0.00975618392101669,0,0,0,0,0,0,0,0,0,0,0,0,0,0,0
3.10033521757395,0.0114520938822227,0.0129479003860232,0.00978790445399073,0,0,0,0,0,0,0,0,0,0,0,0,0,0,0
3.11033629892096,0.0115820769153288,0.0130459480387,0.00981948192411621,0,0,0,0,0,0,0,0,0,0,0,0,0,0,0
3.12033738026797,0.0117130421078046,0.0131443107812399,0.00985091546984097,0,0,0,0,0,0,0,0,0,0,0,0,0,0,0
3.13033846161499,0.0118449926036773,0.0132429871699604,0.00988220423568889,0,0,0,0,0,0,0,0,0,0,0,0,0,0,0
3.140339542962,0.0119779315324931,0.0133419757526536,0.00991334737224894,0,0,0,0,0,0,0,0,0,0,0,0,0,0,0
3.15034062430901,0.0121118620092322,0.0134412750686469,0.00994434403616415,0,0,0,0,0,0,0,0,0,0,0,0,0,0,0
3.16034170565603,0.0122467871342245,0.0135408836488633,0.00997519339012063,0,0,0,0,0,0,0,0,0,0,0,0,0,0,0
3.17034278700304,0.0123827099930655,0.0136408000158822,0.0100058946028366,0,0,0,0,0,0,0,0,0,0,0,0,0,0,0
3.18034386835005,0.0125196336565338,0.0137410226839992,0.0100364468490512,0,0,0,0,0,0,0,0,0,0,0,0,0,0,0
3.19034494969706,0.0126575611805079,0.0138415501592864,0.010066849309514,0,0,0,0,0,0,0,0,0,0,0,0,0,0,0
3.20034603104408,0.0127964956058845,0.0139423809396527,0.0100971011709732,0,0,0,0,0,0,0,0,0,0,0,0,0,0,0
3.21034711239109,0.0129364399584975,0.0140435135149034,0.0101272016261655,0,0,0,0,0,0,0,0,0,0,0,0,0,0,0
3.2203481937381,0.0130773972490366,0.0141449463668004,0.0101571498738044,0,0,0,0,0,0,0,0,0,0,0,0,0,0,0
3.23034927508512,0.0132193704729678,0.0142466779691215,0.0101869451185697,0,0,0,0,0,0,0,0,0,0,0,0,0,0,0
3.24035035643213,0.0133623626104533,0.0143487067877202,0.0102165865710961,0,0,0,0,0,0,0,0,0,0,0,0,0,0,0
3.25035143777914,0.013506376626273,0.0144510312805856,0.0102460734479625,0,0,0,0,0,0,0,0,0,0,0,0,0,0,0
3.26035251912615,0.0136514154697458,0.0145536498979008,0.010275404971681,0,0,0,0,0,0,0,0,0,0,0,0,0,0,0
3.27035360047317,0.013797482074652,0.0146565610821035,0.0103045803706856,0,0,0,0,0,0,0,0,0,0,0,0,0,0,0
3.28035468182018,0.0139445793591561,0.0147597632679439,0.0103335988793215,0,0,0,0,0,0,0,0,0,0,0,0,0,0,0
3.29035576316719,0.0140927102257304,0.0148632548825446,0.0103624597378341,0,0,0,0,0,0,0,0,0,0,0,0,0,0,0
3.3003568445142,0.0142418775610785,0.0149670343454593,0.0103911621923578,0,0,0,0,0,0,0,0,0,0,0,0,0,0,0
3.31035792586122,0.0143920842360605,0.0150711000687315,0.0104197054949051,0,0,0,0,0,0,0,0,0,0,0,0,0,0,0
3.32035900720823,0.0145433331056178,0.0151754504569536,0.0104480889033556,0,0,0,0,0,0,0,0,0,0,0,0,0,0,0
3.33036008855524,0.014695627008699,0.015280083907325,0.0104763116814453,0,0,0,0,0,0,0,0,0,0,0,0,0,0,0
3.34036116990226,0.0148489687681861,0.0153849988097111,0.0105043730987548,0,0,0,0,0,0,0,0,0,0,0,0,0,0,0
3.35036225124927,0.0150033611908219,0.0154901935467014,0.0105322724306993,0,0,0,0,0,0,0,0,0,0,0,0,0,0,0
3.36036333259628,0.0151588070671369,0.015595666493668,0.010560008958517,0,0,0,0,0,0,0,0,0,0,0,0,0,0,0
3.37036441394329,0.0153153091713778,0.0157014160188235,0.010587581969258,0,0,0,0,0,0,0,0,0,0,0,0,0,0,0
3.38036549529031,0.0154728702614362,0.0158074404832795,0.0106149907557738,0,0,0,0,0,0,0,0,0,0,0,0,0,0,0
3.39036657663732,0.0156314930787776,0.0159137382411041,0.0106422346167059,0,0,0,0,0,0,0,0,0,0,0,0,0,0,0
3.40036765798433,0.0157911803483717,0.01602030763938,0.010669312856475,0,0,0,0,0,0,0,0,0,0,0,0,0,0,0
3.41036873933134,0.0159519347786223,0.0161271470182622,0.0106962247852699,0,0,0,0,0,0,0,0,0,0,0,0,0,0,0
3.42036982067836,0.0161137590612986,0.0162342547110359,0.0107229697190366,0,0,0,0,0,0,0,0,0,0,0,0,0,0,0
3.43037090202537,0.0162766558714667,0.0163416290441733,0.0107495469794672,0,0,0,0,0,0,0,0,0,0,0,0,0,0,0
3.44037198337238,0.0164406278674221,0.0164492683373919,0.0107759558939889,0,0,0,0,0,0,0,0,0,0,0,0,0,0,0
3.4503730647194,0.0166056776906216,0.0165571709037111,0.0108021957957531,0,0,0,0,0,0,0,0,0,0,0,0,0,0,0
3.46037414606641,0.0167718079656175,0.0166653350495098,0.0108282660236244,0,0,0,0,0,0,0,0,0,0,0,0,0,0,0
3.47037522741342,0.016939021299991,0.0167737590745834,0.0108541659221695,0,0,0,0,0,0,0,0,0,0,0,0,0,0,0
3.48037630876043,0.0171073202842866,0.0168824412722005,0.0108798948416462,0,0,0,0,0,0,0,0,0,0,0,0,0,0,0
3.49037739010745,0.0172767074919475,0.0169913799291603,0.0109054521379926,0,0,0,0,0,0,0,0,0,0,0,0,0,0,0
3.50037847145446,0.0174471854792506,0.0171005733258488,0.0109308371728159,0,0,0,0,0,0,0,0,0,0,0,0,0,0,0
3.51037955280147,0.0176187567852433,0.0172100197362957,0.0109560493133813,0,0,0,0,0,0,0,0,0,0,0,0,0,0,0
3.52038063414848,0.0177914239316796,0.0173197174282311,0.0109810879326015,0,0,0,0,0,0,0,0,0,0,0,0,0,0,0
3.5303817154955,0.0179651894229579,0.0174296646631416,0.0110059524090251,0,0,0,0,0,0,0,0,0,0,0,0,0,0,0
3.54038279684251,0.0181400557460583,0.0175398596963268,0.011030642126826,0,0,0,0,0,0,0,0,0,0,0,0,0,0,0
3.55038387818952,0.0183160253704817,0.0176503007769553,0.0110551564757922,0,0,0,0,0,0,0,0,0,0,0,0,0,0,0
3.56038495953654,0.018493100748188,0.0177609861481213,0.011079494851315,0,0,0,0,0,0,0,0,0,0,0,0,0,0,0
3.57038604088355,0.0186712843135362,0.0178719140468998,0.0111036566543777,0,0,0,0,0,0,0,0,0,0,0,0,0,0,0
3.58038712223056,0.0188505784832243,0.0179830827044033,0.0111276412915449,0,0,0,0,0,0,0,0,0,0,0,0,0,0,0
3.59038820357757,0.0190309856562297,0.0180944903458368,0.0111514481749514,0,0,0,0,0,0,0,0,0,0,0,0,0,0,0
3.60038928492459,0.0192125082137509,0.0182061351905542,0.0111750767222912,0,0,0,0,0,0,0,0,0,0,0,0,0,0,0
3.6103903662716,0.0193951485191489,0.0183180154521131,0.0111985263568064,0,0,0,0,0,0,0,0,0,0,0,0,0,0,0
3.62039144761861,0.0195789089178895,0.0184301293383309,0.0112217965072762,0,0,0,0,0,0,0,0,0,0,0,0,0,0,0
3.63039252896562,0.0197637917374863,0.0185424750513396,0.0112448866080064,0,0,0,0,0,0,0,0,0,0,0,0,0,0,0
3.64039361031264,0.0199497992874441,0.0186550507876414,0.0112677960988176,0,0,0,0,0,0,0,0,0,0,0,0,0,0,0
3.65039469165965,0.0201369338592029,0.0187678547381634,0.0112905244250347,0,0,0,0,0,0,0,0,0,0,0,0,0,0,0
3.66039577300666,0.0203251977260823,0.0188808850883131,0.011313071037476,0,0,0,0,0,0,0,0,0,0,0,0,0,0,0
3.67039685435368,0.0205145931432267,0.0189941400180328,0.0113354353924416,0,0,0,0,0,0,0,0,0,0,0,0,0,0,0
3.68039793570069,0.0207051223475507,0.0191076177018548,0.0113576169517033,0,0,0,0,0,0,0,0,0,0,0,0,0,0,0
3.6903990170477,0.0208967875576856,0.0192213163089556,0.0113796151824928,0,0,0,0,0,0,0,0,0,0,0,0,0,0,0
3.70040009839471,0.0210895909739258,0.0193352340032109,0.011401429557491,0,0,0,0,0,0,0,0,0,0,0,0,0,0,0
3.71040117974173,0.0212835347781764,0.0194493689432497,0.0114230595548172,0,0,0,0,0,0,0,0,0,0,0,0,0,0,0
3.72040226108874,0.0214786211339004,0.0195637192825089,0.0114445046580178,0,0,0,0,0,0,0,0,0,0,0,0,0,0,0
3.73040334243575,0.0216748521860679,0.0196782831692873,0.0114657643560554,0,0,0,0,0,0,0,0,0,0,0,0,0,0,0
3.74040442378276,0.0218722300611043,0.0197930587467998,0.0114868381432979,0,0,0,0,0,0,0,0,0,0,0,0,0,0,0
3.75040550512978,0.0220707568668397,0.0199080441532316,0.0115077255195074,0,0,0,0,0,0,0,0,0,0,0,0,0,0,0
3.76040658647679,0.0222704346924596,0.0200232375217916,0.0115284259898293,0,0,0,0,0,0,0,0,0,0,0,0,0,0,0
3.7704076678238,0.0224712656084546,0.0201386369807668,0.0115489390647811,0,0,0,0,0,0,0,0,0,0,0,0,0,0,0
3.78040874917082,0.0226732516665718,0.0202542406535755,0.0115692642602415,0,0,0,0,0,0,0,0,0,0,0,0,0,0,0
3.79040983051783,0.0228763948997663,0.020370046658821,0.0115894010974397,0,0,0,0,0,0,0,0,0,0,0,0,0,0,0
3.80041091186484,0.0230806973221534,0.0204860531103451,0.0116093491029439,0,0,0,0,0,0,0,0,0,0,0,0,0,0,0
3.81041199321185,0.0232861609289613,0.0206022581172816,0.0116291078086506,0,0,0,0,0,0,0,0,0,0,0,0,0,0,0
3.82041307455887,0.023492787696484,0.0207186597841092,0.0116486767517736,0,0,0,0,0,0,0,0,0,0,0,0,0,0,0
3.83041415590588,0.0237005795820352,0.0208352562107047,0.0116680554748329,0,0,0,0,0,0,0,0,0,0,0,0,0,0,0
3.84041523725289,0.0239095385239025,0.0209520454923962,0.0116872435256437,0,0,0,0,0,0,0,0,0,0,0,0,0,0,0
3.8504163185999,0.0241196664413024,0.021069025720016,0.0117062404573056,0,0,0,0,0,0,0,0,0,0,0,0,0,0,0
3.86041739994692,0.0243309652343353,0.0211861949799531,0.0117250458281914,0,0,0,0,0,0,0,0,0,0,0,0,0,0,0
3.87041848129393,0.0245434367839411,0.0213035513542061,0.011743659201936,0,0,0,0,0,0,0,0,0,0,0,0,0,0,0
3.88041956264094,0.0247570829518564,0.0214210929204359,0.0117620801474259,0,0,0,0,0,0,0,0,0,0,0,0,0,0,0
3.89042064398796,0.0249719055805706,0.0215388177520179,0.0117803082387874,0,0,0,0,0,0,0,0,0,0,0,0,0,0,0
3.90042172533497,0.0251879064932834,0.0216567239180945,0.0117983430553765,0,0,0,0,0,0,0,0,0,0,0,0,0,0,0
3.91042280668198,0.0254050874938632,0.0217748094836271,0.0118161841817673,0,0,0,0,0,0,0,0,0,0,0,0,0,0,0
3.92042388802899,0.025623450366805,0.0218930725094488,0.0118338312077411,0,0,0,0,0,0,0,0,0,0,0,0,0,0,0
3.93042496937601,0.0258429968771898,0.0220115110523158,0.0118512837282755,0,0,0,0,0,0,0,0,0,0,0,0,0,0,0
3.94042605072302,0.0260637287706437,0.0221301231649597,0.0118685413435335,0,0,0,0,0,0,0,0,0,0,0,0,0,0,0
3.95042713207003,0.0262856477732982,0.0222489068961392,0.0118856036588522,0,0,0,0,0,0,0,0,0,0,0,0,0,0,0
3.96042821341704,0.0265087555917507,0.0223678602906916,0.0119024702847322,0,0,0,0,0,0,0,0,0,0,0,0,0,0,0
3.97042929476406,0.0267330539130252,0.0224869813895847,0.0119191408368262,0,0,0,0,0,0,0,0,0,0,0,0,0,0,0
3.98043037611107,0.0269585444045345,0.0226062682299681,0.0119356149359282,0,0,0,0,0,0,0,0,0,0,0,0,0,0,0
3.99043145745808,0.0271852287140415,0.0227257188452246,0.0119518922079626,0,0,0,0,0,0,0,0,0,0,0,0,0,0,0
4.0004325388051,0.0274131084696225,0.0228453312650215,0.0119679722839731,0,0,0,0,0,0,0,0,0,0,0,0,0,0,0
4.01043362015211,0.0276421852796299,0.0229651035153615,0.0119838548001114,0,0,0,0,0,0,0,0,0,0,0,0,0,0,0
4.02043470149912,0.0278724607326557,0.0230850336186342,0.011999539397627,0,0,0,0,0,0,0,0,0,0,0,0,0,0,0
4.03043578284613,0.028103936397496,0.0232051195936666,0.0120150257228552,0,0,0,0,0,0,0,0,0,0,0,0,0,0,0
4.04043686419315,0.0283366138231153,0.023325359455774,0.0120303134272069,0,0,0,0,0,0,0,0,0,0,0,0,0,0,0
4.05043794554016,0.0285704945386119,0.0234457512168108,0.0120454021671573,0,0,0,0,0,0,0,0,0,0,0,0,0,0,0
4.06043902688717,0.0288055800531832,0.0235662928852211,0.0120602916042348,0,0,0,0,0,0,0,0,0,0,0,0,0,0,0
4.07044010823418,0.0290418718560923,0.0236869824660892,0.0120749814050102,0,0,0,0,0,0,0,0,0,0,0,0,0,0,0
4.0804411895812,0.0292793714166342,0.0238078179611898,0.0120894712410854,0,0,0,0,0,0,0,0,0,0,0,0,0,0,0
4.09044227092821,0.0295180801841032,0.0239287973690385,0.0121037607890829,0,0,0,0,0,0,0,0,0,0,0,0,0,0,0
4.10044335227522,0.0297579995877604,0.0240499186849416,0.0121178497306344,0,0,0,0,0,0,0,0,0,0,0,0,0,0,0
4.11044443362224,0.0299991310368022,0.0241711799010467,0.0121317377523699,0,0,0,0,0,0,0,0,0,0,0,0,0,0,0
4.12044551496925,0.0302414759203286,0.024292579006392,0.0121454245459068,0,0,0,0,0,0,0,0,0,0,0,0,0,0,0
4.13044659631626,0.0304850356073123,0.0244141139869567,0.0121589098078386,0,0,0,0,0,0,0,0,0,0,0,0,0,0,0
4.14044767766327,0.0307298114465687,0.0245357828257102,0.0121721932397245,0,0,0,0,0,0,0,0,0,0,0,0,0,0,0
4.15044875901029,0.0309758047667259,0.0246575835026622,0.0121852745480777,0,0,0,0,0,0,0,0,0,0,0,0,0,0,0
4.1604498403573,0.0312230168761952,0.0247795139949118,0.0121981534443549,0,0,0,0,0,0,0,0,0,0,0,0,0,0,0
4.17045092170431,0.0314714490631425,0.024901572276697,0.0122108296449451,0,0,0,0,0,0,0,0,0,0,0,0,0,0,0
4.18045200305132,0.0317211025954596,0.0250237563194441,0.0122233028711587,0,0,0,0,0,0,0,0,0,0,0,0,0,0,0
4.19045308439834,0.0319719787207367,0.0251460640918166,0.0122355728492162,0,0,0,0,0,0,0,0,0,0,0,0,0,0,0
4.20045416574535,0.0322240786662346,0.0252684935597647,0.0122476393102378,0,0,0,0,0,0,0,0,0,0,0,0,0,0,0
4.21045524709236,0.0324774036388583,0.0253910426865737,0.0122595019902319,0,0,0,0,0,0,0,0,0,0,0,0,0,0,0
4.22045632843938,0.0327319548251302,0.0255137094329131,0.0122711606300841,0,0,0,0,0,0,0,0,0,0,0,0,0,0,0
4.23045740978639,0.0329877333911642,0.0256364917568856,0.0122826149755464,0,0,0,0,0,0,0,0,0,0,0,0,0,0,0
4.2404584911334,0.0332447404826407,0.0257593876140752,0.0122938647772265,0,0,0,0,0,0,0,0,0,0,0,0,0,0,0
4.25045957248041,0.033502977224781,0.025882394957596,0.0123049097905759,0,0,0,0,0,0,0,0,0,0,0,0,0,0,0
4.26046065382743,0.0337624447223233,0.0260055117381404,0.0123157497758799,0,0,0,0,0,0,0,0,0,0,0,0,0,0,0
4.27046173517444,0.0340231440594988,0.0261287359040277,0.012326384498246,0,0,0,0,0,0,0,0,0,0,0,0,0,0,0
4.28046281652145,0.0342850763000076,0.0262520654012521,0.012336813727593,0,0,0,0,0,0,0,0,0,0,0,0,0,0,0
4.29046389786846,0.0345482424869964,0.0263754981735306,0.0123470372386403,0,0,0,0,0,0,0,0,0,0,0,0,0,0,0
4.30046497921548,0.0348126436430357,0.0264990321623511,0.0123570548108963,0,0,0,0,0,0,0,0,0,0,0,0,0,0,0
4.31046606056249,0.0350782807700975,0.0266226653070206,0.0123668662286481,0,0,0,0,0,0,0,0,0,0,0,0,0,0,0
4.3204671419095,0.035345154849534,0.0267463955447121,0.01237647128095,0,0,0,0,0,0,0,0,0,0,0,0,0,0,0
4.33046822325652,0.0356132668420564,0.026870220810513,0.0123858697616129,0,0,0,0,0,0,0,0,0,0,0,0,0,0,0
4.34046930460353,0.0358826176877145,0.0269941390374722,0.0123950614691927,0,0,0,0,0,0,0,0,0,0,0,0,0,0,0
4.35047038595054,0.0361532083058761,0.0271181481566478,0.01240404620698,0,0,0,0,0,0,0,0,0,0,0,0,0,0,0
4.36047146729755,0.0364250395952078,0.027242246097154,0.0124128237829887,0,0,0,0,0,0,0,0,0,0,0,0,0,0,0
4.37047254864457,0.0366981124336554,0.0273664307862086,0.0124213940099451,0,0,0,0,0,0,0,0,0,0,0,0,0,0,0
4.38047362999158,0.0369724276784254,0.0274907001491801,0.0124297567052768,0,0,0,0,0,0,0,0,0,0,0,0,0,0,0
4.39047471133859,0.0372479861659669,0.0276150521096343,0.0124379116911018,0,0,0,0,0,0,0,0,0,0,0,0,0,0,0
4.40047579268561,0.0375247887119532,0.0277394845893816,0.0124458587942177,0,0,0,0,0,0,0,0,0,0,0,0,0,0,0
4.41047687403262,0.0378028361112652,0.0278639955085234,0.0124535978460903,0,0,0,0,0,0,0,0,0,0,0,0,0,0,0
4.42047795537963,0.0380821291379741,0.0279885827854991,0.0124611286828429,0,0,0,0,0,0,0,0,0,0,0,0,0,0,0
4.43047903672664,0.0383626685453251,0.0281132443371321,0.012468451145245,0,0,0,0,0,0,0,0,0,0,0,0,0,0,0
4.44048011807366,0.0386444550657215,0.0282379780786766,0.0124755650787019,0,0,0,0,0,0,0,0,0,0,0,0,0,0,0
4.45048119942067,0.0389274894107093,0.028362781923864,0.0124824703332429,0,0,0,0,0,0,0,0,0,0,0,0,0,0,0
4.46048228076768,0.0392117722709621,0.0284876537849488,0.0124891667635109,0,0,0,0,0,0,0,0,0,0,0,0,0,0,0
4.47048336211469,0.0394973043162666,0.0286125915727547,0.0124956542287513,0,0,0,0,0,0,0,0,0,0,0,0,0,0,0
4.48048444346171,0.0397840861955084,0.0287375931967207,0.0125019325928007,0,0,0,0,0,0,0,0,0,0,0,0,0,0,0
4.49048552480872,0.0400721185366587,0.0288626565649471,0.0125080017240763,0,0,0,0,0,0,0,0,0,0,0,0,0,0,0
4.50048660615573,0.0403614019467608,0.0289877795842409,0.0125138614955647,0,0,0,0,0,0,0,0,0,0,0,0,0,0,0
4.51048768750275,0.0406519370119176,0.0291129601601618,0.0125195117848108,0,0,0,0,0,0,0,0,0,0,0,0,0,0,0
4.52048876884976,0.0409437242972791,0.0292381961970673,0.0125249524739071,0,0,0,0,0,0,0,0,0,0,0,0,0,0,0
4.53048985019677,0.0412367643470311,0.0293634855981586,0.0125301834494824,0,0,0,0,0,0,0,0,0,0,0,0,0,0,0
4.54049093154378,0.0415310576843834,0.0294888262655258,0.012535204602691,0,0,0,0,0,0,0,0,0,0,0,0,0,0,0
4.5504920128908,0.0418266048115589,0.0296142161001927,0.0125400158292015,0,0,0,0,0,0,0,0,0,0,0,0,0,0,0
4.56049309423781,0.0421234062097835,0.0297396530021625,0.0125446170291862,0,0,0,0,0,0,0,0,0,0,0,0,0,0,0
4.57049417558482,0.0424214623392761,0.0298651348704623,0.0125490081073096,0,0,0,0,0,0,0,0,0,0,0,0,0,0,0
4.58049525693183,0.0427207736392385,0.0299906596031882,0.0125531889727178,0,0,0,0,0,0,0,0,0,0,0,0,0,0,0
4.59049633827885,0.0430213405278471,0.0301162250975501,0.0125571595390271,0,0,0,0,0,0,0,0,0,0,0,0,0,0,0
4.60049741962586,0.0433231634022436,0.0302418292499163,0.0125609197243137,0,0,0,0,0,0,0,0,0,0,0,0,0,0,0
4.61049850097287,0.0436262426385274,0.0303674699558578,0.0125644694511017,0,0,0,0,0,0,0,0,0,0,0,0,0,0,0
4.62049958231989,0.0439305785917471,0.0304931451101932,0.0125678086463531,0,0,0,0,0,0,0,0,0,0,0,0,0,0,0
4.6305006636669,0.044236171595894,0.0306188526070326,0.0125709372414562,0,0,0,0,0,0,0,0,0,0,0,0,0,0,0
4.64050174501391,0.0445430219638948,0.0307445903398222,0.0125738551722146,0,0,0,0,0,0,0,0,0,0,0,0,0,0,0
4.65050282636092,0.0448511299876051,0.0308703562013881,0.0125765623788367,0,0,0,0,0,0,0,0,0,0,0,0,0,0,0
4.66050390770794,0.0451604959378037,0.0309961480839804,0.0125790588059239,0,0,0,0,0,0,0,0,0,0,0,0,0,0,0
4.67050498905495,0.0454711200641868,0.031121963879317,0.0125813444024606,0,0,0,0,0,0,0,0,0,0,0,0,0,0,0
4.68050607040196,0.0457830025953632,0.0312478014786275,0.0125834191218023,0,0,0,0,0,0,0,0,0,0,0,0,0,0,0
4.69050715174897,0.0460961437388493,0.0313736587726969,0.012585282921665,0,0,0,0,0,0,0,0,0,0,0,0,0,0,0
4.70050823309599,0.046410543681065,0.0314995336519091,0.0125869357641143,0,0,0,0,0,0,0,0,0,0,0,0,0,0,0
4.710509314443,0.0467262025873302,0.0316254240062901,0.0125883776155543,0,0,0,0,0,0,0,0,0,0,0,0,0,0,0
4.72051039579001,0.0470431206018608,0.0317513277255517,0.0125896084467164,0,0,0,0,0,0,0,0,0,0,0,0,0,0,0
4.73051147713703,0.0473612978477665,0.0318772426991347,0.0125906282326487,0,0,0,0,0,0,0,0,0,0,0,0,0,0,0
4.74051255848404,0.0476807344270476,0.0320031668162517,0.0125914369527045,0,0,0,0,0,0,0,0,0,0,0,0,0,0,0
4.75051363983105,0.0480014304205936,0.0321290979659303,0.012592034590532,0,0,0,0,0,0,0,0,0,0,0,0,0,0,0
4.76051472117806,0.0483233858881811,0.0322550340370561,0.0125924211340624,0,0,0,0,0,0,0,0,0,0,0,0,0,0,0
4.77051580252508,0.0486466008684726,0.0323809729184153,0.0125925965754997,0,0,0,0,0,0,0,0,0,0,0,0,0,0,0
4.78051688387209,0.0489710753790162,0.0325069124987375,0.0125925609113094,0,0,0,0,0,0,0,0,0,0,0,0,0,0,0
4.7905179652191,0.0492968094162445,0.0326328506667381,0.0125923141422075,0,0,0,0,0,0,0,0,0,0,0,0,0,0,0
4.80051904656611,0.0496238029554756,0.0327587853111611,0.0125918562731493,0,0,0,0,0,0,0,0,0,0,0,0,0,0,0
4.81052012791313,0.0499520559509125,0.032884714320821,0.0125911873133187,0,0,0,0,0,0,0,0,0,0,0,0,0,0,0
4.82052120926014,0.0502815683356449,0.0330106355846453,0.0125903072761172,0,0,0,0,0,0,0,0,0,0,0,0,0,0,0
4.83052229060715,0.0506123400216503,0.0331365469917166,0.0125892161791529,0,0,0,0,0,0,0,0,0,0,0,0,0,0,0
4.84052337195417,0.0509443708997955,0.0332624464313145,0.012587914044229,0,0,0,0,0,0,0,0,0,0,0,0,0,0,0
4.85052445330118,0.0512776608398392,0.0333883317929579,0.0125864008973336,0,0,0,0,0,0,0,0,0,0,0,0,0,0,0
4.86052553464819,0.051612209690434,0.033514200966446,0.0125846767686282,0,0,0,0,0,0,0,0,0,0,0,0,0,0,0
4.8705266159952,0.0519480172791302,0.0336400518419009,0.0125827416924367,0,0,0,0,0,0,0,0,0,0,0,0,0,0,0
4.88052769734222,0.0522850834123786,0.0337658823098085,0.0125805957072348,0,0,0,0,0,0,0,0,0,0,0,0,0,0,0
4.89052877868923,0.0526234078755346,0.0338916902610603,0.0125782388556383,0,0,0,0,0,0,0,0,0,0,0,0,0,0,0
4.90052986003624,0.0529629904328625,0.0340174735869947,0.012575671184393,0,0,0,0,0,0,0,0,0,0,0,0,0,0,0
4.91053094138326,0.0533038308275401,0.0341432301794381,0.012572892744363,0,0,0,0,0,0,0,0,0,0,0,0,0,0,0
4.92053202273027,0.0536459287816636,0.0342689579307462,0.0125699035905198,0,0,0,0,0,0,0,0,0,0,0,0,0,0,0
4.93053310407728,0.0539892839962537,0.034394654733845,0.0125667037819316,0,0,0,0,0,0,0,0,0,0,0,0,0,0,0
4.94053418542429,0.0543338961512606,0.0345203184822717,0.0125632933817521,0,0,0,0,0,0,0,0,0,0,0,0,0,0,0
4.95053526677131,0.0546797649055712,0.0346459470702154,0.0125596724572096,0,0,0,0,0,0,0,0,0,0,0,0,0,0,0
4.96053634811832,0.0550268898970154,0.0347715383925579,0.0125558410795958,0,0,0,0,0,0,0,0,0,0,0,0,0,0,0
4.97053742946533,0.0553752707423732,0.0348970903449144,0.0125517993242551,0,0,0,0,0,0,0,0,0,0,0,0,0,0,0
4.98053851081234,0.0557249070373822,0.0350226008236737,0.0125475472705733,0,0,0,0,0,0,0,0,0,0,0,0,0,0,0
4.99053959215936,0.0560757983567457,0.0351480677260388,0.012543085001967,0,0,0,0,0,0,0,0,0,0,0,0,0,0,0
5.00054067350637,0.0564279442541413,0.0352734889500669,0.012538412605872,0,0,0,0,0,0,0,0,0,0,0,0,0,0,0
5.01054175485338,0.0567813442622289,0.0353988623947099,0.0125335301737328,0,0,0,0,0,0,0,0,0,0,0,0,0,0,0
5.02054283620039,0.0571359978926607,0.0355241859598543,0.0125284378009916,0,0,0,0,0,0,0,0,0,0,0,0,0,0,0
5.03054391754741,0.0574919046360898,0.0356494575463607,0.0125231355870771,0,0,0,0,0,0,0,0,0,0,0,0,0,0,0
5.04054499889442,0.0578490639621812,0.0357746750561044,0.0125176236353933,0,0,0,0,0,0,0,0,0,0,0,0,0,0,0
5.05054608024143,0.0582074753196215,0.0358998363920144,0.0125119020533091,0,0,0,0,0,0,0,0,0,0,0,0,0,0,0
5.06054716158845,0.0585671381361294,0.0360249394581135,0.0125059709521469,0,0,0,0,0,0,0,0,0,0,0,0,0,0,0
5.07054824293546,0.0589280518184676,0.0361499821595574,0.0124998304471715,0,0,0,0,0,0,0,0,0,0,0,0,0,0,0
5.08054932428247,0.0592902157524539,0.0362749624026743,0.0124934806575795,0,0,0,0,0,0,0,0,0,0,0,0,0,0,0
5.09055040562948,0.0596536293029729,0.0363998780950041,0.0124869217064878,0,0,0,0,0,0,0,0,0,0,0,0,0,0,0
5.1005514869765,0.0600182918139887,0.0365247271453377,0.0124801537209232,0,0,0,0,0,0,0,0,0,0,0,0,0,0,0
5.11055256832351,0.0603842026085575,0.0366495074637556,0.0124731768318107,0,0,0,0,0,0,0,0,0,0,0,0,0,0,0
5.12055364967052,0.0607513609888406,0.0367742169616674,0.0124659911739634,0,0,0,0,0,0,0,0,0,0,0,0,0,0,0
5.13055473101754,0.061119766236118,0.0368988535518504,0.0124585968860704,0,0,0,0,0,0,0,0,0,0,0,0,0,0,0
5.14055581236455,0.0614894176108021,0.037023415148488,0.0124509941106869,0,0,0,0,0,0,0,0,0,0,0,0,0,0,0
5.15055689371156,0.0618603143524521,0.0371478996672089,0.0124431829942223,0,0,0,0,0,0,0,0,0,0,0,0,0,0,0
5.16055797505857,0.0622324556797889,0.0372723050251251,0.0124351636869298,0,0,0,0,0,0,0,0,0,0,0,0,0,0,0
5.17055905640559,0.0626058407907093,0.0373966291408705,0.0124269363428952,0,0,0,0,0,0,0,0,0,0,0,0,0,0,0
5.1805601377526,0.0629804688623026,0.0375208699346392,0.0124185011200259,0,0,0,0,0,0,0,0,0,0,0,0,0,0,0
5.19056121909961,0.0633563390508651,0.0376450253282235,0.0124098581800397,0,0,0,0,0,0,0,0,0,0,0,0,0,0,0
5.20056230044662,0.0637334504919175,0.0377690932450522,0.0124010076884542,0,0,0,0,0,0,0,0,0,0,0,0,0,0,0
5.21056338179364,0.0641118023002205,0.0378930716102284,0.0123919498145757,0,0,0,0,0,0,0,0,0,0,0,0,0,0,0
5.22056446314065,0.0644913935697923,0.0380169583505671,0.0123826847314878,0,0,0,0,0,0,0,0,0,0,0,0,0,0,0
5.23056554448766,0.0648722233739257,0.0381407513946335,0.012373212616041,0,0,0,0,0,0,0,0,0,0,0,0,0,0,0
5.24056662583468,0.0652542907652057,0.0382644486727801,0.0123635336488412,0,0,0,0,0,0,0,0,0,0,0,0,0,0,0
5.25056770718169,0.0656375947755278,0.0383880481171844,0.0123536480142391,0,0,0,0,0,0,0,0,0,0,0,0,0,0,0
5.2605687885287,0.0660221344161164,0.0385115476618864,0.0123435559003189,0,0,0,0,0,0,0,0,0,0,0,0,0,0,0
5.27056986987571,0.0664079086775434,0.0386349452428256,0.0123332574988874,0,0,0,0,0,0,0,0,0,0,0,0,0,0,0
5.28057095122273,0.0667949165297476,0.0387582387978785,0.0123227530054632,0,0,0,0,0,0,0,0,0,0,0,0,0,0,0
5.29057203256974,0.0671831569220539,0.0388814262668953,0.0123120426192653,0,0,0,0,0,0,0,0,0,0,0,0,0,0,0
5.30057311391675,0.067572628783194,0.0390045055917373,0.0123011265432026,0,0,0,0,0,0,0,0,0,0,0,0,0,0,0
5.31057419526376,0.0679633310213257,0.0391274747163135,0.0122900049838622,0,0,0,0,0,0,0,0,0,0,0,0,0,0,0
5.32057527661078,0.0683552625240544,0.0392503315866171,0.0122786781514993,0,0,0,0,0,0,0,0,0,0,0,0,0,0,0
5.33057635795779,0.0687484221584537,0.0393730741507626,0.0122671462600256,0,0,0,0,0,0,0,0,0,0,0,0,0,0,0
5.3405774393048,0.0691428087710868,0.0394957003590221,0.0122554095269981,0,0,0,0,0,0,0,0,0,0,0,0,0,0,0
5.35057852065182,0.0695384211880283,0.0396182081638616,0.012243468173609,0,0,0,0,0,0,0,0,0,0,0,0,0,0,0
5.36057960199883,0.0699352582148867,0.0397405955199772,0.0122313224246738,0,0,0,0,0,0,0,0,0,0,0,0,0,0,0
5.37058068334584,0.0703333186368261,0.0398628603843319,0.0122189725086207,0,0,0,0,0,0,0,0,0,0,0,0,0,0,0
5.38058176469285,0.0707326012185898,0.0399850007161909,0.0122064186574795,0,0,0,0,0,0,0,0,0,0,0,0,0,0,0
5.39058284603987,0.0711331047045232,0.0401070144771582,0.0121936611068708,0,0,0,0,0,0,0,0,0,0,0,0,0,0,0
5.40058392738688,0.0715348278185973,0.0402288996312118,0.0121807000959947,0,0,0,0,0,0,0,0,0,0,0,0,0,0,0
5.41058500873389,0.0719377692644326,0.0403506541447401,0.0121675358676202,0,0,0,0,0,0,0,0,0,0,0,0,0,0,0
5.4205860900809,0.0723419277253236,0.0404722759865772,0.0121541686680736,0,0,0,0,0,0,0,0,0,0,0,0,0,0,0
5.43058717142792,0.0727473018642635,0.0405937631280384,0.0121405987472281,0,0,0,0,0,0,0,0,0,0,0,0,0,0,0
5.44058825277493,0.0731538903239687,0.0407151135429558,0.0121268263584927,0,0,0,0,0,0,0,0,0,0,0,0,0,0,0
5.45058933412194,0.0735616917269046,0.0408363252077134,0.0121128517588007,0,0,0,0,0,0,0,0,0,0,0,0,0,0,0
5.46059041546896,0.0739707046753111,0.0409573961012823,0.0120986752085993,0,0,0,0,0,0,0,0,0,0,0,0,0,0,0
5.47059149681597,0.074380927751229,0.0410783242052563,0.0120842969718384,0,0,0,0,0,0,0,0,0,0,0,0,0,0,0
5.48059257816298,0.0747923595165256,0.0411991075038859,0.0120697173159594,0,0,0,0,0,0,0,0,0,0,0,0,0,0,0
5.49059365950999,0.0752049985129225,0.0413197439841142,0.0120549365118846,0,0,0,0,0,0,0,0,0,0,0,0,0,0,0
5.50059474085701,0.0756188432620217,0.0414402316356107,0.0120399548340059,0,0,0,0,0,0,0,0,0,0,0,0,0,0,0
5.51059582220402,0.0760338922653337,0.0415605684508068,0.0120247725601738,0,0,0,0,0,0,0,0,0,0,0,0,0,0,0
5.52059690355103,0.0764501440043052,0.0416807524249298,0.0120093899716866,0,0,0,0,0,0,0,0,0,0,0,0,0,0,0
5.53059798489804,0.076867596940347,0.0418007815560376,0.0119938073532791,0,0,0,0,0,0,0,0,0,0,0,0,0,0,0
5.54059906624506,0.0772862495148627,0.0419206538450527,0.011978024993112,0,0,0,0,0,0,0,0,0,0,0,0,0,0,0
5.55060014759207,0.0777061001492773,0.0420403672957967,0.0119620431827607,0,0,0,0,0,0,0,0,0,0,0,0,0,0,0
5.56060122893908,0.0781271472450664,0.0421599199150243,0.0119458622172042,0,0,0,0,0,0,0,0,0,0,0,0,0,0,0
5.5706023102861,0.0785493891837863,0.0422793097124575,0.0119294823948141,0,0,0,0,0,0,0,0,0,0,0,0,0,0,0
5.58060339163311,0.0789728243271027,0.0423985347008187,0.0119129040173439,0,0,0,0,0,0,0,0,0,0,0,0,0,0,0
5.59060447298012,0.0793974510168222,0.0425175928958657,0.0118961273899177,0,0,0,0,0,0,0,0,0,0,0,0,0,0,0
5.60060555432713,0.0798232675749214,0.0426364823164241,0.0118791528210194,0,0,0,0,0,0,0,0,0,0,0,0,0,0,0
5.61060663567415,0.0802502723035791,0.0427552009844218,0.0118619806224815,0,0,0,0,0,0,0,0,0,0,0,0,0,0,0
5.62060771702116,0.0806784634852066,0.042873746924922,0.0118446111094743,0,0,0,0,0,0,0,0,0,0,0,0,0,0,0
5.63060879836817,0.0811078393824797,0.0429921181661563,0.0118270446004947,0,0,0,0,0,0,0,0,0,0,0,0,0,0,0
5.64060987971518,0.08153839823837,0.0431103127395587,0.0118092814173553,0,0,0,0,0,0,0,0,0,0,0,0,0,0,0
5.6506109610622,0.081970138276178,0.0432283286797979,0.0117913218851738,0,0,0,0,0,0,0,0,0,0,0,0,0,0,0
5.66061204240921,0.0824030576995646,0.0433461640248105,0.0117731663323611,0,0,0,0,0,0,0,0,0,0,0,0,0,0,0
5.67061312375622,0.0828371546925847,0.0434638168158342,0.0117548150906111,0,0,0,0,0,0,0,0,0,0,0,0,0,0,0
5.68061420510324,0.08327242741972,0.0435812850974404,0.0117362684948894,0,0,0,0,0,0,0,0,0,0,0,0,0,0,0
5.69061528645025,0.0837088740259126,0.0436985669175666,0.0117175268834223,0,0,0,0,0,0,0,0,0,0,0,0,0,0,0
5.70061636779726,0.0841464926365988,0.0438156603275495,0.0116985905976859,0,0,0,0,0,0,0,0,0,0,0,0,0,0,0
5.71061744914427,0.0845852813577434,0.0439325633821568,0.011679459982395,0,0,0,0,0,0,0,0,0,0,0,0,0,0,0
5.72061853049129,0.0850252382758741,0.0440492741396201,0.011660135385492,0,0,0,0,0,0,0,0,0,0,0,0,0,0,0
5.7306196118383,0.0854663614581161,0.0441657906616667,0.0116406171581363,0,0,0,0,0,0,0,0,0,0,0,0,0,0,0
5.74062069318531,0.0859086489522274,0.0442821110135523,0.0116209056546929,0,0,0,0,0,0,0,0,0,0,0,0,0,0,0
5.75062177453232,0.0863520987866344,0.0443982332640922,0.0116010012327215,0,0,0,0,0,0,0,0,0,0,0,0,0,0,0
5.76062285587934,0.0867967089704674,0.0445141554856937,0.0115809042529656,0,0,0,0,0,0,0,0,0,0,0,0,0,0,0
5.77062393722635,0.0872424774935969,0.0446298757543881,0.0115606150793415,0,0,0,0,0,0,0,0,0,0,0,0,0,0,0
5.78062501857336,0.0876894023266695,0.0447453921498616,0.0115401340789272,0,0,0,0,0,0,0,0,0,0,0,0,0,0,0
5.79062609992038,0.0881374814211456,0.0448607027554877,0.0115194616219515,0,0,0,0,0,0,0,0,0,0,0,0,0,0,0
5.80062718126739,0.0885867127093353,0.0449758056583582,0.0114985980817829,0,0,0,0,0,0,0,0,0,0,0,0,0,0,0
5.8106282626144,0.0890370941044366,0.0450906989493147,0.0114775438349186,0,0,0,0,0,0,0,0,0,0,0,0,0,0,0
5.82062934396141,0.0894886235005726,0.0452053807229796,0.0114562992609738,0,0,0,0,0,0,0,0,0,0,0,0,0,0,0
5.83063042530843,0.0899412987728295,0.0453198490777875,0.0114348647426703,0,0,0,0,0,0,0,0,0,0,0,0,0,0,0
5.84063150665544,0.0903951177772952,0.0454341021160162,0.0114132406658256,0,0,0,0,0,0,0,0,0,0,0,0,0,0,0
5.85063258800245,0.0908500783510975,0.0455481379438174,0.0113914274193421,0,0,0,0,0,0,0,0,0,0,0,0,0,0,0
5.86063366934947,0.0913061783124434,0.0456619546712478,0.011369425395196,0,0,0,0,0,0,0,0,0,0,0,0,0,0,0
5.87063475069648,0.0917634154606577,0.0457755504122994,0.0113472349884262,0,0,0,0,0,0,0,0,0,0,0,0,0,0,0
5.88063583204349,0.0922217875762232,0.0458889232849304,0.0113248565971233,0,0,0,0,0,0,0,0,0,0,0,0,0,0,0
5.8906369133905,0.0926812924208202,0.0460020714110956,0.0113022906224189,0,0,0,0,0,0,0,0,0,0,0,0,0,0,0
5.90063799473752,0.0931419277373664,0.0461149929167766,0.0112795374684742,0,0,0,0,0,0,0,0,0,0,0,0,0,0,0
5.91063907608453,0.0936036912500577,0.0462276859320122,0.0112565975424692,0,0,0,0,0,0,0,0,0,0,0,0,0,0,0
5.92064015743154,0.0940665806644089,0.0463401485909285,0.0112334712545919,0,0,0,0,0,0,0,0,0,0,0,0,0,0,0
5.93064123877855,0.0945305936672944,0.0464523790317688,0.0112101590180268,0,0,0,0,0,0,0,0,0,0,0,0,0,0,0
5.94064232012557,0.0949957279269898,0.046564375396924,0.0111866612489444,0,0,0,0,0,0,0,0,0,0,0,0,0,0,0
5.95064340147258,0.0954619810932134,0.0466761358329616,0.0111629783664899,0,0,0,0,0,0,0,0,0,0,0,0,0,0,0
5.96064448281959,0.0959293507971684,0.046787658490656,0.0111391107927723,0,0,0,0,0,0,0,0,0,0,0,0,0,0,0
5.97064556416661,0.0963978346515847,0.0468989415250179,0.0111150589528535,0,0,0,0,0,0,0,0,0,0,0,0,0,0,0
5.98064664551362,0.0968674302507617,0.047009983095324,0.0110908232747372,0,0,0,0,0,0,0,0,0,0,0,0,0,0,0
5.99064772686063,0.097338135170611,0.047120781365146,0.0110664041893577,0,0,0,0,0,0,0,0,0,0,0,0,0,0,0
6.00064880820764,0.0978099469686995,0.0472313345023798,0.0110418021305693,0,0,0,0,0,0,0,0,0,0,0,0,0,0,0
6.01064988955466,0.0982828631842929,0.0473416406792752,0.0110170175351351,0,0,0,0,0,0,0,0,0,0,0,0,0,0,0
6.02065097090167,0.0987568813383993,0.0474516980724646,0.010992050842716,0,0,0,0,0,0,0,0,0,0,0,0,0,0,0
6.03065205224868,0.0992319989338131,0.0475615048629917,0.0109669024958597,0,0,0,0,0,0,0,0,0,0,0,0,0,0,0
6.0406531335957,0.0997082134551595,0.0476710592363406,0.0109415729399897,0,0,0,0,0,0,0,0,0,0,0,0,0,0,0
6.05065421494271,0.100185522368939,0.0477803593824646,0.0109160626233944,0,0,0,0,0,0,0,0,0,0,0,0,0,0,0
6.06065529628972,0.100663923123571,0.0478894034958147,0.010890371997216,0,0,0,0,0,0,0,0,0,0,0,0,0,0,0
6.07065637763673,0.101143413149442,0.0479981897753676,0.0108645015154395,0,0,0,0,0,0,0,0,0,0,0,0,0,0,0
6.08065745898375,0.101623989858948,0.0481067164246551,0.0108384516348816,0,0,0,0,0,0,0,0,0,0,0,0,0,0,0
6.09065854033076,0.102105650646542,0.0482149816517912,0.0108122228151803,0,0,0,0,0,0,0,0,0,0,0,0,0,0,0
6.10065962167777,0.102588392888777,0.0483229836695014,0.0107858155187828,0,0,0,0,0,0,0,0,0,0,0,0,0,0,0
6.11066070302478,0.103072213944357,0.0484307206951497,0.0107592302109356,0,0,0,0,0,0,0,0,0,0,0,0,0,0,0
6.1206617843718,0.10355711115418,0.0485381909507673,0.0107324673596728,0,0,0,0,0,0,0,0,0,0,0,0,0,0,0
6.13066286571881,0.104043081841386,0.04864539266308,0.0107055274358056,0,0,0,0,0,0,0,0,0,0,0,0,0,0,0
6.14066394706582,0.104530123311404,0.0487523240635363,0.0106784109129108,0,0,0,0,0,0,0,0,0,0,0,0,0,0,0
6.15066502841283,0.105018232851999,0.0488589833883343,0.0106511182673201,0,0,0,0,0,0,0,0,0,0,0,0,0,0,0
6.16066610975985,0.105507407733321,0.0489653688784502,0.0106236499781092,0,0,0,0,0,0,0,0,0,0,0,0,0,0,0
6.17066719110686,0.10599764520795,0.0490714787796647,0.0105960065270864,0,0,0,0,0,0,0,0,0,0,0,0,0,0,0
6.18066827245387,0.106488942510947,0.049177311342591,0.0105681883987822,0,0,0,0,0,0,0,0,0,0,0,0,0,0,0
6.19066935380089,0.106981296859902,0.0492828648227017,0.0105401960804376,0,0,0,0,0,0,0,0,0,0,0,0,0,0,0
6.2006704351479,0.107474705454981,0.0493881374803556,0.0105120300619937,0,0,0,0,0,0,0,0,0,0,0,0,0,0,0
6.21067151649491,0.107969165478979,0.0494931275808252,0.0104836908360805,0,0,0,0,0,0,0,0,0,0,0,0,0,0,0
6.22067259784192,0.108464674097363,0.049597833394323,0.0104551788980055,0,0,0,0,0,0,0,0,0,0,0,0,0,0,0
6.23067367918894,0.108961228458327,0.0497022531960286,0.0104264947457436,0,0,0,0,0,0,0,0,0,0,0,0,0,0,0
6.24067476053595,0.10945882569284,0.0498063852661151,0.0103976388799251,0,0,0,0,0,0,0,0,0,0,0,0,0,0,0
6.25067584188296,0.109957462914695,0.0499102278897756,0.0103686118038256,0,0,0,0,0,0,0,0,0,0,0,0,0,0,0
6.26067692322998,0.110457137220561,0.05001377935725,0.0103394140233542,0,0,0,0,0,0,0,0,0,0,0,0,0,0,0
6.27067800457699,0.110957845690033,0.0501170379638506,0.010310046047043,0,0,0,0,0,0,0,0,0,0,0,0,0,0,0
6.280679085924,0.111459585385682,0.0502200020099887,0.0102805083860362,0,0,0,0,0,0,0,0,0,0,0,0,0,0,0
6.29068016727101,0.111962353353107,0.0503226698012009,0.0102508015540787,0,0,0,0,0,0,0,0,0,0,0,0,0,0,0
6.30068124861803,0.112466146620988,0.0504250396481744,0.0102209260675052,0,0,0,0,0,0,0,0,0,0,0,0,0,0,0
6.31068232996504,0.112970962201133,0.0505271098667735,0.0101908824452294,0,0,0,0,0,0,0,0,0,0,0,0,0,0,0
6.32068341131205,0.113476797088535,0.0506288787780648,0.010160671208733,0,0,0,0,0,0,0,0,0,0,0,0,0,0,0
6.33068449265906,0.113983648261421,0.0507303447083433,0.0101302928820543,0,0,0,0,0,0,0,0,0,0,0,0,0,0,0
6.34068557400608,0.114491512681306,0.0508315059891575,0.0100997479917779,0,0,0,0,0,0,0,0,0,0,0,0,0,0,0
6.35068665535309,0.115000387293045,0.0509323609573351,0.010069037067023,0,0,0,0,0,0,0,0,0,0,0,0,0,0,0
6.3606877367001,0.115510269024886,0.0510329079550082,0.0100381606394328,0,0,0,0,0,0,0,0,0,0,0,0,0,0,0
6.37068881804711,0.116021154788522,0.0511331453296385,0.0100071192431633,0,0,0,0,0,0,0,0,0,0,0,0,0,0,0
6.38068989939413,0.116533041479146,0.0512330714340422,0.00997591341487268,0,0,0,0,0,0,0,0,0,0,0,0,0,0,0
6.39069098074114,0.117045925975507,0.0513326846264153,0.00994454369370976,0,0,0,0,0,0,0,0,0,0,0,0,0,0,0
6.40069206208815,0.117559805139956,0.0514319832703583,0.00991301062130339,0,0,0,0,0,0,0,0,0,0,0,0,0,0,0
6.41069314343517,0.118074675818511,0.0515309657349008,0.00988131474175135,0,0,0,0,0,0,0,0,0,0,0,0,0,0,0
6.42069422478218,0.118590534840901,0.0516296303945263,0.0098494566016093,0,0,0,0,0,0,0,0,0,0,0,0,0,0,0
6.43069530612919,0.119107379020629,0.0517279756291968,0.00981743674987986,0,0,0,0,0,0,0,0,0,0,0,0,0,0,0
6.4406963874762,0.119625205155021,0.0518259998243769,0.00978525573800148,0,0,0,0,0,0,0,0,0,0,0,0,0,0,0
6.45069746882322,0.120144010025285,0.0519237013710585,0.00975291411983772,0,0,0,0,0,0,0,0,0,0,0,0,0,0,0
6.46069855017023,0.120663790396564,0.0520210786657848,0.00972041245166591,0,0,0,0,0,0,0,0,0,0,0,0,0,0,0
6.47069963151724,0.121184543017992,0.0521181301106742,0.00968775129216635,0,0,0,0,0,0,0,0,0,0,0,0,0,0,0
6.48070071286426,0.121706264622753,0.0522148541134448,0.00965493120241131,0,0,0,0,0,0,0,0,0,0,0,0,0,0,0
6.49070179421127,0.122228951928132,0.0523112490874377,0.00962195274585398,0,0,0,0,0,0,0,0,0,0,0,0,0,0,0
6.50070287555828,0.122752601635575,0.0524073134516412,0.00958881648831749,0,0,0,0,0,0,0,0,0,0,0,0,0,0,0
6.51070395690529,0.123277210430745,0.052503045630714,0.00955552299798391,0,0,0,0,0,0,0,0,0,0,0,0,0,0,0
6.52070503825231,0.123802774983576,0.0525984440550091,0.00952207284538326,0,0,0,0,0,0,0,0,0,0,0,0,0,0,0
6.53070611959932,0.124329291948335,0.0526935071605972,0.00948846660338253,0,0,0,0,0,0,0,0,0,0,0,0,0,0,0
6.54070720094633,0.124856757963676,0.0527882333892898,0.00945470484717464,0,0,0,0,0,0,0,0,0,0,0,0,0,0,0
6.55070828229334,0.125385169652697,0.0528826211886626,0.0094207881542674,0,0,0,0,0,0,0,0,0,0,0,0,0,0,0
6.56070936364036,0.125914523623002,0.0529766690120786,0.00938671710447274,0,0,0,0,0,0,0,0,0,0,0,0,0,0,0
6.57071044498737,0.126444816466752,0.0530703753187108,0.0093524922798954,0,0,0,0,0,0,0,0,0,0,0,0,0,0,0
6.58071152633438,0.126976044760729,0.0531637385735655,0.00931811426492211,0,0,0,0,0,0,0,0,0,0,0,0,0,0,0
6.59071260768139,0.127508205066395,0.0532567572475049,0.00928358364621064,0,0,0,0,0,0,0,0,0,0,0,0,0,0,0
6.60071368902841,0.128041293929944,0.0533494298172695,0.00924890101267863,0,0,0,0,0,0,0,0,0,0,0,0,0,0,0
6.61071477037542,0.128575307882369,0.0534417547655011,0.00921406695549276,0,0,0,0,0,0,0,0,0,0,0,0,0,0,0
6.62071585172243,0.129110243439515,0.0535337305807648,0.00917908206805763,0,0,0,0,0,0,0,0,0,0,0,0,0,0,0
6.63071693306945,0.129646097102142,0.0536253557575717,0.00914394694600485,0,0,0,0,0,0,0,0,0,0,0,0,0,0,0
6.64071801441646,0.130182865355982,0.0537166287964009,0.00910866218718202,0,0,0,0,0,0,0,0,0,0,0,0,0,0,0
6.65071909576347,0.130720544671802,0.0538075482037216,0.00907322839164164,0,0,0,0,0,0,0,0,0,0,0,0,0,0,0
6.66072017711048,0.131259131505461,0.0538981124920153,0.00903764616163032,0,0,0,0,0,0,0,0,0,0,0,0,0,0,0
6.6707212584575,0.131798622297971,0.0539883201797973,0.00900191610157755,0,0,0,0,0,0,0,0,0,0,0,0,0,0,0
6.68072233980451,0.132339013475558,0.0540781697916389,0.00896603881808485,0,0,0,0,0,0,0,0,0,0,0,0,0,0,0
6.69072342115152,0.132880301449723,0.0541676598581888,0.00893001491991468,0,0,0,0,0,0,0,0,0,0,0,0,0,0,0
6.70072450249854,0.133422482617303,0.054256788916195,0.00889384501797962,0,0,0,0,0,0,0,0,0,0,0,0,0,0,0
6.71072558384555,0.13396555336053,0.0543455555085256,0.00885752972533107,0,0,0,0,0,0,0,0,0,0,0,0,0,0,0
6.72072666519256,0.134509510047095,0.0544339581841907,0.00882106965714859,0,0,0,0,0,0,0,0,0,0,0,0,0,0,0
6.73072774653957,0.135054349030206,0.0545219954983636,0.00878446543072863,0,0,0,0,0,0,0,0,0,0,0,0,0,0,0
6.74072882788659,0.135600066648656,0.0546096660124014,0.00874771766547369,0,0,0,0,0,0,0,0,0,0,0,0,0,0,0
6.7507299092336,0.136146659226877,0.0546969682938669,0.00871082698288128,0,0,0,0,0,0,0,0,0,0,0,0,0,0,0
6.76073099058061,0.13669412307501,0.0547839009165485,0.00867379400653288,0,0,0,0,0,0,0,0,0,0,0,0,0,0,0
6.77073207192762,0.13724245448896,0.0548704624604817,0.00863661936208305,0,0,0,0,0,0,0,0,0,0,0,0,0,0,0
6.78073315327464,0.137791649750464,0.0549566515119696,0.00859930367724827,0,0,0,0,0,0,0,0,0,0,0,0,0,0,0
6.79073423462165,0.138341705127153,0.0550424666636031,0.00856184758179612,0,0,0,0,0,0,0,0,0,0,0,0,0,0,0
6.80073531596866,0.138892616872611,0.0551279065142821,0.00852425170753418,0,0,0,0,0,0,0,0,0,0,0,0,0,0,0
6.81073639731567,0.139444381226444,0.0552129696692351,0.00848651668829902,0,0,0,0,0,0,0,0,0,0,0,0,0,0,0
6.82073747866269,0.139996994414338,0.0552976547400398,0.00844864315994524,0,0,0,0,0,0,0,0,0,0,0,0,0,0,0
6.8307385600097,0.140550452648127,0.0553819603446433,0.0084106317603345,0,0,0,0,0,0,0,0,0,0,0,0,0,0,0
6.84073964135671,0.141104752125855,0.0554658851073819,0.00837248312932443,0,0,0,0,0,0,0,0,0,0,0,0,0,0,0
6.85074072270373,0.141659889031838,0.0555494276590011,0.00833419790875778,0,0,0,0,0,0,0,0,0,0,0,0,0,0,0
6.86074180405074,0.142215859536731,0.0556325866366754,0.00829577674245126,0,0,0,0,0,0,0,0,0,0,0,0,0,0,0
6.87074288539775,0.142772659797593,0.055715360684028,0.00825722027618461,0,0,0,0,0,0,0,0,0,0,0,0,0,0,0
6.88074396674476,0.143330285957949,0.0557977484511505,0.0082185291576897,0,0,0,0,0,0,0,0,0,0,0,0,0,0,0
6.89074504809178,0.143888734147854,0.055879748594622,0.00817970403663936,0,0,0,0,0,0,0,0,0,0,0,0,0,0,0
6.90074612943879,0.144448000483964,0.0559613597775289,0.00814074556463644,0,0,0,0,0,0,0,0,0,0,0,0,0,0,0
6.9107472107858,0.145008081069592,0.0560425806694838,0.00810165439520297,0,0,0,0,0,0,0,0,0,0,0,0,0,0,0
6.92074829213282,0.145568971994783,0.0561234099466447,0.0080624311837689,0,0,0,0,0,0,0,0,0,0,0,0,0,0,0
6.93074937347983,0.146130669336372,0.0562038462917344,0.00802307658766126,0,0,0,0,0,0,0,0,0,0,0,0,0,0,0
6.94075045482684,0.146693169158055,0.0562838883940589,0.00798359126609317,0,0,0,0,0,0,0,0,0,0,0,0,0,0,0
6.95075153617385,0.14725646751045,0.0563635349495264,0.00794397588015277,0,0,0,0,0,0,0,0,0,0,0,0,0,0,0
6.96075261752087,0.147820560431167,0.0564427846606662,0.00790423109279231,0,0,0,0,0,0,0,0,0,0,0,0,0,0,0
6.97075369886788,0.148385443944875,0.056521636236647,0.00786435756881705,0,0,0,0,0,0,0,0,0,0,0,0,0,0,0
6.98075478021489,0.148951114063363,0.0566000883932954,0.00782435597487436,0,0,0,0,0,0,0,0,0,0,0,0,0,0,0
6.9907558615619,0.149517566785613,0.0566781398531146,0.00778422697944263,0,0,0,0,0,0,0,0,0,0,0,0,0,0,0
7.00075694290892,0.150084798097862,0.0567557893453023,0.00774397125282037,0,0,0,0,0,0,0,0,0,0,0,0,0,0,0
7.01075802425593,0.150652803973673,0.0568330356057688,0.00770358946711513,0,0,0,0,0,0,0,0,0,0,0,0,0,0,0
7.02075910560294,0.151221580374,0.0569098773771555,0.00766308229623255,0,0,0,0,0,0,0,0,0,0,0,0,0,0,0
7.03076018694995,0.151791123247256,0.0569863134088523,0.00762245041586538,0,0,0,0,0,0,0,0,0,0,0,0,0,0,0
7.04076126829697,0.152361428529378,0.0570623424570158,0.0075816945034823,0,0,0,0,0,0,0,0,0,0,0,0,0,0,0
7.05076234964398,0.1529324921439,0.0571379632845868,0.00754081523831733,0,0,0,0,0,0,0,0,0,0,0,0,0,0,0
7.06076343099099,0.153504310002017,0.0572131746613078,0.00749981330135835,0,0,0,0,0,0,0,0,0,0,0,0,0,0,0
7.07076451233801,0.154076878002654,0.057287975363741,0.00745868937533647,0,0,0,0,0,0,0,0,0,0,0,0,0,0,0
7.08076559368502,0.154650192032535,0.057362364175285,0.00741744414471474,0,0,0,0,0,0,0,0,0,0,0,0,0,0,0
7.09076667503203,0.15522424796625,0.0574363398861924,0.00737607829567751,0,0,0,0,0,0,0,0,0,0,0,0,0,0,0
7.10076775637905,0.155799041666326,0.0575099012935871,0.00733459251611907,0,0,0,0,0,0,0,0,0,0,0,0,0,0,0
7.11076883772606,0.156374568983293,0.0575830472014812,0.00729298749563282,0,0,0,0,0,0,0,0,0,0,0,0,0,0,0
7.12076991907307,0.156950825755755,0.0576557764207918,0.00725126392550037,0,0,0,0,0,0,0,0,0,0,0,0,0,0,0
7.13077100042008,0.157527807810458,0.0577280877693582,0.0072094224986803,0,0,0,0,0,0,0,0,0,0,0,0,0,0,0
7.1407720817671,0.158105510962361,0.0577999800719578,0.0071674639097974,0,0,0,0,0,0,0,0,0,0,0,0,0,0,0
7.15077316311411,0.158683931014702,0.057871452160324,0.00712538885513149,0,0,0,0,0,0,0,0,0,0,0,0,0,0,0
7.16077424446112,0.159263063759073,0.0579425028731615,0.0070831980326066,0,0,0,0,0,0,0,0,0,0,0,0,0,0,0
7.17077532580813,0.159842904975485,0.0580131310561636,0.00704089214177978,0,0,0,0,0,0,0,0,0,0,0,0,0,0,0
7.18077640715515,0.160423450432438,0.0580833355620274,0.00699847188383018,0,0,0,0,0,0,0,0,0,0,0,0,0,0,0
7.19077748850216,0.161004695886996,0.0581531152504712,0.00695593796154822,0,0,0,0,0,0,0,0,0,0,0,0,0,0,0
7.20077856984917,0.161586637084853,0.0582224689882498,0.00691329107932428,0,0,0,0,0,0,0,0,0,0,0,0,0,0,0
7.21077965119618,0.162169269760402,0.0582913956491705,0.00687053194313795,0,0,0,0,0,0,0,0,0,0,0,0,0,0,0
7.2207807325432,0.162752589636814,0.0583598941141092,0.00682766126054692,0,0,0,0,0,0,0,0,0,0,0,0,0,0,0
7.23078181389021,0.163336592426097,0.0584279632710259,0.00678467974067602,0,0,0,0,0,0,0,0,0,0,0,0,0,0,0
7.24078289523722,0.163921273829176,0.0584956020149806,0.00674158809420624,0,0,0,0,0,0,0,0,0,0,0,0,0,0,0
7.25078397658424,0.16450662953596,0.0585628092481482,0.00669838703336365,0,0,0,0,0,0,0,0,0,0,0,0,0,0,0
7.26078505793125,0.165092655225415,0.0586295838798347,0.00665507727190847,0,0,0,0,0,0,0,0,0,0,0,0,0,0,0
7.27078613927826,0.165679346565633,0.058695924826492,0.0066116595251241,0,0,0,0,0,0,0,0,0,0,0,0,0,0,0
7.28078722062527,0.166266699213908,0.0587618310117331,0.0065681345098061,0,0,0,0,0,0,0,0,0,0,0,0,0,0,0
7.29078830197229,0.166854708816802,0.0588273013663474,0.00652450294425105,0,0,0,0,0,0,0,0,0,0,0,0,0,0,0
7.3007893833193,0.167443371010221,0.0588923348283152,0.00648076554824579,0,0,0,0,0,0,0,0,0,0,0,0,0,0,0
7.31079046466631,0.168032681419486,0.0589569303428232,0.00643692304305632,0,0,0,0,0,0,0,0,0,0,0,0,0,0,0
7.32079154601333,0.168622635659403,0.0590210868622787,0.00639297615141671,0,0,0,0,0,0,0,0,0,0,0,0,0,0,0
7.33079262736034,0.169213229334339,0.0590848033463245,0.00634892559751827,0,0,0,0,0,0,0,0,0,0,0,0,0,0,0
7.34079370870735,0.169804458038292,0.0591480787618532,0.00630477210699844,0,0,0,0,0,0,0,0,0,0,0,0,0,0,0
7.35079479005436,0.170396317354965,0.0592109120830219,0.00626051640692979,0,0,0,0,0,0,0,0,0,0,0,0,0,0,0
7.36079587140138,0.170988802857835,0.0592733022912663,0.00621615922580908,0,0,0,0,0,0,0,0,0,0,0,0,0,0,0
7.37079695274839,0.171581910110232,0.059335248375315,0.00617170129354627,0,0,0,0,0,0,0,0,0,0,0,0,0,0,0
7.3807980340954,0.172175634665407,0.0593967493312031,0.00612714334145339,0,0,0,0,0,0,0,0,0,0,0,0,0,0,0
7.39079911544241,0.172769972066607,0.0594578041622873,0.00608248610223377,0,0,0,0,0,0,0,0,0,0,0,0,0,0,0
7.40080019678943,0.173364917847148,0.0595184118792584,0.00603773030997086,0,0,0,0,0,0,0,0,0,0,0,0,0,0,0
7.41080127813644,0.173960467530489,0.0595785715001559,0.00599287670011719,0,0,0,0,0,0,0,0,0,0,0,0,0,0,0
7.42080235948345,0.174556616630307,0.0596382820503816,0.00594792600948362,0,0,0,0,0,0,0,0,0,0,0,0,0,0,0
7.43080344083047,0.175153360650564,0.0596975425627127,0.00590287897622813,0,0,0,0,0,0,0,0,0,0,0,0,0,0,0
7.44080452217748,0.17575069508559,0.0597563520773156,0.00585773633984486,0,0,0,0,0,0,0,0,0,0,0,0,0,0,0
7.45080560352449,0.176348615420152,0.059814709641759,0.00581249884115321,0,0,0,0,0,0,0,0,0,0,0,0,0,0,0
7.4608066848715,0.176947117129526,0.0598726143110272,0.00576716722228668,0,0,0,0,0,0,0,0,0,0,0,0,0,0,0
7.47080776621852,0.177546195679577,0.0599300651475332,0.00572174222668201,0,0,0,0,0,0,0,0,0,0,0,0,0,0,0
7.48080884756553,0.17814584652683,0.0599870612211316,0.00567622459906814,0,0,0,0,0,0,0,0,0,0,0,0,0,0,0
7.49080992891254,0.178746065118542,0.0600436016091316,0.00563061508545517,0,0,0,0,0,0,0,0,0,0,0,0,0,0,0
7.50081101025955,0.179346846892782,0.0600996853963096,0.00558491443312349,0,0,0,0,0,0,0,0,0,0,0,0,0,0,0
7.51081209160657,0.179948187278504,0.0601553116749218,0.0055391233906126,0,0,0,0,0,0,0,0,0,0,0,0,0,0,0
7.52081317295358,0.180550081695618,0.0602104795447172,0.00549324270771019,0,0,0,0,0,0,0,0,0,0,0,0,0,0,0
7.53081425430059,0.181152525555071,0.0602651881129492,0.00544727313544128,0,0,0,0,0,0,0,0,0,0,0,0,0,0,0
7.54081533564761,0.181755514258917,0.0603194364943887,0.00540121542605698,0,0,0,0,0,0,0,0,0,0,0,0,0,0,0
7.55081641699462,0.182359043200395,0.0603732238113361,0.00535507033302366,0,0,0,0,0,0,0,0,0,0,0,0,0,0,0
7.56081749834163,0.182963107764005,0.0604265491936332,0.00530883861101192,0,0,0,0,0,0,0,0,0,0,0,0,0,0,0
7.57081857968864,0.18356770332558,0.0604794117786751,0.00526252101588555,0,0,0,0,0,0,0,0,0,0,0,0,0,0,0
7.58081966103566,0.184172825252365,0.0605318107114226,0.0052161183046906,0,0,0,0,0,0,0,0,0,0,0,0,0,0,0
7.59082074238267,0.184778468903093,0.0605837451444135,0.00516963123564429,0,0,0,0,0,0,0,0,0,0,0,0,0,0,0
7.60082182372968,0.185384629628057,0.0606352142377743,0.00512306056812412,0,0,0,0,0,0,0,0,0,0,0,0,0,0,0
7.6108229050767,0.185991302769189,0.060686217159232,0.00507640706265676,0,0,0,0,0,0,0,0,0,0,0,0,0,0,0
7.62082398642371,0.186598483660136,0.0607367530841253,0.00502967148090721,0,0,0,0,0,0,0,0,0,0,0,0,0,0,0
7.63082506777072,0.187206167626336,0.0607868211954162,0.00498285458566753,0,0,0,0,0,0,0,0,0,0,0,0,0,0,0
7.64082614911773,0.187814349985093,0.0608364206837008,0.00493595714084624,0,0,0,0,0,0,0,0,0,0,0,0,0,0,0
7.65082723046475,0.188423026045654,0.0608855507472207,0.00488897991145691,0,0,0,0,0,0,0,0,0,0,0,0,0,0,0
7.66082831181176,0.189032191109288,0.0609342105918741,0.00484192366360747,0,0,0,0,0,0,0,0,0,0,0,0,0,0,0
7.67082939315877,0.189641840469357,0.0609823994312263,0.00479478916448903,0,0,0,0,0,0,0,0,0,0,0,0,0,0,0
7.68083047450578,0.190251969411399,0.061030116486521,0.00474757718236495,0,0,0,0,0,0,0,0,0,0,0,0,0,0,0
7.6908315558528,0.190862573213201,0.0610773609866904,0.00470028848655988,0,0,0,0,0,0,0,0,0,0,0,0,0,0,0
7.70083263719981,0.191473647144876,0.0611241321683662,0.00465292384744871,0,0,0,0,0,0,0,0,0,0,0,0,0,0,0
7.71083371854682,0.192085186468944,0.0611704292758898,0.0046054840364456,0,0,0,0,0,0,0,0,0,0,0,0,0,0,0
7.72083479989383,0.192697186440404,0.0612162515613228,0.0045579698259929,0,0,0,0,0,0,0,0,0,0,0,0,0,0,0
7.73083588124085,0.193309642306812,0.0612615982844572,0.00451038198955025,0,0,0,0,0,0,0,0,0,0,0,0,0,0,0
7.74083696258786,0.193922549308364,0.0613064687128252,0.00446272130158357,0,0,0,0,0,0,0,0,0,0,0,0,0,0,0
7.75083804393487,0.194535902677965,0.0613508621217099,0.00441498853755413,0,0,0,0,0,0,0,0,0,0,0,0,0,0,0
7.76083912528189,0.195149697641313,0.0613947777941544,0.00436718447390722,0,0,0,0,0,0,0,0,0,0,0,0,0,0,0
7.7708402066289,0.195763929416975,0.0614382150209723,0.00431930988806171,0,0,0,0,0,0,0,0,0,0,0,0,0,0,0
7.78084128797591,0.196378593216463,0.0614811731007567,0.00427136555839853,0,0,0,0,0,0,0,0,0,0,0,0,0,0,0
7.79084236932292,0.196993684244313,0.0615236513398905,0.00422335226424991,0,0,0,0,0,0,0,0,0,0,0,0,0,0,0
7.80084345066994,0.197609197698165,0.061565649052555,0.00417527078588844,0,0,0,0,0,0,0,0,0,0,0,0,0,0,0
7.81084453201695,0.198225128768836,0.0616071655607403,0.00412712190451595,0,0,0,0,0,0,0,0,0,0,0,0,0,0,0
7.82084561336396,0.198841472640405,0.0616482001942535,0.00407890640225252,0,0,0,0,0,0,0,0,0,0,0,0,0,0,0
7.83084669471098,0.199458224490284,0.0616887522907284,0.0040306250621256,0,0,0,0,0,0,0,0,0,0,0,0,0,0,0
7.84084777605799,0.200075379489302,0.0617288211956347,0.00398227866805881,0,0,0,0,0,0,0,0,0,0,0,0,0,0,0
7.850848857405,0.20069293280178,0.0617684062622863,0.00393386800486117,0,0,0,0,0,0,0,0,0,0,0,0,0,0,0
7.86084993875201,0.201310879585612,0.0618075068518503,0.00388539385821594,0,0,0,0,0,0,0,0,0,0,0,0,0,0,0
7.87085102009903,0.20192921499234,0.0618461223333563,0.00383685701466966,0,0,0,0,0,0,0,0,0,0,0,0,0,0,0
7.88085210144604,0.202547934167238,0.061884252083704,0.00378825826162126,0,0,0,0,0,0,0,0,0,0,0,0,0,0,0
7.89085318279305,0.203167032249386,0.0619218954876725,0.00373959838731085,0,0,0,0,0,0,0,0,0,0,0,0,0,0,0
7.90085426414006,0.20378650437175,0.0619590519379283,0.00369087818080888,0,0,0,0,0,0,0,0,0,0,0,0,0,0,0
7.91085534548708,0.204406345661262,0.0619957208350331,0.00364209843200517,0,0,0,0,0,0,0,0,0,0,0,0,0,0,0
7.92085642683409,0.2050265512389,0.0620319015874529,0.0035932599315978,0,0,0,0,0,0,0,0,0,0,0,0,0,0,0
7.9308575081811,0.205647116219763,0.0620675936115654,0.00354436347108218,0,0,0,0,0,0,0,0,0,0,0,0,0,0,0
7.94085858952811,0.206268035713154,0.0621027963316681,0.00349540984274001,0,0,0,0,0,0,0,0,0,0,0,0,0,0,0
7.95085967087513,0.206889304822659,0.0621375091799859,0.00344639983962829,0,0,0,0,0,0,0,0,0,0,0,0,0,0,0
7.96086075222214,0.207510918646224,0.0621717315966791,0.00339733425556843,0,0,0,0,0,0,0,0,0,0,0,0,0,0,0
7.97086183356915,0.208132872276236,0.0622054630298507,0.00334821388513504,0,0,0,0,0,0,0,0,0,0,0,0,0,0,0
7.98086291491617,0.208755160799601,0.0622387029355542,0.00329903952364515,0,0,0,0,0,0,0,0,0,0,0,0,0,0,0
7.99086399626318,0.209377779297828,0.0622714507778007,0.00324981196714715,0,0,0,0,0,0,0,0,0,0,0,0,0,0,0
8.00086507761019,0.210000722847102,0.0623037060285663,0.00320053201240956,0,0,0,0,0,0,0,0,0,0,0,0,0,0,0
8.0108661589572,0.210623986518368,0.0623354681677992,0.00315120045691047,0,0,0,0,0,0,0,0,0,0,0,0,0,0,0
8.02086724030422,0.211247565377412,0.0623667366834266,0.00310181809882612,0,0,0,0,0,0,0,0,0,0,0,0,0,0,0
8.03086832165123,0.211871454484934,0.062397511071362,0.00305238573702023,0,0,0,0,0,0,0,0,0,0,0,0,0,0,0
8.04086940299824,0.212495648896638,0.0624277908355116,0.00300290417103281,0,0,0,0,0,0,0,0,0,0,0,0,0,0,0
8.05087048434526,0.213120143663303,0.0624575754877815,0.00295337420106918,0,0,0,0,0,0,0,0,0,0,0,0,0,0,0
8.06087156569227,0.213744933830866,0.0624868645480834,0.00290379662798905,0,0,0,0,0,0,0,0,0,0,0,0,0,0,0
8.07087264703928,0.214370014440506,0.0625156575443426,0.0028541722532954,0,0,0,0,0,0,0,0,0,0,0,0,0,0,0
8.08087372838629,0.214995380528719,0.0625439540125024,0.0028045018791237,0,0,0,0,0,0,0,0,0,0,0,0,0,0,0
8.09087480973331,0.215621027127398,0.0625717534965323,0.00275478630823064,0,0,0,0,0,0,0,0,0,0,0,0,0,0,0
8.10087589108032,0.21624694926392,0.062599055548433,0.0027050263439833,0,0,0,0,0,0,0,0,0,0,0,0,0,0,0
8.11087697242733,0.216873141961217,0.0626258597282426,0.00265522279034818,0,0,0,0,0,0,0,0,0,0,0,0,0,0,0
8.12087805377434,0.217499600237863,0.0626521656040429,0.00260537645188014,0,0,0,0,0,0,0,0,0,0,0,0,0,0,0
8.13087913512136,0.218126319108155,0.0626779727519648,0.00255548813371123,0,0,0,0,0,0,0,0,0,0,0,0,0,0,0
8.14088021646837,0.218753293582187,0.0627032807561944,0.00250555864154011,0,0,0,0,0,0,0,0,0,0,0,0,0,0,0
8.15088129781538,0.219380518665937,0.0627280892089785,0.00245558878162067,0,0,0,0,0,0,0,0,0,0,0,0,0,0,0
8.16088237916239,0.220007989361345,0.0627523977106298,0.00240557936075118,0,0,0,0,0,0,0,0,0,0,0,0,0,0,0
8.17088346050941,0.220635700666395,0.0627762058695329,0.00235553118626334,0,0,0,0,0,0,0,0,0,0,0,0,0,0,0
8.18088454185642,0.221263647575192,0.0627995133021487,0.00230544506601111,0,0,0,0,0,0,0,0,0,0,0,0,0,0,0
8.19088562320343,0.221891825078049,0.0628223196330205,0.00225532180836002,0,0,0,0,0,0,0,0,0,0,0,0,0,0,0
8.20088670455045,0.222520228161563,0.0628446244947787,0.00220516222217577,0,0,0,0,0,0,0,0,0,0,0,0,0,0,0
8.21088778589746,0.223148851808696,0.0628664275281452,0.00215496711681359,0,0,0,0,0,0,0,0,0,0,0,0,0,0,0
8.22088886724447,0.223777690998859,0.062887728381939,0.00210473730210708,0,0,0,0,0,0,0,0,0,0,0,0,0,0,0
8.23088994859148,0.224406740707991,0.062908526713081,0.00205447358835717,0,0,0,0,0,0,0,0,0,0,0,0,0,0,0
8.2408910299385,0.225035995908641,0.0629288221865977,0.00200417678632122,0,0,0,0,0,0,0,0,0,0,0,0,0,0,0
8.25089211128551,0.225665451570047,0.0629486144756266,0.00195384770720199,0,0,0,0,0,0,0,0,0,0,0,0,0,0,0
8.26089319263252,0.226295102658219,0.0629679032614203,0.00190348716263662,0,0,0,0,0,0,0,0,0,0,0,0,0,0,0
8.27089427397954,0.226924944136022,0.0629866882333506,0.0018530959646856,0,0,0,0,0,0,0,0,0,0,0,0,0,0,0
8.28089535532655,0.22755497096325,0.0630049690889131,0.00180267492582201,0,0,0,0,0,0,0,0,0,0,0,0,0,0,0
8.29089643667356,0.228185178096718,0.0630227455337307,0.00175222485892009,0,0,0,0,0,0,0,0,0,0,0,0,0,0,0
8.30089751802057,0.228815560490334,0.0630400172815583,0.00170174657724462,0,0,0,0,0,0,0,0,0,0,0,0,0,0,0
8.31089859936759,0.229446113095185,0.0630567840542858,0.00165124089443984,0,0,0,0,0,0,0,0,0,0,0,0,0,0,0
8.3208996807146,0.230076830859617,0.0630730455819425,0.00160070862451829,0,0,0,0,0,0,0,0,0,0,0,0,0,0,0
8.33090076206161,0.230707708729316,0.0630888016027006,0.00155015058185,0,0,0,0,0,0,0,0,0,0,0,0,0,0,0
8.34090184340862,0.231338741647393,0.0631040518628784,0.00149956758115137,0,0,0,0,0,0,0,0,0,0,0,0,0,0,0
8.35090292475564,0.23196992455446,0.0631187961169441,0.00144896043747416,0,0,0,0,0,0,0,0,0,0,0,0,0,0,0
8.36090400610265,0.232601252388713,0.0631330341275189,0.00139832996619482,0,0,0,0,0,0,0,0,0,0,0,0,0,0,0
8.37090508744966,0.23323272008602,0.0631467656653801,0.0013476769830029,0,0,0,0,0,0,0,0,0,0,0,0,0,0,0
8.38090616879668,0.233864322579991,0.0631599905094643,0.00129700230389053,0,0,0,0,0,0,0,0,0,0,0,0,0,0,0
8.39090725014369,0.234496054802071,0.0631727084468706,0.00124630674514132,0,0,0,0,0,0,0,0,0,0,0,0,0,0,0
8.4009083314907,0.235127911681613,0.0631849192728631,0.00119559112331924,0,0,0,0,0,0,0,0,0,0,0,0,0,0,0
8.41090941283771,0.235759888145965,0.0631966227908737,0.00114485625525767,0,0,0,0,0,0,0,0,0,0,0,0,0,0,0
8.42091049418473,0.23639197912055,0.0632078188125049,0.00109410295804851,0,0,0,0,0,0,0,0,0,0,0,0,0,0,0
8.43091157553174,0.237024179528948,0.0632185071575322,0.00104333204903106,0,0,0,0,0,0,0,0,0,0,0,0,0,0,0
8.44091265687875,0.237656484292976,0.0632286876539066,0.000992544345781015,0,0,0,0,0,0,0,0,0,0,0,0,0,0,0
8.45091373822576,0.238288888332772,0.063238360137757,0.000941740666099686,0,0,0,0,0,0,0,0,0,0,0,0,0,0,0
8.46091481957278,0.238921386566876,0.063247524453392,0.000890921828002536,0,0,0,0,0,0,0,0,0,0,0,0,0,0,0
8.47091590091979,0.239553973912313,0.0632561804533026,0.000840088649708878,0,0,0,0,0,0,0,0,0,0,0,0,0,0,0
8.4809169822668,0.240186645284672,0.0632643279981635,0.000789241949630079,0,0,0,0,0,0,0,0,0,0,0,0,0,0,0
8.49091806361382,0.240819395598189,0.0632719669568354,0.00073838254635924,0,0,0,0,0,0,0,0,0,0,0,0,0,0,0
8.50091914496083,0.241452219765832,0.063279097206367,0.00068751125865983,0,0,0,0,0,0,0,0,0,0,0,0,0,0,0
8.51092022630784,0.242085112699378,0.0632857186319961,0.000636628905454686,0,0,0,0,0,0,0,0,0,0,0,0,0,0,0
8.52092130765485,0.242718069309498,0.0632918311271512,0.000585736305815267,0,0,0,0,0,0,0,0,0,0,0,0,0,0,0
8.53092238900187,0.243351084505839,0.0632974345934533,0.000534834278950468,0,0,0,0,0,0,0,0,0,0,0,0,0,0,0
8.54092347034888,0.243984153197103,0.063302528940717,0.000483923644195592,0,0,0,0,0,0,0,0,0,0,0,0,0,0,0
8.55092455169589,0.244617270291133,0.0633071140869516,0.000433005221001413,0,0,0,0,0,0,0,0,0,0,0,0,0,0,0
8.5609256330429,0.245250430694992,0.0633111899583627,0.000382079828923308,0,0,0,0,0,0,0,0,0,0,0,0,0,0,0
8.57092671438992,0.245883629315047,0.0633147564893523,0.000331148287609879,0,0,0,0,0,0,0,0,0,0,0,0,0,0,0
8.58092779573693,0.246516861057047,0.0633178136225204,0.000280211416792462,0,0,0,0,0,0,0,0,0,0,0,0,0,0,0
8.59092887708394,0.247150120826213,0.0633203613086657,0.000229270036273747,0,0,0,0,0,0,0,0,0,0,0,0,0,0,0
8.60092995843096,0.24778340352731,0.063322399506786,0.00017832496591701,0,0,0,0,0,0,0,0,0,0,0,0,0,0,0
8.61093103977797,0.248416704064737,0.063323928184079,0.000127377025634882,0,0,0,0,0,0,0,0,0,0,0,0,0,0,0
8.62093212112498,0.249050017342604,0.0633249473159423,7.64270353785207e-05,0,0,0,0,0,0,0,0,0,0,0,0,0,0,0
8.63093320247199,0.249683338264816,0.0633254568859743,2.54758151266401e-05,0,0,0,0,0,0,0,0,0,0,0,0,0,0,0
8.64093428381901,0.250316661735159,0.0633254568859743,-2.54758151255168e-05,0,0,0,0,0,0,0,0,0,0,0,0,0,0,0
8.65093536516602,0.250949982657372,0.0633249473159422,-7.64270353774026e-05,0,0,0,0,0,0,0,0,0,0,0,0,0,0,0
8.66093644651303,0.251583295935239,0.0633239281840789,-0.000127377025633709,0,0,0,0,0,0,0,0,0,0,0,0,0,0,0
8.67093752786005,0.252216596472665,0.063322399506786,-0.000178324965915852,0,0,0,0,0,0,0,0,0,0,0,0,0,0,0
8.68093860920706,0.252849879173762,0.0633203613086657,-0.000229270036272643,0,0,0,0,0,0,0,0,0,0,0,0,0,0,0
8.69093969055407,0.253483138942928,0.0633178136225205,-0.000280211416791351,0,0,0,0,0,0,0,0,0,0,0,0,0,0,0
8.70094077190108,0.254116370684929,0.0633147564893523,-0.000331148287608734,0,0,0,0,0,0,0,0,0,0,0,0,0,0,0
8.7109418532481,0.254749569304983,0.0633111899583627,-0.000382079828922135,0,0,0,0,0,0,0,0,0,0,0,0,0,0,0
8.72094293459511,0.255382729708842,0.0633071140869518,-0.000433005221000312,0,0,0,0,0,0,0,0,0,0,0,0,0,0,0
8.73094401594212,0.256015846802872,0.0633025289407171,-0.000483923644194472,0,0,0,0,0,0,0,0,0,0,0,0,0,0,0
8.74094509728913,0.256648915494137,0.0632974345934534,-0.000534834278949335,0,0,0,0,0,0,0,0,0,0,0,0,0,0,0
8.75094617863615,0.257281930690477,0.0632918311271513,-0.000585736305814158,0,0,0,0,0,0,0,0,0,0,0,0,0,0,0
8.76094725998316,0.257914887300597,0.0632857186319961,-0.000636628905453542,0,0,0,0,0,0,0,0,0,0,0,0,0,0,0
8.77094834133017,0.258547780234143,0.0632790972063672,-0.000687511258658656,0,0,0,0,0,0,0,0,0,0,0,0,0,0,0
8.78094942267719,0.259180604401786,0.0632719669568356,-0.000738382546358138,0,0,0,0,0,0,0,0,0,0,0,0,0,0,0
8.7909505040242,0.259813354715304,0.0632643279981636,-0.000789241949628956,0,0,0,0,0,0,0,0,0,0,0,0,0,0,0
8.80095158537121,0.260446026087662,0.0632561804533027,-0.000840088649707741,0,0,0,0,0,0,0,0,0,0,0,0,0,0,0
8.81095266671822,0.261078613433099,0.0632475244533922,-0.000890921828001451,0,0,0,0,0,0,0,0,0,0,0,0,0,0,0
8.82095374806524,0.261711111667204,0.0632383601377572,-0.000941740666098535,0,0,0,0,0,0,0,0,0,0,0,0,0,0,0
8.83095482941225,0.262343515707,0.0632286876539069,-0.000992544345779928,0,0,0,0,0,0,0,0,0,0,0,0,0,0,0
8.84095591075926,0.262975820471027,0.0632185071575325,-0.00104333204902988,0,0,0,0,0,0,0,0,0,0,0,0,0,0,0
8.85095699210627,0.263608020879425,0.0632078188125052,-0.00109410295804734,0,0,0,0,0,0,0,0,0,0,0,0,0,0,0
8.86095807345329,0.26424011185401,0.063196622790874,-0.00114485625525652,0,0,0,0,0,0,0,0,0,0,0,0,0,0,0
8.8709591548003,0.264872088318363,0.0631849192728635,-0.00119559112331811,0,0,0,0,0,0,0,0,0,0,0,0,0,0,0
8.88096023614731,0.265503945197905,0.0631727084468709,-0.00124630674514019,0,0,0,0,0,0,0,0,0,0,0,0,0,0,0
8.89096131749432,0.266135677419984,0.0631599905094646,-0.00129700230388942,0,0,0,0,0,0,0,0,0,0,0,0,0,0,0
8.90096239884134,0.266767279913956,0.0631467656653803,-0.00134767698300176,0,0,0,0,0,0,0,0,0,0,0,0,0,0,0
8.91096348018835,0.267398747611262,0.0631330341275192,-0.00139832996619369,0,0,0,0,0,0,0,0,0,0,0,0,0,0,0
8.92096456153536,0.268030075445516,0.0631187961169445,-0.00144896043747308,0,0,0,0,0,0,0,0,0,0,0,0,0,0,0
8.93096564288238,0.268661258352582,0.0631040518628788,-0.00149956758115018,0,0,0,0,0,0,0,0,0,0,0,0,0,0,0
8.94096672422939,0.269292291270659,0.063088801602701,-0.00155015058184887,0,0,0,0,0,0,0,0,0,0,0,0,0,0,0
8.9509678055764,0.269923169140359,0.0630730455819429,-0.00160070862451715,0,0,0,0,0,0,0,0,0,0,0,0,0,0,0
8.96096888692341,0.270553886904791,0.0630567840542861,-0.00165124089443871,0,0,0,0,0,0,0,0,0,0,0,0,0,0,0
8.97096996827043,0.271184439509641,0.0630400172815587,-0.00170174657724352,0,0,0,0,0,0,0,0,0,0,0,0,0,0,0
8.98097104961744,0.271814821903257,0.0630227455337311,-0.00175222485891894,0,0,0,0,0,0,0,0,0,0,0,0,0,0,0
8.99097213096445,0.272445029036725,0.0630049690889135,-0.00180267492582089,0,0,0,0,0,0,0,0,0,0,0,0,0,0,0
9.00097321231146,0.273075055863954,0.0629866882333511,-0.0018530959646845,0,0,0,0,0,0,0,0,0,0,0,0,0,0,0
9.01097429365848,0.273704897341756,0.0629679032614208,-0.00190348716263548,0,0,0,0,0,0,0,0,0,0,0,0,0,0,0
9.02097537500549,0.274334548429929,0.0629486144756271,-0.00195384770720088,0,0,0,0,0,0,0,0,0,0,0,0,0,0,0
9.0309764563525,0.274964004091334,0.0629288221865981,-0.00200417678632012,0,0,0,0,0,0,0,0,0,0,0,0,0,0,0
9.04097753769952,0.275593259291984,0.0629085267130814,-0.00205447358835604,0,0,0,0,0,0,0,0,0,0,0,0,0,0,0
9.05097861904653,0.276222309001116,0.0628877283819396,-0.002104737302106,0,0,0,0,0,0,0,0,0,0,0,0,0,0,0
9.06097970039354,0.27685114819128,0.0628664275281456,-0.00215496711681246,0,0,0,0,0,0,0,0,0,0,0,0,0,0,0
9.07098078174056,0.277479771838413,0.0628446244947792,-0.00220516222217468,0,0,0,0,0,0,0,0,0,0,0,0,0,0,0
9.08098186308757,0.278108174921926,0.062822319633021,-0.00225532180835889,0,0,0,0,0,0,0,0,0,0,0,0,0,0,0
9.09098294443458,0.278736352424783,0.0627995133021492,-0.00230544506600998,0,0,0,0,0,0,0,0,0,0,0,0,0,0,0
9.10098402578159,0.279364299333581,0.0627762058695334,-0.00235553118626219,0,0,0,0,0,0,0,0,0,0,0,0,0,0,0
9.11098510712861,0.27999201063863,0.0627523977106303,-0.00240557936075005,0,0,0,0,0,0,0,0,0,0,0,0,0,0,0
9.12098618847562,0.280619481334039,0.062728089208979,-0.00245558878161956,0,0,0,0,0,0,0,0,0,0,0,0,0,0,0
9.13098726982263,0.281246706417789,0.0627032807561949,-0.00250555864153899,0,0,0,0,0,0,0,0,0,0,0,0,0,0,0
9.14098835116964,0.281873680891821,0.0626779727519653,-0.00255548813371014,0,0,0,0,0,0,0,0,0,0,0,0,0,0,0
9.15098943251666,0.282500399762112,0.0626521656040435,-0.00260537645187902,0,0,0,0,0,0,0,0,0,0,0,0,0,0,0
9.16099051386367,0.283126858038759,0.0626258597282432,-0.00265522279034709,0,0,0,0,0,0,0,0,0,0,0,0,0,0,0
9.17099159521068,0.283753050736056,0.0625990555484336,-0.0027050263439822,0,0,0,0,0,0,0,0,0,0,0,0,0,0,0
9.1809926765577,0.284378972872577,0.0625717534965329,-0.00275478630822953,0,0,0,0,0,0,0,0,0,0,0,0,0,0,0
9.19099375790471,0.285004619471257,0.0625439540125031,-0.00280450187912254,0,0,0,0,0,0,0,0,0,0,0,0,0,0,0
9.20099483925172,0.285629985559469,0.0625156575443432,-0.00285417225329431,0,0,0,0,0,0,0,0,0,0,0,0,0,0,0
9.21099592059873,0.286255066169109,0.0624868645480842,-0.00290379662798789,0,0,0,0,0,0,0,0,0,0,0,0,0,0,0
9.22099700194575,0.286879856336673,0.0624575754877821,-0.00295337420106806,0,0,0,0,0,0,0,0,0,0,0,0,0,0,0
9.23099808329276,0.287504351103338,0.0624277908355123,-0.00300290417103167,0,0,0,0,0,0,0,0,0,0,0,0,0,0,0
9.24099916463977,0.288128545515041,0.0623975110713626,-0.00305238573701914,0,0,0,0,0,0,0,0,0,0,0,0,0,0,0
9.25100024598678,0.288752434622564,0.0623667366834273,-0.00310181809882502,0,0,0,0,0,0,0,0,0,0,0,0,0,0,0
9.2610013273338,0.289376013481607,0.0623354681677998,-0.00315120045690933,0,0,0,0,0,0,0,0,0,0,0,0,0,0,0
9.27100240868081,0.289999277152873,0.0623037060285671,-0.00320053201240845,0,0,0,0,0,0,0,0,0,0,0,0,0,0,0
9.28100349002782,0.290622220702147,0.0622714507778015,-0.00324981196714603,0,0,0,0,0,0,0,0,0,0,0,0,0,0,0
9.29100457137483,0.291244839200374,0.0622387029355549,-0.00329903952364409,0,0,0,0,0,0,0,0,0,0,0,0,0,0,0
9.30100565272185,0.29186712772374,0.0622054630298514,-0.00334821388513392,0,0,0,0,0,0,0,0,0,0,0,0,0,0,0
9.31100673406886,0.292489081353751,0.0621717315966798,-0.00339733425556726,0,0,0,0,0,0,0,0,0,0,0,0,0,0,0
9.32100781541587,0.293110695177316,0.0621375091799867,-0.00344639983962719,0,0,0,0,0,0,0,0,0,0,0,0,0,0,0
9.33100889676289,0.293731964286821,0.0621027963316689,-0.00349540984273888,0,0,0,0,0,0,0,0,0,0,0,0,0,0,0
9.3410099781099,0.294352883780213,0.0620675936115661,-0.00354436347108109,0,0,0,0,0,0,0,0,0,0,0,0,0,0,0
9.35101105945691,0.294973448761076,0.0620319015874537,-0.00359325993159671,0,0,0,0,0,0,0,0,0,0,0,0,0,0,0
9.36101214080392,0.295593654338714,0.0619957208350339,-0.00364209843200407,0,0,0,0,0,0,0,0,0,0,0,0,0,0,0
9.37101322215094,0.296213495628226,0.0619590519379291,-0.00369087818080775,0,0,0,0,0,0,0,0,0,0,0,0,0,0,0
9.38101430349795,0.29683296775059,0.0619218954876734,-0.00373959838730973,0,0,0,0,0,0,0,0,0,0,0,0,0,0,0
9.39101538484496,0.297452065832737,0.0618842520837049,-0.00378825826162016,0,0,0,0,0,0,0,0,0,0,0,0,0,0,0
9.40101646619197,0.298070785007635,0.0618461223333572,-0.00383685701466863,0,0,0,0,0,0,0,0,0,0,0,0,0,0,0
9.41101754753899,0.298689120414364,0.0618075068518511,-0.00388539385821484,0,0,0,0,0,0,0,0,0,0,0,0,0,0,0
9.421018628886,0.299307067198196,0.0617684062622871,-0.00393386800486008,0,0,0,0,0,0,0,0,0,0,0,0,0,0,0
9.43101971023301,0.299924620510674,0.0617288211956357,-0.00398227866805771,0,0,0,0,0,0,0,0,0,0,0,0,0,0,0
9.44102079158002,0.300541775509691,0.0616887522907294,-0.00403062506212448,0,0,0,0,0,0,0,0,0,0,0,0,0,0,0
9.45102187292704,0.301158527359571,0.0616482001942544,-0.00407890640225144,0,0,0,0,0,0,0,0,0,0,0,0,0,0,0
9.46102295427405,0.301774871231139,0.0616071655607412,-0.00412712190451483,0,0,0,0,0,0,0,0,0,0,0,0,0,0,0
9.47102403562106,0.302390802301811,0.0615656490525561,-0.00417527078588736,0,0,0,0,0,0,0,0,0,0,0,0,0,0,0
9.48102511696808,0.303006315755663,0.0615236513398914,-0.00422335226424881,0,0,0,0,0,0,0,0,0,0,0,0,0,0,0
9.49102619831509,0.303621406783513,0.0614811731007577,-0.00427136555839742,0,0,0,0,0,0,0,0,0,0,0,0,0,0,0
9.5010272796621,0.304236070583001,0.0614382150209732,-0.00431930988806065,0,0,0,0,0,0,0,0,0,0,0,0,0,0,0
9.51102836100912,0.304850302358663,0.0613947777941554,-0.00436718447390618,0,0,0,0,0,0,0,0,0,0,0,0,0,0,0
9.52102944235613,0.305464097322011,0.0613508621217109,-0.00441498853755307,0,0,0,0,0,0,0,0,0,0,0,0,0,0,0
9.53103052370314,0.306077450691612,0.0613064687128263,-0.00446272130158249,0,0,0,0,0,0,0,0,0,0,0,0,0,0,0
9.54103160505015,0.306690357693163,0.0612615982844581,-0.00451038198954911,0,0,0,0,0,0,0,0,0,0,0,0,0,0,0
9.55103268639717,0.307302813559572,0.0612162515613238,-0.00455796982599178,0,0,0,0,0,0,0,0,0,0,0,0,0,0,0
9.56103376774418,0.307914813531032,0.0611704292758909,-0.00460548403644451,0,0,0,0,0,0,0,0,0,0,0,0,0,0,0
9.57103484909119,0.3085263528551,0.0611241321683672,-0.0046529238474476,0,0,0,0,0,0,0,0,0,0,0,0,0,0,0
9.5810359304382,0.309137426786775,0.0610773609866914,-0.00470028848655881,0,0,0,0,0,0,0,0,0,0,0,0,0,0,0
9.59103701178522,0.309748030588577,0.0610301164865221,-0.00474757718236388,0,0,0,0,0,0,0,0,0,0,0,0,0,0,0
9.60103809313223,0.310358159530619,0.0609823994312273,-0.00479478916448794,0,0,0,0,0,0,0,0,0,0,0,0,0,0,0
9.61103917447924,0.310967808890688,0.0609342105918751,-0.00484192366360638,0,0,0,0,0,0,0,0,0,0,0,0,0,0,0
9.62104025582626,0.311576973954322,0.0608855507472218,-0.0048889799114558,0,0,0,0,0,0,0,0,0,0,0,0,0,0,0
9.63104133717327,0.312185650014883,0.0608364206837019,-0.00493595714084513,0,0,0,0,0,0,0,0,0,0,0,0,0,0,0
9.64104241852028,0.31279383237364,0.0607868211954172,-0.00498285458566648,0,0,0,0,0,0,0,0,0,0,0,0,0,0,0
9.65104349986729,0.31340151633984,0.0607367530841264,-0.0050296714809061,0,0,0,0,0,0,0,0,0,0,0,0,0,0,0
9.66104458121431,0.314008697230787,0.0606862171592331,-0.00507640706265576,0,0,0,0,0,0,0,0,0,0,0,0,0,0,0
9.67104566256132,0.314615370371919,0.0606352142377755,-0.00512306056812305,0,0,0,0,0,0,0,0,0,0,0,0,0,0,0
9.68104674390833,0.315221531096883,0.0605837451444147,-0.0051696312356432,0,0,0,0,0,0,0,0,0,0,0,0,0,0,0
9.69104782525534,0.315827174747611,0.0605318107114239,-0.0052161183046895,0,0,0,0,0,0,0,0,0,0,0,0,0,0,0
9.70104890660236,0.316432296674397,0.0604794117786764,-0.00526252101588448,0,0,0,0,0,0,0,0,0,0,0,0,0,0,0
9.71104998794937,0.317036892235971,0.0604265491936344,-0.00530883861101084,0,0,0,0,0,0,0,0,0,0,0,0,0,0,0
9.72105106929638,0.317640956799581,0.0603732238113373,-0.00535507033302259,0,0,0,0,0,0,0,0,0,0,0,0,0,0,0
9.73105215064339,0.318244485741059,0.0603194364943899,-0.0054012154260559,0,0,0,0,0,0,0,0,0,0,0,0,0,0,0
9.74105323199041,0.318847474444905,0.0602651881129504,-0.00544727313544024,0,0,0,0,0,0,0,0,0,0,0,0,0,0,0
9.75105431333742,0.319449918304358,0.0602104795447185,-0.00549324270770913,0,0,0,0,0,0,0,0,0,0,0,0,0,0,0
9.76105539468443,0.320051812721472,0.0601553116749231,-0.00553912339061149,0,0,0,0,0,0,0,0,0,0,0,0,0,0,0
9.77105647603145,0.320653153107194,0.0600996853963109,-0.00558491443312246,0,0,0,0,0,0,0,0,0,0,0,0,0,0,0
9.78105755737846,0.321253934881434,0.0600436016091329,-0.00563061508545413,0,0,0,0,0,0,0,0,0,0,0,0,0,0,0
9.79105863872547,0.321854153473147,0.0599870612211328,-0.00567622459906709,0,0,0,0,0,0,0,0,0,0,0,0,0,0,0
9.80105972007248,0.322453804320399,0.0599300651475344,-0.00572174222668092,0,0,0,0,0,0,0,0,0,0,0,0,0,0,0
9.8110608014195,0.32305288287045,0.0598726143110285,-0.00576716722228558,0,0,0,0,0,0,0,0,0,0,0,0,0,0,0
9.82106188276651,0.323651384579825,0.0598147096417602,-0.0058124988411521,0,0,0,0,0,0,0,0,0,0,0,0,0,0,0
9.83106296411352,0.324249304914386,0.0597563520773169,-0.00585773633984381,0,0,0,0,0,0,0,0,0,0,0,0,0,0,0
9.84106404546053,0.324846639349412,0.0596975425627139,-0.00590287897622709,0,0,0,0,0,0,0,0,0,0,0,0,0,0,0
9.85106512680755,0.325443383369669,0.059638282050383,-0.00594792600948255,0,0,0,0,0,0,0,0,0,0,0,0,0,0,0
9.86106620815456,0.326039532469487,0.0595785715001573,-0.0059928767001161,0,0,0,0,0,0,0,0,0,0,0,0,0,0,0
9.87106728950157,0.326635082152828,0.0595184118792597,-0.00603773030996975,0,0,0,0,0,0,0,0,0,0,0,0,0,0,0
9.88106837084859,0.32723002793337,0.0594578041622886,-0.00608248610223275,0,0,0,0,0,0,0,0,0,0,0,0,0,0,0
9.8910694521956,0.327824365334569,0.0593967493312046,-0.00612714334145231,0,0,0,0,0,0,0,0,0,0,0,0,0,0,0
9.90107053354261,0.328418089889744,0.0593352483753164,-0.0061717012935452,0,0,0,0,0,0,0,0,0,0,0,0,0,0,0
9.91107161488963,0.329011197142141,0.0592733022912678,-0.00621615922580805,0,0,0,0,0,0,0,0,0,0,0,0,0,0,0
9.92107269623664,0.329603682645011,0.0592109120830234,-0.00626051640692878,0,0,0,0,0,0,0,0,0,0,0,0,0,0,0
9.93107377758365,0.330195541961684,0.0591480787618546,-0.0063047721069974,0,0,0,0,0,0,0,0,0,0,0,0,0,0,0
9.94107485893066,0.330786770665637,0.059084803346326,-0.00634892559751721,0,0,0,0,0,0,0,0,0,0,0,0,0,0,0
9.95107594027768,0.331377364340573,0.0590210868622801,-0.00639297615141569,0,0,0,0,0,0,0,0,0,0,0,0,0,0,0
9.96107702162469,0.331967318580491,0.0589569303428247,-0.00643692304305528,0,0,0,0,0,0,0,0,0,0,0,0,0,0,0
9.9710781029717,0.332556628989755,0.0588923348283167,-0.00648076554824473,0,0,0,0,0,0,0,0,0,0,0,0,0,0,0
9.98107918431871,0.333145291183174,0.0588273013663488,-0.00652450294424997,0,0,0,0,0,0,0,0,0,0,0,0,0,0,0
9.99108026566573,0.333733300786068,0.0587618310117345,-0.00656813450980499,0,0,0,0,0,0,0,0,0,0,0,0,0,0,0
10.0010813470127,0.334320653434343,0.0586959248264935,-0.00661165952512307,0,0,0,0,0,0,0,0,0,0,0,0,0,0,0
10.0110824283598,0.334907344774562,0.0586295838798361,-0.00665507727190744,0,0,0,0,0,0,0,0,0,0,0,0,0,0,0
10.0210835097068,0.335493370464017,0.0585628092481496,-0.00669838703336258,0,0,0,0,0,0,0,0,0,0,0,0,0,0,0
10.0310845910538,0.336078726170801,0.058495602014982,-0.00674158809420516,0,0,0,0,0,0,0,0,0,0,0,0,0,0,0
10.0410856724008,0.33666340757388,0.0584279632710275,-0.00678467974067495,0,0,0,0,0,0,0,0,0,0,0,0,0,0,0
10.0510867537478,0.337247410363163,0.0583598941141107,-0.00682766126054587,0,0,0,0,0,0,0,0,0,0,0,0,0,0,0
10.0610878350948,0.337830730239574,0.0582913956491721,-0.00687053194313689,0,0,0,0,0,0,0,0,0,0,0,0,0,0,0
10.0710889164418,0.338413362915124,0.0582224689882514,-0.00691329107932325,0,0,0,0,0,0,0,0,0,0,0,0,0,0,0
10.0810899977888,0.33899530411298,0.0581531152504728,-0.00695593796154721,0,0,0,0,0,0,0,0,0,0,0,0,0,0,0
10.0910910791359,0.339576549567539,0.058083335562029,-0.00699847188382921,0,0,0,0,0,0,0,0,0,0,0,0,0,0,0
10.1010921604829,0.340157095024492,0.0580131310561652,-0.00704089214177874,0,0,0,0,0,0,0,0,0,0,0,0,0,0,0
10.1110932418299,0.340736936240903,0.0579425028731632,-0.00708319803260561,0,0,0,0,0,0,0,0,0,0,0,0,0,0,0
10.1210943231769,0.341316068985274,0.0578714521603256,-0.00712538885513048,0,0,0,0,0,0,0,0,0,0,0,0,0,0,0
10.1310954045239,0.341894489037616,0.0577999800719594,-0.00716746390979636,0,0,0,0,0,0,0,0,0,0,0,0,0,0,0
10.1410964858709,0.342472192189518,0.0577280877693598,-0.00720942249867928,0,0,0,0,0,0,0,0,0,0,0,0,0,0,0
10.1510975672179,0.343049174244222,0.0576557764207934,-0.00725126392549931,0,0,0,0,0,0,0,0,0,0,0,0,0,0,0
10.1610986485649,0.343625431016684,0.057583047201483,-0.00729298749563181,0,0,0,0,0,0,0,0,0,0,0,0,0,0,0
10.171099729912,0.344200958333651,0.0575099012935888,-0.00733459251611803,0,0,0,0,0,0,0,0,0,0,0,0,0,0,0
10.181100811259,0.344775752033727,0.0574363398861942,-0.00737607829567653,0,0,0,0,0,0,0,0,0,0,0,0,0,0,0
10.191101892606,0.345349807967442,0.0573623641752867,-0.00741744414471377,0,0,0,0,0,0,0,0,0,0,0,0,0,0,0
10.201102973953,0.345923121997323,0.0572879753637426,-0.00745868937533543,0,0,0,0,0,0,0,0,0,0,0,0,0,0,0
10.2111040553,0.34649568999796,0.0572131746613095,-0.00749981330135734,0,0,0,0,0,0,0,0,0,0,0,0,0,0,0
10.221105136647,0.347067507856077,0.0571379632845885,-0.00754081523831635,0,0,0,0,0,0,0,0,0,0,0,0,0,0,0
10.231106217994,0.347638571470599,0.0570623424570176,-0.00758169450348132,0,0,0,0,0,0,0,0,0,0,0,0,0,0,0
10.241107299341,0.348208876752721,0.056986313408854,-0.00762245041586432,0,0,0,0,0,0,0,0,0,0,0,0,0,0,0
10.2511083806881,0.348778419625976,0.0569098773771572,-0.00766308229623152,0,0,0,0,0,0,0,0,0,0,0,0,0,0,0
10.2611094620351,0.349347196026303,0.0568330356057706,-0.00770358946711412,0,0,0,0,0,0,0,0,0,0,0,0,0,0,0
10.2711105433821,0.349915201902115,0.0567557893453041,-0.00774397125281936,0,0,0,0,0,0,0,0,0,0,0,0,0,0,0
10.2811116247291,0.350482433214364,0.0566781398531164,-0.00778422697944163,0,0,0,0,0,0,0,0,0,0,0,0,0,0,0
10.2911127060761,0.351048885936614,0.0566000883932972,-0.00782435597487334,0,0,0,0,0,0,0,0,0,0,0,0,0,0,0
10.3011137874231,0.351614556055102,0.0565216362366488,-0.00786435756881603,0,0,0,0,0,0,0,0,0,0,0,0,0,0,0
10.3111148687701,0.352179439568809,0.056442784660668,-0.00790423109279129,0,0,0,0,0,0,0,0,0,0,0,0,0,0,0
10.3211159501171,0.352743532489527,0.0563635349495282,-0.00794397588015176,0,0,0,0,0,0,0,0,0,0,0,0,0,0,0
10.3311170314642,0.353306830841922,0.0562838883940606,-0.00798359126609222,0,0,0,0,0,0,0,0,0,0,0,0,0,0,0
10.3411181128112,0.353869330663604,0.0562038462917362,-0.00802307658766024,0,0,0,0,0,0,0,0,0,0,0,0,0,0,0
10.3511191941582,0.354431028005194,0.0561234099466466,-0.00806243118376789,0,0,0,0,0,0,0,0,0,0,0,0,0,0,0
10.3611202755052,0.354991918930385,0.0560425806694857,-0.00810165439520199,0,0,0,0,0,0,0,0,0,0,0,0,0,0,0
10.3711213568522,0.355551999516013,0.0559613597775309,-0.00814074556463542,0,0,0,0,0,0,0,0,0,0,0,0,0,0,0
10.3811224381992,0.356111265852123,0.0558797485946239,-0.00817970403663838,0,0,0,0,0,0,0,0,0,0,0,0,0,0,0
10.3911235195462,0.356669714042028,0.0557977484511523,-0.0082185291576887,0,0,0,0,0,0,0,0,0,0,0,0,0,0,0
10.4011246008932,0.357227340202384,0.05571536068403,-0.00825722027618365,0,0,0,0,0,0,0,0,0,0,0,0,0,0,0
10.4111256822403,0.357784140463246,0.0556325866366773,-0.00829577674245024,0,0,0,0,0,0,0,0,0,0,0,0,0,0,0
10.4211267635873,0.35834011096814,0.0555494276590031,-0.0083341979087568,0,0,0,0,0,0,0,0,0,0,0,0,0,0,0
10.4311278449343,0.358895247874122,0.0554658851073838,-0.00837248312932345,0,0,0,0,0,0,0,0,0,0,0,0,0,0,0
10.4411289262813,0.35944954735185,0.0553819603446453,-0.00841063176033352,0,0,0,0,0,0,0,0,0,0,0,0,0,0,0
10.4511300076283,0.360003005585639,0.0552976547400419,-0.00844864315994424,0,0,0,0,0,0,0,0,0,0,0,0,0,0,0
10.4611310889753,0.360555618773534,0.055212969669237,-0.00848651668829805,0,0,0,0,0,0,0,0,0,0,0,0,0,0,0
10.4711321703223,0.361107383127366,0.0551279065142841,-0.0085242517075332,0,0,0,0,0,0,0,0,0,0,0,0,0,0,0
10.4811332516694,0.361658294872824,0.0550424666636051,-0.00856184758179514,0,0,0,0,0,0,0,0,0,0,0,0,0,0,0
10.4911343330164,0.362208350249513,0.0549566515119716,-0.00859930367724731,0,0,0,0,0,0,0,0,0,0,0,0,0,0,0
10.5011354143634,0.362757545511017,0.0548704624604838,-0.00863661936208209,0,0,0,0,0,0,0,0,0,0,0,0,0,0,0
10.5111364957104,0.363305876924967,0.0547839009165505,-0.00867379400653194,0,0,0,0,0,0,0,0,0,0,0,0,0,0,0
10.5211375770574,0.3638533407731,0.0546969682938689,-0.00871082698288027,0,0,0,0,0,0,0,0,0,0,0,0,0,0,0
10.5311386584044,0.364399933351322,0.0546096660124034,-0.00874771766547272,0,0,0,0,0,0,0,0,0,0,0,0,0,0,0
10.5411397397514,0.364945650969771,0.0545219954983655,-0.00878446543072766,0,0,0,0,0,0,0,0,0,0,0,0,0,0,0
10.5511408210984,0.365490489952883,0.0544339581841928,-0.00882106965714765,0,0,0,0,0,0,0,0,0,0,0,0,0,0,0
10.5611419024455,0.366034446639447,0.0543455555085275,-0.00885752972533014,0,0,0,0,0,0,0,0,0,0,0,0,0,0,0
10.5711429837925,0.366577517382674,0.0542567889161971,-0.00889384501797868,0,0,0,0,0,0,0,0,0,0,0,0,0,0,0
10.5811440651395,0.367119698550254,0.054167659858191,-0.00893001491991369,0,0,0,0,0,0,0,0,0,0,0,0,0,0,0
10.5911451464865,0.367660986524419,0.054078169791641,-0.00896603881808388,0,0,0,0,0,0,0,0,0,0,0,0,0,0,0
10.6011462278335,0.368201377702007,0.0539883201797994,-0.00900191610157663,0,0,0,0,0,0,0,0,0,0,0,0,0,0,0
10.6111473091805,0.368740868494517,0.0538981124920174,-0.00903764616162935,0,0,0,0,0,0,0,0,0,0,0,0,0,0,0
10.6211483905275,0.369279455328176,0.0538075482037238,-0.00907322839164068,0,0,0,0,0,0,0,0,0,0,0,0,0,0,0
10.6311494718745,0.369817134643996,0.053716628796403,-0.00910866218718107,0,0,0,0,0,0,0,0,0,0,0,0,0,0,0
10.6411505532216,0.370353902897836,0.0536253557575738,-0.00914394694600385,0,0,0,0,0,0,0,0,0,0,0,0,0,0,0
10.6511516345686,0.370889756560463,0.0535337305807671,-0.00917908206805669,0,0,0,0,0,0,0,0,0,0,0,0,0,0,0
10.6611527159156,0.371424692117608,0.0534417547655032,-0.00921406695549182,0,0,0,0,0,0,0,0,0,0,0,0,0,0,0
10.6711537972626,0.371958706070034,0.0533494298172717,-0.00924890101267774,0,0,0,0,0,0,0,0,0,0,0,0,0,0,0
10.6811548786096,0.372491794933583,0.0532567572475071,-0.00928358364620972,0,0,0,0,0,0,0,0,0,0,0,0,0,0,0
10.6911559599566,0.373023955239248,0.0531637385735677,-0.00931811426492124,0,0,0,0,0,0,0,0,0,0,0,0,0,0,0
10.7011570413036,0.373555183533226,0.0530703753187129,-0.00935249227989443,0,0,0,0,0,0,0,0,0,0,0,0,0,0,0
10.7111581226506,0.374085476376976,0.0529766690120808,-0.00938671710447181,0,0,0,0,0,0,0,0,0,0,0,0,0,0,0
10.7211592039977,0.37461483034728,0.0528826211886649,-0.00942078815426643,0,0,0,0,0,0,0,0,0,0,0,0,0,0,0
10.7311602853447,0.375143242036302,0.0527882333892921,-0.00945470484717374,0,0,0,0,0,0,0,0,0,0,0,0,0,0,0
10.7411613666917,0.375670708051642,0.0526935071605994,-0.0094884666033816,0,0,0,0,0,0,0,0,0,0,0,0,0,0,0
10.7511624480387,0.376197225016401,0.0525984440550113,-0.00952207284538235,0,0,0,0,0,0,0,0,0,0,0,0,0,0,0
10.7611635293857,0.376722789569233,0.0525030456307161,-0.009555522997983,0,0,0,0,0,0,0,0,0,0,0,0,0,0,0
10.7711646107327,0.377247398364402,0.0524073134516434,-0.00958881648831658,0,0,0,0,0,0,0,0,0,0,0,0,0,0,0
10.7811656920797,0.377771048071845,0.0523112490874401,-0.00962195274585307,0,0,0,0,0,0,0,0,0,0,0,0,0,0,0
10.7911667734267,0.378293735377224,0.0522148541134473,-0.00965493120241039,0,0,0,0,0,0,0,0,0,0,0,0,0,0,0
10.8011678547738,0.378815456981985,0.0521181301106765,-0.00968775129216545,0,0,0,0,0,0,0,0,0,0,0,0,0,0,0
10.8111689361208,0.379336209603414,0.052021078665787,-0.00972041245166496,0,0,0,0,0,0,0,0,0,0,0,0,0,0,0
10.8211700174678,0.379855989974693,0.0519237013710607,-0.00975291411983682,0,0,0,0,0,0,0,0,0,0,0,0,0,0,0
10.8311710988148,0.380374794844956,0.0518259998243791,-0.00978525573800055,0,0,0,0,0,0,0,0,0,0,0,0,0,0,0
10.8411721801618,0.380892620979349,0.051727975629199,-0.00981743674987898,0,0,0,0,0,0,0,0,0,0,0,0,0,0,0
10.8511732615088,0.381409465159077,0.0516296303945287,-0.00984945660160843,0,0,0,0,0,0,0,0,0,0,0,0,0,0,0
10.8611743428558,0.381925324181467,0.051530965734903,-0.00988131474175049,0,0,0,0,0,0,0,0,0,0,0,0,0,0,0
10.8711754242028,0.382440194860022,0.0514319832703606,-0.00991301062130251,0,0,0,0,0,0,0,0,0,0,0,0,0,0,0
10.8811765055499,0.382954074024471,0.0513326846264177,-0.00994454369370889,0,0,0,0,0,0,0,0,0,0,0,0,0,0,0
10.8911775868969,0.383466958520832,0.0512330714340445,-0.00997591341487179,0,0,0,0,0,0,0,0,0,0,0,0,0,0,0
10.9011786682439,0.383978845211456,0.0511331453296408,-0.0100071192431625,0,0,0,0,0,0,0,0,0,0,0,0,0,0,0
10.9111797495909,0.384489730975092,0.0510329079550107,-0.0100381606394319,0,0,0,0,0,0,0,0,0,0,0,0,0,0,0
10.9211808309379,0.384999612706932,0.0509323609573374,-0.0100690370670221,0,0,0,0,0,0,0,0,0,0,0,0,0,0,0
10.9311819122849,0.385508487318672,0.0508315059891599,-0.010099747991777,0,0,0,0,0,0,0,0,0,0,0,0,0,0,0
10.9411829936319,0.386016351738557,0.0507303447083458,-0.0101302928820534,0,0,0,0,0,0,0,0,0,0,0,0,0,0,0
10.951184074979,0.386523202911443,0.0506288787780672,-0.0101606712087321,0,0,0,0,0,0,0,0,0,0,0,0,0,0,0
10.961185156326,0.387029037798846,0.0505271098667759,-0.0101908824452285,0,0,0,0,0,0,0,0,0,0,0,0,0,0,0
10.971186237673,0.387533853378991,0.050425039648177,-0.0102209260675042,0,0,0,0,0,0,0,0,0,0,0,0,0,0,0
10.98118731902,0.388037646646871,0.0503226698012035,-0.0102508015540778,0,0,0,0,0,0,0,0,0,0,0,0,0,0,0
10.991188400367,0.388540414614296,0.0502200020099912,-0.0102805083860354,0,0,0,0,0,0,0,0,0,0,0,0,0,0,0
11.001189481714,0.389042154309946,0.0501170379638531,-0.0103100460470421,0,0,0,0,0,0,0,0,0,0,0,0,0,0,0
11.011190563061,0.389542862779417,0.0500137793572525,-0.0103394140233533,0,0,0,0,0,0,0,0,0,0,0,0,0,0,0
11.021191644408,0.390042537085283,0.0499102278897781,-0.0103686118038247,0,0,0,0,0,0,0,0,0,0,0,0,0,0,0
11.0311927257551,0.390541174307138,0.0498063852661176,-0.0103976388799242,0,0,0,0,0,0,0,0,0,0,0,0,0,0,0
11.0411938071021,0.391038771541651,0.049702253196031,-0.0104264947457427,0,0,0,0,0,0,0,0,0,0,0,0,0,0,0
11.0511948884491,0.391535325902615,0.0495978333943255,-0.0104551788980047,0,0,0,0,0,0,0,0,0,0,0,0,0,0,0
11.0611959697961,0.392030834520999,0.0494931275808278,-0.0104836908360796,0,0,0,0,0,0,0,0,0,0,0,0,0,0,0
11.0711970511431,0.392525294544997,0.0493881374803582,-0.0105120300619929,0,0,0,0,0,0,0,0,0,0,0,0,0,0,0
11.0811981324901,0.393018703140077,0.0492828648227042,-0.0105401960804368,0,0,0,0,0,0,0,0,0,0,0,0,0,0,0
11.0911992138371,0.393511057489032,0.0491773113425936,-0.0105681883987814,0,0,0,0,0,0,0,0,0,0,0,0,0,0,0
11.1012002951841,0.394002354792029,0.049071478779667,-0.0105960065270856,0,0,0,0,0,0,0,0,0,0,0,0,0,0,0
11.1112013765312,0.394492592266657,0.0489653688784527,-0.0106236499781084,0,0,0,0,0,0,0,0,0,0,0,0,0,0,0
11.1212024578782,0.394981767147979,0.0488589833883368,-0.0106511182673192,0,0,0,0,0,0,0,0,0,0,0,0,0,0,0
11.1312035392252,0.395469876688575,0.0487523240635387,-0.01067841091291,0,0,0,0,0,0,0,0,0,0,0,0,0,0,0
11.1412046205722,0.395956918158593,0.0486453926630825,-0.0107055274358047,0,0,0,0,0,0,0,0,0,0,0,0,0,0,0
11.1512057019192,0.396442888845798,0.0485381909507701,-0.010732467359672,0,0,0,0,0,0,0,0,0,0,0,0,0,0,0
11.1612067832662,0.396927786055621,0.0484307206951523,-0.0107592302109347,0,0,0,0,0,0,0,0,0,0,0,0,0,0,0
11.1712078646132,0.397411607111202,0.048322983669504,-0.0107858155187819,0,0,0,0,0,0,0,0,0,0,0,0,0,0,0
11.1812089459602,0.397894349353437,0.0482149816517938,-0.0108122228151795,0,0,0,0,0,0,0,0,0,0,0,0,0,0,0
11.1912100273073,0.39837601014103,0.0481067164246578,-0.0108384516348809,0,0,0,0,0,0,0,0,0,0,0,0,0,0,0
11.2012111086543,0.398856586850536,0.0479981897753703,-0.0108645015154386,0,0,0,0,0,0,0,0,0,0,0,0,0,0,0
11.2112121900013,0.399336076876407,0.0478894034958172,-0.0108903719972152,0,0,0,0,0,0,0,0,0,0,0,0,0,0,0
11.2212132713483,0.39981447763104,0.0477803593824672,-0.0109160626233936,0,0,0,0,0,0,0,0,0,0,0,0,0,0,0
11.2312143526953,0.400291786544819,0.0476710592363431,-0.0109415729399889,0,0,0,0,0,0,0,0,0,0,0,0,0,0,0
11.2412154340423,0.400768001066166,0.0475615048629943,-0.0109669024958589,0,0,0,0,0,0,0,0,0,0,0,0,0,0,0
11.2512165153893,0.40124311866158,0.0474516980724673,-0.0109920508427152,0,0,0,0,0,0,0,0,0,0,0,0,0,0,0
11.2612175967363,0.401717136815686,0.0473416406792779,-0.0110170175351343,0,0,0,0,0,0,0,0,0,0,0,0,0,0,0
11.2712186780834,0.402190053031279,0.0472313345023826,-0.0110418021305685,0,0,0,0,0,0,0,0,0,0,0,0,0,0,0
11.2812197594304,0.402661864829368,0.0471207813651486,-0.0110664041893569,0,0,0,0,0,0,0,0,0,0,0,0,0,0,0
11.2912208407774,0.403132569749218,0.0470099830953269,-0.0110908232747363,0,0,0,0,0,0,0,0,0,0,0,0,0,0,0
11.3012219221244,0.403602165348394,0.0468989415250207,-0.0111150589528528,0,0,0,0,0,0,0,0,0,0,0,0,0,0,0
11.3112230034714,0.404070649202811,0.0467876584906587,-0.0111391107927715,0,0,0,0,0,0,0,0,0,0,0,0,0,0,0
11.3212240848184,0.404538018906765,0.0466761358329643,-0.0111629783664891,0,0,0,0,0,0,0,0,0,0,0,0,0,0,0
11.3312251661654,0.405004272072989,0.0465643753969268,-0.0111866612489436,0,0,0,0,0,0,0,0,0,0,0,0,0,0,0
11.3412262475124,0.405469406332685,0.0464523790317717,-0.0112101590180261,0,0,0,0,0,0,0,0,0,0,0,0,0,0,0
11.3512273288595,0.40593341933557,0.0463401485909312,-0.0112334712545911,0,0,0,0,0,0,0,0,0,0,0,0,0,0,0
11.3612284102065,0.406396308749922,0.0462276859320151,-0.0112565975424684,0,0,0,0,0,0,0,0,0,0,0,0,0,0,0
11.3712294915535,0.406858072262613,0.0461149929167794,-0.0112795374684734,0,0,0,0,0,0,0,0,0,0,0,0,0,0,0
11.3812305729005,0.407318707579159,0.0460020714110983,-0.0113022906224181,0,0,0,0,0,0,0,0,0,0,0,0,0,0,0
11.3912316542475,0.407778212423756,0.0458889232849332,-0.0113248565971225,0,0,0,0,0,0,0,0,0,0,0,0,0,0,0
11.4012327355945,0.408236584539322,0.0457755504123021,-0.0113472349884254,0,0,0,0,0,0,0,0,0,0,0,0,0,0,0
11.4112338169415,0.408693821687536,0.0456619546712507,-0.0113694253951953,0,0,0,0,0,0,0,0,0,0,0,0,0,0,0
11.4212348982885,0.409149921648882,0.0455481379438203,-0.0113914274193413,0,0,0,0,0,0,0,0,0,0,0,0,0,0,0
11.4312359796356,0.409604882222684,0.045434102116019,-0.0114132406658248,0,0,0,0,0,0,0,0,0,0,0,0,0,0,0
11.4412370609826,0.410058701227149,0.04531984907779,-0.0114348647426696,0,0,0,0,0,0,0,0,0,0,0,0,0,0,0
11.4512381423296,0.410511376499407,0.0452053807229825,-0.011456299260973,0,0,0,0,0,0,0,0,0,0,0,0,0,0,0
11.4612392236766,0.410962905895543,0.0450906989493175,-0.0114775438349178,0,0,0,0,0,0,0,0,0,0,0,0,0,0,0
11.4712403050236,0.411413287290645,0.0449758056583611,-0.0114985980817821,0,0,0,0,0,0,0,0,0,0,0,0,0,0,0
11.4812413863706,0.411862518578834,0.0448607027554906,-0.0115194616219508,0,0,0,0,0,0,0,0,0,0,0,0,0,0,0
11.4912424677176,0.41231059767331,0.0447453921498645,-0.0115401340789265,0,0,0,0,0,0,0,0,0,0,0,0,0,0,0
11.5012435490646,0.412757522506382,0.044629875754391,-0.0115606150793408,0,0,0,0,0,0,0,0,0,0,0,0,0,0,0
11.5112446304117,0.413203291029512,0.0445141554856966,-0.0115809042529648,0,0,0,0,0,0,0,0,0,0,0,0,0,0,0
11.5212457117587,0.413647901213345,0.044398233264095,-0.0116010012327207,0,0,0,0,0,0,0,0,0,0,0,0,0,0,0
11.5312467931057,0.414091351047753,0.0442821110135553,-0.0116209056546922,0,0,0,0,0,0,0,0,0,0,0,0,0,0,0
11.5412478744527,0.414533638541863,0.0441657906616697,-0.0116406171581356,0,0,0,0,0,0,0,0,0,0,0,0,0,0,0
11.5512489557997,0.414974761724105,0.0440492741396229,-0.0116601353854913,0,0,0,0,0,0,0,0,0,0,0,0,0,0,0
11.5612500371467,0.415414718642236,0.0439325633821597,-0.0116794599823942,0,0,0,0,0,0,0,0,0,0,0,0,0,0,0
11.5712511184937,0.415853507363381,0.0438156603275523,-0.0116985905976852,0,0,0,0,0,0,0,0,0,0,0,0,0,0,0
11.5812521998408,0.416291125974067,0.0436985669175695,-0.0117175268834215,0,0,0,0,0,0,0,0,0,0,0,0,0,0,0
11.5912532811878,0.41672757258026,0.0435812850974434,-0.0117362684948886,0,0,0,0,0,0,0,0,0,0,0,0,0,0,0
11.6012543625348,0.417162845307395,0.0434638168158372,-0.0117548150906103,0,0,0,0,0,0,0,0,0,0,0,0,0,0,0
11.6112554438818,0.417596942300415,0.0433461640248135,-0.0117731663323604,0,0,0,0,0,0,0,0,0,0,0,0,0,0,0
11.6212565252288,0.418029861723802,0.0432283286798009,-0.0117913218851731,0,0,0,0,0,0,0,0,0,0,0,0,0,0,0
11.6312576065758,0.41846160176161,0.0431103127395618,-0.0118092814173546,0,0,0,0,0,0,0,0,0,0,0,0,0,0,0
11.6412586879228,0.4188921606175,0.0429921181661593,-0.011827044600494,0,0,0,0,0,0,0,0,0,0,0,0,0,0,0
11.6512597692698,0.419321536514773,0.0428737469249249,-0.0118446111094736,0,0,0,0,0,0,0,0,0,0,0,0,0,0,0
11.6612608506169,0.419749727696401,0.0427552009844248,-0.0118619806224808,0,0,0,0,0,0,0,0,0,0,0,0,0,0,0
11.6712619319639,0.420176732425058,0.0426364823164269,-0.0118791528210187,0,0,0,0,0,0,0,0,0,0,0,0,0,0,0
11.6812630133109,0.420602548983158,0.0425175928958686,-0.011896127389917,0,0,0,0,0,0,0,0,0,0,0,0,0,0,0
11.6912640946579,0.421027175672877,0.0423985347008218,-0.0119129040173432,0,0,0,0,0,0,0,0,0,0,0,0,0,0,0
11.7012651760049,0.421450610816194,0.0422793097124604,-0.0119294823948134,0,0,0,0,0,0,0,0,0,0,0,0,0,0,0
11.7112662573519,0.421872852754914,0.0421599199150273,-0.0119458622172034,0,0,0,0,0,0,0,0,0,0,0,0,0,0,0
11.7212673386989,0.422293899850703,0.0420403672957999,-0.01196204318276,0,0,0,0,0,0,0,0,0,0,0,0,0,0,0
11.7312684200459,0.422713750485117,0.0419206538450555,-0.0119780249931113,0,0,0,0,0,0,0,0,0,0,0,0,0,0,0
11.741269501393,0.423132403059633,0.0418007815560405,-0.0119938073532784,0,0,0,0,0,0,0,0,0,0,0,0,0,0,0
11.75127058274,0.423549855995675,0.0416807524249327,-0.0120093899716859,0,0,0,0,0,0,0,0,0,0,0,0,0,0,0
11.761271664087,0.423966107734647,0.0415605684508097,-0.0120247725601731,0,0,0,0,0,0,0,0,0,0,0,0,0,0,0
11.771272745434,0.424381156737959,0.0414402316356137,-0.0120399548340053,0,0,0,0,0,0,0,0,0,0,0,0,0,0,0
11.781273826781,0.424795001487058,0.0413197439841171,-0.012054936511884,0,0,0,0,0,0,0,0,0,0,0,0,0,0,0
11.791274908128,0.425207640483454,0.0411991075038888,-0.0120697173159587,0,0,0,0,0,0,0,0,0,0,0,0,0,0,0
11.801275989475,0.425619072248751,0.0410783242052595,-0.0120842969718377,0,0,0,0,0,0,0,0,0,0,0,0,0,0,0
11.811277070822,0.426029295324669,0.0409573961012856,-0.0120986752085986,0,0,0,0,0,0,0,0,0,0,0,0,0,0,0
11.8212781521691,0.426438308273076,0.0408363252077165,-0.0121128517588,0,0,0,0,0,0,0,0,0,0,0,0,0,0,0
11.8312792335161,0.426846109676011,0.0407151135429589,-0.0121268263584919,0,0,0,0,0,0,0,0,0,0,0,0,0,0,0
11.8412803148631,0.427252698135717,0.0405937631280415,-0.0121405987472275,0,0,0,0,0,0,0,0,0,0,0,0,0,0,0
11.8512813962101,0.427658072274657,0.0404722759865804,-0.012154168668073,0,0,0,0,0,0,0,0,0,0,0,0,0,0,0
11.8612824775571,0.428062230735547,0.0403506541447433,-0.0121675358676195,0,0,0,0,0,0,0,0,0,0,0,0,0,0,0
11.8712835589041,0.428465172181383,0.0402288996312151,-0.0121807000959942,0,0,0,0,0,0,0,0,0,0,0,0,0,0,0
11.8812846402511,0.428866895295458,0.0401070144771612,-0.0121936611068702,0,0,0,0,0,0,0,0,0,0,0,0,0,0,0
11.8912857215981,0.429267398781391,0.0399850007161942,-0.0122064186574789,0,0,0,0,0,0,0,0,0,0,0,0,0,0,0
11.9012868029452,0.429666681363154,0.0398628603843353,-0.01221897250862,0,0,0,0,0,0,0,0,0,0,0,0,0,0,0
11.9112878842922,0.430064741785094,0.0397405955199804,-0.0122313224246732,0,0,0,0,0,0,0,0,0,0,0,0,0,0,0
11.9212889656392,0.430461578811952,0.0396182081638648,-0.0122434681736084,0,0,0,0,0,0,0,0,0,0,0,0,0,0,0
11.9312900469862,0.430857191228894,0.0394957003590252,-0.0122554095269975,0,0,0,0,0,0,0,0,0,0,0,0,0,0,0
11.9412911283332,0.431251577841527,0.0393730741507658,-0.0122671462600249,0,0,0,0,0,0,0,0,0,0,0,0,0,0,0
11.9512922096802,0.431644737475926,0.0392503315866204,-0.0122786781514988,0,0,0,0,0,0,0,0,0,0,0,0,0,0,0
11.9612932910272,0.432036668978656,0.0391274747163168,-0.0122900049838617,0,0,0,0,0,0,0,0,0,0,0,0,0,0,0
11.9712943723742,0.432427371216787,0.0390045055917406,-0.0123011265432019,0,0,0,0,0,0,0,0,0,0,0,0,0,0,0
11.9812954537213,0.432816843077927,0.0388814262668984,-0.0123120426192647,0,0,0,0,0,0,0,0,0,0,0,0,0,0,0
11.9912965350683,0.433205083470233,0.0387582387978816,-0.0123227530054626,0,0,0,0,0,0,0,0,0,0,0,0,0,0,0
12.0012976164153,0.433592091322437,0.0386349452428288,-0.0123332574988868,0,0,0,0,0,0,0,0,0,0,0,0,0,0,0
12.0112986977623,0.433977865583864,0.0385115476618894,-0.0123435559003183,0,0,0,0,0,0,0,0,0,0,0,0,0,0,0
12.0212997791093,0.434362405224453,0.0383880481171874,-0.0123536480142384,0,0,0,0,0,0,0,0,0,0,0,0,0,0,0
12.0313008604563,0.434745709234776,0.0382644486727831,-0.0123635336488406,0,0,0,0,0,0,0,0,0,0,0,0,0,0,0
12.0413019418033,0.435127776626056,0.0381407513946369,-0.0123732126160404,0,0,0,0,0,0,0,0,0,0,0,0,0,0,0
12.0513030231503,0.435508606430189,0.0380169583505704,-0.0123826847314872,0,0,0,0,0,0,0,0,0,0,0,0,0,0,0
12.0613041044974,0.435888197699761,0.0378930716102317,-0.0123919498145751,0,0,0,0,0,0,0,0,0,0,0,0,0,0,0
12.0713051858444,0.436266549508063,0.0377690932450553,-0.0124010076884536,0,0,0,0,0,0,0,0,0,0,0,0,0,0,0
12.0813062671914,0.436643660949116,0.0376450253282268,-0.0124098581800391,0,0,0,0,0,0,0,0,0,0,0,0,0,0,0
12.0913073485384,0.437019531137679,0.0375208699346425,-0.0124185011200254,0,0,0,0,0,0,0,0,0,0,0,0,0,0,0
12.1013084298854,0.437394159209272,0.0373966291408737,-0.0124269363428947,0,0,0,0,0,0,0,0,0,0,0,0,0,0,0
12.1113095112324,0.437767544320192,0.0372723050251283,-0.0124351636869293,0,0,0,0,0,0,0,0,0,0,0,0,0,0,0
12.1213105925794,0.438139685647529,0.037147899667212,-0.0124431829942218,0,0,0,0,0,0,0,0,0,0,0,0,0,0,0
12.1313116739265,0.438510582389179,0.0370234151484913,-0.0124509941106864,0,0,0,0,0,0,0,0,0,0,0,0,0,0,0
12.1413127552735,0.438880233763864,0.0368988535518537,-0.0124585968860698,0,0,0,0,0,0,0,0,0,0,0,0,0,0,0
12.1513138366205,0.43924863901114,0.0367742169616708,-0.0124659911739627,0,0,0,0,0,0,0,0,0,0,0,0,0,0,0
12.1613149179675,0.439615797391424,0.0366495074637591,-0.0124731768318101,0,0,0,0,0,0,0,0,0,0,0,0,0,0,0
12.1713159993145,0.439981708185993,0.036524727145341,-0.0124801537209225,0,0,0,0,0,0,0,0,0,0,0,0,0,0,0
12.1813170806615,0.440346370697008,0.0363998780950073,-0.0124869217064872,0,0,0,0,0,0,0,0,0,0,0,0,0,0,0
12.1913181620085,0.440709784247528,0.0362749624026779,-0.012493480657579,0,0,0,0,0,0,0,0,0,0,0,0,0,0,0
12.2013192433555,0.441071948181514,0.0361499821595607,-0.012499830447171,0,0,0,0,0,0,0,0,0,0,0,0,0,0,0
12.2113203247026,0.441432861863852,0.0360249394581166,-0.0125059709521464,0,0,0,0,0,0,0,0,0,0,0,0,0,0,0
12.2213214060496,0.44179252468036,0.0358998363920178,-0.0125119020533086,0,0,0,0,0,0,0,0,0,0,0,0,0,0,0
12.2313224873966,0.4421509360378,0.0357746750561076,-0.0125176236353927,0,0,0,0,0,0,0,0,0,0,0,0,0,0,0
12.2413235687436,0.442508095363891,0.0356494575463641,-0.0125231355870765,0,0,0,0,0,0,0,0,0,0,0,0,0,0,0
12.2513246500906,0.442864002107321,0.0355241859598576,-0.0125284378009911,0,0,0,0,0,0,0,0,0,0,0,0,0,0,0
12.2613257314376,0.443218655737752,0.0353988623947134,-0.0125335301737323,0,0,0,0,0,0,0,0,0,0,0,0,0,0,0
12.2713268127846,0.443572055745841,0.0352734889500703,-0.0125384126058714,0,0,0,0,0,0,0,0,0,0,0,0,0,0,0
12.2813278941316,0.443924201643236,0.035148067726042,-0.0125430850019664,0,0,0,0,0,0,0,0,0,0,0,0,0,0,0
12.2913289754787,0.4442750929626,0.035022600823677,-0.0125475472705728,0,0,0,0,0,0,0,0,0,0,0,0,0,0,0
12.3013300568257,0.444624729257608,0.0348970903449179,-0.0125517993242545,0,0,0,0,0,0,0,0,0,0,0,0,0,0,0
12.3113311381727,0.444973110102966,0.0347715383925614,-0.0125558410795953,0,0,0,0,0,0,0,0,0,0,0,0,0,0,0
12.3213322195197,0.44532023509441,0.0346459470702187,-0.0125596724572091,0,0,0,0,0,0,0,0,0,0,0,0,0,0,0
12.3313333008667,0.445666103848722,0.0345203184822752,-0.0125632933817516,0,0,0,0,0,0,0,0,0,0,0,0,0,0,0
12.3413343822137,0.446010716003728,0.0343946547338484,-0.0125667037819311,0,0,0,0,0,0,0,0,0,0,0,0,0,0,0
12.3513354635607,0.446354071218318,0.0342689579307496,-0.0125699035905193,0,0,0,0,0,0,0,0,0,0,0,0,0,0,0
12.3613365449077,0.446696169172442,0.0341432301794414,-0.0125728927443624,0,0,0,0,0,0,0,0,0,0,0,0,0,0,0
12.3713376262548,0.44703700956712,0.034017473586998,-0.0125756711843925,0,0,0,0,0,0,0,0,0,0,0,0,0,0,0
12.3813387076018,0.447376592124448,0.0338916902610639,-0.0125782388556378,0,0,0,0,0,0,0,0,0,0,0,0,0,0,0
12.3913397889488,0.447714916587604,0.0337658823098122,-0.0125805957072342,0,0,0,0,0,0,0,0,0,0,0,0,0,0,0
12.4013408702958,0.448051982720852,0.0336400518419044,-0.0125827416924362,0,0,0,0,0,0,0,0,0,0,0,0,0,0,0
12.4113419516428,0.448387790309548,0.0335142009664496,-0.0125846767686277,0,0,0,0,0,0,0,0,0,0,0,0,0,0,0
12.4213430329898,0.448722339160143,0.0333883317929614,-0.0125864008973331,0,0,0,0,0,0,0,0,0,0,0,0,0,0,0
12.4313441143368,0.449055629100187,0.0332624464313181,-0.0125879140442285,0,0,0,0,0,0,0,0,0,0,0,0,0,0,0
12.4413451956838,0.449387659978332,0.0331365469917199,-0.0125892161791524,0,0,0,0,0,0,0,0,0,0,0,0,0,0,0
12.4513462770309,0.449718431664338,0.0330106355846488,-0.0125903072761169,0,0,0,0,0,0,0,0,0,0,0,0,0,0,0
12.4613473583779,0.45004794404907,0.0328847143208244,-0.0125911873133183,0,0,0,0,0,0,0,0,0,0,0,0,0,0,0
12.4713484397249,0.450376197044506,0.0327587853111645,-0.0125918562731488,0,0,0,0,0,0,0,0,0,0,0,0,0,0,0
12.4813495210719,0.450703190583738,0.0326328506667414,-0.012592314142207,0,0,0,0,0,0,0,0,0,0,0,0,0,0,0
12.4913506024189,0.451028924620966,0.0325069124987411,-0.0125925609113089,0,0,0,0,0,0,0,0,0,0,0,0,0,0,0
12.5013516837659,0.45135339913151,0.0323809729184189,-0.0125925965754992,0,0,0,0,0,0,0,0,0,0,0,0,0,0,0
12.5113527651129,0.451676614111801,0.0322550340370595,-0.0125924211340619,0,0,0,0,0,0,0,0,0,0,0,0,0,0,0
12.52135384646,0.451998569579389,0.0321290979659338,-0.0125920345905314,0,0,0,0,0,0,0,0,0,0,0,0,0,0,0
12.531354927807,0.452319265572935,0.0320031668162554,-0.0125914369527041,0,0,0,0,0,0,0,0,0,0,0,0,0,0,0
12.541356009154,0.452638702152216,0.0318772426991383,-0.0125906282326483,0,0,0,0,0,0,0,0,0,0,0,0,0,0,0
12.551357090501,0.452956879398122,0.0317513277255553,-0.012589608446716,0,0,0,0,0,0,0,0,0,0,0,0,0,0,0
12.561358171848,0.453273797412653,0.0316254240062937,-0.0125883776155539,0,0,0,0,0,0,0,0,0,0,0,0,0,0,0
12.571359253195,0.453589456318918,0.0314995336519129,-0.0125869357641139,0,0,0,0,0,0,0,0,0,0,0,0,0,0,0
12.581360334542,0.453903856261133,0.0313736587727004,-0.0125852829216645,0,0,0,0,0,0,0,0,0,0,0,0,0,0,0
12.591361415889,0.45421699740462,0.0312478014786311,-0.0125834191218018,0,0,0,0,0,0,0,0,0,0,0,0,0,0,0
12.6013624972361,0.454528879935796,0.0311219638793204,-0.0125813444024602,0,0,0,0,0,0,0,0,0,0,0,0,0,0,0
12.6113635785831,0.454839504062179,0.030996148083984,-0.0125790588059235,0,0,0,0,0,0,0,0,0,0,0,0,0,0,0
12.6213646599301,0.455148870012379,0.0308703562013917,-0.0125765623788362,0,0,0,0,0,0,0,0,0,0,0,0,0,0,0
12.6313657412771,0.455456978036088,0.0307445903398259,-0.0125738551722142,0,0,0,0,0,0,0,0,0,0,0,0,0,0,0
12.6413668226241,0.455763828404089,0.0306188526070361,-0.0125709372414558,0,0,0,0,0,0,0,0,0,0,0,0,0,0,0
12.6513679039711,0.456069421408236,0.0304931451101966,-0.0125678086463527,0,0,0,0,0,0,0,0,0,0,0,0,0,0,0
12.6613689853181,0.456373757361456,0.0303674699558613,-0.0125644694511014,0,0,0,0,0,0,0,0,0,0,0,0,0,0,0
12.6713700666651,0.45667683659774,0.0302418292499197,-0.0125609197243132,0,0,0,0,0,0,0,0,0,0,0,0,0,0,0
12.6813711480122,0.456978659472136,0.0301162250975539,-0.0125571595390268,0,0,0,0,0,0,0,0,0,0,0,0,0,0,0
12.6913722293592,0.457279226360745,0.0299906596031919,-0.0125531889727174,0,0,0,0,0,0,0,0,0,0,0,0,0,0,0
12.7013733107062,0.457578537660707,0.029865134870466,-0.0125490081073093,0,0,0,0,0,0,0,0,0,0,0,0,0,0,0
12.7113743920532,0.4578765937902,0.0297396530021661,-0.0125446170291859,0,0,0,0,0,0,0,0,0,0,0,0,0,0,0
12.7213754734002,0.458173395188424,0.0296142161001964,-0.0125400158292011,0,0,0,0,0,0,0,0,0,0,0,0,0,0,0
12.7313765547472,0.4584689423156,0.0294888262655295,-0.0125352046026906,0,0,0,0,0,0,0,0,0,0,0,0,0,0,0
12.7413776360942,0.458763235652952,0.0293634855981624,-0.012530183449482,0,0,0,0,0,0,0,0,0,0,0,0,0,0,0
12.7513787174412,0.459056275702704,0.029238196197071,-0.0125249524739067,0,0,0,0,0,0,0,0,0,0,0,0,0,0,0
12.7613797987883,0.459348062988066,0.0291129601601653,-0.0125195117848104,0,0,0,0,0,0,0,0,0,0,0,0,0,0,0
12.7713808801353,0.459638598053223,0.0289877795842447,-0.0125138614955643,0,0,0,0,0,0,0,0,0,0,0,0,0,0,0
12.7813819614823,0.459927881463325,0.0288626565649507,-0.012508001724076,0,0,0,0,0,0,0,0,0,0,0,0,0,0,0
12.7913830428293,0.460215913804476,0.0287375931967244,-0.0125019325928003,0,0,0,0,0,0,0,0,0,0,0,0,0,0,0
12.8013841241763,0.460502695683717,0.0286125915727585,-0.012495654228751,0,0,0,0,0,0,0,0,0,0,0,0,0,0,0
12.8113852055233,0.460788227729022,0.0284876537849523,-0.0124891667635105,0,0,0,0,0,0,0,0,0,0,0,0,0,0,0
12.8213862868703,0.461072510589274,0.0283627819238676,-0.0124824703332426,0,0,0,0,0,0,0,0,0,0,0,0,0,0,0
12.8313873682173,0.461355544934262,0.0282379780786802,-0.0124755650787016,0,0,0,0,0,0,0,0,0,0,0,0,0,0,0
12.8413884495644,0.461637331454659,0.0281132443371356,-0.0124684511452447,0,0,0,0,0,0,0,0,0,0,0,0,0,0,0
12.8513895309114,0.46191787086201,0.0279885827855026,-0.0124611286828424,0,0,0,0,0,0,0,0,0,0,0,0,0,0,0
12.8613906122584,0.462197163888718,0.0278639955085272,-0.01245359784609,0,0,0,0,0,0,0,0,0,0,0,0,0,0,0
12.8713916936054,0.46247521128803,0.0277394845893851,-0.0124458587942173,0,0,0,0,0,0,0,0,0,0,0,0,0,0,0
12.8813927749524,0.462752013834017,0.027615052109638,-0.0124379116911015,0,0,0,0,0,0,0,0,0,0,0,0,0,0,0
12.8913938562994,0.463027572321557,0.027490700149184,-0.0124297567052764,0,0,0,0,0,0,0,0,0,0,0,0,0,0,0
12.9013949376464,0.463301887566329,0.0273664307862126,-0.0124213940099447,0,0,0,0,0,0,0,0,0,0,0,0,0,0,0
12.9113960189934,0.463574960404776,0.0272422460971579,-0.0124128237829883,0,0,0,0,0,0,0,0,0,0,0,0,0,0,0
12.9213971003405,0.463846791694107,0.0271181481566518,-0.0124040462069796,0,0,0,0,0,0,0,0,0,0,0,0,0,0,0
12.9313981816875,0.464117382312268,0.0269941390374758,-0.0123950614691924,0,0,0,0,0,0,0,0,0,0,0,0,0,0,0
12.9413992630345,0.464386733157928,0.0268702208105164,-0.0123858697616126,0,0,0,0,0,0,0,0,0,0,0,0,0,0,0
12.9514003443815,0.46465484515045,0.0267463955447157,-0.0123764712809497,0,0,0,0,0,0,0,0,0,0,0,0,0,0,0
12.9614014257285,0.464921719229887,0.026622665307024,-0.0123668662286477,0,0,0,0,0,0,0,0,0,0,0,0,0,0,0
12.9714025070755,0.465187356356949,0.026499032162355,-0.0123570548108959,0,0,0,0,0,0,0,0,0,0,0,0,0,0,0
12.9814035884225,0.465451757512987,0.026375498173534,-0.0123470372386399,0,0,0,0,0,0,0,0,0,0,0,0,0,0,0
12.9914046697695,0.465714923699977,0.0262520654012557,-0.0123368137275926,0,0,0,0,0,0,0,0,0,0,0,0,0,0,0
13.0014057511166,0.465976855940485,0.0261287359040315,-0.0123263844982457,0,0,0,0,0,0,0,0,0,0,0,0,0,0,0
13.0114068324636,0.466237555277661,0.0260055117381437,-0.0123157497758796,0,0,0,0,0,0,0,0,0,0,0,0,0,0,0
13.0214079138106,0.466497022775204,0.0258823949575993,-0.0123049097905755,0,0,0,0,0,0,0,0,0,0,0,0,0,0,0
13.0314089951576,0.466755259517344,0.0257593876140789,-0.0122938647772262,0,0,0,0,0,0,0,0,0,0,0,0,0,0,0
13.0414100765046,0.46701226660882,0.0256364917568893,-0.0122826149755462,0,0,0,0,0,0,0,0,0,0,0,0,0,0,0
13.0514111578516,0.467268045174854,0.0255137094329166,-0.0122711606300838,0,0,0,0,0,0,0,0,0,0,0,0,0,0,0
13.0614122391986,0.467522596361126,0.0253910426865775,-0.0122595019902316,0,0,0,0,0,0,0,0,0,0,0,0,0,0,0
13.0714133205457,0.46777592133375,0.0252684935597686,-0.0122476393102376,0,0,0,0,0,0,0,0,0,0,0,0,0,0,0
13.0814144018927,0.468028021279248,0.0251460640918206,-0.0122355728492158,0,0,0,0,0,0,0,0,0,0,0,0,0,0,0
13.0914154832397,0.468278897404525,0.0250237563194481,-0.0122233028711584,0,0,0,0,0,0,0,0,0,0,0,0,0,0,0
13.1014165645867,0.468528550936841,0.0249015722767009,-0.0122108296449448,0,0,0,0,0,0,0,0,0,0,0,0,0,0,0
13.1114176459337,0.46877698312379,0.0247795139949157,-0.0121981534443546,0,0,0,0,0,0,0,0,0,0,0,0,0,0,0
13.1214187272807,0.469024195233258,0.0246575835026661,-0.0121852745480774,0,0,0,0,0,0,0,0,0,0,0,0,0,0,0
13.1314198086277,0.469270188553416,0.0245357828257141,-0.0121721932397242,0,0,0,0,0,0,0,0,0,0,0,0,0,0,0
13.1414208899747,0.469514964392672,0.0244141139869606,-0.0121589098078383,0,0,0,0,0,0,0,0,0,0,0,0,0,0,0
13.1514219713218,0.469758524079656,0.0242925790063959,-0.0121454245459065,0,0,0,0,0,0,0,0,0,0,0,0,0,0,0
13.1614230526688,0.470000868963182,0.0241711799010506,-0.0121317377523697,0,0,0,0,0,0,0,0,0,0,0,0,0,0,0
13.1714241340158,0.470242000412224,0.0240499186849449,-0.0121178497306342,0,0,0,0,0,0,0,0,0,0,0,0,0,0,0
13.1814252153628,0.470481919815882,0.0239287973690421,-0.0121037607890827,0,0,0,0,0,0,0,0,0,0,0,0,0,0,0
13.1914262967098,0.47072062858335,0.0238078179611933,-0.0120894712410851,0,0,0,0,0,0,0,0,0,0,0,0,0,0,0
13.2014273780568,0.470958128143892,0.0236869824660928,-0.0120749814050099,0,0,0,0,0,0,0,0,0,0,0,0,0,0,0
13.2114284594038,0.471194419946801,0.0235662928852244,-0.0120602916042344,0,0,0,0,0,0,0,0,0,0,0,0,0,0,0
13.2214295407508,0.471429505461373,0.0234457512168145,-0.0120454021671571,0,0,0,0,0,0,0,0,0,0,0,0,0,0,0
13.2314306220979,0.47166338617687,0.0233253594557775,-0.0120303134272067,0,0,0,0,0,0,0,0,0,0,0,0,0,0,0
13.2414317034449,0.471896063602489,0.0232051195936704,-0.012015025722855,0,0,0,0,0,0,0,0,0,0,0,0,0,0,0
13.2514327847919,0.47212753926733,0.0230850336186383,-0.0119995393976267,0,0,0,0,0,0,0,0,0,0,0,0,0,0,0
13.2614338661389,0.472357814720355,0.0229651035153653,-0.0119838548001112,0,0,0,0,0,0,0,0,0,0,0,0,0,0,0
13.2714349474859,0.472586891530362,0.0228453312650257,-0.0119679722839728,0,0,0,0,0,0,0,0,0,0,0,0,0,0,0
13.2814360288329,0.472814771285944,0.0227257188452282,-0.0119518922079624,0,0,0,0,0,0,0,0,0,0,0,0,0,0,0
13.2914371101799,0.47304145559545,0.0226062682299719,-0.0119356149359281,0,0,0,0,0,0,0,0,0,0,0,0,0,0,0
13.3014381915269,0.473266946086961,0.0224869813895887,-0.011919140836826,0,0,0,0,0,0,0,0,0,0,0,0,0,0,0
13.311439272874,0.473491244408235,0.0223678602906953,-0.011902470284732,0,0,0,0,0,0,0,0,0,0,0,0,0,0,0
13.321440354221,0.473714352226687,0.0222489068961429,-0.011885603658852,0,0,0,0,0,0,0,0,0,0,0,0,0,0,0
13.331441435568,0.473936271229341,0.0221301231649638,-0.0118685413435332,0,0,0,0,0,0,0,0,0,0,0,0,0,0,0
13.341442516915,0.474157003122795,0.0220115110523197,-0.0118512837282752,0,0,0,0,0,0,0,0,0,0,0,0,0,0,0
13.351443598262,0.47437654963318,0.0218930725094527,-0.0118338312077409,0,0,0,0,0,0,0,0,0,0,0,0,0,0,0
13.361444679609,0.474594912506122,0.021774809483631,-0.0118161841817671,0,0,0,0,0,0,0,0,0,0,0,0,0,0,0
13.371445760956,0.474812093506702,0.021656723918098,-0.0117983430553763,0,0,0,0,0,0,0,0,0,0,0,0,0,0,0
13.381446842303,0.475028094419414,0.0215388177520212,-0.0117803082387872,0,0,0,0,0,0,0,0,0,0,0,0,0,0,0
13.3914479236501,0.47524291704813,0.0214210929204396,-0.0117620801474257,0,0,0,0,0,0,0,0,0,0,0,0,0,0,0
13.4014490049971,0.475456563216044,0.0213035513542101,-0.011743659201936,0,0,0,0,0,0,0,0,0,0,0,0,0,0,0
13.4114500863441,0.47566903476565,0.021186194979957,-0.0117250458281913,0,0,0,0,0,0,0,0,0,0,0,0,0,0,0
13.4214511676911,0.475880333558683,0.0210690257200197,-0.0117062404573054,0,0,0,0,0,0,0,0,0,0,0,0,0,0,0
13.4314522490381,0.476090461476083,0.0209520454924002,-0.0116872435256435,0,0,0,0,0,0,0,0,0,0,0,0,0,0,0
13.4414533303851,0.47629942041795,0.0208352562107085,-0.0116680554748326,0,0,0,0,0,0,0,0,0,0,0,0,0,0,0
13.4514544117321,0.476507212303502,0.0207186597841134,-0.0116486767517734,0,0,0,0,0,0,0,0,0,0,0,0,0,0,0
13.4614554930791,0.476713839071025,0.0206022581172854,-0.0116291078086504,0,0,0,0,0,0,0,0,0,0,0,0,0,0,0
13.4714565744262,0.476919302677832,0.0204860531103492,-0.0116093491029438,0,0,0,0,0,0,0,0,0,0,0,0,0,0,0
13.4814576557732,0.47712360510022,0.0203700466588246,-0.0115894010974395,0,0,0,0,0,0,0,0,0,0,0,0,0,0,0
13.4914587371202,0.477326748333414,0.0202542406535796,-0.0115692642602413,0,0,0,0,0,0,0,0,0,0,0,0,0,0,0
13.5014598184672,0.477528734391531,0.0201386369807707,-0.0115489390647809,0,0,0,0,0,0,0,0,0,0,0,0,0,0,0
13.5114608998142,0.477729565307526,0.0200232375217953,-0.0115284259898292,0,0,0,0,0,0,0,0,0,0,0,0,0,0,0
13.5214619811612,0.477929243133147,0.0199080441532353,-0.0115077255195073,0,0,0,0,0,0,0,0,0,0,0,0,0,0,0
13.5314630625082,0.478127769938882,0.0197930587468037,-0.0114868381432978,0,0,0,0,0,0,0,0,0,0,0,0,0,0,0
13.5414641438552,0.478325147813918,0.0196782831692908,-0.0114657643560553,0,0,0,0,0,0,0,0,0,0,0,0,0,0,0
13.5514652252023,0.478521378866085,0.0195637192825124,-0.0114445046580177,0,0,0,0,0,0,0,0,0,0,0,0,0,0,0
13.5614663065493,0.47871646522181,0.0194493689432535,-0.011423059554817,0,0,0,0,0,0,0,0,0,0,0,0,0,0,0
13.5714673878963,0.47891040902606,0.0193352340032146,-0.0114014295574908,0,0,0,0,0,0,0,0,0,0,0,0,0,0,0
13.5814684692433,0.479103212442301,0.0192213163089598,-0.0113796151824927,0,0,0,0,0,0,0,0,0,0,0,0,0,0,0
13.5914695505903,0.479294877652436,0.0191076177018586,-0.0113576169517032,0,0,0,0,0,0,0,0,0,0,0,0,0,0,0
13.6014706319373,0.47948540685676,0.0189941400180368,-0.0113354353924415,0,0,0,0,0,0,0,0,0,0,0,0,0,0,0
13.6114717132843,0.479674802273904,0.0188808850883172,-0.0113130710374758,0,0,0,0,0,0,0,0,0,0,0,0,0,0,0
13.6214727946313,0.479863066140783,0.0187678547381675,-0.0112905244250347,0,0,0,0,0,0,0,0,0,0,0,0,0,0,0
13.6314738759784,0.480050200712543,0.0186550507876454,-0.0112677960988176,0,0,0,0,0,0,0,0,0,0,0,0,0,0,0
13.6414749573254,0.4802362082625,0.0185424750513434,-0.0112448866080064,0,0,0,0,0,0,0,0,0,0,0,0,0,0,0
13.6514760386724,0.480421091082098,0.018430129338335,-0.0112217965072762,0,0,0,0,0,0,0,0,0,0,0,0,0,0,0
13.6614771200194,0.480604851480838,0.0183180154521172,-0.0111985263568062,0,0,0,0,0,0,0,0,0,0,0,0,0,0,0
13.6714782013664,0.480787491786235,0.0182061351905582,-0.0111750767222911,0,0,0,0,0,0,0,0,0,0,0,0,0,0,0
13.6814792827134,0.480969014343757,0.018094490345841,-0.0111514481749513,0,0,0,0,0,0,0,0,0,0,0,0,0,0,0
13.6914803640604,0.481149421516762,0.0179830827044073,-0.0111276412915449,0,0,0,0,0,0,0,0,0,0,0,0,0,0,0
13.7014814454075,0.481328715686451,0.0178719140469034,-0.0111036566543777,0,0,0,0,0,0,0,0,0,0,0,0,0,0,0
13.7114825267545,0.481506899251799,0.0177609861481247,-0.0110794948513149,0,0,0,0,0,0,0,0,0,0,0,0,0,0,0
13.7214836081015,0.481683974629505,0.0176503007769589,-0.0110551564757922,0,0,0,0,0,0,0,0,0,0,0,0,0,0,0
13.7314846894485,0.481859944253927,0.0175398596963305,-0.0110306421268259,0,0,0,0,0,0,0,0,0,0,0,0,0,0,0
13.7414857707955,0.482034810577029,0.0174296646631452,-0.0110059524090251,0,0,0,0,0,0,0,0,0,0,0,0,0,0,0
13.7514868521425,0.482208576068306,0.0173197174282353,-0.0109810879326015,0,0,0,0,0,0,0,0,0,0,0,0,0,0,0
13.7614879334895,0.482381243214744,0.0172100197362994,-0.0109560493133812,0,0,0,0,0,0,0,0,0,0,0,0,0,0,0
13.7714890148365,0.482552814520737,0.0171005733258523,-0.0109308371728158,0,0,0,0,0,0,0,0,0,0,0,0,0,0,0
13.7814900961836,0.482723292508039,0.0169913799291641,-0.0109054521379926,0,0,0,0,0,0,0,0,0,0,0,0,0,0,0
13.7914911775306,0.482892679715701,0.0168824412722044,-0.0108798948416463,0,0,0,0,0,0,0,0,0,0,0,0,0,0,0
13.8014922588776,0.483060978699996,0.0167737590745875,-0.0108541659221694,0,0,0,0,0,0,0,0,0,0,0,0,0,0,0
13.8114933402246,0.483228192034371,0.0166653350495137,-0.0108282660236243,0,0,0,0,0,0,0,0,0,0,0,0,0,0,0
13.8214944215716,0.483394322309366,0.0165571709037149,-0.010802195795753,0,0,0,0,0,0,0,0,0,0,0,0,0,0,0
13.8314955029186,0.483559372132565,0.0164492683373958,-0.0107759558939888,0,0,0,0,0,0,0,0,0,0,0,0,0,0,0
13.8414965842656,0.483723344128519,0.0163416290441772,-0.0107495469794671,0,0,0,0,0,0,0,0,0,0,0,0,0,0,0
13.8514976656126,0.483886240938688,0.0162342547110396,-0.0107229697190366,0,0,0,0,0,0,0,0,0,0,0,0,0,0,0
13.8614987469597,0.484048065221364,0.0161271470182658,-0.0106962247852699,0,0,0,0,0,0,0,0,0,0,0,0,0,0,0
13.8714998283067,0.484208819651616,0.0160203076393836,-0.010669312856475,0,0,0,0,0,0,0,0,0,0,0,0,0,0,0
13.8815009096537,0.48436850692121,0.0159137382411077,-0.0106422346167058,0,0,0,0,0,0,0,0,0,0,0,0,0,0,0
13.8915019910007,0.484527129738551,0.0158074404832831,-0.0106149907557736,0,0,0,0,0,0,0,0,0,0,0,0,0,0,0
13.9015030723477,0.484684690828608,0.0157014160188274,-0.0105875819692579,0,0,0,0,0,0,0,0,0,0,0,0,0,0,0
13.9115041536947,0.48484119293285,0.0155956664936715,-0.0105600089585171,0,0,0,0,0,0,0,0,0,0,0,0,0,0,0
13.9215052350417,0.484996638809165,0.0154901935467054,-0.0105322724306993,0,0,0,0,0,0,0,0,0,0,0,0,0,0,0
13.9315063163887,0.485151031231801,0.0153849988097147,-0.0105043730987548,0,0,0,0,0,0,0,0,0,0,0,0,0,0,0
13.9415073977358,0.485304372991289,0.0152800839073286,-0.0104763116814453,0,0,0,0,0,0,0,0,0,0,0,0,0,0,0
13.9515084790828,0.485456666894369,0.0151754504569573,-0.0104480889033555,0,0,0,0,0,0,0,0,0,0,0,0,0,0,0
13.9615095604298,0.485607915763928,0.0150711000687356,-0.0104197054949051,0,0,0,0,0,0,0,0,0,0,0,0,0,0,0
13.9715106417768,0.485758122438909,0.0149670343454635,-0.0103911621923578,0,0,0,0,0,0,0,0,0,0,0,0,0,0,0
13.9815117231238,0.485907289774257,0.0148632548825485,-0.0103624597378342,0,0,0,0,0,0,0,0,0,0,0,0,0,0,0
13.9915128044708,0.486055420640832,0.0147597632679478,-0.0103335988793216,0,0,0,0,0,0,0,0,0,0,0,0,0,0,0
14.0015138858178,0.486202517925335,0.0146565610821076,-0.0103045803706857,0,0,0,0,0,0,0,0,0,0,0,0,0,0,0
14.0115149671648,0.486348584530241,0.0145536498979047,-0.010275404971681,0,0,0,0,0,0,0,0,0,0,0,0,0,0,0
14.0215160485119,0.486493623373715,0.0144510312805893,-0.0102460734479625,0,0,0,0,0,0,0,0,0,0,0,0,0,0,0
14.0315171298589,0.486637637389534,0.014348706787724,-0.0102165865710961,0,0,0,0,0,0,0,0,0,0,0,0,0,0,0
14.0415182112059,0.486780629527019,0.0142466779691254,-0.0101869451185698,0,0,0,0,0,0,0,0,0,0,0,0,0,0,0
14.0515192925529,0.486922602750952,0.0141449463668041,-0.0101571498738044,0,0,0,0,0,0,0,0,0,0,0,0,0,0,0
14.0615203738999,0.487063560041489,0.0140435135149069,-0.0101272016261657,0,0,0,0,0,0,0,0,0,0,0,0,0,0,0
14.0715214552469,0.487203504394102,0.0139423809396563,-0.0100971011709733,0,0,0,0,0,0,0,0,0,0,0,0,0,0,0
14.0815225365939,0.48734243881948,0.0138415501592902,-0.0100668493095141,0,0,0,0,0,0,0,0,0,0,0,0,0,0,0
14.091523617941,0.487480366343454,0.0137410226840027,-0.0100364468490513,0,0,0,0,0,0,0,0,0,0,0,0,0,0,0
14.101524699288,0.487617290006921,0.0136408000158859,-0.0100058946028367,0,0,0,0,0,0,0,0,0,0,0,0,0,0,0
14.111525780635,0.487753212865763,0.0135408836488673,-0.00997519339012077,0,0,0,0,0,0,0,0,0,0,0,0,0,0,0
14.121526861982,0.487888137990755,0.0134412750686505,-0.00994434403616427,0,0,0,0,0,0,0,0,0,0,0,0,0,0,0
14.131527943329,0.488022068467494,0.0133419757526573,-0.00991334737224911,0,0,0,0,0,0,0,0,0,0,0,0,0,0,0
14.141529024676,0.48815500739631,0.0132429871699641,-0.0098822042356891,0,0,0,0,0,0,0,0,0,0,0,0,0,0,0
14.151530106023,0.488286957892183,0.013144310781244,-0.00985091546984103,0,0,0,0,0,0,0,0,0,0,0,0,0,0,0
14.16153118737,0.488417923084661,0.0130459480387036,-0.00981948192411628,0,0,0,0,0,0,0,0,0,0,0,0,0,0,0
14.1715322687171,0.488547906117766,0.0129479003860274,-0.00978790445399077,0,0,0,0,0,0,0,0,0,0,0,0,0,0,0
14.1815333500641,0.488676910149925,0.0128501692583099,-0.00975618392101666,0,0,0,0,0,0,0,0,0,0,0,0,0,0,0
14.1915344314111,0.488804938353868,0.0127527560820023,-0.00972432119283337,0,0,0,0,0,0,0,0,0,0,0,0,0,0,0
14.2015355127581,0.488931993916555,0.0126556622748453,-0.0096923171431781,0,0,0,0,0,0,0,0,0,0,0,0,0,0,0
14.2115365941051,0.489058080039069,0.0125588892458119,-0.00966017265189711,0,0,0,0,0,0,0,0,0,0,0,0,0,0,0
14.2215376754521,0.48918319993655,0.0124624383950459,-0.00962788860495673,0,0,0,0,0,0,0,0,0,0,0,0,0,0,0
14.2315387567991,0.489307356838093,0.0123663111137983,-0.00959546589445477,0,0,0,0,0,0,0,0,0,0,0,0,0,0,0
14.2415398381461,0.489430553986662,0.0122705087843682,-0.00956290541863047,0,0,0,0,0,0,0,0,0,0,0,0,0,0,0
14.2515409194932,0.489552794639006,0.0121750327800401,-0.00953020808187649,0,0,0,0,0,0,0,0,0,0,0,0,0,0,0
14.2615420008402,0.489674082065552,0.0120798844650238,-0.00949737479474934,0,0,0,0,0,0,0,0,0,0,0,0,0,0,0
14.2715430821872,0.489794419550335,0.0119850651943909,-0.00946440647398077,0,0,0,0,0,0,0,0,0,0,0,0,0,0,0
14.2815441635342,0.48991381039089,0.011890576314014,-0.00943130404248856,0,0,0,0,0,0,0,0,0,0,0,0,0,0,0
14.2915452448812,0.49003225789817,0.0117964191605039,-0.00939806842938734,0,0,0,0,0,0,0,0,0,0,0,0,0,0,0
14.3015463262282,0.490149765396445,0.0117025950611489,-0.00936470056999997,0,0,0,0,0,0,0,0,0,0,0,0,0,0,0
14.3115474075752,0.490266336223221,0.0116091053338524,-0.00933120140586807,0,0,0,0,0,0,0,0,0,0,0,0,0,0,0
14.3215484889222,0.490381973729123,0.0115159512870689,-0.00929757188476357,0,0,0,0,0,0,0,0,0,0,0,0,0,0,0
14.3315495702693,0.490496681277828,0.0114231342197448,-0.00926381296069967,0,0,0,0,0,0,0,0,0,0,0,0,0,0,0
14.3415506516163,0.490610462245949,0.0113306554212519,-0.0092299255939408,0,0,0,0,0,0,0,0,0,0,0,0,0,0,0
14.3515517329633,0.490723320022945,0.0112385161713282,-0.00919591075101479,0,0,0,0,0,0,0,0,0,0,0,0,0,0,0
14.3615528143103,0.490835258011034,0.0111467177400145,-0.0091617694047241,0,0,0,0,0,0,0,0,0,0,0,0,0,0,0
14.3715538956573,0.490946279625073,0.0110552613875897,-0.00912750253415513,0,0,0,0,0,0,0,0,0,0,0,0,0,0,0
14.3815549770043,0.491056388292487,0.0109641483645113,-0.00909311112469119,0,0,0,0,0,0,0,0,0,0,0,0,0,0,0
14.3915560583513,0.491165587453153,0.010873379911348,-0.00905859616802218,0,0,0,0,0,0,0,0,0,0,0,0,0,0,0
14.4015571396983,0.491273880559304,0.0107829572587212,-0.00902395866215614,0,0,0,0,0,0,0,0,0,0,0,0,0,0,0
14.4115582210454,0.491381271075429,0.0106928816272373,-0.00898919961142981,0,0,0,0,0,0,0,0,0,0,0,0,0,0,0
14.4215593023924,0.491487762478178,0.0106031542274284,-0.00895432002652053,0,0,0,0,0,0,0,0,0,0,0,0,0,0,0
14.4315603837394,0.491593358256256,0.010513776259687,-0.00891932092445603,0,0,0,0,0,0,0,0,0,0,0,0,0,0,0
14.4415614650864,0.49169806191032,0.0104247489142001,-0.00888420332862647,0,0,0,0,0,0,0,0,0,0,0,0,0,0,0
14.4515625464334,0.491801876952884,0.0103360733708907,-0.00884896826879476,0,0,0,0,0,0,0,0,0,0,0,0,0,0,0
14.4615636277804,0.491904806908204,0.0102477507993489,-0.00881361678110788,0,0,0,0,0,0,0,0,0,0,0,0,0,0,0
14.4715647091274,0.492006855312184,0.0101597823587722,-0.00877814990810797,0,0,0,0,0,0,0,0,0,0,0,0,0,0,0
14.4815657904744,0.492108025712275,0.0100721691978977,-0.00874256869874284,0,0,0,0,0,0,0,0,0,0,0,0,0,0,0
14.4915668718215,0.492208321667353,0.00998491245494111,-0.00870687420837751,0,0,0,0,0,0,0,0,0,0,0,0,0,0,0
14.5015679531685,0.492307746747634,0.00989801325753091,-0.00867106749880455,0,0,0,0,0,0,0,0,0,0,0,0,0,0,0
14.5115690345155,0.49240630453455,0.00981147272264316,-0.00863514963825652,0,0,0,0,0,0,0,0,0,0,0,0,0,0,0
14.5215701158625,0.492503998620659,0.00972529195654051,-0.00859912170141494,0,0,0,0,0,0,0,0,0,0,0,0,0,0,0
14.5315711972095,0.492600832609522,0.00963947205470338,-0.00856298476942287,0,0,0,0,0,0,0,0,0,0,0,0,0,0,0
14.5415722785565,0.49269681011561,0.0095540141017679,-0.00852673992989487,0,0,0,0,0,0,0,0,0,0,0,0,0,0,0
14.5515733599035,0.492791934764177,0.00946891917145943,-0.00849038827692931,0,0,0,0,0,0,0,0,0,0,0,0,0,0,0
14.5615744412505,0.492886210191165,0.00938418832653141,-0.00845393091111732,0,0,0,0,0,0,0,0,0,0,0,0,0,0,0
14.5715755225976,0.492979640043091,0.00929982261869532,-0.00841736893955602,0,0,0,0,0,0,0,0,0,0,0,0,0,0,0
14.5815766039446,0.493072227976934,0.00921582308855887,-0.00838070347585793,0,0,0,0,0,0,0,0,0,0,0,0,0,0,0
14.5915776852916,0.493163977660024,0.00913219076555917,-0.0083439356401631,0,0,0,0,0,0,0,0,0,0,0,0,0,0,0
14.6015787666386,0.493254892769933,0.00904892666789734,-0.00830706655914878,0,0,0,0,0,0,0,0,0,0,0,0,0,0,0
14.6115798479856,0.493344976994352,0.00896603180247614,-0.00827009736604146,0,0,0,0,0,0,0,0,0,0,0,0,0,0,0
14.6215809293326,0.493434234030993,0.00888350716483037,-0.00823302920062813,0,0,0,0,0,0,0,0,0,0,0,0,0,0,0
14.6315820106796,0.493522667587464,0.00880135373906285,-0.00819586320926621,0,0,0,0,0,0,0,0,0,0,0,0,0,0,0
14.6415830920267,0.493610281381158,0.00871957249777939,-0.00815860054489483,0,0,0,0,0,0,0,0,0,0,0,0,0,0,0
14.6515841733737,0.493697079139141,0.00863816440202182,-0.00812124236704656,0,0,0,0,0,0,0,0,0,0,0,0,0,0,0
14.6615852547207,0.493783064598024,0.00855713040120244,-0.00808378984185753,0,0,0,0,0,0,0,0,0,0,0,0,0,0,0
14.6715863360677,0.493868241503866,0.00847647143303746,-0.00804624414207948,0,0,0,0,0,0,0,0,0,0,0,0,0,0,0
14.6815874174147,0.493952613612032,0.00839618842348121,-0.00800860644708912,0,0,0,0,0,0,0,0,0,0,0,0,0,0,0
14.6915884987617,0.4940361846871,0.00831628228666115,-0.00797087794290088,0,0,0,0,0,0,0,0,0,0,0,0,0,0,0
14.7015895801087,0.494118958502728,0.00823675392480839,-0.00793305982217691,0,0,0,0,0,0,0,0,0,0,0,0,0,0,0
14.7115906614557,0.494200938841531,0.00815760422819316,-0.00789515328423763,0,0,0,0,0,0,0,0,0,0,0,0,0,0,0
14.7215917428028,0.494282129494976,0.00807883407505922,-0.00785715953507472,0,0,0,0,0,0,0,0,0,0,0,0,0,0,0
14.7315928241498,0.494362534263249,0.00800044433155332,-0.00781907978735937,0,0,0,0,0,0,0,0,0,0,0,0,0,0,0
14.7415939054968,0.494442156955138,0.00792243585166279,-0.0077809152604558,0,0,0,0,0,0,0,0,0,0,0,0,0,0,0
14.7515949868438,0.49452100138791,0.00784480947714647,-0.00774266718043061,0,0,0,0,0,0,0,0,0,0,0,0,0,0,0
14.7615960681908,0.494599071387191,0.00776756603746596,-0.00770433678006421,0,0,0,0,0,0,0,0,0,0,0,0,0,0,0
14.7715971495378,0.494676370786841,0.0076907063497211,-0.0076659252988623,0,0,0,0,0,0,0,0,0,0,0,0,0,0,0
14.7815982308848,0.494752903428826,0.00761423121858237,-0.00762743398306648,0,0,0,0,0,0,0,0,0,0,0,0,0,0,0
14.7915993122318,0.494828673163102,0.00753814143622173,-0.00758886408566473,0,0,0,0,0,0,0,0,0,0,0,0,0,0,0
14.8016003935789,0.49490368384748,0.00746243778224645,-0.00755021686640347,0,0,0,0,0,0,0,0,0,0,0,0,0,0,0
14.8116014749259,0.494977939347507,0.00738712102363007,-0.00751149359179792,0,0,0,0,0,0,0,0,0,0,0,0,0,0,0
14.8216025562729,0.495051443536341,0.00731219191464962,-0.00747269553514305,0,0,0,0,0,0,0,0,0,0,0,0,0,0,0
14.8316036376199,0.495124200294614,0.00723765119680783,-0.0074338239765247,0,0,0,0,0,0,0,0,0,0,0,0,0,0,0
14.8416047189669,0.495196213510309,0.00716349959877579,-0.00739488020283069,0,0,0,0,0,0,0,0,0,0,0,0,0,0,0
14.8516058003139,0.495267487078641,0.00708973783631849,-0.00735586550776206,0,0,0,0,0,0,0,0,0,0,0,0,0,0,0
14.8616068816609,0.495338024901907,0.00701636661222945,-0.00731678119184312,0,0,0,0,0,0,0,0,0,0,0,0,0,0,0
14.8716079630079,0.495407830889374,0.00694338661626033,-0.00727762856243349,0,0,0,0,0,0,0,0,0,0,0,0,0,0,0
14.881609044355,0.495476908957145,0.00687079852505352,-0.00723840893373875,0,0,0,0,0,0,0,0,0,0,0,0,0,0,0
14.891610125702,0.495545263028015,0.0067986030020737,-0.00719912362682079,0,0,0,0,0,0,0,0,0,0,0,0,0,0,0
14.901611207049,0.495612897031357,0.00672680069753983,-0.00715977396961025,0,0,0,0,0,0,0,0,0,0,0,0,0,0,0
14.911612288396,0.495679814902972,0.00665539224835579,-0.00712036129691596,0,0,0,0,0,0,0,0,0,0,0,0,0,0,0
14.921613369743,0.495746020584973,0.00658437827804109,-0.00708088695043673,0,0,0,0,0,0,0,0,0,0,0,0,0,0,0
14.93161445109,0.495811518025635,0.00651375939666124,-0.00704135227877245,0,0,0,0,0,0,0,0,0,0,0,0,0,0,0
14.941615532437,0.495876311179271,0.00644353620076225,-0.00700175863743467,0,0,0,0,0,0,0,0,0,0,0,0,0,0,0
14.951616613784,0.495940404006088,0.00637370927329678,-0.00696210738885799,0,0,0,0,0,0,0,0,0,0,0,0,0,0,0
14.9616176951311,0.496003800472057,0.00630427918355775,-0.0069223999024108,0,0,0,0,0,0,0,0,0,0,0,0,0,0,0
14.9716187764781,0.496066504548775,0.0062352464871078,-0.00688263755440644,0,0,0,0,0,0,0,0,0,0,0,0,0,0,0
14.9816198578251,0.496128520213324,0.00616661172571164,-0.00684282172811391,0,0,0,0,0,0,0,0,0,0,0,0,0,0,0
14.9916209391721,0.496189851448137,0.00609837542726206,-0.00680295381376908,0,0,0,0,0,0,0,0,0,0,0,0,0,0,0
15.0016220205191,0.496250502240857,0.00603053810571748,-0.00676303520858594,0,0,0,0,0,0,0,0,0,0,0,0,0,0,0
15.0116231018661,0.496310476584197,0.00596310026102261,-0.00672306731676716,0,0,0,0,0,0,0,0,0,0,0,0,0,0,0
15.0216241832131,0.496369778475795,0.00589606237904728,-0.00668305154951497,0,0,0,0,0,0,0,0,0,0,0,0,0,0,0
15.0316252645601,0.496428411918083,0.00582942493151162,-0.00664298932504321,0,0,0,0,0,0,0,0,0,0,0,0,0,0,0
15.0416263459072,0.496486380918137,0.00576318837591699,-0.00660288206858678,0,0,0,0,0,0,0,0,0,0,0,0,0,0,0
15.0516274272542,0.496543689487544,0.00569735315547498,-0.00656273121241374,0,0,0,0,0,0,0,0,0,0,0,0,0,0,0
15.0616285086012,0.49660034164224,0.00563191969903992,-0.00652253819583616,0,0,0,0,0,0,0,0,0,0,0,0,0,0,0
15.0716295899482,0.496656341402387,0.00556688842103326,-0.00648230446522066,0,0,0,0,0,0,0,0,0,0,0,0,0,0,0
15.0816306712952,0.496711692792214,0.0055022597213781,-0.00644203147399959,0,0,0,0,0,0,0,0,0,0,0,0,0,0,0
15.0916317526422,0.496766399839876,0.00543803398542479,-0.00640172068268243,0,0,0,0,0,0,0,0,0,0,0,0,0,0,0
15.1016328339892,0.496820466577318,0.00537421158388307,-0.00636137355886659,0,0,0,0,0,0,0,0,0,0,0,0,0,0,0
15.1116339153362,0.496873897040112,0.00531079287274849,-0.00632099157724802,0,0,0,0,0,0,0,0,0,0,0,0,0,0,0
15.1216349966833,0.496926695267313,0.00524777819323364,-0.00628057621963255,0,0,0,0,0,0,0,0,0,0,0,0,0,0,0
15.1316360780303,0.496978865301324,0.00518516787169436,-0.00624012897494708,0,0,0,0,0,0,0,0,0,0,0,0,0,0,0
15.1416371593773,0.497030411187724,0.00512296221955956,-0.00619965133924989,0,0,0,0,0,0,0,0,0,0,0,0,0,0,0
15.1516382407243,0.497081336975145,0.00506116153326364,-0.00615914481574231,0,0,0,0,0,0,0,0,0,0,0,0,0,0,0
15.1616393220713,0.497131646715103,0.00499976609416781,-0.00611861091477935,0,0,0,0,0,0,0,0,0,0,0,0,0,0,0
15.1716404034183,0.497181344461854,0.00493877616849496,-0.00607805115388135,0,0,0,0,0,0,0,0,0,0,0,0,0,0,0
15.1816414847653,0.497230434272233,0.00487819200725257,-0.00603746705774354,0,0,0,0,0,0,0,0,0,0,0,0,0,0,0
15.1916425661123,0.497278920205519,0.00481801384616627,-0.00599686015824878,0,0,0,0,0,0,0,0,0,0,0,0,0,0,0
15.2016436474594,0.497326806323263,0.0047582419056037,-0.00595623199447751,0,0,0,0,0,0,0,0,0,0,0,0,0,0,0
15.2116447288064,0.49737409668915,0.00469887639050398,-0.00591558411271868,0,0,0,0,0,0,0,0,0,0,0,0,0,0,0
15.2216458101534,0.497420795368834,0.00463991749030635,-0.00587491806648123,0,0,0,0,0,0,0,0,0,0,0,0,0,0,0
15.2316468915004,0.497466906429789,0.0045813653788775,-0.00583423541650511,0,0,0,0,0,0,0,0,0,0,0,0,0,0,0
15.2416479728474,0.497512433941144,0.00452322021443579,-0.00579353773077163,0,0,0,0,0,0,0,0,0,0,0,0,0,0,0
15.2516490541944,0.497557381973534,0.00446548213948638,-0.00575282658451543,0,0,0,0,0,0,0,0,0,0,0,0,0,0,0
15.2616501355414,0.49760175459894,0.00440815128074027,-0.00571210356023431,0,0,0,0,0,0,0,0,0,0,0,0,0,0,0
15.2716512168885,0.497645555890534,0.00435122774904804,-0.00567137024770136,0,0,0,0,0,0,0,0,0,0,0,0,0,0,0
15.2816522982355,0.497688789922518,0.00429471163932253,-0.00563062824397515,0,0,0,0,0,0,0,0,0,0,0,0,0,0,0
15.2916533795825,0.497731460769953,0.00423860303046813,-0.00558987915341112,0,0,0,0,0,0,0,0,0,0,0,0,0,0,0
15.3016544609295,0.497773572508625,0.00418290198530896,-0.00554912458767242,0,0,0,0,0,0,0,0,0,0,0,0,0,0,0
15.3116555422765,0.497815129214848,0.00412760855051265,-0.00550836616574133,0,0,0,0,0,0,0,0,0,0,0,0,0,0,0
15.3216566236235,0.497856134965339,0.00407272275651821,-0.00546760551392933,0,0,0,0,0,0,0,0,0,0,0,0,0,0,0
15.3316577049705,0.497896593837028,0.00401824461746385,-0.00542684426588936,0,0,0,0,0,0,0,0,0,0,0,0,0,0,0
15.3416587863175,0.497936509906913,0.00396417413111429,-0.00538608406262522,0,0,0,0,0,0,0,0,0,0,0,0,0,0,0
15.3516598676646,0.497975887251875,0.00391051127878292,-0.00534532655250438,0,0,0,0,0,0,0,0,0,0,0,0,0,0,0
15.3616609490116,0.49801472994854,0.00385725602526156,-0.00530457339126768,0,0,0,0,0,0,0,0,0,0,0,0,0,0,0
15.3716620303586,0.498053042073085,0.00380440831874671,-0.0052638262420406,0,0,0,0,0,0,0,0,0,0,0,0,0,0,0
15.3816631117056,0.498090827701095,0.00375196809076524,-0.00522308677534428,0,0,0,0,0,0,0,0,0,0,0,0,0,0,0
15.3916641930526,0.498128090907386,0.0036999352560984,-0.00518235666910722,0,0,0,0,0,0,0,0,0,0,0,0,0,0,0
15.4016652743996,0.498164835765832,0.00364830971270885,-0.00514163760867507,0,0,0,0,0,0,0,0,0,0,0,0,0,0,0
15.4116663557466,0.498201066349209,0.00359709134167,-0.00510093128682241,0,0,0,0,0,0,0,0,0,0,0,0,0,0,0
15.4216674370936,0.498236786729011,0.00354628000708533,-0.00506023940376338,0,0,0,0,0,0,0,0,0,0,0,0,0,0,0
15.4316685184407,0.498272000975295,0.00349587555601826,-0.00501956366716358,0,0,0,0,0,0,0,0,0,0,0,0,0,0,0
15.4416695997877,0.498306713156498,0.00344587781841723,-0.00497890579214942,0,0,0,0,0,0,0,0,0,0,0,0,0,0,0
15.4516706811347,0.498340927339278,0.00339628660703858,-0.00493826750132055,0,0,0,0,0,0,0,0,0,0,0,0,0,0,0
15.4616717624817,0.498374647588322,0.0033471017173742,-0.00489765052476027,0,0,0,0,0,0,0,0,0,0,0,0,0,0,0
15.4716728438287,0.498407877966198,0.00329832292757659,-0.00485705660004691,0,0,0,0,0,0,0,0,0,0,0,0,0,0,0
15.4816739251757,0.498440622533155,0.00324994999838147,-0.00481648747226382,0,0,0,0,0,0,0,0,0,0,0,0,0,0,0
15.4916750065227,0.498472885346973,0.00320198267303506,-0.004775944894012,0,0,0,0,0,0,0,0,0,0,0,0,0,0,0
15.5016760878697,0.498504670462768,0.00315442067721846,-0.00473543062541892,0,0,0,0,0,0,0,0,0,0,0,0,0,0,0
15.5116771692168,0.498535981932839,0.00310726371897187,-0.00469494643415214,0,0,0,0,0,0,0,0,0,0,0,0,0,0,0
15.5216782505638,0.498566823806451,0.00306051148861717,-0.00465449409542798,0,0,0,0,0,0,0,0,0,0,0,0,0,0,0
15.5316793319108,0.49859720012971,0.00301416365868718,-0.00461407539202392,0,0,0,0,0,0,0,0,0,0,0,0,0,0,0
15.5416804132578,0.498627114945337,0.00296821988384675,-0.00457369211428914,0,0,0,0,0,0,0,0,0,0,0,0,0,0,0
15.5516814946048,0.498656572292522,0.00292267980081458,-0.00453334606015533,0,0,0,0,0,0,0,0,0,0,0,0,0,0,0
15.5616825759518,0.49868557620673,0.00287754302829254,-0.00449303903514787,0,0,0,0,0,0,0,0,0,0,0,0,0,0,0
15.5716836572988,0.498714130719521,0.00283280916688773,-0.00445277285239717,0,0,0,0,0,0,0,0,0,0,0,0,0,0,0
15.5816847386458,0.49874223985836,0.00278847779903506,-0.00441254933264905,0,0,0,0,0,0,0,0,0,0,0,0,0,0,0
15.5916858199929,0.498769907646465,0.0027445484889215,-0.00437237030427642,0,0,0,0,0,0,0,0,0,0,0,0,0,0,0
15.6016869013399,0.498797138102585,0.00270102078241011,-0.00433223760328896,0,0,0,0,0,0,0,0,0,0,0,0,0,0,0
15.6116879826869,0.498823935240842,0.00265789420696488,-0.00429215307334619,0,0,0,0,0,0,0,0,0,0,0,0,0,0,0
15.6216890640339,0.498850303070546,0.00261516827157126,-0.00425211856576682,0,0,0,0,0,0,0,0,0,0,0,0,0,0,0
15.6316901453809,0.498876245595998,0.00257284246666158,-0.00421213593954002,0,0,0,0,0,0,0,0,0,0,0,0,0,0,0
15.6416912267279,0.498901766816309,0.00253091626403991,-0.00417220706133706,0,0,0,0,0,0,0,0,0,0,0,0,0,0,0
15.6516923080749,0.498926870725208,0.00248938911680069,-0.00413233380552141,0,0,0,0,0,0,0,0,0,0,0,0,0,0,0
15.661693389422,0.498951561310873,0.00244826045925415,-0.0040925180541607,0,0,0,0,0,0,0,0,0,0,0,0,0,0,0
15.671694470769,0.498975842555724,0.00240752970685133,-0.00405276169703716,0,0,0,0,0,0,0,0,0,0,0,0,0,0,0
15.681695552116,0.498999718436246,0.00236719625610227,-0.00401306663165839,0,0,0,0,0,0,0,0,0,0,0,0,0,0,0
15.691696633463,0.499023192922777,0.00232725948450414,-0.00397343476326886,0,0,0,0,0,0,0,0,0,0,0,0,0,0,0
15.70169771481,0.499046269979356,0.00228771875045753,-0.00393386800486104,0,0,0,0,0,0,0,0,0,0,0,0,0,0,0
15.711698796157,0.499068953563493,0.00224857339319516,-0.00389436827718552,0,0,0,0,0,0,0,0,0,0,0,0,0,0,0
15.721699877504,0.499091247625994,0.00220982273269968,-0.00385493750876312,0,0,0,0,0,0,0,0,0,0,0,0,0,0,0
15.731700958851,0.499113156110786,0.00217146606962751,-0.00381557763589445,0,0,0,0,0,0,0,0,0,0,0,0,0,0,0
15.7417020401981,0.499134682954678,0.00213350268523146,-0.00377629060267274,0,0,0,0,0,0,0,0,0,0,0,0,0,0,0
15.7517031215451,0.499155832087214,0.00209593184128101,-0.00373707836099316,0,0,0,0,0,0,0,0,0,0,0,0,0,0,0
15.7617042028921,0.499176607430451,0.00205875277998892,-0.00369794287056503,0,0,0,0,0,0,0,0,0,0,0,0,0,0,0
15.7717052842391,0.499197012898759,0.00202196472392792,-0.00365888609892215,0,0,0,0,0,0,0,0,0,0,0,0,0,0,0
15.7817063655861,0.499217052398653,0.0019855668759507,-0.00361991002143394,0,0,0,0,0,0,0,0,0,0,0,0,0,0,0
15.7917074469331,0.499236729828565,0.00194955841912084,-0.00358101662131648,0,0,0,0,0,0,0,0,0,0,0,0,0,0,0
15.8017085282801,0.499256049078658,0.00191393851662408,-0.00354220788964341,0,0,0,0,0,0,0,0,0,0,0,0,0,0,0
15.8117096096271,0.499275014030632,0.00187870631169436,-0.00350348582535709,0,0,0,0,0,0,0,0,0,0,0,0,0,0,0
15.8217106909742,0.499293628557505,0.00184386092753635,-0.00346485243527986,0,0,0,0,0,0,0,0,0,0,0,0,0,0,0
15.8317117723212,0.49931189652344,0.00180940146724487,-0.00342630973412426,0,0,0,0,0,0,0,0,0,0,0,0,0,0,0
15.8417128536682,0.499329821783524,0.00177532701372337,-0.00338785974450437,0,0,0,0,0,0,0,0,0,0,0,0,0,0,0
15.8517139350152,0.499347408183576,0.00174163662960998,-0.00334950449694744,0,0,0,0,0,0,0,0,0,0,0,0,0,0,0
15.8617150163622,0.499364659559925,0.00170832935719534,-0.0033112460299038,0,0,0,0,0,0,0,0,0,0,0,0,0,0,0
15.8717160977092,0.499381579739234,0.0016754042183424,-0.00327308638975841,0,0,0,0,0,0,0,0,0,0,0,0,0,0,0
15.8817171790562,0.499398172538267,0.00164286021441005,-0.00323502763084263,0,0,0,0,0,0,0,0,0,0,0,0,0,0,0
15.8917182604032,0.499414441763714,0.00161069632616973,-0.00319707181544357,0,0,0,0,0,0,0,0,0,0,0,0,0,0,0
15.9017193417503,0.499430391211959,0.00157891151373007,-0.00315922101381627,0,0,0,0,0,0,0,0,0,0,0,0,0,0,0
15.9117204230973,0.499446024668882,0.00154750471645377,-0.0031214773041944,0,0,0,0,0,0,0,0,0,0,0,0,0,0,0
15.9217215044443,0.499461345909654,0.00151647485287982,-0.00308384277280147,0,0,0,0,0,0,0,0,0,0,0,0,0,0,0
15.9317225857913,0.499476358698522,0.00148582082064277,-0.00304631951386114,0,0,0,0,0,0,0,0,0,0,0,0,0,0,0
15.9417236671383,0.499491066788603,0.0014555414963904,-0.00300890962960928,0,0,0,0,0,0,0,0,0,0,0,0,0,0,0
15.9517247484853,0.499505473921685,0.00142563573570838,-0.00297161523030376,0,0,0,0,0,0,0,0,0,0,0,0,0,0,0
15.9617258298323,0.499519583827996,0.00139610237303782,-0.00293443843423608,0,0,0,0,0,0,0,0,0,0,0,0,0,0,0
15.9717269111793,0.499533400225999,0.00136694022159085,-0.00289738136774291,0,0,0,0,0,0,0,0,0,0,0,0,0,0,0
15.9817279925264,0.499546926822181,0.00133814807327633,-0.00286044616521637,0,0,0,0,0,0,0,0,0,0,0,0,0,0,0
15.9917290738734,0.499560167310847,0.00130972469861788,-0.00282363496911423,0,0,0,0,0,0,0,0,0,0,0,0,0,0,0
16.0017301552204,0.499573125373899,0.00128166884666831,-0.00278694992997337,0,0,0,0,0,0,0,0,0,0,0,0,0,0,0
16.0117312365674,0.499585804680606,0.0012539792449345,-0.00275039320641804,0,0,0,0,0,0,0,0,0,0,0,0,0,0,0
16.0217323179144,0.499598208887421,0.00122665459929383,-0.00271396696517289,0,0,0,0,0,0,0,0,0,0,0,0,0,0,0
16.0317333992614,0.499610341637738,0.00119969359391309,-0.00267767338107234,0,0,0,0,0,0,0,0,0,0,0,0,0,0,0
16.0417344806084,0.49962220656168,0.00117309489116865,-0.00264151463707331,0,0,0,0,0,0,0,0,0,0,0,0,0,0,0
16.0517355619554,0.499633807275887,0.00114685713156478,-0.00260549292426484,0,0,0,0,0,0,0,0,0,0,0,0,0,0,0
16.0617366433025,0.499645147383285,0.0011209789336486,-0.00256961044187958,0,0,0,0,0,0,0,0,0,0,0,0,0,0,0
16.0717377246495,0.499656230472886,0.00109545889393581,-0.00253386939730437,0,0,0,0,0,0,0,0,0,0,0,0,0,0,0
16.0817388059965,0.499667060119547,0.00107029558682369,-0.00249827200609223,0,0,0,0,0,0,0,0,0,0,0,0,0,0,0
16.0917398873435,0.499677639883755,0.00104548756450802,-0.00246282049197239,0,0,0,0,0,0,0,0,0,0,0,0,0,0,0
16.1017409686905,0.499687973311421,0.00102103335690752,-0.00242751708686211,0,0,0,0,0,0,0,0,0,0,0,0,0,0,0
16.1117420500375,0.499698063933617,0.000996931471577026,-0.00239236403087664,0,0,0,0,0,0,0,0,0,0,0,0,0,0,0
16.1217431313845,0.499707915266395,0.000973180393627188,-0.00235736357234081,0,0,0,0,0,0,0,0,0,0,0,0,0,0,0
16.1317442127315,0.499717530810541,0.00094977858563961,-0.00232251796780078,0,0,0,0,0,0,0,0,0,0,0,0,0,0,0
16.1417452940786,0.499726914051351,0.000926724487590479,-0.00228782948203328,0,0,0,0,0,0,0,0,0,0,0,0,0,0,0
16.1517463754256,0.499736068458395,0.000904016516761371,-0.00225330038805825,0,0,0,0,0,0,0,0,0,0,0,0,0,0,0
16.1617474567726,0.499744997485328,0.000881653067662221,-0.00221893296714885,0,0,0,0,0,0,0,0,0,0,0,0,0,0,0
16.1717485381196,0.499753704569603,0.000859632511945535,-0.00218472950884314,0,0,0,0,0,0,0,0,0,0,0,0,0,0,0
16.1817496194666,0.499762193132286,0.000837953198323216,-0.00215069231095415,0,0,0,0,0,0,0,0,0,0,0,0,0,0,0
16.1917507008136,0.499770466577823,0.000816613452487411,-0.00211682367958202,0,0,0,0,0,0,0,0,0,0,0,0,0,0,0
16.2017517821606,0.499778528293782,0.000795611577025298,-0.00208312592912433,0,0,0,0,0,0,0,0,0,0,0,0,0,0,0
16.2117528635077,0.499786381650649,0.000774945851334197,-0.00204960138228663,0,0,0,0,0,0,0,0,0,0,0,0,0,0,0
16.2217539448547,0.499794030001589,0.000754614531541185,-0.00201625237009513,0,0,0,0,0,0,0,0,0,0,0,0,0,0,0
16.2317550262017,0.4998014766822,0.000734615850419375,-0.00198308123190581,0,0,0,0,0,0,0,0,0,0,0,0,0,0,0
16.2417561075487,0.499808725010294,0.000714948017303167,-0.00195009031541569,0,0,0,0,0,0,0,0,0,0,0,0,0,0,0
16.2517571888957,0.499815778285662,0.000695609218004747,-0.00191728197667537,0,0,0,0,0,0,0,0,0,0,0,0,0,0,0
16.2617582702427,0.499822639789819,0.000676597614734232,-0.00188465858009817,0,0,0,0,0,0,0,0,0,0,0,0,0,0,0
16.2717593515897,0.499829312785794,0.000657911346012718,-0.00185222249847296,0,0,0,0,0,0,0,0,0,0,0,0,0,0,0
16.2817604329367,0.499835800517883,0.00063954852658847,-0.00181997611297266,0,0,0,0,0,0,0,0,0,0,0,0,0,0,0
16.2917615142838,0.499842106211393,0.000621507247349246,-0.00178792181316829,0,0,0,0,0,0,0,0,0,0,0,0,0,0,0
16.3017625956308,0.499848233072432,0.000603785575248566,-0.0017560619970368,0,0,0,0,0,0,0,0,0,0,0,0,0,0,0
16.3117636769778,0.499854184287656,0.000586381553213624,-0.00172439907097513,0,0,0,0,0,0,0,0,0,0,0,0,0,0,0
16.3217647583248,0.499859963024005,0.000569293200060553,-0.00169293544980872,0,0,0,0,0,0,0,0,0,0,0,0,0,0,0
16.3317658396718,0.499865572428523,0.000552518510416658,-0.00166167355680384,0,0,0,0,0,0,0,0,0,0,0,0,0,0,0
16.3417669210188,0.49987101562804,0.000536055454627939,-0.00163061582367829,0,0,0,0,0,0,0,0,0,0,0,0,0,0,0
16.3517680023658,0.499876295728987,0.000519901978679691,-0.00159976469061269,0,0,0,0,0,0,0,0,0,0,0,0,0,0,0
16.3617690837128,0.499881415817117,0.000504056004110405,-0.0015691226062605,0,0,0,0,0,0,0,0,0,0,0,0,0,0,0
16.3717701650599,0.499886378957294,0.000488515427926494,-0.00153869202776024,0,0,0,0,0,0,0,0,0,0,0,0,0,0,0
16.3817712464069,0.499891188193201,0.000473278122520238,-0.00150847542074546,0,0,0,0,0,0,0,0,0,0,0,0,0,0,0
16.3917723277539,0.499895846547139,0.0004583419355781,-0.0014784752593568,0,0,0,0,0,0,0,0,0,0,0,0,0,0,0
16.4017734091009,0.49990035701975,0.000443704690004171,-0.00144869402625179,0,0,0,0,0,0,0,0,0,0,0,0,0,0,0
16.4117744904479,0.499904722589779,0.000429364183827779,-0.00141913421261645,0,0,0,0,0,0,0,0,0,0,0,0,0,0,0
16.4217755717949,0.499908946213829,0.000415318190122437,-0.00138979831817689,0,0,0,0,0,0,0,0,0,0,0,0,0,0,0
16.4317766531419,0.499913030826098,0.00040156445691703,-0.00136068885120933,0,0,0,0,0,0,0,0,0,0,0,0,0,0,0
16.4417777344889,0.499916979338144,0.000388100707115528,-0.00133180832855136,0,0,0,0,0,0,0,0,0,0,0,0,0,0,0
16.451778815836,0.499920794638629,0.000374924638403613,-0.00130315927561341,0,0,0,0,0,0,0,0,0,0,0,0,0,0,0
16.461779897183,0.499924479593045,0.000362033923173007,-0.00127474422638902,0,0,0,0,0,0,0,0,0,0,0,0,0,0,0
16.47178097853,0.499928037043497,0.000349426208423516,-0.00124656572346621,0,0,0,0,0,0,0,0,0,0,0,0,0,0,0
16.481782059877,0.499931469808426,0.000337099115686665,-0.00121862631803869,0,0,0,0,0,0,0,0,0,0,0,0,0,0,0
16.491783141224,0.499934780682351,0.000325050240936215,-0.00119092856991643,0,0,0,0,0,0,0,0,0,0,0,0,0,0,0
16.501784222571,0.499937972435623,0.000313277154500951,-0.00116347504753708,0,0,0,0,0,0,0,0,0,0,0,0,0,0,0
16.511785303918,0.499941047814172,0.000301777400980779,-0.00113626832797676,0,0,0,0,0,0,0,0,0,0,0,0,0,0,0
16.521786385265,0.499944009539237,0.00029054849915589,-0.0011093109969608,0,0,0,0,0,0,0,0,0,0,0,0,0,0,0
16.5317874666121,0.499946860307103,0.00027958794190752,-0.00108260564887501,0,0,0,0,0,0,0,0,0,0,0,0,0,0,0
16.5417885479591,0.499949602788875,0.00026889319612347,-0.00105615488677711,0,0,0,0,0,0,0,0,0,0,0,0,0,0,0
16.5517896293061,0.49995223963017,0.000258461702614738,-0.00102996132240657,0,0,0,0,0,0,0,0,0,0,0,0,0,0,0
16.5617907106531,0.499954773450888,0.000248290876030109,-0.0010040275761969,0,0,0,0,0,0,0,0,0,0,0,0,0,0,0
16.5717917920001,0.499957206844945,0.000238378104767686,-0.000978356277285813,0,0,0,0,0,0,0,0,0,0,0,0,0,0,0
16.5817928733471,0.499959542380007,0.000228720750887287,-0.000952950063526241,0,0,0,0,0,0,0,0,0,0,0,0,0,0,0
16.5917939546941,0.499961782597222,0.00021931615002372,-0.000927811581498025,0,0,0,0,0,0,0,0,0,0,0,0,0,0,0
16.6017950360411,0.499963930010955,0.000210161611298462,-0.000902943486518328,0,0,0,0,0,0,0,0,0,0,0,0,0,0,0
16.6117961173882,0.499965987108538,0.000201254417235187,-0.000878348442652151,0,0,0,0,0,0,0,0,0,0,0,0,0,0,0
16.6217971987352,0.499967956349981,0.00019259182366826,-0.000854029122725126,0,0,0,0,0,0,0,0,0,0,0,0,0,0,0
16.6317982800822,0.499969840167714,0.000184171059659544,-0.00082998820833224,0,0,0,0,0,0,0,0,0,0,0,0,0,0,0
16.6417993614292,0.499971640966334,0.00017598932740516,-0.000806228389849905,0,0,0,0,0,0,0,0,0,0,0,0,0,0,0
16.6518004427762,0.499973361122322,0.000168043802152083,-0.00078275236644768,0,0,0,0,0,0,0,0,0,0,0,0,0,0,0
16.6618015241232,0.499975002983746,0.000160331632109671,-0.00075956284609855,0,0,0,0,0,0,0,0,0,0,0,0,0,0,0
16.6718026054702,0.499976568870055,0.000152849938359058,-0.000736662545588957,0,0,0,0,0,0,0,0,0,0,0,0,0,0,0
16.6818036868172,0.499978061071735,0.000145595814766443,-0.000714054190532086,0,0,0,0,0,0,0,0,0,0,0,0,0,0,0
16.6918047681643,0.499979481850097,0.000138566327895278,-0.000691740515375969,0,0,0,0,0,0,0,0,0,0,0,0,0,0,0
16.7018058495113,0.499980833436968,0.000131758516918344,-0.000669724263417503,0,0,0,0,0,0,0,0,0,0,0,0,0,0,0
16.7118069308583,0.499982118034431,0.000125169393526698,-0.000648008186810902,0,0,0,0,0,0,0,0,0,0,0,0,0,0,0
16.7218080122053,0.499983337814534,0.000118795941842017,-0.000626595046580761,0,0,0,0,0,0,0,0,0,0,0,0,0,0,0
16.7318090935523,0.499984494919028,0.000112635118330888,-0.000605487612631472,0,0,0,0,0,0,0,0,0,0,0,0,0,0,0
16.7418101748993,0.499985591459094,0.000106683851711382,-0.000584688663758953,0,0,0,0,0,0,0,0,0,0,0,0,0,0,0
16.7518112562463,0.499986629515052,0.000100939042866091,-0.000564200987661154,0,0,0,0,0,0,0,0,0,0,0,0,0,0,0
16.7618123375934,0.499987611136099,9.53975647535569e-05,-0.000544027380950643,0,0,0,0,0,0,0,0,0,0,0,0,0,0,0
16.7718134189404,0.499988538339991,9.00562623200965e-05,-0.000524170649162554,0,0,0,0,0,0,0,0,0,0,0,0,0,0,0
16.7818145002874,0.499989413112824,8.49119524048706e-05,-0.000504633606769119,0,0,0,0,0,0,0,0,0,0,0,0,0,0,0
16.7918155816344,0.499990237408694,7.99614236586426e-05,-0.000485419077187986,0,0,0,0,0,0,0,0,0,0,0,0,0,0,0
16.8018166629814,0.499991013149438,7.52014364481151e-05,-0.000466529892794311,0,0,0,0,0,0,0,0,0,0,0,0,0,0,0
16.8118177443284,0.49999174222437,7.06287227688493e-05,-0.000447968894932,0,0,0,0,0,0,0,0,0,0,0,0,0,0,0
16.8218188256754,0.499992426489967,6.6239986156037e-05,-0.000429738933924099,0,0,0,0,0,0,0,0,0,0,0,0,0,0,0
16.8318199070224,0.499993067769594,6.20319015905152e-05,-0.000411842869083909,0,0,0,0,0,0,0,0,0,0,0,0,0,0,0
16.8418209883695,0.49999366785322,5.8001115414467e-05,-0.000394283568726107,0,0,0,0,0,0,0,0,0,0,0,0,0,0,0
16.8518220697165,0.499994228497127,5.41442452403288e-05,-0.000377063910178113,0,0,0,0,0,0,0,0,0,0,0,0,0,0,0
16.8618231510635,0.499994751423635,5.04578798548977e-05,-0.000360186779790474,0,0,0,0,0,0,0,0,0,0,0,0,0,0,0
16.8718242324105,0.499995238320795,4.69385791342034e-05,-0.000343655072948105,0,0,0,0,0,0,0,0,0,0,0,0,0,0,0
16.8818253137575,0.499995690842113,4.35828739572823e-05,-0.000327471694081041,0,0,0,0,0,0,0,0,0,0,0,0,0,0,0
16.8918263951045,0.499996110606249,4.03872661021181e-05,-0.000311639556676544,0,0,0,0,0,0,0,0,0,0,0,0,0,0,0
16.9018274764515,0.49999649919674,3.73482281685504e-05,-0.000296161583287879,0,0,0,0,0,0,0,0,0,0,0,0,0,0,0
16.9118285577985,0.49999685816169,3.44622034828631e-05,-0.000281040705548153,0,0,0,0,0,0,0,0,0,0,0,0,0,0,0
16.9218296391456,0.49999718901349,3.17256060032626e-05,-0.000266279864178344,0,0,0,0,0,0,0,0,0,0,0,0,0,0,0
16.9318307204926,0.49999749322852,2.91348202325762e-05,-0.000251882009001146,0,0,0,0,0,0,0,0,0,0,0,0,0,0,0
16.9418318018396,0.499997772246848,2.66862011303509e-05,-0.000237850098949612,0,0,0,0,0,0,0,0,0,0,0,0,0,0,0
16.9518328831866,0.499998027471947,2.43760740143143e-05,-0.000224187102079638,0,0,0,0,0,0,0,0,0,0,0,0,0,0,0
16.9618339645336,0.499998260270385,2.22007344727568e-05,-0.000210895995580343,0,0,0,0,0,0,0,0,0,0,0,0,0,0,0
16.9718350458806,0.499998471971544,2.01564482768435e-05,-0.000197979765785313,0,0,0,0,0,0,0,0,0,0,0,0,0,0,0
16.9818361272276,0.499998663867292,1.82394512801124e-05,-0.0001854414081831,0,0,0,0,0,0,0,0,0,0,0,0,0,0,0
16.9918372085746,0.499998837211714,1.64459493342558e-05,-0.000173283927429095,0,0,0,0,0,0,0,0,0,0,0,0,0,0,0
17.0018382899217,0.499998993220798,1.47721181979433e-05,-0.000161510337355898,0,0,0,0,0,0,0,0,0,0,0,0,0,0,0
17.0118393712687,0.499999133072126,1.32141034386024e-05,-0.00015012366098394,0,0,0,0,0,0,0,0,0,0,0,0,0,0,0
17.0218404526157,0.499999257904593,1.17680203479227e-05,-0.000139126930533735,0,0,0,0,0,0,0,0,0,0,0,0,0,0,0
17.0318415339627,0.499999368818081,1.04299538412603e-05,-0.000128523187435497,0,0,0,0,0,0,0,0,0,0,0,0,0,0,0
17.0418426153097,0.499999466873168,9.19595837347619e-06,-0.000118315482341143,0,0,0,0,0,0,0,0,0,0,0,0,0,0,0
17.0518436966567,0.499999553090825,8.06205784507393e-06,-0.000108506875134782,0,0,0,0,0,0,0,0,0,0,0,0,0,0,0
17.0618447780037,0.499999628452093,7.02424550228628e-06,-9.91004349438486e-05,0,0,0,0,0,0,0,0,0,0,0,0,0,0,0
17.0718458593507,0.499999693897797,6.07848385801141e-06,-9.00992401499638e-05,0,0,0,0,0,0,0,0,0,0,0,0,0,0,0
17.0818469406978,0.49999975032823,5.22070458738218e-06,-8.15063784004437e-05,0,0,0,0,0,0,0,0,0,0,0,0,0,0,0
17.0918480220448,0.499999798602825,4.44680843717554e-06,-7.33249466185369e-05,0,0,0,0,0,0,0,0,0,0,0,0,0,0,0
17.1018491033918,0.499999839539888,3.75266513893059e-06,-6.55580510150546e-05,0,0,0,0,0,0,0,0,0,0,0,0,0,0,0
17.1118501847388,0.499999873916245,3.13411331278428e-06,-5.8208807098861e-05,0,0,0,0,0,0,0,0,0,0,0,0,0,0,0
17.1218512660858,0.499999902466955,2.58696037061858e-06,-5.1280339688251e-05,0,0,0,0,0,0,0,0,0,0,0,0,0,0,0
17.1318523474328,0.499999925884992,2.10698242832542e-06,-4.47757829219482e-05,0,0,0,0,0,0,0,0,0,0,0,0,0,0,0
17.1418534287798,0.499999944820922,1.68992420982709e-06,-3.86982802699757e-05,0,0,0,0,0,0,0,0,0,0,0,0,0,0,0
17.1518545101268,0.499999959882596,1.33149895314632e-06,-3.30509845440154e-05,0,0,0,0,0,0,0,0,0,0,0,0,0,0,0
17.1618555914739,0.499999971634851,1.02738832129289e-06,-2.78370579100625e-05,0,0,0,0,0,0,0,0,0,0,0,0,0,0,0
17.1718566728209,0.49999998059916,7.7324230155749e-07,-2.30596718976382e-05,0,0,0,0,0,0,0,0,0,0,0,0,0,0,0
17.1818577541679,0.499999987253332,5.64679116169702e-07,-1.87220074119352e-05,0,0,0,0,0,0,0,0,0,0,0,0,0,0,0
17.1918588355149,0.499999992031211,3.97285131790217e-07,-1.48272547444326e-05,0,0,0,0,0,0,0,0,0,0,0,0,0,0,0
17.2018599168619,0.499999995322323,2.6661475678656e-07,-1.13786135833801e-05,0,0,0,0,0,0,0,0,0,0,0,0,0,0,0
17.2118609982089,0.499999997471585,1.6819035489148e-07,-8.37929302620575e-06,0,0,0,0,0,0,0,0,0,0,0,0,0,0,0
17.2218620795559,0.499999998778966,9.75021483100498e-08,-5.83251158846021e-06,0,0,0,0,0,0,0,0,0,0,0,0,0,0,0
17.231863160903,0.499999999499164,5.00081217974314e-08,-3.74149721738335e-06,0,0,0,0,0,0,0,0,0,0,0,0,0,0,0
17.24186424225,0.499999999841307,2.11339332780058e-08,-2.10948730033118e-06,0,0,0,0,0,0,0,0,0,0,0,0,0,0,0
17.251865323597,0.499999999968606,6.27281048930316e-09,-9.39728677186363e-07,0,0,0,0,0,0,0,0,0,0,0,0,0,0,0
17.261866404944,0.499999999998031,7.8546749899785e-10,-2.35477651357147e-07,0,0,0,0,0,0,0,0,0,0,0,0,0,0,0
17.271867486291,0.499999999999996,2.23454011947552e-15,-7.76247312428414e-16,0,0,0,0,0,0,0,0,0,0,0,0,0,0,0
