t,x,vx,ax,y,vy,ay,z,vz,az,roll,wx,alphax,pitch,wy,alphay,yaw,wz,alphaz

0,0,0,0,0,0,0,0,0,0,0,0,0,0,0,0,0,0,0
0.01,0,0,0,0,0,0,0,0,0,0,0,0,0,0,0,0,0,0
0.02,0,0,0,0,0,0,0,0,0,0,0,0,0,0,0,0,0,0
0.03,0,0,0,0,0,0,0,0,0,0,0,0,0,0,0,0,0,0
0.04,0,0,0,0,0,0,0,0,0,0,0,0,0,0,0,0,0,0
0.05,0,0,0,0,0,0,0,0,0,0,0,0,0,0,0,0,0,0
0.06,0,0,0,0,0,0,0,0,0,0,0,0,0,0,0,0,0,0
0.07,0,0,0,0,0,0,0,0,0,0,0,0,0,0,0,0,0,0
0.08,0,0,0,0,0,0,0,0,0,0,0,0,0,0,0,0,0,0
0.09,0,0,0,0,0,0,0,0,0,0,0,0,0,0,0,0,0,0
0.1,0,0,0,0,0,0,0,0,0,0,0,0,0,0,0,0,0,0
0.11,0,0,0,0,0,0,0,0,0,0,0,0,0,0,0,0,0,0
0.12,0,0,0,0,0,0,0,0,0,0,0,0,0,0,0,0,0,0
0.13,0,0,0,0,0,0,0,0,0,0,0,0,0,0,0,0,0,0
0.14,0,0,0,0,0,0,0,0,0,0,0,0,0,0,0,0,0,0
0.15,0,0,0,0,0,0,0,0,0,0,0,0,0,0,0,0,0,0
0.16,0,0,0,0,0,0,0,0,0,0,0,0,0,0,0,0,0,0
0.17,0,0,0,0,0,0,0,0,0,0,0,0,0,0,0,0,0,0
0.18,0,0,0,0,0,0,0,0,0,0,0,0,0,0,0,0,0,0
0.19,0,0,0,0,0,0,0,0,0,0,0,0,0,0,0,0,0,0
0.2,0,0,0,0,0,0,0,0,0,0,0,0,0,0,0,0,0,0
0.21,0,0,0,0,0,0,0,0,0,0,0,0,0,0,0,0,0,0
0.22,0,0,0,0,0,0,0,0,0,0,0,0,0,0,0,0,0,0
0.23,0,0,0,0,0,0,0,0,0,0,0,0,0,0,0,0,0,0
0.24,0,0,0,0,0,0,0,0,0,0,0,0,0,0,0,0,0,0
0.25,0,0,0,0,0,0,0,0,0,0,0,0,0,0,0,0,0,0
0.26,0,0,0,0,0,0,0,0,0,0,0,0,0,0,0,0,0,0
0.27,0,0,0,0,0,0,0,0,0,0,0,0,0,0,0,0,0,0
0.28,0,0,0,0,0,0,0,0,0,0,0,0,0,0,0,0,0,0
0.29,0,0,0,0,0,0,0,0,0,0,0,0,0,0,0,0,0,0
0.3,0,0,0,0,0,0,0,0,0,0,0,0,0,0,0,0,0,0
0.31,0,0,0,0,0,0,0,0,0,0,0,0,0,0,0,0,0,0
0.32,0,0,0,0,0,0,0,0,0,0,0,0,0,0,0,0,0,0
0.33,0,0,0,0,0,0,0,0,0,0,0,0,0,0,0,0,0,0
0.34,0,0,0,0,0,0,0,0,0,0,0,0,0,0,0,0,0,0
0.35,0,0,0,0,0,0,0,0,0,0,0,0,0,0,0,0,0,0
0.36,0,0,0,0,0,0,0,0,0,0,0,0,0,0,0,0,0,0
0.37,0,0,0,0,0,0,0,0,0,0,0,0,0,0,0,0,0,0
0.38,0,0,0,0,0,0,0,0,0,0,0,0,0,0,0,0,0,0
0.39,0,0,0,0,0,0,0,0,0,0,0,0,0,0,0,0,0,0
0.4,0,0,0,0,0,0,0,0,0,0,0,0,0,0,0,0,0,0
0.41,0,0,0,0,0,0,0,0,0,0,0,0,0,0,0,0,0,0
0.42,0,0,0,0,0,0,0,0,0,0,0,0,0,0,0,0,0,0
0.43,0,0,0,0,0,0,0,0,0,0,0,0,0,0,0,0,0,0
0.44,0,0,0,0,0,0,0,0,0,0,0,0,0,0,0,0,0,0
0.45,0,0,0,0,0,0,0,0,0,0,0,0,0,0,0,0,0,0
0.46,0,0,0,0,0,0,0,0,0,0,0,0,0,0,0,0,0,0
0.47,0,0,0,0,0,0,0,0,0,0,0,0,0,0,0,0,0,0
0.48,0,0,0,0,0,0,0,0,0,0,0,0,0,0,0,0,0,0
0.49,0,0,0,0,0,0,0,0,0,0,0,0,0,0,0,0,0,0
0.5,0,0,0,0,0,0,0,0,0,0,0,0,0,0,0,0,0,0
0.51,0,0,0,0,0,0,0,0,0,0,0,0,0,0,0,0,0,0
0.52,0,0,0,0,0,0,0,0,0,0,0,0,0,0,0,0,0,0
0.53,0,0,0,0,0,0,0,0,0,0,0,0,0,0,0,0,0,0
0.54,0,0,0,0,0,0,0,0,0,0,0,0,0,0,0,0,0,0
0.55,0,0,0,0,0,0,0,0,0,0,0,0,0,0,0,0,0,0
0.56,0,0,0,0,0,0,0,0,0,0,0,0,0,0,0,0,0,0
0.57,0,0,0,0,0,0,0,0,0,0,0,0,0,0,0,0,0,0
0.58,0,0,0,0,0,0,0,0,0,0,0,0,0,0,0,0,0,0
0.59,0,0,0,0,0,0,0,0,0,0,0,0,0,0,0,0,0,0
0.6,0,0,0,0,0,0,0,0,0,0,0,0,0,0,0,0,0,0
0.61,0,0,0,0,0,0,0,0,0,0,0,0,0,0,0,0,0,0
0.62,0,0,0,0,0,0,0,0,0,0,0,0,0,0,0,0,0,0
0.63,0,0,0,0,0,0,0,0,0,0,0,0,0,0,0,0,0,0
0.64,0,0,0,0,0,0,0,0,0,0,0,0,0,0,0,0,0,0
0.65,0,0,0,0,0,0,0,0,0,0,0,0,0,0,0,0,0,0
0.66,0,0,0,0,0,0,0,0,0,0,0,0,0,0,0,0,0,0
0.67,0,0,0,0,0,0,0,0,0,0,0,0,0,0,0,0,0,0
0.68,0,0,0,0,0,0,0,0,0,0,0,0,0,0,0,0,0,0
0.69,0,0,0,0,0,0,0,0,0,0,0,0,0,0,0,0,0,0
0.7,0,0,0,0,0,0,0,0,0,0,0,0,0,0,0,0,0,0
0.71,0,0,0,0,0,0,0,0,0,0,0,0,0,0,0,0,0,0
0.72,0,0,0,0,0,0,0,0,0,0,0,0,0,0,0,0,0,0
0.73,0,0,0,0,0,0,0,0,0,0,0,0,0,0,0,0,0,0
0.74,0,0,0,0,0,0,0,0,0,0,0,0,0,0,0,0,0,0
0.75,0,0,0,0,0,0,0,0,0,0,0,0,0,0,0,0,0,0
0.76,0,0,0,0,0,0,0,0,0,0,0,0,0,0,0,0,0,0
0.77,0,0,0,0,0,0,0,0,0,0,0,0,0,0,0,0,0,0
0.78,0,0,0,0,0,0,0,0,0,0,0,0,0,0,0,0,0,0
0.79,0,0,0,0,0,0,0,0,0,0,0,0,0,0,0,0,0,0
0.8,0,0,0,0,0,0,0,0,0,0,0,0,0,0,0,0,0,0
0.81,0,0,0,0,0,0,0,0,0,0,0,0,0,0,0,0,0,0
0.82,0,0,0,0,0,0,0,0,0,0,0,0,0,0,0,0,0,0
0.83,0,0,0,0,0,0,0,0,0,0,0,0,0,0,0,0,0,0
0.84,0,0,0,0,0,0,0,0,0,0,0,0,0,0,0,0,0,0
0.85,0,0,0,0,0,0,0,0,0,0,0,0,0,0,0,0,0,0
0.86,0,0,0,0,0,0,0,0,0,0,0,0,0,0,0,0,0,0
0.87,0,0,0,0,0,0,0,0,0,0,0,0,0,0,0,0,0,0
0.88,0,0,0,0,0,0,0,0,0,0,0,0,0,0,0,0,0,0
0.89,0,0,0,0,0,0,0,0,0,0,0,0,0,0,0,0,0,0
0.9,0,0,0,0,0,0,0,0,0,0,0,0,0,0,0,0,0,0
0.91,0,0,0,0,0,0,0,0,0,0,0,0,0,0,0,0,0,0
0.92,0,0,0,0,0,0,0,0,0,0,0,0,0,0,0,0,0,0
0.93,0,0,0,0,0,0,0,0,0,0,0,0,0,0,0,0,0,0
0.94,0,0,0,0,0,0,0,0,0,0,0,0,0,0,0,0,0,0
0.95,0,0,0,0,0,0,0,0,0,0,0,0,0,0,0,0,0,0
0.96,0,0,0,0,0,0,0,0,0,0,0,0,0,0,0,0,0,0
0.97,0,0,0,0,0,0,0,0,0,0,0,0,0,0,0,0,0,0
0.98,0,0,0,0,0,0,0,0,0,0,0,0,0,0,0,0,0,0
0.99,0,0,0,0,0,0,0,0,0,0,0,0,0,0,0,0,0,0
1,0,0,0,0,0,0,0,0,0,0,0,0,0,0,0,0,0,0
1.01,0,0,0,0,0,0,0,0,0,0,0,0,0,0,0,0,0,0
1.02,0,0,0,0,0,0,0,0,0,0,0,0,0,0,0,0,0,0
1.03,0,0,0,0,0,0,0,0,0,0,0,0,0,0,0,0,0,0
1.04,0,0,0,0,0,0,0,0,0,0,0,0,0,0,0,0,0,0
1.05,0,0,0,0,0,0,0,0,0,0,0,0,0,0,0,0,0,0
1.06,0,0,0,0,0,0,0,0,0,0,0,0,0,0,0,0,0,0
1.07,0,0,0,0,0,0,0,0,0,0,0,0,0,0,0,0,0,0
1.08,0,0,0,0,0,0,0,0,0,0,0,0,0,0,0,0,0,0
1.09,0,0,0,0,0,0,0,0,0,0,0,0,0,0,0,0,0,0
1.1,0,0,0,0,0,0,0,0,0,0,0,0,0,0,0,0,0,0
1.11,0,0,0,0,0,0,0,0,0,0,0,0,0,0,0,0,0,0
1.12,0,0,0,0,0,0,0,0,0,0,0,0,0,0,0,0,0,0
1.13,0,0,0,0,0,0,0,0,0,0,0,0,0,0,0,0,0,0
1.14,0,0,0,0,0,0,0,0,0,0,0,0,0,0,0,0,0,0
1.15,0,0,0,0,0,0,0,0,0,0,0,0,0,0,0,0,0,0
1.16,0,0,0,0,0,0,0,0,0,0,0,0,0,0,0,0,0,0
1.17,0,0,0,0,0,0,0,0,0,0,0,0,0,0,0,0,0,0
1.18,0,0,0,0,0,0,0,0,0,0,0,0,0,0,0,0,0,0
1.19,0,0,0,0,0,0,0,0,0,0,0,0,0,0,0,0,0,0
1.2,0,0,0,0,0,0,0,0,0,0,0,0,0,0,0,0,0,0
1.21,0,0,0,0,0,0,0,0,0,0,0,0,0,0,0,0,0,0
1.22,0,0,0,0,0,0,0,0,0,0,0,0,0,0,0,0,0,0
1.23,0,0,0,0,0,0,0,0,0,0,0,0,0,0,0,0,0,0
1.24,0,0,0,0,0,0,0,0,0,0,0,0,0,0,0,0,0,0
1.25,0,0,0,0,0,0,0,0,0,0,0,0,0,0,0,0,0,0
1.26,0,0,0,0,0,0,0,0,0,0,0,0,0,0,0,0,0,0
1.27,0,0,0,0,0,0,0,0,0,0,0,0,0,0,0,0,0,0
1.28,0,0,0,0,0,0,0,0,0,0,0,0,0,0,0,0,0,0
1.29,0,0,0,0,0,0,0,0,0,0,0,0,0,0,0,0,0,0
1.3,0,0,0,0,0,0,0,0,0,0,0,0,0,0,0,0,0,0
1.31,0,0,0,0,0,0,0,0,0,0,0,0,0,0,0,0,0,0
1.32,0,0,0,0,0,0,0,0,0,0,0,0,0,0,0,0,0,0
1.33,0,0,0,0,0,0,0,0,0,0,0,0,0,0,0,0,0,0
1.34,0,0,0,0,0,0,0,0,0,0,0,0,0,0,0,0,0,0
1.35,0,0,0,0,0,0,0,0,0,0,0,0,0,0,0,0,0,0
1.36,0,0,0,0,0,0,0,0,0,0,0,0,0,0,0,0,0,0
1.37,0,0,0,0,0,0,0,0,0,0,0,0,0,0,0,0,0,0
1.38,0,0,0,0,0,0,0,0,0,0,0,0,0,0,0,0,0,0
1.39,0,0,0,0,0,0,0,0,0,0,0,0,0,0,0,0,0,0
1.4,0,0,0,0,0,0,0,0,0,0,0,0,0,0,0,0,0,0
1.41,0,0,0,0,0,0,0,0,0,0,0,0,0,0,0,0,0,0
1.42,0,0,0,0,0,0,0,0,0,0,0,0,0,0,0,0,0,0
1.43,0,0,0,0,0,0,0,0,0,0,0,0,0,0,0,0,0,0
1.44,0,0,0,0,0,0,0,0,0,0,0,0,0,0,0,0,0,0
1.45,0,0,0,0,0,0,0,0,0,0,0,0,0,0,0,0,0,0
1.46,0,0,0,0,0,0,0,0,0,0,0,0,0,0,0,0,0,0
1.47,0,0,0,0,0,0,0,0,0,0,0,0,0,0,0,0,0,0
1.48,0,0,0,0,0,0,0,0,0,0,0,0,0,0,0,0,0,0
1.49,0,0,0,0,0,0,0,0,0,0,0,0,0,0,0,0,0,0
1.5,0,0,0,0,0,0,0,0,0,0,0,0,0,0,0,0,0,0
1.51,0,0,0,0,0,0,0,0,0,0,0,0,0,0,0,0,0,0
1.52,0,0,0,0,0,0,0,0,0,0,0,0,0,0,0,0,0,0
1.53,0,0,0,0,0,0,0,0,0,0,0,0,0,0,0,0,0,0
1.54,0,0,0,0,0,0,0,0,0,0,0,0,0,0,0,0,0,0
1.55,0,0,0,0,0,0,0,0,0,0,0,0,0,0,0,0,0,0
1.56,0,0,0,0,0,0,0,0,0,0,0,0,0,0,0,0,0,0
1.57,0,0,0,0,0,0,0,0,0,0,0,0,0,0,0,0,0,0
1.58,0,0,0,0,0,0,0,0,0,0,0,0,0,0,0,0,0,0
1.59,0,0,0,0,0,0,0,0,0,0,0,0,0,0,0,0,0,0
1.6,0,0,0,0,0,0,0,0,0,0,0,0,0,0,0,0,0,0
1.61,0,0,0,0,0,0,0,0,0,0,0,0,0,0,0,0,0,0
1.62,0,0,0,0,0,0,0,0,0,0,0,0,0,0,0,0,0,0
1.63,0,0,0,0,0,0,0,0,0,0,0,0,0,0,0,0,0,0
1.64,0,0,0,0,0,0,0,0,0,0,0,0,0,0,0,0,0,0
1.65,0,0,0,0,0,0,0,0,0,0,0,0,0,0,0,0,0,0
1.66,0,0,0,0,0,0,0,0,0,0,0,0,0,0,0,0,0,0
1.67,0,0,0,0,0,0,0,0,0,0,0,0,0,0,0,0,0,0
1.68,0,0,0,0,0,0,0,0,0,0,0,0,0,0,0,0,0,0
1.69,0,0,0,0,0,0,0,0,0,0,0,0,0,0,0,0,0,0
1.7,0,0,0,0,0,0,0,0,0,0,0,0,0,0,0,0,0,0
1.71,0,0,0,0,0,0,0,0,0,0,0,0,0,0,0,0,0,0
1.72,0,0,0,0,0,0,0,0,0,0,0,0,0,0,0,0,0,0
1.73,0,0,0,0,0,0,0,0,0,0,0,0,0,0,0,0,0,0
1.74,0,0,0,0,0,0,0,0,0,0,0,0,0,0,0,0,0,0
1.75,0,0,0,0,0,0,0,0,0,0,0,0,0,0,0,0,0,0
1.76,0,0,0,0,0,0,0,0,0,0,0,0,0,0,0,0,0,0
1.77,0,0,0,0,0,0,0,0,0,0,0,0,0,0,0,0,0,0
1.78,0,0,0,0,0,0,0,0,0,0,0,0,0,0,0,0,0,0
1.79,0,0,0,0,0,0,0,0,0,0,0,0,0,0,0,0,0,0
1.8,0,0,0,0,0,0,0,0,0,0,0,0,0,0,0,0,0,0
1.81,0,0,0,0,0,0,0,0,0,0,0,0,0,0,0,0,0,0
1.82,0,0,0,0,0,0,0,0,0,0,0,0,0,0,0,0,0,0
1.83,0,0,0,0,0,0,0,0,0,0,0,0,0,0,0,0,0,0
1.84,0,0,0,0,0,0,0,0,0,0,0,0,0,0,0,0,0,0
1.85,0,0,0,0,0,0,0,0,0,0,0,0,0,0,0,0,0,0
1.86,0,0,0,0,0,0,0,0,0,0,0,0,0,0,0,0,0,0
1.87,0,0,0,0,0,0,0,0,0,0,0,0,0,0,0,0,0,0
1.88,0,0,0,0,0,0,0,0,0,0,0,0,0,0,0,0,0,0
1.89,0,0,0,0,0,0,0,0,0,0,0,0,0,0,0,0,0,0
1.9,0,0,0,0,0,0,0,0,0,0,0,0,0,0,0,0,0,0
1.91,0,0,0,0,0,0,0,0,0,0,0,0,0,0,0,0,0,0
1.92,0,0,0,0,0,0,0,0,0,0,0,0,0,0,0,0,0,0
1.93,0,0,0,0,0,0,0,0,0,0,0,0,0,0,0,0,0,0
1.94,0,0,0,0,0,0,0,0,0,0,0,0,0,0,0,0,0,0
1.95,0,0,0,0,0,0,0,0,0,0,0,0,0,0,0,0,0,0
1.96,0,0,0,0,0,0,0,0,0,0,0,0,0,0,0,0,0,0
1.97,0,0,0,0,0,0,0,0,0,0,0,0,0,0,0,0,0,0
1.98,0,0,0,0,0,0,0,0,0,0,0,0,0,0,0,0,0,0
1.99,0,0,0,0,0,0,0,0,0,0,0,0,0,0,0,0,0,0
2,0,0,0,0,0,0,0,0,0,0,0,0,0,0,0,0,0,0
2.01,0,0,0,0,0,0,0,0,0,0,0,0,0,0,0,0,0,0
2.02,0,0,0,0,0,0,0,0,0,0,0,0,0,0,0,0,0,0
2.03,0,0,0,0,0,0,0,0,0,0,0,0,0,0,0,0,0,0
2.04,0,0,0,0,0,0,0,0,0,0,0,0,0,0,0,0,0,0
2.05,0,0,0,0,0,0,0,0,0,0,0,0,0,0,0,0,0,0
2.06,0,0,0,0,0,0,0,0,0,0,0,0,0,0,0,0,0,0
2.07,0,0,0,0,0,0,0,0,0,0,0,0,0,0,0,0,0,0
2.08,0,0,0,0,0,0,0,0,0,0,0,0,0,0,0,0,0,0
2.09,0,0,0,0,0,0,0,0,0,0,0,0,0,0,0,0,0,0
2.1,0,0,0,0,0,0,0,0,0,0,0,0,0,0,0,0,0,0
2.11,0,0,0,0,0,0,0,0,0,0,0,0,0,0,0,0,0,0
2.12,0,0,0,0,0,0,0,0,0,0,0,0,0,0,0,0,0,0
2.13,0,0,0,0,0,0,0,0,0,0,0,0,0,0,0,0,0,0
2.14,0,0,0,0,0,0,0,0,0,0,0,0,0,0,0,0,0,0
2.15,0,0,0,0,0,0,0,0,0,0,0,0,0,0,0,0,0,0
2.16,0,0,0,0,0,0,0,0,0,0,0,0,0,0,0,0,0,0
2.17,0,0,0,0,0,0,0,0,0,0,0,0,0,0,0,0,0,0
2.18,0,0,0,0,0,0,0,0,0,0,0,0,0,0,0,0,0,0
2.19,0,0,0,0,0,0,0,0,0,0,0,0,0,0,0,0,0,0
2.2,0,0,0,0,0,0,0,0,0,0,0,0,0,0,0,0,0,0
2.21,0,0,0,0,0,0,0,0,0,0,0,0,0,0,0,0,0,0
2.22,0,0,0,0,0,0,0,0,0,0,0,0,0,0,0,0,0,0
2.23,0,0,0,0,0,0,0,0,0,0,0,0,0,0,0,0,0,0
2.24,0,0,0,0,0,0,0,0,0,0,0,0,0,0,0,0,0,0
2.25,0,0,0,0,0,0,0,0,0,0,0,0,0,0,0,0,0,0
2.26,0,0,0,0,0,0,0,0,0,0,0,0,0,0,0,0,0,0
2.27,0,0,0,0,0,0,0,0,0,0,0,0,0,0,0,0,0,0
2.28,0,0,0,0,0,0,0,0,0,0,0,0,0,0,0,0,0,0
2.29,0,0,0,0,0,0,0,0,0,0,0,0,0,0,0,0,0,0
2.3,0,0,0,0,0,0,0,0,0,0,0,0,0,0,0,0,0,0
2.31,0,0,0,0,0,0,0,0,0,0,0,0,0,0,0,0,0,0
2.32,0,0,0,0,0,0,0,0,0,0,0,0,0,0,0,0,0,0
2.33,0,0,0,0,0,0,0,0,0,0,0,0,0,0,0,0,0,0
2.34,0,0,0,0,0,0,0,0,0,0,0,0,0,0,0,0,0,0
2.35,0,0,0,0,0,0,0,0,0,0,0,0,0,0,0,0,0,0
2.36,0,0,0,0,0,0,0,0,0,0,0,0,0,0,0,0,0,0
2.37,0,0,0,0,0,0,0,0,0,0,0,0,0,0,0,0,0,0
2.38,0,0,0,0,0,0,0,0,0,0,0,0,0,0,0,0,0,0
2.39,0,0,0,0,0,0,0,0,0,0,0,0,0,0,0,0,0,0
2.4,0,0,0,0,0,0,0,0,0,0,0,0,0,0,0,0,0,0
2.41,0,0,0,0,0,0,0,0,0,0,0,0,0,0,0,0,0,0
2.42,0,0,0,0,0,0,0,0,0,0,0,0,0,0,0,0,0,0
2.43,0,0,0,0,0,0,0,0,0,0,0,0,0,0,0,0,0,0
2.44,0,0,0,0,0,0,0,0,0,0,0,0,0,0,0,0,0,0
2.45,0,0,0,0,0,0,0,0,0,0,0,0,0,0,0,0,0,0
2.46,0,0,0,0,0,0,0,0,0,0,0,0,0,0,0,0,0,0
2.47,0,0,0,0,0,0,0,0,0,0,0,0,0,0,0,0,0,0
2.48,0,0,0,0,0,0,0,0,0,0,0,0,0,0,0,0,0,0
2.49,0,0,0,0,0,0,0,0,0,0,0,0,0,0,0,0,0,0
2.5,0,0,0,0,0,0,0,0,0,0,0,0,0,0,0,0,0,0
2.51,0,0,0,0,0,0,0,0,0,0,0,0,0,0,0,0,0,0
2.52,0,0,0,0,0,0,0,0,0,0,0,0,0,0,0,0,0,0
2.53,0,0,0,0,0,0,0,0,0,0,0,0,0,0,0,0,0,0
2.54,0,0,0,0,0,0,0,0,0,0,0,0,0,0,0,0,0,0
2.55,0,0,0,0,0,0,0,0,0,0,0,0,0,0,0,0,0,0
2.56,0,0,0,0,0,0,0,0,0,0,0,0,0,0,0,0,0,0
2.57,0,0,0,0,0,0,0,0,0,0,0,0,0,0,0,0,0,0
2.58,0,0,0,0,0,0,0,0,0,0,0,0,0,0,0,0,0,0
2.59,0,0,0,0,0,0,0,0,0,0,0,0,0,0,0,0,0,0
2.6,0,0,0,0,0,0,0,0,0,0,0,0,0,0,0,0,0,0
2.61,0,0,0,0,0,0,0,0,0,0,0,0,0,0,0,0,0,0
2.62,0,0,0,0,0,0,0,0,0,0,0,0,0,0,0,0,0,0
2.63,0,0,0,0,0,0,0,0,0,0,0,0,0,0,0,0,0,0
2.64,0,0,0,0,0,0,0,0,0,0,0,0,0,0,0,0,0,0
2.65,0,0,0,0,0,0,0,0,0,0,0,0,0,0,0,0,0,0
2.66,0,0,0,0,0,0,0,0,0,0,0,0,0,0,0,0,0,0
2.67,0,0,0,0,0,0,0,0,0,0,0,0,0,0,0,0,0,0
2.68,0,0,0,0,0,0,0,0,0,0,0,0,0,0,0,0,0,0
2.69,0,0,0,0,0,0,0,0,0,0,0,0,0,0,0,0,0,0
2.7,0,0,0,0,0,0,0,0,0,0,0,0,0,0,0,0,0,0
2.71,0,0,0,0,0,0,0,0,0,0,0,0,0,0,0,0,0,0
2.72,0,0,0,0,0,0,0,0,0,0,0,0,0,0,0,0,0,0
2.73,0,0,0,0,0,0,0,0,0,0,0,0,0,0,0,0,0,0
2.74,0,0,0,0,0,0,0,0,0,0,0,0,0,0,0,0,0,0
2.75,0,0,0,0,0,0,0,0,0,0,0,0,0,0,0,0,0,0
2.76,0,0,0,0,0,0,0,0,0,0,0,0,0,0,0,0,0,0
2.77,0,0,0,0,0,0,0,0,0,0,0,0,0,0,0,0,0,0
2.78,0,0,0,0,0,0,0,0,0,0,0,0,0,0,0,0,0,0
2.79,0,0,0,0,0,0,0,0,0,0,0,0,0,0,0,0,0,0
2.8,0,0,0,0,0,0,0,0,0,0,0,0,0,0,0,0,0,0
2.81,0,0,0,0,0,0,0,0,0,0,0,0,0,0,0,0,0,0
2.82,0,0,0,0,0,0,0,0,0,0,0,0,0,0,0,0,0,0
2.83,0,0,0,0,0,0,0,0,0,0,0,0,0,0,0,0,0,0
2.84,0,0,0,0,0,0,0,0,0,0,0,0,0,0,0,0,0,0
2.85,0,0,0,0,0,0,0,0,0,0,0,0,0,0,0,0,0,0
2.86,0,0,0,0,0,0,0,0,0,0,0,0,0,0,0,0,0,0
2.87,0,0,0,0,0,0,0,0,0,0,0,0,0,0,0,0,0,0
2.88,0,0,0,0,0,0,0,0,0,0,0,0,0,0,0,0,0,0
2.89,0,0,0,0,0,0,0,0,0,0,0,0,0,0,0,0,0,0
2.9,0,0,0,0,0,0,0,0,0,0,0,0,0,0,0,0,0,0
2.91,0,0,0,0,0,0,0,0,0,0,0,0,0,0,0,0,0,0
2.92,0,0,0,0,0,0,0,0,0,0,0,0,0,0,0,0,0,0
2.93,0,0,0,0,0,0,0,0,0,0,0,0,0,0,0,0,0,0
2.94,0,0,0,0,0,0,0,0,0,0,0,0,0,0,0,0,0,0
2.95,0,0,0,0,0,0,0,0,0,0,0,0,0,0,0,0,0,0
2.96,0,0,0,0,0,0,0,0,0,0,0,0,0,0,0,0,0,0
2.97,0,0,0,0,0,0,0,0,0,0,0,0,0,0,0,0,0,0
2.98,0,0,0,0,0,0,0,0,0,0,0,0,0,0,0,0,0,0
2.99,0,0,0,0,0,0,0,0,0,0,0,0,0,0,0,0,0,0
3,0,0,0,0,0,0,0,0,0,0,0,0,0,0,0,0,0,0
3.01,0,0,0,0,0,0,0,0,0,0,0,0,0,0,0,0,0,0
3.02,0,0,0,0,0,0,0,0,0,0,0,0,0,0,0,0,0,0
3.03,0,0,0,0,0,0,0,0,0,0,0,0,0,0,0,0,0,0
3.04,0,0,0,0,0,0,0,0,0,0,0,0,0,0,0,0,0,0
3.05,0,0,0,0,0,0,0,0,0,0,0,0,0,0,0,0,0,0
3.06,0,0,0,0,0,0,0,0,0,0,0,0,0,0,0,0,0,0
3.07,0,0,0,0,0,0,0,0,0,0,0,0,0,0,0,0,0,0
3.08,0,0,0,0,0,0,0,0,0,0,0,0,0,0,0,0,0,0
3.09,0,0,0,0,0,0,0,0,0,0,0,0,0,0,0,0,0,0
3.1,0,0,0,0,0,0,0,0,0,0,0,0,0,0,0,0,0,0
3.11,0,0,0,0,0,0,0,0,0,0,0,0,0,0,0,0,0,0
3.12,0,0,0,0,0,0,0,0,0,0,0,0,0,0,0,0,0,0
3.13,0,0,0,0,0,0,0,0,0,0,0,0,0,0,0,0,0,0
3.14,0,0,0,0,0,0,0,0,0,0,0,0,0,0,0,0,0,0
3.15,0,0,0,0,0,0,0,0,0,0,0,0,0,0,0,0,0,0
3.16,0,0,0,0,0,0,0,0,0,0,0,0,0,0,0,0,0,0
3.17,0,0,0,0,0,0,0,0,0,0,0,0,0,0,0,0,0,0
3.18,0,0,0,0,0,0,0,0,0,0,0,0,0,0,0,0,0,0
3.19,0,0,0,0,0,0,0,0,0,0,0,0,0,0,0,0,0,0
3.2,0,0,0,0,0,0,0,0,0,0,0,0,0,0,0,0,0,0
3.21,0,0,0,0,0,0,0,0,0,0,0,0,0,0,0,0,0,0
3.22,0,0,0,0,0,0,0,0,0,0,0,0,0,0,0,0,0,0
3.23,0,0,0,0,0,0,0,0,0,0,0,0,0,0,0,0,0,0
3.24,0,0,0,0,0,0,0,0,0,0,0,0,0,0,0,0,0,0
3.25,0,0,0,0,0,0,0,0,0,0,0,0,0,0,0,0,0,0
3.26,0,0,0,0,0,0,0,0,0,0,0,0,0,0,0,0,0,0
3.27,0,0,0,0,0,0,0,0,0,0,0,0,0,0,0,0,0,0
3.28,0,0,0,0,0,0,0,0,0,0,0,0,0,0,0,0,0,0
3.29,0,0,0,0,0,0,0,0,0,0,0,0,0,0,0,0,0,0
3.3,0,0,0,0,0,0,0,0,0,0,0,0,0,0,0,0,0,0
3.31,0,0,0,0,0,0,0,0,0,0,0,0,0,0,0,0,0,0
3.32,0,0,0,0,0,0,0,0,0,0,0,0,0,0,0,0,0,0
3.33,0,0,0,0,0,0,0,0,0,0,0,0,0,0,0,0,0,0
3.34,0,0,0,0,0,0,0,0,0,0,0,0,0,0,0,0,0,0
3.35,0,0,0,0,0,0,0,0,0,0,0,0,0,0,0,0,0,0
3.36,0,0,0,0,0,0,0,0,0,0,0,0,0,0,0,0,0,0
3.37,0,0,0,0,0,0,0,0,0,0,0,0,0,0,0,0,0,0
3.38,0,0,0,0,0,0,0,0,0,0,0,0,0,0,0,0,0,0
3.39,0,0,0,0,0,0,0,0,0,0,0,0,0,0,0,0,0,0
3.4,0,0,0,0,0,0,0,0,0,0,0,0,0,0,0,0,0,0
3.41,0,0,0,0,0,0,0,0,0,0,0,0,0,0,0,0,0,0
3.42,0,0,0,0,0,0,0,0,0,0,0,0,0,0,0,0,0,0
3.43,0,0,0,0,0,0,0,0,0,0,0,0,0,0,0,0,0,0
3.44,0,0,0,0,0,0,0,0,0,0,0,0,0,0,0,0,0,0
3.45,0,0,0,0,0,0,0,0,0,0,0,0,0,0,0,0,0,0
3.46,0,0,0,0,0,0,0,0,0,0,0,0,0,0,0,0,0,0
3.47,0,0,0,0,0,0,0,0,0,0,0,0,0,0,0,0,0,0
3.48,0,0,0,0,0,0,0,0,0,0,0,0,0,0,0,0,0,0
3.49,0,0,0,0,0,0,0,0,0,0,0,0,0,0,0,0,0,0
3.5,0,0,0,0,0,0,0,0,0,0,0,0,0,0,0,0,0,0
3.51,0,0,0,0,0,0,0,0,0,0,0,0,0,0,0,0,0,0
3.52,0,0,0,0,0,0,0,0,0,0,0,0,0,0,0,0,0,0
3.53,0,0,0,0,0,0,0,0,0,0,0,0,0,0,0,0,0,0
3.54,0,0,0,0,0,0,0,0,0,0,0,0,0,0,0,0,0,0
3.55,0,0,0,0,0,0,0,0,0,0,0,0,0,0,0,0,0,0
3.56,0,0,0,0,0,0,0,0,0,0,0,0,0,0,0,0,0,0
3.57,0,0,0,0,0,0,0,0,0,0,0,0,0,0,0,0,0,0
3.58,0,0,0,0,0,0,0,0,0,0,0,0,0,0,0,0,0,0
3.59,0,0,0,0,0,0,0,0,0,0,0,0,0,0,0,0,0,0
3.6,0,0,0,0,0,0,0,0,0,0,0,0,0,0,0,0,0,0
3.61,0,0,0,0,0,0,0,0,0,0,0,0,0,0,0,0,0,0
3.62,0,0,0,0,0,0,0,0,0,0,0,0,0,0,0,0,0,0
3.63,0,0,0,0,0,0,0,0,0,0,0,0,0,0,0,0,0,0
3.64,0,0,0,0,0,0,0,0,0,0,0,0,0,0,0,0,0,0
3.65,0,0,0,0,0,0,0,0,0,0,0,0,0,0,0,0,0,0
3.66,0,0,0,0,0,0,0,0,0,0,0,0,0,0,0,0,0,0
3.67,0,0,0,0,0,0,0,0,0,0,0,0,0,0,0,0,0,0
3.68,0,0,0,0,0,0,0,0,0,0,0,0,0,0,0,0,0,0
3.69,0,0,0,0,0,0,0,0,0,0,0,0,0,0,0,0,0,0
3.7,0,0,0,0,0,0,0,0,0,0,0,0,0,0,0,0,0,0
3.71,0,0,0,0,0,0,0,0,0,0,0,0,0,0,0,0,0,0
3.72,0,0,0,0,0,0,0,0,0,0,0,0,0,0,0,0,0,0
3.73,0,0,0,0,0,0,0,0,0,0,0,0,0,0,0,0,0,0
3.74,0,0,0,0,0,0,0,0,0,0,0,0,0,0,0,0,0,0
3.75,0,0,0,0,0,0,0,0,0,0,0,0,0,0,0,0,0,0
3.76,0,0,0,0,0,0,0,0,0,0,0,0,0,0,0,0,0,0
3.77,0,0,0,0,0,0,0,0,0,0,0,0,0,0,0,0,0,0
3.78,0,0,0,0,0,0,0,0,0,0,0,0,0,0,0,0,0,0
3.79,0,0,0,0,0,0,0,0,0,0,0,0,0,0,0,0,0,0
3.8,0,0,0,0,0,0,0,0,0,0,0,0,0,0,0,0,0,0
3.81,0,0,0,0,0,0,0,0,0,0,0,0,0,0,0,0,0,0
3.82,0,0,0,0,0,0,0,0,0,0,0,0,0,0,0,0,0,0
3.83,0,0,0,0,0,0,0,0,0,0,0,0,0,0,0,0,0,0
3.84,0,0,0,0,0,0,0,0,0,0,0,0,0,0,0,0,0,0
3.85,0,0,0,0,0,0,0,0,0,0,0,0,0,0,0,0,0,0
3.86,0,0,0,0,0,0,0,0,0,0,0,0,0,0,0,0,0,0
3.87,0,0,0,0,0,0,0,0,0,0,0,0,0,0,0,0,0,0
3.88,0,0,0,0,0,0,0,0,0,0,0,0,0,0,0,0,0,0
3.89,0,0,0,0,0,0,0,0,0,0,0,0,0,0,0,0,0,0
3.9,0,0,0,0,0,0,0,0,0,0,0,0,0,0,0,0,0,0
3.91,0,0,0,0,0,0,0,0,0,0,0,0,0,0,0,0,0,0
3.92,0,0,0,0,0,0,0,0,0,0,0,0,0,0,0,0,0,0
3.93,0,0,0,0,0,0,0,0,0,0,0,0,0,0,0,0,0,0
3.94,0,0,0,0,0,0,0,0,0,0,0,0,0,0,0,0,0,0
3.95,0,0,0,0,0,0,0,0,0,0,0,0,0,0,0,0,0,0
3.96,0,0,0,0,0,0,0,0,0,0,0,0,0,0,0,0,0,0
3.97,0,0,0,0,0,0,0,0,0,0,0,0,0,0,0,0,0,0
3.98,0,0,0,0,0,0,0,0,0,0,0,0,0,0,0,0,0,0
3.99,0,0,0,0,0,0,0,0,0,0,0,0,0,0,0,0,0,0
4,0,0,0,0,0,0,0,0,0,0,0,0,0,0,0,0,0,0
4.01,0,0,0,0,0,0,0,0,0,0,0,0,0,0,0,0,0,0
4.02,0,0,0,0,0,0,0,0,0,0,0,0,0,0,0,0,0,0
4.03,0,0,0,0,0,0,0,0,0,0,0,0,0,0,0,0,0,0
4.04,0,0,0,0,0,0,0,0,0,0,0,0,0,0,0,0,0,0
4.05,0,0,0,0,0,0,0,0,0,0,0,0,0,0,0,0,0,0
4.06,0,0,0,0,0,0,0,0,0,0,0,0,0,0,0,0,0,0
4.07,0,0,0,0,0,0,0,0,0,0,0,0,0,0,0,0,0,0
4.08,0,0,0,0,0,0,0,0,0,0,0,0,0,0,0,0,0,0
4.09,0,0,0,0,0,0,0,0,0,0,0,0,0,0,0,0,0,0
4.1,0,0,0,0,0,0,0,0,0,0,0,0,0,0,0,0,0,0
4.11,0,0,0,0,0,0,0,0,0,0,0,0,0,0,0,0,0,0
4.12,0,0,0,0,0,0,0,0,0,0,0,0,0,0,0,0,0,0
4.13,0,0,0,0,0,0,0,0,0,0,0,0,0,0,0,0,0,0
4.14,0,0,0,0,0,0,0,0,0,0,0,0,0,0,0,0,0,0
4.15,0,0,0,0,0,0,0,0,0,0,0,0,0,0,0,0,0,0
4.16,0,0,0,0,0,0,0,0,0,0,0,0,0,0,0,0,0,0
4.17,0,0,0,0,0,0,0,0,0,0,0,0,0,0,0,0,0,0
4.18,0,0,0,0,0,0,0,0,0,0,0,0,0,0,0,0,0,0
4.19,0,0,0,0,0,0,0,0,0,0,0,0,0,0,0,0,0,0
4.2,0,0,0,0,0,0,0,0,0,0,0,0,0,0,0,0,0,0
4.21,0,0,0,0,0,0,0,0,0,0,0,0,0,0,0,0,0,0
4.22,0,0,0,0,0,0,0,0,0,0,0,0,0,0,0,0,0,0
4.23,0,0,0,0,0,0,0,0,0,0,0,0,0,0,0,0,0,0
4.24,0,0,0,0,0,0,0,0,0,0,0,0,0,0,0,0,0,0
4.25,0,0,0,0,0,0,0,0,0,0,0,0,0,0,0,0,0,0
4.26,0,0,0,0,0,0,0,0,0,0,0,0,0,0,0,0,0,0
4.27,0,0,0,0,0,0,0,0,0,0,0,0,0,0,0,0,0,0
4.28,0,0,0,0,0,0,0,0,0,0,0,0,0,0,0,0,0,0
4.29,0,0,0,0,0,0,0,0,0,0,0,0,0,0,0,0,0,0
4.3,0,0,0,0,0,0,0,0,0,0,0,0,0,0,0,0,0,0
4.31,0,0,0,0,0,0,0,0,0,0,0,0,0,0,0,0,0,0
4.32,0,0,0,0,0,0,0,0,0,0,0,0,0,0,0,0,0,0
4.33,0,0,0,0,0,0,0,0,0,0,0,0,0,0,0,0,0,0
4.34,0,0,0,0,0,0,0,0,0,0,0,0,0,0,0,0,0,0
4.35,0,0,0,0,0,0,0,0,0,0,0,0,0,0,0,0,0,0
4.36,0,0,0,0,0,0,0,0,0,0,0,0,0,0,0,0,0,0
4.37,0,0,0,0,0,0,0,0,0,0,0,0,0,0,0,0,0,0
4.38,0,0,0,0,0,0,0,0,0,0,0,0,0,0,0,0,0,0
4.39,0,0,0,0,0,0,0,0,0,0,0,0,0,0,0,0,0,0
4.4,0,0,0,0,0,0,0,0,0,0,0,0,0,0,0,0,0,0
4.41,0,0,0,0,0,0,0,0,0,0,0,0,0,0,0,0,0,0
4.42,0,0,0,0,0,0,0,0,0,0,0,0,0,0,0,0,0,0
4.43,0,0,0,0,0,0,0,0,0,0,0,0,0,0,0,0,0,0
4.44,0,0,0,0,0,0,0,0,0,0,0,0,0,0,0,0,0,0
4.45,0,0,0,0,0,0,0,0,0,0,0,0,0,0,0,0,0,0
4.46,0,0,0,0,0,0,0,0,0,0,0,0,0,0,0,0,0,0
4.47,0,0,0,0,0,0,0,0,0,0,0,0,0,0,0,0,0,0
4.48,0,0,0,0,0,0,0,0,0,0,0,0,0,0,0,0,0,0
4.49,0,0,0,0,0,0,0,0,0,0,0,0,0,0,0,0,0,0
4.5,0,0,0,0,0,0,0,0,0,0,0,0,0,0,0,0,0,0
4.51,0,0,0,0,0,0,0,0,0,0,0,0,0,0,0,0,0,0
4.52,0,0,0,0,0,0,0,0,0,0,0,0,0,0,0,0,0,0
4.53,0,0,0,0,0,0,0,0,0,0,0,0,0,0,0,0,0,0
4.54,0,0,0,0,0,0,0,0,0,0,0,0,0,0,0,0,0,0
4.55,0,0,0,0,0,0,0,0,0,0,0,0,0,0,0,0,0,0
4.56,0,0,0,0,0,0,0,0,0,0,0,0,0,0,0,0,0,0
4.57,0,0,0,0,0,0,0,0,0,0,0,0,0,0,0,0,0,0
4.58,0,0,0,0,0,0,0,0,0,0,0,0,0,0,0,0,0,0
4.59,0,0,0,0,0,0,0,0,0,0,0,0,0,0,0,0,0,0
4.6,0,0,0,0,0,0,0,0,0,0,0,0,0,0,0,0,0,0
4.61,0,0,0,0,0,0,0,0,0,0,0,0,0,0,0,0,0,0
4.62,0,0,0,0,0,0,0,0,0,0,0,0,0,0,0,0,0,0
4.63,0,0,0,0,0,0,0,0,0,0,0,0,0,0,0,0,0,0
4.64,0,0,0,0,0,0,0,0,0,0,0,0,0,0,0,0,0,0
4.65,0,0,0,0,0,0,0,0,0,0,0,0,0,0,0,0,0,0
4.66,0,0,0,0,0,0,0,0,0,0,0,0,0,0,0,0,0,0
4.67,0,0,0,0,0,0,0,0,0,0,0,0,0,0,0,0,0,0
4.68,0,0,0,0,0,0,0,0,0,0,0,0,0,0,0,0,0,0
4.69,0,0,0,0,0,0,0,0,0,0,0,0,0,0,0,0,0,0
4.7,0,0,0,0,0,0,0,0,0,0,0,0,0,0,0,0,0,0
4.71,0,0,0,0,0,0,0,0,0,0,0,0,0,0,0,0,0,0
4.72,0,0,0,0,0,0,0,0,0,0,0,0,0,0,0,0,0,0
4.73,0,0,0,0,0,0,0,0,0,0,0,0,0,0,0,0,0,0
4.74,0,0,0,0,0,0,0,0,0,0,0,0,0,0,0,0,0,0
4.75,0,0,0,0,0,0,0,0,0,0,0,0,0,0,0,0,0,0
4.76,0,0,0,0,0,0,0,0,0,0,0,0,0,0,0,0,0,0
4.77,0,0,0,0,0,0,0,0,0,0,0,0,0,0,0,0,0,0
4.78,0,0,0,0,0,0,0,0,0,0,0,0,0,0,0,0,0,0
4.79,0,0,0,0,0,0,0,0,0,0,0,0,0,0,0,0,0,0
4.8,0,0,0,0,0,0,0,0,0,0,0,0,0,0,0,0,0,0
4.81,0,0,0,0,0,0,0,0,0,0,0,0,0,0,0,0,0,0
4.82,0,0,0,0,0,0,0,0,0,0,0,0,0,0,0,0,0,0
4.83,0,0,0,0,0,0,0,0,0,0,0,0,0,0,0,0,0,0
4.84,0,0,0,0,0,0,0,0,0,0,0,0,0,0,0,0,0,0
4.85,0,0,0,0,0,0,0,0,0,0,0,0,0,0,0,0,0,0
4.86,0,0,0,0,0,0,0,0,0,0,0,0,0,0,0,0,0,0
4.87,0,0,0,0,0,0,0,0,0,0,0,0,0,0,0,0,0,0
4.88,0,0,0,0,0,0,0,0,0,0,0,0,0,0,0,0,0,0
4.89,0,0,0,0,0,0,0,0,0,0,0,0,0,0,0,0,0,0
4.9,0,0,0,0,0,0,0,0,0,0,0,0,0,0,0,0,0,0
4.91,0,0,0,0,0,0,0,0,0,0,0,0,0,0,0,0,0,0
4.92,0,0,0,0,0,0,0,0,0,0,0,0,0,0,0,0,0,0
4.93,0,0,0,0,0,0,0,0,0,0,0,0,0,0,0,0,0,0
4.94,0,0,0,0,0,0,0,0,0,0,0,0,0,0,0,0,0,0
4.95,0,0,0,0,0,0,0,0,0,0,0,0,0,0,0,0,0,0
4.96,0,0,0,0,0,0,0,0,0,0,0,0,0,0,0,0,0,0
4.97,0,0,0,0,0,0,0,0,0,0,0,0,0,0,0,0,0,0
4.98,0,0,0,0,0,0,0,0,0,0,0,0,0,0,0,0,0,0
4.99,0,0,0,0,0,0,0,0,0,0,0,0,0,0,0,0,0,0
5,0,0,0,0,0,0,0,0,0,0,0,0,0,0,0,0,0,0
5.01000497772507,1.22798392369716e-11,4.90679254909633e-09,1.46995680513227e-06,4.91193569478862e-12,1.96271701963853e-09,5.87982722052908e-07,0,0,0,0,0,0,0,0,0,0,0,0
5.02000995545013,1.96045649020565e-10,3.91464988586585e-08,5.85828447011239e-06,7.84182596082258e-11,1.56585995434634e-08,2.34331378804496e-06,0,0,0,0,0,0,0,0,0,0,0,0
5.0300149331752,9.90298556742541e-10,1.31756135684048e-07,1.31327799754856e-05,3.96119422697016e-10,5.27024542736193e-08,5.25311199019423e-06,0,0,0,0,0,0,0,0,0,0,0,0
5.04001991090027,3.12294511027454e-09,3.11451269503302e-07,2.3261388225822e-05,1.24917804410982e-09,1.24580507801321e-07,9.30455529032882e-06,0,0,0,0,0,0,0,0,0,0,0,0
5.05002488862533,7.60758857413357e-09,6.06627495133432e-07,3.62122017777979e-05,3.04303542965343e-09,2.42650998053373e-07,1.44848807111191e-05,0,0,0,0,0,0,0,0,0,0,0,0
5.0600298663504,1.57403350055611e-08,1.04536191162619e-06,5.19534605682757e-05,6.29613400222446e-09,4.18144764650475e-07,2.07813842273103e-05,0,0,0,0,0,0,0,0,0,0,0,0
5.07003484407547,2.90966140832971e-08,1.65541459544326e-06,7.04535516423858e-05,1.16386456333188e-08,6.62165838177306e-07,2.81814206569543e-05,0,0,0,0,0,0,0,0,0,0,0,0
5.08003982180053,4.95280146618292e-08,2.46423007091097e-06,9.16810088816069e-05,1.98112058647317e-08,9.85692028364388e-07,3.66724035526428e-05,0,0,0,0,0,0,0,0,0,0,0,0
5.0900447995256,7.91591350238992e-08,3.49893877795435e-06,0.000115604512731847,3.16636540095597e-08,1.39957551118174e-06,4.62418050927387e-05,0,0,0,0,0,0,0,0,0,0,0,0
5.10004977725067,1.20384447804047e-07,4.78635853711076e-06,0.000142192889931523,4.81537791216187e-08,1.9145434148443e-06,5.68771559726091e-05,0,0,0,0,0,0,0,0,0,0,0,0
5.11005475497573,1.75865179555973e-07,6.3529960118229e-06,0.000171415113239644,7.0346071822389e-08,2.54119840472916e-06,6.85660452958575e-05,0,0,0,0,0,0,0,0,0,0,0,0
5.1200597327008,2.485262049365e-07,8.2250481680113e-06,0.00020324030116389,9.94104819745999e-08,3.29001926720452e-06,8.12961204655562e-05,0,0,0,0,0,0,0,0,0,0,0,0
5.13006471042587,3.41552955478917e-07,1.04284037309263e-05,0.000237637717688695,1.36621182191567e-07,4.1713614923705e-06,9.50550870754781e-05,0,0,0,0,0,0,0,0,0,0,0,0
5.14006968815093,4.58388342928486e-07,1.29886446392792e-05,0.000274576772003325,1.83355337171394e-07,5.1954578557117e-06,0.00010983070880133,0,0,0,0,0,0,0,0,0,0,0,0
5.150074665876,6.02729697112883e-07,1.59310474966538e-05,0.000314027018229959,2.41091878845153e-07,6.3724189986615e-06,0.000125610807291984,0,0,0,0,0,0,0,0,0,0,0,0
5.16007964360107,7.78525718320377e-07,1.92805850201956e-05,0.000355958155151774,3.11410287328151e-07,7.71223400807824e-06,0.000142383262060709,0,0,0,0,0,0,0,0,0,0,0,0
5.17008462132613,9.899734441585e-07,2.30619274865827e-05,0.00040034002594102,3.959893776634e-07,9.22477099463307e-06,0.000160136010376408,0,0,0,0,0,0,0,0,0,0,0,0
5.1800895990512,1.24151523086601e-06,2.72994441752742e-05,0.000447142617887106,4.96606092346405e-07,1.09197776701097e-05,0.000178857047154842,0,0,0,0,0,0,0,0,0,0,0,0
5.19009457677627,1.53783574905093e-06,3.20172048090392e-05,0.000496336062124677,6.15134299620372e-07,1.28068819236157e-05,0.000198534424849871,0,0,0,0,0,0,0,0,0,0,0,0
5.20009955450133,1.8838589938274e-06,3.72389809917651e-05,0.000547890633361698,7.53543597530961e-07,1.48955923967061e-05,0.000219156253344679,0,0,0,0,0,0,0,0,0,0,0,0
5.2101045322264,2.28474530932421e-06,4.29882476435448e-05,0.000601776749607531,9.13898123729685e-07,1.71952990574179e-05,0.000240710699843013,0,0,0,0,0,0,0,0,0,0,0,0
5.22010950995147,2.7458884275377e-06,4.92881844330439e-05,0.000657964971901021,1.09835537101508e-06,1.97152737732176e-05,0.000263185988760408,0,0,0,0,0,0,0,0,0,0,0,0
5.23011448767653,3.27291252150185e-06,5.61616772071473e-05,0.00071642600403857,1.30916500860074e-06,2.24646708828589e-05,0.000286570401615428,0,0,0,0,0,0,0,0,0,0,0,0
5.2401194654016,3.87166927274839e-06,6.36313194178849e-05,0.000777130692302225,1.54866770909936e-06,2.54525277671539e-05,0.00031085227692089,0,0,0,0,0,0,0,0,0,0,0,0
5.25012444312667,4.54823495302962e-06,7.17194135466372e-05,0.000840050025187754,1.81929398121185e-06,2.86877654186549e-05,0.000336020010075101,0,0,0,0,0,0,0,0,0,0,0,0
5.26012942085173,5.30890752027676e-06,8.04479725256202e-05,0.000905155133132729,2.12356300811071e-06,3.21791890102481e-05,0.000362062053253092,0,0,0,0,0,0,0,0,0,0,0,0
5.2701343985768,6.16020372876664e-06,8.98387211566495e-05,0.000972417288244606,2.46408149150666e-06,3.59354884626598e-05,0.000388966915297842,0,0,0,0,0,0,0,0,0,0,0,0
5.28013937630187,7.10885625346946e-06,9.99130975271842e-05,0.00104180790402881,2.84354250138778e-06,3.99652390108737e-05,0.000416723161611522,0,0,0,0,0,0,0,0,0,0,0,0
5.29014435402693,8.16181082855048e-06,0.00011069225442365,0.0011132985351168,3.26472433142019e-06,4.42769017694601e-05,0.000445319414046719,0,0,0,0,0,0,0,0,0,0,0,0
5.300149331752,9.32622339999826e-06,0.000122197060742042,0.00118686087699417,3.7304893599993e-06,4.88788242968169e-05,0.000474744350797669,0,0,0,0,0,0,0,0,0,0,0,0
5.31015430947707,1.06094572923525e-05,0.000134448102895807,0.00126246676572873,4.243782916941e-06,5.3779241158323e-05,0.000504986706291494,0,0,0,0,0,0,0,0,0,0,0,0
5.32015928720213,1.20190803895039e-05,0.000147465686221005,0.00134008817769857,4.80763215580157e-06,5.8986274488402e-05,0.000536035271079428,0,0,0,0,0,0,0,0,0,0,0,0
5.3301642649272,1.35628623295393e-05,0.000161269836378749,0.00141969722932014,5.42514493181572e-06,6.45079345514997e-05,0.000567878891728056,0,0,0,0,0,0,0,0,0,0,0,0
5.34016924265227,1.52487717136041e-05,0.000175880300754928,0.00150126617677635,6.09950868544165e-06,7.03521203019713e-05,0.000600506470710542,0,0,0,0,0,0,0,0,0,0,0,0
5.35017422037733,1.70849733287561e-05,0.000191316549857205,0.00158476741574465,6.83398933150243e-06,7.65266199428819e-05,0.000633906966297861,0,0,0,0,0,0,0,0,0,0,0,0
5.3601791981024,1.90798253847815e-05,0.000207597778709296,0.00167017348112509,7.63193015391262e-06,8.30391114837185e-05,0.000668069392450034,0,0,0,0,0,0,0,0,0,0,0,0
5.37018417582747,2.12418767649484e-05,0.000224742908242532,0.0017574570467684,8.49675070597935e-06,8.98971632970127e-05,0.00070298281870736,0,0,0,0,0,0,0,0,0,0,0,0
5.38018915355253,2.35798642906677e-05,0.000242770586684693,0.00184659092520411,9.43194571626709e-06,9.71082346738771e-05,0.000738636370081644,0,0,0,0,0,0,0,0,0,0,0,0
5.3901941312776,2.61027100000373e-05,0.000261699190946128,0.00193754806736859,1.04410840000149e-05,0.000104679676378451,0.000775019226947437,0,0,0,0,0,0,0,0,0,0,0,0
5.40019910900267,2.88195184402393e-05,0.000281546828003155,0.00203030156233315,1.15278073760957e-05,0.000112618731201262,0.00081212062493326,0,0,0,0,0,0,0,0,0,0,0,0
5.41020408672773,3.17395739737653e-05,0.000302331336278731,0.00212482463703211,1.26958295895061e-05,0.000120932534511492,0.000849929854812844,0,0,0,0,0,0,0,0,0,0,0,0
5.4202090644528,3.48723380984417e-05,0.000324070287020413,0.00222109065599089,1.39489352393767e-05,0.000129628114808165,0.000888436262396356,0,0,0,0,0,0,0,0,0,0,0,0
5.43021404217787,3.82274467812275e-05,0.000346780985675594,0.00231907312105409,1.5290978712491e-05,0.000138712394270238,0.000927629248421635,0,0,0,0,0,0,0,0,0,0,0,0
5.44021901990293,4.18147078057575e-05,0.000370480473264016,0.00241874567111356,1.6725883122303e-05,0.000148192189305606,0.000967498268445425,0,0,0,0,0,0,0,0,0,0,0,0
5.450223997628,4.56440981336049e-05,0.000395185527747564,0.0025200820818365,1.8257639253442e-05,0.000158074211099025,0.0010080328327346,0,0,0,0,0,0,0,0,0,0,0,0
5.46022897535307,4.97257612792337e-05,0.000420912665397341,0.00262305626539353,1.98903045116935e-05,0.000168365066158936,0.00104922250615741,0,0,0,0,0,0,0,0,0,0,0,0
5.47023395307813,5.4070004698616e-05,0.000447678142158023,0.00272764227018676,2.16280018794464e-05,0.000179071256863209,0.0010910569080747,0,0,0,0,0,0,0,0,0,0,0,0
5.4802389308032,5.86872971914856e-05,0.000475497955009488,0.00283381428057789,2.34749188765942e-05,0.000190199182003795,0.00113352571223116,0,0,0,0,0,0,0,0,0,0,0,0
5.49024390852827,6.35882663172014e-05,0.000504387843325732,0.00294154661661628,2.54353065268806e-05,0.000201755137330293,0.00117661864664651,0,0,0,0,0,0,0,0,0,0,0,0
5.50024888625333,6.87836958241926e-05,0.000534363290231061,0.00305081373376704,2.7513478329677e-05,0.000213745316092424,0.00122032549350681,0,0,0,0,0,0,0,0,0,0,0,0
5.5102538639784,7.42845230929593e-05,0.000565439523953556,0.00316159022263909,2.97138092371837e-05,0.000226175809581422,0.00126463608905563,0,0,0,0,0,0,0,0,0,0,0,0
5.52025884170347,8.0101836592601e-05,0.000597631519175833,0.00327385080871326,3.20407346370404e-05,0.000239052607670333,0.00130954032348531,0,0,0,0,0,0,0,0,0,0,0,0
5.53026381942853,8.62468733508455e-05,0.000630953998383065,0.00338757035207039,3.44987493403382e-05,0.000252381599353226,0.00135502814082816,0,0,0,0,0,0,0,0,0,0,0,0
5.5402687971536,9.27310164375515e-05,0.000665421433208297,0.00350272384711935,3.70924065750206e-05,0.000266168573283319,0.00140108953884774,0,0,0,0,0,0,0,0,0,0,0,0
5.55027377487867,9.95657924616566e-05,0.000701048045775031,0.00361928642232518,3.98263169846626e-05,0.000280419218310013,0.00144771456893007,0,0,0,0,0,0,0,0,0,0,0,0
5.56027875260373,0.000106762869081546,0.000737847810037099,0.00373723333993713,4.27051476326182e-05,0.00029513912401484,0.00149489333597485,0,0,0,0,0,0,0,0,0,0,0,0
5.5702837303288,0.00011433405252881,0.000775834453115808,0.0038565399957168,4.57336210115238e-05,0.000310333781246323,0.00154261599828672,0,0,0,0,0,0,0,0,0,0,0,0
5.58028870805387,0.000122291285145369,0.000815021456634365,0.00397718191866613,4.89165140581476e-05,0.000326008582653746,0.00159087276746645,0,0,0,0,0,0,0,0,0,0,0,0
5.59029368577893,0.000130646642933936,0.00085542205804959,0.00409913477075555,5.22586571735743e-05,0.000342168823219836,0.00163965390830222,0,0,0,0,0,0,0,0,0,0,0,0
5.600298663504,0.000139412333121784,0.000897049251980898,0.00422237434665207,5.57649332487137e-05,0.000358819700792359,0.00168894973866083,0,0,0,0,0,0,0,0,0,0,0,0
5.61030364122907,0.000148600691737805,0.000939915791536565,0.00434687657344728,5.94402766951219e-05,0.000375966316614626,0.00173875062937891,0,0,0,0,0,0,0,0,0,0,0,0
5.62030861895413,0.000158224181202814,0.000984034189637276,0.00447261751038553,6.32896724811258e-05,0.00039361367585491,0.00178904700415421,0,0,0,0,0,0,0,0,0,0,0,0
5.6303135966792,0.000168295387933094,0.00102941672033694,0.00459957334859194,6.73181551732374e-05,0.000411766688134778,0.00183982933943678,0,0,0,0,0,0,0,0,0,0,0,0
5.64031857440427,0.000178827019957127,0.00107607542014082,0.00472772041080051,7.15308079828509e-05,0.000430430168056329,0.0018910881643202,0,0,0,0,0,0,0,0,0,0,0,0
5.65032355212933,0.000189831904545517,0.00112402208932088,0.00485703515108219,7.59327618182067e-05,0.000449608835728353,0.00194281406043288,0,0,0,0,0,0,0,0,0,0,0,0
5.6603285298544,0.000201322985854041,0.00117326829322848,0.00498749415457299,8.05291943416163e-05,0.000469307317291391,0.00199499766182919,0,0,0,0,0,0,0,0,0,0,0,0
5.67033350757947,0.000213313322579835,0.00122382536360428,0.005119074137202,8.53253290319341e-05,0.000489530145441713,0.0020476296548808,0,0,0,0,0,0,0,0,0,0,0,0
5.68033848530454,0.000225816085630664,0.00127570439988553,0.00525175194541955,9.03264342522657e-05,0.00051028175995421,0.00210070077816782,0,0,0,0,0,0,0,0,0,0,0,0
5.6903434630296,0.000238844555807258,0.00132891627051048,0.00538550455592522,9.55378223229033e-05,0.000531566508204192,0.00215420182237009,0,0,0,0,0,0,0,0,0,0,0,0
5.70034844075467,0.000252412121498689,0.00138347161422025,0.00552030907539596,0.000100964848599476,0.000553388645688099,0.00220812363015839,0,0,0,0,0,0,0,0,0,0,0,0
5.71035341847973,0.000266532276390755,0.00143938084135782,0.00565614274021417,0.000106612910556302,0.00057575233654313,0.00226245709608567,0,0,0,0,0,0,0,0,0,0,0,0
5.7203583962048,0.00028121861718735,0.00149665413516443,0.00579298291619575,0.00011248744687494,0.000598661654065771,0.0023171931664783,0,0,0,0,0,0,0,0,0,0,0,0
5.73036337392987,0.00029648484134479,0.00155530145307313,0.00593080709831821,0.000118593936537916,0.000622120581229252,0.00237232283932728,0,0,0,0,0,0,0,0,0,0,0,0
5.74036835165493,0.000312344744819067,0.00161533252799975,0.00606959291044877,0.000124937897927627,0.000646133011199899,0.00242783716417951,0,0,0,0,0,0,0,0,0,0,0,0
5.75037332938,0.000328812219826004,0.00167675686963103,0.00620931810507237,0.000131524887930402,0.000670702747852411,0.00248372724202895,0,0,0,0,0,0,0,0,0,0,0,0
5.76037830710507,0.000345901252614288,0.00173958376571009,0.00634996056301984,0.000138360501045715,0.000695833506284036,0.00253998422520793,0,0,0,0,0,0,0,0,0,0,0,0
5.77038328483014,0.000363625921251347,0.00180382228331919,0.00649149829319589,0.000145450368500539,0.000721528913327674,0.00259659931727836,0,0,0,0,0,0,0,0,0,0,0,0
5.7803882625552,0.000382000393422049,0.00186948127015969,0.00663390943230729,0.000152800157368819,0.000747792508063878,0.00265356377292292,0,0,0,0,0,0,0,0,0,0,0,0
5.79039324028027,0.00040103892424019,0.00193656935582943,0.00677717224459084,0.000160415569696076,0.000774627742331773,0.00271086889783634,0,0,0,0,0,0,0,0,0,0,0,0
5.80039821800534,0.000420755854072758,0.00200509495309722,0.00692126512154156,0.000168302341629103,0.000802037981238889,0.00276850604861663,0,0,0,0,0,0,0,0,0,0,0,0
5.8104031957304,0.000441165606376921,0.00207506625917475,0.00706616658164069,0.000176466242550768,0.000830026503669901,0.00282646663265628,0,0,0,0,0,0,0,0,0,0,0,0
5.82040817345547,0.000462282685549738,0.0021464912569857,0.0072118552700838,0.000184913074219895,0.00085859650279428,0.00288474210803352,0,0,0,0,0,0,0,0,0,0,0,0
5.83041315118053,0.000484121674790549,0.00221937771643216,0.00735830995850889,0.000193648669916219,0.000887751086572866,0.00294332398340356,0,0,0,0,0,0,0,0,0,0,0,0
5.8404181289056,0.000506697233976022,0.00229373319565834,0.00750550954472443,0.000202678893590409,0.000917493278263336,0.00300220381788977,0,0,0,0,0,0,0,0,0,0,0,0
5.85042310663067,0.000530024097547832,0.00236956504231151,0.00765343305243748,0.000212009639019133,0.000947826016924602,0.00306137322097499,0,0,0,0,0,0,0,0,0,0,0,0
5.86042808435574,0.000554117072412936,0.00244688039480026,0.00780205963098174,0.000221646828965174,0.000978752157920104,0.00312082385239269,0,0,0,0,0,0,0,0,0,0,0,0
5.8704330620808,0.000578991035856435,0.00252568618355007,0.00795136855504565,0.000231596414342574,0.00101027447342003,0.00318054742201826,0,0,0,0,0,0,0,0,0,0,0,0
5.88043803980587,0.00060466093346697,0.00260598913225607,0.00810133922440048,0.000241864373386788,0.00104239565290243,0.00324053568976019,0,0,0,0,0,0,0,0,0,0,0,0
5.89044301753094,0.000631141777074651,0.00268779575913316,0.00825195116362837,0.00025245671082986,0.00107511830365327,0.00330078046545135,0,0,0,0,0,0,0,0,0,0,0,0
5.900447995256,0.000658448642701467,0.00277111237816337,0.00840318402185045,0.000263379457080587,0.00110844495126535,0.00336127360874018,0,0,0,0,0,0,0,0,0,0,0,0
5.91045297298107,0.000686596668524178,0.00285594510034051,0.00855501757245491,0.000274638667409671,0.00114237804013621,0.00342200702898197,0,0,0,0,0,0,0,0,0,0,0,0
5.92045795070614,0.000715601052849631,0.00294229983491211,0.00870743171282508,0.000286240421139853,0.00117691993396484,0.00348297268513003,0,0,0,0,0,0,0,0,0,0,0,0
5.9304629284312,0.000745477052102498,0.00303018229061859,0.00886040646406749,0.000298190820840999,0.00121207291624744,0.003544162585627,0,0,0,0,0,0,0,0,0,0,0,0
5.94046790615627,0.00077623997882539,0.00311959797692982,0.00901392197074001,0.000310495991530156,0.00124783919077193,0.003605568788296,0,0,0,0,0,0,0,0,0,0,0,0
5.95047288388134,0.000807905199691341,0.00321055220527881,0.00916795850057984,0.000323162079876536,0.00128422088211152,0.00366718340023194,0,0,0,0,0,0,0,0,0,0,0,0
5.9604778616064,0.000840488133528605,0.0033030500902928,0.00932249644423168,0.000336195253411442,0.00132122003611712,0.00372899857769267,0,0,0,0,0,0,0,0,0,0,0,0
5.97048283933147,0.000874004249357775,0.00339709655102159,0.00947751631497577,0.00034960169974311,0.00135883862040863,0.00379100652599031,0,0,0,0,0,0,0,0,0,0,0,0
5.98048781705654,0.000908469064441161,0.0034926963121631,0.00963299874845595,0.000363387625776464,0.00139707852486524,0.00385319949938238,0,0,0,0,0,0,0,0,0,0,0,0
5.9904927947816,0.000943898142344429,0.00358985390528632,0.00978892450240778,0.000377559256937772,0.00143594156211453,0.00391556980096311,0,0,0,0,0,0,0,0,0,0,0,0
6.00049777250667,0.000980307091010452,0.00368857367005143,0.00994527445638661,0.000392122836404181,0.00147542946802057,0.00397810978255465,0,0,0,0,0,0,0,0,0,0,0,0
6.01050275023174,0.00101771156084536,0.00378885975542724,0.0101020296114957,0.000407084624338145,0.0015155439021709,0.00404081184459827,0,0,0,0,0,0,0,0,0,0,0,0
6.0205077279568,0.00105612724281677,0.00389071612090597,0.0102591710901141,0.000422450897126707,0.00155628644836239,0.00410366843604563,0,0,0,0,0,0,0,0,0,0,0,0
6.03051270568187,0.0010955698665641,0.00399414653771516,0.010416680135625,0.000438227946625641,0.00159765861508606,0.00416667205425002,0,0,0,0,0,0,0,0,0,0,0,0
6.04051768340694,0.0011360551985211,0.00409915459002704,0.0105745381121439,0.00045442207940844,0.00163966183601082,0.00422981524485754,0,0,0,0,0,0,0,0,0,0,0,0
6.050522661132,0.00117759904005035,0.00420574367616505,0.010732726504246,0.00047103961602014,0.00168229747046602,0.0042930906016984,0,0,0,0,0,0,0,0,0,0,0,0
6.06052763885707,0.0012202172255899,0.00431391700980768,0.0108912269166952,0.00048808689023596,0.00172556680392307,0.0043564907666781,0,0,0,0,0,0,0,0,0,0,0,0
6.07053261658214,0.00126392562081191,0.0044236776211896,0.0110500210741717,0.000505570248324763,0.00176947104847584,0.00442000842966866,0,0,0,0,0,0,0,0,0,0,0,0
6.0805375943072,0.00130874012079328,0.00453502835830006,0.0112090908209998,0.000523496048317312,0.00181401134332003,0.00448363632839992,0,0,0,0,0,0,0,0,0,0,0,0
6.09054257203227,0.0013546766481983,0.00464797188807857,0.0113684181208767,0.00054187065927932,0.00185918875523143,0.00454736724835069,0,0,0,0,0,0,0,0,0,0,0,0
6.10054754975734,0.00140175115147319,0.00476251069760785,0.0115279850566001,0.000560700460589277,0.00190500427904314,0.00461119402264003,0,0,0,0,0,0,0,0,0,0,0,0
6.1105525274824,0.00144997960305262,0.00487864709530409,0.0116877738297962,0.000579991841221049,0.00195145883812164,0.00467510953191847,0,0,0,0,0,0,0,0,0,0,0,0
6.12055750520747,0.00149937799757808,0.00499638321210443,0.0118477667606481,0.000599751199031232,0.00199855328484177,0.00473910670425922,0,0,0,0,0,0,0,0,0,0,0,0
6.13056248293254,0.00154996235012815,0.00511572100265179,0.0120079462876237,0.000619984940051258,0.00204628840106072,0.00480317851504947,0,0,0,0,0,0,0,0,0,0,0,0
6.1405674606576,0.00160174869446057,0.00523666224647696,0.0121682949672039,0.000640699477784227,0.00209466489859079,0.00486731798688154,0,0,0,0,0,0,0,0,0,0,0,0
6.15057243838267,0.00165475308126618,0.00535920854917791,0.0123287954736104,0.000661901232506473,0.00214368341967116,0.00493151818944415,0,0,0,0,0,0,0,0,0,0,0,0
6.16057741610774,0.00170899157643462,0.00548336134359644,0.0124894305985342,0.000683596630573846,0.00219334453743858,0.00499577223941368,0,0,0,0,0,0,0,0,0,0,0,0
6.1705823938328,0.00176448025933172,0.00560912189099214,0.0126501832508634,0.000705792103732686,0.00224364875639685,0.00506007330034534,0,0,0,0,0,0,0,0,0,0,0,0
6.18058737155787,0.00182123522108876,0.00573649128221351,0.0128110364564111,0.000728494088435504,0.0022945965128854,0.00512441458256446,0,0,0,0,0,0,0,0,0,0,0,0
6.19059234928294,0.00187927256290333,0.00586547043886651,0.0129719733576442,0.000751709025161333,0.0023461881755466,0.00518878934305768,0,0,0,0,0,0,0,0,0,0,0,0
6.200597327008,0.00193860839435189,0.00599606011448025,0.0131329772134105,0.000775443357740754,0.0023984240457921,0.00525319088536422,0,0,0,0,0,0,0,0,0,0,0,0
6.21060230473307,0.00199925883171396,0.00612826089567007,0.0132940313986677,0.000799703532685586,0.00245130435826803,0.00531761255946708,0,0,0,0,0,0,0,0,0,0,0,0
6.22060728245814,0.00206123999630804,0.00626207320329782,0.0134551194042107,0.000824495998523216,0.00250482928131913,0.00538204776168428,0,0,0,0,0,0,0,0,0,0,0,0
6.2306122601832,0.00212456801283895,0.00639749729362947,0.0136162248364003,0.000849827205135579,0.00255899891745179,0.00544648993456013,0,0,0,0,0,0,0,0,0,0,0,0
6.24061723790827,0.00218925900775688,0.00653453325948998,0.013777331416891,0.000875703603102751,0.00261381330379599,0.00551093256675639,0,0,0,0,0,0,0,0,0,0,0,0
6.25062221563334,0.00225532910762793,0.00667318103141543,0.0139384229823589,0.000902131643051171,0.00266927241256617,0.00557536919294355,0,0,0,0,0,0,0,0,0,0,0,0
6.2606271933584,0.00232279443751616,0.00681344037880251,0.0140994834842302,0.000929117775006464,0.002725376151521,0.00563979339369209,0,0,0,0,0,0,0,0,0,0,0,0
6.27063217108347,0.00239167111937713,0.00695531091105512,0.0142604969884091,0.000956668447750851,0.00278212436442205,0.00570419879536363,0,0,0,0,0,0,0,0,0,0,0,0
6.28063714880854,0.0024619752704629,0.0070987920787285,0.0144214476750056,0.00098479010818516,0.0028395168314914,0.00576857907000224,0,0,0,0,0,0,0,0,0,0,0,0
6.2906421265336,0.00253372300173847,0.00724388317467037,0.0145823198380641,0.00101348920069539,0.00289755326986815,0.00583292793522564,0,0,0,0,0,0,0,0,0,0,0,0
6.30064710425867,0.00260693041630962,0.00739058333515955,0.014743097885291,0.00104277216652385,0.00295623333406382,0.00589723915411641,0,0,0,0,0,0,0,0,0,0,0,0
6.31065208198374,0.00268161360786211,0.00753889154104179,0.0149037663377832,0.00107264544314485,0.00301555661641672,0.00596150653511327,0,0,0,0,0,0,0,0,0,0,0,0
6.3206570597088,0.00275778865911227,0.00768880661886284,0.0150643098297557,0.00110311546364491,0.00307552264754514,0.00602572393190229,0,0,0,0,0,0,0,0,0,0,0,0
6.33066203743387,0.00283547164026885,0.00784032724199885,0.0152247131082703,0.00113418865610754,0.00313613089679954,0.00608988524330811,0,0,0,0,0,0,0,0,0,0,0,0
6.34066701515894,0.00291467860750627,0.00799345193178406,0.015384961032963,0.00116587144300251,0.00319738077271362,0.00615398441318518,0,0,0,0,0,0,0,0,0,0,0,0
6.350671992884,0.00299542560144901,0.00814817905863571,0.0155450385757725,0.0011981702405796,0.00325927162345428,0.00621801543030901,0,0,0,0,0,0,0,0,0,0,0,0
6.36067697060907,0.00307772864566732,0.00830450684317629,0.0157049308206684,0.00123109145826693,0.00332180273727051,0.00628197232826738,0,0,0,0,0,0,0,0,0,0,0,0
6.37068194833414,0.00316160374518416,0.00846243335735302,0.0158646229633789,0.00126464149807367,0.00338497334294121,0.00634584918535157,0,0,0,0,0,0,0,0,0,0,0,0
6.3806869260592,0.00324706688499327,0.00862195652555467,0.0160241003111191,0.00129882675399731,0.00344878261022187,0.00640964012444763,0,0,0,0,0,0,0,0,0,0,0,0
6.39069190378427,0.00333413402858843,0.00878307412572559,0.0161833482823189,0.00133365361143537,0.00351322965029023,0.00647333931292757,0,0,0,0,0,0,0,0,0,0,0,0
6.40069688150934,0.00342282111650385,0.00894578379047706,0.0163423524063515,0.00136912844660154,0.00357831351619083,0.00653694096254059,0,0,0,0,0,0,0,0,0,0,0,0
6.4107018592344,0.00351314406486566,0.00911008300819595,0.0165010983232609,0.00140525762594626,0.00364403320327838,0.00660043932930436,0,0,0,0,0,0,0,0,0,0,0,0
6.42070683695947,0.00360511876395449,0.00927596912415054,0.0166595717834905,0.0014420475055818,0.00371038764966022,0.00666382871339621,0,0,0,0,0,0,0,0,0,0,0,0
6.43071181468454,0.00369876107677909,0.00944343934159379,0.0168177586476109,0.00147950443071164,0.00377737573663751,0.00672710345904436,0,0,0,0,0,0,0,0,0,0,0,0
6.4407167924096,0.00379408683766098,0.00961249072286373,0.016975644886048,0.00151763473506439,0.00384499628914549,0.0067902579544192,0,0,0,0,0,0,0,0,0,0,0,0
6.45072177013467,0.00389111185083009,0.00978312019048125,0.0171332165788111,0.00155644474033203,0.0039132480761925,0.00685328663152445,0,0,0,0,0,0,0,0,0,0,0,0
6.46072674785974,0.00398985188903136,0.0099553245282451,0.0172904599152211,0.00159594075561254,0.00398212981129804,0.00691618396608846,0,0,0,0,0,0,0,0,0,0,0,0
6.4707317255848,0.00409032269214231,0.0101291003823242,0.0174473611936385,0.00163612907685693,0.00405164015292967,0.00697894447745541,0,0,0,0,0,0,0,0,0,0,0,0
6.48073670330987,0.00419253996580153,0.0103044442623471,0.0176039068211913,0.00167701598632061,0.00412177770493886,0.00704156272847653,0,0,0,0,0,0,0,0,0,0,0,0
6.49074168103494,0.00429651938004798,0.0104813525424892,0.0177600833135034,0.00171860775201919,0.00419254101699568,0.00710403332540136,0,0,0,0,0,0,0,0,0,0,0,0
6.50074665876,0.00440227656797126,0.0106598214625563,0.0179158772944225,0.0017609106271885,0.00426392858502254,0.00716635091776898,0,0,0,0,0,0,0,0,0,0,0,0
6.51075163648507,0.00450982712437264,0.0108398471290667,0.0180712754957481,0.00180393084974905,0.00433593885162667,0.00722851019829922,0,0,0,0,0,0,0,0,0,0,0,0
6.52075661421014,0.0046191866044369,0.0110214255163292,0.0182262647569598,0.00184767464177476,0.00440857020653167,0.00729050590278391,0,0,0,0,0,0,0,0,0,0,0,0
6.5307615919352,0.004730370522415,0.0112045524675196,0.0183808320249453,0.001892148208966,0.00448182098700784,0.0073523328099781,0,0,0,0,0,0,0,0,0,0,0,0
6.54076656966027,0.00484339435031746,0.0113892236957538,0.0185349643537283,0.00193735774012698,0.00455568947830153,0.00741398574149131,0,0,0,0,0,0,0,0,0,0,0,0
6.55077154738534,0.00495827351661843,0.0115754347851583,0.0186886489041969,0.00198330940664737,0.00463017391406332,0.00747545956167876,0,0,0,0,0,0,0,0,0,0,0,0
6.5607765251104,0.00507502340497055,0.0117631811919379,0.0188418729438314,0.00203000936198822,0.00470527247677518,0.00753674917753256,0,0,0,0,0,0,0,0,0,0,0,0
6.57078150283547,0.0051936593529304,0.0119524582454412,0.0189946238464326,0.00207746374117216,0.00478098329817647,0.00759784953857303,0,0,0,0,0,0,0,0,0,0,0,0
6.58078648056054,0.00531419665069462,0.0121432611492222,0.0191468890918496,0.00212567866027785,0.0048573044596889,0.00765875563673983,0,0,0,0,0,0,0,0,0,0,0,0
6.5907914582856,0.00543665053984667,0.012335584982101,0.0192986562657082,0.00217466021593867,0.00493423399284041,0.00771946250628327,0,0,0,0,0,0,0,0,0,0,0,0
6.60079643601067,0.00556103621211412,0.0125294246992199,0.0194499130591388,0.00222441448484565,0.00501176987968795,0.00777996522365551,0,0,0,0,0,0,0,0,0,0,0,0
6.61080141373574,0.00568736880813655,0.0127247751330977,0.0196006472685045,0.00227494752325462,0.00508991005323909,0.0078402589074018,0,0,0,0,0,0,0,0,0,0,0,0
6.6208063914608,0.00581566341624399,0.0129216309946818,0.0197508467951292,0.0023262653664976,0.00516865239787272,0.00790033871805168,0,0,0,0,0,0,0,0,0,0,0,0
6.63081136918587,0.0059459350712458,0.0131199868743962,0.0199004996450257,0.00237837402849832,0.00524799474975849,0.00796019985801028,0,0,0,0,0,0,0,0,0,0,0,0
6.64081634691094,0.00607819875323013,0.0133198372431881,0.0200495939286238,0.00243127950129205,0.00532793489727525,0.0080198375714495,0,0,0,0,0,0,0,0,0,0,0,0
6.650821324636,0.00621246938637373,0.013521176453571,0.0201981178604981,0.00248498775454949,0.00540847058142838,0.00807924714419925,0,0,0,0,0,0,0,0,0,0,0,0
6.66082630236107,0.00634876183776223,0.0137239987406651,0.0203460597590967,0.00253950473510489,0.00548959949626603,0.00813842390363868,0,0,0,0,0,0,0,0,0,0,0,0
6.67083128008614,0.00648709091622089,0.0139282982232357,0.0204934080464686,0.00259483636648835,0.00557131928929428,0.00819736321858745,0,0,0,0,0,0,0,0,0,0,0,0
6.6808362578112,0.00662747137115554,0.014134068904728,0.0206401512479923,0.00265098854846222,0.00565362756189122,0.0082560604991969,0,0,0,0,0,0,0,0,0,0,0,0
6.69084123553627,0.00676991789140407,0.0143413046742997,0.0207862779921034,0.00270796715656163,0.00573652186971989,0.00831451119684134,0,0,0,0,0,0,0,0,0,0,0,0
6.70084621326134,0.00691444510409808,0.0145499993078505,0.0209317770100231,0.00276577804163923,0.00581999972314022,0.00837271080400924,0,0,0,0,0,0,0,0,0,0,0,0
6.7108511909864,0.00706106757353491,0.0147601464690495,0.0210766371354862,0.00282442702941397,0.00590405858761978,0.0084306548541945,0,0,0,0,0,0,0,0,0,0,0,0
6.72085616871147,0.00720979980005988,0.0149717397103589,0.0212208473044691,0.00288391992002395,0.00598869588414355,0.00848833892178763,0,0,0,0,0,0,0,0,0,0,0,0
6.73086114643654,0.0073606562189588,0.0151847724740563,0.0213643965549176,0.00294426248758352,0.0060739089896225,0.00854575862196704,0,0,0,0,0,0,0,0,0,0,0,0
6.7408661241616,0.00751365119936064,0.0153992380932529,0.0215072740264756,0.00300546047974425,0.00615969523730115,0.00860290961059025,0,0,0,0,0,0,0,0,0,0,0,0
6.75087110188667,0.00766879904315044,0.01561512979291,0.0216494689602128,0.00306751961726018,0.00624605191716401,0.00865978758408511,0,0,0,0,0,0,0,0,0,0,0,0
6.76087607961174,0.00782611398389236,0.0158324406908524,0.0217909706983526,0.00313044559355694,0.00633297627634096,0.00871638827934103,0,0,0,0,0,0,0,0,0,0,0,0
6.7708810573368,0.00798561018576277,0.0160511637987787,0.0219317686840006,0.00319424407430511,0.00642046551951148,0.00877270747360025,0,0,0,0,0,0,0,0,0,0,0,0
6.78088603506187,0.0081473017424936,0.0162712920232698,0.0220718524608725,0.00325892069699744,0.0065085168093079,0.00882874098434902,0,0,0,0,0,0,0,0,0,0,0,0
6.79089101278694,0.00831120267632557,0.0164928181667936,0.0222112116730222,0.00332448107053023,0.00659712726671744,0.00888448466920887,0,0,0,0,0,0,0,0,0,0,0,0
6.800895990512,0.00847732693697164,0.0167157349287081,0.0223498360645696,0.00339093077478866,0.00668629397148322,0.00893993442582784,0,0,0,0,0,0,0,0,0,0,0,0
6.81090096823707,0.00864568840059038,0.0169400349062606,0.0224877154794292,0.00345827536023615,0.00677601396250425,0.00899508619177169,0,0,0,0,0,0,0,0,0,0,0,0
6.82090594596214,0.0088163008687693,0.0171657105955854,0.0226248398610379,0.00352652034750772,0.00686628423823416,0.00904993594441515,0,0,0,0,0,0,0,0,0,0,0,0
6.8309109236872,0.00898917806751826,0.0173927543926975,0.0227611992520829,0.0035956712270073,0.00695710175707902,0.00910447970083315,0,0,0,0,0,0,0,0,0,0,0,0
6.84091590141227,0.00916433364627269,0.0176211585944849,0.0228967837942301,0.00366573345850908,0.00704846343779396,0.00915871351769204,0,0,0,0,0,0,0,0,0,0,0,0
6.85092087913734,0.00934178117690682,0.0178509153996969,0.0230315837278521,0.00373671247076273,0.00714036615987875,0.00921263349114086,0,0,0,0,0,0,0,0,0,0,0,0
6.8609258568624,0.00952153415275668,0.0180820169099307,0.0231655893917563,0.00380861366110267,0.00723280676397228,0.0092662357567025,0,0,0,0,0,0,0,0,0,0,0,0
6.87093083458747,0.00970360598765309,0.0183144551306149,0.0232987912229126,0.00388144239506124,0.00732578205224595,0.00931951648916502,0,0,0,0,0,0,0,0,0,0,0,0
6.88093581231254,0.00988801001496436,0.0185482219719899,0.023431179756182,0.00395520400598575,0.00741928878879595,0.00937247190247282,0,0,0,0,0,0,0,0,0,0,0,0
6.8909407900376,0.0100747594866488,0.0187833092500863,0.0235627456240447,0.00402990379465953,0.00751332370003452,0.00942509824961789,0,0,0,0,0,0,0,0,0,0,0,0
6.90094576776267,0.0102638675723172,0.0190197086877001,0.0236934795563276,0.00410554702892687,0.00760788347508003,0.00947739182253104,0,0,0,0,0,0,0,0,0,0,0,0
6.91095074548774,0.0104553473583045,0.0192574119153651,0.0238233723799329,0.0041821389433218,0.00770296476614604,0.00952934895197317,0,0,0,0,0,0,0,0,0,0,0,0
6.9209557232128,0.0106492118467521,0.0194964104723232,0.023952415018566,0.00425968473870084,0.00779856418892927,0.00958096600742642,0,0,0,0,0,0,0,0,0,0,0,0
6.93096070093787,0.0108454739546989,0.019736695807491,0.0240805984924637,0.00433818958187957,0.0078946783229964,0.00963223939698549,0,0,0,0,0,0,0,0,0,0,0,0
6.94096567866294,0.0110441465131826,0.0199782592804248,0.024207913918122,0.00441765860527305,0.00799130371216993,0.00968316556724881,0,0,0,0,0,0,0,0,0,0,0,0
6.95097065638801,0.0112452422663505,0.0202210921622819,0.0243343525080245,0.00449809690654019,0.00808843686491277,0.0097337410032098,0,0,0,0,0,0,0,0,0,0,0,0
6.96097563411307,0.0114487738705796,0.0204651856367798,0.0244599055703703,0.00457950954823186,0.00818607425471191,0.00978396222814812,0,0,0,0,0,0,0,0,0,0,0,0
6.97098061183814,0.0116547538936071,0.0207105308011523,0.0245845645088021,0.00466190155744284,0.00828421232046092,0.00983382580352085,0,0,0,0,0,0,0,0,0,0,0,0
6.9809855895632,0.0118631948136692,0.0209571186671033,0.0247083208221344,0.0047452779254677,0.00838284746684131,0.00988332832885377,0,0,0,0,0,0,0,0,0,0,0,0
6.99099056728827,0.0120741090186509,0.0212049401617574,0.0248311661040814,0.00482964360746034,0.00848197606470296,0.00993246644163257,0,0,0,0,0,0,0,0,0,0,0,0
7.00099554501334,0.0122875088052436,0.0214539861286081,0.0249530920429852,0.00491500352209745,0.00858159445144324,0.0099812368171941,0,0,0,0,0,0,0,0,0,0,0,0
7.0110005227384,0.0125034063781142,0.0217042473284633,0.0250740904215439,0.00500136255124569,0.00868169893138531,0.0100296361686176,0,0,0,0,0,0,0,0,0,0,0,0
7.02100550046347,0.0127218138490816,0.0219557144403877,0.0251941531165395,0.00508872553963266,0.00878228577615506,0.0100776612466158,0,0,0,0,0,0,0,0,0,0,0,0
7.03101047818854,0.0129427432363042,0.0222083780626429,0.0253132720985662,0.00517709729452167,0.00888335122505717,0.0101253088394265,0,0,0,0,0,0,0,0,0,0,0,0
7.04101545591361,0.0131662064634756,0.0224622287136249,0.0254314394317584,0.00526648258539024,0.00898489148544996,0.0101725757727034,0,0,0,0,0,0,0,0,0,0,0,0
7.05102043363867,0.0133922153590309,0.022717256832798,0.0255486472735188,0.00535688614361235,0.00908690273311922,0.0102194589094075,0,0,0,0,0,0,0,0,0,0,0,0
7.06102541136374,0.0136207816553609,0.0229734527816272,0.0256648878742463,0.00544831266214438,0.00918938111265089,0.0102659551496985,0,0,0,0,0,0,0,0,0,0,0,0
7.07103038908881,0.0138519169880372,0.0232308068445068,0.0257801535770644,0.00554076679521488,0.00929232273780273,0.0103120614308258,0,0,0,0,0,0,0,0,0,0,0,0
7.08103536681387,0.0140856328950449,0.023489309229687,0.0258944368175491,0.00563425315801795,0.00939572369187481,0.0103577747270196,0,0,0,0,0,0,0,0,0,0,0,0
7.09104034453894,0.014321940816026,0.0237489500701976,0.0260077301234569,0.00572877632641039,0.00949958002807903,0.0104030920493828,0,0,0,0,0,0,0,0,0,0,0,0
7.101045322264,0.0145608520915311,0.0240097194247685,0.0261200261144531,0.00582434083661246,0.00960388776990739,0.0104480104457812,0,0,0,0,0,0,0,0,0,0,0,0
7.11105029998907,0.0148023779622811,0.0242716072787484,0.0262313175018396,0.00592095118491242,0.00970864291149934,0.0104925270007358,0,0,0,0,0,0,0,0,0,0,0,0
7.12105527771414,0.0150465295684368,0.0245346035450198,0.0263415970882833,0.0060186118273747,0.00981384141800794,0.0105366388353133,0,0,0,0,0,0,0,0,0,0,0,0
7.13106025543921,0.0152933179488791,0.0247986980649123,0.0264508577675439,0.00611732717955165,0.00991947922596492,0.0105803431070176,0,0,0,0,0,0,0,0,0,0,0,0
7.14106523316427,0.0155427540404977,0.0250638806091119,0.0265590925242022,0.00621710161619908,0.0100255522436448,0.0106236370096809,0,0,0,0,0,0,0,0,0,0,0,0
7.15107021088934,0.0157948486774883,0.0253301408785689,0.026666294433388,0.00631793947099532,0.0101320563514276,0.0106665177733552,0,0,0,0,0,0,0,0,0,0,0,0
7.16107518861441,0.0160496125906599,0.0255974685054021,0.0267724566605083,0.00641984503626397,0.0102389874021609,0.0107089826642033,0,0,0,0,0,0,0,0,0,0,0,0
7.17108016633947,0.0163070564067506,0.0258658530538012,0.0268775724609754,0.00652282256270025,0.0103463412215205,0.0107510289843902,0,0,0,0,0,0,0,0,0,0,0,0
7.18108514406454,0.0165671906477522,0.026135284020925,0.0269816351799347,0.00662687625910089,0.01045411360837,0.0107926540719739,0,0,0,0,0,0,0,0,0,0,0,0
7.19109012178961,0.0168300257302444,0.026405750837799,0.0270846382519934,0.00673201029209775,0.0105623003351196,0.0108338553007973,0,0,0,0,0,0,0,0,0,0,0,0
7.20109509951467,0.0170955719647373,0.0266772428702079,0.0271865752009477,0.0068382287858949,0.0106708971480832,0.0108746300803791,0,0,0,0,0,0,0,0,0,0,0,0
7.21110007723974,0.0173638395550233,0.0269497494195876,0.0272874396395118,0.0069455358220093,0.010779899767835,0.0109149758558047,0,0,0,0,0,0,0,0,0,0,0,0
7.22110505496481,0.0176348385975377,0.0272232597239128,0.0273872252690453,0.00705393543901508,0.0108893038895651,0.0109548901076181,0,0,0,0,0,0,0,0,0,0,0,0
7.23111003268987,0.0179085790807283,0.0274977629585828,0.0274859258792816,0.00716343163229133,0.0109991051834331,0.0109943703517126,0,0,0,0,0,0,0,0,0,0,0,0
7.24111501041494,0.0181850708844336,0.0277732482373044,0.0275835353480559,0.00727402835377346,0.0111092992949218,0.0110334141392224,0,0,0,0,0,0,0,0,0,0,0,0
7.25111998814001,0.0184643237792701,0.0280497046129718,0.0276800476410333,0.00738572951170803,0.0112198818451887,0.0110720190564133,0,0,0,0,0,0,0,0,0,0,0,0
7.26112496586507,0.0187463474260279,0.0283271210785438,0.0277754568114369,0.00749853897041116,0.0113308484314175,0.0111101827245747,0,0,0,0,0,0,0,0,0,0,0,0
7.27112994359014,0.0190311513750761,0.0286054865679191,0.0278697569997757,0.00761246055003042,0.0114421946271676,0.0111479027999103,0,0,0,0,0,0,0,0,0,0,0,0
7.28113492131521,0.0193187450657756,0.0288847899568076,0.0279629424335731,0.00772749802631025,0.011553915982723,0.0111851769734292,0,0,0,0,0,0,0,0,0,0,0,0
7.29113989904027,0.0196091378259019,0.0291650200635999,0.0280550074270944,0.00784365513036074,0.01166600802544,0.0112220029708378,0,0,0,0,0,0,0,0,0,0,0,0
7.30114487676534,0.0199023388710752,0.0294461656502338,0.0281459463810755,0.00796093554843006,0.0117784662600935,0.0112583785524302,0,0,0,0,0,0,0,0,0,0,0,0
7.31114985449041,0.0201983573042006,0.029728215423058,0.0282357537824505,0.00807934292168024,0.0118912861692232,0.0112943015129802,0,0,0,0,0,0,0,0,0,0,0,0
7.32115483221547,0.020497202114916,0.0300111580336931,0.0283244242040799,0.00819888084596639,0.0120044632134772,0.0113297696816319,0,0,0,0,0,0,0,0,0,0,0,0
7.33115980994054,0.0207988821790487,0.03029498207989,0.0284119523044789,0.00831955287161946,0.012117992831956,0.0113647809217915,0,0,0,0,0,0,0,0,0,0,0,0
7.34116478766561,0.0211034062580808,0.0305796761063857,0.0284983328275452,0.00844136250323232,0.0122318704425543,0.0113993331310181,0,0,0,0,0,0,0,0,0,0,0,0
7.35116976539067,0.0214107829986233,0.0308652286057557,0.0285835606022872,0.00856431319944933,0.0123460914423023,0.0114334242409149,0,0,0,0,0,0,0,0,0,0,0,0
7.36117474311574,0.0217210209318981,0.0311516280192648,0.0286676305425522,0.00868840837275925,0.0124606512077059,0.0114670522170209,0,0,0,0,0,0,0,0,0,0,0,0
7.37117972084081,0.0220341284732292,0.031438862737714,0.0287505376467543,0.00881365138929168,0.0125755450950856,0.0115002150587017,0,0,0,0,0,0,0,0,0,0,0,0
7.38118469856587,0.0223501139215418,0.0317269211022857,0.0288322769976024,0.00894004556861671,0.0126907684409143,0.011532910799041,0,0,0,0,0,0,0,0,0,0,0,0
7.39118967629094,0.0226689854588701,0.032015791405385,0.0289128437618286,0.00906759418354805,0.012806316562154,0.0115651375047315,0,0,0,0,0,0,0,0,0,0,0,0
7.40119465401601,0.0229907511498739,0.0323054618914799,0.0289922331899161,0.00919630045994955,0.012922184756592,0.0115968932759664,0,0,0,0,0,0,0,0,0,0,0,0
7.41119963174107,0.0233154189413624,0.0325959207579374,0.0290704406158272,0.00932616757654497,0.0130383683031749,0.0116281762463309,0,0,0,0,0,0,0,0,0,0,0,0
7.42120460946614,0.023642996661828,0.032887156155857,0.0291474614567314,0.00945719866473119,0.0131548624623428,0.0116589845826925,0,0,0,0,0,0,0,0,0,0,0,0
7.43120958719121,0.0239734920209868,0.0331791561909026,0.0292232912127336,0.00958939680839472,0.013271662476361,0.0116893164850935,0,0,0,0,0,0,0,0,0,0,0,0
7.44121456491627,0.0243069126093287,0.0334719089241302,0.0292979254666024,0.00972276504373147,0.0133887635696521,0.0117191701866409,0,0,0,0,0,0,0,0,0,0,0,0
7.45121954264134,0.0246432658976749,0.0337654023728141,0.0293713598834974,0.00985730635906996,0.0135061609491256,0.011748543953399,0,0,0,0,0,0,0,0,0,0,0,0
7.46122452036641,0.0249825592367442,0.0340596245112695,0.0294435902106982,0.00999302369469767,0.0136238498045078,0.0117774360842793,0,0,0,0,0,0,0,0,0,0,0,0
7.47122949809147,0.0253247998567271,0.034354563271673,0.0295146122773319,0.0101299199426909,0.0137418253086692,0.0118058449109328,0,0,0,0,0,0,0,0,0,0,0,0
7.48123447581654,0.0256699948668686,0.03465020654488,0.0295844219941014,0.0102679979467475,0.013860082617952,0.0118337687976405,0,0,0,0,0,0,0,0,0,0,0,0
7.49123945354161,0.0260181512550585,0.0349465421812395,0.0296530153530133,0.0104072605020234,0.0139786168724958,0.0118612061412053,0,0,0,0,0,0,0,0,0,0,0,0
7.50124443126667,0.0263692758874303,0.0352435579914062,0.0297203884271062,0.0105477103549721,0.0140974231965625,0.0118881553708425,0,0,0,0,0,0,0,0,0,0,0,0
7.51124940899174,0.0267233755079685,0.0355412417471498,0.0297865373701789,0.0106893502031874,0.0142164966988599,0.0119146149480716,0,0,0,0,0,0,0,0,0,0,0,0
7.52125438671681,0.0270804567381229,0.0358395811821618,0.0298514584165179,0.0108321826952491,0.0143358324728647,0.0119405833666072,0,0,0,0,0,0,0,0,0,0,0,0
7.53125936444187,0.0274405260764322,0.0361385639928593,0.0299151478806261,0.0109762104305729,0.0144554255971437,0.0119660591522504,0,0,0,0,0,0,0,0,0,0,0,0
7.54126434216694,0.0278035898981549,0.0364381778391863,0.0299776021569505,0.0111214359592619,0.0145752711356745,0.0119910408627802,0,0,0,0,0,0,0,0,0,0,0,0
7.55126931989201,0.0281696544549084,0.036738410345412,0.0300388177196105,0.0112678617819634,0.0146953641381648,0.0120155270878442,0,0,0,0,0,0,0,0,0,0,0,0
7.56127429761707,0.028538725874316,0.0370392491009267,0.0300987911221259,0.0114154903497264,0.0148156996403707,0.0120395164488504,0,0,0,0,0,0,0,0,0,0,0,0
7.57127927534214,0.0289108101596619,0.0373406816610349,0.0301575189971449,0.0115643240638648,0.014936272664414,0.012063007598858,0,0,0,0,0,0,0,0,0,0,0,0
7.58128425306721,0.0292859131895544,0.0376426955477454,0.0302149980561724,0.0117143652758218,0.0150570782190981,0.012085999222469,0,0,0,0,0,0,0,0,0,0,0,0
7.59128923079227,0.0296640407175963,0.037945278250559,0.0302712250892978,0.0118656162870385,0.0151781113002236,0.0121084900357191,0,0,0,0,0,0,0,0,0,0,0,0
7.60129420851734,0.0300451983720637,0.0382484172272536,0.0303261969649232,0.0120180793488255,0.0152993668909014,0.0121304787859693,0,0,0,0,0,0,0,0,0,0,0,0
7.61129918624241,0.0304293916555929,0.0385520999046659,0.0303799106294916,0.0121717566622372,0.0154208399618664,0.0121519642517967,0,0,0,0,0,0,0,0,0,0,0,0
7.62130416396747,0.0308166259448743,0.0388563136794713,0.0304323631072149,0.0123266503779497,0.0155425254717885,0.012172945242886,0,0,0,0,0,0,0,0,0,0,0,0
7.63130914169254,0.0312069064903546,0.0391610459189604,0.0304835514998019,0.0124827625961418,0.0156644183675842,0.0121934205999208,0,0,0,0,0,0,0,0,0,0,0,0
7.64131411941761,0.0316002384159469,0.0394662839618129,0.0305334729861864,0.0126400953663787,0.0157865135847251,0.0122133891944746,0,0,0,0,0,0,0,0,0,0,0,0
7.65131909714267,0.031996626718748,0.039772015118869,0.0305821248222554,0.0127986506874992,0.0159088060475476,0.0122328499289022,0,0,0,0,0,0,0,0,0,0,0,0
7.66132407486774,0.0323960762687641,0.0400782266738979,0.030629504340577,0.0129584305075056,0.0160312906695592,0.0122518017362308,0,0,0,0,0,0,0,0,0,0,0,0
7.67132905259281,0.0327985918086433,0.0403849058843638,0.0306756089501288,0.0131194367234573,0.0161539623537455,0.0122702435800515,0,0,0,0,0,0,0,0,0,0,0,0
7.68133403031787,0.0332041779534167,0.0406920399821888,0.0307204361360256,0.0132816711813667,0.0162768159928755,0.0122881744544102,0,0,0,0,0,0,0,0,0,0,0,0
7.69133900804294,0.0336128391902465,0.0409996161745134,0.0307639834592475,0.0134451356760986,0.0163998464698054,0.012305593383699,0,0,0,0,0,0,0,0,0,0,0,0
7.70134398576801,0.0340245798781816,0.0413076216444541,0.0308062485563685,0.0136098319512726,0.0165230486577817,0.0123224994225474,0,0,0,0,0,0,0,0,0,0,0,0
7.71134896349307,0.0344394042479213,0.0416160435518584,0.030847229139284,0.0137757616991685,0.0166464174207434,0.0123388916557136,0,0,0,0,0,0,0,0,0,0,0,0
7.72135394121814,0.0348573164015864,0.0419248690340571,0.030886922994939,0.0139429265606346,0.0167699476136228,0.0123547691979756,0,0,0,0,0,0,0,0,0,0,0,0
7.73135891894321,0.0352783203124973,0.0422340852066136,0.0309253279850564,0.0141113281249989,0.0168936340826454,0.0123701311940225,0,0,0,0,0,0,0,0,0,0,0,0
7.74136389666827,0.03570241982496,0.0425436791640709,0.0309624420458649,0.014280967929984,0.0170174716656284,0.012384976818346,0,0,0,0,0,0,0,0,0,0,0,0
7.75136887439334,0.0361296186540599,0.0428536379806957,0.0309982631878272,0.014451847461624,0.0171414551922783,0.0123993052751309,0,0,0,0,0,0,0,0,0,0,0,0
7.76137385211841,0.0365599203854622,0.0431639487112195,0.031032789495368,0.0146239681541849,0.0172655794844878,0.0124131157981472,0,0,0,0,0,0,0,0,0,0,0,0
7.77137882984347,0.0369933284752204,0.0434745983915774,0.0310660191266019,0.0147973313900882,0.0173898393566309,0.0124264076506408,0,0,0,0,0,0,0,0,0,0,0,0
7.78138380756854,0.0374298462495919,0.0437855740396439,0.031097950313062,0.0149719384998368,0.0175142296158576,0.0124391801252248,0,0,0,0,0,0,0,0,0,0,0,0
7.79138878529361,0.0378694769048609,0.0440968626559665,0.0311285813594274,0.0151477907619443,0.0176387450623866,0.012451432543771,0,0,0,0,0,0,0,0,0,0,0,0
7.80139376301867,0.0383122235071686,0.0444084512244955,0.0311579106432517,0.0153248894028674,0.0177633804897982,0.0124631642573007,0,0,0,0,0,0,0,0,0,0,0,0
7.81139874074374,0.0387580889923511,0.0447203267133121,0.0311859366146908,0.0155032355969405,0.0178881306853248,0.0124743746458763,0,0,0,0,0,0,0,0,0,0,0,0
7.82140371846881,0.0392070761657842,0.0450324760753535,0.0312126577962311,0.0156828304663137,0.0180129904301414,0.0124850631184924,0,0,0,0,0,0,0,0,0,0,0,0
7.83140869619387,0.0396591877022349,0.0453448862491351,0.0312380727824176,0.015863675080894,0.018137954499654,0.012495229112967,0,0,0,0,0,0,0,0,0,0,0,0
7.84141367391894,0.0401144261457217,0.0456575441594702,0.031262180239582,0.0160457704582887,0.0182630176637881,0.0125048720958328,0,0,0,0,0,0,0,0,0,0,0,0
7.85141865164401,0.0405727939093804,0.0459704367181864,0.0312849789055707,0.0162291175637522,0.0183881746872746,0.0125139915622283,0,0,0,0,0,0,0,0,0,0,0,0
7.86142362936907,0.0410342932753378,0.0462835508248406,0.031306467589473,0.0164137173101351,0.0185134203299362,0.0125225870357892,0,0,0,0,0,0,0,0,0,0,0,0
7.87142860709414,0.0414989263945929,0.0465968733674294,0.031326645171349,0.0165995705578372,0.0186387493469718,0.0125306580685396,0,0,0,0,0,0,0,0,0,0,0,0
7.88143358481921,0.0419666952869044,0.0469103912230988,0.0313455106019579,0.0167866781147618,0.0187641564892395,0.0125382042407831,0,0,0,0,0,0,0,0,0,0,0,0
7.89143856254427,0.0424376018406857,0.0472240912588494,0.0313630629024857,0.0169750407362743,0.0188896365035398,0.0125452251609943,0,0,0,0,0,0,0,0,0,0,0,0
7.90144354026934,0.0429116478129072,0.0475379603322401,0.0313793011642738,0.0171646591251629,0.019015184132896,0.0125517204657095,0,0,0,0,0,0,0,0,0,0,0,0
7.91144851799441,0.0433888348290051,0.0478519852920884,0.0313942245485468,0.0173555339316021,0.0191407941168354,0.0125576898194187,0,0,0,0,0,0,0,0,0,0,0,0
7.92145349571947,0.0438691643827974,0.0481661529791684,0.0314078322861406,0.017547665753119,0.0192664611916674,0.0125631329144562,0,0,0,0,0,0,0,0,0,0,0,0
7.93145847344454,0.0443526378364072,0.0484804502269058,0.0314201236772303,0.0177410551345629,0.0193921800907623,0.0125680494708921,0,0,0,0,0,0,0,0,0,0,0,0
7.94146345116961,0.0448392564201921,0.0487948638620704,0.0314310980910588,0.0179357025680768,0.0195179455448282,0.0125724392364235,0,0,0,0,0,0,0,0,0,0,0,0
7.95146842889467,0.0453290212326818,0.0491093807054655,0.0314407549656641,0.0181316084930727,0.0196437522821862,0.0125763019862657,0,0,0,0,0,0,0,0,0,0,0,0
7.96147340661974,0.0458219332405212,0.0494239875726152,0.0314490938076084,0.0183287732962085,0.0197695950290461,0.0125796375230433,0,0,0,0,0,0,0,0,0,0,0,0
7.97147838434481,0.0463179932784213,0.0497386712744482,0.031456114191705,0.0185271973113685,0.0198954685097793,0.012582445676682,0,0,0,0,0,0,0,0,0,0,0,0
7.98148336206987,0.0468172020491167,0.0500534186179796,0.0314618157607475,0.0187268808196467,0.0200213674471918,0.012584726304299,0,0,0,0,0,0,0,0,0,0,0,0
7.99148833979494,0.0473195601233295,0.0503682164069896,0.0314661982252371,0.0189278240493318,0.0201472865627958,0.0125864792900948,0,0,0,0,0,0,0,0,0,0,0,0
8.00149331752001,0.0478250679397409,0.0506830514426997,0.031469261363111,0.0191300271758964,0.0202732205770799,0.0125877045452444,0,0,0,0,0,0,0,0,0,0,0,0
8.01149829524507,0.0483337258049683,0.0509979105244456,0.0314710050194705,0.0193334903219873,0.0203991642097782,0.0125884020077882,0,0,0,0,0,0,0,0,0,0,0,0
8.02150327297014,0.0488455338935502,0.0513127804503483,0.0314714291063089,0.0195382135574201,0.0205251121801393,0.0125885716425236,0,0,0,0,0,0,0,0,0,0,0,0
8.03150825069521,0.0493604922479374,0.0516276480179816,0.0314705336022397,0.0197441968991749,0.0206510592071926,0.0125882134408959,0,0,0,0,0,0,0,0,0,0,0,0
8.04151322842027,0.0498786007784907,0.0519425000250377,0.0314683185522249,0.0199514403113963,0.0207770000100151,0.01258732742089,0,0,0,0,0,0,0,0,0,0,0,0
8.05151820614534,0.0503998592634854,0.0522573232699893,0.0314647840673026,0.0201599437053941,0.0209029293079957,0.012585913626921,0,0,0,0,0,0,0,0,0,0,0,0
8.06152318387041,0.0509242673491225,0.0525721045527494,0.0314599303243154,0.020369706939649,0.0210288418210998,0.0125839721297262,0,0,0,0,0,0,0,0,0,0,0,0
8.07152816159547,0.0514518245495465,0.0528868306753284,0.0314537575656385,0.0205807298198186,0.0211547322701313,0.0125815030262554,0,0,0,0,0,0,0,0,0,0,0,0
8.08153313932054,0.0519825302468694,0.0532014884424883,0.0314462660989076,0.0207930120987478,0.0212805953769953,0.012578506439563,0,0,0,0,0,0,0,0,0,0,0,0
8.09153811704561,0.0525163836912016,0.0535160646623945,0.0314374562967472,0.0210065534764806,0.0214064258649578,0.0125749825186989,0,0,0,0,0,0,0,0,0,0,0,0
8.10154309477067,0.0530533840006892,0.0538305461472642,0.0314273285964984,0.0212213536002757,0.0215322184589057,0.0125709314385994,0,0,0,0,0,0,0,0,0,0,0,0
8.11154807249574,0.053593530161558,0.0541449197140131,0.0314158834999472,0.0214374120646232,0.0216579678856052,0.0125663533999789,0,0,0,0,0,0,0,0,0,0,0,0
8.12155305022081,0.0541368210281632,0.0544591721848982,0.0314031215730527,0.0216547284112653,0.0217836688739593,0.0125612486292211,0,0,0,0,0,0,0,0,0,0,0,0
8.13155802794588,0.0546832553230467,0.0547732903881591,0.0313890434456748,0.0218733021292187,0.0219093161552636,0.0125556173782699,0,0,0,0,0,0,0,0,0,0,0,0
8.14156300567094,0.0552328316369995,0.0550872611586554,0.0313736498113024,0.0220931326547998,0.0220349044634622,0.012549459924521,0,0,0,0,0,0,0,0,0,0,0,0
8.15156798339601,0.0557855484291317,0.0554010713385024,0.0313569414267819,0.0223142193716527,0.0221604285354009,0.0125427765707128,0,0,0,0,0,0,0,0,0,0,0,0
8.16157296112107,0.0563414040269479,0.0557147077777032,0.0313389191120447,0.0225365616107791,0.0222858831110813,0.0125355676448179,0,0,0,0,0,0,0,0,0,0,0,0
8.17157793884614,0.0569003966264292,0.0560281573347792,0.0313195837498355,0.0227601586505717,0.0224112629339117,0.0125278334999342,0,0,0,0,0,0,0,0,0,0,0,0
8.18158291657121,0.057462524292122,0.0563414068773962,0.0312989362854405,0.0229850097168488,0.0225365627509585,0.0125195745141762,0,0,0,0,0,0,0,0,0,0,0,0
8.19158789429627,0.0580277849572322,0.0566544432829896,0.0312769777264154,0.0232111139828929,0.0226617773131959,0.0125107910905662,0,0,0,0,0,0,0,0,0,0,0,0
8.20159287202134,0.0585961764237262,0.0569672534393858,0.0312537091423134,0.0234384705694905,0.0227869013757543,0.0125014836569254,0,0,0,0,0,0,0,0,0,0,0,0
8.21159784974641,0.0591676963624378,0.0572798242454209,0.0312291316644135,0.0236670785449751,0.0229119296981683,0.0124916526657654,0,0,0,0,0,0,0,0,0,0,0,0
8.22160282747148,0.059742342313182,0.0575921426115569,0.0312032464854482,0.0238969369252728,0.0230368570446228,0.0124812985941793,0,0,0,0,0,0,0,0,0,0,0,0
8.23160780519654,0.0603201116848735,0.0579041954604959,0.0311760548593321,0.0241280446739494,0.0231616781841983,0.0124704219437328,0,0,0,0,0,0,0,0,0,0,0,0
8.24161278292161,0.0609010017556531,0.0582159697277897,0.0311475581008893,0.0243604007022612,0.0232863878911159,0.0124590232403557,0,0,0,0,0,0,0,0,0,0,0,0
8.25161776064667,0.0614850096730186,0.0585274523624489,0.0311177575855822,0.0245940038692075,0.0234109809449796,0.0124471030342329,0,0,0,0,0,0,0,0,0,0,0,0
8.26162273837174,0.0620721324539631,0.0588386303275476,0.0310866547492393,0.0248288529815852,0.023535452131019,0.0124346618996957,0,0,0,0,0,0,0,0,0,0,0,0
8.27162771609681,0.0626623669851182,0.0591494906008262,0.0310542510877829,0.0250649467940473,0.0236597962403305,0.0124217004351132,0,0,0,0,0,0,0,0,0,0,0,0
8.28163269382187,0.0632557100229039,0.0594600201752911,0.0310205481569578,0.0253022840091616,0.0237840080701164,0.0124082192627831,0,0,0,0,0,0,0,0,0,0,0,0
8.29163767154694,0.0638521581936846,0.0597702060598123,0.0309855475720589,0.0255408632774738,0.0239080824239249,0.0123942190288236,0,0,0,0,0,0,0,0,0,0,0,0
8.30164264927201,0.0644517079939303,0.0600800352797174,0.0309492510076597,0.0257806831975721,0.024032014111887,0.0123797004030639,0,0,0,0,0,0,0,0,0,0,0,0
8.31164762699708,0.0650543557903847,0.0603894948773835,0.03091166019734,0.0260217423161539,0.0241557979509534,0.012364664078936,0,0,0,0,0,0,0,0,0,0,0,0
8.32165260472214,0.0656600978202386,0.0606985719128262,0.0308727769334142,0.0262640391280954,0.0242794287651305,0.0123491107733657,0,0,0,0,0,0,0,0,0,0,0,0
8.33165758244721,0.0662689301913089,0.0610072534642857,0.0308326030666593,0.0265075720765236,0.0244029013857143,0.0123330412266637,0,0,0,0,0,0,0,0,0,0,0,0
8.34166256017227,0.0668808488822244,0.0613155266288108,0.0307911405060429,0.0267523395528898,0.0245262106515243,0.0123164562024172,0,0,0,0,0,0,0,0,0,0,0,0
8.35166753789734,0.0674958497426166,0.0616233785228391,0.0307483912184516,0.0269983398970467,0.0246493514091356,0.0122993564873806,0,0,0,0,0,0,0,0,0,0,0,0
8.36167251562241,0.0681139284933168,0.0619307962827758,0.0307043572284187,0.0272455713973267,0.0247723185131103,0.0122817428913675,0,0,0,0,0,0,0,0,0,0,0,0
8.37167749334747,0.0687350807265585,0.0622377670655685,0.0306590406178525,0.0274940322906234,0.0248951068262274,0.012263616247141,0,0,0,0,0,0,0,0,0,0,0,0
8.38168247107254,0.0693593019061857,0.0625442780492801,0.0306124435257643,0.0277437207624743,0.0250177112197121,0.0122449774103057,0,0,0,0,0,0,0,0,0,0,0,0
8.39168744879761,0.0699865873678676,0.0628503164336592,0.0305645681479965,0.027994634947147,0.0251401265734637,0.0122258272591986,0,0,0,0,0,0,0,0,0,0,0,0
8.40169242652268,0.0706169323193177,0.0631558694407063,0.0305154167369507,0.0282467729277271,0.0252623477762825,0.0122061666947803,0,0,0,0,0,0,0,0,0,0,0,0
8.41169740424774,0.0712503318405198,0.0634609243152396,0.0304649916013158,0.0285001327362079,0.0253843697260958,0.0121859966405263,0,0,0,0,0,0,0,0,0,0,0,0
8.42170238197281,0.0718867808839586,0.0637654683254554,0.030413295105796,0.0287547123535834,0.0255061873301822,0.0121653180423184,0,0,0,0,0,0,0,0,0,0,0,0
8.43170735969787,0.072526274274857,0.0640694887634885,0.0303603296708391,0.0290105097099428,0.0256277955053954,0.0121441318683356,0,0,0,0,0,0,0,0,0,0,0,0
8.44171233742294,0.0731688067114177,0.0643729729459677,0.030306097772364,0.0292675226845671,0.0257491891783871,0.0121224391089456,0,0,0,0,0,0,0,0,0,0,0,0
8.45171731514801,0.0738143727650718,0.0646759082145696,0.0302506019414895,0.0295257491060287,0.0258703632858278,0.0121002407765958,0,0,0,0,0,0,0,0,0,0,0,0
8.46172229287308,0.0744629668807315,0.0649782819365698,0.0301938447642622,0.0297851867522926,0.0259913127746279,0.0120775379057049,0,0,0,0,0,0,0,0,0,0,0,0
8.47172727059814,0.0751145833770492,0.0652800815053907,0.0301358288813841,0.0300458333508197,0.0261120326021563,0.0120543315525537,0,0,0,0,0,0,0,0,0,0,0,0
8.48173224832321,0.075769216446682,0.0655812943411472,0.0300765569879413,0.0303076865786728,0.0262325177364589,0.0120306227951765,0,0,0,0,0,0,0,0,0,0,0,0
8.49173722604828,0.0764268601565612,0.0658819078911895,0.0300160318331316,0.0305707440626245,0.0263527631564758,0.0120064127332527,0,0,0,0,0,0,0,0,0,0,0,0
8.50174220377334,0.0770875084481676,0.0661819096306428,0.029954256219993,0.030835003379267,0.0264727638522571,0.0119817024879972,0,0,0,0,0,0,0,0,0,0,0,0
8.51174718149841,0.0777511551378122,0.066481287062945,0.0298912330051315,0.0311004620551249,0.026592514825178,0.0119564932020526,0,0,0,0,0,0,0,0,0,0,0,0
8.52175215922347,0.0784177939169219,0.0667800277203811,0.0298269650984492,0.0313671175667688,0.0267120110881525,0.0119307860393797,0,0,0,0,0,0,0,0,0,0,0,0
8.53175713694854,0.0790874183523312,0.0670781191646152,0.0297614554628725,0.0316349673409325,0.0268312476658461,0.011904582185149,0,0,0,0,0,0,0,0,0,0,0,0
8.54176211467361,0.079760021886578,0.0673755489872191,0.02969470711408,0.0319040087546312,0.0269502195948877,0.011877882845632,0,0,0,0,0,0,0,0,0,0,0,0
8.55176709239868,0.0804355978382065,0.0676723048101997,0.0296267231202309,0.0321742391352826,0.0270689219240799,0.0118506892480924,0,0,0,0,0,0,0,0,0,0,0,0
8.56177207012374,0.0811141394020735,0.0679683742865219,0.0295575066016928,0.0324456557608294,0.0271873497146088,0.0118230026406771,0,0,0,0,0,0,0,0,0,0,0,0
8.57177704784881,0.081795639649661,0.0682637451006299,0.0294870607307697,0.0327182558598644,0.0273054980402519,0.0117948242923079,0,0,0,0,0,0,0,0,0,0,0,0
8.58178202557388,0.0824800915293938,0.0685584049689651,0.0294153887314306,0.0329920366117575,0.0274233619875861,0.0117661554925722,0,0,0,0,0,0,0,0,0,0,0,0
8.59178700329894,0.0831674878669625,0.0688523416404826,0.0293424938790367,0.033266995146785,0.027540936656193,0.0117369975516147,0,0,0,0,0,0,0,0,0,0,0,0
8.60179198102401,0.0838578213656505,0.0691455428971628,0.0292683795000705,0.0335431285462602,0.0276582171588651,0.0117073518000282,0,0,0,0,0,0,0,0,0,0,0,0
8.61179695874907,0.084551084606668,0.0694379965545223,0.0291930489718632,0.0338204338426672,0.0277751986218089,0.0116772195887453,0,0,0,0,0,0,0,0,0,0,0,0
8.62180193647414,0.0852472700494893,0.0697296904621211,0.0291165057223229,0.0340989080197957,0.0278918761848484,0.0116466022889291,0,0,0,0,0,0,0,0,0,0,0,0
8.63180691419921,0.0859463700321965,0.0700206125040671,0.0290387532296627,0.0343785480128786,0.0280082450016269,0.0116155012918651,0,0,0,0,0,0,0,0,0,0,0,0
8.64181189192428,0.0866483767718271,0.0703107505995183,0.028959795022129,0.0346593507087308,0.0281243002398074,0.0115839180088516,0,0,0,0,0,0,0,0,0,0,0,0
8.65181686964934,0.0873532823647276,0.0706000927031819,0.0288796346777294,0.034941312945891,0.0282400370812728,0.0115518538710918,0,0,0,0,0,0,0,0,0,0,0,0
8.66182184737441,0.0880610787869116,0.0708886268058106,0.0287982758239606,0.0352244315147646,0.0283554507223242,0.0115193103295842,0,0,0,0,0,0,0,0,0,0,0,0
8.67182682509948,0.0887717578944225,0.0711763409346965,0.0287157221375368,0.035508703157769,0.0284705363738786,0.0114862888550147,0,0,0,0,0,0,0,0,0,0,0,0
8.68183180282454,0.0894853114237024,0.0714632231541627,0.0286319773441177,0.035794124569481,0.0285852892616651,0.0114527909376471,0,0,0,0,0,0,0,0,0,0,0,0
8.69183678054961,0.0902017309919641,0.0717492615660506,0.0285470452180364,0.0360806923967856,0.0286997046264202,0.0114188180872146,0,0,0,0,0,0,0,0,0,0,0,0
8.70184175827467,0.0909210080975693,0.0720344443102063,0.0284609295820277,0.0363684032390277,0.0288137777240825,0.0113843718328111,0,0,0,0,0,0,0,0,0,0,0,0
8.71184673599974,0.0916431341204113,0.0723187595649635,0.028373634306956,0.0366572536481645,0.0289275038259854,0.0113494537227824,0,0,0,0,0,0,0,0,0,0,0,0
8.72185171372481,0.0923681003223027,0.072602195547623,0.0282851633115437,0.0369472401289211,0.0290408782190492,0.0113140653246175,0,0,0,0,0,0,0,0,0,0,0,0
8.73185669144988,0.0930958978473671,0.072884740514931,0.0281955205620987,0.0372383591389468,0.0291538962059724,0.0112782082248395,0,0,0,0,0,0,0,0,0,0,0,0
8.74186166917494,0.0938265177224365,0.0731663827635531,0.0281047100722431,0.0375306070889746,0.0292665531054212,0.0112418840288973,0,0,0,0,0,0,0,0,0,0,0,0
8.75186664690001,0.0945599508574527,0.0734471106305469,0.028012735902641,0.0378239803429811,0.0293788442522188,0.0112050943610564,0,0,0,0,0,0,0,0,0,0,0,0
8.76187162462508,0.0952961880458746,0.0737269124938311,0.0279196021607265,0.0381184752183499,0.0294907649975324,0.0111678408642906,0,0,0,0,0,0,0,0,0,0,0,0
8.77187660235014,0.0960352199650883,0.0740057767726516,0.0278253130004319,0.0384140879860353,0.0296023107090607,0.0111301252001728,0,0,0,0,0,0,0,0,0,0,0,0
8.78188158007521,0.0967770371768236,0.0742836919280464,0.0277298726219158,0.0387108148707294,0.0297134767712186,0.0110919490487663,0,0,0,0,0,0,0,0,0,0,0,0
8.79188655780028,0.0975216301275742,0.0745606464633055,0.0276332852712911,0.0390086520510297,0.0298242585853222,0.0110533141085164,0,0,0,0,0,0,0,0,0,0,0,0
8.80189153552534,0.0982689891490227,0.0748366289244304,0.0275355552403531,0.0393075956596091,0.0299346515697721,0.0110142220961413,0,0,0,0,0,0,0,0,0,0,0,0
8.81189651325041,0.0990191044584703,0.0751116279005888,0.0274366868663077,0.0396076417833881,0.0300446511602355,0.0109746747465231,0,0,0,0,0,0,0,0,0,0,0,0
8.82190149097548,0.099771966159271,0.0753856320245687,0.0273366845314992,0.0399087864637084,0.0301542528098275,0.0109346738125997,0,0,0,0,0,0,0,0,0,0,0,0
8.83190646870054,0.10052756424127,0.0756586299732275,0.0272355526631388,0.040211025696508,0.030263451989291,0.0108942210652555,0,0,0,0,0,0,0,0,0,0,0,0
8.84191144642561,0.101285888581247,0.0759306104679404,0.0271332957330322,0.0405143554324988,0.0303722441871762,0.0108533182932129,0,0,0,0,0,0,0,0,0,0,0,0
8.85191642415068,0.102046928943364,0.0762015622750446,0.0270299182573082,0.0408187715773457,0.0304806249100178,0.0108119673029233,0,0,0,0,0,0,0,0,0,0,0,0
8.86192140187574,0.102810674979618,0.0764714742062819,0.0269254247961461,0.0411242699918471,0.0305885896825128,0.0107701699184585,0,0,0,0,0,0,0,0,0,0,0,0
8.87192637960081,0.103577116230295,0.0767403351192376,0.0268198199535047,0.0414308464921179,0.030696134047695,0.0107279279814019,0,0,0,0,0,0,0,0,0,0,0,0
8.88193135732588,0.104346242124433,0.0770081339177776,0.0267131083768495,0.0417384968497733,0.030803253567111,0.0106852433507398,0,0,0,0,0,0,0,0,0,0,0,0
8.89193633505094,0.105118041980289,0.0772748595524819,0.0266052947568811,0.0420472167921155,0.0309099438209928,0.0106421179027524,0,0,0,0,0,0,0,0,0,0,0,0
8.90194131277601,0.105892505005802,0.0775405010210761,0.0264963838272636,0.042357002002321,0.0310162004084305,0.0105985535309054,0,0,0,0,0,0,0,0,0,0,0,0
8.91194629050108,0.106669620299076,0.0778050473688599,0.0263863803643523,0.0426678481196305,0.0311220189475439,0.0105545521457409,0,0,0,0,0,0,0,0,0,0,0,0
8.92195126822614,0.10744937684885,0.0780684876891326,0.0262752891869219,0.0429797507395399,0.031227395075653,0.0105101156747687,0,0,0,0,0,0,0,0,0,0,0,0
8.93195624595121,0.108231763534984,0.0783308111236162,0.0261631151558944,0.0432927054139935,0.0313323244494465,0.0104652460623578,0,0,0,0,0,0,0,0,0,0,0,0
8.94196122367628,0.109016769128946,0.0785920068628762,0.0260498631740676,0.0436067076515782,0.0314368027451505,0.010419945269627,0,0,0,0,0,0,0,0,0,0,0,0
8.95196620140134,0.109804382294301,0.0788520641467384,0.0259355381858428,0.0439217529177203,0.0315408256586954,0.0103742152743371,0,0,0,0,0,0,0,0,0,0,0,0
8.96197117912641,0.110594591587208,0.0791109722647046,0.025820145176953,0.044237836634883,0.0316443889058819,0.0103280580707812,0,0,0,0,0,0,0,0,0,0,0,0
8.97197615685148,0.111387385456916,0.079368720556364,0.0257036891741911,0.0445549541827666,0.0317474882225456,0.0102814756696764,0,0,0,0,0,0,0,0,0,0,0,0
8.98198113457654,0.112182752246273,0.0796252984118034,0.0255861752451377,0.0448731008985091,0.0318501193647214,0.0102344700980551,0,0,0,0,0,0,0,0,0,0,0,0
8.99198611230161,0.112980680192224,0.0798806952720132,0.0254676084978896,0.0451922720768897,0.0319522781088053,0.0101870433991558,0,0,0,0,0,0,0,0,0,0,0,0
9.00199109002668,0.113781157426332,0.080134900629292,0.0253479940807874,0.0455124629705329,0.0320539602517168,0.010139197632315,0,0,0,0,0,0,0,0,0,0,0,0
9.01199606775174,0.114584171975287,0.0803879040276474,0.0252273371821439,0.0458336687901149,0.032155161611059,0.0100909348728576,0,0,0,0,0,0,0,0,0,0,0,0
9.02200104547681,0.115389711761428,0.080639695063195,0.0251056430299722,0.0461558847045713,0.032255878025278,0.0100422572119889,0,0,0,0,0,0,0,0,0,0,0,0
9.03200602320188,0.116197764603266,0.0808902633845538,0.0249829168917135,0.0464791058413062,0.0323561053538215,0.00999316675668541,0,0,0,0,0,0,0,0,0,0,0,0
9.04201100092694,0.117008318216009,0.0811395986932398,0.0248591640739655,0.0468033272864035,0.0324558394772959,0.0099436656295862,0,0,0,0,0,0,0,0,0,0,0,0
9.05201597865201,0.117821360212097,0.0813876907440558,0.0247343899222103,0.0471285440848389,0.0325550762976223,0.00989375596888412,0,0,0,0,0,0,0,0,0,0,0,0
9.06202095637708,0.118636878101736,0.0816345293454797,0.0246085998205424,0.0474547512406944,0.0326538117381919,0.00984343992821698,0,0,0,0,0,0,0,0,0,0,0,0
9.07202593410214,0.119454859293434,0.0818801043600491,0.0244817991913972,0.0477819437173736,0.0327520417440197,0.00979271967655888,0,0,0,0,0,0,0,0,0,0,0,0
9.08203091182721,0.120275291094547,0.0821244057047436,0.0243539934952784,0.0481101164378189,0.0328497622818974,0.00974159739811139,0,0,0,0,0,0,0,0,0,0,0,0
9.09203588955228,0.121098160711825,0.0823674233513642,0.0242251882304868,0.04843926428473,0.0329469693405457,0.00969007529219477,0,0,0,0,0,0,0,0,0,0,0,0
9.10204086727734,0.121923455251961,0.0826091473269104,0.0240953889328479,0.0487693821007843,0.0330436589307642,0.00963815557313918,0,0,0,0,0,0,0,0,0,0,0,0
9.11204584500241,0.122751161722146,0.082849567713954,0.0239646011754401,0.0491004646888583,0.0331398270855816,0.00958584047017604,0,0,0,0,0,0,0,0,0,0,0,0
9.12205082272748,0.123581267030628,0.0830886746510106,0.0238328305683228,0.049432506812251,0.0332354698604043,0.00953313222732911,0,0,0,0,0,0,0,0,0,0,0,0
9.13205580045254,0.124413757987271,0.0833264583329082,0.0237000827582645,0.0497655031949083,0.0333305833331633,0.0094800331033058,0,0,0,0,0,0,0,0,0,0,0,0
9.14206077817761,0.125248621304123,0.0835629090111529,0.023566363428471,0.0500994485216491,0.0334251636044612,0.0094265453713884,0,0,0,0,0,0,0,0,0,0,0,0
9.15206575590268,0.126085843595983,0.0837980169942925,0.0234316782983132,0.0504343374383932,0.033519206797717,0.00937267131932527,0,0,0,0,0,0,0,0,0,0,0,0
9.16207073362774,0.126925411380974,0.0840317726482767,0.0232960331230552,0.0507701645523896,0.0336127090593107,0.00931841324922212,0,0,0,0,0,0,0,0,0,0,0,0
9.17207571135281,0.12776731108112,0.084264166396815,0.023159433693583,0.0511069244324479,0.033705666558726,0.0092637734774332,0,0,0,0,0,0,0,0,0,0,0,0
9.18208068907788,0.128611529022923,0.0844951887217315,0.0230218858361315,0.0514446116091691,0.0337980754886926,0.00920875433445264,0,0,0,0,0,0,0,0,0,0,0,0
9.19208566680294,0.12945805143795,0.0847248301633173,0.0228833954120136,0.0517832205751799,0.0338899320653269,0.00915335816480546,0,0,0,0,0,0,0,0,0,0,0,0
9.20209064452801,0.130306864463417,0.0849530813206805,0.0227439683173476,0.0521227457853667,0.0339812325282722,0.00909758732693905,0,0,0,0,0,0,0,0,0,0,0,0
9.21209562225308,0.131157954142779,0.0851799328520922,0.0226036104827857,0.0524631816571118,0.0340719731408369,0.00904144419311429,0,0,0,0,0,0,0,0,0,0,0,0
9.22210059997814,0.132011306426328,0.0854053754753317,0.0224623278732418,0.052804522570531,0.0341621501901327,0.00898493114929673,0,0,0,0,0,0,0,0,0,0,0,0
9.23210557770321,0.132866907171781,0.085629399968027,0.0223201264876198,0.0531467628687125,0.0342517599872108,0.00892805059504791,0,0,0,0,0,0,0,0,0,0,0,0
9.24211055542828,0.133724742144892,0.085851997167994,0.0221770123585414,0.0534898968579568,0.0343407988671976,0.00887080494341656,0,0,0,0,0,0,0,0,0,0,0,0
9.25211553315334,0.134584797020046,0.0860731579735724,0.0220329915520745,0.0538339188080186,0.034429263189429,0.00881319662082982,0,0,0,0,0,0,0,0,0,0,0,0
9.26212051087841,0.135447057380873,0.086292873343959,0.0218880701674613,0.0541788229523492,0.0345171493375836,0.00875522806698451,0,0,0,0,0,0,0,0,0,0,0,0
9.27212548860348,0.136311508720854,0.0865111342995383,0.0217422543368458,0.0545246034883414,0.0346044537198153,0.00869690173473832,0,0,0,0,0,0,0,0,0,0,0,0
9.28213046632854,0.137178136443936,0.0867279319222099,0.0215955502250026,0.0548712545775744,0.034691172768884,0.00863822009000104,0,0,0,0,0,0,0,0,0,0,0,0
9.29213544405361,0.138046925865152,0.0869432573557142,0.0214479640290646,0.0552187703460609,0.0347773029422857,0.00857918561162587,0,0,0,0,0,0,0,0,0,0,0,0
9.30214042177868,0.138917862211238,0.0871571018059545,0.0212995019782513,0.0555671448844953,0.0348628407223818,0.00851980079130053,0,0,0,0,0,0,0,0,0,0,0,0
9.31214539950374,0.139790930621257,0.0873694565413166,0.0211501703335964,0.0559163722485029,0.0349477826165266,0.00846006813343858,0,0,0,0,0,0,0,0,0,0,0,0
9.32215037722881,0.140666116147227,0.0875803128929857,0.0209999753876766,0.0562664464588908,0.0350321251571943,0.00839999015507067,0,0,0,0,0,0,0,0,0,0,0,0
9.33215535495388,0.141543403754749,0.0877896622552611,0.0208489234643391,0.0566173615018997,0.0351158649021045,0.00833956938573566,0,0,0,0,0,0,0,0,0,0,0,0
9.34216033267894,0.142422778323643,0.087997496085867,0.0206970209184299,0.0569691113294572,0.0351989984343468,0.00827880836737199,0,0,0,0,0,0,0,0,0,0,0,0
9.35216531040401,0.143304224648581,0.0882038059062619,0.0205442741355219,0.0573216898594323,0.0352815223625048,0.00821770965420878,0,0,0,0,0,0,0,0,0,0,0,0
9.36217028812908,0.144187727439727,0.0884085833019441,0.020390689531643,0.0576750909758909,0.0353634333207776,0.0081562758126572,0,0,0,0,0,0,0,0,0,0,0,0
9.37217526585414,0.145073271323382,0.0886118199227556,0.0202362735530039,0.0580293085293529,0.0354447279691022,0.00809450942120159,0,0,0,0,0,0,0,0,0,0,0,0
9.38218024357921,0.145960840842625,0.0888135074831822,0.0200810326757268,0.0583843363370499,0.0355254029932729,0.0080324130702907,0,0,0,0,0,0,0,0,0,0,0,0
9.39218522130428,0.146850420457963,0.0890136377626521,0.0199249734055726,0.0587401681831852,0.0356054551050609,0.00796998936222905,0,0,0,0,0,0,0,0,0,0,0,0
9.40219019902935,0.147741994547984,0.0892122026058301,0.01976810227767,0.0590967978191936,0.035684881042332,0.007907240911068,0,0,0,0,0,0,0,0,0,0,0,0
9.41219517675441,0.148635547410009,0.0894091939229108,0.0196104258562425,0.0594542189640035,0.0357636775691643,0.00784417034249704,0,0,0,0,0,0,0,0,0,0,0,0
9.42220015447948,0.149531063260749,0.0896046036899083,0.0194519507343376,0.0598124253042995,0.0358418414759633,0.00778078029373504,0,0,0,0,0,0,0,0,0,0,0,0
9.43220513220454,0.150428526236966,0.0897984239489428,0.0192926835335538,0.0601714104947865,0.0359193695795771,0.00771707341342153,0,0,0,0,0,0,0,0,0,0,0,0
9.44221010992961,0.151327920396137,0.0899906468085253,0.0191326309037695,0.0605311681584546,0.0359962587234101,0.00765305236150784,0,0,0,0,0,0,0,0,0,0,0,0
9.45221508765468,0.152229229717115,0.0901812644438388,0.0189717995228708,0.0608916918868459,0.0360725057775355,0.00758871980914832,0,0,0,0,0,0,0,0,0,0,0,0
9.46222006537974,0.153132438100804,0.0903702690970177,0.0188101960964792,0.0612529752403214,0.0361481076388071,0.00752407843859171,0,0,0,0,0,0,0,0,0,0,0,0
9.47222504310481,0.154037529370824,0.0905576530774234,0.0186478273576805,0.0616150117483294,0.0362230612309694,0.00745913094307223,0,0,0,0,0,0,0,0,0,0,0,0
9.48223002082988,0.154944487274189,0.0907434087619179,0.0184847000667521,0.0619777949096756,0.0362973635047672,0.00739388002670086,0,0,0,0,0,0,0,0,0,0,0,0
9.49223499855494,0.155853295481983,0.0909275285951347,0.0183208210108916,0.0623413181927933,0.0363710114380539,0.00732832840435663,0,0,0,0,0,0,0,0,0,0,0,0
9.50223997628001,0.156763937590039,0.0911100050897465,0.0181561970039444,0.0627055750360155,0.0364440020358986,0.00726247880157776,0,0,0,0,0,0,0,0,0,0,0,0
9.51224495400508,0.157676397119619,0.0912908308267304,0.0179908348861323,0.0630705588478474,0.0365163323306922,0.00719633395445294,0,0,0,0,0,0,0,0,0,0,0,0
9.52224993173014,0.158590657518102,0.0914699984556307,0.0178247415237814,0.0634362630072406,0.0365879993822523,0.00712989660951255,0,0,0,0,0,0,0,0,0,0,0,0
9.53225490945521,0.15950670215967,0.0916475006948187,0.0176579238090498,0.0638026808638678,0.0366590002779275,0.00706316952361992,0,0,0,0,0,0,0,0,0,0,0,0
9.54225988718028,0.160424514345997,0.0918233303317496,0.0174903886596562,0.0641698057383988,0.0367293321326998,0.00699615546386252,0,0,0,0,0,0,0,0,0,0,0,0
9.55226486490534,0.161344077306944,0.0919974802232168,0.017322143018608,0.0645376309227777,0.0367989920892867,0.00692885720744323,0,0,0,0,0,0,0,0,0,0,0,0
9.56226984263041,0.162265374201251,0.0921699432956039,0.0171531938539288,0.0649061496805006,0.0368679773182416,0.00686127754157151,0,0,0,0,0,0,0,0,0,0,0,0
9.57227482035548,0.163188388117236,0.0923407125451334,0.0169835481583868,0.0652753552468945,0.0369362850180534,0.00679341926335477,0,0,0,0,0,0,0,0,0,0,0,0
9.58227979808055,0.164113102073495,0.0925097810381129,0.0168132129492235,0.0656452408293979,0.0370039124152452,0.00672528517968944,0,0,0,0,0,0,0,0,0,0,0,0
9.59228477580561,0.165039499019603,0.0926771419111787,0.0166421952678805,0.0660157996078411,0.0370708567644715,0.00665687810715223,0,0,0,0,0,0,0,0,0,0,0,0
9.60228975353068,0.165967561836822,0.0928427883715364,0.0164705021797287,0.0663870247347286,0.0371371153486145,0.00658820087189152,0,0,0,0,0,0,0,0,0,0,0,0
9.61229473125574,0.166897273338804,0.0930067136971989,0.0162981407737959,0.0667589093355217,0.0372026854788796,0.0065192563095184,0,0,0,0,0,0,0,0,0,0,0,0
9.62229970898081,0.167828616272306,0.0931689112372224,0.0161251181624948,0.0671314465089222,0.037267564494889,0.00645004726499798,0,0,0,0,0,0,0,0,0,0,0,0
9.63230468670588,0.168761573317895,0.093329374411938,0.0159514414813516,0.067504629327158,0.0373317497647752,0.00638057659254063,0,0,0,0,0,0,0,0,0,0,0,0
9.64230966443094,0.169696127090669,0.0934880967131822,0.0157771178887331,0.0678784508362677,0.0373952386852729,0.00631084715549326,0,0,0,0,0,0,0,0,0,0,0,0
9.65231464215601,0.17063226014097,0.093645071704524,0.0156021545655759,0.068252904056388,0.0374580286818096,0.00624086182623043,0,0,0,0,0,0,0,0,0,0,0,0
9.66231961988108,0.171569954955102,0.0938002930214892,0.015426558715114,0.0686279819820409,0.0375201172085956,0.00617062348604561,0,0,0,0,0,0,0,0,0,0,0,0
9.67232459760615,0.172509193956056,0.0939537543717822,0.0152503375626064,0.0690036775824223,0.0375815017487129,0.0061001350250426,0,0,0,0,0,0,0,0,0,0,0,0
9.68232957533121,0.173449959504227,0.0941054495355051,0.0150734983550661,0.0693799838016909,0.037642179814202,0.00602939934202645,0,0,0,0,0,0,0,0,0,0,0,0
9.69233455305628,0.174392233898148,0.0942553723653737,0.0148960483609873,0.069756893559259,0.0377021489461495,0.00595841934439496,0,0,0,0,0,0,0,0,0,0,0,0
9.70233953078134,0.175335999375208,0.0944035167869317,0.0147179948700743,0.070134399750083,0.0377614067147727,0.00588719794802974,0,0,0,0,0,0,0,0,0,0,0,0
9.71234450850641,0.176281238112389,0.0945498767987604,0.0145393451929689,0.0705124952449555,0.0378199507195042,0.00581573807718758,0,0,0,0,0,0,0,0,0,0,0,0
9.72234948623148,0.177227932226995,0.0946944464726882,0.0143601066609789,0.0708911728907978,0.0378777785890753,0.00574404266439159,0,0,0,0,0,0,0,0,0,0,0,0
9.73235446395654,0.178176063777385,0.0948372199539948,0.0141802866258059,0.071270425510954,0.0379348879815979,0.00567211465032235,0,0,0,0,0,0,0,0,0,0,0,0
9.74235944168161,0.179125614763711,0.0949781914616146,0.0139998924592736,0.0716502459054846,0.0379912765846459,0.00559995698370948,0,0,0,0,0,0,0,0,0,0,0,0
9.75236441940668,0.180076567128655,0.0951173552883366,0.0138189315530559,0.0720306268514622,0.0380469421153347,0.0055275726212224,0,0,0,0,0,0,0,0,0,0,0,0
9.76236939713175,0.181028902758168,0.0952547058010014,0.0136374113184047,0.0724115611032674,0.0381018823204005,0.00545496452736187,0,0,0,0,0,0,0,0,0,0,0,0
9.77237437485681,0.181982603482213,0.0953902374406957,0.0134553391858781,0.0727930413928852,0.0381560949762783,0.00538213567435127,0,0,0,0,0,0,0,0,0,0,0,0
9.78237935258188,0.182937651075507,0.0955239447229442,0.0132727226050689,0.073175060430203,0.0382095778891777,0.0053090890420276,0,0,0,0,0,0,0,0,0,0,0,0
9.79238433030694,0.183894027258271,0.0956558222378989,0.0130895690443321,0.0735576109033085,0.0382623288951596,0.00523582761773285,0,0,0,0,0,0,0,0,0,0,0,0
9.80238930803201,0.184851713696973,0.0957858646505251,0.0129058859905131,0.0739406854787891,0.0383143458602101,0.00516235439620526,0,0,0,0,0,0,0,0,0,0,0,0
9.81239428575708,0.185810692005078,0.0959140667007855,0.012721680948676,0.0743242768020311,0.0383656266803142,0.0050886723794704,0,0,0,0,0,0,0,0,0,0,0,0
9.82239926348215,0.186770943743802,0.09604042320382,0.0125369614418315,0.0747083774975208,0.038416169281528,0.00501478457673262,0,0,0,0,0,0,0,0,0,0,0,0
9.83240424120721,0.187732450422863,0.0961649290501257,0.0123517350106652,0.0750929801691453,0.0384659716200503,0.0049406940042661,0,0,0,0,0,0,0,0,0,0,0,0
9.84240921893228,0.188695193501237,0.0962875792057308,0.0121660092132654,0.0754780774004948,0.0385150316822923,0.00486640368530615,0,0,0,0,0,0,0,0,0,0,0,0
9.85241419665735,0.189659154387912,0.0964083687123679,0.0119797916248512,0.0758636617551649,0.0385633474849472,0.00479191664994053,0,0,0,0,0,0,0,0,0,0,0,0
9.86241917438241,0.19062431444265,0.0965272926876442,0.0117930898375011,0.0762497257770599,0.0386109170750577,0.00471723593500046,0,0,0,0,0,0,0,0,0,0,0,0
9.87242415210748,0.191590654976743,0.0966443463252088,0.0116059114598802,0.0766362619906972,0.0386577385300835,0.00464236458395207,0,0,0,0,0,0,0,0,0,0,0,0
9.88242912983254,0.192558157253779,0.096759524894917,0.0114182641169689,0.0770232629015115,0.0387038099579668,0.00456730564678759,0,0,0,0,0,0,0,0,0,0,0,0
9.89243410755761,0.1935268024904,0.0968728237429925,0.0112301554497908,0.0774107209961601,0.038749129497197,0.00449206217991639,0,0,0,0,0,0,0,0,0,0,0,0
9.90243908528268,0.194496571857073,0.0969842382921861,0.0110415931151413,0.0777986287428293,0.0387936953168744,0.00441663724605653,0,0,0,0,0,0,0,0,0,0,0,0
9.91244406300775,0.195467446478851,0.0970937640419327,0.0108525847853143,0.0781869785915406,0.0388375056167731,0.00434103391412577,0,0,0,0,0,0,0,0,0,0,0,0
9.92244904073281,0.196439407436144,0.0972013965685046,0.0106631381478319,0.0785757629744577,0.0388805586274018,0.00426525525913279,0,0,0,0,0,0,0,0,0,0,0,0
9.93245401845788,0.197412435765488,0.0973071315251627,0.0104732609051714,0.0789649743061951,0.0389228526100651,0.00418930436206859,0,0,0,0,0,0,0,0,0,0,0,0
9.94245899618295,0.198386512460314,0.0974109646423046,0.0102829607744938,0.0793546049841255,0.0389643858569219,0.00411318430979757,0,0,0,0,0,0,0,0,0,0,0,0
9.95246397390801,0.199361618471724,0.0975128917276105,0.0100922454873721,0.0797446473886897,0.0390051566910442,0.00403689819494885,0,0,0,0,0,0,0,0,0,0,0,0
9.96246895163308,0.200337734709263,0.0976129086661855,0.00990112278951848,0.0801350938837053,0.0390451634664742,0.00396044911580742,0,0,0,0,0,0,0,0,0,0,0,0
9.97247392935815,0.201314842041694,0.0977110114207001,0.00970960044051357,0.0805259368166777,0.03908440456828,0.00388384017620549,0,0,0,0,0,0,0,0,0,0,0,0
9.98247890708321,0.202292921297775,0.0978071960315272,0.00951768621353383,0.0809171685191101,0.0391228784126109,0.00380707448541354,0,0,0,0,0,0,0,0,0,0,0,0
9.99248388480828,0.203271953267038,0.0979014586168775,0.00932538789507949,0.0813087813068153,0.039160583446751,0.00373015515803181,0,0,0,0,0,0,0,0,0,0,0,0
10.0024888625333,0.204251918700567,0.0979937953729308,0.00913271328470328,0.0817007674802267,0.0391975181491723,0.00365308531388132,0,0,0,0,0,0,0,0,0,0,0,0
10.0124938402584,0.20523279831178,0.0980842025739651,0.00893967019473775,0.0820931193247118,0.0392336810295861,0.0035758680778951,0,0,0,0,0,0,0,0,0,0,0,0
10.0224988179835,0.206214572777209,0.0981726765724841,0.00874626645002401,0.0824858291108837,0.0392690706289936,0.00349850658000964,0,0,0,0,0,0,0,0,0,0,0,0
10.0325037957085,0.207197222737288,0.0982592137993395,0.00855250988763951,0.082878889094915,0.0393036855197358,0.00342100395505583,0,0,0,0,0,0,0,0,0,0,0,0
10.0425087734336,0.20818072879713,0.0983438107638534,0.00835840835662599,0.0832722915188519,0.0393375243055414,0.00334336334265042,0,0,0,0,0,0,0,0,0,0,0,0
10.0525137511587,0.20916507152732,0.0984264640539359,0.00816396971771776,0.083666028610928,0.0393705856215744,0.00326558788708715,0,0,0,0,0,0,0,0,0,0,0,0
10.0625187288837,0.210150231464698,0.0985071703362013,0.00796920184307003,0.0840600925858791,0.0394028681344805,0.00318768073722804,0,0,0,0,0,0,0,0,0,0,0,0
10.0725237066088,0.211136189113147,0.0985859263560797,0.00777411261598616,0.0844544756452587,0.0394343705424319,0.00310964504639448,0,0,0,0,0,0,0,0,0,0,0,0
10.0825286843339,0.212122924944383,0.0986627289379292,0.00757870993064671,0.0848491699777532,0.0394650915751717,0.00303148397225872,0,0,0,0,0,0,0,0,0,0,0,0
10.0925336620589,0.213110419398746,0.0987375749851418,0.00738300169183687,0.0852441677594984,0.0394950299940567,0.00295320067673478,0,0,0,0,0,0,0,0,0,0,0,0
10.102538639784,0.214098652885989,0.0988104614802484,0.00718699581467481,0.0856394611543958,0.0395241845920994,0.00287479832586993,0,0,0,0,0,0,0,0,0,0,0,0
10.1125436175091,0.215087605786073,0.0988813854850214,0.00699070022433982,0.0860350423144293,0.0395525541940085,0.00279628008973596,0,0,0,0,0,0,0,0,0,0,0,0
10.1225485952341,0.216077258449958,0.0989503441405734,0.00679412285580013,0.0864309033799833,0.0395801376562293,0.00271764914232007,0,0,0,0,0,0,0,0,0,0,0,0
10.1325535729592,0.217067591200398,0.0990173346674542,0.00659727165354118,0.0868270364801594,0.0396069338669817,0.00263890866141651,0,0,0,0,0,0,0,0,0,0,0,0
10.1425585506843,0.218058584332737,0.0990823543657444,0.00640015457129368,0.0872234337330949,0.0396329417462978,0.00256006182851748,0,0,0,0,0,0,0,0,0,0,0,0
10.1525635284093,0.219050218115705,0.0991454006151465,0.00620277957176166,0.087620087246282,0.0396581602460586,0.00248111182870469,0,0,0,0,0,0,0,0,0,0,0,0
10.1625685061344,0.220042472792213,0.0992064708750737,0.00600515462635065,0.0880169891168852,0.0396825883500295,0.00240206185054028,0,0,0,0,0,0,0,0,0,0,0,0
10.1725734838595,0.221035328580154,0.0992655626847351,0.00580728771489551,0.0884141314320618,0.039706225073894,0.00232291508595824,0,0,0,0,0,0,0,0,0,0,0,0
10.1825784615845,0.222028765673201,0.0993226736632189,0.00560918682538882,0.0888115062692803,0.0397290694652876,0.00224367473015558,0,0,0,0,0,0,0,0,0,0,0,0
10.1925834393096,0.223022764241604,0.0993778015095728,0.00541085995370878,0.0892091056966414,0.0397511206038292,0.00216434398148353,0,0,0,0,0,0,0,0,0,0,0,0
10.2025884170347,0.224017304432993,0.0994309440028815,0.00521231510334718,0.0896069217731972,0.0397723776011526,0.0020849260413389,0,0,0,0,0,0,0,0,0,0,0,0
10.2125933947597,0.22501236637318,0.0994820990023409,0.0050135602851378,0.0900049465492719,0.0397928396009364,0.00200542411405519,0,0,0,0,0,0,0,0,0,0,0,0
10.2225983724848,0.226007930166957,0.0995312644473314,0.00481460351698441,0.0904031720667829,0.0398125057789326,0.00192584140679377,0,0,0,0,0,0,0,0,0,0,0,0
10.2326033502099,0.227003975898904,0.0995784383574858,0.0046154528235884,0.0908015903595615,0.0398313753429944,0.00184618112943539,0,0,0,0,0,0,0,0,0,0,0,0
10.2426083279349,0.228000483634185,0.0996236188327577,0.00441611623617755,0.091200193453674,0.0398494475331031,0.00176644649447106,0,0,0,0,0,0,0,0,0,0,0,0
10.25261330566,0.22899743341936,0.0996668040534835,0.00421660179223379,0.0915989733677441,0.0398667216213934,0.00168664071689352,0,0,0,0,0,0,0,0,0,0,0,0
10.2626182833851,0.229994805283184,0.0997079922804452,0.00401691753522095,0.0919979221132736,0.0398831969121781,0.00160676701408841,0,0,0,0,0,0,0,0,0,0,0,0
10.2726232611101,0.230992579237414,0.0997471818549282,0.00381707151431341,0.0923970316949655,0.0398988727419713,0.00152682860572538,0,0,0,0,0,0,0,0,0,0,0,0
10.2826282388352,0.231990735277614,0.0997843711987767,0.00361707178412393,0.0927962941110457,0.0399137484795107,0.00144682871364963,0,0,0,0,0,0,0,0,0,0,0,0
10.2926332165603,0.232989253383964,0.0998195588144479,0.00341692640443172,0.0931957013535854,0.0399278235257791,0.0013667705617727,0,0,0,0,0,0,0,0,0,0,0,0
10.3026381942853,0.23398811352206,0.0998527432850609,0.00321664343991036,0.0935952454088242,0.0399410973140244,0.00128665737596418,0,0,0,0,0,0,0,0,0,0,0,0
10.3126431720104,0.234987295643732,0.0998839232744456,0.00301623095985634,0.0939949182574929,0.0399535693097783,0.00120649238394261,0,0,0,0,0,0,0,0,0,0,0,0
10.3226481497355,0.235986779687841,0.0999130975271867,0.0028156970379168,0.0943947118751363,0.0399652390108747,0.00112627881516675,0,0,0,0,0,0,0,0,0,0,0,0
10.3326531274605,0.236986545581093,0.0999402648686664,0.00261504975181734,0.0947946182324371,0.0399761059474666,0.00104601990072698,0,0,0,0,0,0,0,0,0,0,0,0
10.3426581051856,0.237986573238847,0.0999654242051034,0.0024142971830908,0.0951946292955386,0.0399861696820413,0.000965718873236386,0,0,0,0,0,0,0,0,0,0,0,0
10.3526630829107,0.238986842565922,0.0999885745235899,0.00221344741680496,0.0955947370263687,0.039995429809436,0.000885378966722022,0,0,0,0,0,0,0,0,0,0,0,0
10.3626680606357,0.239987333457409,0.100009714892126,0.00201250854129027,0.0959949333829634,0.0400038859568504,0.00080500341651619,0,0,0,0,0,0,0,0,0,0,0,0
10.3726730383608,0.240988025799478,0.10002884445965,0.00181148864786876,0.0963952103197913,0.0400115377838599,0.000724595459147533,0,0,0,0,0,0,0,0,0,0,0,0
10.3826780160859,0.241988899470191,0.100045962456067,0.00161039583058129,0.0967955597880764,0.040018384982427,0.000644158332232547,0,0,0,0,0,0,0,0,0,0,0,0
10.3926829938109,0.242989934340308,0.100061068192278,0.00140923818591609,0.0971959737361232,0.0400244272769111,0.00056369527436651,0,0,0,0,0,0,0,0,0,0,0,0
10.402687971536,0.243991110274101,0.100074161060196,0.001208023812537,0.0975964441096405,0.0400296644240784,0.000483209525014842,0,0,0,0,0,0,0,0,0,0,0,0
10.4126929492611,0.244992407130164,0.100085240532775,0.00100676081101084,0.0979969628520657,0.0400340962131098,0.000402704324404412,0,0,0,0,0,0,0,0,0,0,0,0
10.4226979269861,0.245993804762223,0.100094306164019,0.000805457283536309,0.0983975219048893,0.0400377224656078,0.000322182913414544,0,0,0,0,0,0,0,0,0,0,0,0
10.4327029047112,0.246995283019947,0.100101357589007,0.000604121333671516,0.0987981132079787,0.0400405430356026,0.000241648533468653,0,0,0,0,0,0,0,0,0,0,0,0
10.4427078824363,0.247996821749759,0.100106394523893,0.000402761066062347,0.0991987286999034,0.0400425578095573,0.000161104426424996,0,0,0,0,0,0,0,0,0,0,0,0
10.4527128601613,0.248998400795648,0.100109416765928,0.000201384586170394,0.0995993603182593,0.040043766706371,8.05538344681836e-05,0,0,0,0,0,0,0,0,0,0,0,0
10.4627178378864,0.249999999999983,0.100110424193456,1.08709397335304e-15,0.0999999999999932,0.0400441696773825,4.65897417151302e-16,0,0,0,0,0,0,0,0,0,0,0,0
10.4727228156115,0.251001599204318,0.100109416765928,-0.00020138458616833,0.100400639681727,0.0400437667063711,-8.05538344672695e-05,0,0,0,0,0,0,0,0,0,0,0,0
10.4827277933365,0.252003178250208,0.100106394523893,-0.000402761066060195,0.100801271300083,0.0400425578095573,-0.000161104426424057,0,0,0,0,0,0,0,0,0,0,0,0
10.4927327710616,0.25300471698002,0.100101357589006,-0.000604121333669444,0.101201886792008,0.0400405430356026,-0.000241648533467725,0,0,0,0,0,0,0,0,0,0,0,0
10.5027377487867,0.254006195237743,0.10009430616402,-0.000805457283534223,0.101602478095097,0.0400377224656078,-0.000322182913413663,0,0,0,0,0,0,0,0,0,0,0,0
10.5127427265117,0.255007592869802,0.100085240532775,-0.0010067608110087,0.102003037147921,0.0400340962131099,-0.000402704324403459,0,0,0,0,0,0,0,0,0,0,0,0
10.5227477042368,0.256008889725865,0.100074161060196,-0.00120802381253487,0.102403555890346,0.0400296644240785,-0.000483209525013928,0,0,0,0,0,0,0,0,0,0,0,0
10.5327526819619,0.257010065659658,0.100061068192278,-0.00140923818591397,0.102804026263863,0.0400244272769111,-0.000563695274365541,0,0,0,0,0,0,0,0,0,0,0,0
10.5427576596869,0.258011100529775,0.100045962456067,-0.00161039583057916,0.10320444021191,0.040018384982427,-0.000644158332231612,0,0,0,0,0,0,0,0,0,0,0,0
10.552762637412,0.259011974200488,0.10002884445965,-0.00181148864786667,0.103604789680195,0.04001153778386,-0.000724595459146615,0,0,0,0,0,0,0,0,0,0,0,0
10.5627676151371,0.260012666542558,0.100009714892126,-0.00201250854128813,0.104005066617023,0.0400038859568504,-0.000805003416515248,0,0,0,0,0,0,0,0,0,0,0,0
10.5727725928621,0.261013157434044,0.0999885745235901,-0.00221344741680283,0.104405262973618,0.039995429809436,-0.000885378966721089,0,0,0,0,0,0,0,0,0,0,0,0
10.5827775705872,0.26201342676112,0.0999654242051036,-0.0024142971830887,0.104805370704448,0.0399861696820414,-0.000965718873235447,0,0,0,0,0,0,0,0,0,0,0,0
10.5927825483123,0.263013454418873,0.0999402648686666,-0.00261504975181516,0.105205381767549,0.0399761059474667,-0.00104601990072605,0,0,0,0,0,0,0,0,0,0,0,0
10.6027875260373,0.264013220312125,0.0999130975271871,-0.00281569703791468,0.10560528812485,0.0399652390108748,-0.00112627881516583,0,0,0,0,0,0,0,0,0,0,0,0
10.6127925037624,0.265012704356234,0.0998839232744459,-0.00301623095985421,0.106005081742494,0.0399535693097784,-0.00120649238394166,0,0,0,0,0,0,0,0,0,0,0,0
10.6227974814875,0.266011886477906,0.0998527432850612,-0.00321664343990826,0.106404754591162,0.0399410973140245,-0.00128665737596329,0,0,0,0,0,0,0,0,0,0,0,0
10.6328024592125,0.267010746616003,0.0998195588144482,-0.0034169264044296,0.106804298646401,0.0399278235257793,-0.0013667705617718,0,0,0,0,0,0,0,0,0,0,0,0
10.6428074369376,0.268009264722352,0.0997843711987771,-0.00361707178412179,0.107203705888941,0.0399137484795109,-0.0014468287136487,0,0,0,0,0,0,0,0,0,0,0,0
10.6528124146627,0.269007420762552,0.0997471818549287,-0.00381707151431127,0.107602968305021,0.0398988727419714,-0.00152682860572446,0,0,0,0,0,0,0,0,0,0,0,0
10.6628173923877,0.270005194716782,0.0997079922804457,-0.00401691753521887,0.108002077886713,0.0398831969121782,-0.00160676701408748,0,0,0,0,0,0,0,0,0,0,0,0
10.6728223701128,0.271002566580606,0.0996668040534841,-0.00421660179223162,0.108401026632242,0.0398667216213936,-0.00168664071689262,0,0,0,0,0,0,0,0,0,0,0,0
10.6828273478379,0.271999516365781,0.0996236188327582,-0.00441611623617557,0.108799806546313,0.0398494475331033,-0.00176644649447014,0,0,0,0,0,0,0,0,0,0,0,0
10.6928323255629,0.272996024101063,0.0995784383574864,-0.00461545282358636,0.109198409640425,0.0398313753429946,-0.00184618112943447,0,0,0,0,0,0,0,0,0,0,0,0
10.702837303288,0.273992069833009,0.0995312644473317,-0.00481460351698226,0.109596827933204,0.0398125057789327,-0.00192584140679289,0,0,0,0,0,0,0,0,0,0,0,0
10.7128422810131,0.274987633626787,0.0994820990023415,-0.00501356028513577,0.109995053450715,0.0397928396009366,-0.00200542411405427,0,0,0,0,0,0,0,0,0,0,0,0
10.7228472587381,0.275982695566973,0.099430944002882,-0.00521231510334513,0.110393078226789,0.0397723776011529,-0.00208492604133798,0,0,0,0,0,0,0,0,0,0,0,0
10.7328522364632,0.276977235758363,0.0993778015095735,-0.00541085995370671,0.110790894303345,0.0397511206038294,-0.00216434398148262,0,0,0,0,0,0,0,0,0,0,0,0
10.7428572141883,0.277971234326766,0.0993226736632196,-0.0056091868253868,0.111188493730706,0.0397290694652879,-0.00224367473015468,0,0,0,0,0,0,0,0,0,0,0,0
10.7528621919133,0.278964671419812,0.0992655626847357,-0.00580728771489354,0.111585868567925,0.0397062250738943,-0.00232291508595735,0,0,0,0,0,0,0,0,0,0,0,0
10.7628671696384,0.279957527207753,0.0992064708750743,-0.0060051546263486,0.111983010883101,0.0396825883500298,-0.00240206185053937,0,0,0,0,0,0,0,0,0,0,0,0
10.7728721473635,0.280949781884262,0.0991454006151471,-0.00620277957175963,0.112379912753705,0.0396581602460589,-0.00248111182870381,0,0,0,0,0,0,0,0,0,0,0,0
10.7828771250885,0.281941415667229,0.099082354365745,-0.00640015457129159,0.112776566266892,0.0396329417462981,-0.00256006182851657,0,0,0,0,0,0,0,0,0,0,0,0
10.7928821028136,0.282932408799568,0.0990173346674549,-0.00659727165353909,0.113172963519827,0.039606933866982,-0.00263890866141556,0,0,0,0,0,0,0,0,0,0,0,0
10.8028870805387,0.283922741550008,0.098950344140574,-0.00679412285579799,0.113569096620003,0.0395801376562297,-0.00271764914231918,0,0,0,0,0,0,0,0,0,0,0,0
10.8128920582637,0.284912394213893,0.0988813854850221,-0.0069907002243377,0.113964957685557,0.0395525541940089,-0.00279628008973505,0,0,0,0,0,0,0,0,0,0,0,0
10.8228970359888,0.285901347113977,0.0988104614802491,-0.00718699581467277,0.114360538845591,0.0395241845920997,-0.00287479832586903,0,0,0,0,0,0,0,0,0,0,0,0
10.8329020137139,0.28688958060122,0.0987375749851425,-0.00738300169183471,0.114755832240488,0.0394950299940571,-0.00295320067673389,0,0,0,0,0,0,0,0,0,0,0,0
10.8429069914389,0.287877075055583,0.0986627289379301,-0.00757870993064462,0.115150830022233,0.0394650915751721,-0.00303148397225779,0,0,0,0,0,0,0,0,0,0,0,0
10.852911969164,0.28886381088682,0.0985859263560805,-0.00777411261598414,0.115545524354728,0.0394343705424322,-0.00310964504639357,0,0,0,0,0,0,0,0,0,0,0,0
10.8629169468891,0.289849768535269,0.0985071703362021,-0.00796920184306791,0.115939907414107,0.0394028681344809,-0.00318768073722713,0,0,0,0,0,0,0,0,0,0,0,0
10.8729219246141,0.290834928472646,0.0984264640539368,-0.00816396971771577,0.116333971389059,0.0393705856215748,-0.00326558788708626,0,0,0,0,0,0,0,0,0,0,0,0
10.8829269023392,0.291819271202836,0.0983438107638542,-0.00835840835662397,0.116727708481135,0.0393375243055418,-0.00334336334264952,0,0,0,0,0,0,0,0,0,0,0,0
10.8929318800643,0.292802777262679,0.0982592137993404,-0.00855250988763743,0.117121110905072,0.0393036855197362,-0.00342100395505495,0,0,0,0,0,0,0,0,0,0,0,0
10.9029368577893,0.293785427222757,0.0981726765724851,-0.008746266450022,0.117514170889103,0.0392690706289941,-0.00349850658000874,0,0,0,0,0,0,0,0,0,0,0,0
10.9129418355144,0.294767201688187,0.0980842025739661,-0.00893967019473567,0.117906880675275,0.0392336810295865,-0.00357586807789419,0,0,0,0,0,0,0,0,0,0,0,0
10.9229468132395,0.295748081299399,0.0979937953729317,-0.00913271328470119,0.11829923251976,0.0391975181491727,-0.00365308531388043,0,0,0,0,0,0,0,0,0,0,0,0
10.9329517909645,0.296728046732929,0.0979014586168784,-0.00932538789507743,0.118691218693171,0.0391605834467514,-0.00373015515803094,0,0,0,0,0,0,0,0,0,0,0,0
10.9429567686896,0.297707078702191,0.0978071960315282,-0.00951768621353178,0.119082831480876,0.0391228784126113,-0.00380707448541267,0,0,0,0,0,0,0,0,0,0,0,0
10.9529617464147,0.298685157958272,0.097711011420701,-0.00970960044051164,0.119474063183309,0.0390844045682805,-0.00388384017620458,0,0,0,0,0,0,0,0,0,0,0,0
10.9629667241397,0.299662265290703,0.0976129086661867,-0.00990112278951648,0.119864906116281,0.0390451634664747,-0.00396044911580653,0,0,0,0,0,0,0,0,0,0,0,0
10.9729717018648,0.300638381528242,0.0975128917276116,-0.01009224548737,0.120255352611297,0.0390051566910447,-0.00403689819494794,0,0,0,0,0,0,0,0,0,0,0,0
10.9829766795899,0.301613487539653,0.0974109646423058,-0.0102829607744919,0.120645395015861,0.0389643858569223,-0.00411318430979668,0,0,0,0,0,0,0,0,0,0,0,0
10.9929816573149,0.302587564234479,0.0973071315251638,-0.0104732609051694,0.121035025693791,0.0389228526100655,-0.0041893043620677,0,0,0,0,0,0,0,0,0,0,0,0
11.00298663504,0.303560592563822,0.0972013965685057,-0.0106631381478299,0.121424237025529,0.0388805586274023,-0.00426525525913191,0,0,0,0,0,0,0,0,0,0,0,0
11.0129916127651,0.304532553521115,0.0970937640419338,-0.0108525847853124,0.121813021408446,0.0388375056167736,-0.00434103391412486,0,0,0,0,0,0,0,0,0,0,0,0
11.0229965904901,0.305503428142893,0.0969842382921871,-0.0110415931151393,0.122201371257157,0.038793695316875,-0.00441663724605563,0,0,0,0,0,0,0,0,0,0,0,0
11.0330015682152,0.306473197509566,0.0968728237429936,-0.0112301554497889,0.122589279003827,0.0387491294971975,-0.00449206217991549,0,0,0,0,0,0,0,0,0,0,0,0
11.0430065459403,0.307441842746188,0.0967595248949183,-0.0114182641169669,0.122976737098475,0.0387038099579674,-0.00456730564678666,0,0,0,0,0,0,0,0,0,0,0,0
11.0530115236653,0.308409345023224,0.0966443463252101,-0.0116059114598781,0.123363738009289,0.0386577385300841,-0.00464236458395122,0,0,0,0,0,0,0,0,0,0,0,0
11.0630165013904,0.309375685557317,0.0965272926876454,-0.0117930898374992,0.123750274222927,0.0386109170750583,-0.00471723593499957,0,0,0,0,0,0,0,0,0,0,0,0
11.0730214791155,0.310340845612054,0.0964083687123691,-0.0119797916248493,0.124136338244822,0.0385633474849477,-0.00479191664993968,0,0,0,0,0,0,0,0,0,0,0,0
11.0830264568405,0.31130480649873,0.096287579205732,-0.0121660092132634,0.124521922599492,0.0385150316822929,-0.00486640368530527,0,0,0,0,0,0,0,0,0,0,0,0
11.0930314345656,0.312267549577103,0.0961649290501271,-0.0123517350106632,0.124907019830841,0.0384659716200509,-0.00494069400426524,0,0,0,0,0,0,0,0,0,0,0,0
11.1030364122907,0.313229056256165,0.0960404232038215,-0.0125369614418295,0.125291622502466,0.0384161692815286,-0.00501478457673176,0,0,0,0,0,0,0,0,0,0,0,0
11.1130413900157,0.314189307994889,0.0959140667007868,-0.012721680948674,0.125675723197956,0.0383656266803148,-0.0050886723794695,0,0,0,0,0,0,0,0,0,0,0,0
11.1230463677408,0.315148286302994,0.0957858646505266,-0.012905885990511,0.126059314521197,0.0383143458602107,-0.00516235439620439,0,0,0,0,0,0,0,0,0,0,0,0
11.1330513454659,0.316105972741695,0.0956558222379004,-0.0130895690443302,0.126442389096678,0.0382623288951601,-0.00523582761773197,0,0,0,0,0,0,0,0,0,0,0,0
11.1430563231909,0.31706234892446,0.0955239447229456,-0.0132727226050671,0.126824939569784,0.0382095778891783,-0.00530908904202674,0,0,0,0,0,0,0,0,0,0,0,0
11.153061300916,0.318017396517754,0.0953902374406971,-0.0134553391858761,0.127206958607102,0.0381560949762789,-0.00538213567435041,0,0,0,0,0,0,0,0,0,0,0,0
11.1630662786411,0.318971097241798,0.0952547058010029,-0.0136374113184027,0.127588438896719,0.0381018823204012,-0.00545496452736098,0,0,0,0,0,0,0,0,0,0,0,0
11.1730712563661,0.319923432871311,0.0951173552883381,-0.013818931553054,0.127969373148524,0.0380469421153353,-0.00552757262122153,0,0,0,0,0,0,0,0,0,0,0,0
11.1830762340912,0.320874385236255,0.0949781914616162,-0.0139998924592717,0.128349754094502,0.0379912765846465,-0.00559995698370856,0,0,0,0,0,0,0,0,0,0,0,0
11.1930812118163,0.321823936222582,0.0948372199539961,-0.014180286625804,0.128729574489033,0.0379348879815986,-0.00567211465032153,0,0,0,0,0,0,0,0,0,0,0,0
11.2030861895413,0.322772067772972,0.0946944464726898,-0.014360106660977,0.129108827109189,0.037877778589076,-0.00574404266439072,0,0,0,0,0,0,0,0,0,0,0,0
11.2130911672664,0.323718761887578,0.0945498767987619,-0.014539345192967,0.129487504755031,0.0378199507195049,-0.00581573807718672,0,0,0,0,0,0,0,0,0,0,0,0
11.2230961449915,0.324664000624759,0.0944035167869332,-0.0147179948700725,0.129865600249904,0.0377614067147733,-0.00588719794802892,0,0,0,0,0,0,0,0,0,0,0,0
11.2331011227165,0.32560776610182,0.0942553723653754,-0.0148960483609854,0.130243106440728,0.0377021489461503,-0.00595841934439415,0,0,0,0,0,0,0,0,0,0,0,0
11.2431061004416,0.32655004049574,0.0941054495355066,-0.0150734983550642,0.130620016198296,0.0376421798142028,-0.00602939934202562,0,0,0,0,0,0,0,0,0,0,0,0
11.2531110781667,0.327490806043911,0.0939537543717838,-0.0152503375626046,0.130996322417564,0.0375815017487136,-0.00610013502504171,0,0,0,0,0,0,0,0,0,0,0,0
11.2631160558917,0.328430045044865,0.0938002930214908,-0.0154265587151122,0.131372018017946,0.0375201172085963,-0.00617062348604478,0,0,0,0,0,0,0,0,0,0,0,0
11.2731210336168,0.329367739858997,0.0936450717045257,-0.0156021545655742,0.131747095943599,0.0374580286818103,-0.00624086182622957,0,0,0,0,0,0,0,0,0,0,0,0
11.2831260113419,0.330303872909298,0.093488096713184,-0.0157771178887312,0.132121549163719,0.0373952386852736,-0.00631084715549244,0,0,0,0,0,0,0,0,0,0,0,0
11.2931309890669,0.331238426682072,0.0933293744119396,-0.0159514414813497,0.132495370672829,0.0373317497647759,-0.0063805765925398,0,0,0,0,0,0,0,0,0,0,0,0
11.303135966792,0.332171383727661,0.0931689112372242,-0.0161251181624931,0.132868553491064,0.0372675644948898,-0.00645004726499713,0,0,0,0,0,0,0,0,0,0,0,0
11.3131409445171,0.333102726661163,0.0930067136972007,-0.0162981407737941,0.133241090664465,0.0372026854788803,-0.00651925630951755,0,0,0,0,0,0,0,0,0,0,0,0
11.3231459222421,0.334032438163145,0.0928427883715381,-0.0164705021797269,0.133612975265258,0.0371371153486153,-0.00658820087189067,0,0,0,0,0,0,0,0,0,0,0,0
11.3331508999672,0.334960500980364,0.0926771419111805,-0.0166421952678786,0.133984200392146,0.0370708567644723,-0.00665687810715142,0,0,0,0,0,0,0,0,0,0,0,0
11.3431558776923,0.335886897926472,0.0925097810381147,-0.0168132129492217,0.134354759170589,0.037003912415246,-0.00672528517968858,0,0,0,0,0,0,0,0,0,0,0,0
11.3531608554173,0.336811611882731,0.0923407125451353,-0.0169835481583852,0.134724644753092,0.0369362850180542,-0.00679341926335392,0,0,0,0,0,0,0,0,0,0,0,0
11.3631658331424,0.337734625798716,0.0921699432956058,-0.017153193853927,0.135093850319486,0.0368679773182424,-0.0068612775415707,0,0,0,0,0,0,0,0,0,0,0,0
11.3731708108675,0.338655922693023,0.0919974802232186,-0.0173221430186062,0.135462369077209,0.0367989920892876,-0.00692885720744239,0,0,0,0,0,0,0,0,0,0,0,0
11.3831757885925,0.33957548565397,0.0918233303317516,-0.0174903886596545,0.135830194261588,0.0367293321327007,-0.00699615546386166,0,0,0,0,0,0,0,0,0,0,0,0
11.3931807663176,0.340493297840298,0.0916475006948207,-0.017657923809048,0.136197319136119,0.0366590002779283,-0.00706316952361911,0,0,0,0,0,0,0,0,0,0,0,0
11.4031857440427,0.341409342481865,0.0914699984556328,-0.0178247415237796,0.136563736992746,0.0365879993822531,-0.00712989660951175,0,0,0,0,0,0,0,0,0,0,0,0
11.4131907217677,0.342323602880348,0.0912908308267323,-0.0179908348861306,0.136929441152139,0.0365163323306929,-0.00719633395445213,0,0,0,0,0,0,0,0,0,0,0,0
11.4231956994928,0.343236062409928,0.0911100050897484,-0.0181561970039426,0.137294424963971,0.0364440020358995,-0.00726247880157697,0,0,0,0,0,0,0,0,0,0,0,0
11.4332006772179,0.344146704517984,0.0909275285951367,-0.0183208210108899,0.137658681807193,0.0363710114380548,-0.00732832840435586,0,0,0,0,0,0,0,0,0,0,0,0
11.4432056549429,0.345055512725779,0.09074340876192,-0.0184847000667504,0.138022205090311,0.0362973635047681,-0.00739388002670008,0,0,0,0,0,0,0,0,0,0,0,0
11.453210632668,0.345962470629144,0.0905576530774255,-0.0186478273576788,0.138384988251658,0.0362230612309701,-0.00745913094307143,0,0,0,0,0,0,0,0,0,0,0,0
11.4632156103931,0.346867561899164,0.0903702690970197,-0.0188101960964776,0.138747024759665,0.0361481076388079,-0.00752407843859092,0,0,0,0,0,0,0,0,0,0,0,0
11.4732205881181,0.347770770282853,0.0901812644438409,-0.0189717995228689,0.139108308113141,0.0360725057775364,-0.00758871980914756,0,0,0,0,0,0,0,0,0,0,0,0
11.4832255658432,0.348672079603831,0.0899906468085273,-0.0191326309037679,0.139468831841532,0.035996258723411,-0.00765305236150705,0,0,0,0,0,0,0,0,0,0,0,0
11.4932305435683,0.349571473763001,0.0897984239489451,-0.019292683533552,0.139828589505201,0.035919369579578,-0.00771707341342076,0,0,0,0,0,0,0,0,0,0,0,0
11.5032355212933,0.350468936739219,0.0896046036899104,-0.0194519507343359,0.140187574695687,0.0358418414759643,-0.00778078029373428,0,0,0,0,0,0,0,0,0,0,0,0
11.5132404990184,0.351364452589959,0.089409193922913,-0.0196104258562408,0.140545781035983,0.0357636775691652,-0.00784417034249626,0,0,0,0,0,0,0,0,0,0,0,0
11.5232454767435,0.352258005451983,0.0892122026058321,-0.0197681022776682,0.140903202180793,0.035684881042333,-0.00790724091106725,0,0,0,0,0,0,0,0,0,0,0,0
11.5332504544686,0.353149579542004,0.0890136377626543,-0.019924973405571,0.141259831816802,0.0356054551050618,-0.00796998936222834,0,0,0,0,0,0,0,0,0,0,0,0
11.5432554321936,0.354039159157343,0.0888135074831845,-0.0200810326757252,0.141615663662937,0.0355254029932739,-0.00803241307028993,0,0,0,0,0,0,0,0,0,0,0,0
11.5532604099187,0.354926728676586,0.0886118199227576,-0.0202362735530023,0.141970691470634,0.0354447279691033,-0.00809450942120083,0,0,0,0,0,0,0,0,0,0,0,0
11.5632653876437,0.35581227256024,0.0884085833019465,-0.0203906895316414,0.142324909024096,0.0353634333207786,-0.00815627581265643,0,0,0,0,0,0,0,0,0,0,0,0
11.5732703653688,0.356695775351387,0.0882038059062642,-0.0205442741355203,0.142678310140555,0.0352815223625057,-0.00821770965420807,0,0,0,0,0,0,0,0,0,0,0,0
11.5832753430939,0.357577221676325,0.0879974960858692,-0.0206970209184283,0.14303088867053,0.0351989984343477,-0.00827880836737124,0,0,0,0,0,0,0,0,0,0,0,0
11.5932803208189,0.358456596245219,0.0877896622552634,-0.0208489234643375,0.143382638498087,0.0351158649021054,-0.00833956938573491,0,0,0,0,0,0,0,0,0,0,0,0
11.603285298544,0.359333883852741,0.087580312892988,-0.0209999753876751,0.143733553541096,0.0350321251571952,-0.00839999015506995,0,0,0,0,0,0,0,0,0,0,0,0
11.6132902762691,0.36020906937871,0.0873694565413189,-0.0211501703335949,0.144083627751484,0.0349477826165277,-0.00846006813343781,0,0,0,0,0,0,0,0,0,0,0,0
11.6232952539941,0.361082137788729,0.0871571018059569,-0.0212995019782497,0.144432855115492,0.0348628407223827,-0.00851980079129978,0,0,0,0,0,0,0,0,0,0,0,0
11.6333002317192,0.361953074134815,0.0869432573557166,-0.0214479640290631,0.144781229653926,0.0347773029422867,-0.00857918561162511,0,0,0,0,0,0,0,0,0,0,0,0
11.6433052094443,0.362821863556031,0.0867279319222122,-0.0215955502250011,0.145128745422413,0.034691172768885,-0.00863822009000031,0,0,0,0,0,0,0,0,0,0,0,0
11.6533101871693,0.363688491279114,0.0865111342995407,-0.0217422543368442,0.145475396511646,0.0346044537198164,-0.00869690173473756,0,0,0,0,0,0,0,0,0,0,0,0
11.6633151648944,0.364552942619095,0.0862928733439614,-0.0218880701674597,0.145821177047638,0.0345171493375846,-0.00875522806698379,0,0,0,0,0,0,0,0,0,0,0,0
11.6733201426195,0.365415202979921,0.0860731579735747,-0.0220329915520731,0.146166081191968,0.0344292631894301,-0.00881319662082913,0,0,0,0,0,0,0,0,0,0,0,0
11.6833251203445,0.366275257855076,0.0858519971679964,-0.0221770123585397,0.14651010314203,0.0343407988671987,-0.00887080494341584,0,0,0,0,0,0,0,0,0,0,0,0
11.6933300980696,0.367133092828187,0.0856293999680296,-0.0223201264876183,0.146853237131274,0.0342517599872119,-0.00892805059504722,0,0,0,0,0,0,0,0,0,0,0,0
11.7033350757947,0.367988693573641,0.0854053754753343,-0.0224623278732403,0.147195477429456,0.0341621501901338,-0.00898493114929606,0,0,0,0,0,0,0,0,0,0,0,0
11.7133400535197,0.368842045857188,0.0851799328520948,-0.0226036104827842,0.147536818342875,0.034071973140838,-0.00904144419311356,0,0,0,0,0,0,0,0,0,0,0,0
11.7233450312448,0.369693135536551,0.0849530813206828,-0.0227439683173461,0.14787725421462,0.0339812325282733,-0.00909758732693838,0,0,0,0,0,0,0,0,0,0,0,0
11.7333500089699,0.370541948562018,0.0847248301633199,-0.0228833954120122,0.148216779424807,0.033889932065328,-0.00915335816480479,0,0,0,0,0,0,0,0,0,0,0,0
11.7433549866949,0.371388470977045,0.0844951887217339,-0.0230218858361301,0.148555388390818,0.0337980754886937,-0.00920875433445191,0,0,0,0,0,0,0,0,0,0,0,0
11.75335996442,0.372232688918848,0.0842641663968176,-0.0231594336935816,0.148893075567539,0.033705666558727,-0.00926377347743246,0,0,0,0,0,0,0,0,0,0,0,0
11.7633649421451,0.373074588618994,0.0840317726482793,-0.0232960331230537,0.149229835447598,0.0336127090593118,-0.00931841324922139,0,0,0,0,0,0,0,0,0,0,0,0
11.7733699198701,0.373914156403985,0.0837980169942951,-0.0234316782983117,0.149565662561594,0.033519206797718,-0.0093726713193246,0,0,0,0,0,0,0,0,0,0,0,0
11.7833748975952,0.374751378695845,0.0835629090111554,-0.0235663634284696,0.149900551478338,0.0334251636044622,-0.00942654537138774,0,0,0,0,0,0,0,0,0,0,0,0
11.7933798753203,0.375586242012697,0.0833264583329106,-0.0237000827582631,0.150234496805079,0.0333305833331644,-0.00948003310330511,0,0,0,0,0,0,0,0,0,0,0,0
11.8033848530454,0.37641873296934,0.0830886746510134,-0.0238328305683214,0.150567493187736,0.0332354698604054,-0.0095331322273285,0,0,0,0,0,0,0,0,0,0,0,0
11.8133898307704,0.377248838277823,0.0828495677139568,-0.0239646011754387,0.150899535311129,0.0331398270855827,-0.00958584047017535,0,0,0,0,0,0,0,0,0,0,0,0
11.8233948084955,0.378076544748007,0.0826091473269131,-0.0240953889328465,0.151230617899203,0.0330436589307653,-0.00963815557313851,0,0,0,0,0,0,0,0,0,0,0,0
11.8333997862205,0.378901839288143,0.0823674233513669,-0.0242251882304855,0.151560735715257,0.0329469693405469,-0.00969007529219409,0,0,0,0,0,0,0,0,0,0,0,0
11.8434047639456,0.379724708905421,0.0821244057047462,-0.0243539934952771,0.151889883562168,0.0328497622818986,-0.00974159739811071,0,0,0,0,0,0,0,0,0,0,0,0
11.8534097416707,0.380545140706534,0.0818801043600518,-0.0244817991913958,0.152218056282614,0.0327520417440209,-0.00979271967655819,0,0,0,0,0,0,0,0,0,0,0,0
11.8634147193958,0.381363121898232,0.0816345293454823,-0.0246085998205411,0.152545248759293,0.032653811738193,-0.00984343992821634,0,0,0,0,0,0,0,0,0,0,0,0
11.8734196971208,0.382178639787872,0.0813876907440587,-0.0247343899222089,0.152871455915149,0.0325550762976235,-0.00989375596888345,0,0,0,0,0,0,0,0,0,0,0,0
11.8834246748459,0.38299168178396,0.0811395986932425,-0.0248591640739641,0.153196672713584,0.032455839477297,-0.00994366562958556,0,0,0,0,0,0,0,0,0,0,0,0
11.8934296525709,0.383802235396703,0.0808902633845567,-0.0249829168917123,0.153520894158681,0.0323561053538228,-0.0099931667566848,0,0,0,0,0,0,0,0,0,0,0,0
11.903434630296,0.38461028823854,0.0806396950631978,-0.0251056430299709,0.153844115295416,0.0322558780252792,-0.0100422572119882,0,0,0,0,0,0,0,0,0,0,0,0
11.9134396080211,0.385415828024681,0.0803879040276503,-0.0252273371821426,0.154166331209872,0.0321551616110601,-0.0100909348728569,0,0,0,0,0,0,0,0,0,0,0,0
11.9234445857462,0.386218842573636,0.0801349006292946,-0.0253479940807862,0.154487537029454,0.032053960251718,-0.0101391976323143,0,0,0,0,0,0,0,0,0,0,0,0
11.9334495634712,0.387019319807744,0.0798806952720162,-0.0254676084978884,0.154807727923098,0.0319522781088065,-0.0101870433991553,0,0,0,0,0,0,0,0,0,0,0,0
11.9434545411963,0.387817247753696,0.0796252984118062,-0.0255861752451365,0.155126899101478,0.0318501193647226,-0.0102344700980545,0,0,0,0,0,0,0,0,0,0,0,0
11.9534595189213,0.388612614543052,0.0793687205563671,-0.0257036891741897,0.155445045817221,0.0317474882225469,-0.0102814756696757,0,0,0,0,0,0,0,0,0,0,0,0
11.9634644966464,0.389405408412761,0.0791109722647074,-0.0258201451769518,0.155762163365104,0.0316443889058831,-0.0103280580707805,0,0,0,0,0,0,0,0,0,0,0,0
11.9734694743715,0.390195617705668,0.0788520641467415,-0.0259355381858415,0.156078247082267,0.0315408256586967,-0.0103742152743365,0,0,0,0,0,0,0,0,0,0,0,0
11.9834744520965,0.390983230871023,0.0785920068628793,-0.0260498631740664,0.156393292348409,0.0314368027451517,-0.0104199452696264,0,0,0,0,0,0,0,0,0,0,0,0
11.9934794298216,0.391768236464985,0.0783308111236192,-0.0261631151558933,0.156707294585994,0.0313323244494477,-0.0104652460623572,0,0,0,0,0,0,0,0,0,0,0,0
12.0034844075467,0.392550623151119,0.0780684876891355,-0.0262752891869207,0.157020249260448,0.0312273950756543,-0.0105101156747682,0,0,0,0,0,0,0,0,0,0,0,0
12.0134893852718,0.393330379700893,0.0778050473688629,-0.0263863803643512,0.157332151880357,0.0311220189475452,-0.0105545521457403,0,0,0,0,0,0,0,0,0,0,0,0
12.0234943629968,0.394107494994166,0.0775405010210791,-0.0264963838272625,0.157642997997666,0.0310162004084318,-0.0105985535309049,0,0,0,0,0,0,0,0,0,0,0,0
12.0334993407219,0.39488195801968,0.0772748595524847,-0.0266052947568799,0.157952783207872,0.030909943820994,-0.0106421179027519,0,0,0,0,0,0,0,0,0,0,0,0
12.0435043184469,0.395653757875536,0.0770081339177805,-0.0267131083768483,0.158261503150214,0.0308032535671124,-0.0106852433507392,0,0,0,0,0,0,0,0,0,0,0,0
12.053509296172,0.396422883769674,0.0767403351192406,-0.0268198199535036,0.15856915350787,0.0306961340476963,-0.0107279279814012,0,0,0,0,0,0,0,0,0,0,0,0
12.0635142738971,0.397189325020351,0.0764714742062848,-0.026925424796145,0.15887573000814,0.0305885896825141,-0.010770169918458,0,0,0,0,0,0,0,0,0,0,0,0
12.0735192516222,0.397953071056605,0.0762015622750477,-0.0270299182573072,0.159181228422642,0.0304806249100191,-0.0108119673029227,0,0,0,0,0,0,0,0,0,0,0,0
12.0835242293472,0.398714111418722,0.0759306104679431,-0.0271332957330313,0.159485644567489,0.0303722441871774,-0.0108533182932123,0,0,0,0,0,0,0,0,0,0,0,0
12.0935292070723,0.399472435758699,0.0756586299732306,-0.0272355526631377,0.15978897430348,0.0302634519892923,-0.0108942210652549,0,0,0,0,0,0,0,0,0,0,0,0
12.1035341847974,0.400228033840698,0.0753856320245717,-0.0273366845314982,0.160091213536279,0.0301542528098288,-0.0109346738125992,0,0,0,0,0,0,0,0,0,0,0,0
12.1135391625224,0.400980895541499,0.0751116279005919,-0.0274366868663066,0.160392358216599,0.0300446511602369,-0.0109746747465225,0,0,0,0,0,0,0,0,0,0,0,0
12.1235441402475,0.401731010850946,0.0748366289244334,-0.0275355552403522,0.160692404340378,0.0299346515697735,-0.0110142220961408,0,0,0,0,0,0,0,0,0,0,0,0
12.1335491179726,0.402478369872395,0.0745606464633088,-0.02763328527129,0.160991347948958,0.0298242585853236,-0.0110533141085159,0,0,0,0,0,0,0,0,0,0,0,0
12.1435540956976,0.403222962823146,0.0742836919280492,-0.0277298726219148,0.161289185129258,0.0297134767712197,-0.0110919490487657,0,0,0,0,0,0,0,0,0,0,0,0
12.1535590734227,0.403964780034881,0.0740057767726547,-0.0278253130004311,0.161585912013952,0.029602310709062,-0.0111301252001722,0,0,0,0,0,0,0,0,0,0,0,0
12.1635640511478,0.404703811954095,0.073726912493834,-0.0279196021607254,0.161881524781638,0.0294907649975338,-0.0111678408642901,0,0,0,0,0,0,0,0,0,0,0,0
12.1735690288728,0.405440049142517,0.0734471106305502,-0.0280127359026401,0.162176019657006,0.0293788442522202,-0.0112050943610559,0,0,0,0,0,0,0,0,0,0,0,0
12.1835740065979,0.406173482277533,0.0731663827635562,-0.0281047100722423,0.162469392911013,0.0292665531054225,-0.0112418840288967,0,0,0,0,0,0,0,0,0,0,0,0
12.193578984323,0.406904102152603,0.072884740514934,-0.0281955205620976,0.162761640861041,0.0291538962059738,-0.0112782082248389,0,0,0,0,0,0,0,0,0,0,0,0
12.203583962048,0.407631899677667,0.0726021955476259,-0.0282851633115428,0.163052759871067,0.0290408782190506,-0.0113140653246169,0,0,0,0,0,0,0,0,0,0,0,0
12.2135889397731,0.408356865879558,0.072318759564967,-0.0283736343069552,0.163342746351823,0.0289275038259867,-0.0113494537227819,0,0,0,0,0,0,0,0,0,0,0,0
12.2235939174981,0.409078991902401,0.0720344443102098,-0.0284609295820267,0.16363159676096,0.028813777724084,-0.0113843718328105,0,0,0,0,0,0,0,0,0,0,0,0
12.2335988952232,0.409798269008006,0.0717492615660536,-0.0285470452180357,0.163919307603202,0.0286997046264216,-0.0114188180872141,0,0,0,0,0,0,0,0,0,0,0,0
12.2436038729483,0.410514688576267,0.0714632231541656,-0.0286319773441167,0.164205875430507,0.0285852892616664,-0.0114527909376466,0,0,0,0,0,0,0,0,0,0,0,0
12.2536088506734,0.411228242105547,0.0711763409346995,-0.0287157221375359,0.164491296842219,0.02847053637388,-0.0114862888550142,0,0,0,0,0,0,0,0,0,0,0,0
12.2636138283984,0.411938921213059,0.0708886268058135,-0.0287982758239598,0.164775568485223,0.0283554507223256,-0.0115193103295838,0,0,0,0,0,0,0,0,0,0,0,0
12.2736188061235,0.412646717635242,0.070600092703185,-0.0288796346777285,0.165058687054097,0.0282400370812742,-0.0115518538710913,0,0,0,0,0,0,0,0,0,0,0,0
12.2836237838486,0.413351623228143,0.0703107505995218,-0.0289597950221281,0.165340649291257,0.0281243002398088,-0.0115839180088511,0,0,0,0,0,0,0,0,0,0,0,0
12.2936287615736,0.414053629967773,0.0700206125040706,-0.0290387532296619,0.165621451987109,0.0280082450016283,-0.0116155012918646,0,0,0,0,0,0,0,0,0,0,0,0
12.3036337392987,0.414752729950481,0.0697296904621243,-0.0291165057223219,0.165901091980192,0.0278918761848499,-0.0116466022889287,0,0,0,0,0,0,0,0,0,0,0,0
12.3136387170237,0.415448915393302,0.0694379965545254,-0.0291930489718626,0.166179566157321,0.0277751986218103,-0.0116772195887448,0,0,0,0,0,0,0,0,0,0,0,0
12.3236436947488,0.416142178634319,0.0691455428971658,-0.0292683795000698,0.166456871453728,0.0276582171588665,-0.0117073518000277,0,0,0,0,0,0,0,0,0,0,0,0
12.3336486724739,0.416832512133007,0.0688523416404862,-0.029342493879036,0.166733004853203,0.0275409366561945,-0.0117369975516143,0,0,0,0,0,0,0,0,0,0,0,0
12.343653650199,0.417519908470576,0.0685584049689684,-0.0294153887314299,0.16700796338823,0.0274233619875873,-0.0117661554925718,0,0,0,0,0,0,0,0,0,0,0,0
12.353658627924,0.418204360350309,0.068263745100633,-0.0294870607307689,0.167281744140123,0.0273054980402534,-0.0117948242923074,0,0,0,0,0,0,0,0,0,0,0,0
12.3636636056491,0.418885860597897,0.0679683742865253,-0.0295575066016921,0.167554344239158,0.0271873497146101,-0.0118230026406767,0,0,0,0,0,0,0,0,0,0,0,0
12.3736685833742,0.419564402161764,0.0676723048102029,-0.0296267231202303,0.167825760864705,0.0270689219240813,-0.0118506892480919,0,0,0,0,0,0,0,0,0,0,0,0
12.3836735610992,0.420239978113392,0.0673755489872221,-0.0296947071140793,0.168095991245357,0.0269502195948891,-0.0118778828456315,0,0,0,0,0,0,0,0,0,0,0,0
12.3936785388243,0.420912581647639,0.0670781191646184,-0.0297614554628718,0.168365032659056,0.0268312476658475,-0.0119045821851486,0,0,0,0,0,0,0,0,0,0,0,0
12.4036835165494,0.421582206083048,0.0667800277203846,-0.0298269650984486,0.168632882433219,0.0267120110881539,-0.0119307860393793,0,0,0,0,0,0,0,0,0,0,0,0
12.4136884942744,0.422248844862158,0.0664812870629486,-0.0298912330051309,0.168899537944863,0.0265925148251796,-0.0119564932020521,0,0,0,0,0,0,0,0,0,0,0,0
12.4236934719995,0.422912491551803,0.0661819096306459,-0.0299542562199923,0.169164996620721,0.0264727638522586,-0.0119817024879968,0,0,0,0,0,0,0,0,0,0,0,0
12.4336984497246,0.42357313984341,0.0658819078911927,-0.030016031833131,0.169429255937364,0.0263527631564773,-0.0120064127332522,0,0,0,0,0,0,0,0,0,0,0,0
12.4437034274496,0.424230783553288,0.0655812943411504,-0.0300765569879408,0.169692313421315,0.0262325177364604,-0.0120306227951762,0,0,0,0,0,0,0,0,0,0,0,0
12.4537084051747,0.424885416622921,0.0652800815053942,-0.0301358288813835,0.169954166649168,0.0261120326021579,-0.0120543315525532,0,0,0,0,0,0,0,0,0,0,0,0
12.4637133828998,0.425537033119239,0.0649782819365731,-0.0301938447642617,0.170214813247695,0.0259913127746294,-0.0120775379057045,0,0,0,0,0,0,0,0,0,0,0,0
12.4737183606248,0.426185627234899,0.0646759082145729,-0.0302506019414891,0.170474250893959,0.0258703632858293,-0.0121002407765955,0,0,0,0,0,0,0,0,0,0,0,0
12.4837233383499,0.426831193288552,0.0643729729459712,-0.0303060977723633,0.170732477315421,0.0257491891783884,-0.0121224391089452,0,0,0,0,0,0,0,0,0,0,0,0
12.493728316075,0.427473725725114,0.0640694887634917,-0.0303603296708385,0.170989490290045,0.025627795505397,-0.0121441318683352,0,0,0,0,0,0,0,0,0,0,0,0
12.5037332938,0.428113219116012,0.063765468325459,-0.0304132951057956,0.171245287646405,0.0255061873301837,-0.0121653180423181,0,0,0,0,0,0,0,0,0,0,0,0
12.5137382715251,0.428749668159451,0.0634609243152428,-0.0304649916013152,0.17149986726378,0.0253843697260973,-0.0121859966405259,0,0,0,0,0,0,0,0,0,0,0,0
12.5237432492502,0.429383067680653,0.0631558694407097,-0.0305154167369502,0.171753227072261,0.0252623477762839,-0.0122061666947799,0,0,0,0,0,0,0,0,0,0,0,0
12.5337482269752,0.430013412632104,0.0628503164336626,-0.030564568147996,0.172005365052841,0.0251401265734652,-0.0122258272591982,0,0,0,0,0,0,0,0,0,0,0,0
12.5437532047003,0.430640698093785,0.0625442780492837,-0.0306124435257639,0.172256279237514,0.0250177112197135,-0.0122449774103053,0,0,0,0,0,0,0,0,0,0,0,0
12.5537581824254,0.431264919273412,0.0622377670655719,-0.030659040617852,0.172505967709365,0.0248951068262289,-0.0122636162471406,0,0,0,0,0,0,0,0,0,0,0,0
12.5637631601504,0.431886071506654,0.0619307962827791,-0.0307043572284181,0.172754428602662,0.0247723185131119,-0.0122817428913672,0,0,0,0,0,0,0,0,0,0,0,0
12.5737681378755,0.432504150257354,0.0616233785228424,-0.0307483912184512,0.173001660102942,0.0246493514091372,-0.0122993564873803,0,0,0,0,0,0,0,0,0,0,0,0
12.5837731156006,0.433119151117747,0.061315526628814,-0.0307911405060425,0.173247660447099,0.0245262106515259,-0.0123164562024168,0,0,0,0,0,0,0,0,0,0,0,0
12.5937780933256,0.433731069808662,0.0610072534642891,-0.0308326030666587,0.173492427923465,0.0244029013857159,-0.0123330412266634,0,0,0,0,0,0,0,0,0,0,0,0
12.6037830710507,0.434339902179732,0.0606985719128298,-0.0308727769334138,0.173735960871893,0.0242794287651321,-0.0123491107733654,0,0,0,0,0,0,0,0,0,0,0,0
12.6137880487758,0.434945644209586,0.0603894948773869,-0.0309116601973395,0.173978257683834,0.0241557979509551,-0.0123646640789357,0,0,0,0,0,0,0,0,0,0,0,0
12.6237930265008,0.43554829200604,0.0600800352797207,-0.0309492510076595,0.174219316802416,0.0240320141118885,-0.0123797004030636,0,0,0,0,0,0,0,0,0,0,0,0
12.6337980042259,0.436147841806287,0.0597702060598159,-0.0309855475720587,0.174459136722514,0.0239080824239265,-0.0123942190288233,0,0,0,0,0,0,0,0,0,0,0,0
12.643802981951,0.436744289977067,0.0594600201752949,-0.0310205481569574,0.174697715990827,0.0237840080701181,-0.0124082192627828,0,0,0,0,0,0,0,0,0,0,0,0
12.653807959676,0.437337633014853,0.0591494906008298,-0.0310542510877827,0.174935053205941,0.023659796240332,-0.0124217004351128,0,0,0,0,0,0,0,0,0,0,0,0
12.6638129374011,0.437927867546008,0.0588386303275511,-0.0310866547492392,0.175171147018403,0.0235354521310206,-0.0124346618996955,0,0,0,0,0,0,0,0,0,0,0,0
12.6738179151262,0.438514990326952,0.0585274523624523,-0.031117757585582,0.175405996130781,0.0234109809449811,-0.0124471030342326,0,0,0,0,0,0,0,0,0,0,0,0
12.6838228928512,0.439098998244318,0.0582159697277931,-0.0311475581008892,0.175639599297727,0.0232863878911174,-0.0124590232403554,0,0,0,0,0,0,0,0,0,0,0,0
12.6938278705763,0.439679888315098,0.0579041954604995,-0.0311760548593317,0.175871955326039,0.0231616781841998,-0.0124704219437325,0,0,0,0,0,0,0,0,0,0,0,0
12.7038328483014,0.44025765768679,0.0575921426115605,-0.031203246485448,0.176103063074716,0.0230368570446243,-0.012481298594179,0,0,0,0,0,0,0,0,0,0,0,0
12.7138378260264,0.440832303637533,0.0572798242454243,-0.0312291316644135,0.176332921455013,0.02291192969817,-0.0124916526657651,0,0,0,0,0,0,0,0,0,0,0,0
12.7238428037515,0.441403823576245,0.0569672534393894,-0.0312537091423133,0.176561529430498,0.022786901375756,-0.0125014836569251,0,0,0,0,0,0,0,0,0,0,0,0
12.7338477814766,0.44197221504274,0.056654443282993,-0.0312769777264153,0.176788886017096,0.0226617773131974,-0.0125107910905659,0,0,0,0,0,0,0,0,0,0,0,0
12.7438527592016,0.44253747570785,0.0563414068773996,-0.0312989362854405,0.177014990283139,0.02253656275096,-0.012519574514176,0,0,0,0,0,0,0,0,0,0,0,0
12.7538577369267,0.443099603373543,0.0560281573347827,-0.0313195837498352,0.177239841349417,0.0224112629339134,-0.0125278334999339,0,0,0,0,0,0,0,0,0,0,0,0
12.7638627146518,0.443658595973024,0.0557147077777069,-0.0313389191120444,0.177463438389209,0.0222858831110827,-0.0125355676448178,0,0,0,0,0,0,0,0,0,0,0,0
12.7738676923768,0.44421445157084,0.0554010713385059,-0.0313569414267816,0.177685780628336,0.0221604285354027,-0.0125427765707125,0,0,0,0,0,0,0,0,0,0,0,0
12.7838726701019,0.444767168362972,0.0550872611586589,-0.0313736498113022,0.177906867345189,0.0220349044634637,-0.0125494599245206,0,0,0,0,0,0,0,0,0,0,0,0
12.793877647827,0.445316744676925,0.0547732903881625,-0.0313890434456748,0.17812669787077,0.0219093161552651,-0.0125556173782697,0,0,0,0,0,0,0,0,0,0,0,0
12.803882625552,0.445863178971808,0.0544591721849017,-0.0314031215730527,0.178345271588723,0.0217836688739609,-0.0125612486292209,0,0,0,0,0,0,0,0,0,0,0,0
12.8138876032771,0.446406469838414,0.0541449197140166,-0.0314158834999473,0.178562587935366,0.0216579678856068,-0.0125663533999787,0,0,0,0,0,0,0,0,0,0,0,0
12.8238925810022,0.446946615999283,0.0538305461472679,-0.0314273285964981,0.178778646399713,0.0215322184589072,-0.0125709314385991,0,0,0,0,0,0,0,0,0,0,0,0
12.8338975587272,0.44748361630877,0.0535160646623981,-0.0314374562967471,0.178993446523508,0.0214064258649593,-0.0125749825186987,0,0,0,0,0,0,0,0,0,0,0,0
12.8439025364523,0.448017469753102,0.0532014884424918,-0.0314462660989077,0.179206987901241,0.0212805953769968,-0.0125785064395629,0,0,0,0,0,0,0,0,0,0,0,0
12.8539075141774,0.448548175450425,0.0528868306753319,-0.0314537575656385,0.17941927018017,0.0211547322701329,-0.0125815030262551,0,0,0,0,0,0,0,0,0,0,0,0
12.8639124919024,0.44907573265085,0.0525721045527529,-0.0314599303243155,0.17963029306034,0.0210288418211013,-0.012583972129726,0,0,0,0,0,0,0,0,0,0,0,0
12.8739174696275,0.449600140736487,0.0522573232699927,-0.0314647840673026,0.179840056294594,0.0209029293079973,-0.0125859136269208,0,0,0,0,0,0,0,0,0,0,0,0
12.8839224473526,0.450121399221481,0.051942500025041,-0.0314683185522248,0.180048559688593,0.0207770000100167,-0.0125873274208897,0,0,0,0,0,0,0,0,0,0,0,0
12.8939274250776,0.450639507752035,0.0516276480179848,-0.0314705336022399,0.180255803100814,0.0206510592071943,-0.0125882134408958,0,0,0,0,0,0,0,0,0,0,0,0
12.9039324028027,0.451154466106422,0.0513127804503515,-0.031471429106309,0.180461786442569,0.020525112180141,-0.0125885716425234,0,0,0,0,0,0,0,0,0,0,0,0
12.9139373805278,0.451666274195005,0.0509979105244494,-0.0314710050194703,0.180666509678002,0.0203991642097798,-0.012588402007788,0,0,0,0,0,0,0,0,0,0,0,0
12.9239423582528,0.452174932060231,0.050683051442703,-0.0314692613631113,0.180869972824093,0.0202732205770817,-0.0125877045452442,0,0,0,0,0,0,0,0,0,0,0,0
12.9339473359779,0.452680439876642,0.0503682164069935,-0.0314661982252373,0.181072175950657,0.0201472865627973,-0.0125864792900948,0,0,0,0,0,0,0,0,0,0,0,0
12.943952313703,0.453182797950855,0.050053418617983,-0.0314618157607476,0.181273119180342,0.0200213674471936,-0.0125847263042989,0,0,0,0,0,0,0,0,0,0,0,0
12.953957291428,0.453682006721551,0.0497386712744514,-0.0314561141917053,0.18147280268862,0.0198954685097808,-0.0125824456766818,0,0,0,0,0,0,0,0,0,0,0,0
12.9639622691531,0.454178066759451,0.0494239875726183,-0.0314490938076086,0.18167122670378,0.0197695950290479,-0.0125796375230432,0,0,0,0,0,0,0,0,0,0,0,0
12.9739672468782,0.45467097876729,0.0491093807054693,-0.0314407549656644,0.181868391506916,0.0196437522821879,-0.0125763019862655,0,0,0,0,0,0,0,0,0,0,0,0
12.9839722246032,0.45516074357978,0.048794863862074,-0.031431098091059,0.182064297431912,0.0195179455448298,-0.0125724392364233,0,0,0,0,0,0,0,0,0,0,0,0
12.9939772023283,0.455647362163564,0.0484804502269093,-0.0314201236772304,0.182258944865426,0.0193921800907639,-0.012568049470892,0,0,0,0,0,0,0,0,0,0,0,0
13.0039821800534,0.456130835617175,0.0481661529791719,-0.031407832286141,0.18245233424687,0.0192664611916689,-0.0125631329144562,0,0,0,0,0,0,0,0,0,0,0,0
13.0139871577784,0.456611165170967,0.0478519852920921,-0.0313942245485471,0.182644466068387,0.019140794116837,-0.0125576898194186,0,0,0,0,0,0,0,0,0,0,0,0
13.0239921355035,0.457088352187065,0.0475379603322438,-0.0313793011642741,0.182835340874826,0.0190151841328975,-0.0125517204657093,0,0,0,0,0,0,0,0,0,0,0,0
13.0339971132286,0.457562398159287,0.0472240912588529,-0.0313630629024862,0.183024959263715,0.0188896365035413,-0.0125452251609943,0,0,0,0,0,0,0,0,0,0,0,0
13.0440020909536,0.458033304713068,0.046910391223102,-0.031345510601958,0.183213321885227,0.0187641564892412,-0.012538204240783,0,0,0,0,0,0,0,0,0,0,0,0
13.0540070686787,0.458501073605379,0.0465968733674331,-0.0313266451713494,0.183400429442152,0.0186387493469734,-0.0125306580685395,0,0,0,0,0,0,0,0,0,0,0,0
13.0640120464038,0.458965706724635,0.0462835508248439,-0.0313064675894733,0.183586282689854,0.0185134203299379,-0.0125225870357892,0,0,0,0,0,0,0,0,0,0,0,0
13.0740170241288,0.459427206090593,0.0459704367181903,-0.0312849789055711,0.183770882436237,0.0183881746872761,-0.0125139915622282,0,0,0,0,0,0,0,0,0,0,0,0
13.0840220018539,0.459885573854251,0.0456575441594737,-0.0312621802395825,0.1839542295417,0.0182630176637897,-0.0125048720958327,0,0,0,0,0,0,0,0,0,0,0,0
13.094026979579,0.460340812297738,0.0453448862491384,-0.0312380727824181,0.184136324919095,0.0181379544996558,-0.012495229112967,0,0,0,0,0,0,0,0,0,0,0,0
13.104031957304,0.460792923834188,0.0450324760753569,-0.0312126577962315,0.184317169533675,0.018012990430143,-0.0124850631184924,0,0,0,0,0,0,0,0,0,0,0,0
13.1140369350291,0.461241911007622,0.0447203267133151,-0.0311859366146912,0.184496764403048,0.0178881306853263,-0.0124743746458763,0,0,0,0,0,0,0,0,0,0,0,0
13.1240419127542,0.461687776492804,0.0444084512244991,-0.0311579106432521,0.184675110597121,0.0177633804897998,-0.0124631642573007,0,0,0,0,0,0,0,0,0,0,0,0
13.1340468904792,0.462130523095111,0.04409686265597,-0.0311285813594282,0.184852209238045,0.0176387450623881,-0.012451432543771,0,0,0,0,0,0,0,0,0,0,0,0
13.1440518682043,0.462570153750381,0.0437855740396473,-0.0310979503130624,0.185028061500152,0.0175142296158593,-0.0124391801252248,0,0,0,0,0,0,0,0,0,0,0,0
13.1540568459294,0.463006671524752,0.0434745983915809,-0.0310660191266024,0.185202668609901,0.0173898393566326,-0.0124264076506408,0,0,0,0,0,0,0,0,0,0,0,0
13.1640618236544,0.463440079614512,0.0431639487112224,-0.0310327894953686,0.185376031845804,0.0172655794844894,-0.0124131157981472,0,0,0,0,0,0,0,0,0,0,0,0
13.1740668013795,0.463870381345914,0.0428536379806993,-0.0309982631878276,0.185548152538365,0.0171414551922799,-0.012399305275131,0,0,0,0,0,0,0,0,0,0,0,0
13.1840717791046,0.464297580175013,0.0425436791640746,-0.0309624420458655,0.185719032070005,0.0170174716656299,-0.0123849768183459,0,0,0,0,0,0,0,0,0,0,0,0
13.1940767568296,0.464721679687475,0.0422340852066169,-0.0309253279850571,0.18588867187499,0.016893634082647,-0.0123701311940225,0,0,0,0,0,0,0,0,0,0,0,0
13.2040817345547,0.465142683598386,0.0419248690340599,-0.0308869229949396,0.186057073439355,0.0167699476136245,-0.0123547691979756,0,0,0,0,0,0,0,0,0,0,0,0
13.2140867122798,0.465560595752052,0.0416160435518618,-0.0308472291392847,0.186224238300821,0.0166464174207448,-0.0123388916557136,0,0,0,0,0,0,0,0,0,0,0,0
13.2240916900048,0.465975420121791,0.0413076216444571,-0.0308062485563693,0.186390168048717,0.0165230486577831,-0.0123224994225474,0,0,0,0,0,0,0,0,0,0,0,0
13.2340966677299,0.466387160809727,0.0409996161745168,-0.030763983459248,0.186554864323891,0.0163998464698069,-0.0123055933836991,0,0,0,0,0,0,0,0,0,0,0,0
13.244101645455,0.466795822046557,0.0406920399821922,-0.0307204361360263,0.186718328818623,0.0162768159928771,-0.0122881744544102,0,0,0,0,0,0,0,0,0,0,0,0
13.25410662318,0.467201408191329,0.0403849058843675,-0.0306756089501295,0.186880563276532,0.0161539623537469,-0.0122702435800515,0,0,0,0,0,0,0,0,0,0,0,0
13.2641116009051,0.467603923731209,0.0400782266739016,-0.0306295043405776,0.187041569492484,0.0160312906695607,-0.012251801736231,0,0,0,0,0,0,0,0,0,0,0,0
13.2741165786302,0.468003373281225,0.0397720151188726,-0.0305821248222563,0.18720134931249,0.0159088060475493,-0.0122328499289023,0,0,0,0,0,0,0,0,0,0,0,0
13.2841215563552,0.468399761584028,0.0394662839618159,-0.0305334729861872,0.187359904633611,0.0157865135847267,-0.0122133891944745,0,0,0,0,0,0,0,0,0,0,0,0
13.2941265340803,0.468793093509619,0.0391610459189643,-0.0304835514998028,0.187517237403847,0.0156644183675859,-0.0121934205999207,0,0,0,0,0,0,0,0,0,0,0,0
13.3041315118054,0.469183374055099,0.0388563136794741,-0.0304323631072159,0.18767334962204,0.0155425254717902,-0.0121729452428861,0,0,0,0,0,0,0,0,0,0,0,0
13.3141364895304,0.469570608344381,0.0385520999046692,-0.0303799106294924,0.187828243337752,0.0154208399618678,-0.0121519642517967,0,0,0,0,0,0,0,0,0,0,0,0
13.3241414672555,0.46995480162791,0.0382484172272569,-0.030326196964924,0.187981920651164,0.0152993668909031,-0.0121304787859693,0,0,0,0,0,0,0,0,0,0,0,0
13.3341464449806,0.470335959282378,0.0379452782505627,-0.0302712250892988,0.188134383712951,0.0151781113002254,-0.0121084900357192,0,0,0,0,0,0,0,0,0,0,0,0
13.3441514227056,0.47071408681042,0.0376426955477486,-0.0302149980561734,0.188285634724167,0.0150570782190996,-0.012085999222469,0,0,0,0,0,0,0,0,0,0,0,0
13.3541564004307,0.471089189840311,0.0373406816610381,-0.0301575189971459,0.188435675936125,0.0149362726644156,-0.012063007598858,0,0,0,0,0,0,0,0,0,0,0,0
13.3641613781558,0.471461274125658,0.03703924910093,-0.0300987911221267,0.188584509650263,0.0148156996403724,-0.0120395164488504,0,0,0,0,0,0,0,0,0,0,0,0
13.3741663558808,0.471830345545066,0.0367384103454155,-0.0300388177196114,0.188732138218026,0.0146953641381665,-0.0120155270878444,0,0,0,0,0,0,0,0,0,0,0,0
13.3841713336059,0.47219641010182,0.0364381778391894,-0.0299776021569514,0.188878564040727,0.014575271135676,-0.0119910408627803,0,0,0,0,0,0,0,0,0,0,0,0
13.394176311331,0.472559473923542,0.0361385639928626,-0.0299151478806268,0.189023789569416,0.0144554255971453,-0.0119660591522505,0,0,0,0,0,0,0,0,0,0,0,0
13.404181289056,0.472919543261851,0.0358395811821646,-0.029851458416519,0.18916781730474,0.014335832472866,-0.0119405833666074,0,0,0,0,0,0,0,0,0,0,0,0
13.4141862667811,0.473276624492006,0.0355412417471536,-0.0297865373701797,0.189310649796802,0.0142164966988614,-0.0119146149480717,0,0,0,0,0,0,0,0,0,0,0,0
13.4241912445062,0.473630724112544,0.0352435579914094,-0.0297203884271072,0.189452289645017,0.0140974231965641,-0.0118881553708426,0,0,0,0,0,0,0,0,0,0,0,0
13.4341962222312,0.473981848744917,0.0349465421812426,-0.0296530153530146,0.189592739497966,0.0139786168724974,-0.0118612061412054,0,0,0,0,0,0,0,0,0,0,0,0
13.4442011999563,0.474330005133105,0.0346502065448836,-0.0295844219941023,0.189732002053242,0.0138600826179535,-0.0118337687976408,0,0,0,0,0,0,0,0,0,0,0,0
13.4542061776814,0.474675200143247,0.0343545632716761,-0.0295146122773331,0.189870080057299,0.0137418253086708,-0.0118058449109329,0,0,0,0,0,0,0,0,0,0,0,0
13.4642111554064,0.475017440763229,0.0340596245112728,-0.0294435902106996,0.190006976305292,0.0136238498045094,-0.0117774360842794,0,0,0,0,0,0,0,0,0,0,0,0
13.4742161331315,0.4753567341023,0.0337654023728172,-0.0293713598834986,0.19014269364092,0.0135061609491272,-0.0117485439533992,0,0,0,0,0,0,0,0,0,0,0,0
13.4842211108566,0.475693087390645,0.0334719089241336,-0.0292979254666037,0.190277234956258,0.0133887635696538,-0.0117191701866411,0,0,0,0,0,0,0,0,0,0,0,0
13.4942260885816,0.476026507978989,0.0331791561909053,-0.029223291212735,0.190410603191595,0.0132716624763625,-0.0116893164850937,0,0,0,0,0,0,0,0,0,0,0,0
13.5042310663067,0.476357003338146,0.0328871561558597,-0.0291474614567323,0.190542801335258,0.0131548624623444,-0.0116589845826927,0,0,0,0,0,0,0,0,0,0,0,0
13.5142360440318,0.476684581058612,0.0325959207579403,-0.0290704406158286,0.190673832423444,0.0130383683031762,-0.011628176246331,0,0,0,0,0,0,0,0,0,0,0,0
13.5242410217568,0.477009248850101,0.0323054618914827,-0.0289922331899171,0.19080369954004,0.0129221847565936,-0.0115968932759665,0,0,0,0,0,0,0,0,0,0,0,0
13.5342459994819,0.477331014541105,0.0320157914053886,-0.0289128437618297,0.190932405816442,0.0128063165621553,-0.0115651375047317,0,0,0,0,0,0,0,0,0,0,0,0
13.544250977207,0.477649886078434,0.0317269211022891,-0.0288322769976037,0.191059954431373,0.0126907684409158,-0.0115329107990412,0,0,0,0,0,0,0,0,0,0,0,0
13.554255954932,0.477965871526746,0.031438862737717,-0.0287505376467554,0.191186348610698,0.012575545095087,-0.0115002150587018,0,0,0,0,0,0,0,0,0,0,0,0
13.5642609326571,0.478278979068075,0.0311516280192686,-0.0286676305425537,0.191311591627231,0.0124606512077076,-0.0114670522170211,0,0,0,0,0,0,0,0,0,0,0,0
13.5742659103822,0.478589217001352,0.0308652286057589,-0.0285835606022885,0.19143568680054,0.0123460914423038,-0.0114334242409152,0,0,0,0,0,0,0,0,0,0,0,0
13.5842708881072,0.478896593741894,0.0305796761063892,-0.0284983328275464,0.191558637496757,0.0122318704425559,-0.0113993331310183,0,0,0,0,0,0,0,0,0,0,0,0
13.5942758658323,0.479201117820927,0.0302949820798931,-0.0284119523044805,0.19168044712837,0.0121179928319574,-0.0113647809217918,0,0,0,0,0,0,0,0,0,0,0,0
13.6042808435574,0.479502797885059,0.0300111580336964,-0.0283244242040811,0.191801119154024,0.0120044632134788,-0.0113297696816323,0,0,0,0,0,0,0,0,0,0,0,0
13.6142858212824,0.479801642695774,0.0297282154230607,-0.0282357537824516,0.191920657078309,0.011891286169225,-0.0112943015129803,0,0,0,0,0,0,0,0,0,0,0,0
13.6242907990075,0.480097661128899,0.0294461656502373,-0.0281459463810771,0.19203906445156,0.0117784662600951,-0.0112583785524305,0,0,0,0,0,0,0,0,0,0,0,0
13.6342957767326,0.480390862174073,0.0291650200636035,-0.0280550074270959,0.192156344869629,0.0116660080254414,-0.011222002970838,0,0,0,0,0,0,0,0,0,0,0,0
13.6443007544576,0.480681254934199,0.0288847899568104,-0.0279629424335747,0.19227250197368,0.0115539159827248,-0.0111851769734295,0,0,0,0,0,0,0,0,0,0,0,0
13.6543057321827,0.480968848624899,0.0286054865679224,-0.027869756999777,0.192387539449959,0.0114421946271693,-0.0111479027999104,0,0,0,0,0,0,0,0,0,0,0,0
13.6643107099078,0.481253652573947,0.0283271210785463,-0.0277754568114382,0.192501461029579,0.0113308484314188,-0.011110182724575,0,0,0,0,0,0,0,0,0,0,0,0
13.6743156876328,0.481535676220706,0.0280497046129748,-0.0276800476410349,0.192614270488282,0.0112198818451902,-0.0110720190564137,0,0,0,0,0,0,0,0,0,0,0,0
13.6843206653579,0.481814929115542,0.0277732482373075,-0.0275835353480571,0.192725971646216,0.0111092992949231,-0.0110334141392226,0,0,0,0,0,0,0,0,0,0,0,0
13.694325643083,0.482091420919247,0.0274977629585855,-0.0274859258792834,0.192836568367698,0.0109991051834349,-0.0109943703517128,0,0,0,0,0,0,0,0,0,0,0,0
13.704330620808,0.482365161402438,0.0272232597239164,-0.027387225269047,0.192946064560975,0.0108893038895667,-0.0109548901076186,0,0,0,0,0,0,0,0,0,0,0,0
13.7143355985331,0.482636160444952,0.0269497494195909,-0.0272874396395134,0.193054464177981,0.0107798997678366,-0.0109149758558051,0,0,0,0,0,0,0,0,0,0,0,0
13.7243405762582,0.482904428035238,0.0266772428702111,-0.0271865752009495,0.193161771214095,0.0106708971480844,-0.0108746300803793,0,0,0,0,0,0,0,0,0,0,0,0
13.7343455539832,0.483169974269731,0.0264057508378021,-0.027084638251995,0.193267989707892,0.0105623003351211,-0.0108338553007978,0,0,0,0,0,0,0,0,0,0,0,0
13.7443505317083,0.483432809352223,0.0261352840209279,-0.0269816351799362,0.193373123740889,0.0104541136083716,-0.0107926540719742,0,0,0,0,0,0,0,0,0,0,0,0
13.7543555094334,0.483692943593226,0.0258658530538038,-0.0268775724609772,0.19347717743729,0.0103463412215221,-0.0107510289843903,0,0,0,0,0,0,0,0,0,0,0,0
13.7643604871584,0.483950387409316,0.0255974685054051,-0.0267724566605101,0.193580154963726,0.0102389874021623,-0.0107089826642038,0,0,0,0,0,0,0,0,0,0,0,0
13.7743654648835,0.484205151322487,0.0253301408785723,-0.0266662944333897,0.193682060528995,0.0101320563514291,-0.0106665177733557,0,0,0,0,0,0,0,0,0,0,0,0
13.7843704426086,0.484457245959478,0.0250638806091142,-0.0265590925242041,0.193782898383791,0.0100255522436465,-0.0106236370096811,0,0,0,0,0,0,0,0,0,0,0,0
13.7943754203336,0.484706682051096,0.0247986980649155,-0.0264508577675455,0.193882672820438,0.00991947922596657,-0.010580343107018,0,0,0,0,0,0,0,0,0,0,0,0
13.8043803980587,0.48495347043154,0.0245346035450224,-0.0263415970882851,0.193981388172615,0.00981384141800942,-0.0105366388353137,0,0,0,0,0,0,0,0,0,0,0,0
13.8143853757838,0.485197622037694,0.0242716072787514,-0.026231317501841,0.194079048815077,0.00970864291150113,-0.0104925270007362,0,0,0,0,0,0,0,0,0,0,0,0
13.8243903535088,0.485439147908445,0.0240097194247717,-0.0261200261144547,0.194175659163378,0.00960388776990902,-0.0104480104457816,0,0,0,0,0,0,0,0,0,0,0,0
13.8343953312339,0.48567805918395,0.0237489500702004,-0.0260077301234585,0.19427122367358,0.00949958002808068,-0.0104030920493831,0,0,0,0,0,0,0,0,0,0,0,0
13.844400308959,0.485914367104931,0.0234893092296899,-0.0258944368175507,0.194365746841972,0.00939572369187634,-0.0103577747270199,0,0,0,0,0,0,0,0,0,0,0,0
13.854405286684,0.486148083011939,0.0232308068445093,-0.0257801535770663,0.194459233204775,0.00929232273780388,-0.0103120614308262,0,0,0,0,0,0,0,0,0,0,0,0
13.8644102644091,0.486379218344615,0.0229734527816299,-0.0256648878742481,0.194551687337846,0.00918938111265246,-0.010265955149699,0,0,0,0,0,0,0,0,0,0,0,0
13.8744152421342,0.486607784640945,0.0227172568328007,-0.0255486472735205,0.194643113856378,0.00908690273312054,-0.0102194589094079,0,0,0,0,0,0,0,0,0,0,0,0
13.8844202198592,0.4868337935365,0.0224622287136275,-0.0254314394317601,0.1947335174146,0.00898489148545137,-0.0101725757727038,0,0,0,0,0,0,0,0,0,0,0,0
13.8944251975843,0.487057256763672,0.022208378062646,-0.0253132720985683,0.194822902705468,0.00888335122505848,-0.010125308839427,0,0,0,0,0,0,0,0,0,0,0,0
13.9044301753094,0.487278186150895,0.0219557144403901,-0.0251941531165416,0.194911274460358,0.00878228577615649,-0.0100776612466164,0,0,0,0,0,0,0,0,0,0,0,0
13.9144351530344,0.487496593621862,0.0217042473284658,-0.0250740904215459,0.194998637448745,0.00868169893138684,-0.0100296361686179,0,0,0,0,0,0,0,0,0,0,0,0
13.9244401307595,0.487712491194732,0.021453986128611,-0.0249530920429873,0.195084996477893,0.0085815944514445,-0.00998123681719453,0,0,0,0,0,0,0,0,0,0,0,0
13.9344451084846,0.487925890981324,0.0212049401617596,-0.0248311661040835,0.19517035639253,0.00848197606470457,-0.00993246644163309,0,0,0,0,0,0,0,0,0,0,0,0
13.9444500862096,0.488136805186306,0.0209571186671065,-0.0247083208221362,0.195254722074523,0.00838284746684277,-0.00988332832885435,0,0,0,0,0,0,0,0,0,0,0,0
13.9544550639347,0.488345246106368,0.0207105308011542,-0.0245845645088041,0.195338098442548,0.00828421232046226,-0.00983382580352133,0,0,0,0,0,0,0,0,0,0,0,0
13.9644600416598,0.488551226129396,0.0204651856367824,-0.0244599055703723,0.195420490451758,0.00818607425471357,-0.00978396222814843,0,0,0,0,0,0,0,0,0,0,0,0
13.9744650193848,0.488754757733626,0.0202210921622843,-0.0243343525080262,0.19550190309345,0.00808843686491434,-0.0097337410032103,0,0,0,0,0,0,0,0,0,0,0,0
13.9844699971099,0.488955853486792,0.0199782592804271,-0.0242079139181244,0.195582341394717,0.0079913037121714,-0.00968316556724929,0,0,0,0,0,0,0,0,0,0,0,0
13.994474974835,0.489154526045276,0.0197366958074931,-0.0240805984924659,0.19566181041811,0.00789467832299788,-0.00963223939698606,0,0,0,0,0,0,0,0,0,0,0,0
14.00447995256,0.489350788153223,0.0194964104723247,-0.0239524150185682,0.19574031526129,0.00779856418893059,-0.00958096600742697,0,0,0,0,0,0,0,0,0,0,0,0
14.0144849302851,0.489544652641672,0.0192574119153681,-0.0238233723799349,0.195817861056669,0.00770296476614749,-0.00952934895197366,0,0,0,0,0,0,0,0,0,0,0,0
14.0244899080102,0.48973613242766,0.019019708687703,-0.0236934795563297,0.195894452971063,0.00760788347508132,-0.00947739182253147,0,0,0,0,0,0,0,0,0,0,0,0
14.0344948857352,0.489925240513327,0.0187833092500893,-0.0235627456240465,0.195970096205331,0.0075133237000358,-0.00942509824961838,0,0,0,0,0,0,0,0,0,0,0,0
14.0444998634603,0.490111989985013,0.0185482219719923,-0.0234311797561845,0.196044795994005,0.00741928878879744,-0.00937247190247338,0,0,0,0,0,0,0,0,0,0,0,0
14.0545048411854,0.490296394012324,0.018314455130617,-0.0232987912229148,0.196118557604929,0.00732578205224732,-0.00931951648916531,0,0,0,0,0,0,0,0,0,0,0,0
14.0645098189104,0.49047846584722,0.0180820169099339,-0.0231655893917585,0.196191386338888,0.00723280676397363,-0.00926623575670303,0,0,0,0,0,0,0,0,0,0,0,0
14.0745147966355,0.490658218823071,0.017850915399699,-0.0230315837278544,0.196263287529228,0.00714036615988026,-0.00921263349114138,0,0,0,0,0,0,0,0,0,0,0,0
14.0845197743606,0.490835666353704,0.0176211585944875,-0.0228967837942322,0.196334266541481,0.00704846343779525,-0.0091587135176926,0,0,0,0,0,0,0,0,0,0,0,0
14.0945247520856,0.491010821932457,0.0173927543926999,-0.0227611992520852,0.196404328772983,0.00695710175708048,-0.00910447970083372,0,0,0,0,0,0,0,0,0,0,0,0
14.1045297298107,0.491183699131206,0.0171657105955872,-0.0226248398610403,0.196473479652482,0.00686628423823527,-0.00904993594441573,0,0,0,0,0,0,0,0,0,0,0,0
14.1145347075358,0.491354311599385,0.0169400349062633,-0.0224877154794315,0.196541724639754,0.00677601396250557,-0.0089950861917722,0,0,0,0,0,0,0,0,0,0,0,0
14.1245396852608,0.491522673063005,0.0167157349287101,-0.0223498360645718,0.196609069225201,0.00668629397148476,-0.00893993442582844,0,0,0,0,0,0,0,0,0,0,0,0
14.1345446629859,0.491688797323651,0.0164928181667959,-0.0222112116730248,0.19667551892946,0.00659712726671863,-0.00888448466920936,0,0,0,0,0,0,0,0,0,0,0,0
14.144549640711,0.491852698257483,0.016271292023271,-0.022071852460875,0.196741079302993,0.00650851680930893,-0.00882874098434964,0,0,0,0,0,0,0,0,0,0,0,0
14.154554618436,0.492014389814215,0.0160511637987813,-0.0219317686840031,0.196805755925686,0.00642046551951298,-0.00877270747360076,0,0,0,0,0,0,0,0,0,0,0,0
14.1645595961611,0.492173886016084,0.0158324406908544,-0.0217909706983551,0.196869554406433,0.0063329762763423,-0.00871638827934162,0,0,0,0,0,0,0,0,0,0,0,0
14.1745645738862,0.492331200956825,0.015615129792912,-0.0216494689602155,0.19693248038273,0.00624605191716502,-0.00865978758408577,0,0,0,0,0,0,0,0,0,0,0,0
14.1845695516112,0.492486348800615,0.0153992380932558,-0.0215072740264781,0.196994539520246,0.0061596952373024,-0.00860290961059076,0,0,0,0,0,0,0,0,0,0,0,0
14.1945745293363,0.492639343781017,0.0151847724740588,-0.0213643965549202,0.197055737512407,0.00607390898962366,-0.00854575862196763,0,0,0,0,0,0,0,0,0,0,0,0
14.2045795070614,0.492790200199917,0.0149717397103608,-0.0212208473044717,0.197116080079966,0.00598869588414473,-0.00848833892178831,0,0,0,0,0,0,0,0,0,0,0,0
14.2145844847864,0.492938932426442,0.0147601464690516,-0.0210766371354888,0.197175572970577,0.00590405858762083,-0.00843065485419522,0,0,0,0,0,0,0,0,0,0,0,0
14.2245894625115,0.49308555489588,0.0145499993078521,-0.0209317770100256,0.197234221958352,0.00581999972314145,-0.00837271080400969,0,0,0,0,0,0,0,0,0,0,0,0
14.2345944402366,0.493230082108574,0.0143413046743017,-0.0207862779921062,0.197292032843429,0.00573652186972101,-0.008314511196842,0,0,0,0,0,0,0,0,0,0,0,0
14.2445994179616,0.493372528628822,0.0141340689047291,-0.0206401512479947,0.197349011451528,0.00565362756189273,-0.00825606049919761,0,0,0,0,0,0,0,0,0,0,0,0
14.2546043956867,0.493512909083756,0.0139282982232377,-0.0204934080464712,0.197405163633502,0.00557131928929575,-0.0081973632185879,0,0,0,0,0,0,0,0,0,0,0,0
14.2646093734118,0.493651238162216,0.0137239987406661,-0.0203460597590994,0.197460495264886,0.00548959949626712,-0.00813842390363948,0,0,0,0,0,0,0,0,0,0,0,0
14.2746143511368,0.493787530613605,0.013521176453573,-0.0201981178605007,0.197515012245441,0.00540847058142989,-0.00807924714420004,0,0,0,0,0,0,0,0,0,0,0,0
14.2846193288619,0.493921801246748,0.0133198372431902,-0.0200495939286264,0.197568720498698,0.00532793489727636,-0.00801983757145008,0,0,0,0,0,0,0,0,0,0,0,0
14.294624306587,0.494054064928731,0.0131199868743977,-0.0199004996450285,0.197621625971492,0.00524799474976019,-0.00796019985801099,0,0,0,0,0,0,0,0,0,0,0,0
14.304629284312,0.494184336583732,0.0129216309946839,-0.0197508467951317,0.197673734633493,0.00516865239787369,-0.00790033871805249,0,0,0,0,0,0,0,0,0,0,0,0
14.3146342620371,0.494312631191841,0.0127247751330985,-0.0196006472685073,0.197725052476737,0.00508991005323983,-0.00784025890740253,0,0,0,0,0,0,0,0,0,0,0,0
14.3246392397622,0.494438963787862,0.0125294246992221,-0.0194499130591417,0.197775585515145,0.00501176987968907,-0.00777996522365633,0,0,0,0,0,0,0,0,0,0,0,0
14.3346442174872,0.49456334946013,0.0123355849821024,-0.019298656265711,0.197825339784052,0.00493423399284159,-0.00771946250628394,0,0,0,0,0,0,0,0,0,0,0,0
14.3446491952123,0.494685803349283,0.0121432611492235,-0.0191468890918521,0.197874321339713,0.00485730445968988,-0.00765875563674051,0,0,0,0,0,0,0,0,0,0,0,0
14.3546541729374,0.494806340647045,0.0119524582454428,-0.0189946238464355,0.197922536258818,0.00478098329817747,-0.00759784953857375,0,0,0,0,0,0,0,0,0,0,0,0
14.3646591506624,0.494924976595007,0.0117631811919389,-0.0188418729438344,0.197969990638002,0.00470527247677618,-0.00753674917753328,0,0,0,0,0,0,0,0,0,0,0,0
14.3746641283875,0.495041726483361,0.0115754347851599,-0.0186886489041993,0.198016690593343,0.00463017391406438,-0.00747545956167967,0,0,0,0,0,0,0,0,0,0,0,0
14.3846691061126,0.495156605649661,0.0113892236957551,-0.0185349643537313,0.198062642259864,0.00455568947830246,-0.00741398574149202,0,0,0,0,0,0,0,0,0,0,0,0
14.3946740838376,0.495269629477563,0.0112045524675221,-0.0183808320249484,0.198107851791025,0.00448182098700856,-0.00735233280997875,0,0,0,0,0,0,0,0,0,0,0,0
14.4046790615627,0.495380813395541,0.0110214255163299,-0.0182262647569627,0.198152325358216,0.00440857020653291,-0.00729050590278465,0,0,0,0,0,0,0,0,0,0,0,0
14.4146840392878,0.495490172875605,0.0108398471290674,-0.0180712754957509,0.198196069150243,0.00433593885162784,-0.00722851019829991,0,0,0,0,0,0,0,0,0,0,0,0
14.4246890170128,0.495597723432007,0.0106598214625578,-0.0179158772944255,0.198239089372802,0.0042639285850235,-0.00716635091776972,0,0,0,0,0,0,0,0,0,0,0,0
14.4346939947379,0.495703480619932,0.0104813525424904,-0.0177600833135061,0.198281392247972,0.00419254101699639,-0.00710403332540218,0,0,0,0,0,0,0,0,0,0,0,0
14.444698972463,0.495807460034176,0.0103044442623483,-0.0176039068211945,0.19832298401367,0.00412177770494049,-0.00704156272847731,0,0,0,0,0,0,0,0,0,0,0,0
14.454703950188,0.495909677307835,0.0101291003823252,-0.0174473611936416,0.198363870923134,0.00405164015293058,-0.00697894447745598,0,0,0,0,0,0,0,0,0,0,0,0
14.4647089279131,0.496010148110947,0.00995532452824625,-0.0172904599152242,0.198404059244377,0.0039821298112996,-0.00691618396608897,0,0,0,0,0,0,0,0,0,0,0,0
14.4747139056382,0.496108888149147,0.00978312019048336,-0.0171332165788142,0.198443555259658,0.00391324807619364,-0.00685328663152528,0,0,0,0,0,0,0,0,0,0,0,0
14.4847188833632,0.496205913162317,0.00961249072286508,-0.0169756448860511,0.198482365264926,0.0038449962891467,-0.00679025795441989,0,0,0,0,0,0,0,0,0,0,0,0
14.4947238610883,0.4963012389232,0.00944343934159535,-0.0168177586476143,0.198520495569279,0.00377737573663866,-0.00672710345904501,0,0,0,0,0,0,0,0,0,0,0,0
14.5047288388134,0.496394881236022,0.00927596912415149,-0.0166595717834935,0.19855795249441,0.00371038764966127,-0.00666382871339708,0,0,0,0,0,0,0,0,0,0,0,0
14.5147338165384,0.496486855935112,0.00911008300819743,-0.0165010983232639,0.198594742374044,0.00364403320327942,-0.00660043932930504,0,0,0,0,0,0,0,0,0,0,0,0
14.5247387942635,0.496577178883474,0.0089457837904784,-0.0163423524063549,0.198630871553389,0.00357831351619203,-0.00653694096254127,0,0,0,0,0,0,0,0,0,0,0,0
14.5347437719886,0.496665865971388,0.00878307412572658,-0.0161833482823226,0.198666346388556,0.00351322965029153,-0.00647333931292839,0,0,0,0,0,0,0,0,0,0,0,0
14.5447487497136,0.496752933114984,0.00862195652555632,-0.0160241003111223,0.198701173245993,0.00344878261022291,-0.00640964012444845,0,0,0,0,0,0,0,0,0,0,0,0
14.5547537274387,0.496838396254793,0.00846243335735379,-0.0158646229633824,0.198735358501917,0.0033849733429425,-0.00634584918535222,0,0,0,0,0,0,0,0,0,0,0,0
14.5647587051638,0.496922271354308,0.00830450684317735,-0.0157049308206715,0.198768908541723,0.00332180273727155,-0.00628197232826819,0,0,0,0,0,0,0,0,0,0,0,0
14.5747636828888,0.49700457439853,0.0081481790586372,-0.0155450385757758,0.198801829759411,0.00325927162345579,-0.00621801543030994,0,0,0,0,0,0,0,0,0,0,0,0
14.5847686606139,0.497085321392469,0.00799345193178503,-0.0153849610329661,0.198834128556988,0.00319738077271417,-0.00615398441318603,0,0,0,0,0,0,0,0,0,0,0,0
14.594773638339,0.497164528359711,0.00784032724199961,-0.0152247131082734,0.198865811343883,0.00313613089680046,-0.00608988524330885,0,0,0,0,0,0,0,0,0,0,0,0
14.604778616064,0.497242211340866,0.00768880661886337,-0.0150643098297592,0.198896884536346,0.00307552264754596,-0.00602572393190315,0,0,0,0,0,0,0,0,0,0,0,0
14.6147835937891,0.497318386392114,0.00753889154104332,-0.0149037663377865,0.198927354556846,0.00301555661641748,-0.00596150653511415,0,0,0,0,0,0,0,0,0,0,0,0
14.6247885715142,0.497393069583668,0.00739058333515994,-0.0147430978852944,0.198957227833467,0.00295623333406467,-0.00589723915411715,0,0,0,0,0,0,0,0,0,0,0,0
14.6347935492392,0.497466276998238,0.00724388317467102,-0.0145823198380678,0.198986510799295,0.00289755326986895,-0.00583292793522642,0,0,0,0,0,0,0,0,0,0,0,0
14.6447985269643,0.497538024729518,0.00709879207872897,-0.0144214476750091,0.199015209891806,0.00283951683149252,-0.0057685790700031,0,0,0,0,0,0,0,0,0,0,0,0
14.6548035046894,0.497608328880601,0.00695531091105623,-0.0142604969884121,0.19904333155224,0.00278212436442319,-0.00570419879536452,0,0,0,0,0,0,0,0,0,0,0,0
14.6648084824144,0.49767720556246,0.00681344037880397,-0.014099483484234,0.199070882224984,0.00272537615152198,-0.00563979339369297,0,0,0,0,0,0,0,0,0,0,0,0
14.6748134601395,0.497744670892348,0.00667318103141589,-0.0139384229823623,0.19909786835694,0.00266927241256651,-0.00557536919294432,0,0,0,0,0,0,0,0,0,0,0,0
14.6848184378646,0.497810740992221,0.00653453325949168,-0.0137773314168944,0.199124296396888,0.0026138133037973,-0.00551093256675712,0,0,0,0,0,0,0,0,0,0,0,0
14.6948234155896,0.497875431987139,0.00639749729362963,-0.0136162248364041,0.199150172794856,0.00255899891745225,-0.00544648993456099,0,0,0,0,0,0,0,0,0,0,0,0
14.7048283933147,0.497938760003672,0.00626207320329888,-0.0134551194042141,0.199175504001468,0.00250482928132019,-0.00538204776168529,0,0,0,0,0,0,0,0,0,0,0,0
14.7148333710398,0.498000741168262,0.00612826089567099,-0.0132940313986712,0.199200296467306,0.00245130435826927,-0.005317612559468,0,0,0,0,0,0,0,0,0,0,0,0
14.7248383487648,0.498061391605625,0.00599606011447969,-0.0131329772134139,0.199224556642251,0.00239842404579323,-0.00525319088536493,0,0,0,0,0,0,0,0,0,0,0,0
14.7348433264899,0.498120727437073,0.00586547043886677,-0.0129719733576481,0.19924829097483,0.00234618817554743,-0.00518878934305856,0,0,0,0,0,0,0,0,0,0,0,0
14.744848304215,0.498178764778892,0.00573649128221423,-0.0128110364564145,0.199271505911555,0.00229459651288625,-0.00512441458256548,0,0,0,0,0,0,0,0,0,0,0,0
14.75485328194,0.498235519740647,0.0056091218909918,-0.0126501832508669,0.199294207896259,0.00224364875639817,-0.00506007330034624,0,0,0,0,0,0,0,0,0,0,0,0
14.7648582596651,0.498291008423545,0.00548336134359726,-0.0124894305985381,0.199316403369417,0.00219334453744012,-0.00499577223941471,0,0,0,0,0,0,0,0,0,0,0,0
14.7748632373902,0.498345246918711,0.00535920854917774,-0.0123287954736137,0.199338098767485,0.00214368341967199,-0.00493151818944516,0,0,0,0,0,0,0,0,0,0,0,0
14.7848682151152,0.498398251305517,0.00523666224647658,-0.0121682949672072,0.199359300522207,0.00209466489859169,-0.00486731798688237,0,0,0,0,0,0,0,0,0,0,0,0
14.7948731928403,0.498450037649849,0.00511572100265084,-0.0120079462876275,0.19938001505994,0.0020462884010614,-0.00480317851505033,0,0,0,0,0,0,0,0,0,0,0,0
14.8048781705654,0.498500622002403,0.00499638321210468,-0.0118477667606516,0.199400248800961,0.00199855328484285,-0.00473910670426016,0,0,0,0,0,0,0,0,0,0,0,0
14.8148831482904,0.498550020396926,0.00487864709530373,-0.0116877738297997,0.19942000815877,0.00195145883812264,-0.00467510953191936,0,0,0,0,0,0,0,0,0,0,0,0
14.8248881260155,0.498598248848505,0.00476251069760804,-0.011527985056604,0.199439299539402,0.00190500427904412,-0.00461119402264096,0,0,0,0,0,0,0,0,0,0,0,0
14.8348931037406,0.498645323351781,0.00464797188807929,-0.0113684181208804,0.199458129340711,0.00185918875523213,-0.00454736724835157,0,0,0,0,0,0,0,0,0,0,0,0
14.8448980814656,0.498691259879183,0.00453502835829935,-0.0112090908210035,0.199476503951674,0.00181401134332115,-0.004483636328401,0,0,0,0,0,0,0,0,0,0,0,0
14.8549030591907,0.498736074379167,0.00442367762118929,-0.011050021074175,0.199494429751666,0.00176947104847696,-0.00442000842966962,0,0,0,0,0,0,0,0,0,0,0,0
14.8649080369158,0.49877978277439,0.0043139170098068,-0.0108912269166989,0.199511913109755,0.00172556680392347,-0.00435649076667897,0,0,0,0,0,0,0,0,0,0,0,0
14.8749130146408,0.498822400959927,0.00420574367616479,-0.0107327265042499,0.199528960383971,0.00168229747046717,-0.00429309060169957,0,0,0,0,0,0,0,0,0,0,0,0
14.8849179923659,0.498863944801459,0.00409915459002746,-0.0105745381121473,0.199545577920583,0.0016396618360114,-0.00422981524485839,0,0,0,0,0,0,0,0,0,0,0,0
14.894922970091,0.498904430133413,0.00399414653771428,-0.0104166801356292,0.199561772053366,0.00159765861508697,-0.00416667205425094,0,0,0,0,0,0,0,0,0,0,0,0
14.904927947816,0.49894387275716,0.00389071612090654,-0.0102591710901178,0.199577549102864,0.00155628644836253,-0.0041036684360468,0,0,0,0,0,0,0,0,0,0,0,0
14.9149329255411,0.498982288439135,0.00378885975542663,-0.010102029611499,0.199592915375653,0.00151554390217141,-0.00404081184459917,0,0,0,0,0,0,0,0,0,0,0,0
14.9249379032662,0.499019692908967,0.00368857367005173,-0.00994527445639032,0.199607877163587,0.00147542946802145,-0.00397810978255556,0,0,0,0,0,0,0,0,0,0,0,0
14.9349428809912,0.499056101857635,0.00358985390528592,-0.00978892450241175,0.199622440743053,0.00143594156211547,-0.00391556980096424,0,0,0,0,0,0,0,0,0,0,0,0
14.9449478587163,0.499091530935536,0.00349269631216259,-0.00963299874845956,0.199636612374215,0.00139707852486606,-0.00385319949938324,0,0,0,0,0,0,0,0,0,0,0,0
14.9549528364414,0.499125995750621,0.00339709655102209,-0.00947751631497997,0.199650398300248,0.00135883862040926,-0.00379100652599113,0,0,0,0,0,0,0,0,0,0,0,0
14.9649578141664,0.49915951186645,0.00330305009029255,-0.00932249644423556,0.199663804746579,0.00132122003611762,-0.00372899857769386,0,0,0,0,0,0,0,0,0,0,0,0
14.9749627918915,0.499192094800287,0.0032105522052791,-0.00916795850058337,0.199676837920115,0.0012842208821125,-0.00366718340023305,0,0,0,0,0,0,0,0,0,0,0,0
14.9849677696166,0.499223760021153,0.00311959797692905,-0.00901392197074388,0.199689504008461,0.0012478391907724,-0.00360556878829714,0,0,0,0,0,0,0,0,0,0,0,0
14.9949727473416,0.499254522947876,0.00303018229061827,-0.00886040646407141,0.199701809179151,0.00121207291624783,-0.00354416258562808,0,0,0,0,0,0,0,0,0,0,0,0
15.0049777250667,0.49928439894713,0.00294229983491255,-0.00870743171282926,0.199713759578851,0.00117691993396528,-0.00348297268513108,0,0,0,0,0,0,0,0,0,0,0,0
15.0149827027918,0.499313403331456,0.00285594510033995,-0.00855501757245825,0.199725361332581,0.00114237804013694,-0.00342200702898294,0,0,0,0,0,0,0,0,0,0,0,0
15.0249876805168,0.499341551357277,0.00277111237816317,-0.00840318402185499,0.19973662054291,0.00110844495126632,-0.00336127360874112,0,0,0,0,0,0,0,0,0,0,0,0
15.0349926582419,0.499368858222904,0.00268779575913348,-0.00825195116363199,0.199747543289161,0.0010751183036541,-0.00330078046545241,0,0,0,0,0,0,0,0,0,0,0,0
15.044997635967,0.499395339066513,0.00260598913225674,-0.00810133922440372,0.199758135626604,0.00104239565290331,-0.00324053568976119,0,0,0,0,0,0,0,0,0,0,0,0
15.055002613692,0.499421008964122,0.0025256861835488,-0.00795136855504996,0.199768403585648,0.00101027447342084,-0.00318054742201911,0,0,0,0,0,0,0,0,0,0,0,0
15.0650075914171,0.499445882927565,0.00244688039479881,-0.00780205963098543,0.199778353171026,0.000978752157919967,-0.00312082385239366,0,0,0,0,0,0,0,0,0,0,0,0
15.0750125691422,0.499469975902432,0.00236956504231043,-0.00765343305244135,0.199787990360972,0.000947826016924971,-0.00306137322097593,0,0,0,0,0,0,0,0,0,0,0,0
15.0850175468672,0.499493302766002,0.00229373319565696,-0.00750550954472845,0.199797321106401,0.000917493278263583,-0.0030022038178908,0,0,0,0,0,0,0,0,0,0,0,0
15.0950225245923,0.499515878325188,0.00221937771643211,-0.00735830995851305,0.199806351330075,0.000887751086573379,-0.00294332398340455,0,0,0,0,0,0,0,0,0,0,0,0
15.1050275023174,0.499537717314428,0.00214649125698559,-0.00721185527008829,0.199815086925772,0.000858596502794236,-0.00288474210803471,0,0,0,0,0,0,0,0,0,0,0,0
15.1150324800424,0.499558834393601,0.00207506625917464,-0.00706616658164539,0.19982353375744,0.000830026503670393,-0.00282646663265721,0,0,0,0,0,0,0,0,0,0,0,0
15.1250374577675,0.499579244145905,0.0020050949530977,-0.00692126512154565,0.199831697658362,0.000802037981238901,-0.00276850604861748,0,0,0,0,0,0,0,0,0,0,0,0
15.1350424354926,0.499598961075737,0.00193656935582895,-0.00677717224459498,0.199839584430295,0.000774627742332214,-0.00271086889783756,0,0,0,0,0,0,0,0,0,0,0,0
15.1450474132176,0.499617999606558,0.00186948127015905,-0.00663390943231089,0.199847199842623,0.000747792508063982,-0.00265356377292409,0,0,0,0,0,0,0,0,0,0,0,0
15.1550523909427,0.499636374078728,0.001803822283317,-0.00649149829319967,0.199854549631491,0.000721528913328619,-0.00259659931727942,0,0,0,0,0,0,0,0,0,0,0,0
15.1650573686678,0.499654098747364,0.00173958376570828,-0.00634996056302399,0.199861639498946,0.000695833506284405,-0.00253998422520884,0,0,0,0,0,0,0,0,0,0,0,0
15.1750623463928,0.499671187780153,0.00167675686962841,-0.00620931810507697,0.199868475112061,0.000670702747853191,-0.00248372724203003,0,0,0,0,0,0,0,0,0,0,0,0
15.1850673241179,0.499687655255159,0.00161533252799936,-0.00606959291045281,0.199875062102064,0.000646133011199928,-0.00242783716418039,0,0,0,0,0,0,0,0,0,0,0,0
15.195072301843,0.499703515158633,0.00155530145307216,-0.00593080709832237,0.199881406063455,0.000622120581229325,-0.00237232283932823,0,0,0,0,0,0,0,0,0,0,0,0
15.205077279568,0.49971878138279,0.00149665413516245,-0.00579298291619944,0.199887512553116,0.000598661654065903,-0.00231719316647949,0,0,0,0,0,0,0,0,0,0,0,0
15.2150822572931,0.499733467723588,0.00143938084135774,-0.00565614274021794,0.199893387089435,0.000575752336543005,-0.00226245709608658,0,0,0,0,0,0,0,0,0,0,0,0
15.2250872350182,0.499747587878482,0.00138347161421999,-0.00552030907540021,0.199899035151392,0.000553388645687998,-0.00220812363015932,0,0,0,0,0,0,0,0,0,0,0,0
15.2350922127432,0.499761155444172,0.00132891627051039,-0.00538550455592873,0.199904462177667,0.000531566508204528,-0.00215420182237137,0,0,0,0,0,0,0,0,0,0,0,0
15.2450971904683,0.499774183914349,0.00127570439988464,-0.00525175194542442,0.19990967356574,0.000510281759954603,-0.00210070077816904,0,0,0,0,0,0,0,0,0,0,0,0
15.2551021681934,0.499786686677398,0.00122382536360128,-0.00511907413720581,0.199914674670961,0.000489530145442849,-0.00204762965488185,0,0,0,0,0,0,0,0,0,0,0,0
15.2651071459184,0.499798677014122,0.00117326829322821,-0.00498749415457754,0.19991947080565,0.000469307317291283,-0.00199499766183043,0,0,0,0,0,0,0,0,0,0,0,0
15.2751121236435,0.499810168095436,0.00112402208931941,-0.00485703515108676,0.199924067238173,0.000449608835728425,-0.00194281406043384,0,0,0,0,0,0,0,0,0,0,0,0
15.2851171013686,0.49982117298002,0.00107607542013948,-0.00472772041080477,0.199928469192009,0.000430430168056264,-0.00189108816432138,0,0,0,0,0,0,0,0,0,0,0,0
15.2951220790936,0.499831704612045,0.00102941672033669,-0.00459957334859615,0.199932681844817,0.000411766688134867,-0.00183982933943791,0,0,0,0,0,0,0,0,0,0,0,0
15.3051270568187,0.499841775818776,0.000984034189635872,-0.00447261751039071,0.199936710327511,0.000393613675855583,-0.00178904700415535,0,0,0,0,0,0,0,0,0,0,0,0
15.3151320345438,0.499851399308241,0.000939915791535179,-0.00434687657345154,0.199940559723296,0.000375966316614548,-0.00173875062937992,0,0,0,0,0,0,0,0,0,0,0,0
15.3251370122688,0.499860587666855,0.000897049251978429,-0.00422237434665705,0.199944235066742,0.000358819700792708,-0.00168894973866195,0,0,0,0,0,0,0,0,0,0,0,0
15.3351419899939,0.499869353357043,0.00085542205804934,-0.00409913477076054,0.199947741342816,0.000342168823219545,-0.00163965390830318,0,0,0,0,0,0,0,0,0,0,0,0
15.345146967719,0.499877708714832,0.000815021456632569,-0.00397718191867097,0.199951083485934,0.000326008582654756,-0.00159087276746751,0,0,0,0,0,0,0,0,0,0,0,0
15.355151945444,0.499885665947454,0.000775834453113104,-0.00385653999572158,0.199954266378979,0.000310333781246397,-0.00154261599828781,0,0,0,0,0,0,0,0,0,0,0,0
15.3651569231691,0.499893237130898,0.000737847810035689,-0.00373723333994178,0.199957294852358,0.000295139124014759,-0.00149489333597591,0,0,0,0,0,0,0,0,0,0,0,0
15.3751619008942,0.499900434207518,0.000701048045772879,-0.00361928642232982,0.199960173683006,0.000280419218310217,-0.00144771456893141,0,0,0,0,0,0,0,0,0,0,0,0
15.3851668786192,0.499907268983544,0.000665421433206857,-0.00350272384712381,0.199962907593416,0.000266168573283423,-0.00140108953884885,0,0,0,0,0,0,0,0,0,0,0,0
15.3951718563443,0.499913753126627,0.000630953998380501,-0.00338757035207486,0.199965501250651,0.000252381599353467,-0.0013550281408292,0,0,0,0,0,0,0,0,0,0,0,0
15.4051768340694,0.499919898163384,0.000597631519174795,-0.00327385080871856,0.199967959265354,0.000239052607670113,-0.00130954032348673,0,0,0,0,0,0,0,0,0,0,0,0
15.4151818117944,0.499925715476885,0.000565439523953394,-0.00316159022264342,0.199970286190754,0.00022617580958126,-0.00126463608905697,0,0,0,0,0,0,0,0,0,0,0,0
15.4251867895195,0.499931216304151,0.000534363290228771,-0.00305081373377127,0.199972486521661,0.000213745316092491,-0.00122032549350779,0,0,0,0,0,0,0,0,0,0,0,0
15.4351917672446,0.499936411733662,0.000504387843322826,-0.00294154661662076,0.199974564693463,0.000201755137330905,-0.00117661864664772,0,0,0,0,0,0,0,0,0,0,0,0
15.4451967449696,0.499941312702788,0.000475497955007104,-0.00283381428058223,0.199976525081114,0.000190199182003435,-0.00113352571223225,0,0,0,0,0,0,0,0,0,0,0,0
15.4552017226947,0.49994592999528,0.000447678142156921,-0.00272764227019118,0.199978371998112,0.000179071256863462,-0.00109105690807564,0,0,0,0,0,0,0,0,0,0,0,0
15.4652067004198,0.499950274238698,0.000420912665393925,-0.00262305626539885,0.199980109695478,0.000168365066158564,-0.00104922250615882,0,0,0,0,0,0,0,0,0,0,0,0
15.4752116781448,0.499954355901843,0.000395185527745791,-0.00252008208184092,0.199981742360738,0.000158074211099413,-0.0010080328327358,0,0,0,0,0,0,0,0,0,0,0,0
15.4852166558699,0.499958185292174,0.000370480473261487,-0.00241874567111872,0.199983274116869,0.000148192189305295,-0.000967498268446402,0,0,0,0,0,0,0,0,0,0,0,0
15.495221633595,0.499961772553197,0.000346780985671504,-0.0023190731210594,0.199984709021278,0.000138712394270407,-0.00092762924842288,0,0,0,0,0,0,0,0,0,0,0,0
15.50522661132,0.499965127661879,0.00032407028701959,-0.00222109065599501,0.199986051064752,0.000129628114807635,-0.000888436262397793,0,0,0,0,0,0,0,0,0,0,0,0
15.5152315890451,0.499968260426006,0.000302331336275564,-0.00212482463703641,0.199987304170401,0.000120932534512243,-0.000849929854813932,0,0,0,0,0,0,0,0,0,0,0,0
15.5252365667702,0.499971180481537,0.000281546827999683,-0.00203030156233809,0.199988472192614,0.000112618731200885,-0.00081212062493443,0,0,0,0,0,0,0,0,0,0,0,0
15.5352415444952,0.499973897289979,0.000261699190942996,-0.00193754806737389,0.199989558915991,0.00010467967637872,-0.000775019226948556,0,0,0,0,0,0,0,0,0,0,0,0
15.5452465222203,0.499976420135688,0.000242770586681134,-0.00184659092520914,0.199990568054276,9.71082346736743e-05,-0.000738636370083077,0,0,0,0,0,0,0,0,0,0,0,0
15.5552514999454,0.499978758123213,0.000224742908240438,-0.00175745704677274,0.199991503249286,8.98971632968892e-05,-0.000702982818708517,0,0,0,0,0,0,0,0,0,0,0,0
15.5652564776704,0.499980920174595,0.000207597778705059,-0.0016701734811305,0.199992368069837,8.30391114838647e-05,-0.000668069392451211,0,0,0,0,0,0,0,0,0,0,0,0
15.5752614553955,0.499982915026649,0.00019131654985499,-0.00158476741574943,0.199993166010661,7.65266199420986e-05,-0.000633906966298977,0,0,0,0,0,0,0,0,0,0,0,0
15.5852664331206,0.499984751228266,0.000175880300752363,-0.00150126617678077,0.199993900491305,7.03521203017683e-05,-0.000600506470711822,0,0,0,0,0,0,0,0,0,0,0,0
15.5952714108456,0.49998643713765,0.000161269836375102,-0.00141969722932489,0.19999457485506,6.45079345509691e-05,-0.000567878891729157,0,0,0,0,0,0,0,0,0,0,0,0
15.6052763885707,0.499987980919588,0.000147465686218235,-0.00134008817770301,0.199995192367835,5.89862744888458e-05,-0.000536035271080991,0,0,0,0,0,0,0,0,0,0,0,0
15.6152813662958,0.499989390542689,0.000134448102892373,-0.00126246676573364,0.199995756217074,5.37792411575719e-05,-0.000504986706292616,0,0,0,0,0,0,0,0,0,0,0,0
15.6252863440208,0.49999067377658,0.000122197060739105,-0.00118686087699878,0.199996269510632,4.88788242969945e-05,-0.000474744350798826,0,0,0,0,0,0,0,0,0,0,0,0
15.6352913217459,0.499991838189151,0.000110692254419885,-0.00111329853512194,0.19999673527566,4.42769017686842e-05,-0.000445319414048206,0,0,0,0,0,0,0,0,0,0,0,0
15.645296299471,0.499992891143725,9.99130975229387e-05,-0.00104180790403457,0.199997156457491,3.99652390110589e-05,-0.000416723161613061,0,0,0,0,0,0,0,0,0,0,0,0
15.655301277196,0.499993839796247,8.98387211539632e-05,-0.00097241728824993,0.1999975359185,3.59354884622148e-05,-0.000388966915298771,0,0,0,0,0,0,0,0,0,0,0,0
15.6653062549211,0.499994691092456,8.04479725219291e-05,-0.000905155133137767,0.199997876436982,3.217918901035e-05,-0.000362062053254041,0,0,0,0,0,0,0,0,0,0,0,0
15.6753112326462,0.499995451765027,7.17194135442194e-05,-0.000840050025193287,0.19999818070601,2.86877654180043e-05,-0.000336020010076524,0,0,0,0,0,0,0,0,0,0,0,0
15.6853162103712,0.499996128330703,6.36313194154494e-05,-0.000777130692307488,0.199998451332281,2.5452527767767e-05,-0.000310852276922262,0,0,0,0,0,0,0,0,0,0,0,0
15.6953211880963,0.499996727087456,5.61616772050997e-05,-0.000716426004043225,0.199998690834983,2.24646708826766e-05,-0.000286570401616437,0,0,0,0,0,0,0,0,0,0,0,0
15.7053261658214,0.499997254111553,4.92881844281849e-05,-0.00065796497190675,0.19999890164462,1.97152737729766e-05,-0.000263185988761945,0,0,0,0,0,0,0,0,0,0,0,0
15.7153311435464,0.499997715254667,4.29882476407678e-05,-0.000601776749612675,0.199999086101868,1.71952990574809e-05,-0.000240710699844094,0,0,0,0,0,0,0,0,0,0,0,0
15.7253361212715,0.499998116140989,3.72389809880956e-05,-0.000547890633366616,0.199999246456395,1.48955923965224e-05,-0.000219156253345629,0,0,0,0,0,0,0,0,0,0,0,0
15.7353410989966,0.499998462164227,3.20172048042775e-05,-0.000496336062130167,0.199999384865691,1.28068819238572e-05,-0.000198534424851327,0,0,0,0,0,0,0,0,0,0,0,0
15.7453460767216,0.499998758484749,2.72994441731027e-05,-0.0004471426178924,0.199999503393901,1.09197776694563e-05,-0.000178857047156159,0,0,0,0,0,0,0,0,0,0,0,0
15.7553510544467,0.499999010026533,2.30619274816601e-05,-0.000400340025945785,0.199999604010614,9.22477099460646e-06,-0.000160136010377451,0,0,0,0,0,0,0,0,0,0,0,0
15.7653560321718,0.499999221474257,1.92805850164517e-05,-0.000355958155156311,0.199999688589704,7.71223400658068e-06,-0.000142383262062062,0,0,0,0,0,0,0,0,0,0,0,0
15.7753610098968,0.499999397270281,1.59310474932866e-05,-0.000314027018235009,0.199999758908113,6.37241899861684e-06,-0.000125610807293238,0,0,0,0,0,0,0,0,0,0,0,0
15.7853659876219,0.499999541611634,1.29886446350547e-05,-0.000274576772008255,0.199999816644653,5.19545785478361e-06,-0.000109830708802596,0,0,0,0,0,0,0,0,0,0,0,0
15.795370965347,0.499999658447022,1.04284037274469e-05,-0.000237637717693915,0.199999863378809,4.17136149163351e-06,-9.50550870764743e-05,0,0,0,0,0,0,0,0,0,0,0,0
15.805375943072,0.499999751473774,8.22504816208842e-06,-0.000203240301169239,0.199999900589508,3.2900192662579e-06,-8.12961204666221e-05,0,0,0,0,0,0,0,0,0,0,0,0
15.8153809207971,0.4999998241348,6.3529960074932e-06,-0.000171415113244183,0.199999929653919,2.54119840442377e-06,-6.85660452972469e-05,0,0,0,0,0,0,0,0,0,0,0,0
15.8253858985222,0.499999879615533,4.78635853361315e-06,-0.000142192889937189,0.199999951846212,1.91454341344526e-06,-5.68771559736764e-05,0,0,0,0,0,0,0,0,0,0,0,0
15.8353908762472,0.499999920840844,3.49893877408998e-06,-0.000115604512737163,0.199999968336338,1.39957551096008e-06,-4.62418050938671e-05,0,0,0,0,0,0,0,0,0,0,0,0
15.8453958539723,0.49999995047196,2.46423006725139e-06,-9.16810088869568e-05,0.199999980188784,9.85692027896372e-07,-3.66724035540278e-05,0,0,0,0,0,0,0,0,0,0,0,0
15.8554008316974,0.499999970903367,1.65541458991197e-06,-7.04535516481918e-05,0.199999988361347,6.62165837296221e-07,-2.81814206579889e-05,0,0,0,0,0,0,0,0,0,0,0,0
15.8654058094224,0.499999984259642,1.04536190837008e-06,-5.19534605729496e-05,0.199999993703857,4.1814476390433e-07,-2.07813842285245e-05,0,0,0,0,0,0,0,0,0,0,0,0
15.8754107871475,0.499999992392389,6.06627491203661e-07,-3.62122017828557e-05,0.199999996956956,2.42650997039301e-07,-1.44848807127525e-05,0,0,0,0,0,0,0,0,0,0,0,0
15.8854157648726,0.499999996877037,3.11451267082949e-07,-2.32613882311797e-05,0.199999998750814,1.24580507392557e-07,-9.30455529150577e-06,0,0,0,0,0,0,0,0,0,0,0,0
15.8954207425976,0.499999999009677,1.31756132048352e-07,-1.31327799810937e-05,0.19999999960387,5.27024538289998e-08,-5.25311199118129e-06,0,0,0,0,0,0,0,0,0,0,0,0
15.9054257203227,0.499999999803931,3.91464953202495e-08,-5.85828447471921e-06,0.199999999921572,1.56585991405429e-08,-2.34331378964012e-06,0,0,0,0,0,0,0,0,0,0,0,0
15.9154306980478,0.499999999987699,4.90678886247376e-09,-1.46995681020186e-06,0.199999999995078,1.96271689863249e-09,-5.87982723419348e-07,0,0,0,0,0,0,0,0,0,0,0,0
15.9254356757728,0.49999999999998,-5.65570251399473e-15,-5.38370348708172e-15,0.199999999999991,0,-1.03532759366956e-15,0,0,0,0,0,0,0,0,0,0,0,0
