t,x,vx,ax,y,vy,ay,z,vz,az,roll,wx,alphax,pitch,wy,alphay,yaw,wz,alphaz

0,0,0,0,0,0,0,0,0,0,0,0,0,0,0,0,0,0,0
0.01,0,0,0,0,0,0,0,0,0,0,0,0,0,0,0,0,0,0
0.02,0,0,0,0,0,0,0,0,0,0,0,0,0,0,0,0,0,0
0.03,0,0,0,0,0,0,0,0,0,0,0,0,0,0,0,0,0,0
0.04,0,0,0,0,0,0,0,0,0,0,0,0,0,0,0,0,0,0
0.05,0,0,0,0,0,0,0,0,0,0,0,0,0,0,0,0,0,0
0.06,0,0,0,0,0,0,0,0,0,0,0,0,0,0,0,0,0,0
0.07,0,0,0,0,0,0,0,0,0,0,0,0,0,0,0,0,0,0
0.08,0,0,0,0,0,0,0,0,0,0,0,0,0,0,0,0,0,0
0.09,0,0,0,0,0,0,0,0,0,0,0,0,0,0,0,0,0,0
0.1,0,0,0,0,0,0,0,0,0,0,0,0,0,0,0,0,0,0
0.11,0,0,0,0,0,0,0,0,0,0,0,0,0,0,0,0,0,0
0.12,0,0,0,0,0,0,0,0,0,0,0,0,0,0,0,0,0,0
0.13,0,0,0,0,0,0,0,0,0,0,0,0,0,0,0,0,0,0
0.14,0,0,0,0,0,0,0,0,0,0,0,0,0,0,0,0,0,0
0.15,0,0,0,0,0,0,0,0,0,0,0,0,0,0,0,0,0,0
0.16,0,0,0,0,0,0,0,0,0,0,0,0,0,0,0,0,0,0
0.17,0,0,0,0,0,0,0,0,0,0,0,0,0,0,0,0,0,0
0.18,0,0,0,0,0,0,0,0,0,0,0,0,0,0,0,0,0,0
0.19,0,0,0,0,0,0,0,0,0,0,0,0,0,0,0,0,0,0
0.2,0,0,0,0,0,0,0,0,0,0,0,0,0,0,0,0,0,0
0.21,0,0,0,0,0,0,0,0,0,0,0,0,0,0,0,0,0,0
0.22,0,0,0,0,0,0,0,0,0,0,0,0,0,0,0,0,0,0
0.23,0,0,0,0,0,0,0,0,0,0,0,0,0,0,0,0,0,0
0.24,0,0,0,0,0,0,0,0,0,0,0,0,0,0,0,0,0,0
0.25,0,0,0,0,0,0,0,0,0,0,0,0,0,0,0,0,0,0
0.26,0,0,0,0,0,0,0,0,0,0,0,0,0,0,0,0,0,0
0.27,0,0,0,0,0,0,0,0,0,0,0,0,0,0,0,0,0,0
0.28,0,0,0,0,0,0,0,0,0,0,0,0,0,0,0,0,0,0
0.29,0,0,0,0,0,0,0,0,0,0,0,0,0,0,0,0,0,0
0.3,0,0,0,0,0,0,0,0,0,0,0,0,0,0,0,0,0,0
0.31,0,0,0,0,0,0,0,0,0,0,0,0,0,0,0,0,0,0
0.32,0,0,0,0,0,0,0,0,0,0,0,0,0,0,0,0,0,0
0.33,0,0,0,0,0,0,0,0,0,0,0,0,0,0,0,0,0,0
0.34,0,0,0,0,0,0,0,0,0,0,0,0,0,0,0,0,0,0
0.35,0,0,0,0,0,0,0,0,0,0,0,0,0,0,0,0,0,0
0.36,0,0,0,0,0,0,0,0,0,0,0,0,0,0,0,0,0,0
0.37,0,0,0,0,0,0,0,0,0,0,0,0,0,0,0,0,0,0
0.38,0,0,0,0,0,0,0,0,0,0,0,0,0,0,0,0,0,0
0.39,0,0,0,0,0,0,0,0,0,0,0,0,0,0,0,0,0,0
0.4,0,0,0,0,0,0,0,0,0,0,0,0,0,0,0,0,0,0
0.41,0,0,0,0,0,0,0,0,0,0,0,0,0,0,0,0,0,0
0.42,0,0,0,0,0,0,0,0,0,0,0,0,0,0,0,0,0,0
0.43,0,0,0,0,0,0,0,0,0,0,0,0,0,0,0,0,0,0
0.44,0,0,0,0,0,0,0,0,0,0,0,0,0,0,0,0,0,0
0.45,0,0,0,0,0,0,0,0,0,0,0,0,0,0,0,0,0,0
0.46,0,0,0,0,0,0,0,0,0,0,0,0,0,0,0,0,0,0
0.47,0,0,0,0,0,0,0,0,0,0,0,0,0,0,0,0,0,0
0.48,0,0,0,0,0,0,0,0,0,0,0,0,0,0,0,0,0,0
0.49,0,0,0,0,0,0,0,0,0,0,0,0,0,0,0,0,0,0
0.5,0,0,0,0,0,0,0,0,0,0,0,0,0,0,0,0,0,0
0.51,0,0,0,0,0,0,0,0,0,0,0,0,0,0,0,0,0,0
0.52,0,0,0,0,0,0,0,0,0,0,0,0,0,0,0,0,0,0
0.53,0,0,0,0,0,0,0,0,0,0,0,0,0,0,0,0,0,0
0.54,0,0,0,0,0,0,0,0,0,0,0,0,0,0,0,0,0,0
0.55,0,0,0,0,0,0,0,0,0,0,0,0,0,0,0,0,0,0
0.56,0,0,0,0,0,0,0,0,0,0,0,0,0,0,0,0,0,0
0.57,0,0,0,0,0,0,0,0,0,0,0,0,0,0,0,0,0,0
0.58,0,0,0,0,0,0,0,0,0,0,0,0,0,0,0,0,0,0
0.59,0,0,0,0,0,0,0,0,0,0,0,0,0,0,0,0,0,0
0.6,0,0,0,0,0,0,0,0,0,0,0,0,0,0,0,0,0,0
0.61,0,0,0,0,0,0,0,0,0,0,0,0,0,0,0,0,0,0
0.62,0,0,0,0,0,0,0,0,0,0,0,0,0,0,0,0,0,0
0.63,0,0,0,0,0,0,0,0,0,0,0,0,0,0,0,0,0,0
0.64,0,0,0,0,0,0,0,0,0,0,0,0,0,0,0,0,0,0
0.65,0,0,0,0,0,0,0,0,0,0,0,0,0,0,0,0,0,0
0.66,0,0,0,0,0,0,0,0,0,0,0,0,0,0,0,0,0,0
0.67,0,0,0,0,0,0,0,0,0,0,0,0,0,0,0,0,0,0
0.68,0,0,0,0,0,0,0,0,0,0,0,0,0,0,0,0,0,0
0.69,0,0,0,0,0,0,0,0,0,0,0,0,0,0,0,0,0,0
0.7,0,0,0,0,0,0,0,0,0,0,0,0,0,0,0,0,0,0
0.71,0,0,0,0,0,0,0,0,0,0,0,0,0,0,0,0,0,0
0.72,0,0,0,0,0,0,0,0,0,0,0,0,0,0,0,0,0,0
0.73,0,0,0,0,0,0,0,0,0,0,0,0,0,0,0,0,0,0
0.74,0,0,0,0,0,0,0,0,0,0,0,0,0,0,0,0,0,0
0.75,0,0,0,0,0,0,0,0,0,0,0,0,0,0,0,0,0,0
0.76,0,0,0,0,0,0,0,0,0,0,0,0,0,0,0,0,0,0
0.77,0,0,0,0,0,0,0,0,0,0,0,0,0,0,0,0,0,0
0.78,0,0,0,0,0,0,0,0,0,0,0,0,0,0,0,0,0,0
0.79,0,0,0,0,0,0,0,0,0,0,0,0,0,0,0,0,0,0
0.8,0,0,0,0,0,0,0,0,0,0,0,0,0,0,0,0,0,0
0.81,0,0,0,0,0,0,0,0,0,0,0,0,0,0,0,0,0,0
0.82,0,0,0,0,0,0,0,0,0,0,0,0,0,0,0,0,0,0
0.83,0,0,0,0,0,0,0,0,0,0,0,0,0,0,0,0,0,0
0.84,0,0,0,0,0,0,0,0,0,0,0,0,0,0,0,0,0,0
0.85,0,0,0,0,0,0,0,0,0,0,0,0,0,0,0,0,0,0
0.86,0,0,0,0,0,0,0,0,0,0,0,0,0,0,0,0,0,0
0.87,0,0,0,0,0,0,0,0,0,0,0,0,0,0,0,0,0,0
0.88,0,0,0,0,0,0,0,0,0,0,0,0,0,0,0,0,0,0
0.89,0,0,0,0,0,0,0,0,0,0,0,0,0,0,0,0,0,0
0.9,0,0,0,0,0,0,0,0,0,0,0,0,0,0,0,0,0,0
0.91,0,0,0,0,0,0,0,0,0,0,0,0,0,0,0,0,0,0
0.92,0,0,0,0,0,0,0,0,0,0,0,0,0,0,0,0,0,0
0.93,0,0,0,0,0,0,0,0,0,0,0,0,0,0,0,0,0,0
0.94,0,0,0,0,0,0,0,0,0,0,0,0,0,0,0,0,0,0
0.95,0,0,0,0,0,0,0,0,0,0,0,0,0,0,0,0,0,0
0.96,0,0,0,0,0,0,0,0,0,0,0,0,0,0,0,0,0,0
0.97,0,0,0,0,0,0,0,0,0,0,0,0,0,0,0,0,0,0
0.98,0,0,0,0,0,0,0,0,0,0,0,0,0,0,0,0,0,0
0.99,0,0,0,0,0,0,0,0,0,0,0,0,0,0,0,0,0,0
1,0,0,0,0,0,0,0,0,0,0,0,0,0,0,0,0,0,0
1.01,0,0,0,0,0,0,0,0,0,0,0,0,0,0,0,0,0,0
1.02,0,0,0,0,0,0,0,0,0,0,0,0,0,0,0,0,0,0
1.03,0,0,0,0,0,0,0,0,0,0,0,0,0,0,0,0,0,0
1.04,0,0,0,0,0,0,0,0,0,0,0,0,0,0,0,0,0,0
1.05,0,0,0,0,0,0,0,0,0,0,0,0,0,0,0,0,0,0
1.06,0,0,0,0,0,0,0,0,0,0,0,0,0,0,0,0,0,0
1.07,0,0,0,0,0,0,0,0,0,0,0,0,0,0,0,0,0,0
1.08,0,0,0,0,0,0,0,0,0,0,0,0,0,0,0,0,0,0
1.09,0,0,0,0,0,0,0,0,0,0,0,0,0,0,0,0,0,0
1.1,0,0,0,0,0,0,0,0,0,0,0,0,0,0,0,0,0,0
1.11,0,0,0,0,0,0,0,0,0,0,0,0,0,0,0,0,0,0
1.12,0,0,0,0,0,0,0,0,0,0,0,0,0,0,0,0,0,0
1.13,0,0,0,0,0,0,0,0,0,0,0,0,0,0,0,0,0,0
1.14,0,0,0,0,0,0,0,0,0,0,0,0,0,0,0,0,0,0
1.15,0,0,0,0,0,0,0,0,0,0,0,0,0,0,0,0,0,0
1.16,0,0,0,0,0,0,0,0,0,0,0,0,0,0,0,0,0,0
1.17,0,0,0,0,0,0,0,0,0,0,0,0,0,0,0,0,0,0
1.18,0,0,0,0,0,0,0,0,0,0,0,0,0,0,0,0,0,0
1.19,0,0,0,0,0,0,0,0,0,0,0,0,0,0,0,0,0,0
1.2,0,0,0,0,0,0,0,0,0,0,0,0,0,0,0,0,0,0
1.21,0,0,0,0,0,0,0,0,0,0,0,0,0,0,0,0,0,0
1.22,0,0,0,0,0,0,0,0,0,0,0,0,0,0,0,0,0,0
1.23,0,0,0,0,0,0,0,0,0,0,0,0,0,0,0,0,0,0
1.24,0,0,0,0,0,0,0,0,0,0,0,0,0,0,0,0,0,0
1.25,0,0,0,0,0,0,0,0,0,0,0,0,0,0,0,0,0,0
1.26,0,0,0,0,0,0,0,0,0,0,0,0,0,0,0,0,0,0
1.27,0,0,0,0,0,0,0,0,0,0,0,0,0,0,0,0,0,0
1.28,0,0,0,0,0,0,0,0,0,0,0,0,0,0,0,0,0,0
1.29,0,0,0,0,0,0,0,0,0,0,0,0,0,0,0,0,0,0
1.3,0,0,0,0,0,0,0,0,0,0,0,0,0,0,0,0,0,0
1.31,0,0,0,0,0,0,0,0,0,0,0,0,0,0,0,0,0,0
1.32,0,0,0,0,0,0,0,0,0,0,0,0,0,0,0,0,0,0
1.33,0,0,0,0,0,0,0,0,0,0,0,0,0,0,0,0,0,0
1.34,0,0,0,0,0,0,0,0,0,0,0,0,0,0,0,0,0,0
1.35,0,0,0,0,0,0,0,0,0,0,0,0,0,0,0,0,0,0
1.36,0,0,0,0,0,0,0,0,0,0,0,0,0,0,0,0,0,0
1.37,0,0,0,0,0,0,0,0,0,0,0,0,0,0,0,0,0,0
1.38,0,0,0,0,0,0,0,0,0,0,0,0,0,0,0,0,0,0
1.39,0,0,0,0,0,0,0,0,0,0,0,0,0,0,0,0,0,0
1.4,0,0,0,0,0,0,0,0,0,0,0,0,0,0,0,0,0,0
1.41,0,0,0,0,0,0,0,0,0,0,0,0,0,0,0,0,0,0
1.42,0,0,0,0,0,0,0,0,0,0,0,0,0,0,0,0,0,0
1.43,0,0,0,0,0,0,0,0,0,0,0,0,0,0,0,0,0,0
1.44,0,0,0,0,0,0,0,0,0,0,0,0,0,0,0,0,0,0
1.45,0,0,0,0,0,0,0,0,0,0,0,0,0,0,0,0,0,0
1.46,0,0,0,0,0,0,0,0,0,0,0,0,0,0,0,0,0,0
1.47,0,0,0,0,0,0,0,0,0,0,0,0,0,0,0,0,0,0
1.48,0,0,0,0,0,0,0,0,0,0,0,0,0,0,0,0,0,0
1.49,0,0,0,0,0,0,0,0,0,0,0,0,0,0,0,0,0,0
1.5,0,0,0,0,0,0,0,0,0,0,0,0,0,0,0,0,0,0
1.51,0,0,0,0,0,0,0,0,0,0,0,0,0,0,0,0,0,0
1.52,0,0,0,0,0,0,0,0,0,0,0,0,0,0,0,0,0,0
1.53,0,0,0,0,0,0,0,0,0,0,0,0,0,0,0,0,0,0
1.54,0,0,0,0,0,0,0,0,0,0,0,0,0,0,0,0,0,0
1.55,0,0,0,0,0,0,0,0,0,0,0,0,0,0,0,0,0,0
1.56,0,0,0,0,0,0,0,0,0,0,0,0,0,0,0,0,0,0
1.57,0,0,0,0,0,0,0,0,0,0,0,0,0,0,0,0,0,0
1.58,0,0,0,0,0,0,0,0,0,0,0,0,0,0,0,0,0,0
1.59,0,0,0,0,0,0,0,0,0,0,0,0,0,0,0,0,0,0
1.6,0,0,0,0,0,0,0,0,0,0,0,0,0,0,0,0,0,0
1.61,0,0,0,0,0,0,0,0,0,0,0,0,0,0,0,0,0,0
1.62,0,0,0,0,0,0,0,0,0,0,0,0,0,0,0,0,0,0
1.63,0,0,0,0,0,0,0,0,0,0,0,0,0,0,0,0,0,0
1.64,0,0,0,0,0,0,0,0,0,0,0,0,0,0,0,0,0,0
1.65,0,0,0,0,0,0,0,0,0,0,0,0,0,0,0,0,0,0
1.66,0,0,0,0,0,0,0,0,0,0,0,0,0,0,0,0,0,0
1.67,0,0,0,0,0,0,0,0,0,0,0,0,0,0,0,0,0,0
1.68,0,0,0,0,0,0,0,0,0,0,0,0,0,0,0,0,0,0
1.69,0,0,0,0,0,0,0,0,0,0,0,0,0,0,0,0,0,0
1.7,0,0,0,0,0,0,0,0,0,0,0,0,0,0,0,0,0,0
1.71,0,0,0,0,0,0,0,0,0,0,0,0,0,0,0,0,0,0
1.72,0,0,0,0,0,0,0,0,0,0,0,0,0,0,0,0,0,0
1.73,0,0,0,0,0,0,0,0,0,0,0,0,0,0,0,0,0,0
1.74,0,0,0,0,0,0,0,0,0,0,0,0,0,0,0,0,0,0
1.75,0,0,0,0,0,0,0,0,0,0,0,0,0,0,0,0,0,0
1.76,0,0,0,0,0,0,0,0,0,0,0,0,0,0,0,0,0,0
1.77,0,0,0,0,0,0,0,0,0,0,0,0,0,0,0,0,0,0
1.78,0,0,0,0,0,0,0,0,0,0,0,0,0,0,0,0,0,0
1.79,0,0,0,0,0,0,0,0,0,0,0,0,0,0,0,0,0,0
1.8,0,0,0,0,0,0,0,0,0,0,0,0,0,0,0,0,0,0
1.81,0,0,0,0,0,0,0,0,0,0,0,0,0,0,0,0,0,0
1.82,0,0,0,0,0,0,0,0,0,0,0,0,0,0,0,0,0,0
1.83,0,0,0,0,0,0,0,0,0,0,0,0,0,0,0,0,0,0
1.84,0,0,0,0,0,0,0,0,0,0,0,0,0,0,0,0,0,0
1.85,0,0,0,0,0,0,0,0,0,0,0,0,0,0,0,0,0,0
1.86,0,0,0,0,0,0,0,0,0,0,0,0,0,0,0,0,0,0
1.87,0,0,0,0,0,0,0,0,0,0,0,0,0,0,0,0,0,0
1.88,0,0,0,0,0,0,0,0,0,0,0,0,0,0,0,0,0,0
1.89,0,0,0,0,0,0,0,0,0,0,0,0,0,0,0,0,0,0
1.9,0,0,0,0,0,0,0,0,0,0,0,0,0,0,0,0,0,0
1.91,0,0,0,0,0,0,0,0,0,0,0,0,0,0,0,0,0,0
1.92,0,0,0,0,0,0,0,0,0,0,0,0,0,0,0,0,0,0
1.93,0,0,0,0,0,0,0,0,0,0,0,0,0,0,0,0,0,0
1.94,0,0,0,0,0,0,0,0,0,0,0,0,0,0,0,0,0,0
1.95,0,0,0,0,0,0,0,0,0,0,0,0,0,0,0,0,0,0
1.96,0,0,0,0,0,0,0,0,0,0,0,0,0,0,0,0,0,0
1.97,0,0,0,0,0,0,0,0,0,0,0,0,0,0,0,0,0,0
1.98,0,0,0,0,0,0,0,0,0,0,0,0,0,0,0,0,0,0
1.99,0,0,0,0,0,0,0,0,0,0,0,0,0,0,0,0,0,0
2,0,0,0,0,0,0,0,0,0,0,0,0,0,0,0,0,0,0
2.01,0,0,0,0,0,0,0,0,0,0,0,0,0,0,0,0,0,0
2.02,0,0,0,0,0,0,0,0,0,0,0,0,0,0,0,0,0,0
2.03,0,0,0,0,0,0,0,0,0,0,0,0,0,0,0,0,0,0
2.04,0,0,0,0,0,0,0,0,0,0,0,0,0,0,0,0,0,0
2.05,0,0,0,0,0,0,0,0,0,0,0,0,0,0,0,0,0,0
2.06,0,0,0,0,0,0,0,0,0,0,0,0,0,0,0,0,0,0
2.07,0,0,0,0,0,0,0,0,0,0,0,0,0,0,0,0,0,0
2.08,0,0,0,0,0,0,0,0,0,0,0,0,0,0,0,0,0,0
2.09,0,0,0,0,0,0,0,0,0,0,0,0,0,0,0,0,0,0
2.1,0,0,0,0,0,0,0,0,0,0,0,0,0,0,0,0,0,0
2.11,0,0,0,0,0,0,0,0,0,0,0,0,0,0,0,0,0,0
2.12,0,0,0,0,0,0,0,0,0,0,0,0,0,0,0,0,0,0
2.13,0,0,0,0,0,0,0,0,0,0,0,0,0,0,0,0,0,0
2.14,0,0,0,0,0,0,0,0,0,0,0,0,0,0,0,0,0,0
2.15,0,0,0,0,0,0,0,0,0,0,0,0,0,0,0,0,0,0
2.16,0,0,0,0,0,0,0,0,0,0,0,0,0,0,0,0,0,0
2.17,0,0,0,0,0,0,0,0,0,0,0,0,0,0,0,0,0,0
2.18,0,0,0,0,0,0,0,0,0,0,0,0,0,0,0,0,0,0
2.19,0,0,0,0,0,0,0,0,0,0,0,0,0,0,0,0,0,0
2.2,0,0,0,0,0,0,0,0,0,0,0,0,0,0,0,0,0,0
2.21,0,0,0,0,0,0,0,0,0,0,0,0,0,0,0,0,0,0
2.22,0,0,0,0,0,0,0,0,0,0,0,0,0,0,0,0,0,0
2.23,0,0,0,0,0,0,0,0,0,0,0,0,0,0,0,0,0,0
2.24,0,0,0,0,0,0,0,0,0,0,0,0,0,0,0,0,0,0
2.25,0,0,0,0,0,0,0,0,0,0,0,0,0,0,0,0,0,0
2.26,0,0,0,0,0,0,0,0,0,0,0,0,0,0,0,0,0,0
2.27,0,0,0,0,0,0,0,0,0,0,0,0,0,0,0,0,0,0
2.28,0,0,0,0,0,0,0,0,0,0,0,0,0,0,0,0,0,0
2.29,0,0,0,0,0,0,0,0,0,0,0,0,0,0,0,0,0,0
2.3,0,0,0,0,0,0,0,0,0,0,0,0,0,0,0,0,0,0
2.31,0,0,0,0,0,0,0,0,0,0,0,0,0,0,0,0,0,0
2.32,0,0,0,0,0,0,0,0,0,0,0,0,0,0,0,0,0,0
2.33,0,0,0,0,0,0,0,0,0,0,0,0,0,0,0,0,0,0
2.34,0,0,0,0,0,0,0,0,0,0,0,0,0,0,0,0,0,0
2.35,0,0,0,0,0,0,0,0,0,0,0,0,0,0,0,0,0,0
2.36,0,0,0,0,0,0,0,0,0,0,0,0,0,0,0,0,0,0
2.37,0,0,0,0,0,0,0,0,0,0,0,0,0,0,0,0,0,0
2.38,0,0,0,0,0,0,0,0,0,0,0,0,0,0,0,0,0,0
2.39,0,0,0,0,0,0,0,0,0,0,0,0,0,0,0,0,0,0
2.4,0,0,0,0,0,0,0,0,0,0,0,0,0,0,0,0,0,0
2.41,0,0,0,0,0,0,0,0,0,0,0,0,0,0,0,0,0,0
2.42,0,0,0,0,0,0,0,0,0,0,0,0,0,0,0,0,0,0
2.43,0,0,0,0,0,0,0,0,0,0,0,0,0,0,0,0,0,0
2.44,0,0,0,0,0,0,0,0,0,0,0,0,0,0,0,0,0,0
2.45,0,0,0,0,0,0,0,0,0,0,0,0,0,0,0,0,0,0
2.46,0,0,0,0,0,0,0,0,0,0,0,0,0,0,0,0,0,0
2.47,0,0,0,0,0,0,0,0,0,0,0,0,0,0,0,0,0,0
2.48,0,0,0,0,0,0,0,0,0,0,0,0,0,0,0,0,0,0
2.49,0,0,0,0,0,0,0,0,0,0,0,0,0,0,0,0,0,0
2.5,0,0,0,0,0,0,0,0,0,0,0,0,0,0,0,0,0,0
2.51,0,0,0,0,0,0,0,0,0,0,0,0,0,0,0,0,0,0
2.52,0,0,0,0,0,0,0,0,0,0,0,0,0,0,0,0,0,0
2.53,0,0,0,0,0,0,0,0,0,0,0,0,0,0,0,0,0,0
2.54,0,0,0,0,0,0,0,0,0,0,0,0,0,0,0,0,0,0
2.55,0,0,0,0,0,0,0,0,0,0,0,0,0,0,0,0,0,0
2.56,0,0,0,0,0,0,0,0,0,0,0,0,0,0,0,0,0,0
2.57,0,0,0,0,0,0,0,0,0,0,0,0,0,0,0,0,0,0
2.58,0,0,0,0,0,0,0,0,0,0,0,0,0,0,0,0,0,0
2.59,0,0,0,0,0,0,0,0,0,0,0,0,0,0,0,0,0,0
2.6,0,0,0,0,0,0,0,0,0,0,0,0,0,0,0,0,0,0
2.61,0,0,0,0,0,0,0,0,0,0,0,0,0,0,0,0,0,0
2.62,0,0,0,0,0,0,0,0,0,0,0,0,0,0,0,0,0,0
2.63,0,0,0,0,0,0,0,0,0,0,0,0,0,0,0,0,0,0
2.64,0,0,0,0,0,0,0,0,0,0,0,0,0,0,0,0,0,0
2.65,0,0,0,0,0,0,0,0,0,0,0,0,0,0,0,0,0,0
2.66,0,0,0,0,0,0,0,0,0,0,0,0,0,0,0,0,0,0
2.67,0,0,0,0,0,0,0,0,0,0,0,0,0,0,0,0,0,0
2.68,0,0,0,0,0,0,0,0,0,0,0,0,0,0,0,0,0,0
2.69,0,0,0,0,0,0,0,0,0,0,0,0,0,0,0,0,0,0
2.7,0,0,0,0,0,0,0,0,0,0,0,0,0,0,0,0,0,0
2.71,0,0,0,0,0,0,0,0,0,0,0,0,0,0,0,0,0,0
2.72,0,0,0,0,0,0,0,0,0,0,0,0,0,0,0,0,0,0
2.73,0,0,0,0,0,0,0,0,0,0,0,0,0,0,0,0,0,0
2.74,0,0,0,0,0,0,0,0,0,0,0,0,0,0,0,0,0,0
2.75,0,0,0,0,0,0,0,0,0,0,0,0,0,0,0,0,0,0
2.76,0,0,0,0,0,0,0,0,0,0,0,0,0,0,0,0,0,0
2.77,0,0,0,0,0,0,0,0,0,0,0,0,0,0,0,0,0,0
2.78,0,0,0,0,0,0,0,0,0,0,0,0,0,0,0,0,0,0
2.79,0,0,0,0,0,0,0,0,0,0,0,0,0,0,0,0,0,0
2.8,0,0,0,0,0,0,0,0,0,0,0,0,0,0,0,0,0,0
2.81,0,0,0,0,0,0,0,0,0,0,0,0,0,0,0,0,0,0
2.82,0,0,0,0,0,0,0,0,0,0,0,0,0,0,0,0,0,0
2.83,0,0,0,0,0,0,0,0,0,0,0,0,0,0,0,0,0,0
2.84,0,0,0,0,0,0,0,0,0,0,0,0,0,0,0,0,0,0
2.85,0,0,0,0,0,0,0,0,0,0,0,0,0,0,0,0,0,0
2.86,0,0,0,0,0,0,0,0,0,0,0,0,0,0,0,0,0,0
2.87,0,0,0,0,0,0,0,0,0,0,0,0,0,0,0,0,0,0
2.88,0,0,0,0,0,0,0,0,0,0,0,0,0,0,0,0,0,0
2.89,0,0,0,0,0,0,0,0,0,0,0,0,0,0,0,0,0,0
2.9,0,0,0,0,0,0,0,0,0,0,0,0,0,0,0,0,0,0
2.91,0,0,0,0,0,0,0,0,0,0,0,0,0,0,0,0,0,0
2.92,0,0,0,0,0,0,0,0,0,0,0,0,0,0,0,0,0,0
2.93,0,0,0,0,0,0,0,0,0,0,0,0,0,0,0,0,0,0
2.94,0,0,0,0,0,0,0,0,0,0,0,0,0,0,0,0,0,0
2.95,0,0,0,0,0,0,0,0,0,0,0,0,0,0,0,0,0,0
2.96,0,0,0,0,0,0,0,0,0,0,0,0,0,0,0,0,0,0
2.97,0,0,0,0,0,0,0,0,0,0,0,0,0,0,0,0,0,0
2.98,0,0,0,0,0,0,0,0,0,0,0,0,0,0,0,0,0,0
2.99,0,0,0,0,0,0,0,0,0,0,0,0,0,0,0,0,0,0
3,0,0,0,0,0,0,0,0,0,0,0,0,0,0,0,0,0,0
3.01,0,0,0,0,0,0,0,0,0,0,0,0,0,0,0,0,0,0
3.02,0,0,0,0,0,0,0,0,0,0,0,0,0,0,0,0,0,0
3.03,0,0,0,0,0,0,0,0,0,0,0,0,0,0,0,0,0,0
3.04,0,0,0,0,0,0,0,0,0,0,0,0,0,0,0,0,0,0
3.05,0,0,0,0,0,0,0,0,0,0,0,0,0,0,0,0,0,0
3.06,0,0,0,0,0,0,0,0,0,0,0,0,0,0,0,0,0,0
3.07,0,0,0,0,0,0,0,0,0,0,0,0,0,0,0,0,0,0
3.08,0,0,0,0,0,0,0,0,0,0,0,0,0,0,0,0,0,0
3.09,0,0,0,0,0,0,0,0,0,0,0,0,0,0,0,0,0,0
3.1,0,0,0,0,0,0,0,0,0,0,0,0,0,0,0,0,0,0
3.11,0,0,0,0,0,0,0,0,0,0,0,0,0,0,0,0,0,0
3.12,0,0,0,0,0,0,0,0,0,0,0,0,0,0,0,0,0,0
3.13,0,0,0,0,0,0,0,0,0,0,0,0,0,0,0,0,0,0
3.14,0,0,0,0,0,0,0,0,0,0,0,0,0,0,0,0,0,0
3.15,0,0,0,0,0,0,0,0,0,0,0,0,0,0,0,0,0,0
3.16,0,0,0,0,0,0,0,0,0,0,0,0,0,0,0,0,0,0
3.17,0,0,0,0,0,0,0,0,0,0,0,0,0,0,0,0,0,0
3.18,0,0,0,0,0,0,0,0,0,0,0,0,0,0,0,0,0,0
3.19,0,0,0,0,0,0,0,0,0,0,0,0,0,0,0,0,0,0
3.2,0,0,0,0,0,0,0,0,0,0,0,0,0,0,0,0,0,0
3.21,0,0,0,0,0,0,0,0,0,0,0,0,0,0,0,0,0,0
3.22,0,0,0,0,0,0,0,0,0,0,0,0,0,0,0,0,0,0
3.23,0,0,0,0,0,0,0,0,0,0,0,0,0,0,0,0,0,0
3.24,0,0,0,0,0,0,0,0,0,0,0,0,0,0,0,0,0,0
3.25,0,0,0,0,0,0,0,0,0,0,0,0,0,0,0,0,0,0
3.26,0,0,0,0,0,0,0,0,0,0,0,0,0,0,0,0,0,0
3.27,0,0,0,0,0,0,0,0,0,0,0,0,0,0,0,0,0,0
3.28,0,0,0,0,0,0,0,0,0,0,0,0,0,0,0,0,0,0
3.29,0,0,0,0,0,0,0,0,0,0,0,0,0,0,0,0,0,0
3.3,0,0,0,0,0,0,0,0,0,0,0,0,0,0,0,0,0,0
3.31,0,0,0,0,0,0,0,0,0,0,0,0,0,0,0,0,0,0
3.32,0,0,0,0,0,0,0,0,0,0,0,0,0,0,0,0,0,0
3.33,0,0,0,0,0,0,0,0,0,0,0,0,0,0,0,0,0,0
3.34,0,0,0,0,0,0,0,0,0,0,0,0,0,0,0,0,0,0
3.35,0,0,0,0,0,0,0,0,0,0,0,0,0,0,0,0,0,0
3.36,0,0,0,0,0,0,0,0,0,0,0,0,0,0,0,0,0,0
3.37,0,0,0,0,0,0,0,0,0,0,0,0,0,0,0,0,0,0
3.38,0,0,0,0,0,0,0,0,0,0,0,0,0,0,0,0,0,0
3.39,0,0,0,0,0,0,0,0,0,0,0,0,0,0,0,0,0,0
3.4,0,0,0,0,0,0,0,0,0,0,0,0,0,0,0,0,0,0
3.41,0,0,0,0,0,0,0,0,0,0,0,0,0,0,0,0,0,0
3.42,0,0,0,0,0,0,0,0,0,0,0,0,0,0,0,0,0,0
3.43,0,0,0,0,0,0,0,0,0,0,0,0,0,0,0,0,0,0
3.44,0,0,0,0,0,0,0,0,0,0,0,0,0,0,0,0,0,0
3.45,0,0,0,0,0,0,0,0,0,0,0,0,0,0,0,0,0,0
3.46,0,0,0,0,0,0,0,0,0,0,0,0,0,0,0,0,0,0
3.47,0,0,0,0,0,0,0,0,0,0,0,0,0,0,0,0,0,0
3.48,0,0,0,0,0,0,0,0,0,0,0,0,0,0,0,0,0,0
3.49,0,0,0,0,0,0,0,0,0,0,0,0,0,0,0,0,0,0
3.5,0,0,0,0,0,0,0,0,0,0,0,0,0,0,0,0,0,0
3.51,0,0,0,0,0,0,0,0,0,0,0,0,0,0,0,0,0,0
3.52,0,0,0,0,0,0,0,0,0,0,0,0,0,0,0,0,0,0
3.53,0,0,0,0,0,0,0,0,0,0,0,0,0,0,0,0,0,0
3.54,0,0,0,0,0,0,0,0,0,0,0,0,0,0,0,0,0,0
3.55,0,0,0,0,0,0,0,0,0,0,0,0,0,0,0,0,0,0
3.56,0,0,0,0,0,0,0,0,0,0,0,0,0,0,0,0,0,0
3.57,0,0,0,0,0,0,0,0,0,0,0,0,0,0,0,0,0,0
3.58,0,0,0,0,0,0,0,0,0,0,0,0,0,0,0,0,0,0
3.59,0,0,0,0,0,0,0,0,0,0,0,0,0,0,0,0,0,0
3.6,0,0,0,0,0,0,0,0,0,0,0,0,0,0,0,0,0,0
3.61,0,0,0,0,0,0,0,0,0,0,0,0,0,0,0,0,0,0
3.62,0,0,0,0,0,0,0,0,0,0,0,0,0,0,0,0,0,0
3.63,0,0,0,0,0,0,0,0,0,0,0,0,0,0,0,0,0,0
3.64,0,0,0,0,0,0,0,0,0,0,0,0,0,0,0,0,0,0
3.65,0,0,0,0,0,0,0,0,0,0,0,0,0,0,0,0,0,0
3.66,0,0,0,0,0,0,0,0,0,0,0,0,0,0,0,0,0,0
3.67,0,0,0,0,0,0,0,0,0,0,0,0,0,0,0,0,0,0
3.68,0,0,0,0,0,0,0,0,0,0,0,0,0,0,0,0,0,0
3.69,0,0,0,0,0,0,0,0,0,0,0,0,0,0,0,0,0,0
3.7,0,0,0,0,0,0,0,0,0,0,0,0,0,0,0,0,0,0
3.71,0,0,0,0,0,0,0,0,0,0,0,0,0,0,0,0,0,0
3.72,0,0,0,0,0,0,0,0,0,0,0,0,0,0,0,0,0,0
3.73,0,0,0,0,0,0,0,0,0,0,0,0,0,0,0,0,0,0
3.74,0,0,0,0,0,0,0,0,0,0,0,0,0,0,0,0,0,0
3.75,0,0,0,0,0,0,0,0,0,0,0,0,0,0,0,0,0,0
3.76,0,0,0,0,0,0,0,0,0,0,0,0,0,0,0,0,0,0
3.77,0,0,0,0,0,0,0,0,0,0,0,0,0,0,0,0,0,0
3.78,0,0,0,0,0,0,0,0,0,0,0,0,0,0,0,0,0,0
3.79,0,0,0,0,0,0,0,0,0,0,0,0,0,0,0,0,0,0
3.8,0,0,0,0,0,0,0,0,0,0,0,0,0,0,0,0,0,0
3.81,0,0,0,0,0,0,0,0,0,0,0,0,0,0,0,0,0,0
3.82,0,0,0,0,0,0,0,0,0,0,0,0,0,0,0,0,0,0
3.83,0,0,0,0,0,0,0,0,0,0,0,0,0,0,0,0,0,0
3.84,0,0,0,0,0,0,0,0,0,0,0,0,0,0,0,0,0,0
3.85,0,0,0,0,0,0,0,0,0,0,0,0,0,0,0,0,0,0
3.86,0,0,0,0,0,0,0,0,0,0,0,0,0,0,0,0,0,0
3.87,0,0,0,0,0,0,0,0,0,0,0,0,0,0,0,0,0,0
3.88,0,0,0,0,0,0,0,0,0,0,0,0,0,0,0,0,0,0
3.89,0,0,0,0,0,0,0,0,0,0,0,0,0,0,0,0,0,0
3.9,0,0,0,0,0,0,0,0,0,0,0,0,0,0,0,0,0,0
3.91,0,0,0,0,0,0,0,0,0,0,0,0,0,0,0,0,0,0
3.92,0,0,0,0,0,0,0,0,0,0,0,0,0,0,0,0,0,0
3.93,0,0,0,0,0,0,0,0,0,0,0,0,0,0,0,0,0,0
3.94,0,0,0,0,0,0,0,0,0,0,0,0,0,0,0,0,0,0
3.95,0,0,0,0,0,0,0,0,0,0,0,0,0,0,0,0,0,0
3.96,0,0,0,0,0,0,0,0,0,0,0,0,0,0,0,0,0,0
3.97,0,0,0,0,0,0,0,0,0,0,0,0,0,0,0,0,0,0
3.98,0,0,0,0,0,0,0,0,0,0,0,0,0,0,0,0,0,0
3.99,0,0,0,0,0,0,0,0,0,0,0,0,0,0,0,0,0,0
4,0,0,0,0,0,0,0,0,0,0,0,0,0,0,0,0,0,0
4.01,0,0,0,0,0,0,0,0,0,0,0,0,0,0,0,0,0,0
4.02,0,0,0,0,0,0,0,0,0,0,0,0,0,0,0,0,0,0
4.03,0,0,0,0,0,0,0,0,0,0,0,0,0,0,0,0,0,0
4.04,0,0,0,0,0,0,0,0,0,0,0,0,0,0,0,0,0,0
4.05,0,0,0,0,0,0,0,0,0,0,0,0,0,0,0,0,0,0
4.06,0,0,0,0,0,0,0,0,0,0,0,0,0,0,0,0,0,0
4.07,0,0,0,0,0,0,0,0,0,0,0,0,0,0,0,0,0,0
4.08,0,0,0,0,0,0,0,0,0,0,0,0,0,0,0,0,0,0
4.09,0,0,0,0,0,0,0,0,0,0,0,0,0,0,0,0,0,0
4.1,0,0,0,0,0,0,0,0,0,0,0,0,0,0,0,0,0,0
4.11,0,0,0,0,0,0,0,0,0,0,0,0,0,0,0,0,0,0
4.12,0,0,0,0,0,0,0,0,0,0,0,0,0,0,0,0,0,0
4.13,0,0,0,0,0,0,0,0,0,0,0,0,0,0,0,0,0,0
4.14,0,0,0,0,0,0,0,0,0,0,0,0,0,0,0,0,0,0
4.15,0,0,0,0,0,0,0,0,0,0,0,0,0,0,0,0,0,0
4.16,0,0,0,0,0,0,0,0,0,0,0,0,0,0,0,0,0,0
4.17,0,0,0,0,0,0,0,0,0,0,0,0,0,0,0,0,0,0
4.18,0,0,0,0,0,0,0,0,0,0,0,0,0,0,0,0,0,0
4.19,0,0,0,0,0,0,0,0,0,0,0,0,0,0,0,0,0,0
4.2,0,0,0,0,0,0,0,0,0,0,0,0,0,0,0,0,0,0
4.21,0,0,0,0,0,0,0,0,0,0,0,0,0,0,0,0,0,0
4.22,0,0,0,0,0,0,0,0,0,0,0,0,0,0,0,0,0,0
4.23,0,0,0,0,0,0,0,0,0,0,0,0,0,0,0,0,0,0
4.24,0,0,0,0,0,0,0,0,0,0,0,0,0,0,0,0,0,0
4.25,0,0,0,0,0,0,0,0,0,0,0,0,0,0,0,0,0,0
4.26,0,0,0,0,0,0,0,0,0,0,0,0,0,0,0,0,0,0
4.27,0,0,0,0,0,0,0,0,0,0,0,0,0,0,0,0,0,0
4.28,0,0,0,0,0,0,0,0,0,0,0,0,0,0,0,0,0,0
4.29,0,0,0,0,0,0,0,0,0,0,0,0,0,0,0,0,0,0
4.3,0,0,0,0,0,0,0,0,0,0,0,0,0,0,0,0,0,0
4.31,0,0,0,0,0,0,0,0,0,0,0,0,0,0,0,0,0,0
4.32,0,0,0,0,0,0,0,0,0,0,0,0,0,0,0,0,0,0
4.33,0,0,0,0,0,0,0,0,0,0,0,0,0,0,0,0,0,0
4.34,0,0,0,0,0,0,0,0,0,0,0,0,0,0,0,0,0,0
4.35,0,0,0,0,0,0,0,0,0,0,0,0,0,0,0,0,0,0
4.36,0,0,0,0,0,0,0,0,0,0,0,0,0,0,0,0,0,0
4.37,0,0,0,0,0,0,0,0,0,0,0,0,0,0,0,0,0,0
4.38,0,0,0,0,0,0,0,0,0,0,0,0,0,0,0,0,0,0
4.39,0,0,0,0,0,0,0,0,0,0,0,0,0,0,0,0,0,0
4.4,0,0,0,0,0,0,0,0,0,0,0,0,0,0,0,0,0,0
4.41,0,0,0,0,0,0,0,0,0,0,0,0,0,0,0,0,0,0
4.42,0,0,0,0,0,0,0,0,0,0,0,0,0,0,0,0,0,0
4.43,0,0,0,0,0,0,0,0,0,0,0,0,0,0,0,0,0,0
4.44,0,0,0,0,0,0,0,0,0,0,0,0,0,0,0,0,0,0
4.45,0,0,0,0,0,0,0,0,0,0,0,0,0,0,0,0,0,0
4.46,0,0,0,0,0,0,0,0,0,0,0,0,0,0,0,0,0,0
4.47,0,0,0,0,0,0,0,0,0,0,0,0,0,0,0,0,0,0
4.48,0,0,0,0,0,0,0,0,0,0,0,0,0,0,0,0,0,0
4.49,0,0,0,0,0,0,0,0,0,0,0,0,0,0,0,0,0,0
4.5,0,0,0,0,0,0,0,0,0,0,0,0,0,0,0,0,0,0
4.51,0,0,0,0,0,0,0,0,0,0,0,0,0,0,0,0,0,0
4.52,0,0,0,0,0,0,0,0,0,0,0,0,0,0,0,0,0,0
4.53,0,0,0,0,0,0,0,0,0,0,0,0,0,0,0,0,0,0
4.54,0,0,0,0,0,0,0,0,0,0,0,0,0,0,0,0,0,0
4.55,0,0,0,0,0,0,0,0,0,0,0,0,0,0,0,0,0,0
4.56,0,0,0,0,0,0,0,0,0,0,0,0,0,0,0,0,0,0
4.57,0,0,0,0,0,0,0,0,0,0,0,0,0,0,0,0,0,0
4.58,0,0,0,0,0,0,0,0,0,0,0,0,0,0,0,0,0,0
4.59,0,0,0,0,0,0,0,0,0,0,0,0,0,0,0,0,0,0
4.6,0,0,0,0,0,0,0,0,0,0,0,0,0,0,0,0,0,0
4.61,0,0,0,0,0,0,0,0,0,0,0,0,0,0,0,0,0,0
4.62,0,0,0,0,0,0,0,0,0,0,0,0,0,0,0,0,0,0
4.63,0,0,0,0,0,0,0,0,0,0,0,0,0,0,0,0,0,0
4.64,0,0,0,0,0,0,0,0,0,0,0,0,0,0,0,0,0,0
4.65,0,0,0,0,0,0,0,0,0,0,0,0,0,0,0,0,0,0
4.66,0,0,0,0,0,0,0,0,0,0,0,0,0,0,0,0,0,0
4.67,0,0,0,0,0,0,0,0,0,0,0,0,0,0,0,0,0,0
4.68,0,0,0,0,0,0,0,0,0,0,0,0,0,0,0,0,0,0
4.69,0,0,0,0,0,0,0,0,0,0,0,0,0,0,0,0,0,0
4.7,0,0,0,0,0,0,0,0,0,0,0,0,0,0,0,0,0,0
4.71,0,0,0,0,0,0,0,0,0,0,0,0,0,0,0,0,0,0
4.72,0,0,0,0,0,0,0,0,0,0,0,0,0,0,0,0,0,0
4.73,0,0,0,0,0,0,0,0,0,0,0,0,0,0,0,0,0,0
4.74,0,0,0,0,0,0,0,0,0,0,0,0,0,0,0,0,0,0
4.75,0,0,0,0,0,0,0,0,0,0,0,0,0,0,0,0,0,0
4.76,0,0,0,0,0,0,0,0,0,0,0,0,0,0,0,0,0,0
4.77,0,0,0,0,0,0,0,0,0,0,0,0,0,0,0,0,0,0
4.78,0,0,0,0,0,0,0,0,0,0,0,0,0,0,0,0,0,0
4.79,0,0,0,0,0,0,0,0,0,0,0,0,0,0,0,0,0,0
4.8,0,0,0,0,0,0,0,0,0,0,0,0,0,0,0,0,0,0
4.81,0,0,0,0,0,0,0,0,0,0,0,0,0,0,0,0,0,0
4.82,0,0,0,0,0,0,0,0,0,0,0,0,0,0,0,0,0,0
4.83,0,0,0,0,0,0,0,0,0,0,0,0,0,0,0,0,0,0
4.84,0,0,0,0,0,0,0,0,0,0,0,0,0,0,0,0,0,0
4.85,0,0,0,0,0,0,0,0,0,0,0,0,0,0,0,0,0,0
4.86,0,0,0,0,0,0,0,0,0,0,0,0,0,0,0,0,0,0
4.87,0,0,0,0,0,0,0,0,0,0,0,0,0,0,0,0,0,0
4.88,0,0,0,0,0,0,0,0,0,0,0,0,0,0,0,0,0,0
4.89,0,0,0,0,0,0,0,0,0,0,0,0,0,0,0,0,0,0
4.9,0,0,0,0,0,0,0,0,0,0,0,0,0,0,0,0,0,0
4.91,0,0,0,0,0,0,0,0,0,0,0,0,0,0,0,0,0,0
4.92,0,0,0,0,0,0,0,0,0,0,0,0,0,0,0,0,0,0
4.93,0,0,0,0,0,0,0,0,0,0,0,0,0,0,0,0,0,0
4.94,0,0,0,0,0,0,0,0,0,0,0,0,0,0,0,0,0,0
4.95,0,0,0,0,0,0,0,0,0,0,0,0,0,0,0,0,0,0
4.96,0,0,0,0,0,0,0,0,0,0,0,0,0,0,0,0,0,0
4.97,0,0,0,0,0,0,0,0,0,0,0,0,0,0,0,0,0,0
4.98,0,0,0,0,0,0,0,0,0,0,0,0,0,0,0,0,0,0
4.99,0,0,0,0,0,0,0,0,0,0,0,0,0,0,0,0,0,0
5,0,0,0,0,0,0,0,0,0,0,0,0,0,0,0,0,0,0
5.01000270562388,1.96455881019197e-12,7.85337911819448e-10,2.3540118146496e-07,7.85823524076789e-13,3.14135164727779e-10,9.4160472585984e-08,0,0,0,0,0,0,0,0,0,0,0,0
5.02000541124775,3.13892613593734e-11,6.27178951015084e-09,9.394235078536e-07,1.25557045437494e-11,2.50871580406034e-09,3.7576940314144e-07,0,0,0,0,0,0,0,0,0,0,0,0
5.03000811687163,1.58687221138029e-10,2.11304982557583e-08,2.10880226214422e-06,6.34748884552116e-11,8.45219930230333e-09,8.43520904857689e-07,0,0,0,0,0,0,0,0,0,0,0,0
5.0400108224955,5.00832458391967e-10,4.9999998984012e-08,3.74028219850362e-06,2.00332983356787e-10,1.99999995936048e-08,1.49611287940145e-06,0,0,0,0,0,0,0,0,0,0,0,0
5.05001352811938,1.22103419927409e-09,9.74863125874141e-08,5.83061753129323e-06,4.88413679709635e-10,3.89945250349656e-08,2.33224701251729e-06,0,0,0,0,0,0,0,0,0,0,0,0
5.06001623374326,2.5284121215276e-09,1.68163040588157e-07,8.3765719240753e-06,1.01136484861104e-09,6.72652162352628e-08,3.35062876963012e-06,0,0,0,0,0,0,0,0,0,0,0,0
5.07001893936713,4.6776725456007e-09,2.66571459600714e-07,1.13749184786191e-05,1.87106901824028e-09,1.06628583840286e-07,4.54996739144763e-06,0,0,0,0,0,0,0,0,0,0,0,0
5.08002164499101,7.96878557009276e-09,3.9722061568446e-07,1.48224397239069e-05,3.1875142280371e-09,1.58888246273784e-07,5.92897588956278e-06,0,0,0,0,0,0,0,0,0,0,0,0
5.09002435061489,1.2746663150432e-08,5.64587418586328e-07,1.87159276051406e-05,5.09866526017281e-09,2.25834967434531e-07,7.48637104205624e-06,0,0,0,0,0,0,0,0,0,0,0,0
5.10002705623876,1.94008381196848e-08,7.73116735873491e-07,2.30521834727472e-05,7.76033524787393e-09,3.09246694349396e-07,9.22087338909887e-06,0,0,0,0,0,0,0,0,0,0,0,0
5.11002976186264,2.83651441503963e-08,1.02722148695608e-06,2.78280180713855e-05,1.13460576601585e-08,4.10888594782433e-07,1.11312072285542e-05,0,0,0,0,0,0,0,0,0,0,0,0
5.12003246748651,4.01173966563631e-08,1.33128273699995e-06,3.30402515289523e-05,1.60469586625452e-08,5.32513094799979e-07,1.32161006115809e-05,0,0,0,0,0,0,0,0,0,0,0,0
5.13003517311039,5.51790746332366e-08,1.68964979072942e-06,3.86857133455881e-05,2.20716298532946e-08,6.75859916291768e-07,1.54742853382352e-05,0,0,0,0,0,0,0,0,0,0,0,0
5.14003787873427,7.41150034368594e-08,2.10664028612014e-06,4.47612423826835e-05,2.96460013747438e-08,8.42656114448056e-07,1.79044969530734e-05,0,0,0,0,0,0,0,0,0,0,0,0
5.15004058435814,9.75330384982319e-08,2.58654028798189e-06,5.12636868518858e-05,3.90132153992927e-08,1.03461611519276e-06,2.05054747407543e-05,0,0,0,0,0,0,0,0,0,0,0,0
5.16004328998202,1.26083749974011e-07,3.1336043814315e-06,5.81899043041043e-05,5.04334999896045e-08,1.2534417525726e-06,2.32759617216417e-05,0,0,0,0,0,0,0,0,0,0,0,0
5.17004599560589,1.60460108331443e-07,3.75205576525571e-06,6.55367616185173e-05,6.41840433325771e-08,1.50082230610228e-06,2.62147046474069e-05,0,0,0,0,0,0,0,0,0,0,0,0
5.18004870122977,2.01397170866621e-07,4.44608634516416e-06,7.33011349915776e-05,8.05588683466483e-08,1.77843453806566e-06,2.9320453996631e-05,0,0,0,0,0,0,0,0,0,0,0,0
5.19005140685365,2.49671769154983e-07,5.21985682693232e-06,8.14799099260192e-05,9.98687076619932e-08,2.08794273077293e-06,3.25919639704077e-05,0,0,0,0,0,0,0,0,0,0,0,0
5.20005411247752,3.06102197432938e-07,6.07749680943453e-06,9.00699812198632e-05,1.22440878973175e-07,2.43099872377381e-06,3.60279924879453e-05,0,0,0,0,0,0,0,0,0,0,0,0
5.2100568181014,3.71547901909521e-07,7.02310487756703e-06,9.90682529554238e-05,1.48619160763808e-07,2.80924195102681e-06,3.96273011821695e-05,0,0,0,0,0,0,0,0,0,0,0,0
5.22005952372527,4.46909171006982e-07,8.06074869506099e-06,0.000108471638488315,1.78763668402793e-07,3.2242994780244e-06,4.3388655395326e-05,0,0,0,0,0,0,0,0,0,0,0,0
5.23006222934915,5.33126826529212e-07,9.19446509718568e-06,0.000118277060436456,2.13250730611685e-07,3.67778603887427e-06,4.73108241745824e-05,0,0,0,0,0,0,0,0,0,0,0,0
5.24006493497303,6.31181915756889e-07,1.04282601833415e-05,0.000128481450669078,2.52472766302756e-07,4.17130407333661e-06,5.13925802676313e-05,0,0,0,0,0,0,0,0,0,0,0,0
5.2500676405969,7.42095404468268e-07,1.17661094095433e-05,0.000139081750295731,2.96838161787307e-07,4.70644376381734e-06,5.56327001182923e-05,0,0,0,0,0,0,0,0,0,0,0,0
5.26007034622078,8.66927870884496e-07,1.32119576807935e-05,0.000150074909655287,3.46771148353798e-07,5.2847830723174e-06,6.00299638621148e-05,0,0,0,0,0,0,0,0,0,0,0,0
5.27007305184465,1.00677920053836e-06,1.47697194433451e-05,0.00016145788830495,4.02711680215344e-07,5.90788777733805e-06,6.45831553219801e-05,0,0,0,0,0,0,0,0,0,0,0,0
5.28007575746853,1.16278828206537e-06,1.64432787768554e-05,0.000173227655009261,4.65115312826149e-07,6.57731151074216e-06,6.92910620037045e-05,0,0,0,0,0,0,0,0,0,0,0,0
5.29007846309241,1.33613270391607e-06,1.82364894864289e-05,0.000185381187729102,5.34453081566428e-07,7.29459579457154e-06,7.41524750916407e-05,0,0,0,0,0,0,0,0,0,0,0,0
5.30008116871628,1.52802845198848e-06,2.01531751945507e-05,0.000197915473610704,6.1121138079539e-07,8.06127007782026e-06,7.91661894442816e-05,0,0,0,0,0,0,0,0,0,0,0,0
5.31008387434016,1.73972960817957e-06,2.219712943291e-05,0.000210827508974654,6.95891843271827e-07,8.87885177316402e-06,8.43310035898616e-05,0,0,0,0,0,0,0,0,0,0,0,0
5.32008657996403,1.97252804985468e-06,2.43721157341136e-05,0.000224114299304899,7.89011219941873e-07,9.74884629364542e-06,8.96457197219598e-05,0,0,0,0,0,0,0,0,0,0,0,0
5.33008928558791,2.22775315023376e-06,2.66818677232886e-05,0.000237772859237755,8.91101260093505e-07,1.06727470893155e-05,9.5109143695102e-05,0,0,0,0,0,0,0,0,0,0,0,0
5.34009199121179,2.50677147969333e-06,2.9130089209577e-05,0.000251800212550909,1.00270859187733e-06,1.16520356838308e-05,0.000100720085020364,0,0,0,0,0,0,0,0,0,0,0,0
5.35009469683566,2.81098650798307e-06,3.17204542775181e-05,0.00026619339215243,1.12439460319323e-06,1.26881817110072e-05,0.000106477356860972,0,0,0,0,0,0,0,0,0,0,0,0
5.36009740245954,3.14183830735602e-06,3.44566073783227e-05,0.00028094944006977,1.25673532294241e-06,1.37826429513291e-05,0.000112379776027908,0,0,0,0,0,0,0,0,0,0,0,0
5.37010010808341,3.50080325661107e-06,3.73421634210363e-05,0.000296065407438776,1.40032130264443e-06,1.49368653684145e-05,0.00011842616297551,0,0,0,0,0,0,0,0,0,0,0,0
5.38010281370729,3.8893937460469e-06,4.03807078635928e-05,0.000311538354492691,1.55575749841876e-06,1.61522831454371e-05,0.000124615341797077,0,0,0,0,0,0,0,0,0,0,0,0
5.39010551933117,4.30915788332615e-06,4.35757968037583e-05,0.000327365350551164,1.72366315333046e-06,1.74303187215033e-05,0.000130946140220466,0,0,0,0,0,0,0,0,0,0,0,0
5.40010822495504,4.76167920024859e-06,4.69309570699642e-05,0.000343543474009252,1.90467168009943e-06,1.87723828279857e-05,0.000137417389603701,0,0,0,0,0,0,0,0,0,0,0,0
5.41011093057892,5.2485763604325e-06,5.04496863120317e-05,0.000360069812326431,2.099430544173e-06,2.01798745248127e-05,0.000144027924930573,0,0,0,0,0,0,0,0,0,0,0,0
5.4201136362028,5.77150286790289e-06,5.41354530917846e-05,0.000376941462015599,2.30860114716116e-06,2.16541812367139e-05,0.00015077658480624,0,0,0,0,0,0,0,0,0,0,0,0
5.43011634182667,6.33214677658551e-06,5.79916969735538e-05,0.000394155528632082,2.5328587106342e-06,2.31966787894215e-05,0.000157662211452833,0,0,0,0,0,0,0,0,0,0,0,0
5.44011904745055,6.93223040070571e-06,6.20218286145705e-05,0.000411709126762642,2.77289216028228e-06,2.48087314458282e-05,0.000164683650705057,0,0,0,0,0,0,0,0,0,0,0,0
5.45012175307442,7.57351002609081e-06,6.62292298552504e-05,0.000429599380014482,3.02940401043632e-06,2.64916919421001e-05,0.000171839752005793,0,0,0,0,0,0,0,0,0,0,0,0
5.4601244586983,8.2577756223751e-06,7.06172538093672e-05,0.000447823421004252,3.30311024895004e-06,2.82469015237469e-05,0.000179129368401701,0,0,0,0,0,0,0,0,0,0,0,0
5.47012716432218,8.98685055610621e-06,7.5189224954117e-05,0.000466378391347058,3.59474022244248e-06,3.00756899816468e-05,0.000186551356538823,0,0,0,0,0,0,0,0,0,0,0,0
5.48012986994605,9.76259130475184e-06,7.99484392200716e-05,0.000485261441645463,3.90503652190074e-06,3.19793756880286e-05,0.000194104576658185,0,0,0,0,0,0,0,0,0,0,0,0
5.49013257556993,1.05868871716057e-05,8.48981640810226e-05,0.000504469731478496,4.23475486864229e-06,3.3959265632409e-05,0.000201787892591398,0,0,0,0,0,0,0,0,0,0,0,0
5.5001352811938,1.14616600015917e-05,9.00416386437156e-05,0.00052400042939066,4.58466400063668e-06,3.60166554574862e-05,0.000209600171756264,0,0,0,0,0,0,0,0,0,0,0,0
5.51013798681768,1.23888638979648e-05,9.53820737374739e-05,0.000543850712880934,4.95554555918594e-06,3.81528294949896e-05,0.000217540285152374,0,0,0,0,0,0,0,0,0,0,0,0
5.52014069244156,1.33704849399085e-05,0.000100922652003713,0.000564017768391784,5.34819397596341e-06,4.03690608014852e-05,0.000225607107356714,0,0,0,0,0,0,0,0,0,0,0,0
5.53014339806543,1.44085409010262e-05,0.000106666527985344,0.000584498791298164,5.7634163604105e-06,4.26666111941375e-05,0.000233799516519266,0,0,0,0,0,0,0,0,0,0,0,0
5.54014610368931,1.55050809687273e-05,0.000112616828216068,0.000605290985896527,6.20203238749094e-06,4.50467312864271e-05,0.000242116394358611,0,0,0,0,0,0,0,0,0,0,0,0
5.55014880931318,1.66621854645052e-05,0.00011877665130956,0.000626391565393827,6.66487418580209e-06,4.75106605238239e-05,0.000250556626157531,0,0,0,0,0,0,0,0,0,0,0,0
5.56015151493706,1.7881965565107e-05,0.000125149068048544,0.000647797751896528,7.15278622604281e-06,5.00596272194175e-05,0.000259119100758611,0,0,0,0,0,0,0,0,0,0,0,0
5.57015422056094,1.9166563024594e-05,0.000131737121473756,0.00066950677639961,7.6666252098376e-06,5.26948485895023e-05,0.000267802710559844,0,0,0,0,0,0,0,0,0,0,0,0
5.58015692618481,2.0518149897291e-05,0.000138543826972798,0.000691515878775573,8.20725995891639e-06,5.54175307891193e-05,0.000276606351510229,0,0,0,0,0,0,0,0,0,0,0,0
5.59015963180869,2.19389282616241e-05,0.000145572172368885,0.000713822307763446,8.77557130464966e-06,5.82288689475541e-05,0.000285528923105378,0,0,0,0,0,0,0,0,0,0,0,0
5.60016233743257,2.3431129944846e-05,0.000152825118009475,0.00073642332095779,9.37245197793839e-06,6.11300472037902e-05,0.000294569328383116,0,0,0,0,0,0,0,0,0,0,0,0
5.61016504305644,2.49970162486462e-05,0.000160305596854797,0.000759316184797707,9.99880649945847e-06,6.41222387419189e-05,0.000303726473919083,0,0,0,0,0,0,0,0,0,0,0,0
5.62016774868032,2.66388776756476e-05,0.000168016514566263,0.000782498174555846,1.0655551070259e-05,6.72066058265053e-05,0.000312999269822338,0,0,0,0,0,0,0,0,0,0,0,0
5.63017045430419,2.83590336567857e-05,0.000175960749594774,0.000805966574327405,1.13436134627143e-05,7.03842998379095e-05,0.000322386629730962,0,0,0,0,0,0,0,0,0,0,0,0
5.64017315992807,3.01598322795716e-05,0.000184141153268912,0.000829718677019145,1.20639329118287e-05,7.36564613075648e-05,0.000331887470807658,0,0,0,0,0,0,0,0,0,0,0,0
5.65017586555195,3.20436500172354e-05,0.000192560549883028,0.000853751784338388,1.28174600068942e-05,7.70242199532113e-05,0.000341500713735355,0,0,0,0,0,0,0,0,0,0,0,0
5.66017857117582,3.40128914587514e-05,0.000201221736785215,0.000878063206782028,1.36051565835006e-05,8.04886947140858e-05,0.000351225282712811,0,0,0,0,0,0,0,0,0,0,0,0
5.6701812767997,3.60699890397417e-05,0.000210127484465169,0.000902650263625537,1.44279956158967e-05,8.40509937860676e-05,0.000361060105450215,0,0,0,0,0,0,0,0,0,0,0,0
5.68018398242357,3.82174027742587e-05,0.00021928053664195,0.000927510282911967,1.52869611097035e-05,8.77122146567799e-05,0.000371004113164787,0,0,0,0,0,0,0,0,0,0,0,0
5.69018668804745,4.04576199874452e-05,0.000228683610351621,0.000952640601440962,1.61830479949781e-05,9.14734441406484e-05,0.000381056240576385,0,0,0,0,0,0,0,0,0,0,0,0
5.70018939367133,4.27931550490692e-05,0.000238339396034786,0.000978038564757761,1.71172620196277e-05,9.53357584139145e-05,0.000391215425903104,0,0,0,0,0,0,0,0,0,0,0,0
5.7101920992952,4.52265491079356e-05,0.000248250557624013,0.0010037015271422,1.80906196431743e-05,9.93002230496052e-05,0.000401480610856881,0,0,0,0,0,0,0,0,0,0,0,0
5.72019480491908,4.77603698271703e-05,0.000258419732631149,0.00102962685159774,1.91041479308681e-05,0.00010336789305246,0.000411850740639095,0,0,0,0,0,0,0,0,0,0,0,0
5.73019751054295,5.03972111203779e-05,0.000268849532234525,0.00105581190984043,2.01588844481512e-05,0.00010753981289381,0.00042232476393617,0,0,0,0,0,0,0,0,0,0,0,0
5.74020021616683,5.3139692888671e-05,0.00027954254136605,0.00108225408228795,2.12558771554684e-05,0.00011181701654642,0.00043290163291518,0,0,0,0,0,0,0,0,0,0,0,0
5.75020292179071,5.59904607585703e-05,0.000290501318798197,0.00110895075804861,2.23961843034281e-05,0.000116200527519279,0.000443580303219446,0,0,0,0,0,0,0,0,0,0,0,0
5.76020562741458,5.89521858207737e-05,0.000301728397230876,0.00113589933491036,2.35808743283095e-05,0.00012069135889235,0.000454359733964146,0,0,0,0,0,0,0,0,0,0,0,0
5.77020833303846,6.20275643697943e-05,0.000313226283378201,0.00116309721932978,2.48110257479177e-05,0.00012529051335128,0.000465238887731911,0,0,0,0,0,0,0,0,0,0,0,0
5.78021103866234,6.52193176444658e-05,0.000324997458055143,0.00119054182642108,2.60877270577863e-05,0.000129998983222057,0.00047621673056843,0,0,0,0,0,0,0,0,0,0,0,0
5.79021374428621,6.85301915693135e-05,0.000337044376264077,0.00121823057994514,2.74120766277254e-05,0.000134817750505631,0.000487292231978055,0,0,0,0,0,0,0,0,0,0,0,0
5.80021644991009,7.19629564967914e-05,0.000349369467281213,0.00124616091229849,2.87851825987166e-05,0.000139747786912485,0.000498464364919396,0,0,0,0,0,0,0,0,0,0,0,0
5.81021915553396,7.55204069503824e-05,0.000361975134742925,0.00127433026450233,3.02081627801529e-05,0.00014479005389717,0.000509732105800932,0,0,0,0,0,0,0,0,0,0,0,0
5.82022186115784,7.92053613685618e-05,0.000374863756731966,0.00130273608619152,3.16821445474247e-05,0.000149945502692786,0.000521094434476609,0,0,0,0,0,0,0,0,0,0,0,0
5.83022456678172,8.30206618496234e-05,0.000388037685863569,0.00133137583560361,3.32082647398494e-05,0.000155215074345428,0.000532550334241442,0,0,0,0,0,0,0,0,0,0,0,0
5.84022727240559,8.69691738973644e-05,0.000401499249371445,0.0013602469795678,3.47876695589458e-05,0.000160599699748578,0.000544098791827121,0,0,0,0,0,0,0,0,0,0,0,0
5.85022997802947,9.10537861676322e-05,0.000415250749193669,0.00138934699349402,3.64215144670529e-05,0.000166100299677467,0.00055573879739761,0,0,0,0,0,0,0,0,0,0,0,0
5.86023268365334,9.5277410215728e-05,0.000429294462058451,0.00141867336136187,3.81109640862912e-05,0.000171717784823381,0.000567469344544748,0,0,0,0,0,0,0,0,0,0,0,0
5.87023538927722,9.9642980244669e-05,0.000443632639569808,0.00144822357570965,3.98571920978676e-05,0.000177453055827923,0.000579289430283859,0,0,0,0,0,0,0,0,0,0,0,0
5.8802380949011,0.000104153452854306,0.000458267508293112,0.00147799513762336,4.16613811417224e-05,0.000183307003317245,0.000591198055049346,0,0,0,0,0,0,0,0,0,0,0,0
5.89024080052497,0.000108811806791297,0.000473201269840538,0.00150798555672574,4.35247227165187e-05,0.000189280507936215,0.000603194222690298,0,0,0,0,0,0,0,0,0,0,0,0
5.90024350614885,0.000113621042699934,0.000488436100956402,0.00153819235116523,4.54484170799736e-05,0.000195374440382561,0.000615276940466091,0,0,0,0,0,0,0,0,0,0,0,0
5.91024621177272,0.000118584182873825,0.000503974153602381,0.00156861304760498,4.74336731495299e-05,0.000201589661440952,0.000627445219041993,0,0,0,0,0,0,0,0,0,0,0,0
5.9202489173966,0.000123704271008423,0.000519817555042632,0.0015992451812119,4.94817084033694e-05,0.000207927022017053,0.000639698072484762,0,0,0,0,0,0,0,0,0,0,0,0
5.93025162302048,0.000128984371954415,0.000535968407928798,0.00163008629564563,5.15937487817661e-05,0.000214387363171519,0.000652034518258251,0,0,0,0,0,0,0,0,0,0,0,0
5.94025432864435,0.000134427571471949,0.000552428790384901,0.00166113394304753,5.37710285887794e-05,0.00022097151615396,0.000664453577219013,0,0,0,0,0,0,0,0,0,0,0,0
5.95025703426823,0.000140036975985717,0.000569200756092125,0.00169238568402974,5.60147903942867e-05,0.00022768030243685,0.000676954273611898,0,0,0,0,0,0,0,0,0,0,0,0
5.9602597398921,0.000145815712340887,0.0005862863343735,0.00172383908766415,5.83262849363549e-05,0.0002345145337494,0.000689535635065659,0,0,0,0,0,0,0,0,0,0,0,0
5.97026244551598,0.000151766927559877,0.000603687530278458,0.00175549173147138,6.07067710239508e-05,0.000241475012111383,0.000702196692588554,0,0,0,0,0,0,0,0,0,0,0,0
5.98026515113986,0.000157893788599974,0.000621406324667294,0.00178734120140987,6.31575154399894e-05,0.000248562529866917,0.000714936480563948,0,0,0,0,0,0,0,0,0,0,0,0
5.99026785676373,0.0001641994821118,0.00063944467429551,0.00181938509186479,6.56797928447201e-05,0.000255777869718204,0.000727754036745917,0,0,0,0,0,0,0,0,0,0,0,0
6.00027056238761,0.000170687214198623,0.00065780451189805,0.00185162100563712,6.82748856794494e-05,0.00026312180475922,0.000740648402254847,0,0,0,0,0,0,0,0,0,0,0,0
6.01027326801148,0.000177360210176505,0.000676487746273427,0.0018840465539326,7.09440840706018e-05,0.000270595098509371,0.00075361862157304,0,0,0,0,0,0,0,0,0,0,0,0
6.02027597363536,0.00018422171433529,0.000695496262367739,0.00191665935635079,7.36886857341159e-05,0.000278198504947095,0.000766663742540314,0,0,0,0,0,0,0,0,0,0,0,0
6.03027867925924,0.000191274989700442,0.00071483192135857,0.00194945704087402,7.65099958801767e-05,0.000285932768543428,0.000779782816349609,0,0,0,0,0,0,0,0,0,0,0,0
6.04028138488311,0.000198523317795709,0.000734496560738794,0.00198243724385646,7.94093271182836e-05,0.000293798624295517,0.000792974897542584,0,0,0,0,0,0,0,0,0,0,0,0
6.05028409050699,0.000205969998406634,0.00075449199440025,0.00201559761001306,8.23879993626535e-05,0.0003017967977601,0.000806239044005224,0,0,0,0,0,0,0,0,0,0,0,0
6.06028679613087,0.000213618349344896,0.000774820012717329,0.0020489357924086,8.54473397379583e-05,0.000309928005086931,0.00081957431696344,0,0,0,0,0,0,0,0,0,0,0,0
6.07028950175474,0.000221471706213491,0.000795482382630431,0.00208244945244669,8.85886824853964e-05,0.000318192953052172,0.000832979780978674,0,0,0,0,0,0,0,0,0,0,0,0
6.08029220737862,0.000229533422172747,0.000816480847729327,0.00211613625985875,9.18133688690987e-05,0.000326592339091731,0.000846454503943499,0,0,0,0,0,0,0,0,0,0,0,0
6.09029491300249,0.000237806867707167,0.0008378171283364,0.00214999389269306,9.51227470828669e-05,0.00033512685133456,0.000859997557077222,0,0,0,0,0,0,0,0,0,0,0,0
6.10029761862637,0.000246295430393114,0.000859492921589783,0.00218402003730372,9.85181721572455e-05,0.000343797168635913,0.000873608014921488,0,0,0,0,0,0,0,0,0,0,0,0
6.11030032425025,0.000255002514667313,0.000881509901526386,0.0022182123883397,0.000102001005866925,0.000352603960610555,0.000887284955335878,0,0,0,0,0,0,0,0,0,0,0,0
6.12030302987412,0.0002639315415962,0.000903869719164811,0.0022525686487338,0.00010557261663848,0.000361547887665924,0.00090102745949352,0,0,0,0,0,0,0,0,0,0,0,0
6.130305735498,0.000273085948646083,0.000926574002588155,0.0022870865296917,0.000109234379458433,0.000370629601035262,0.000914834611876682,0,0,0,0,0,0,0,0,0,0,0,0
6.14030844112187,0.000282469189454146,0.000949624357026713,0.00232176375068095,0.000112987675781658,0.000379849742810685,0.000928705500272379,0,0,0,0,0,0,0,0,0,0,0,0
6.15031114674575,0.000292084733600264,0.000973022364940557,0.00235659803941995,0.000116833893440106,0.000389208945976223,0.000942639215767979,0,0,0,0,0,0,0,0,0,0,0,0
6.16031385236963,0.000301936066379659,0.000996769586102014,0.00239158713186699,0.000120774426551864,0.000398707834440806,0.000956634852746796,0,0,0,0,0,0,0,0,0,0,0,0
6.1703165579935,0.000312026688576371,0.00102086755767804,0.00242672877220925,0.000124810675430548,0.000408347023071215,0.000970691508883702,0,0,0,0,0,0,0,0,0,0,0,0
6.18031926361738,0.000322360116237551,0.00104531779431245,0.00246202071285181,0.00012894404649502,0.000418127117724982,0.000984808285140724,0,0,0,0,0,0,0,0,0,0,0,0
6.19032196924125,0.000332939880448586,0.00107012178820812,0.00249746071440662,0.000133175952179434,0.000428048715283247,0.00099898428576265,0,0,0,0,0,0,0,0,0,0,0,0
6.20032467486513,0.000343769527109031,0.00109528100920894,0.00253304654568156,0.000137507810843613,0.000438112403683576,0.00101321861827262,0,0,0,0,0,0,0,0,0,0,0,0
6.21032738048901,0.00035485261670938,0.00112079690488183,0.00256877598366941,0.000141941046683752,0.00044831876195273,0.00102751039346776,0,0,0,0,0,0,0,0,0,0,0,0
6.22033008611288,0.000366192724108632,0.00114667090059847,0.00260464681353685,0.000146477089643453,0.000458668360239389,0.00104185872541474,0,0,0,0,0,0,0,0,0,0,0,0
6.23033279173676,0.000377793438312698,0.0011729043996171,0.00264065682861352,0.000151117375325079,0.000469161759846838,0.00105626273144541,0,0,0,0,0,0,0,0,0,0,0,0
6.24033549736063,0.000389658362253609,0.00119949878316401,0.00267680383038095,0.000155863344901444,0.000479799513265605,0.00107072153215238,0,0,0,0,0,0,0,0,0,0,0,0
6.25033820298451,0.000401791112569548,0.00122645541051514,0.00271308562846162,0.000160716445027819,0.000490582164206054,0.00108523425138465,0,0,0,0,0,0,0,0,0,0,0,0
6.26034090860839,0.000414195319385692,0.00125377561907734,0.00274950004060797,0.000165678127754277,0.000501510247630936,0.00109980001624319,0,0,0,0,0,0,0,0,0,0,0,0
6.27034361423226,0.000426874626095867,0.00128146072446974,0.00278604489269134,0.000170749850438347,0.000512584289787895,0.00111441795707654,0,0,0,0,0,0,0,0,0,0,0,0
6.28034631985614,0.000439832689145022,0.00130951202060484,0.00282271801869107,0.000175933075658009,0.000523804808241935,0.00112908720747643,0,0,0,0,0,0,0,0,0,0,0,0
6.29034902548002,0.000453073177812507,0.00133793077976958,0.00285951726068344,0.000181229271125003,0.000535172311907831,0.00114380690427338,0,0,0,0,0,0,0,0,0,0,0,0
6.30035173110389,0.000466599773996164,0.00136671825270628,0.00289644046883069,0.000186639909598465,0.00054668730108251,0.00115857618753228,0,0,0,0,0,0,0,0,0,0,0,0
6.31035443672777,0.000480416171997226,0.00139587566869345,0.00293348550137004,0.00019216646879889,0.00055835026747738,0.00117339420054802,0,0,0,0,0,0,0,0,0,0,0,0
6.32035714235164,0.000494526078306026,0.00142540423562653,0.00297065022460268,0.00019781043132241,0.000570161694250612,0.00118826008984107,0,0,0,0,0,0,0,0,0,0,0,0
6.33035984797552,0.000508933211388512,0.00145530514009848,0.00300793251288279,0.000203573284555405,0.000582122056039392,0.00120317300515312,0,0,0,0,0,0,0,0,0,0,0,0
6.3403625535994,0.000523641301473566,0.00148557954748027,0.00304533024860654,0.000209456520589426,0.00059423181899211,0.00121813209944262,0,0,0,0,0,0,0,0,0,0,0,0
6.35036525922327,0.000538654090341128,0.0015162286020013,0.00308284132220109,0.000215461636136451,0.00060649144080052,0.00123313652888044,0,0,0,0,0,0,0,0,0,0,0,0
6.36036796484715,0.000553975331111127,0.00154725342682963,0.00312046363211362,0.000221590132444451,0.000618901370731852,0.00124818545284545,0,0,0,0,0,0,0,0,0,0,0,0
6.37037067047102,0.00056960878803321,0.00157865512415218,0.00315819508480029,0.000227843515213284,0.000631462049660872,0.00126327803392012,0,0,0,0,0,0,0,0,0,0,0,0
6.3803733760949,0.000585558236277277,0.00161043477525478,0.0031960335947153,0.000234223294510911,0.000644173910101912,0.00127841343788612,0,0,0,0,0,0,0,0,0,0,0,0
6.39037608171878,0.000601827461724808,0.00164259344060211,0.00323397708429986,0.000240730984689923,0.000657037376240846,0.00129359083371994,0,0,0,0,0,0,0,0,0,0,0,0
6.40037878734265,0.000618420260761,0.00167513215991755,0.0032720234839712,0.0002473681043044,0.000670052863967022,0.00130880939358848,0,0,0,0,0,0,0,0,0,0,0,0
6.41038149296653,0.000635340440067695,0.00170805195226289,0.0033101707321116,0.000254136176027078,0.000683220780905157,0.00132406829284464,0,0,0,0,0,0,0,0,0,0,0,0
6.4203841985904,0.000652591816417103,0.00174135381611796,0.00334841677505736,0.000261036726566841,0.000696541526447182,0.00133936671002294,0,0,0,0,0,0,0,0,0,0,0,0
6.43038690421428,0.000670178216466333,0.00177503872946011,0.00338675956708785,0.000268071286586533,0.000710015491784044,0.00135470382683514,0,0,0,0,0,0,0,0,0,0,0,0
6.44038960983816,0.0006881034765527,0.00180910764984367,0.00342519707041447,0.00027524139062108,0.000723643059937466,0.00137007882816579,0,0,0,0,0,0,0,0,0,0,0,0
6.45039231546203,0.00070637144248984,0.00184356151447915,0.00346372725516968,0.000282548576995936,0.000737424605791661,0.00138549090206787,0,0,0,0,0,0,0,0,0,0,0,0
6.46039502108591,0.000724985969364619,0.00187840124031251,0.00350234809939602,0.000289994387745847,0.000751360496125002,0.00140093923975841,0,0,0,0,0,0,0,0,0,0,0,0
6.47039772670978,0.000743950921334815,0.00191362772410413,0.00354105758903508,0.000297580368533926,0.000765451089641653,0.00141642303561403,0,0,0,0,0,0,0,0,0,0,0,0
6.48040043233366,0.000763270171427619,0.00194924184250786,0.00357985371791654,0.000305308068571048,0.000779696737003145,0.00143194148716661,0,0,0,0,0,0,0,0,0,0,0,0
6.49040313795754,0.000782947601338893,0.0019852444521498,0.00361873448774715,0.000313179040535557,0.000794097780859922,0.00144749379509886,0,0,0,0,0,0,0,0,0,0,0,0
6.50040584358141,0.000802987101233245,0.00202163638970708,0.00365769790809978,0.000321194840493298,0.00080865455588283,0.00146307916323991,0,0,0,0,0,0,0,0,0,0,0,0
6.51040854920529,0.000823392569544872,0.00205841847198643,0.00369674199640234,0.000329357027817949,0.000823367388794572,0.00147869679856094,0,0,0,0,0,0,0,0,0,0,0,0
6.52041125482917,0.000844167912779198,0.00209559149600278,0.0037358647779269,0.000337667165111679,0.000838236598401113,0.00149434591117076,0,0,0,0,0,0,0,0,0,0,0,0
6.53041396045304,0.000865317045315292,0.0021331562390576,0.0037750642857786,0.000346126818126117,0.000853262495623041,0.00151002571431144,0,0,0,0,0,0,0,0,0,0,0,0
6.54041666607692,0.000886843889209075,0.00217111345881723,0.00381433856088469,0.00035473755568363,0.000868445383526891,0.00152573542435388,0,0,0,0,0,0,0,0,0,0,0,0
6.55041937170079,0.000908752373997303,0.00220946389339104,0.00385368565198357,0.000363500949598921,0.000883785557356416,0.00154147426079343,0,0,0,0,0,0,0,0,0,0,0,0
6.56042207732467,0.00093104643650234,0.00224820826140955,0.00389310361561374,0.000372418574600936,0.000899283304563818,0.0015572414462455,0,0,0,0,0,0,0,0,0,0,0,0
6.57042478294855,0.000953730020637699,0.00228734726210234,0.00393259051610285,0.00038149200825508,0.000914938904840936,0.00157303620644114,0,0,0,0,0,0,0,0,0,0,0,0
6.58042748857242,0.000976807077214381,0.00232688157537598,0.00397214442555666,0.000390722830885752,0.000930752630150392,0.00158885777022266,0,0,0,0,0,0,0,0,0,0,0,0
6.5904301941963,0.00100028156374797,0.0023668118618917,0.0040117634238481,0.000400112625499187,0.00094672474475668,0.00160470536953924,0,0,0,0,0,0,0,0,0,0,0,0
6.60043289982017,0.00102415744426652,0.00240713876314309,0.00405144559860625,0.000409662977706608,0.000962855505257236,0.0016205782394425,0,0,0,0,0,0,0,0,0,0,0,0
6.61043560544405,0.00104843868911922,0.00244786290153358,0.00409118904520533,0.000419375475647688,0.000979145160613434,0.00163647561808213,0,0,0,0,0,0,0,0,0,0,0,0
6.62043831106793,0.00107312927478582,0.00248898488045391,0.00413099186675374,0.000429251709914328,0.000995593952181563,0.00165239674670149,0,0,0,0,0,0,0,0,0,0,0,0
6.6304410166918,0.00109823318368685,0.00253050528435937,0.00417085217408302,0.000439293273474739,0.00101220211374375,0.00166834086963321,0,0,0,0,0,0,0,0,0,0,0,0
6.64044372231568,0.00112375440399457,0.00257242467884706,0.00421076808573693,0.00044950176159783,0.00102896987153882,0.00168430723429477,0,0,0,0,0,0,0,0,0,0,0,0
6.65044642793955,0.00114969692944479,0.00261474361073295,0.00425073772796037,0.000459878771777915,0.00104589744429318,0.00170029509118415,0,0,0,0,0,0,0,0,0,0,0,0
6.66044913356343,0.0011760647591493,0.00265746260812885,0.00429075923468846,0.00047042590365972,0.00106298504325154,0.00171630369387538,0,0,0,0,0,0,0,0,0,0,0,0
6.67045183918731,0.00120286189740924,0.00270058218051929,0.00433083074753547,0.000481144758963696,0.00108023287220772,0.00173233229901419,0,0,0,0,0,0,0,0,0,0,0,0
6.68045454481118,0.00123009235352913,0.00274410281883829,0.00437095041578392,0.000492036941411653,0.00109764112753532,0.00174838016631357,0,0,0,0,0,0,0,0,0,0,0,0
6.69045725043506,0.00125776014163169,0.00278802499554597,0.0044111163963735,0.000503104056652678,0.00111520999821839,0.0017644465585494,0,0,0,0,0,0,0,0,0,0,0,0
6.70045995605893,0.00128586928047346,0.00283234916470513,0.00445132685389014,0.000514347712189385,0.00113293966588205,0.00178053074155605,0,0,0,0,0,0,0,0,0,0,0,0
6.71046266168281,0.00131442379326113,0.00287707576205765,0.00449157996055495,0.000525769517304451,0.00115083030482306,0.00179663198422198,0,0,0,0,0,0,0,0,0,0,0,0
6.72046536730669,0.00134342770746867,0.00292220520510082,0.0045318738962133,0.000537371082987468,0.00116888208204033,0.00181274955848532,0,0,0,0,0,0,0,0,0,0,0,0
6.73046807293056,0.00137288505465524,0.00296773789316353,0.00457220684832377,0.000549154021862098,0.00118709515726541,0.00182888273932951,0,0,0,0,0,0,0,0,0,0,0,0
6.74047077855444,0.00140279987028382,0.00301367420748242,0.0046125770119472,0.000561119948113528,0.00120546968299297,0.00184503080477888,0,0,0,0,0,0,0,0,0,0,0,0
6.75047348417832,0.0014331761935406,0.00306001451127778,0.00465298258973564,0.000573270477416241,0.00122400580451111,0.00186119303589426,0,0,0,0,0,0,0,0,0,0,0,0
6.76047618980219,0.00146401806715519,0.00310675914982952,0.00469342179192141,0.000585607226862075,0.00124270365993181,0.00187736871676856,0,0,0,0,0,0,0,0,0,0,0,0
6.77047889542607,0.0014953295372215,0.00315390845055287,0.00473389283630608,0.000598131814888599,0.00126156338022115,0.00189355713452243,0,0,0,0,0,0,0,0,0,0,0,0
6.78048160104994,0.00152711465301945,0.00320146272307408,0.00477439394824948,0.000610845861207782,0.00128058508922963,0.00190975757929979,0,0,0,0,0,0,0,0,0,0,0,0
6.79048430667382,0.00155937746683743,0.00324942225930595,0.00481492336065872,0.000623750986734974,0.00129976890372238,0.00192596934426349,0,0,0,0,0,0,0,0,0,0,0,0
6.8004870122977,0.00159212203379545,0.00329778733352327,0.00485547931397716,0.00063684881351818,0.00131911493340931,0.00194219172559086,0,0,0,0,0,0,0,0,0,0,0,0
6.81048971792157,0.00162535241166911,0.00334655820243813,0.00489606005617346,0.000650140964667643,0.00133862328097525,0.00195842402246938,0,0,0,0,0,0,0,0,0,0,0,0
6.82049242354545,0.0016590726607143,0.00339573510527519,0.00493666384273055,0.000663629064285719,0.00135829404211008,0.00197466553709222,0,0,0,0,0,0,0,0,0,0,0,0
6.83049512916932,0.00169328684349267,0.00344531826384674,0.00497728893663467,0.000677314737397067,0.0013781273055387,0.00199091557465387,0,0,0,0,0,0,0,0,0,0,0,0
6.8404978347932,0.0017279990246978,0.0034953078826277,0.00501793360836435,0.000691199609879121,0.00139812315305108,0.00200717344334574,0,0,0,0,0,0,0,0,0,0,0,0
6.85050054041708,0.00176321327098221,0.00354570414883054,0.00505859613587941,0.000705285308392882,0.00141828165953222,0.00202343845435177,0,0,0,0,0,0,0,0,0,0,0,0
6.86050324604095,0.00179893365078497,0.00359650723248004,0.00509927480461001,0.00071957346031399,0.00143860289299202,0.002039709921844,0,0,0,0,0,0,0,0,0,0,0,0
6.87050595166483,0.00183516423416027,0.00364771728648794,0.0051399679074456,0.00073406569366411,0.00145908691459518,0.00205598716297824,0,0,0,0,0,0,0,0,0,0,0,0
6.8805086572887,0.00187190909260652,0.00369933444672754,0.00518067374472397,0.000748763637042607,0.00147973377869101,0.00207226949788959,0,0,0,0,0,0,0,0,0,0,0,0
6.89051136291258,0.00190917229889631,0.0037513588321081,0.00522139062422023,0.000763668919558526,0.00150054353284324,0.00208855624968809,0,0,0,0,0,0,0,0,0,0,0,0
6.90051406853646,0.00194695792690716,0.00380379054464923,0.00526211686113583,0.000778783170762863,0.00152151621785969,0.00210484674445433,0,0,0,0,0,0,0,0,0,0,0,0
6.91051677416033,0.00198527005145284,0.00385662966955508,0.00530285077808755,0.000794108020581138,0.00154265186782203,0.00212114031123502,0,0,0,0,0,0,0,0,0,0,0,0
6.92051947978421,0.00202411274811566,0.00390987627528846,0.00534359070509653,0.000809645099246265,0.00156395051011538,0.00213743628203861,0,0,0,0,0,0,0,0,0,0,0,0
6.93052218540809,0.00206349009307928,0.00396353041364488,0.00538433497957728,0.000825396037231714,0.00158541216545795,0.00215373399183091,0,0,0,0,0,0,0,0,0,0,0,0
6.94052489103196,0.00210340616296243,0.0040175921198264,0.00542508194632662,0.000841362465184972,0.00160703684793056,0.00217003277853065,0,0,0,0,0,0,0,0,0,0,0,0
6.95052759665584,0.00214386503465325,0.00407206141251547,0.00546582995751279,0.000857546013861301,0.00162882456500619,0.00218633198300512,0,0,0,0,0,0,0,0,0,0,0,0
6.96053030227971,0.00218487078514446,0.00412693829394859,0.00550657737266437,0.000873948314057786,0.00165077531757943,0.00220263094906575,0,0,0,0,0,0,0,0,0,0,0,0
6.97053300790359,0.00222642749136921,0.00418222274998984,0.00554732255865932,0.000890570996547684,0.00167288909999594,0.00221892902346373,0,0,0,0,0,0,0,0,0,0,0,0
6.98053571352747,0.00226853923003765,0.00423791475020441,0.00558806388971401,0.000907415692015061,0.00169516590008176,0.0022352255558856,0,0,0,0,0,0,0,0,0,0,0,0
6.99053841915134,0.00231121007747431,0.00429401424793188,0.00562879974737217,0.000924484030989725,0.00171760569917275,0.00225151989894887,0,0,0,0,0,0,0,0,0,0,0,0
7.00054112477522,0.00235444410945614,0.00435052118035951,0.00566952852049394,0.000941777643782458,0.0017402084721438,0.00226781140819758,0,0,0,0,0,0,0,0,0,0,0,0
7.01054383039909,0.00239824540105132,0.00440743546859534,0.00571024860524487,0.000959298160420528,0.00176297418743814,0.00228409944209795,0,0,0,0,0,0,0,0,0,0,0,0
7.02054653602297,0.00244261802645876,0.00446475701774122,0.0057509584050849,0.000977047210583504,0.00178590280709649,0.00230038336203396,0,0,0,0,0,0,0,0,0,0,0,0
7.03054924164685,0.00248756605884841,0.0045224857169657,0.00579165633075741,0.000995026423539364,0.00180899428678628,0.00231666253230296,0,0,0,0,0,0,0,0,0,0,0,0
7.04055194727072,0.0025330935702022,0.00458062143957688,0.00583234080027818,0.00101323742808088,0.00183224857583075,0.00233293632011127,0,0,0,0,0,0,0,0,0,0,0,0
7.0505546528946,0.00257920463115581,0.00463916404309504,0.00587301023892443,0.00103168185246232,0.00185566561723801,0.00234920409556977,0,0,0,0,0,0,0,0,0,0,0,0
7.06055735851847,0.00262590331084103,0.00469811336932523,0.00591366307922381,0.00105036132433641,0.00187924534773009,0.00236546523168952,0,0,0,0,0,0,0,0,0,0,0,0
7.07056006414235,0.00267319367672902,0.00475746924442978,0.00595429776094341,0.00106927747069161,0.00190298769777191,0.00238171910437736,0,0,0,0,0,0,0,0,0,0,0,0
7.08056276976623,0.00272107979447414,0.00481723147900061,0.00599491273107877,0.00108843191778966,0.00192689259160025,0.00239796509243151,0,0,0,0,0,0,0,0,0,0,0,0
7.0905654753901,0.0027695657277586,0.00487739986813152,0.00603550644384288,0.00110782629110344,0.00195095994725261,0.00241420257753715,0,0,0,0,0,0,0,0,0,0,0,0
7.10056818101398,0.00281865553813775,0.00493797419149028,0.00607607736065517,0.0011274622152551,0.00197518967659611,0.00243043094426207,0,0,0,0,0,0,0,0,0,0,0,0
7.11057088663785,0.0028683532848862,0.00499895421339072,0.00611662395013058,0.00114734131395448,0.00199958168535629,0.00244664958005223,0,0,0,0,0,0,0,0,0,0,0,0
7.12057359226173,0.00291866302484458,0.00506033968286459,0.00615714468806848,0.00116746520993783,0.00202413587314584,0.00246285787522739,0,0,0,0,0,0,0,0,0,0,0,0
7.13057629788561,0.00296958881226699,0.00512213033373341,0.00619763805744172,0.00118783552490679,0.00204885213349337,0.00247905522297669,0,0,0,0,0,0,0,0,0,0,0,0
7.14057900350948,0.00302113469866927,0.00518432588468016,0.00623810254838566,0.00120845387946771,0.00207373035387206,0.00249524101935426,0,0,0,0,0,0,0,0,0,0,0,0
7.15058170913336,0.00307330473267793,0.00524692603932085,0.00627853665818713,0.00122932189307117,0.00209877041572834,0.00251141466327485,0,0,0,0,0,0,0,0,0,0,0,0
7.16058441475723,0.00312610295987975,0.00530993048627602,0.00631893889127345,0.0012504411839519,0.00212397219451041,0.00252757555650938,0,0,0,0,0,0,0,0,0,0,0,0
7.17058712038111,0.0031795334226722,0.00537333889924212,0.00635930775920146,0.00127181336906888,0.00214933555969685,0.00254372310368059,0,0,0,0,0,0,0,0,0,0,0,0
7.18058982600499,0.00323360016011448,0.00543715093706271,0.0063996417806465,0.00129344006404579,0.00217486037482508,0.0025598567122586,0,0,0,0,0,0,0,0,0,0,0,0
7.19059253162886,0.0032883072077793,0.0055013662437997,0.00643993948139141,0.00131532288311172,0.00220054649751988,0.00257597579255656,0,0,0,0,0,0,0,0,0,0,0,0
7.20059523725274,0.00334365859760541,0.00556598444880431,0.00648019939431557,0.00133746343904216,0.00222639377952173,0.00259207975772623,0,0,0,0,0,0,0,0,0,0,0,0
7.21059794287662,0.00339965835775079,0.00563100516678805,0.00652042005938388,0.00135986334310032,0.00225240206671522,0.00260816802375355,0,0,0,0,0,0,0,0,0,0,0,0
7.22060064850049,0.00345631051244656,0.0056964279978935,0.00656060002363577,0.00138252420497862,0.0022785711991574,0.00262424000945431,0,0,0,0,0,0,0,0,0,0,0,0
7.23060335412437,0.00351361908185163,0.00576225252776505,0.00660073784117421,0.00140544763274065,0.00230490101110602,0.00264029513646968,0,0,0,0,0,0,0,0,0,0,0,0
7.24060605974824,0.003571588081908,0.00582847832761951,0.00664083207315471,0.0014286352327632,0.0023313913310478,0.00265633282926188,0,0,0,0,0,0,0,0,0,0,0,0
7.25060876537212,0.00363022152419683,0.00589510495431653,0.00668088128777434,0.00145208860967873,0.00235804198172661,0.00267235251510974,0,0,0,0,0,0,0,0,0,0,0,0
7.260611470996,0.00368952341579515,0.00596213195042907,0.00672088406026073,0.00147580936631806,0.00238485278017163,0.00268835362410429,0,0,0,0,0,0,0,0,0,0,0,0
7.27061417661987,0.00374949775913333,0.00602955884431361,0.00676083897286106,0.00149979910365333,0.00241182353772544,0.00270433558914442,0,0,0,0,0,0,0,0,0,0,0,0
7.28061688224375,0.00381014855185322,0.00609738515018033,0.00680074461483108,0.00152405942074129,0.00243895406007213,0.00272029784593243,0,0,0,0,0,0,0,0,0,0,0,0
7.29061958786762,0.003871479786667,0.00616561036816317,0.00684059958242413,0.0015485919146668,0.00246624414726527,0.00273623983296965,0,0,0,0,0,0,0,0,0,0,0,0
7.3006222934915,0.00393349545121673,0.00623423398438974,0.00688040247888013,0.00157339818048669,0.00249369359375589,0.00275216099155205,0,0,0,0,0,0,0,0,0,0,0,0
7.31062499911538,0.00399619952793458,0.00630325547105116,0.00692015191441457,0.00159847981117383,0.00252130218842046,0.00276806076576583,0,0,0,0,0,0,0,0,0,0,0,0
7.32062770473925,0.00405959599390382,0.00637267428647181,0.00695984650620755,0.00162383839756153,0.00254906971458873,0.00278393860248302,0,0,0,0,0,0,0,0,0,0,0,0
7.33063041036313,0.00412368882072041,0.00644248987517891,0.00699948487839276,0.00164947552828816,0.00257699595007156,0.00279979395135711,0,0,0,0,0,0,0,0,0,0,0,0
7.340633115987,0.00418848197435539,0.006512701667972,0.00703906566204652,0.00167539278974215,0.0026050806671888,0.00281562626481861,0,0,0,0,0,0,0,0,0,0,0,0
7.35063582161088,0.00425397941501785,0.0065833090819924,0.00707858749517673,0.00170159176600714,0.00263332363279696,0.00283143499807069,0,0,0,0,0,0,0,0,0,0,0,0
7.36063852723476,0.00432018509701874,0.0066543115207924,0.00711804902271193,0.00172807403880749,0.00266172460831696,0.00284721960908477,0,0,0,0,0,0,0,0,0,0,0,0
7.37064123285863,0.00438710296863521,0.00672570837440452,0.00715744889649028,0.00175484118745408,0.00269028334976181,0.00286297955859611,0,0,0,0,0,0,0,0,0,0,0,0
7.38064393848251,0.00445473697197577,0.00679749901941048,0.00719678577524857,0.00178189478879031,0.00271899960776419,0.00287871431009943,0,0,0,0,0,0,0,0,0,0,0,0
7.39064664410638,0.00452309104284607,0.00686968281901024,0.00723605832461122,0.00180923641713843,0.00274787312760409,0.00289442332984449,0,0,0,0,0,0,0,0,0,0,0,0
7.40064934973026,0.00459216911061541,0.00694225912309076,0.00727526521707932,0.00183686764424617,0.0027769036492363,0.00291010608683173,0,0,0,0,0,0,0,0,0,0,0,0
7.41065205535414,0.0046619750980839,0.00701522726829478,0.00731440513201958,0.00186479003923356,0.00280609090731791,0.00292576205280783,0,0,0,0,0,0,0,0,0,0,0,0
7.42065476097801,0.00473251292135031,0.00708858657808944,0.00735347675565337,0.00189300516854012,0.00283543463123578,0.00294139070226135,0,0,0,0,0,0,0,0,0,0,0,0
7.43065746660189,0.00480378648968065,0.00716233636283475,0.00739247878104574,0.00192151459587226,0.0028649345451339,0.0029569915124183,0,0,0,0,0,0,0,0,0,0,0,0
7.44066017222577,0.00487579970537741,0.00723647591985203,0.00743140990809439,0.00195031988215097,0.00289459036794081,0.00297256396323776,0,0,0,0,0,0,0,0,0,0,0,0
7.45066287784964,0.00494855646364947,0.00731100453349218,0.00747026884351871,0.00197942258545979,0.00292440181339687,0.00298810753740749,0,0,0,0,0,0,0,0,0,0,0,0
7.46066558347352,0.00502206065248266,0.00738592147520389,0.00750905430084876,0.00200882426099307,0.00295436859008155,0.0030036217203395,0,0,0,0,0,0,0,0,0,0,0,0
7.47066828909739,0.00509631615251112,0.00746122600360164,0.00754776500041429,0.00203852646100445,0.00298449040144066,0.00301910600016571,0,0,0,0,0,0,0,0,0,0,0,0
7.48067099472127,0.0051713268368892,0.00753691736453375,0.00758639966933373,0.00206853073475568,0.0030147669458135,0.00303455986773349,0,0,0,0,0,0,0,0,0,0,0,0
7.49067370034515,0.00524709657116414,0.00761299479115018,0.00762495704150323,0.00209883862846566,0.00304519791646007,0.00304998281660129,0,0,0,0,0,0,0,0,0,0,0,0
7.50067640596902,0.00532362921314938,0.00768945750397025,0.00766343585758564,0.00212945168525975,0.0030757830015881,0.00306537434303425,0,0,0,0,0,0,0,0,0,0,0,0
7.5106791115929,0.00540092861279854,0.00776630471095033,0.00770183486499951,0.00216037144511942,0.00310652188438013,0.0030807339459998,0,0,0,0,0,0,0,0,0,0,0,0
7.52068181721677,0.00547899861208012,0.0078435356075513,0.00774015281790811,0.00219159944483205,0.00313741424302052,0.00309606112716325,0,0,0,0,0,0,0,0,0,0,0,0
7.53068452284065,0.00555784304485285,0.00792114937680603,0.00777838847720846,0.00222313721794114,0.00316845975072241,0.00311135539088338,0,0,0,0,0,0,0,0,0,0,0,0
7.54068722846453,0.00563746573674167,0.0079991451893866,0.00781654061052026,0.00225498629469667,0.00319965807575464,0.0031266162442081,0,0,0,0,0,0,0,0,0,0,0,0
7.5506899340884,0.00571787050501451,0.00807752220367154,0.007854607992175,0.0022871482020058,0.00323100888146862,0.00314184319687,0,0,0,0,0,0,0,0,0,0,0,0
7.56069263971228,0.00579906115845954,0.00815627956581291,0.00789258940320487,0.00231962446338381,0.00326251182632516,0.00315703576128195,0,0,0,0,0,0,0,0,0,0,0,0
7.57069534533615,0.00588104149726332,0.00823541640980326,0.00793048363133183,0.00235241659890533,0.0032941665639213,0.00317219345253273,0,0,0,0,0,0,0,0,0,0,0,0
7.58069805096003,0.00596381531288943,0.00831493185754248,0.00796828947095659,0.00238552612515577,0.00332597274301699,0.00318731578838263,0,0,0,0,0,0,0,0,0,0,0,0
7.59070075658391,0.00604738638795788,0.00839482501890457,0.00800600572314761,0.00241895455518315,0.00335793000756183,0.00320240228925904,0,0,0,0,0,0,0,0,0,0,0,0
7.60070346220778,0.00613175849612515,0.00847509499180426,0.00804363119563014,0.00245270339845006,0.0033900379967217,0.00321745247825206,0,0,0,0,0,0,0,0,0,0,0,0
7.61070616783166,0.00621693540196488,0.00855574086226359,0.00808116470277519,0.00248677416078595,0.00342229634490544,0.00323246588111008,0,0,0,0,0,0,0,0,0,0,0,0
7.62070887345554,0.00630292086084927,0.00863676170447825,0.00811860506558854,0.00252116834433971,0.0034547046817913,0.00324744202623542,0,0,0,0,0,0,0,0,0,0,0,0
7.63071157907941,0.00638971861883107,0.00871815658088397,0.00815595111169978,0.00255588744753243,0.00348726263235359,0.00326238044467991,0,0,0,0,0,0,0,0,0,0,0,0
7.64071428470329,0.00647733241252635,0.00879992454222265,0.00819320167535125,0.00259093296501054,0.00351996981688906,0.0032772806701405,0,0,0,0,0,0,0,0,0,0,0,0
7.65071699032716,0.00656576596899781,0.00888206462760853,0.00823035559738713,0.00262630638759912,0.00355282585104341,0.00329214223895485,0,0,0,0,0,0,0,0,0,0,0,0
7.66071969595104,0.00665502300563879,0.00896457586459409,0.00826741172524239,0.00266200920225552,0.00358583034583764,0.00330696469009696,0,0,0,0,0,0,0,0,0,0,0,0
7.67072240157492,0.00674510723005799,0.00904745726923598,0.0083043689129318,0.0026980428920232,0.00361898290769439,0.00332174756517272,0,0,0,0,0,0,0,0,0,0,0,0
7.68072510719879,0.00683602233996481,0.00913070784616075,0.00834122602103896,0.00273440893598592,0.0036522831384643,0.00333649040841558,0,0,0,0,0,0,0,0,0,0,0,0
7.69072781282267,0.00692777202305529,0.0092143265886305,0.00837798191670528,0.00277110880922212,0.0036857306354522,0.00335119276668211,0,0,0,0,0,0,0,0,0,0,0,0
7.70073051844654,0.00702035995689885,0.00929831247860847,0.00841463547361901,0.00280814398275954,0.00371932499144339,0.0033658541894476,0,0,0,0,0,0,0,0,0,0,0,0
7.71073322407042,0.00711378980882552,0.00938266448682439,0.00845118557200422,0.00284551592353021,0.00375306579472975,0.00338047422880169,0,0,0,0,0,0,0,0,0,0,0,0
7.7207359296943,0.00720806523581394,0.00946738157283985,0.00848763109860983,0.00288322609432558,0.00378695262913594,0.00339505243944393,0,0,0,0,0,0,0,0,0,0,0,0
7.73073863531817,0.00730318988437997,0.00955246268511353,0.00852397094669862,0.00292127595375199,0.00382098507404541,0.00340958837867945,0,0,0,0,0,0,0,0,0,0,0,0
7.74074134094205,0.00739916739046594,0.00963790676106625,0.0085602040160362,0.00295966695618637,0.0038551627044265,0.00342408160641448,0,0,0,0,0,0,0,0,0,0,0,0
7.75074404656592,0.00749600137933061,0.00972371272714601,0.00859632921288004,0.00299840055173224,0.0038894850908584,0.00343853168515202,0,0,0,0,0,0,0,0,0,0,0,0
7.7607467521898,0.00759369546543966,0.00980987949889281,0.0086323454499685,0.00303747818617586,0.00392395179955712,0.0034529381799874,0,0,0,0,0,0,0,0,0,0,0,0
7.77074945781368,0.007692253252357,0.0098964059810035,0.0086682516465098,0.0030769013009428,0.0039585623924014,0.00346730065860392,0,0,0,0,0,0,0,0,0,0,0,0
7.78075216343755,0.00779167833263657,0.00998329106739639,0.00870404672817102,0.00311667133305463,0.00399331642695855,0.00348161869126841,0,0,0,0,0,0,0,0,0,0,0,0
7.79075486906143,0.00789197428771483,0.0100705336412758,0.00873972962706714,0.00315678971508593,0.00402821345651031,0.00349589185082686,0,0,0,0,0,0,0,0,0,0,0,0
7.8007575746853,0.00799314468780398,0.0101581325751965,0.00877529928175004,0.00319725787512159,0.00406325303007859,0.00351011971270001,0,0,0,0,0,0,0,0,0,0,0,0
7.81076028030918,0.00809519309178572,0.010246086731128,0.00881075463719747,0.00323807723671429,0.00409843469245122,0.00352430185487899,0,0,0,0,0,0,0,0,0,0,0,0
7.82076298593306,0.0081981230471057,0.0103343949605191,0.00884609464480211,0.00327924921884228,0.00413375798420764,0.00353843785792084,0,0,0,0,0,0,0,0,0,0,0,0
7.83076569155693,0.00830193808966856,0.0104230561043613,0.00888131826236052,0.00332077523586742,0.00416922244174454,0.00355252730494421,0,0,0,0,0,0,0,0,0,0,0,0
7.84076839718081,0.00840664174373371,0.0105120689932536,0.00891642445406221,0.00336265669749348,0.00420482759730146,0.00356656978162488,0,0,0,0,0,0,0,0,0,0,0,0
7.85077110280468,0.0085122375218117,0.0106014324474659,0.00895141219047857,0.00340489500872468,0.00424057297898635,0.00358056487619143,0,0,0,0,0,0,0,0,0,0,0,0
7.86077380842856,0.00861872892456117,0.0106911452770027,0.00898628044855196,0.00344749156982447,0.00427645811080109,0.00359451217942078,0,0,0,0,0,0,0,0,0,0,0,0
7.87077651405244,0.00872611944068651,0.0107812062816673,0.00902102821158464,0.0034904477762746,0.00431248251266692,0.00360841128463385,0,0,0,0,0,0,0,0,0,0,0,0
7.88077921967631,0.00883441254683613,0.0108716142511248,0.00905565446922782,0.00353376501873445,0.00434864570044992,0.00362226178769113,0,0,0,0,0,0,0,0,0,0,0,0
7.89078192530019,0.00894361170750139,0.0109623679649659,0.00909015821747065,0.00357744468300056,0.00438494718598635,0.00363606328698826,0,0,0,0,0,0,0,0,0,0,0,0
7.90078463092406,0.00905372037491614,0.01105346619277,0.00912453845862926,0.00362148814996646,0.00442138647710802,0.0036498153834517,0,0,0,0,0,0,0,0,0,0,0,0
7.91078733654794,0.00916474198895689,0.0111449076941689,0.0091587942013357,0.00366589679558275,0.00445796307766754,0.00366351768053428,0,0,0,0,0,0,0,0,0,0,0,0
7.92079004217182,0.00927667997704359,0.011236691218909,0.00919292446052701,0.00371067199081744,0.00449467648756362,0.0036771697842108,0,0,0,0,0,0,0,0,0,0,0,0
7.93079274779569,0.00938953775404113,0.0113288155069155,0.00922692825743419,0.00375581510161645,0.00453152620276621,0.00369077130297367,0,0,0,0,0,0,0,0,0,0,0,0
7.94079545341957,0.00950331872216138,0.0114212792883543,0.00926080461957121,0.00380132748886455,0.00456851171534173,0.00370432184782848,0,0,0,0,0,0,0,0,0,0,0,0
7.95079815904345,0.00961802627086587,0.0115140812836954,0.00929455258072404,0.00384721050834635,0.00460563251347814,0.00371782103228961,0,0,0,0,0,0,0,0,0,0,0,0
7.96080086466732,0.00973366377676914,0.0116072202037751,0.00932817118093962,0.00389346551070766,0.00464288808151003,0.00373126847237585,0,0,0,0,0,0,0,0,0,0,0,0
7.9708035702912,0.0098502346035427,0.0117006947498591,0.00936165946651489,0.00394009384141708,0.00468027789994365,0.00374466378660596,0,0,0,0,0,0,0,0,0,0,0,0
7.98080627591507,0.00996774210181958,0.0117945036137047,0.00939501648998581,0.00398709684072783,0.00471780144548188,0.00375800659599433,0,0,0,0,0,0,0,0,0,0,0,0
7.99080898153895,0.0100861896090996,0.011888645477623,0.00942824131011633,0.00403447584363983,0.00475545819104919,0.00377129652404653,0,0,0,0,0,0,0,0,0,0,0,0
8.00081168716283,0.010205580449655,0.0119831190145413,0.00946133299188741,0.004082232179862,0.00479324760581653,0.00378453319675496,0,0,0,0,0,0,0,0,0,0,0,0
8.0108143927867,0.0103259179344372,0.0120779228880654,0.00949429060648604,0.00413036717377488,0.00483116915522617,0.00379771624259441,0,0,0,0,0,0,0,0,0,0,0,0
8.02081709841058,0.0104472053609836,0.0121730557525414,0.00952711323129422,0.00417888214439345,0.00486922230101654,0.00381084529251769,0,0,0,0,0,0,0,0,0,0,0,0
8.03081980403445,0.0105694460133254,0.0122685162531174,0.00955979994987801,0.00422777840533018,0.00490740650124695,0.0038239199799512,0,0,0,0,0,0,0,0,0,0,0,0
8.04082250965833,0.0106926431618959,0.0123643030258059,0.00959234985197647,0.00427705726475837,0.00494572121032235,0.00383693994079059,0,0,0,0,0,0,0,0,0,0,0,0
8.05082521528221,0.0108168000634394,0.012460414697545,0.00962476203349075,0.00432672002537575,0.00498416587901799,0.0038499048133963,0,0,0,0,0,0,0,0,0,0,0,0
8.06082792090608,0.0109419199609205,0.0125568498862601,0.00965703559647301,0.00437676798436822,0.00502273995450405,0.0038628142385892,0,0,0,0,0,0,0,0,0,0,0,0
8.07083062652996,0.011068006083435,0.0126536072009256,0.00968916964911549,0.00442720243337399,0.00506144288037025,0.00387566785964619,0,0,0,0,0,0,0,0,0,0,0,0
8.08083333215384,0.0111950616461196,0.0127506852416259,0.00972116330573947,0.00447802465844784,0.00510027409665036,0.00388846532229579,0,0,0,0,0,0,0,0,0,0,0,0
8.09083603777771,0.0113230898500643,0.0128480825996168,0.00975301568678434,0.0045292359400257,0.00513923303984673,0.00390120627471373,0,0,0,0,0,0,0,0,0,0,0,0
8.10083874340159,0.0114520938822236,0.0129457978573868,0.00978472591879652,0.00458083755288945,0.00517831914295473,0.00391389036751861,0,0,0,0,0,0,0,0,0,0,0,0
8.11084144902546,0.0115820769153298,0.0130438295887179,0.00981629313441854,0.00463283076613192,0.00521753183548717,0.00392651725376742,0,0,0,0,0,0,0,0,0,0,0,0
8.12084415464934,0.0117130421078056,0.0131421763587467,0.009847716472378,0.00468521684312224,0.00525687054349868,0.0039390865889512,0,0,0,0,0,0,0,0,0,0,0,0
8.13084686027321,0.0118449926036783,0.013240836724025,0.00987899507747661,0.00473799704147131,0.00529633468961001,0.00395159803099064,0,0,0,0,0,0,0,0,0,0,0,0
8.14084956589709,0.0119779315324941,0.0133398092325808,0.00991012810057917,0.00479117261299764,0.00533592369303234,0.00396405124023167,0,0,0,0,0,0,0,0,0,0,0,0
8.15085227152097,0.0121118620092332,0.0134390924239787,0.00994111469860258,0.00484474480369329,0.00537563696959148,0.00397644587944103,0,0,0,0,0,0,0,0,0,0,0,0
8.16085497714484,0.0122467871342255,0.0135386848293803,0.00997195403450487,0.0048987148536902,0.0054154739317521,0.00398878161380195,0,0,0,0,0,0,0,0,0,0,0,0
8.17085768276872,0.0123827099930666,0.0136385849716047,0.0100026452772742,0.00495308399722663,0.00545543398864186,0.00400105811090967,0,0,0,0,0,0,0,0,0,0,0,0
8.1808603883926,0.0125196336565348,0.0137387913651888,0.0100331876019177,0.00500785346261393,0.00549551654607551,0.0040132750407671,0,0,0,0,0,0,0,0,0,0,0,0
8.19086309401647,0.0126575611805089,0.0138393025164474,0.010063580189451,0.00506302447220356,0.00553572100657898,0.00402543207578039,0,0,0,0,0,0,0,0,0,0,0,0
8.20086579964035,0.0127964956058856,0.0139401169235334,0.0100938222268864,0.00511859824235423,0.00557604676941335,0.00403752889075457,0,0,0,0,0,0,0,0,0,0,0,0
8.21086850526422,0.0129364399584986,0.0140412330764972,0.0101239129072227,0.00517457598339943,0.00561649323059887,0.0040495651628891,0,0,0,0,0,0,0,0,0,0,0,0
8.2208712108881,0.0130773972490377,0.0141426494573472,0.0101538514294337,0.00523095889961509,0.00565705978293886,0.0040615405717735,0,0,0,0,0,0,0,0,0,0,0,0
8.23087391651198,0.0132193704729689,0.014244364540109,0.0101836369984574,0.00528774818918756,0.0056977458160436,0.00407345479938297,0,0,0,0,0,0,0,0,0,0,0,0
8.24087662213585,0.0133623626104544,0.0143463767908855,0.0102132688251849,0.00534494504418177,0.00573855071635419,0.00408530753007396,0,0,0,0,0,0,0,0,0,0,0,0
8.25087932775973,0.0135063766262741,0.0144486846679158,0.0102427461264495,0.00540255065050964,0.00577947386716631,0.0040970984505798,0,0,0,0,0,0,0,0,0,0,0,0
8.2608820333836,0.0136514154697469,0.014551286621635,0.0102720681250157,0.00546056618789876,0.00582051464865402,0.00410882725000627,0,0,0,0,0,0,0,0,0,0,0,0
8.27088473900748,0.0137974820746531,0.0146541810947335,0.0103012340495681,0.00551899282986124,0.00586167243789341,0.00412049361982724,0,0,0,0,0,0,0,0,0,0,0,0
8.28088744463136,0.0139445793591573,0.0147573665222158,0.0103302431347006,0.0055778317436629,0.00590294660888633,0.00413209725388026,0,0,0,0,0,0,0,0,0,0,0,0
8.29089015025523,0.0140927102257315,0.0148608413314599,0.0103590946209053,0.00563708409029261,0.00594433653258397,0.00414363784836212,0,0,0,0,0,0,0,0,0,0,0,0
8.30089285587911,0.0142418775610797,0.0149646039422761,0.0103877877545614,0.00569675102443187,0.00598584157691045,0.00415511510182454,0,0,0,0,0,0,0,0,0,0,0,0
8.31089556150298,0.0143920842360617,0.0150686527669658,0.0104163217879242,0.00575683369442468,0.00602746110678634,0.00416652871516968,0,0,0,0,0,0,0,0,0,0,0,0
8.32089826712686,0.014543333105619,0.0151729862103804,0.0104446959791145,0.0058173332422476,0.00606919448415217,0.00417787839164581,0,0,0,0,0,0,0,0,0,0,0,0
8.33090097275074,0.0146956270087002,0.0152776026699796,0.0104729095921072,0.00587825080348007,0.00611104106799186,0.00418916383684287,0,0,0,0,0,0,0,0,0,0,0,0
8.34090367837461,0.0148489687681873,0.0153825005358903,0.0105009618967203,0.00593958750727494,0.00615300021435613,0.0042003847586881,0,0,0,0,0,0,0,0,0,0,0,0
8.35090638399849,0.0150033611908231,0.0154876781909646,0.0105288521686041,0.00600134447632925,0.00619507127638585,0.00421154086744163,0,0,0,0,0,0,0,0,0,0,0,0
8.36090908962237,0.0151588070671381,0.0155931340108384,0.0105565796892302,0.00606352282685524,0.00623725360433536,0.00422263187569208,0,0,0,0,0,0,0,0,0,0,0,0
8.37091179524624,0.015315309171379,0.0156988663639894,0.0105841437458804,0.00612612366855161,0.00627954654559574,0.00423365749835217,0,0,0,0,0,0,0,0,0,0,0,0
8.38091450087012,0.0154728702614374,0.015804873611795,0.0106115436316358,0.00618914810457497,0.00632194944471802,0.00424461745265431,0,0,0,0,0,0,0,0,0,0,0,0
8.39091720649399,0.0156314930787789,0.0159111541085909,0.0106387786453656,0.00625259723151156,0.00636446164343638,0.00425551145814624,0,0,0,0,0,0,0,0,0,0,0,0
8.40091991211787,0.015791180348373,0.0160177062017282,0.0106658480917164,0.0063164721393492,0.00640708248069127,0.00426633923668656,0,0,0,0,0,0,0,0,0,0,0,0
8.41092261774175,0.0159519347786236,0.0161245282316313,0.0106927512811011,0.00638077391144944,0.00644981129265252,0.00427710051244042,0,0,0,0,0,0,0,0,0,0,0,0
8.42092532336562,0.0161137590612999,0.016231618531856,0.0107194875296876,0.00644550362451996,0.0064926474127424,0.00428779501187505,0,0,0,0,0,0,0,0,0,0,0,0
8.4309280289895,0.0162766558714681,0.0163389754291464,0.0107460561593885,0.00651066234858723,0.00653559017165857,0.0042984224637554,0,0,0,0,0,0,0,0,0,0,0,0
8.44093073461337,0.0164406278674234,0.0164465972434928,0.0107724564978493,0.00657625114696936,0.00657863889739712,0.00430898259913974,0,0,0,0,0,0,0,0,0,0,0,0
8.45093344023725,0.0166056776906229,0.0165544822881885,0.0107986878784381,0.00664227107624917,0.0066217929152754,0.00431947515137524,0,0,0,0,0,0,0,0,0,0,0,0
8.46093614586113,0.0167718079656189,0.0166626288698875,0.010824749640234,0.00670872318624755,0.00666505154795499,0.00432989985609361,0,0,0,0,0,0,0,0,0,0,0,0
8.470938851485,0.0169390212999924,0.0167710352886611,0.0108506411280167,0.00677560851999694,0.00670841411546444,0.00434025645120667,0,0,0,0,0,0,0,0,0,0,0,0
8.48094155710888,0.017107320284288,0.0168796998380553,0.0108763616922549,0.0068429281137152,0.00675187993522212,0.00435054467690197,0,0,0,0,0,0,0,0,0,0,0,0
8.49094426273275,0.0172767074919489,0.0169886208051473,0.0109019106890959,0.00691068299677956,0.00679544832205891,0.00436076427563836,0,0,0,0,0,0,0,0,0,0,0,0
8.50094696835663,0.0174471854792521,0.0170977964706024,0.0109272874803542,0.00697887419170082,0.00683911858824095,0.00437091499214166,0,0,0,0,0,0,0,0,0,0,0,0
8.51094967398051,0.0176187567852448,0.0172072251087306,0.0109524914335005,0.0070475027140979,0.00688289004349225,0.0043809965734002,0,0,0,0,0,0,0,0,0,0,0,0
8.52095237960438,0.0177914239316811,0.0173169049875433,0.0109775219216511,0.00711656957267243,0.00692676199501733,0.00439100876866043,0,0,0,0,0,0,0,0,0,0,0,0
8.53095508522826,0.0179651894229594,0.0174268343688094,0.0110023783235564,0.00718607576918374,0.00697073374752374,0.00440095132942257,0,0,0,0,0,0,0,0,0,0,0,0
8.54095779085213,0.0181400557460598,0.0175370115081117,0.0110270600235904,0.00725602229842393,0.00701480460324467,0.00441082400943614,0,0,0,0,0,0,0,0,0,0,0,0
8.55096049647601,0.0183160253704832,0.0176474346549033,0.0110515664117391,0.00732641014819328,0.0070589738619613,0.00442062656469563,0,0,0,0,0,0,0,0,0,0,0,0
8.56096320209989,0.0184931007481895,0.0177581020525634,0.0110758968835902,0.00739724029927581,0.00710324082102537,0.00443035875343607,0,0,0,0,0,0,0,0,0,0,0,0
8.57096590772376,0.0186712843135377,0.0178690119384536,0.0111000508403215,0.0074685137254151,0.00714760477538145,0.00444002033612861,0,0,0,0,0,0,0,0,0,0,0,0
8.58096861334764,0.0188505784832258,0.0179801625439734,0.0111240276886905,0.00754023139329032,0.00719206501758938,0.00444961107547619,0,0,0,0,0,0,0,0,0,0,0,0
8.59097131897152,0.0190309856562312,0.0180915520946163,0.0111478268410227,0.0076123942624925,0.0072366208378465,0.00445913073640907,0,0,0,0,0,0,0,0,0,0,0,0
8.60097402459539,0.0192125082137525,0.0182031788100249,0.0111714477152012,0.00768500328550099,0.00728127152400997,0.00446857908608047,0,0,0,0,0,0,0,0,0,0,0,0
8.61097673021927,0.0193951485191505,0.0183150409040473,0.0111948897346554,0.00775805940766019,0.00732601636161892,0.00447795589386216,0,0,0,0,0,0,0,0,0,0,0,0
8.62097943584314,0.0195789089178911,0.0184271365847916,0.0112181523283502,0.00783156356715642,0.00737085463391665,0.0044872609313401,0,0,0,0,0,0,0,0,0,0,0,0
8.63098214146702,0.0197637917374879,0.018539464054682,0.0112412349307749,0.00790551669499515,0.0074157856218728,0.00449649397230996,0,0,0,0,0,0,0,0,0,0,0,0
8.64098484709089,0.0199497992874457,0.0186520215105134,0.0112641369819321,0.00797991971497829,0.00746080860420535,0.00450565479277282,0,0,0,0,0,0,0,0,0,0,0,0
8.65098755271477,0.0201369338592046,0.0187648071435068,0.0112868579273268,0.00805477354368182,0.00750592285740271,0.0045147431709307,0,0,0,0,0,0,0,0,0,0,0,0
8.66099025833865,0.020325197726084,0.0188778191393642,0.0113093972179555,0.00813007909043359,0.00755112765574568,0.00452375888718219,0,0,0,0,0,0,0,0,0,0,0,0
8.67099296396252,0.0205145931432283,0.0189910556783236,0.0113317543102952,0.00820583725729133,0.00759642227132943,0.00453270172411806,0,0,0,0,0,0,0,0,0,0,0,0
8.6809956695864,0.0207051223475524,0.0191045149352136,0.0113539286662921,0.00828204893902094,0.00764180597408543,0.00454157146651685,0,0,0,0,0,0,0,0,0,0,0,0
8.69099837521028,0.0208967875576873,0.0192181950795081,0.0113759197533512,0.0083587150230749,0.00768727803180322,0.00455036790134047,0,0,0,0,0,0,0,0,0,0,0,0
8.70100108083415,0.0210895909739275,0.0193320942753808,0.0113977270443245,0.00843583638957101,0.00773283771015232,0.0045590908177298,0,0,0,0,0,0,0,0,0,0,0,0
8.71100378645803,0.0212835347781781,0.0194462106817599,0.0114193500175008,0.00851341391127123,0.00777848427270396,0.00456774000700034,0,0,0,0,0,0,0,0,0,0,0,0
8.72100649208191,0.0214786211339022,0.019560542452382,0.0114407881565943,0.00859144845356087,0.00782421698095281,0.00457631526263771,0,0,0,0,0,0,0,0,0,0,0,0
8.73100919770578,0.0216748521860697,0.0196750877358467,0.0114620409507334,0.00866994087442788,0.00787003509433868,0.00458481638029338,0,0,0,0,0,0,0,0,0,0,0,0
8.74101190332966,0.021872230061106,0.0197898446756704,0.0114831078944504,0.00874889202444241,0.00791593787026816,0.00459324315778016,0,0,0,0,0,0,0,0,0,0,0,0
8.75101460895353,0.0220707568668415,0.0199048114103405,0.0115039884876697,0.00882830274673661,0.00796192456413621,0.00460159539506788,0,0,0,0,0,0,0,0,0,0,0,0
8.76101731457741,0.0222704346924614,0.0200199860733692,0.0115246822356973,0.00890817387698458,0.00800799442934769,0.00460987289427894,0,0,0,0,0,0,0,0,0,0,0,0
8.77102002020128,0.0224712656084564,0.0201353667933474,0.0115451886492099,0.00898850624338257,0.00805414671733895,0.00461807545968395,0,0,0,0,0,0,0,0,0,0,0,0
8.78102272582516,0.0226732516665736,0.020250951693998,0.0115655072442433,0.00906930066662944,0.00810038067759919,0.00462620289769732,0,0,0,0,0,0,0,0,0,0,0,0
8.79102543144904,0.0228763948997681,0.0203667388942299,0.0115856375421821,0.00915055795990726,0.00814669555769197,0.00463425501687285,0,0,0,0,0,0,0,0,0,0,0,0
8.80102813707291,0.0230806973221553,0.0204827265081913,0.0116055790697484,0.00923227892886212,0.00819309060327653,0.00464223162789935,0,0,0,0,0,0,0,0,0,0,0,0
8.81103084269679,0.0232861609289632,0.0205989126453229,0.0116253313589906,0.00931446437158528,0.00823956505812915,0.00465013254359623,0,0,0,0,0,0,0,0,0,0,0,0
8.82103354832067,0.0234927876964859,0.0207152954104111,0.0116448939472728,0.00939711507859435,0.00828611816416444,0.00465795757890911,0,0,0,0,0,0,0,0,0,0,0,0
8.83103625394454,0.0237005795820371,0.0208318729036415,0.0116642663772636,0.00948023183281484,0.00833274916145658,0.00466570655090542,0,0,0,0,0,0,0,0,0,0,0,0
8.84103895956842,0.0239095385239045,0.0209486432206513,0.011683448196925,0.00956381540956179,0.00837945728826053,0.00467337927877,0,0,0,0,0,0,0,0,0,0,0,0
8.85104166519229,0.0241196664413044,0.0210656044525829,0.0117024389595018,0.00964786657652176,0.00842624178103316,0.00468097558380072,0,0,0,0,0,0,0,0,0,0,0,0
8.86104437081617,0.0243309652343372,0.021182754686136,0.0117212382235101,0.00973238609373489,0.00847310187445441,0.00468849528940403,0,0,0,0,0,0,0,0,0,0,0,0
8.87104707644005,0.0245434367839431,0.0213000920036208,0.0117398455527266,0.00981737471357724,0.00852003680144831,0.00469593822109065,0,0,0,0,0,0,0,0,0,0,0,0
8.88104978206392,0.0247570829518584,0.0214176144830101,0.0117582605161777,0.00990283318074337,0.00856704579320405,0.00470330420647109,0,0,0,0,0,0,0,0,0,0,0,0
8.8910524876878,0.0249719055805726,0.0215353201979923,0.0117764826881282,0.00998876223222903,0.00861412807919693,0.00471059307525129,0,0,0,0,0,0,0,0,0,0,0,0
8.90105519331167,0.0251879064932854,0.0216532072180233,0.0117945116480705,0.0100751625973142,0.00866128288720932,0.00471780465922821,0,0,0,0,0,0,0,0,0,0,0,0
8.91105789893555,0.0254050874938652,0.0217712736083788,0.0118123469807137,0.0101620349975461,0.00870850944335154,0.00472493879228547,0,0,0,0,0,0,0,0,0,0,0,0
8.92106060455943,0.0256234503668071,0.0218895174302068,0.0118299882759722,0.0102493801467228,0.0087558069720827,0.00473199531038888,0,0,0,0,0,0,0,0,0,0,0,0
8.9310633101833,0.0258429968771919,0.0220079367405789,0.0118474351289553,0.0103371987508768,0.00880317469623156,0.00473897405158213,0,0,0,0,0,0,0,0,0,0,0,0
8.94106601580718,0.0260637287706458,0.022126529592543,0.0118646871399558,0.0104254915082583,0.00885061183701721,0.0047458748559823,0,0,0,0,0,0,0,0,0,0,0,0
8.95106872143105,0.0262856477733004,0.0222452940351746,0.0118817439144389,0.0105142591093201,0.00889811761406984,0.00475269756577555,0,0,0,0,0,0,0,0,0,0,0,0
8.96107142705493,0.0265087555917528,0.0223642281136285,0.0118986050630316,0.0106035022367011,0.00894569124545141,0.00475944202521265,0,0,0,0,0,0,0,0,0,0,0,0
8.97107413267881,0.0267330539130274,0.0224833298691907,0.0119152702015116,0.0106932215652109,0.00899333194767629,0.00476610808060465,0,0,0,0,0,0,0,0,0,0,0,0
8.98107683830268,0.0269585444045366,0.0226025973393295,0.011931738950796,0.0107834177618147,0.00904103893573181,0.0047726955803184,0,0,0,0,0,0,0,0,0,0,0,0
8.99107954392656,0.0271852287140437,0.022722028557747,0.0119480109369307,0.0108740914856175,0.00908881142309881,0.00477920437477226,0,0,0,0,0,0,0,0,0,0,0,0
9.00108224955044,0.0274131084696247,0.0228416215544305,0.011964085791079,0.0109652433878499,0.00913664862177219,0.00478563431643158,0,0,0,0,0,0,0,0,0,0,0,0
9.01108495517431,0.0276421852796321,0.0229613743557032,0.011979963149511,0.0110568741118528,0.00918454974228129,0.00479198525980441,0,0,0,0,0,0,0,0,0,0,0,0
9.02108766079819,0.0278724607326579,0.0230812849842759,0.0119956426535926,0.0111489842930632,0.00923251399371035,0.00479825706143703,0,0,0,0,0,0,0,0,0,0,0,0
9.03109036642206,0.0281039363974982,0.0232013514592971,0.012011123949774,0.0112415745589993,0.00928054058371884,0.00480444957990959,0,0,0,0,0,0,0,0,0,0,0,0
9.04109307204594,0.0283366138231175,0.0233215717964046,0.0120264066895793,0.011334645529247,0.00932862871856183,0.00481056267583171,0,0,0,0,0,0,0,0,0,0,0,0
9.05109577766981,0.0285704945386142,0.0234419440077756,0.0120414905295952,0.0114281978154457,0.00937677760311024,0.00481659621183806,0,0,0,0,0,0,0,0,0,0,0,0
9.06109848329369,0.0288055800531855,0.0235624661021776,0.01205637513146,0.0115222320212742,0.00942498644087105,0.00482255005258398,0,0,0,0,0,0,0,0,0,0,0,0
9.07110118891757,0.0290418718560946,0.0236831360850189,0.0120710601618527,0.0116167487424379,0.00947325443400754,0.00482842406474108,0,0,0,0,0,0,0,0,0,0,0,0
9.08110389454144,0.0292793714166365,0.0238039519583985,0.0120855452924821,0.0117117485666546,0.00952158078335939,0.00483421811699286,0,0,0,0,0,0,0,0,0,0,0,0
9.09110660016532,0.0295180801841055,0.023924911721157,0.0120998302000756,0.0118072320736422,0.00956996468846282,0.00483993208003025,0,0,0,0,0,0,0,0,0,0,0,0
9.1011093057892,0.0297579995877628,0.0240460133689265,0.0121139145663683,0.0119031998351051,0.00961840534757061,0.00484556582654731,0,0,0,0,0,0,0,0,0,0,0,0
9.11111201141307,0.0299991310368047,0.0241672548941805,0.0121277980780918,0.0119996524147219,0.00966690195767218,0.00485111923123674,0,0,0,0,0,0,0,0,0,0,0,0
9.12111471703695,0.030241475920331,0.0242886342862836,0.0121414804269638,0.0120965903681324,0.00971545371451345,0.00485659217078553,0,0,0,0,0,0,0,0,0,0,0,0
9.13111742266083,0.0304850356073147,0.0244101495315423,0.0121549613096764,0.0121940142429259,0.00976405981261691,0.00486198452387057,0,0,0,0,0,0,0,0,0,0,0,0
9.1411201282847,0.0307298114465712,0.0245317986132534,0.0121682404278856,0.0122919245786285,0.00981271944530135,0.00486729617115422,0,0,0,0,0,0,0,0,0,0,0,0
9.15112283390858,0.0309758047667284,0.0246535795117546,0.0121813174881999,0.0123903219066914,0.00986143180470182,0.00487252699527994,0,0,0,0,0,0,0,0,0,0,0,0
9.16112553953245,0.0312230168761977,0.0247754902044734,0.0121941922021697,0.0124892067504791,0.00991019608178936,0.00487767688086787,0,0,0,0,0,0,0,0,0,0,0,0
9.17112824515633,0.031471449063145,0.0248975286659769,0.0122068642862761,0.012588579625258,0.00995901146639076,0.00488274571451045,0,0,0,0,0,0,0,0,0,0,0,0
9.1811309507802,0.0317211025954621,0.0250196928680208,0.0122193334619201,0.0126884410381849,0.0100078771472083,0.00488773338476802,0,0,0,0,0,0,0,0,0,0,0,0
9.19113365640408,0.0319719787207392,0.0251419807795984,0.012231599455411,0.0127887914882957,0.0100567923118394,0.00489263978216441,0,0,0,0,0,0,0,0,0,0,0,0
9.20113636202796,0.0322240786662372,0.0252643903669902,0.0122436619979564,0.0128896314664949,0.0101057561467961,0.00489746479918256,0,0,0,0,0,0,0,0,0,0,0,0
9.21113906765183,0.0324774036388609,0.0253869195938122,0.0122555208256503,0.0129909614555444,0.0101547678375249,0.00490220833026011,0,0,0,0,0,0,0,0,0,0,0,0
9.22114177327571,0.0327319548251328,0.0255095664210653,0.0122671756794625,0.0130927819300531,0.0102038265684261,0.00490687027178501,0,0,0,0,0,0,0,0,0,0,0,0
9.23114447889959,0.0329877333911669,0.0256323288071834,0.0122786263052278,0.0131950933564667,0.0102529315228734,0.00491145052209111,0,0,0,0,0,0,0,0,0,0,0,0
9.24114718452346,0.0332447404826434,0.0257552047080827,0.0122898724536344,0.0132978961930573,0.0103020818832331,0.00491594898145377,0,0,0,0,0,0,0,0,0,0,0,0
9.25114989014734,0.0335029772247837,0.0258781920772095,0.0123009138802137,0.0134011908899135,0.0103512768308838,0.00492036555208548,0,0,0,0,0,0,0,0,0,0,0,0
9.26115259577121,0.033762444722326,0.0260012888655893,0.0123117503453286,0.0135049778889304,0.0104005155462357,0.00492470013813144,0,0,0,0,0,0,0,0,0,0,0,0
9.27115530139509,0.0340231440595015,0.0261244930218743,0.0123223816141629,0.0136092576238006,0.0104497972087497,0.00492895264566515,0,0,0,0,0,0,0,0,0,0,0,0
9.28115800701897,0.0342850763000103,0.0262478024923923,0.0123328074567102,0.0137140305200041,0.0104991209969569,0.00493312298268406,0,0,0,0,0,0,0,0,0,0,0,0
9.29116071264284,0.0345482424869992,0.0263712152211941,0.0123430276477628,0.0138192969947997,0.0105484860884777,0.00493721105910512,0,0,0,0,0,0,0,0,0,0,0,0
9.30116341826672,0.0348126436430385,0.0264947291501022,0.0123530419669011,0.0139250574572154,0.0105978916600409,0.00494121678676042,0,0,0,0,0,0,0,0,0,0,0,0
9.31116612389059,0.0350782807701003,0.0266183422187578,0.0123628501984819,0.0140313123080401,0.0106473368875031,0.00494514007939277,0,0,0,0,0,0,0,0,0,0,0,0
9.32116882951447,0.0353451548495368,0.0267420523646692,0.0123724521316283,0.0141380619398147,0.0106968209458677,0.00494898085265131,0,0,0,0,0,0,0,0,0,0,0,0
9.33117153513835,0.0356132668420593,0.0268658575232589,0.0123818475602178,0.0142453067368237,0.0107463430093035,0.00495273902408714,0,0,0,0,0,0,0,0,0,0,0,0
9.34117424076222,0.0358826176877174,0.0269897556279116,0.0123910362828721,0.0143530470750869,0.0107959022511646,0.00495641451314885,0,0,0,0,0,0,0,0,0,0,0,0
9.3511769463861,0.036153208305879,0.0271137446100212,0.0124000181029455,0.0144612833223516,0.0108454978440085,0.0049600072411782,0,0,0,0,0,0,0,0,0,0,0,0
9.36117965200997,0.0364250395952107,0.0272378223990382,0.0124087928285142,0.0145700158380843,0.0108951289596153,0.00496351713140569,0,0,0,0,0,0,0,0,0,0,0,0
9.37118235763385,0.0366981124336583,0.0273619869225172,0.0124173602723654,0.0146792449734633,0.0109447947690069,0.00496694410894614,0,0,0,0,0,0,0,0,0,0,0,0
9.38118506325773,0.0369724276784284,0.0274862361061634,0.0124257202519859,0.0147889710713714,0.0109944944424653,0.00497028810079434,0,0,0,0,0,0,0,0,0,0,0,0
9.3911877688816,0.0372479861659698,0.0276105678738797,0.0124338725895516,0.0148991944663879,0.0110442271495519,0.00497354903582064,0,0,0,0,0,0,0,0,0,0,0,0
9.40119047450548,0.0375247887119562,0.0277349801478142,0.0124418171119162,0.0150099154847825,0.0110939920591257,0.00497672684476648,0,0,0,0,0,0,0,0,0,0,0,0
9.41119318012935,0.0378028361112682,0.0278594708484059,0.0124495536506003,0.0151211344445073,0.0111437883393624,0.00497982146024013,0,0,0,0,0,0,0,0,0,0,0,0
9.42119588575323,0.0380821291379771,0.0279840378944322,0.0124570820417804,0.0152328516551908,0.0111936151577729,0.00498283281671216,0,0,0,0,0,0,0,0,0,0,0,0
9.43119859137711,0.0383626685453281,0.0281086792030547,0.0124644021262778,0.0153450674181312,0.0112434716812219,0.00498576085051113,0,0,0,0,0,0,0,0,0,0,0,0
9.44120129700098,0.0386444550657246,0.0282333926898664,0.0124715137495479,0.0154577820262898,0.0112933570759466,0.00498860549981914,0,0,0,0,0,0,0,0,0,0,0,0
9.45120400262486,0.0389274894107124,0.0283581762689373,0.0124784167616686,0.015570995764285,0.0113432705075749,0.00499136670466746,0,0,0,0,0,0,0,0,0,0,0,0
9.46120670824873,0.0392117722709652,0.0284830278528608,0.0124851110173303,0.0156847089083861,0.0113932111411443,0.00499404440693212,0,0,0,0,0,0,0,0,0,0,0,0
9.47120941387261,0.0394973043162697,0.0286079453528,0.0124915963758239,0.0157989217265079,0.01144317814112,0.00499663855032954,0,0,0,0,0,0,0,0,0,0,0,0
9.48121211949649,0.0397840861955116,0.0287329266785335,0.0124978727010302,0.0159136344782046,0.0114931706714134,0.00499914908041209,0,0,0,0,0,0,0,0,0,0,0,0
9.49121482512036,0.0400721185366619,0.028857969738501,0.0125039398614093,0.0160288474146648,0.0115431878954004,0.00500157594456371,0,0,0,0,0,0,0,0,0,0,0,0
9.50121753074424,0.040361401946764,0.0289830724398495,0.0125097977299888,0.0161445607787056,0.0115932289759398,0.00500391909199553,0,0,0,0,0,0,0,0,0,0,0,0
9.51122023636811,0.0406519370119208,0.0291082326884788,0.0125154461843536,0.0162607748047683,0.0116432930753915,0.00500617847374144,0,0,0,0,0,0,0,0,0,0,0,0
9.52122294199199,0.0409437242972824,0.0292334483890869,0.0125208851066344,0.016377489718913,0.0116933793556347,0.00500835404265374,0,0,0,0,0,0,0,0,0,0,0,0
9.53122564761587,0.0412367643470344,0.0293587174452153,0.0125261143834967,0.0164947057388138,0.0117434869780861,0.00501044575339868,0,0,0,0,0,0,0,0,0,0,0,0
9.54122835323974,0.0415310576843866,0.0294840377592947,0.0125311339061303,0.0166124230737547,0.0117936151037179,0.00501245356245211,0,0,0,0,0,0,0,0,0,0,0,0
9.55123105886362,0.0418266048115622,0.0296094072326899,0.0125359435702377,0.0167306419246249,0.0118437628930759,0.00501437742809506,0,0,0,0,0,0,0,0,0,0,0,0
9.5612337644875,0.0421234062097869,0.0297348237657449,0.0125405432760234,0.0168493624839147,0.011893929506298,0.00501621731040937,0,0,0,0,0,0,0,0,0,0,0,0
9.57123647011137,0.0424214623392794,0.0298602852578282,0.0125449329281831,0.0169685849357118,0.0119441141031313,0.00501797317127325,0,0,0,0,0,0,0,0,0,0,0,0
9.58123917573525,0.0427207736392419,0.0299857896073772,0.0125491124358923,0.0170883094556967,0.0119943158429509,0.00501964497435692,0,0,0,0,0,0,0,0,0,0,0,0
9.59124188135912,0.0430213405278505,0.0301113347119431,0.0125530817127955,0.0172085362111402,0.0120445338847772,0.00502123268511819,0,0,0,0,0,0,0,0,0,0,0,0
9.601244586983,0.0433231634022471,0.0302369184682358,0.0125568406769952,0.0173292653608988,0.0120947673872943,0.00502273627079807,0,0,0,0,0,0,0,0,0,0,0,0
9.61124729260688,0.0436262426385308,0.0303625387721681,0.0125603892510409,0.0174504970554123,0.0121450155088673,0.00502415570041637,0,0,0,0,0,0,0,0,0,0,0,0
9.62124999823075,0.0439305785917506,0.0304881935189005,0.0125637273619183,0.0175722314367002,0.0121952774075602,0.00502549094476732,0,0,0,0,0,0,0,0,0,0,0,0
9.63125270385463,0.0442361715958975,0.0306138806028851,0.0125668549410378,0.017694468638359,0.012245552241154,0.00502674197641513,0,0,0,0,0,0,0,0,0,0,0,0
9.6412554094785,0.0445430219638983,0.03073959791791,0.0125697719242241,0.0178172087855593,0.012295839167164,0.00502790876968965,0,0,0,0,0,0,0,0,0,0,0,0
9.65125811510238,0.0448511299876087,0.0308653433571435,0.0125724782517048,0.0179404519950435,0.0123461373428574,0.00502899130068192,0,0,0,0,0,0,0,0,0,0,0,0
9.66126082072626,0.0451604959378072,0.0309911148131779,0.0125749738680995,0.0180641983751229,0.0123964459252712,0.0050299895472398,0,0,0,0,0,0,0,0,0,0,0,0
9.67126352635013,0.0454711200641904,0.0311169101780737,0.012577258722409,0.0181884480256762,0.0124467640712295,0.00503090348896358,0,0,0,0,0,0,0,0,0,0,0,0
9.68126623197401,0.0457830025953668,0.0312427273434028,0.0125793327680039,0.0183132010381467,0.0124970909373611,0.00503173310720156,0,0,0,0,0,0,0,0,0,0,0,0
9.69126893759789,0.0460961437388529,0.0313685642002927,0.0125811959626142,0.0184384574955412,0.0125474256801171,0.00503247838504566,0,0,0,0,0,0,0,0,0,0,0,0
9.70127164322176,0.0464105436810687,0.0314944186394697,0.0125828482683176,0.0185642174724275,0.0125977674557879,0.00503313930732703,0,0,0,0,0,0,0,0,0,0,0,0
9.71127434884564,0.0467262025873339,0.0316202885513027,0.0125842896515291,0.0186904810349336,0.0126481154205211,0.00503371586061163,0,0,0,0,0,0,0,0,0,0,0,0
9.72127705446951,0.0470431206018646,0.0317461718258462,0.0125855200829897,0.0188172482407458,0.0126984687303385,0.00503420803319587,0,0,0,0,0,0,0,0,0,0,0,0
9.73127976009339,0.0473612978477702,0.0318720663528834,0.0125865395377555,0.0189445191391081,0.0127488265411534,0.0050346158151022,0,0,0,0,0,0,0,0,0,0,0,0
9.74128246571727,0.0476807344270514,0.0319979700219698,0.0125873479951867,0.0190722937708206,0.0127991880087879,0.00503493919807467,0,0,0,0,0,0,0,0,0,0,0,0
9.75128517134114,0.0480014304205974,0.0321238807224759,0.0125879454389365,0.019200572168239,0.0128495522889904,0.0050351781755746,0,0,0,0,0,0,0,0,0,0,0,0
9.76128787696502,0.0483233858881849,0.0322497963436301,0.0125883318569403,0.0193293543552739,0.012899918537452,0.00503533274277613,0,0,0,0,0,0,0,0,0,0,0,0
9.77129058258889,0.0486466008684765,0.0323757147745613,0.0125885072414046,0.0194586403473906,0.0129502859098245,0.00503540289656185,0,0,0,0,0,0,0,0,0,0,0,0
9.78129328821277,0.04897107537902,0.032501633904342,0.012588471588796,0.019588430151608,0.0130006535617368,0.00503538863551839,0,0,0,0,0,0,0,0,0,0,0,0
9.79129599383664,0.0492968094162484,0.0326275516220305,0.0125882248998301,0.0197187237664994,0.0130510206488122,0.00503528995993203,0,0,0,0,0,0,0,0,0,0,0,0
9.80129869946052,0.0496238029554795,0.0327534658167135,0.0125877671794608,0.0198495211821918,0.0131013863266854,0.00503510687178431,0,0,0,0,0,0,0,0,0,0,0,0
9.8113014050844,0.0499520559509164,0.0328793743775483,0.012587098436869,0.0199808223803666,0.0131517497510193,0.0050348393747476,0,0,0,0,0,0,0,0,0,0,0,0
9.82130411070827,0.0502815683356489,0.0330052751938054,0.0125862186854518,0.0201126273342595,0.0132021100775222,0.00503448747418073,0,0,0,0,0,0,0,0,0,0,0,0
9.83130681633215,0.0506123400216543,0.0331311661549101,0.0125851279428115,0.0202449360086617,0.013252466461964,0.0050340511771246,0,0,0,0,0,0,0,0,0,0,0,0
9.84130952195603,0.0509443708997995,0.0332570451504848,0.0125838262307444,0.0203777483599198,0.0133028180601939,0.00503353049229776,0,0,0,0,0,0,0,0,0,0,0,0
9.8513122275799,0.0512776608398432,0.0333829100703909,0.0125823135752301,0.0205110643359373,0.0133531640281564,0.00503292543009202,0,0,0,0,0,0,0,0,0,0,0,0
9.86131493320378,0.0516122096904381,0.0335087588047705,0.0125805900064201,0.0206448838761752,0.0134035035219082,0.00503223600256805,0,0,0,0,0,0,0,0,0,0,0,0
9.87131763882766,0.0519480172791343,0.0336345892440881,0.0125786555586275,0.0207792069116537,0.0134538356976352,0.00503146222345101,0,0,0,0,0,0,0,0,0,0,0,0
9.88132034445153,0.0522850834123827,0.0337603992791723,0.0125765102703152,0.0209140333649531,0.0135041597116689,0.00503060410812609,0,0,0,0,0,0,0,0,0,0,0,0
9.89132305007541,0.0526234078755387,0.033886186801257,0.0125741541840855,0.0210493631502155,0.0135544747205028,0.00502966167363419,0,0,0,0,0,0,0,0,0,0,0,0
9.90132575569928,0.0529629904328667,0.0340119497020231,0.0125715873466687,0.0211851961731467,0.0136047798808092,0.00502863493866746,0,0,0,0,0,0,0,0,0,0,0,0
9.91132846132316,0.0533038308275443,0.0341376858736392,0.0125688098089124,0.0213215323310177,0.0136550743494557,0.00502752392356494,0,0,0,0,0,0,0,0,0,0,0,0
9.92133116694703,0.0536459287816678,0.0342633932088034,0.0125658216257703,0.0214583715126671,0.0137053572835214,0.00502632865030813,0,0,0,0,0,0,0,0,0,0,0,0
9.93133387257091,0.0539892839962579,0.0343890696007838,0.0125626228562916,0.0215957135985031,0.0137556278403135,0.00502504914251664,0,0,0,0,0,0,0,0,0,0,0,0
9.94133657819479,0.0543338961512649,0.0345147129434596,0.0125592135636093,0.0217335584605059,0.0138058851773838,0.00502368542544373,0,0,0,0,0,0,0,0,0,0,0,0
9.95133928381866,0.0546797649055755,0.0346403211313619,0.01255559381493,0.0218719059622302,0.0138561284525448,0.00502223752597198,0,0,0,0,0,0,0,0,0,0,0,0
9.96134198944254,0.0550268898970198,0.0347658920597144,0.0125517636815221,0.0220107559588079,0.0139063568238858,0.00502070547260884,0,0,0,0,0,0,0,0,0,0,0,0
9.97134469506642,0.0553752707423775,0.0348914236244739,0.0125477232387056,0.022150108296951,0.0139565694497896,0.00501908929548225,0,0,0,0,0,0,0,0,0,0,0,0
9.98134740069029,0.0557249070373865,0.0350169137223708,0.0125434725658406,0.0222899628149546,0.0140067654889483,0.00501738902633625,0,0,0,0,0,0,0,0,0,0,0,0
9.99135010631417,0.0560757983567502,0.0351423602509496,0.0125390117463164,0.0224303193427001,0.0140569441003798,0.00501560469852656,0,0,0,0,0,0,0,0,0,0,0,0
10.001352811938,0.0564279442541458,0.0352677611086089,0.0125343408675406,0.0225711777016583,0.0141071044434435,0.00501373634701624,0,0,0,0,0,0,0,0,0,0,0,0
10.0113555175619,0.0567813442622334,0.0353931141946417,0.012529460020928,0.0227125377048934,0.0141572456778567,0.0050117840083712,0,0,0,0,0,0,0,0,0,0,0,0
10.0213582231858,0.0571359978926651,0.0355184174092753,0.0125243693018897,0.0228543991570661,0.0142073669637101,0.00500974772075588,0,0,0,0,0,0,0,0,0,0,0,0
10.0313609288097,0.0574919046360943,0.0356436686537116,0.0125190688098221,0.0229967618544377,0.0142574674614846,0.00500762752392883,0,0,0,0,0,0,0,0,0,0,0,0
10.0413636344335,0.0578490639621857,0.0357688658301663,0.0125135586480958,0.0231396255848743,0.0143075463320665,0.00500542345923831,0,0,0,0,0,0,0,0,0,0,0,0
10.0513663400574,0.058207475319626,0.0358940068419091,0.0125078389240447,0.0232829901278504,0.0143576027367636,0.00500313556961787,0,0,0,0,0,0,0,0,0,0,0,0
10.0613690456813,0.0585671381361339,0.036019089593303,0.012501909748955,0.0234268552544536,0.0144076358373212,0.00500076389958199,0,0,0,0,0,0,0,0,0,0,0,0
10.0713717513052,0.0589280518184722,0.036144111989844,0.0124957712380541,0.0235712207273889,0.0144576447959376,0.00499830849522165,0,0,0,0,0,0,0,0,0,0,0,0
10.0813744569291,0.0592902157524585,0.0362690719382002,0.0124894235105,0.0237160863009834,0.0145076287752801,0.00499576940419998,0,0,0,0,0,0,0,0,0,0,0,0
10.0913771625529,0.0596536293029776,0.0363939673462513,0.0124828666893695,0.023861451721191,0.0145575869385005,0.0049931466757478,0,0,0,0,0,0,0,0,0,0,0,0
10.1013798681768,0.0600182918139934,0.0365187961231277,0.0124761009016482,0.0240073167255974,0.0146075184492511,0.00499044036065926,0,0,0,0,0,0,0,0,0,0,0,0
10.1113825738007,0.0603842026085622,0.0366435561792494,0.0124691262782186,0.0241536810434249,0.0146574224716998,0.00498765051128745,0,0,0,0,0,0,0,0,0,0,0,0
10.1213852794246,0.0607513609888453,0.0367682454263651,0.0124619429538499,0.0243005443955381,0.014707298170546,0.00498477718153998,0,0,0,0,0,0,0,0,0,0,0,0
10.1313879850484,0.0611197662361227,0.036892861777591,0.0124545510671864,0.0244479064944491,0.0147571447110364,0.00498182042687457,0,0,0,0,0,0,0,0,0,0,0,0
10.1413906906723,0.0614894176108069,0.0370174031474493,0.0124469507607368,0.0245957670443227,0.0148069612589797,0.00497878030429471,0,0,0,0,0,0,0,0,0,0,0,0
10.1513933962962,0.061860314352457,0.0371418674519071,0.012439142180863,0.0247441257409828,0.0148567469807628,0.0049756568723452,0,0,0,0,0,0,0,0,0,0,0,0
10.1613961019201,0.0622324556797937,0.0372662526084146,0.0124311254777695,0.0248929822719175,0.0149065010433658,0.0049724501911078,0,0,0,0,0,0,0,0,0,0,0,0
10.1713988075439,0.0626058407907142,0.0373905565359437,0.0124229008054919,0.0250423363162857,0.0149562226143775,0.00496916032219677,0,0,0,0,0,0,0,0,0,0,0,0
10.1814015131678,0.0629804688623075,0.0375147771550262,0.0124144683218864,0.025192187544923,0.0150059108620105,0.00496578732875456,0,0,0,0,0,0,0,0,0,0,0,0
10.1914042187917,0.0633563390508701,0.037638912387792,0.0124058281886184,0.025342535620348,0.0150555649551168,0.00496233127544734,0,0,0,0,0,0,0,0,0,0,0,0
10.2014069244156,0.0637334504919224,0.0377629601580069,0.0123969805711516,0.025493380196769,0.0151051840632028,0.00495879222846063,0,0,0,0,0,0,0,0,0,0,0,0
10.2114096300394,0.0641118023002255,0.037886918391111,0.0123879256387373,0.0256447209200902,0.0151547673564444,0.0049551702554949,0,0,0,0,0,0,0,0,0,0,0,0
10.2214123356633,0.0644913935697973,0.0380107850142561,0.012378663564403,0.0257965574279189,0.0152043140057024,0.00495146542576118,0,0,0,0,0,0,0,0,0,0,0,0
10.2314150412872,0.0648722233739307,0.0381345579563436,0.0123691945249417,0.0259488893495723,0.0152538231825374,0.00494767780997666,0,0,0,0,0,0,0,0,0,0,0,0
10.2414177469111,0.0652542907652107,0.0382582351480622,0.0123595187009007,0.0261017163060843,0.0153032940592249,0.00494380748036026,0,0,0,0,0,0,0,0,0,0,0,0
10.2514204525349,0.0656375947755329,0.038381814521925,0.0123496362765708,0.0262550379102132,0.01535272580877,0.00493985451062829,0,0,0,0,0,0,0,0,0,0,0,0
10.2614231581588,0.0660221344161216,0.0385052940123077,0.0123395474399751,0.0264088537664486,0.0154021176049231,0.00493581897599002,0,0,0,0,0,0,0,0,0,0,0,0
10.2714258637827,0.0664079086775486,0.0386286715554848,0.0123292523828582,0.0265631634710194,0.0154514686221939,0.00493170095314326,0,0,0,0,0,0,0,0,0,0,0,0
10.2814285694066,0.0667949165297527,0.0387519450896676,0.0123187513006751,0.0267179666119011,0.0155007780358671,0.00492750052027002,0,0,0,0,0,0,0,0,0,0,0,0
10.2914312750305,0.0671831569220591,0.0388751125550412,0.0123080443925802,0.0268732627688236,0.0155500450220165,0.00492321775703206,0,0,0,0,0,0,0,0,0,0,0,0
10.3014339806543,0.0675726287831992,0.0389981718938007,0.0122971318614163,0.0270290515132797,0.0155992687575203,0.00491885274456651,0,0,0,0,0,0,0,0,0,0,0,0
10.3114366862782,0.067963331021331,0.0391211210501891,0.0122860139137038,0.0271853324085324,0.0156484484200756,0.0049144055654815,0,0,0,0,0,0,0,0,0,0,0,0
10.3214393919021,0.0683552625240597,0.0392439579705333,0.0122746907596293,0.0273421050096239,0.0156975831882133,0.0049098763038517,0,0,0,0,0,0,0,0,0,0,0,0
10.331442097526,0.068748422158459,0.0393666806032808,0.012263162613035,0.0274993688633836,0.0157466722413123,0.00490526504521399,0,0,0,0,0,0,0,0,0,0,0,0
10.3414448031498,0.0691428087710921,0.0394892868990366,0.0122514296914076,0.0276571235084368,0.0157957147596146,0.00490057187656302,0,0,0,0,0,0,0,0,0,0,0,0
10.3514475087737,0.0695384211880337,0.0396117748105991,0.0122394922158671,0.0278153684752135,0.0158447099242396,0.00489579688634684,0,0,0,0,0,0,0,0,0,0,0,0
10.3614502143976,0.0699352582148921,0.0397341422929967,0.0122273504111562,0.0279741032859568,0.0158936569171987,0.00489094016446246,0,0,0,0,0,0,0,0,0,0,0,0
10.3714529200215,0.0703333186368315,0.0398563873035241,0.0122150045056288,0.0281333274547326,0.0159425549214096,0.0048860018022515,0,0,0,0,0,0,0,0,0,0,0,0
10.3814556256453,0.0707326012185953,0.0399785078017778,0.0122024547312394,0.0282930404874381,0.0159914031207111,0.00488098189249577,0,0,0,0,0,0,0,0,0,0,0,0
10.3914583312692,0.0711331047045287,0.0401005017496928,0.0121897013235322,0.0284532418818115,0.0160402006998771,0.00487588052941287,0,0,0,0,0,0,0,0,0,0,0,0
10.4014610368931,0.0715348278186028,0.0402223671115779,0.0121767445216295,0.0286139311274411,0.0160889468446312,0.0048706978086518,0,0,0,0,0,0,0,0,0,0,0,0
10.411463742517,0.0719377692644381,0.0403441018541516,0.0121635845682214,0.0287751077057753,0.0161376407416606,0.00486543382728855,0,0,0,0,0,0,0,0,0,0,0,0
10.4214664481408,0.0723419277253292,0.0404657039465777,0.0121502217095544,0.0289367710901317,0.0161862815786311,0.00486008868382174,0,0,0,0,0,0,0,0,0,0,0,0
10.4314691537647,0.0727473018642691,0.0405871713605012,0.0121366561954204,0.0290989207457076,0.0162348685442005,0.00485466247816815,0,0,0,0,0,0,0,0,0,0,0,0
10.4414718593886,0.0731538903239743,0.0407085020700829,0.0121228882791461,0.0292615561295897,0.0162834008280332,0.00484915531165842,0,0,0,0,0,0,0,0,0,0,0,0
10.4514745650125,0.0735616917269102,0.0408296940520357,0.0121089182175814,0.0294246766907641,0.0163318776208143,0.00484356728703256,0,0,0,0,0,0,0,0,0,0,0,0
10.4614772706363,0.0739707046753169,0.0409507452856589,0.012094746271089,0.0295882818701267,0.0163802981142635,0.0048378985084356,0,0,0,0,0,0,0,0,0,0,0,0
10.4714799762602,0.0743809277512347,0.0410716537528736,0.012080372703533,0.0297523711004939,0.0164286615011494,0.0048321490814132,0,0,0,0,0,0,0,0,0,0,0,0
10.4814826818841,0.0747923595165314,0.0411924174382581,0.0120657977822681,0.0299169438066125,0.0164769669753033,0.00482631911290722,0,0,0,0,0,0,0,0,0,0,0,0
10.491485387508,0.0752049985129283,0.0413130343290821,0.0120510217781284,0.0300819994051713,0.0165252137316328,0.00482040871125134,0,0,0,0,0,0,0,0,0,0,0,0
10.5014880931318,0.0756188432620275,0.0414335024153418,0.0120360449654167,0.030247537304811,0.0165734009661367,0.00481441798616668,0,0,0,0,0,0,0,0,0,0,0,0
10.5114907987557,0.0760338922653396,0.0415538196897945,0.0120208676218934,0.0304135569061358,0.0166215278759178,0.00480834704875737,0,0,0,0,0,0,0,0,0,0,0,0
10.5214935043796,0.0764501440043111,0.0416739841479929,0.0120054900287654,0.0305800576017244,0.0166695936591972,0.00480219601150616,0,0,0,0,0,0,0,0,0,0,0,0
10.5314962100035,0.0768675969403529,0.0417939937883201,0.0119899124706751,0.0307470387761412,0.016717597515328,0.00479596498827004,0,0,0,0,0,0,0,0,0,0,0,0
10.5414989156274,0.0772862495148686,0.0419138466120232,0.0119741352356896,0.0309144998059474,0.0167655386448093,0.00478965409427583,0,0,0,0,0,0,0,0,0,0,0,0
10.5515016212512,0.0777061001492832,0.042033540623248,0.0119581586152895,0.0310824400597133,0.0168134162492992,0.00478326344611579,0,0,0,0,0,0,0,0,0,0,0,0
10.5615043268751,0.0781271472450725,0.0421530738290729,0.0119419829043581,0.031250858898029,0.0168612295316291,0.00477679316174321,0,0,0,0,0,0,0,0,0,0,0,0
10.571507032499,0.0785493891837923,0.0422724442395428,0.0119256084011701,0.0314197556735169,0.0169089776958171,0.00477024336046802,0,0,0,0,0,0,0,0,0,0,0,0
10.5815097381229,0.0789728243271088,0.0423916498677032,0.011909035407381,0.0315891297308435,0.0169566599470813,0.00476361416295239,0,0,0,0,0,0,0,0,0,0,0,0
10.5915124437467,0.0793974510168283,0.0425106887296338,0.0118922642280158,0.0317589804067313,0.0170042754918535,0.00475690569120633,0,0,0,0,0,0,0,0,0,0,0,0
10.6015151493706,0.0798232675749275,0.0426295588444821,0.0118752951714583,0.031929307029971,0.0170518235377928,0.00475011806858331,0,0,0,0,0,0,0,0,0,0,0,0
10.6115178549945,0.0802502723035853,0.0427482582344972,0.0118581285494396,0.0321001089214341,0.0170993032937989,0.00474325141977584,0,0,0,0,0,0,0,0,0,0,0,0
10.6215205606184,0.0806784634852128,0.0428667849250628,0.0118407646770277,0.0322713853940851,0.0171467139700251,0.00473630587081108,0,0,0,0,0,0,0,0,0,0,0,0
10.6315232662422,0.0811078393824858,0.042985136944731,0.0118232038726161,0.0324431357529943,0.0171940547778924,0.00472928154904645,0,0,0,0,0,0,0,0,0,0,0,0
10.6415259718661,0.0815383982383763,0.0431033123252552,0.0118054464579131,0.0326153592953505,0.0172413249301021,0.00472217858316522,0,0,0,0,0,0,0,0,0,0,0,0
10.65152867749,0.0819701382761843,0.0432213091016232,0.0117874927579303,0.0327880553104737,0.0172885236406493,0.00471499710317214,0,0,0,0,0,0,0,0,0,0,0,0
10.6615313831139,0.082403057699571,0.0433391253120905,0.0117693431009724,0.0329612230798284,0.0173356501248362,0.00470773724038897,0,0,0,0,0,0,0,0,0,0,0,0
10.6715340887377,0.0828371546925911,0.0434567589982127,0.0117509978186255,0.0331348618770364,0.0173827035992851,0.00470039912745019,0,0,0,0,0,0,0,0,0,0,0,0
10.6815367943616,0.0832724274197263,0.0435742082048786,0.0117324572457463,0.0333089709678905,0.0174296832819514,0.00469298289829853,0,0,0,0,0,0,0,0,0,0,0,0
10.6915394999855,0.083708874025919,0.0436914709803429,0.0117137217204514,0.0334835496103676,0.0174765883921372,0.00468548868818056,0,0,0,0,0,0,0,0,0,0,0,0
10.7015422056094,0.0841464926366052,0.0438085453762586,0.011694791584106,0.0336585970546421,0.0175234181505034,0.00467791663364237,0,0,0,0,0,0,0,0,0,0,0,0
10.7115449112332,0.0845852813577499,0.0439254294477093,0.0116756671813127,0.0338341125431,0.0175701717790837,0.00467026687252508,0,0,0,0,0,0,0,0,0,0,0,0
10.7215476168571,0.0850252382758806,0.044042121253242,0.0116563488599013,0.0340100953103523,0.0176168485012968,0.0046625395439605,0,0,0,0,0,0,0,0,0,0,0,0
10.731550322481,0.0854663614581226,0.0441586188548987,0.0116368369709169,0.034186544583249,0.0176634475419595,0.00465473478836674,0,0,0,0,0,0,0,0,0,0,0,0
10.7415530281049,0.085908648952234,0.0442749203182492,0.0116171318686094,0.0343634595808936,0.0177099681272997,0.00464685274744377,0,0,0,0,0,0,0,0,0,0,0,0
10.7515557337288,0.086352098786641,0.0443910237124224,0.0115972339104226,0.0345408395146564,0.017756409484969,0.00463889356416903,0,0,0,0,0,0,0,0,0,0,0,0
10.7615584393526,0.0867967089704741,0.0445069271101388,0.0115771434569827,0.0347186835881896,0.0178027708440555,0.00463085738279308,0,0,0,0,0,0,0,0,0,0,0,0
10.7715611449765,0.0872424774936035,0.0446226285877417,0.0115568608720879,0.0348969909974414,0.0178490514350967,0.00462274434883515,0,0,0,0,0,0,0,0,0,0,0,0
10.7815638506004,0.0876894023266762,0.0447381262252297,0.0115363865226969,0.0350757609306705,0.0178952504900919,0.00461455460907875,0,0,0,0,0,0,0,0,0,0,0,0
10.7915665562243,0.0881374814211523,0.0448534181062871,0.0115157207789183,0.0352549925684609,0.0179413672425148,0.00460628831156731,0,0,0,0,0,0,0,0,0,0,0,0
10.8015692618481,0.0885867127093421,0.0449685023183164,0.0114948640139994,0.0354346850837368,0.0179874009273266,0.00459794560559973,0,0,0,0,0,0,0,0,0,0,0,0
10.811571967472,0.0890370941044434,0.0450833769524693,0.0114738166043151,0.0356148376417773,0.0180333507809877,0.00458952664172604,0,0,0,0,0,0,0,0,0,0,0,0
10.8215746730959,0.0894886235005794,0.0451980401036775,0.0114525789293574,0.0357954494002317,0.018079216041471,0.00458103157174293,0,0,0,0,0,0,0,0,0,0,0,0
10.8315773787198,0.0899412987728363,0.0453124898706846,0.0114311513717236,0.0359765195091345,0.0181249959482738,0.00457246054868943,0,0,0,0,0,0,0,0,0,0,0,0
10.8415800843436,0.0903951177773021,0.0454267243560763,0.0114095343171062,0.0361580471109208,0.0181706897424305,0.00456381372684245,0,0,0,0,0,0,0,0,0,0,0,0
10.8515827899675,0.0908500783511044,0.045540741666312,0.0113877281542811,0.0363400313404418,0.0182162966665248,0.00455509126171242,0,0,0,0,0,0,0,0,0,0,0,0
10.8615854955914,0.0913061783124502,0.0456545399117552,0.0113657332750973,0.0365224713249801,0.0182618159647021,0.00454629331003889,0,0,0,0,0,0,0,0,0,0,0,0
10.8715882012153,0.0917634154606646,0.0457681172067043,0.0113435500744653,0.0367053661842659,0.0183072468826817,0.0045374200297861,0,0,0,0,0,0,0,0,0,0,0,0
10.8815909068391,0.0922217875762302,0.0458814716694229,0.0113211789503466,0.0368887150304921,0.0183525886677692,0.00452847158013862,0,0,0,0,0,0,0,0,0,0,0,0
10.891593612463,0.0926812924208272,0.045994601422171,0.0112986203037424,0.0370725169683309,0.0183978405688684,0.00451944812149693,0,0,0,0,0,0,0,0,0,0,0,0
10.9015963180869,0.0931419277373734,0.0461075045912342,0.0112758745386827,0.0372567710949494,0.0184430018364937,0.00451034981547306,0,0,0,0,0,0,0,0,0,0,0,0
10.9115990237108,0.0936036912500648,0.0462201793069553,0.0112529420622153,0.0374414765000259,0.0184880717227821,0.00450117682488612,0,0,0,0,0,0,0,0,0,0,0,0
10.9216017293346,0.0940665806644161,0.0463326237037631,0.0112298232843949,0.0376266322657664,0.0185330494815052,0.00449192931375796,0,0,0,0,0,0,0,0,0,0,0,0
10.9316044349585,0.0945305936673015,0.0464448359202035,0.011206518618272,0.0378122374669206,0.0185779343680814,0.00448260744730879,0,0,0,0,0,0,0,0,0,0,0,0
10.9416071405824,0.0949957279269969,0.0465568140989687,0.0111830284798818,0.0379982911707988,0.0186227256395875,0.0044732113919527,0,0,0,0,0,0,0,0,0,0,0,0
10.9516098462063,0.0954619810932206,0.0466685563869275,0.0111593532882334,0.0381847924372882,0.018667422554771,0.00446374131529334,0,0,0,0,0,0,0,0,0,0,0,0
10.9616125518301,0.0959293507971757,0.0467800609351543,0.0111354934652988,0.0383717403188703,0.0187120243740617,0.0044541973861195,0,0,0,0,0,0,0,0,0,0,0,0
10.971615257454,0.096397834651592,0.0468913258989598,0.0111114494360018,0.0385591338606368,0.0187565303595839,0.00444457977440069,0,0,0,0,0,0,0,0,0,0,0,0
10.9816179630779,0.096867430250769,0.0470023494379191,0.011087221628207,0.0387469721003076,0.0188009397751676,0.00443488865128279,0,0,0,0,0,0,0,0,0,0,0,0
10.9916206687018,0.0973381351706184,0.0471131297159023,0.011062810472709,0.0389352540682474,0.0188452518863609,0.00442512418908358,0,0,0,0,0,0,0,0,0,0,0,0
11.0016233743257,0.0978099469687069,0.047223664901103,0.011038216403221,0.0391239787874828,0.0188894659604412,0.00441528656128841,0,0,0,0,0,0,0,0,0,0,0,0
11.0116260799495,0.0982828631843003,0.0473339531660676,0.0110134398563645,0.0393131452737201,0.018933581266427,0.00440537594254579,0,0,0,0,0,0,0,0,0,0,0,0
11.0216287855734,0.0987568813384067,0.0474439926877246,0.0109884812716574,0.0395027525353627,0.0189775970750898,0.00439539250866295,0,0,0,0,0,0,0,0,0,0,0,0
11.0316314911973,0.0992319989338206,0.0475537816474131,0.0109633410915038,0.0396927995735282,0.0190215126589652,0.0043853364366015,0,0,0,0,0,0,0,0,0,0,0,0
11.0416341968212,0.099708213455167,0.047663318230912,0.0109380197611825,0.0398832853820668,0.0190653272923648,0.00437520790447299,0,0,0,0,0,0,0,0,0,0,0,0
11.051636902445,0.100185522368946,0.0477726006284682,0.0109125177288364,0.0400742089475785,0.0191090402513873,0.00436500709153453,0,0,0,0,0,0,0,0,0,0,0,0
11.0616396080689,0.100663923123579,0.0478816270348261,0.010886835445461,0.0402655692494315,0.0191526508139304,0.00435473417818441,0,0,0,0,0,0,0,0,0,0,0,0
11.0716423136928,0.10114341314945,0.0479903956492549,0.0108609733648941,0.04045736525978,0.0191961582597019,0.00434438934595763,0,0,0,0,0,0,0,0,0,0,0,0
11.0816450193167,0.101623989858956,0.0480989046755778,0.010834931943804,0.0406495959435824,0.0192395618702311,0.0043339727775216,0,0,0,0,0,0,0,0,0,0,0,0
11.0916477249405,0.102105650646549,0.0482071523222003,0.0108087116416793,0.0408422602586198,0.0192828609288801,0.0043234846566717,0,0,0,0,0,0,0,0,0,0,0,0
11.1016504305644,0.102588392888785,0.0483151368021377,0.0107823129208172,0.0410353571555138,0.0193260547208551,0.00431292516832687,0,0,0,0,0,0,0,0,0,0,0,0
11.1116531361883,0.103072213944365,0.0484228563330436,0.010755736246313,0.0412288855777459,0.0193691425332174,0.00430229449852519,0,0,0,0,0,0,0,0,0,0,0,0
11.1216558418122,0.103557111154188,0.048530309137238,0.0107289820860489,0.0414228444616751,0.0194121236548952,0.00429159283441956,0,0,0,0,0,0,0,0,0,0,0,0
11.131658547436,0.104043081841394,0.0486374934417345,0.0107020509106831,0.0416172327365576,0.0194549973766938,0.00428082036427325,0,0,0,0,0,0,0,0,0,0,0,0
11.1416612530599,0.104530123311412,0.0487444074782687,0.0106749431936387,0.0418120493245648,0.0194977629913075,0.00426997727745548,0,0,0,0,0,0,0,0,0,0,0,0
11.1516639586838,0.105018232852007,0.0488510494833255,0.0106476594110927,0.0420072931408029,0.0195404197933302,0.00425906376443708,0,0,0,0,0,0,0,0,0,0,0,0
11.1616666643077,0.105507407733329,0.0489574176981664,0.0106202000419652,0.0422029630933315,0.0195829670792665,0.00424808001678607,0,0,0,0,0,0,0,0,0,0,0,0
11.1716693699315,0.105997645207958,0.0490635103688571,0.0105925655679081,0.0423990580831831,0.0196254041475428,0.00423702622716323,0,0,0,0,0,0,0,0,0,0,0,0
11.1816720755554,0.106488942510955,0.0491693257462949,0.0105647564732944,0.0425955770043818,0.0196677302985179,0.00422590258931774,0,0,0,0,0,0,0,0,0,0,0,0
11.1916747811793,0.10698129685991,0.0492748620862355,0.010536773245207,0.0427925187439639,0.0197099448344942,0.0042147092980828,0,0,0,0,0,0,0,0,0,0,0,0
11.2016774868032,0.107474705454989,0.0493801176493203,0.0105086163734279,0.0429898821819958,0.0197520470597281,0.00420344654937116,0,0,0,0,0,0,0,0,0,0,0,0
11.211680192427,0.107969165478987,0.0494850907011035,0.010480286350427,0.0431876661915948,0.0197940362804414,0.00419211454017079,0,0,0,0,0,0,0,0,0,0,0,0
11.2216828980509,0.108464674097371,0.0495897795120785,0.0104517836713512,0.0433858696389485,0.0198359118048314,0.00418071346854045,0,0,0,0,0,0,0,0,0,0,0,0
11.2316856036748,0.108961228458335,0.049694182357705,0.0104231088340133,0.0435844913833341,0.019877672943082,0.00416924353360533,0,0,0,0,0,0,0,0,0,0,0,0
11.2416883092987,0.109458825692848,0.0497982975184353,0.0103942623388815,0.0437835302771393,0.0199193190073741,0.00415770493555258,0,0,0,0,0,0,0,0,0,0,0,0
11.2516910149226,0.109957462914703,0.0499021232797411,0.0103652446890675,0.0439829851658813,0.0199608493118964,0.00414609787562701,0,0,0,0,0,0,0,0,0,0,0,0
11.2616937205464,0.110457137220569,0.0500056579321397,0.0103360563903165,0.0441828548882277,0.0200022631728559,0.00413442255612658,0,0,0,0,0,0,0,0,0,0,0,0
11.2716964261703,0.110957845690041,0.0501088997712204,0.0103066979509953,0.0443831382760164,0.0200435599084881,0.00412267918039811,0,0,0,0,0,0,0,0,0,0,0,0
11.2816991317942,0.11145958538569,0.0502118470976705,0.010277169882082,0.044583834154276,0.0200847388390682,0.0041108679528328,0,0,0,0,0,0,0,0,0,0,0,0
11.2917018374181,0.111962353353115,0.0503144982173016,0.0102474726971548,0.0447849413412462,0.0201257992869206,0.00409898907886191,0,0,0,0,0,0,0,0,0,0,0,0
11.3017045430419,0.112466146620996,0.0504168514410754,0.0102176069123807,0.0449864586483984,0.0201667405764301,0.00408704276495226,0,0,0,0,0,0,0,0,0,0,0,0
11.3117072486658,0.112970962201141,0.0505189050851294,0.0101875730465049,0.0451883848804564,0.0202075620340518,0.00407502921860194,0,0,0,0,0,0,0,0,0,0,0,0
11.3217099542897,0.113476797088543,0.0506206574708031,0.0101573716208397,0.0453907188354173,0.0202482629883213,0.00406294864833585,0,0,0,0,0,0,0,0,0,0,0,0
11.3317126599136,0.11398364826143,0.0507221069246632,0.0101270031592533,0.0455934593045719,0.0202888427698653,0.00405080126370131,0,0,0,0,0,0,0,0,0,0,0,0
11.3417153655374,0.114491512681315,0.0508232517785292,0.0100964681881592,0.045796605072526,0.0203293007114117,0.00403858727526367,0,0,0,0,0,0,0,0,0,0,0,0
11.3517180711613,0.115000387293054,0.0509240903694987,0.0100657672365048,0.0460001549172216,0.0203696361477995,0.00402630689460191,0,0,0,0,0,0,0,0,0,0,0,0
11.3617207767852,0.115510269024895,0.0510246210399731,0.0100349008357607,0.0462041076099578,0.0204098484159892,0.00401396033430427,0,0,0,0,0,0,0,0,0,0,0,0
11.3717234824091,0.11602115478853,0.0511248421376825,0.0100038695199095,0.0464084619154122,0.020449936855073,0.00400154780796378,0,0,0,0,0,0,0,0,0,0,0,0
11.3817261880329,0.116533041479155,0.0512247520157105,0.0099726738254349,0.046613216591662,0.0204899008062842,0.00398906953017395,0,0,0,0,0,0,0,0,0,0,0,0
11.3917288936568,0.117045925975515,0.0513243490325198,0.00994131429131081,0.0468183703902061,0.0205297396130079,0.00397652571652431,0,0,0,0,0,0,0,0,0,0,0,0
11.4017315992807,0.117559805139965,0.0514236315519765,0.00990979145899015,0.047023922055986,0.0205694526207906,0.00396391658359605,0,0,0,0,0,0,0,0,0,0,0,0
11.4117343049046,0.11807467581852,0.0515225979433751,0.00987810587239397,0.0472298703274078,0.02060903917735,0.00395124234895758,0,0,0,0,0,0,0,0,0,0,0,0
11.4217370105284,0.11859053484091,0.051621246581463,0.00984625807790048,0.047436213936364,0.0206484986325852,0.00393850323116019,0,0,0,0,0,0,0,0,0,0,0,0
11.4317397161523,0.119107379020638,0.0517195758464653,0.00981424862433399,0.0476429516082551,0.0206878303385861,0.00392569944973358,0,0,0,0,0,0,0,0,0,0,0,0
11.4417424217762,0.11962520515503,0.0518175841241089,0.00978207806295396,0.0478500820620119,0.0207270336496435,0.00391283122518157,0,0,0,0,0,0,0,0,0,0,0,0
11.4517451274001,0.120144010025294,0.0519152698056468,0.00974974694744392,0.0480576040101174,0.0207661079222587,0.00389989877897756,0,0,0,0,0,0,0,0,0,0,0,0
11.461747833024,0.120663790396572,0.0520126312878827,0.00971725583390069,0.048265516158629,0.020805052515153,0.00388690233356027,0,0,0,0,0,0,0,0,0,0,0,0
11.4717505386478,0.121184543018001,0.0521096669731944,0.00968460528082311,0.0484738172072005,0.0208438667892778,0.00387384211232924,0,0,0,0,0,0,0,0,0,0,0,0
11.4817532442717,0.121706264622762,0.0522063752695586,0.00965179584910123,0.0486825058491049,0.0208825501078234,0.00386071833964049,0,0,0,0,0,0,0,0,0,0,0,0
11.4917559498956,0.122228951928141,0.0523027545905741,0.00961882810200532,0.0488915807712566,0.0209211018362296,0.00384753124080211,0,0,0,0,0,0,0,0,0,0,0,0
11.5017586555195,0.122752601635585,0.0523988033554857,0.00958570260517468,0.0491010406542338,0.0209595213421943,0.00383428104206985,0,0,0,0,0,0,0,0,0,0,0,0
11.5117613611433,0.123277210430754,0.0524945199892081,0.0095524199266069,0.0493108841723015,0.0209978079956832,0.00382096797064275,0,0,0,0,0,0,0,0,0,0,0,0
11.5217640667672,0.123802774983585,0.0525899029223492,0.00951898063664677,0.049521109993434,0.0210359611689397,0.00380759225465869,0,0,0,0,0,0,0,0,0,0,0,0
11.5317667723911,0.124329291948344,0.0526849505912336,0.00948538530797517,0.0497317167793377,0.0210739802364934,0.00379415412319006,0,0,0,0,0,0,0,0,0,0,0,0
11.541769478015,0.124856757963685,0.0527796614379258,0.00945163451559828,0.0499427031854741,0.0211118645751703,0.0037806538062393,0,0,0,0,0,0,0,0,0,0,0,0
11.5517721836388,0.125385169652707,0.0528740339102537,0.00941772883683638,0.0501540678610827,0.0211496135641015,0.00376709153473454,0,0,0,0,0,0,0,0,0,0,0,0
11.5617748892627,0.125914523623011,0.0529680664618313,0.00938366885131307,0.0503658094492044,0.0211872265847325,0.00375346754052522,0,0,0,0,0,0,0,0,0,0,0,0
11.5717775948866,0.126444816466761,0.0530617575520819,0.00934945514094407,0.0505779265867044,0.0212247030208327,0.00373978205637761,0,0,0,0,0,0,0,0,0,0,0,0
11.5817803005105,0.126976044760739,0.0531551056462611,0.00931508828992636,0.0507904179042955,0.0212620422585044,0.00372603531597053,0,0,0,0,0,0,0,0,0,0,0,0
11.5917830061343,0.127508205066404,0.0532481092154792,0.00928056888472716,0.0510032820265617,0.0212992436861917,0.00371222755389085,0,0,0,0,0,0,0,0,0,0,0,0
11.6017857117582,0.128041293929954,0.0533407667367243,0.00924589751407292,0.0512165175719814,0.0213363066946897,0.00369835900562915,0,0,0,0,0,0,0,0,0,0,0,0
11.6117884173821,0.128575307882378,0.0534330766928844,0.00921107476893827,0.0514301231529513,0.0213732306771537,0.00368442990757529,0,0,0,0,0,0,0,0,0,0,0,0
11.621791123006,0.129110243439524,0.0535250375727702,0.00917610124253516,0.0516440973758098,0.0214100150291081,0.00367044049701405,0,0,0,0,0,0,0,0,0,0,0,0
11.6317938286298,0.129646097102151,0.0536166478711372,0.00914097753030177,0.0518584388408605,0.0214466591484549,0.00365639101212069,0,0,0,0,0,0,0,0,0,0,0,0
11.6417965342537,0.130182865355992,0.053707906088708,0.00910570422989154,0.0520731461423966,0.0214831624354832,0.0036422816919566,0,0,0,0,0,0,0,0,0,0,0,0
11.6517992398776,0.130720544671812,0.0537988107321943,0.00907028194116214,0.0522882178687246,0.0215195242928777,0.00362811277646484,0,0,0,0,0,0,0,0,0,0,0,0
11.6618019455015,0.13125913150547,0.053889360314319,0.00903471126616455,0.0525036526021881,0.0215557441257276,0.00361388450646581,0,0,0,0,0,0,0,0,0,0,0,0
11.6718046511254,0.13179862229798,0.0539795533538383,0.008998992809132,0.0527194489191921,0.0215918213415353,0.00359959712365278,0,0,0,0,0,0,0,0,0,0,0,0
11.6818073567492,0.132339013475568,0.0540693883755629,0.00896312717646901,0.052935605390227,0.0216277553502251,0.0035852508705876,0,0,0,0,0,0,0,0,0,0,0,0
11.6918100623731,0.132880301449733,0.0541588639103801,0.00892711497674041,0.0531521205798933,0.021663545564152,0.00357084599069615,0,0,0,0,0,0,0,0,0,0,0,0
11.701812767997,0.133422482617313,0.0542479784952755,0.0088909568206603,0.0533689930469253,0.0216991913981102,0.00355638272826411,0,0,0,0,0,0,0,0,0,0,0,0
11.7118154736209,0.13396555336054,0.0543367306733538,0.00885465332108111,0.053586221344216,0.0217346922693415,0.00354186132843243,0,0,0,0,0,0,0,0,0,0,0,0
11.7218181792447,0.134509510047105,0.0544251189938608,0.00881820509298249,0.0538038040188418,0.0217700475975443,0.00352728203719299,0,0,0,0,0,0,0,0,0,0,0,0
11.7318208848686,0.135054349030216,0.0545131420122043,0.00878161275346054,0.0540217396120865,0.0218052568048817,0.00351264510138421,0,0,0,0,0,0,0,0,0,0,0,0
11.7418235904925,0.135600066648666,0.0546007982899753,0.00874487692171659,0.0542400266594663,0.0218403193159901,0.00349795076868661,0,0,0,0,0,0,0,0,0,0,0,0
11.7518262961164,0.136146659226887,0.0546880863949688,0.00870799821904625,0.0544586636907549,0.0218752345579875,0.0034831992876185,0,0,0,0,0,0,0,0,0,0,0,0
11.7618290017402,0.13669412307502,0.054775004901205,0.00867097726882862,0.0546776492300079,0.021910001960482,0.00346839090753143,0,0,0,0,0,0,0,0,0,0,0,0
11.7718317073641,0.13724245448897,0.05486155238895,0.00863381469651499,0.054896981795588,0.02194462095558,0.00345352587860598,0,0,0,0,0,0,0,0,0,0,0,0
11.781834412988,0.137791649750475,0.0549477274447363,0.00859651112961803,0.0551166599001898,0.0219790909778945,0.0034386044518472,0,0,0,0,0,0,0,0,0,0,0,0
11.7918371186119,0.138341705127163,0.0550335286613836,0.0085590671977008,0.0553366820508652,0.0220134114645534,0.00342362687908031,0,0,0,0,0,0,0,0,0,0,0,0
11.8018398242357,0.138892616872621,0.0551189546380192,0.00852148353236572,0.0555570467490485,0.0220475818552076,0.00340859341294627,0,0,0,0,0,0,0,0,0,0,0,0
11.8118425298596,0.139444381226454,0.0552040039800979,0.0084837607672435,0.0557777524905815,0.0220816015920392,0.00339350430689737,0,0,0,0,0,0,0,0,0,0,0,0
11.8218452354835,0.139996994414348,0.0552886752994232,0.00844589953798225,0.0559987977657393,0.0221154701197693,0.00337835981519288,0,0,0,0,0,0,0,0,0,0,0,0
11.8318479411074,0.140550452648137,0.0553729672141663,0.00840790048223653,0.056220181059255,0.0221491868856665,0.0033631601928946,0,0,0,0,0,0,0,0,0,0,0,0
11.8418506467312,0.141104752125865,0.0554568783488871,0.00836976423965617,0.056441900850346,0.0221827513395548,0.00334790569586245,0,0,0,0,0,0,0,0,0,0,0,0
11.8518533523551,0.141659889031848,0.0555404073345534,0.00833149145187546,0.0566639556127392,0.0222161629338213,0.00333259658075017,0,0,0,0,0,0,0,0,0,0,0,0
11.861856057979,0.142215859536742,0.0556235528085609,0.00829308276250207,0.0568863438146966,0.0222494211234243,0.00331723310500081,0,0,0,0,0,0,0,0,0,0,0,0
11.8718587636029,0.142772659797604,0.0557063134147532,0.00825453881710603,0.0571090639190415,0.0222825253659013,0.00330181552684239,0,0,0,0,0,0,0,0,0,0,0,0
11.8818614692267,0.143330285957959,0.055788687803441,0.00821586026320882,0.0573321143831837,0.0223154751213764,0.00328634410528351,0,0,0,0,0,0,0,0,0,0,0,0
11.8918641748506,0.143888734147865,0.0558706746314216,0.00817704775027231,0.0575554936591459,0.0223482698525686,0.00327081910010891,0,0,0,0,0,0,0,0,0,0,0,0
11.9018668804745,0.144448000483974,0.0559522725619984,0.0081381019296878,0.0577792001935896,0.0223809090247994,0.0032552407718751,0,0,0,0,0,0,0,0,0,0,0,0
11.9118695860984,0.145008081069603,0.0560334802650002,0.00809902345476501,0.058003232427841,0.0224133921060001,0.00323960938190598,0,0,0,0,0,0,0,0,0,0,0,0
11.9218722917223,0.145568971994794,0.0561142964167999,0.00805981298072109,0.0582275887979174,0.0224457185667199,0.00322392519228842,0,0,0,0,0,0,0,0,0,0,0,0
11.9318749973461,0.146130669336383,0.0561947197003341,0.00802047116466963,0.0584522677345532,0.0224778878801336,0.00320818846586784,0,0,0,0,0,0,0,0,0,0,0,0
11.94187770297,0.146693169158066,0.0562747488051218,0.00798099866560961,0.0586772676632262,0.0225098995220487,0.00319239946624384,0,0,0,0,0,0,0,0,0,0,0,0
11.9518804085939,0.147256467510461,0.0563543824272828,0.0079413961444146,0.0589025870041842,0.0225417529709131,0.00317655845776583,0,0,0,0,0,0,0,0,0,0,0,0
11.9618831142178,0.147820560431178,0.0564336192695572,0.00790166426382146,0.0591282241724713,0.0225734477078229,0.00316066570552858,0,0,0,0,0,0,0,0,0,0,0,0
11.9718858198416,0.148385443944886,0.0565124580413233,0.00786180368841964,0.0593541775779543,0.0226049832165293,0.00314472147536783,0,0,0,0,0,0,0,0,0,0,0,0
11.9818885254655,0.148951114063374,0.0565908974586162,0.00782181508463991,0.0595804456253495,0.0226363589834465,0.00312872603385595,0,0,0,0,0,0,0,0,0,0,0,0
11.9918912310894,0.149517566785624,0.0566689362441466,0.00778169912074368,0.0598070267142494,0.0226675744976586,0.00311267964829746,0,0,0,0,0,0,0,0,0,0,0,0
12.0018939367133,0.150084798097873,0.0567465731273184,0.00774145646681176,0.0600339192391491,0.0226986292509273,0.00309658258672468,0,0,0,0,0,0,0,0,0,0,0,0
12.0118966423371,0.150652803973684,0.0568238068442474,0.00770108779473343,0.0602611215894737,0.0227295227376989,0.00308043511789334,0,0,0,0,0,0,0,0,0,0,0,0
12.021899347961,0.151221580374011,0.056900636137779,0.00766059377819545,0.0604886321496045,0.0227602544551116,0.00306423751127816,0,0,0,0,0,0,0,0,0,0,0,0
12.0319020535849,0.151791123247267,0.0569770597575062,0.00761997509267117,0.0607164492989066,0.0227908239030025,0.00304799003706844,0,0,0,0,0,0,0,0,0,0,0,0
12.0419047592088,0.152361428529389,0.0570530764597876,0.00757923241540933,0.0609445714117555,0.022821230583915,0.00303169296616372,0,0,0,0,0,0,0,0,0,0,0,0
12.0519074648326,0.152932492143911,0.057128685007765,0.00753836642542329,0.0611729968575644,0.0228514740031059,0.0030153465701693,0,0,0,0,0,0,0,0,0,0,0,0
12.0619101704565,0.153504310002028,0.0572038841713805,0.00749737780347983,0.0614017240008112,0.0228815536685522,0.00299895112139191,0,0,0,0,0,0,0,0,0,0,0,0
12.0719128760804,0.154076878002665,0.057278672727395,0.0074562672320883,0.061630751201066,0.022911469090958,0.00298250689283531,0,0,0,0,0,0,0,0,0,0,0,0
12.0819155817043,0.154650192032546,0.0573530494594047,0.00741503539548954,0.0618600768130184,0.0229412197837619,0.00296601415819581,0,0,0,0,0,0,0,0,0,0,0,0
12.0919182873281,0.155224247966261,0.0574270131578586,0.00737368297964506,0.0620896991865045,0.0229708052631434,0.00294947319185801,0,0,0,0,0,0,0,0,0,0,0,0
12.101920992952,0.155799041666337,0.0575005626200761,0.00733221067222572,0.0623196166665349,0.0230002250480304,0.00293288426889026,0,0,0,0,0,0,0,0,0,0,0,0
12.1119236985759,0.156374568983304,0.0575736966502633,0.00729061916260102,0.0625498275933217,0.0230294786601053,0.00291624766504039,0,0,0,0,0,0,0,0,0,0,0,0
12.1219264041998,0.156950825755766,0.0576464140595304,0.00724890914182804,0.0627803303023065,0.0230585656238122,0.0028995636567312,0,0,0,0,0,0,0,0,0,0,0,0
12.1319291098237,0.15752780781047,0.0577187136659087,0.00720708130264041,0.0630111231241878,0.0230874854663635,0.00288283252105614,0,0,0,0,0,0,0,0,0,0,0,0
12.1419318154475,0.158105510962372,0.0577905942943665,0.00716513633943724,0.0632422043849489,0.0231162377177466,0.00286605453577488,0,0,0,0,0,0,0,0,0,0,0,0
12.1519345210714,0.158683931014714,0.0578620547768269,0.00712307494827231,0.0634735724058856,0.0231448219107308,0.00284922997930891,0,0,0,0,0,0,0,0,0,0,0,0
12.1619372266953,0.159263063759085,0.0579330939521832,0.00708089782684296,0.0637052255036339,0.0231732375808733,0.00283235913073717,0,0,0,0,0,0,0,0,0,0,0,0
12.1719399323192,0.159842904975496,0.0580037106663159,0.00703860567447909,0.0639371619901985,0.0232014842665263,0.00281544226979162,0,0,0,0,0,0,0,0,0,0,0,0
12.181942637943,0.160423450432449,0.0580739037721087,0.00699619919213221,0.0641693801729798,0.0232295615088434,0.00279847967685287,0,0,0,0,0,0,0,0,0,0,0,0
12.1919453435669,0.161004695887008,0.0581436721294649,0.00695367908236439,0.064401878354803,0.0232574688517859,0.00278147163294574,0,0,0,0,0,0,0,0,0,0,0,0
12.2019480491908,0.161586637084864,0.0582130146053234,0.00691104604933735,0.0646346548339456,0.0232852058421293,0.00276441841973492,0,0,0,0,0,0,0,0,0,0,0,0
12.2119507548147,0.162169269760414,0.0582819300736744,0.00686830079880142,0.0648677079041657,0.0233127720294697,0.00274732031952055,0,0,0,0,0,0,0,0,0,0,0,0
12.2219534604385,0.162752589636826,0.0583504174155753,0.00682544403808447,0.0651010358547302,0.0233401669662301,0.00273017761523376,0,0,0,0,0,0,0,0,0,0,0,0
12.2319561660624,0.163336592426109,0.058418475519167,0.00678247647608107,0.0653346369704434,0.0233673902076668,0.00271299059043243,0,0,0,0,0,0,0,0,0,0,0,0
12.2419588716863,0.163921273829187,0.0584861032796886,0.00673939882324145,0.065568509531675,0.0233944413118754,0.00269575952929656,0,0,0,0,0,0,0,0,0,0,0,0
12.2519615773102,0.164506629535972,0.0585532995994936,0.00669621179156034,0.0658026518143886,0.0234213198397974,0.00267848471662413,0,0,0,0,0,0,0,0,0,0,0,0
12.261964282934,0.165092655225426,0.0586200633880649,0.00665291609456623,0.0660370620901706,0.023448025355226,0.00266116643782647,0,0,0,0,0,0,0,0,0,0,0,0
12.2719669885579,0.165679346565645,0.0586863935620305,0.00660951244731023,0.0662717386262581,0.0234745574248122,0.00264380497892407,0,0,0,0,0,0,0,0,0,0,0,0
12.2819696941818,0.16626669921392,0.058752289045178,0.00656600156635505,0.066506679685568,0.0235009156180712,0.00262640062654199,0,0,0,0,0,0,0,0,0,0,0,0
12.2919723998057,0.166854708816814,0.0588177487684705,0.00652238416976406,0.0667418835267257,0.0235270995073882,0.00260895366790561,0,0,0,0,0,0,0,0,0,0,0,0
12.3019751054295,0.167443371010233,0.0588827716700608,0.00647866097709038,0.0669773484040933,0.0235531086680243,0.00259146439083614,0,0,0,0,0,0,0,0,0,0,0,0
12.3119778110534,0.168032681419498,0.0589473566953068,0.00643483270936576,0.0672130725677991,0.0235789426781227,0.00257393308374629,0,0,0,0,0,0,0,0,0,0,0,0
12.3219805166773,0.168622635659415,0.059011502796786,0.00639090008908963,0.067449054263766,0.0236046011187144,0.00255636003563583,0,0,0,0,0,0,0,0,0,0,0,0
12.3319832223012,0.169213229334351,0.0590752089343101,0.00634686384021804,0.0676852917337405,0.023630083573724,0.00253874553608719,0,0,0,0,0,0,0,0,0,0,0,0
12.341985927925,0.169804458038304,0.0591384740749394,0.00630272468815278,0.0679217832153218,0.0236553896299758,0.00252108987526109,0,0,0,0,0,0,0,0,0,0,0,0
12.3519886335489,0.170396317354977,0.0592012971929978,0.00625848335973038,0.0681585269419907,0.0236805188771991,0.00250339334389213,0,0,0,0,0,0,0,0,0,0,0,0
12.3619913391728,0.170988802857847,0.0592636772700861,0.00621414058321098,0.0683955211431388,0.0237054709080344,0.00248565623328438,0,0,0,0,0,0,0,0,0,0,0,0
12.3719940447967,0.171581910110244,0.0593256132950971,0.0061696970882675,0.0686327640440976,0.0237302453180388,0.00246787883530698,0,0,0,0,0,0,0,0,0,0,0,0
12.3819967504206,0.172175634665419,0.0593871042642295,0.00612515360597455,0.0688702538661675,0.0237548417056917,0.00245006144238979,0,0,0,0,0,0,0,0,0,0,0,0
12.3919994560444,0.172769972066619,0.0594481491810011,0.00608051086879744,0.0691079888266475,0.0237792596724004,0.00243220434751895,0,0,0,0,0,0,0,0,0,0,0,0
12.4020021616683,0.17336491784716,0.0595087470562637,0.00603576961058123,0.0693459671388641,0.0238034988225054,0.00241430784423247,0,0,0,0,0,0,0,0,0,0,0,0
12.4120048672922,0.173960467530502,0.0595688969082163,0.00599093056653967,0.0695841870122008,0.0238275587632865,0.00239637222661586,0,0,0,0,0,0,0,0,0,0,0,0
12.4220075729161,0.174556616630319,0.0596285977624188,0.00594599447324439,0.0698226466521276,0.0238514391049675,0.00237839778929774,0,0,0,0,0,0,0,0,0,0,0,0
12.4320102785399,0.175153360650577,0.0596878486518057,0.00590096206861357,0.0700613442602306,0.0238751394607222,0.00236038482744542,0,0,0,0,0,0,0,0,0,0,0,0
12.4420129841638,0.175750695085603,0.0597466486166989,0.00585583409190128,0.0703002780342411,0.0238986594466795,0.00234233363676049,0,0,0,0,0,0,0,0,0,0,0,0
12.4520156897877,0.176348615420164,0.059804996704822,0.00581061128368622,0.0705394461680657,0.0239219986819288,0.00232424451347447,0,0,0,0,0,0,0,0,0,0,0,0
12.4620183954116,0.176947117129539,0.0598628919713128,0.00576529438586103,0.0707788468518155,0.0239451567885251,0.00230611775434439,0,0,0,0,0,0,0,0,0,0,0,0
12.4720211010354,0.17754619567959,0.0599203334787365,0.00571988414162095,0.071018478271836,0.0239681333914946,0.00228795365664836,0,0,0,0,0,0,0,0,0,0,0,0
12.4820238066593,0.178145846526842,0.0599773202970987,0.0056743812954531,0.0712583386107369,0.0239909281188395,0.00226975251818122,0,0,0,0,0,0,0,0,0,0,0,0
12.4920265122832,0.178746065118555,0.0600338515038584,0.00562878659312531,0.0714984260474218,0.0240135406015433,0.00225151463725011,0,0,0,0,0,0,0,0,0,0,0,0
12.5020292179071,0.179346846892795,0.0600899261839407,0.00558310078167531,0.0717387387571181,0.0240359704735762,0.0022332403126701,0,0,0,0,0,0,0,0,0,0,0,0
12.5120319235309,0.179948187278517,0.0601455434297491,0.00553732460939949,0.0719792749114068,0.0240582173718996,0.00221492984375977,0,0,0,0,0,0,0,0,0,0,0,0
12.5220346291548,0.180550081695631,0.0602007023411787,0.00549145882584211,0.0722200326782526,0.0240802809364715,0.00219658353033682,0,0,0,0,0,0,0,0,0,0,0,0
12.5320373347787,0.181152525555084,0.0602554020256282,0.0054455041817842,0.0724610102220337,0.0241021608102513,0.00217820167271367,0,0,0,0,0,0,0,0,0,0,0,0
12.5420400404026,0.18175551425893,0.0603096415980121,0.00539946142923272,0.072702205703572,0.0241238566392048,0.00215978457169306,0,0,0,0,0,0,0,0,0,0,0,0
12.5520427460264,0.182359043200408,0.0603634201807732,0.00535333132140921,0.0729436172801633,0.0241453680723093,0.00214133252856367,0,0,0,0,0,0,0,0,0,0,0,0
12.5620454516503,0.182963107764018,0.0604167369038946,0.00530711461273933,0.0731852431056071,0.0241666947615578,0.00212284584509571,0,0,0,0,0,0,0,0,0,0,0,0
12.5720481572742,0.183567703325593,0.0604695909049118,0.00526081205884133,0.0734270813302371,0.0241878363619646,0.00210432482353652,0,0,0,0,0,0,0,0,0,0,0,0
12.5820508628981,0.184172825252378,0.0605219813289239,0.00521442441651546,0.0736691301009513,0.0242087925315695,0.00208576976660616,0,0,0,0,0,0,0,0,0,0,0,0
12.5920535685219,0.184778468903106,0.0605739073286067,0.0051679524437327,0.0739113875612423,0.0242295629314427,0.00206718097749306,0,0,0,0,0,0,0,0,0,0,0,0
12.6020562741458,0.18538462962807,0.060625368064223,0.00512139689962388,0.0741538518512278,0.0242501472256892,0.00204855875984954,0,0,0,0,0,0,0,0,0,0,0,0
12.6120589797697,0.185991302769202,0.0606763627036351,0.00507475854446885,0.0743965211076807,0.024270545081454,0.00202990341778751,0,0,0,0,0,0,0,0,0,0,0,0
12.6220616853936,0.186598483660149,0.0607268904223153,0.00502803813968507,0.0746393934640597,0.0242907561689261,0.00201121525587401,0,0,0,0,0,0,0,0,0,0,0,0
12.6320643910175,0.187206167626349,0.0607769504033584,0.00498123644781708,0.0748824670505397,0.0243107801613434,0.00199249457912681,0,0,0,0,0,0,0,0,0,0,0,0
12.6420670966413,0.187814349985106,0.0608265418374921,0.00493435423252521,0.0751257399940424,0.0243306167349968,0.00197374169301006,0,0,0,0,0,0,0,0,0,0,0,0
12.6520698022652,0.188423026045668,0.0608756639230879,0.00488739225857462,0.075369210418267,0.0243502655692352,0.00195495690342983,0,0,0,0,0,0,0,0,0,0,0,0
12.6620725078891,0.189032191109301,0.0609243158661732,0.00484035129182448,0.0756128764437204,0.0243697263464692,0.00193614051672977,0,0,0,0,0,0,0,0,0,0,0,0
12.672075213513,0.18964184046937,0.060972496880441,0.00479323209921673,0.075856736187748,0.0243889987521764,0.00191729283968668,0,0,0,0,0,0,0,0,0,0,0,0
12.6820779191368,0.190251969411412,0.0610202061872612,0.00474603544876529,0.0761007877645648,0.0244080824749044,0.0018984141795061,0,0,0,0,0,0,0,0,0,0,0,0
12.6920806247607,0.190862573213214,0.0610674430156914,0.00469876210954493,0.0763450292852855,0.0244269772062765,0.00187950484381796,0,0,0,0,0,0,0,0,0,0,0,0
12.7020833303846,0.19147364714489,0.0611142066024872,0.00465141285168041,0.0765894588579559,0.0244456826409949,0.00186056514067215,0,0,0,0,0,0,0,0,0,0,0,0
12.7120860360085,0.192085186468958,0.0611604961921129,0.0046039884463353,0.0768340745875831,0.0244641984768451,0.00184159537853411,0,0,0,0,0,0,0,0,0,0,0,0
12.7220887416323,0.192697186440417,0.0612063110367513,0.00455648966570118,0.0770788745761669,0.0244825244147005,0.00182259586628045,0,0,0,0,0,0,0,0,0,0,0,0
12.7320914472562,0.193309642306826,0.0612516503963146,0.00450891728298652,0.0773238569227304,0.0245006601585258,0.00180356691319459,0,0,0,0,0,0,0,0,0,0,0,0
12.7420941528801,0.193922549308377,0.0612965135384542,0.00446127207240575,0.0775690197233509,0.0245186054153816,0.00178450882896228,0,0,0,0,0,0,0,0,0,0,0,0
12.752096858504,0.194535902677978,0.0613408997385706,0.00441355480916818,0.0778143610711914,0.0245363598954282,0.00176542192366725,0,0,0,0,0,0,0,0,0,0,0,0
12.7620995641278,0.195149697641327,0.0613848082798235,0.00436576626946718,0.0780598790565307,0.0245539233119293,0.00174630650778685,0,0,0,0,0,0,0,0,0,0,0,0
12.7721022697517,0.195763929416989,0.0614282384531415,0.00431790723046895,0.0783055717667954,0.0245712953812566,0.00172716289218757,0,0,0,0,0,0,0,0,0,0,0,0
12.7821049753756,0.196378593216476,0.0614711895572318,0.00426997847030173,0.0785514372865906,0.0245884758228927,0.00170799138812067,0,0,0,0,0,0,0,0,0,0,0,0
12.7921076809995,0.196993684244327,0.0615136608985896,0.00422198076804472,0.0787974736977307,0.0246054643594359,0.00168879230721788,0,0,0,0,0,0,0,0,0,0,0,0
12.8021103866233,0.197609197698178,0.0615556517915082,0.0041739149037171,0.0790436790792714,0.0246222607166032,0.00166956596148681,0,0,0,0,0,0,0,0,0,0,0,0
12.8121130922472,0.19822512876885,0.061597161558087,0.00412578165826698,0.07929005150754,0.0246388646232348,0.00165031266330676,0,0,0,0,0,0,0,0,0,0,0,0
12.8221157978711,0.198841472640419,0.0616381895282425,0.00407758181356042,0.0795365890561675,0.024655275811297,0.00163103272542415,0,0,0,0,0,0,0,0,0,0,0,0
12.832118503495,0.199458224490298,0.0616787350397159,0.00402931615237063,0.0797832897961192,0.0246714940158863,0.00161172646094824,0,0,0,0,0,0,0,0,0,0,0,0
12.8421212091189,0.200075379489316,0.061718797438083,0.00398098545836671,0.0800301517957263,0.0246875189752332,0.00159239418334667,0,0,0,0,0,0,0,0,0,0,0,0
12.8521239147427,0.200692932801794,0.061758376076763,0.00393259051610275,0.0802771731207176,0.0247033504307052,0.00157303620644108,0,0,0,0,0,0,0,0,0,0,0,0
12.8621266203666,0.201310879585626,0.0617974703170266,0.00388413211100686,0.0805243518342503,0.0247189881268106,0.00155365284440272,0,0,0,0,0,0,0,0,0,0,0,0
12.8721293259905,0.201929214992354,0.0618360795280059,0.00383561102937025,0.0807716859969417,0.0247344318112023,0.00153424441174807,0,0,0,0,0,0,0,0,0,0,0,0
12.8821320316144,0.202547934167252,0.0618742030867017,0.00378702805833597,0.0810191736669009,0.0247496812346806,0.00151481122333437,0,0,0,0,0,0,0,0,0,0,0,0
12.8921347372382,0.2031670322494,0.061911840377993,0.00373838398588837,0.08126681289976,0.0247647361511972,0.00149535359435531,0,0,0,0,0,0,0,0,0,0,0,0
12.9021374428621,0.203786504371764,0.0619489907946449,0.00368967960084149,0.0815146017487056,0.0247795963178579,0.00147587184033658,0,0,0,0,0,0,0,0,0,0,0,0
12.912140148486,0.204406345661276,0.0619856537373167,0.00364091569282874,0.0817625382645105,0.0247942614949266,0.00145636627713148,0,0,0,0,0,0,0,0,0,0,0,0
12.9221428541099,0.205026551238914,0.0620218286145702,0.00359209305229142,0.0820106204955655,0.024808731445828,0.00143683722091654,0,0,0,0,0,0,0,0,0,0,0,0
12.9321455597337,0.205647116219777,0.062057514842878,0.00354321247046782,0.0822588464879108,0.0248230059371512,0.00141728498818711,0,0,0,0,0,0,0,0,0,0,0,0
12.9421482653576,0.206268035713168,0.0620927118466309,0.00349427473938244,0.0825072142852674,0.0248370847386523,0.00139770989575295,0,0,0,0,0,0,0,0,0,0,0,0
12.9521509709815,0.206889304822674,0.0621274190581462,0.00344528065183471,0.0827557219290694,0.0248509676232584,0.00137811226073387,0,0,0,0,0,0,0,0,0,0,0,0
12.9621536766054,0.207510918646238,0.0621616359176749,0.00339623100138826,0.0830043674584953,0.0248646543670699,0.00135849240055528,0,0,0,0,0,0,0,0,0,0,0,0
12.9721563822292,0.20813287227625,0.0621953618734099,0.0033471265823597,0.0832531489105,0.0248781447493639,0.00133885063294385,0,0,0,0,0,0,0,0,0,0,0,0
12.9821590878531,0.208755160799616,0.0622285963814929,0.00329796818980774,0.0835020643198463,0.0248914385525971,0.00131918727592308,0,0,0,0,0,0,0,0,0,0,0,0
12.992161793477,0.209377779297842,0.0622613389060219,0.00324875661952222,0.083751111719137,0.0249045355624087,0.00129950264780887,0,0,0,0,0,0,0,0,0,0,0,0
13.0021644991009,0.210000722847116,0.0622935889190588,0.00319949266801306,0.0840002891388465,0.0249174355676235,0.0012797970672052,0,0,0,0,0,0,0,0,0,0,0,0
13.0121672047247,0.210623986518383,0.0623253459006363,0.00315017713249922,0.0842495946073532,0.0249301383602545,0.00126007085299967,0,0,0,0,0,0,0,0,0,0,0,0
13.0221699103486,0.211247565377426,0.0623566093387649,0.00310081081089786,0.0844990261509705,0.0249426437355059,0.00124032432435912,0,0,0,0,0,0,0,0,0,0,0,0
13.0321726159725,0.211871454484949,0.0623873787294397,0.00305139450181322,0.0847485817939796,0.0249549514917759,0.00122055780072527,0,0,0,0,0,0,0,0,0,0,0,0
13.0421753215964,0.212495648896653,0.0624176535766477,0.00300192900452571,0.0849982595586611,0.024967061430659,0.00120077160181025,0,0,0,0,0,0,0,0,0,0,0,0
13.0521780272203,0.213120143663317,0.0624474333923739,0.00295241511898067,0.0852480574653269,0.0249789733569495,0.00118096604759224,0,0,0,0,0,0,0,0,0,0,0,0
13.0621807328441,0.213744933830881,0.0624767176966084,0.00290285364577786,0.0854979735323524,0.0249906870786433,0.00116114145831111,0,0,0,0,0,0,0,0,0,0,0,0
13.072183438468,0.214370014440521,0.0625055060173527,0.00285324538615995,0.0857480057762084,0.0250022024069411,0.00114129815446395,0,0,0,0,0,0,0,0,0,0,0,0
13.0821861440919,0.214995380528734,0.062533797890626,0.0028035911420019,0.0859981522114934,0.0250135191562504,0.00112143645680072,0,0,0,0,0,0,0,0,0,0,0,0
13.0921888497158,0.215621027127413,0.0625615928604714,0.00275389171579966,0.0862484108509652,0.0250246371441885,0.00110155668631985,0,0,0,0,0,0,0,0,0,0,0,0
13.1021915553396,0.216246949263934,0.0625888904789625,0.00270414791065959,0.0864987797055738,0.0250355561915849,0.00108165916426381,0,0,0,0,0,0,0,0,0,0,0,0
13.1121942609635,0.216873141961231,0.0626156903062088,0.00265436053028699,0.0867492567844925,0.0250462761224835,0.00106174421211477,0,0,0,0,0,0,0,0,0,0,0,0
13.1221969665874,0.217499600237878,0.0626419919103622,0.00260453037897539,0.0869998400951512,0.0250567967641449,0.00104181215159013,0,0,0,0,0,0,0,0,0,0,0,0
13.1321996722113,0.218126319108169,0.0626677948676227,0.00255465826159554,0.0872505276432678,0.025067117947049,0.00102186330463819,0,0,0,0,0,0,0,0,0,0,0,0
13.1422023778351,0.218753293582202,0.0626930987622436,0.00250474498358434,0.0875013174328806,0.0250772395048974,0.00100189799343371,0,0,0,0,0,0,0,0,0,0,0,0
13.152205083459,0.219380518665952,0.0627179031865381,0.00245479135093388,0.0877522074663807,0.0250871612746152,0.000981916540373524,0,0,0,0,0,0,0,0,0,0,0,0
13.1622077890829,0.22000798936136,0.0627422077408837,0.00240479817018044,0.088003195744544,0.0250968830963535,0.00096191926807215,0,0,0,0,0,0,0,0,0,0,0,0
13.1722104947068,0.22063570066641,0.0627660120337286,0.0023547662483935,0.0882542802665638,0.0251064048134914,0.000941906499357381,0,0,0,0,0,0,0,0,0,0,0,0
13.1822132003306,0.221263647575207,0.0627893156815961,0.00230469639316482,0.0885054590300829,0.0251157262726384,0.0009218785572659,0,0,0,0,0,0,0,0,0,0,0,0
13.1922159059545,0.221891825078064,0.0628121183090904,0.00225458941259723,0.0887567300312257,0.0251248473236361,0.000901835765038876,0,0,0,0,0,0,0,0,0,0,0,0
13.2022186115784,0.222520228161578,0.0628344195489013,0.00220444611529393,0.089008091264631,0.0251337678195605,0.000881778446117544,0,0,0,0,0,0,0,0,0,0,0,0
13.2122213172023,0.223148851808711,0.0628562190418095,0.0021542673103472,0.0892595407234843,0.0251424876167238,0.000861706924138858,0,0,0,0,0,0,0,0,0,0,0,0
13.2222240228261,0.223777690998874,0.0628775164366909,0.00210405380732767,0.0895110763995497,0.0251510065746763,0.000841621522931043,0,0,0,0,0,0,0,0,0,0,0,0
13.23222672845,0.224406740708006,0.0628983113905217,0.00205380641627318,0.0897626962832025,0.0251593245562086,0.000821522566509248,0,0,0,0,0,0,0,0,0,0,0,0
13.2422294340739,0.225035995908656,0.0629186035683833,0.00200352594767778,0.0900143983634625,0.0251674414273533,0.000801410379071078,0,0,0,0,0,0,0,0,0,0,0,0
13.2522321396978,0.225665451570062,0.0629383926434661,0.00195321321248076,0.0902661806280249,0.0251753570573864,0.00078128528499228,0,0,0,0,0,0,0,0,0,0,0,0
13.2622348453216,0.226295102658235,0.0629576782970744,0.00190286902205574,0.0905180410632939,0.0251830713188297,0.000761147608822265,0,0,0,0,0,0,0,0,0,0,0,0
13.2722375509455,0.226924944136037,0.0629764602186305,0.00185249418819953,0.0907699776544148,0.0251905840874521,0.000740997675279791,0,0,0,0,0,0,0,0,0,0,0,0
13.2822402565694,0.227554970963266,0.062994738105679,0.00180208952312126,0.0910219883853063,0.0251978952422716,0.000720835809248474,0,0,0,0,0,0,0,0,0,0,0,0
13.2922429621933,0.228185178096734,0.0630125116638908,0.00175165583943131,0.0912740712386934,0.0252050046655563,0.000700662335772496,0,0,0,0,0,0,0,0,0,0,0,0
13.3022456678172,0.22881556049035,0.0630297806070672,0.0017011939501303,0.0915262241961398,0.0252119122428268,0.000680477580052089,0,0,0,0,0,0,0,0,0,0,0,0
13.312248373441,0.2294461130952,0.0630465446571432,0.00165070466859824,0.0917784452380801,0.0252186178628572,0.000660281867439276,0,0,0,0,0,0,0,0,0,0,0,0
13.3222510790649,0.230076830859632,0.0630628035441921,0.00160018880858333,0.0920307323438529,0.0252251214176768,0.000640075523433307,0,0,0,0,0,0,0,0,0,0,0,0
13.3322537846888,0.230707708729332,0.0630785570064284,0.00154964718419115,0.0922830834917328,0.0252314228025713,0.000619858873676428,0,0,0,0,0,0,0,0,0,0,0,0
13.3422564903127,0.231338741647409,0.0630938047902118,0.00149908060987353,0.0925354966589635,0.0252375219160847,0.000599632243949375,0,0,0,0,0,0,0,0,0,0,0,0
13.3522591959365,0.231969924554475,0.0631085466500502,0.00144848990041758,0.0927879698217901,0.0252434186600201,0.000579395960167011,0,0,0,0,0,0,0,0,0,0,0,0
13.3622619015604,0.232601252388729,0.0631227823486034,0.0013978758709349,0.0930405009554917,0.0252491129394413,0.000559150348373925,0,0,0,0,0,0,0,0,0,0,0,0
13.3722646071843,0.233232720086035,0.0631365116566859,0.00134723933685017,0.0932930880344142,0.0252546046626743,0.000538895734740037,0,0,0,0,0,0,0,0,0,0,0,0
13.3822673128082,0.233864322580007,0.0631497343532704,0.00129658111389058,0.0935457290320028,0.0252598937413081,0.000518632445556212,0,0,0,0,0,0,0,0,0,0,0,0
13.392270018432,0.234496054802086,0.0631624502254903,0.00124590201807462,0.0937984219208346,0.0252649800901961,0.00049836080722983,0,0,0,0,0,0,0,0,0,0,0,0
13.4022727240559,0.235127911681629,0.063174659068643,0.0011952028657011,0.0940511646726514,0.0252698636274572,0.000478081146280412,0,0,0,0,0,0,0,0,0,0,0,0
13.4122754296798,0.235759888145981,0.0631863606861925,0.00114448447333814,0.0943039552583924,0.0252745442744769,0.000457793789335222,0,0,0,0,0,0,0,0,0,0,0,0
13.4222781353037,0.236391979120566,0.0631975548897717,0.00109374765781227,0.0945567916482265,0.0252790219559086,0.00043749906312488,0,0,0,0,0,0,0,0,0,0,0,0
13.4322808409275,0.237024179528964,0.0632082414991854,0.0010429932361974,0.0948096718115856,0.0252832965996741,0.000417197294478926,0,0,0,0,0,0,0,0,0,0,0,0
13.4422835465514,0.237656484292992,0.0632184203424127,0.000992222025803723,0.0950625937171967,0.025287368136965,0.000396888810321474,0,0,0,0,0,0,0,0,0,0,0,0
13.4522862521753,0.238288888332788,0.0632280912556088,0.000941434844166937,0.0953155553331152,0.0252912365022435,0.000376573937666736,0,0,0,0,0,0,0,0,0,0,0,0
13.4622889577992,0.238921386566893,0.0632372540831079,0.000890632509036956,0.095568554626757,0.0252949016332431,0.000356253003614758,0,0,0,0,0,0,0,0,0,0,0,0
13.472291663423,0.239553973912329,0.0632459086774247,0.000839815838367205,0.0958215895649316,0.0252983634709698,0.000335926335346867,0,0,0,0,0,0,0,0,0,0,0,0
13.4822943690469,0.240186645284688,0.0632540548992566,0.000788985650303504,0.0960746581138751,0.0253016219597026,0.000315594260121372,0,0,0,0,0,0,0,0,0,0,0,0
13.4922970746708,0.240819395598205,0.0632616926174858,0.000738142763172944,0.0963277582392821,0.0253046770469943,0.000295257105269157,0,0,0,0,0,0,0,0,0,0,0,0
13.5022997802947,0.241452219765848,0.0632688217091808,0.000687287995473177,0.0965808879063392,0.0253075286836723,0.000274915198189244,0,0,0,0,0,0,0,0,0,0,0,0
13.5123024859185,0.242085112699394,0.0632754420595978,0.000636422165861173,0.0968340450797577,0.0253101768238391,0.000254568866344435,0,0,0,0,0,0,0,0,0,0,0,0
13.5223051915424,0.242718069309514,0.063281553562183,0.000585546093142286,0.0970872277238057,0.0253126214248731,0.000234218437256897,0,0,0,0,0,0,0,0,0,0,0,0
13.5323078971663,0.243351084505855,0.0632871561185733,0.00053466059625942,0.097340433802342,0.0253148624474293,0.000213864238503738,0,0,0,0,0,0,0,0,0,0,0,0
13.5423106027902,0.243984153197119,0.0632922496385977,0.000483766494281812,0.0975936612788477,0.0253168998554391,0.000193506597712698,0,0,0,0,0,0,0,0,0,0,0,0
13.5523133084141,0.244617270291149,0.0632968340402792,0.000432864606394167,0.0978469081164598,0.0253187336161116,0.000173145842557629,0,0,0,0,0,0,0,0,0,0,0,0
13.5623160140379,0.245250430695009,0.0633009092498349,0.000381955751885536,0.0981001722780034,0.0253203636999339,0.000152782300754198,0,0,0,0,0,0,0,0,0,0,0,0
13.5723187196618,0.245883629315063,0.0633044752016777,0.000331040750138671,0.0983534517260252,0.0253217900806711,0.00013241630005543,0,0,0,0,0,0,0,0,0,0,0,0
13.5823214252857,0.246516861057064,0.0633075318384171,0.000280120420618462,0.0986067444228255,0.0253230127353668,0.000112048168247361,0,0,0,0,0,0,0,0,0,0,0,0
13.5923241309096,0.24715012082623,0.0633100791108596,0.000229195582861447,0.0988600483304917,0.0253240316443438,9.1678233144547e-05,0,0,0,0,0,0,0,0,0,0,0,0
13.6023268365334,0.247783403527327,0.0633121169780097,0.000178267056464633,0.0991133614109306,0.0253248467912038,7.13068225858195e-05,0,0,0,0,0,0,0,0,0,0,0,0
13.6123295421573,0.248416704064753,0.0633136454070703,0.000127335661074368,0.0993666816259012,0.025325458162828,5.09342644297183e-05,0,0,0,0,0,0,0,0,0,0,0,0
13.6223322477812,0.24905001734262,0.0633146643734431,7.64022163756739e-05,0.099620006937048,0.0253258657493772,3.05608865502389e-05,0,0,0,0,0,0,0,0,0,0,0,0
13.6323349534051,0.249683338264833,0.0633151738607293,2.54675420808624e-05,0.0998733353059333,0.0253260695442917,1.01870168323143e-05,0,0,0,0,0,0,0,0,0,0,0,0
13.6423376590289,0.250316661735175,0.0633151738607293,-2.54675420811342e-05,0.10012666469407,0.0253260695442917,-1.0187016832478e-05,0,0,0,0,0,0,0,0,0,0,0,0
13.6523403646528,0.250949982657389,0.0633146643734431,-7.64022163759192e-05,0.100379993062955,0.0253258657493772,-3.05608865503937e-05,0,0,0,0,0,0,0,0,0,0,0,0
13.6623430702767,0.251583295935255,0.0633136454070703,-0.000127335661074625,0.100633318374102,0.0253254581628281,-5.09342644298876e-05,0,0,0,0,0,0,0,0,0,0,0,0
13.6723457759006,0.252216596472682,0.0633121169780097,-0.000178267056464876,0.100886638589073,0.0253248467912038,-7.13068225859782e-05,0,0,0,0,0,0,0,0,0,0,0,0
13.6823484815244,0.252849879173779,0.0633100791108596,-0.000229195582861715,0.101139951669512,0.0253240316443438,-9.16782331447104e-05,0,0,0,0,0,0,0,0,0,0,0,0
13.6923511871483,0.253483138942945,0.0633075318384171,-0.000280120420618694,0.101393255577178,0.0253230127353668,-0.000112048168247512,0,0,0,0,0,0,0,0,0,0,0,0
13.7023538927722,0.254116370684945,0.0633044752016777,-0.00033104075013894,0.101646548273978,0.025321790080671,-0.000132416300055592,0,0,0,0,0,0,0,0,0,0,0,0
13.7123565983961,0.254749569305,0.0633009092498349,-0.000381955751885845,0.101899827722,0.0253203636999339,-0.000152782300754363,0,0,0,0,0,0,0,0,0,0,0,0
13.7223593040199,0.255382729708859,0.0632968340402792,-0.000432864606394395,0.102153091883544,0.0253187336161116,-0.000173145842557786,0,0,0,0,0,0,0,0,0,0,0,0
13.7323620096438,0.256015846802889,0.0632922496385977,-0.000483766494282062,0.102406338721156,0.025316899855439,-0.000193506597712856,0,0,0,0,0,0,0,0,0,0,0,0
13.7423647152677,0.256648915494153,0.0632871561185732,-0.000534660596259665,0.102659566197661,0.0253148624474292,-0.000213864238503904,0,0,0,0,0,0,0,0,0,0,0,0
13.7523674208916,0.257281930690494,0.063281553562183,-0.000585546093142566,0.102912772276198,0.0253126214248731,-0.000234218437257046,0,0,0,0,0,0,0,0,0,0,0,0
13.7623701265155,0.257914887300614,0.0632754420595977,-0.000636422165861428,0.103165954920246,0.0253101768238391,-0.000254568866344606,0,0,0,0,0,0,0,0,0,0,0,0
13.7723728321393,0.25854778023416,0.0632688217091807,-0.000687287995473445,0.103419112093664,0.0253075286836722,-0.000274915198189405,0,0,0,0,0,0,0,0,0,0,0,0
13.7823755377632,0.259180604401803,0.0632616926174858,-0.000738142763173231,0.103672241760721,0.0253046770469942,-0.000295257105269322,0,0,0,0,0,0,0,0,0,0,0,0
13.7923782433871,0.259813354715321,0.0632540548992565,-0.000788985650303751,0.103925341886128,0.0253016219597026,-0.000315594260121524,0,0,0,0,0,0,0,0,0,0,0,0
13.802380949011,0.260446026087679,0.0632459086774246,-0.00083981583836745,0.104178410435072,0.0252983634709698,-0.00033592633534703,0,0,0,0,0,0,0,0,0,0,0,0
13.8123836546348,0.261078613433116,0.0632372540831077,-0.000890632509037206,0.104431445373246,0.025294901633243,-0.000356253003614914,0,0,0,0,0,0,0,0,0,0,0,0
13.8223863602587,0.26171111166722,0.0632280912556087,-0.000941434844167166,0.104684444666888,0.0252912365022434,-0.00037657393766691,0,0,0,0,0,0,0,0,0,0,0,0
13.8323890658826,0.262343515707017,0.0632184203424126,-0.000992222025804001,0.104937406282807,0.025287368136965,-0.000396888810321624,0,0,0,0,0,0,0,0,0,0,0,0
13.8423917715065,0.262975820471045,0.0632082414991853,-0.00104299323619763,0.105190328188418,0.0252832965996741,-0.000417197294479092,0,0,0,0,0,0,0,0,0,0,0,0
13.8523944771303,0.263608020879443,0.0631975548897716,-0.00109374765781253,0.105443208351777,0.0252790219559086,-0.000437499063125044,0,0,0,0,0,0,0,0,0,0,0,0
13.8623971827542,0.264240111854028,0.0631863606861924,-0.00114448447333838,0.105696044741611,0.0252745442744769,-0.000457793789335393,0,0,0,0,0,0,0,0,0,0,0,0
13.8723998883781,0.26487208831838,0.063174659068643,-0.00119520286570135,0.105948835327352,0.0252698636274571,-0.000478081146280571,0,0,0,0,0,0,0,0,0,0,0,0
13.882402594002,0.265503945197922,0.0631624502254902,-0.00124590201807488,0.106201578079169,0.0252649800901961,-0.000498360807229985,0,0,0,0,0,0,0,0,0,0,0,0
13.8924052996258,0.266135677420001,0.0631497343532702,-0.00129658111389083,0.106454270968001,0.025259893741308,-0.00051863244555637,0,0,0,0,0,0,0,0,0,0,0,0
13.9024080052497,0.266767279913973,0.0631365116566858,-0.00134723933685045,0.106706911965589,0.0252546046626743,-0.000538895734740206,0,0,0,0,0,0,0,0,0,0,0,0
13.9124107108736,0.267398747611279,0.0631227823486033,-0.00139787587093515,0.106959499044512,0.0252491129394412,-0.000559150348374088,0,0,0,0,0,0,0,0,0,0,0,0
13.9224134164975,0.268030075445533,0.0631085466500501,-0.00144848990041785,0.107212030178213,0.0252434186600199,-0.000579395960167175,0,0,0,0,0,0,0,0,0,0,0,0
13.9324161221213,0.2686612583526,0.0630938047902117,-0.00149908060987379,0.10746450334104,0.0252375219160846,-0.000599632243949538,0,0,0,0,0,0,0,0,0,0,0,0
13.9424188277452,0.269292291270676,0.0630785570064283,-0.00154964718419136,0.107716916508271,0.0252314228025712,-0.00061985887367659,0,0,0,0,0,0,0,0,0,0,0,0
13.9524215333691,0.269923169140376,0.0630628035441919,-0.00160018880858356,0.107969267656151,0.0252251214176767,-0.00064007552343346,0,0,0,0,0,0,0,0,0,0,0,0
13.962424238993,0.270553886904808,0.0630465446571432,-0.00165070466859854,0.108221554761923,0.0252186178628571,-0.000660281867439427,0,0,0,0,0,0,0,0,0,0,0,0
13.9724269446168,0.271184439509659,0.063029780607067,-0.00170119395013053,0.108473775803864,0.0252119122428268,-0.000680477580052251,0,0,0,0,0,0,0,0,0,0,0,0
13.9824296502407,0.271814821903275,0.0630125116638908,-0.00175165583943156,0.10872592876131,0.0252050046655562,-0.000700662335772646,0,0,0,0,0,0,0,0,0,0,0,0
13.9924323558646,0.272445029036743,0.0629947381056789,-0.00180208952312152,0.108978011614697,0.0251978952422715,-0.000720835809248635,0,0,0,0,0,0,0,0,0,0,0,0
14.0024350614885,0.273075055863972,0.0629764602186303,-0.00185249418819978,0.109230022345589,0.0251905840874521,-0.000740997675279938,0,0,0,0,0,0,0,0,0,0,0,0
14.0124377671124,0.273704897341774,0.0629576782970742,-0.00190286902205598,0.109481958936709,0.0251830713188296,-0.000761147608822421,0,0,0,0,0,0,0,0,0,0,0,0
14.0224404727362,0.274334548429946,0.062938392643466,-0.00195321321248097,0.109733819371978,0.0251753570573863,-0.000781285284992428,0,0,0,0,0,0,0,0,0,0,0,0
14.0324431783601,0.274964004091352,0.0629186035683832,-0.00200352594767803,0.109985601636541,0.0251674414273532,-0.000801410379071253,0,0,0,0,0,0,0,0,0,0,0,0
14.042445883984,0.275593259292002,0.0628983113905216,-0.00205380641627345,0.110237303716801,0.0251593245562086,-0.000821522566509405,0,0,0,0,0,0,0,0,0,0,0,0
14.0524485896079,0.276222309001135,0.0628775164366907,-0.00210405380732792,0.110488923600454,0.0251510065746762,-0.000841621522931214,0,0,0,0,0,0,0,0,0,0,0,0
14.0624512952317,0.276851148191298,0.0628562190418094,-0.00215426731034748,0.110740459276519,0.0251424876167237,-0.000861706924139018,0,0,0,0,0,0,0,0,0,0,0,0
14.0724540008556,0.277479771838431,0.0628344195489012,-0.00220444611529417,0.110991908735372,0.0251337678195604,-0.000881778446117709,0,0,0,0,0,0,0,0,0,0,0,0
14.0824567064795,0.278108174921944,0.0628121183090902,-0.00225458941259748,0.111243269968778,0.025124847323636,-0.000901835765039019,0,0,0,0,0,0,0,0,0,0,0,0
14.0924594121034,0.278736352424801,0.0627893156815959,-0.00230469639316504,0.111494540969921,0.0251157262726383,-0.000921878557266062,0,0,0,0,0,0,0,0,0,0,0,0
14.1024621177272,0.279364299333599,0.0627660120337284,-0.00235476624839378,0.11174571973344,0.0251064048134913,-0.000941906499357555,0,0,0,0,0,0,0,0,0,0,0,0
14.1124648233511,0.279992010638649,0.0627422077408836,-0.00240479817018071,0.111996804255459,0.0250968830963534,-0.000961919268072308,0,0,0,0,0,0,0,0,0,0,0,0
14.122467528975,0.280619481334057,0.0627179031865379,-0.00245479135093412,0.112247792533623,0.0250871612746151,-0.000981916540373681,0,0,0,0,0,0,0,0,0,0,0,0
14.1324702345989,0.281246706417807,0.0626930987622435,-0.00250474498358458,0.112498682567123,0.0250772395048973,-0.00100189799343387,0,0,0,0,0,0,0,0,0,0,0,0
14.1424729402227,0.281873680891839,0.0626677948676224,-0.00255465826159579,0.112749472356736,0.0250671179470489,-0.00102186330463835,0,0,0,0,0,0,0,0,0,0,0,0
14.1524756458466,0.28250039976213,0.062641991910362,-0.00260453037897565,0.113000159904852,0.0250567967641448,-0.0010418121515903,0,0,0,0,0,0,0,0,0,0,0,0
14.1624783514705,0.283126858038777,0.0626156903062087,-0.0026543605302872,0.113250743215511,0.0250462761224834,-0.00106174421211494,0,0,0,0,0,0,0,0,0,0,0,0
14.1724810570944,0.283753050736074,0.0625888904789623,-0.0027041479106599,0.11350122029443,0.0250355561915848,-0.00108165916426398,0,0,0,0,0,0,0,0,0,0,0,0
14.1824837627182,0.284378972872595,0.0625615928604712,-0.00275389171579993,0.113751589149038,0.0250246371441884,-0.00110155668632001,0,0,0,0,0,0,0,0,0,0,0,0
14.1924864683421,0.285004619471275,0.0625337978906258,-0.00280359114200212,0.11400184778851,0.0250135191562502,-0.00112143645680088,0,0,0,0,0,0,0,0,0,0,0,0
14.202489173966,0.285629985559488,0.0625055060173526,-0.00285324538616018,0.114251994223795,0.0250022024069409,-0.00114129815446411,0,0,0,0,0,0,0,0,0,0,0,0
14.2124918795899,0.286255066169127,0.0624767176966082,-0.00290285364577808,0.114502026467651,0.0249906870786432,-0.00116114145831127,0,0,0,0,0,0,0,0,0,0,0,0
14.2224945852138,0.286879856336691,0.0624474333923738,-0.00295241511898097,0.114751942534676,0.0249789733569494,-0.00118096604759241,0,0,0,0,0,0,0,0,0,0,0,0
14.2324972908376,0.287504351103356,0.0624176535766475,-0.00300192900452591,0.115001740441342,0.0249670614306589,-0.00120077160181041,0,0,0,0,0,0,0,0,0,0,0,0
14.2424999964615,0.288128545515059,0.0623873787294394,-0.00305139450181353,0.115251418206024,0.0249549514917758,-0.00122055780072543,0,0,0,0,0,0,0,0,0,0,0,0
14.2525027020854,0.288752434622582,0.0623566093387647,-0.00310081081089814,0.115500973849033,0.0249426437355058,-0.00124032432435929,0,0,0,0,0,0,0,0,0,0,0,0
14.2625054077093,0.289376013481626,0.0623253459006361,-0.00315017713249948,0.11575040539265,0.0249301383602544,-0.00126007085299984,0,0,0,0,0,0,0,0,0,0,0,0
14.2725081133331,0.289999277152892,0.0622935889190587,-0.00319949266801332,0.115999710861157,0.0249174355676233,-0.00127979706720536,0,0,0,0,0,0,0,0,0,0,0,0
14.282510818957,0.290622220702166,0.0622613389060216,-0.00324875661952247,0.116248888280866,0.0249045355624086,-0.00129950264780902,0,0,0,0,0,0,0,0,0,0,0,0
14.2925135245809,0.291244839200393,0.0622285963814925,-0.00329796818980803,0.116497935680157,0.024891438552597,-0.00131918727592323,0,0,0,0,0,0,0,0,0,0,0,0
14.3025162302048,0.291867127723759,0.0621953618734096,-0.00334712658235999,0.116746851089503,0.0248781447493638,-0.00133885063294402,0,0,0,0,0,0,0,0,0,0,0,0
14.3125189358286,0.29248908135377,0.0621616359176747,-0.0033962310013885,0.116995632541508,0.0248646543670698,-0.00135849240055545,0,0,0,0,0,0,0,0,0,0,0,0
14.3225216414525,0.293110695177335,0.0621274190581459,-0.00344528065183496,0.117244278070934,0.0248509676232583,-0.00137811226073402,0,0,0,0,0,0,0,0,0,0,0,0
14.3325243470764,0.29373196428684,0.0620927118466306,-0.00349427473938269,0.117492785714736,0.0248370847386522,-0.00139770989575311,0,0,0,0,0,0,0,0,0,0,0,0
14.3425270527003,0.294352883780232,0.0620575148428776,-0.00354321247046804,0.117741153512093,0.024823005937151,-0.00141728498818727,0,0,0,0,0,0,0,0,0,0,0,0
14.3525297583241,0.294973448761095,0.0620218286145699,-0.00359209305229165,0.117989379504438,0.0248087314458279,-0.00143683722091671,0,0,0,0,0,0,0,0,0,0,0,0
14.362532463948,0.295593654338732,0.0619856537373164,-0.00364091569282905,0.118237461735493,0.0247942614949265,-0.00145636627713164,0,0,0,0,0,0,0,0,0,0,0,0
14.3725351695719,0.296213495628244,0.0619489907946447,-0.0036896796008417,0.118485398251298,0.0247795963178578,-0.00147587184033673,0,0,0,0,0,0,0,0,0,0,0,0
14.3825378751958,0.296832967750609,0.0619118403779928,-0.00373838398588862,0.118733187100243,0.024764736151197,-0.00149535359435547,0,0,0,0,0,0,0,0,0,0,0,0
14.3925405808196,0.297452065832756,0.0618742030867015,-0.00378702805833627,0.118980826333102,0.0247496812346805,-0.00151481122333453,0,0,0,0,0,0,0,0,0,0,0,0
14.4025432864435,0.298070785007654,0.0618360795280055,-0.00383561102937045,0.119228314003062,0.0247344318112022,-0.00153424441174823,0,0,0,0,0,0,0,0,0,0,0,0
14.4125459920674,0.298689120414383,0.0617974703170263,-0.00388413211100714,0.119475648165753,0.0247189881268105,-0.00155365284440289,0,0,0,0,0,0,0,0,0,0,0,0
14.4225486976913,0.299307067198214,0.0617583760767626,-0.00393259051610298,0.119722826879286,0.024703350430705,-0.00157303620644124,0,0,0,0,0,0,0,0,0,0,0,0
14.4325514033152,0.299924620510692,0.0617187974380827,-0.00398098545836699,0.119969848204277,0.0246875189752331,-0.00159239418334683,0,0,0,0,0,0,0,0,0,0,0,0
14.442554108939,0.300541775509711,0.0616787350397157,-0.00402931615237094,0.120216710203884,0.0246714940158862,-0.00161172646094839,0,0,0,0,0,0,0,0,0,0,0,0
14.4525568145629,0.30115852735959,0.0616381895282422,-0.0040775818135607,0.120463410943836,0.0246552758112968,-0.00163103272542431,0,0,0,0,0,0,0,0,0,0,0,0
14.4625595201868,0.301774871231158,0.0615971615580868,-0.00412578165826724,0.120709948492463,0.0246388646232346,-0.00165031266330692,0,0,0,0,0,0,0,0,0,0,0,0
14.4725622258107,0.30239080230183,0.0615556517915079,-0.00417391490371733,0.120956320920732,0.0246222607166031,-0.00166956596148699,0,0,0,0,0,0,0,0,0,0,0,0
14.4825649314345,0.303006315755682,0.0615136608985894,-0.00422198076804496,0.121202526302273,0.0246054643594357,-0.00168879230721803,0,0,0,0,0,0,0,0,0,0,0,0
14.4925676370584,0.303621406783532,0.0614711895572315,-0.00426997847030197,0.121448562713413,0.0245884758228925,-0.00170799138812084,0,0,0,0,0,0,0,0,0,0,0,0
14.5025703426823,0.30423607058302,0.0614282384531412,-0.00431790723046923,0.121694428233208,0.0245712953812564,-0.00172716289218771,0,0,0,0,0,0,0,0,0,0,0,0
14.5125730483062,0.304850302358682,0.0613848082798232,-0.00436576626946742,0.121940120943473,0.0245539233119292,-0.00174630650778701,0,0,0,0,0,0,0,0,0,0,0,0
14.52257575393,0.30546409732203,0.0613408997385702,-0.00441355480916843,0.122185638928812,0.024536359895428,-0.00176542192366742,0,0,0,0,0,0,0,0,0,0,0,0
14.5325784595539,0.306077450691631,0.0612965135384539,-0.00446127207240599,0.122430980276652,0.0245186054153815,-0.00178450882896244,0,0,0,0,0,0,0,0,0,0,0,0
14.5425811651778,0.306690357693182,0.0612516503963144,-0.00450891728298678,0.122676143077273,0.0245006601585256,-0.00180356691319475,0,0,0,0,0,0,0,0,0,0,0,0
14.5525838708017,0.307302813559591,0.0612063110367509,-0.00455648966570151,0.122921125423836,0.0244825244147003,-0.00182259586628062,0,0,0,0,0,0,0,0,0,0,0,0
14.5625865764255,0.307914813531051,0.0611604961921126,-0.00460398844633555,0.12316592541242,0.024464198476845,-0.00184159537853427,0,0,0,0,0,0,0,0,0,0,0,0
14.5725892820494,0.308526352855119,0.0611142066024869,-0.00465141285168067,0.123410541142047,0.0244456826409947,-0.00186056514067231,0,0,0,0,0,0,0,0,0,0,0,0
14.5825919876733,0.309137426786794,0.0610674430156911,-0.00469876210954524,0.123654970714718,0.0244269772062764,-0.00187950484381811,0,0,0,0,0,0,0,0,0,0,0,0
14.5925946932972,0.309748030588597,0.0610202061872608,-0.00474603544876552,0.123899212235439,0.0244080824749043,-0.00189841417950626,0,0,0,0,0,0,0,0,0,0,0,0
14.602597398921,0.310358159530638,0.0609724968804406,-0.00479323209921698,0.124143263812255,0.0243889987521762,-0.00191729283968683,0,0,0,0,0,0,0,0,0,0,0,0
14.6126001045449,0.310967808890708,0.0609243158661729,-0.00484035129182469,0.124387123556283,0.0243697263464691,-0.00193614051672994,0,0,0,0,0,0,0,0,0,0,0,0
14.6226028101688,0.311576973954341,0.0608756639230876,-0.00488739225857492,0.124630789581736,0.024350265569235,-0.00195495690343,0,0,0,0,0,0,0,0,0,0,0,0
14.6326055157927,0.312185650014902,0.0608265418374917,-0.00493435423252541,0.124874260005961,0.0243306167349966,-0.00197374169301021,0,0,0,0,0,0,0,0,0,0,0,0
14.6426082214165,0.312793832373659,0.0607769504033581,-0.00498123644781733,0.125117532949464,0.0243107801613432,-0.00199249457912698,0,0,0,0,0,0,0,0,0,0,0,0
14.6526109270404,0.313401516339859,0.060726890422315,-0.00502803813968535,0.125360606535944,0.0242907561689259,-0.00201121525587418,0,0,0,0,0,0,0,0,0,0,0,0
14.6626136326643,0.314008697230806,0.0606763627036347,-0.00507475854446906,0.125603478892323,0.0242705450814538,-0.00202990341778768,0,0,0,0,0,0,0,0,0,0,0,0
14.6726163382882,0.314615370371939,0.0606253680642227,-0.00512139689962416,0.125846148148775,0.024250147225689,-0.00204855875984971,0,0,0,0,0,0,0,0,0,0,0,0
14.6826190439121,0.315221531096903,0.0605739073286064,-0.00516795244373292,0.126088612438761,0.0242295629314425,-0.00206718097749322,0,0,0,0,0,0,0,0,0,0,0,0
14.6926217495359,0.31582717474763,0.0605219813289236,-0.00521442441651577,0.126330869899052,0.0242087925315694,-0.00208576976660632,0,0,0,0,0,0,0,0,0,0,0,0
14.7026244551598,0.316432296674416,0.0604695909049114,-0.00526081205884157,0.126572918669766,0.0241878363619645,-0.00210432482353669,0,0,0,0,0,0,0,0,0,0,0,0
14.7126271607837,0.317036892235991,0.0604167369038944,-0.00530711461273962,0.126814756894396,0.0241666947615577,-0.00212284584509588,0,0,0,0,0,0,0,0,0,0,0,0
14.7226298664076,0.3176409567996,0.0603634201807729,-0.00535333132140948,0.12705638271984,0.024145368072309,-0.00214133252856385,0,0,0,0,0,0,0,0,0,0,0,0
14.7326325720314,0.318244485741079,0.0603096415980119,-0.00539946142923295,0.127297794296431,0.0241238566392047,-0.00215978457169322,0,0,0,0,0,0,0,0,0,0,0,0
14.7426352776553,0.318847474444924,0.0602554020256279,-0.00544550418178446,0.12753898977797,0.0241021608102511,-0.00217820167271384,0,0,0,0,0,0,0,0,0,0,0,0
14.7526379832792,0.319449918304377,0.0602007023411784,-0.00549145882584233,0.127779967321751,0.0240802809364713,-0.00219658353033698,0,0,0,0,0,0,0,0,0,0,0,0
14.7626406889031,0.320051812721491,0.0601455434297488,-0.00553732460939974,0.128020725088596,0.0240582173718994,-0.00221492984375994,0,0,0,0,0,0,0,0,0,0,0,0
14.7726433945269,0.320653153107213,0.0600899261839404,-0.00558310078167559,0.128261261242885,0.024035970473576,-0.00223324031267028,0,0,0,0,0,0,0,0,0,0,0,0
14.7826461001508,0.321253934881454,0.0600338515038581,-0.00562878659312562,0.128501573952582,0.0240135406015431,-0.00225151463725028,0,0,0,0,0,0,0,0,0,0,0,0
14.7926488057747,0.321854153473166,0.0599773202970983,-0.00567438129545336,0.128741661389266,0.0239909281188393,-0.00226975251818139,0,0,0,0,0,0,0,0,0,0,0,0
14.8026515113986,0.322453804320418,0.0599203334787362,-0.00571988414162118,0.128981521728167,0.0239681333914943,-0.00228795365664852,0,0,0,0,0,0,0,0,0,0,0,0
14.8126542170224,0.323052882870469,0.0598628919713125,-0.00576529438586126,0.129221153148188,0.0239451567885249,-0.00230611775434455,0,0,0,0,0,0,0,0,0,0,0,0
14.8226569226463,0.323651384579844,0.0598049967048217,-0.00581061128368644,0.129460553831938,0.0239219986819286,-0.00232424451347465,0,0,0,0,0,0,0,0,0,0,0,0
14.8326596282702,0.324249304914405,0.0597466486166985,-0.00585583409190152,0.129699721965762,0.0238986594466793,-0.00234233363676065,0,0,0,0,0,0,0,0,0,0,0,0
14.8426623338941,0.324846639349432,0.0596878486518053,-0.00590096206861388,0.129938655739773,0.023875139460722,-0.00236038482744559,0,0,0,0,0,0,0,0,0,0,0,0
14.8526650395179,0.325443383369689,0.0596285977624185,-0.00594599447324468,0.130177353347876,0.0238514391049673,-0.0023783977892979,0,0,0,0,0,0,0,0,0,0,0,0
14.8626677451418,0.326039532469506,0.0595688969082159,-0.00599093056653997,0.130415812987802,0.0238275587632863,-0.00239637222661603,0,0,0,0,0,0,0,0,0,0,0,0
14.8726704507657,0.326635082152848,0.0595087470562633,-0.00603576961058146,0.130654032861139,0.0238034988225052,-0.00241430784423263,0,0,0,0,0,0,0,0,0,0,0,0
14.8826731563896,0.327230027933389,0.0594481491810007,-0.00608051086879767,0.130892011173356,0.0237792596724002,-0.00243220434751913,0,0,0,0,0,0,0,0,0,0,0,0
14.8926758620135,0.327824365334589,0.0593871042642291,-0.00612515360597478,0.131129746133836,0.0237548417056915,-0.00245006144238997,0,0,0,0,0,0,0,0,0,0,0,0
14.9026785676373,0.328418089889764,0.0593256132950969,-0.00616969708826774,0.131367235955906,0.0237302453180386,-0.00246787883530714,0,0,0,0,0,0,0,0,0,0,0,0
14.9126812732612,0.329011197142161,0.0592636772700857,-0.00621414058321125,0.131604478856864,0.0237054709080342,-0.00248565623328455,0,0,0,0,0,0,0,0,0,0,0,0
14.9226839788851,0.329603682645031,0.0592012971929973,-0.00625848335973063,0.131841473058012,0.0236805188771988,-0.0025033933438923,0,0,0,0,0,0,0,0,0,0,0,0
14.932686684509,0.330195541961704,0.0591384740749389,-0.00630272468815304,0.132078216784681,0.0236553896299755,-0.00252108987526127,0,0,0,0,0,0,0,0,0,0,0,0
14.9426893901328,0.330786770665657,0.0590752089343096,-0.0063468638402183,0.132314708266263,0.0236300835737238,-0.00253874553608737,0,0,0,0,0,0,0,0,0,0,0,0
14.9526920957567,0.331377364340593,0.0590115027967856,-0.00639090008908989,0.132550945736237,0.0236046011187142,-0.002556360035636,0,0,0,0,0,0,0,0,0,0,0,0
14.9626948013806,0.33196731858051,0.0589473566953064,-0.00643483270936603,0.132786927432204,0.0235789426781225,-0.00257393308374647,0,0,0,0,0,0,0,0,0,0,0,0
14.9726975070045,0.332556628989775,0.0588827716700603,-0.00647866097709062,0.13302265159591,0.0235531086680241,-0.00259146439083631,0,0,0,0,0,0,0,0,0,0,0,0
14.9827002126283,0.333145291183194,0.0588177487684701,-0.00652238416976432,0.133258116473278,0.0235270995073879,-0.00260895366790577,0,0,0,0,0,0,0,0,0,0,0,0
14.9927029182522,0.333733300786088,0.0587522890451775,-0.00656600156635528,0.133493320314435,0.0235009156180709,-0.00262640062654216,0,0,0,0,0,0,0,0,0,0,0,0
15.0027056238761,0.334320653434363,0.05868639356203,-0.00660951244731047,0.133728261373745,0.0234745574248119,-0.00264380497892424,0,0,0,0,0,0,0,0,0,0,0,0
15.0127083295,0.334907344774582,0.0586200633880645,-0.00665291609456651,0.133962937909833,0.0234480253552257,-0.00266116643782665,0,0,0,0,0,0,0,0,0,0,0,0
15.0227110351238,0.335493370464037,0.0585532995994931,-0.00669621179156059,0.134197348185615,0.0234213198397972,-0.00267848471662428,0,0,0,0,0,0,0,0,0,0,0,0
15.0327137407477,0.336078726170821,0.0584861032796881,-0.00673939882324175,0.134431490468328,0.0233944413118752,-0.00269575952929673,0,0,0,0,0,0,0,0,0,0,0,0
15.0427164463716,0.3366634075739,0.0584184755191665,-0.00678247647608139,0.13466536302956,0.0233673902076665,-0.00271299059043258,0,0,0,0,0,0,0,0,0,0,0,0
15.0527191519955,0.337247410363183,0.0583504174155748,-0.00682544403808472,0.134898964145273,0.0233401669662298,-0.00273017761523395,0,0,0,0,0,0,0,0,0,0,0,0
15.0627218576193,0.337830730239594,0.0582819300736738,-0.00686830079880165,0.135132292095838,0.0233127720294695,-0.0027473203195207,0,0,0,0,0,0,0,0,0,0,0,0
15.0727245632432,0.338413362915144,0.058213014605323,-0.00691104604933763,0.135365345166058,0.0232852058421291,-0.0027644184197351,0,0,0,0,0,0,0,0,0,0,0,0
15.0827272688671,0.338995304113001,0.0581436721294644,-0.00695367908236463,0.1355981216452,0.0232574688517857,-0.00278147163294589,0,0,0,0,0,0,0,0,0,0,0,0
15.092729974491,0.339576549567559,0.0580739037721082,-0.00699619919213249,0.135830619827023,0.0232295615088432,-0.00279847967685304,0,0,0,0,0,0,0,0,0,0,0,0
15.1027326801148,0.340157095024512,0.0580037106663155,-0.00703860567447937,0.136062838009805,0.0232014842665261,-0.00281544226979178,0,0,0,0,0,0,0,0,0,0,0,0
15.1127353857387,0.340736936240923,0.0579330939521827,-0.00708089782684324,0.136294774496369,0.023173237580873,-0.00283235913073735,0,0,0,0,0,0,0,0,0,0,0,0
15.1227380913626,0.341316068985294,0.0578620547768265,-0.0071230749482726,0.136526427594118,0.0231448219107305,-0.0028492299793091,0,0,0,0,0,0,0,0,0,0,0,0
15.1327407969865,0.341894489037636,0.0577905942943661,-0.00716513633943752,0.136757795615054,0.0231162377177464,-0.00286605453577505,0,0,0,0,0,0,0,0,0,0,0,0
15.1427435026104,0.342472192189539,0.0577187136659082,-0.00720708130264066,0.136988876875815,0.0230874854663631,-0.0028828325210563,0,0,0,0,0,0,0,0,0,0,0,0
15.1527462082342,0.343049174244242,0.0576464140595299,-0.0072489091418283,0.137219669697697,0.0230585656238119,-0.00289956365673137,0,0,0,0,0,0,0,0,0,0,0,0
15.1627489138581,0.343625431016704,0.0575736966502628,-0.0072906191626013,0.137450172406681,0.023029478660105,-0.00291624766504057,0,0,0,0,0,0,0,0,0,0,0,0
15.172751619482,0.344200958333671,0.0575005626200756,-0.00733221067222594,0.137680383333468,0.0230002250480301,-0.00293288426889044,0,0,0,0,0,0,0,0,0,0,0,0
15.1827543251059,0.344775752033747,0.0574270131578582,-0.00737368297964534,0.137910300813499,0.0229708052631431,-0.00294947319185818,0,0,0,0,0,0,0,0,0,0,0,0
15.1927570307297,0.345349807967462,0.0573530494594041,-0.00741503539548981,0.138139923186985,0.0229412197837615,-0.00296601415819598,0,0,0,0,0,0,0,0,0,0,0,0
15.2027597363536,0.345923121997343,0.0572786727273945,-0.00745626723208857,0.138369248798937,0.0229114690909577,-0.00298250689283548,0,0,0,0,0,0,0,0,0,0,0,0
15.2127624419775,0.34649568999798,0.05720388417138,-0.00749737780348006,0.138598275999192,0.0228815536685519,-0.0029989511213921,0,0,0,0,0,0,0,0,0,0,0,0
15.2227651476014,0.347067507856097,0.0571286850077645,-0.00753836642542353,0.138827003142439,0.0228514740031057,-0.00301534657016948,0,0,0,0,0,0,0,0,0,0,0,0
15.2327678532252,0.347638571470619,0.0570530764597872,-0.00757923241540962,0.139055428588248,0.0228212305839148,-0.00303169296616388,0,0,0,0,0,0,0,0,0,0,0,0
15.2427705588491,0.348208876752741,0.0569770597575057,-0.00761997509267141,0.139283550701097,0.0227908239030022,-0.00304799003706861,0,0,0,0,0,0,0,0,0,0,0,0
15.252773264473,0.348778419625997,0.0569006361377784,-0.00766059377819576,0.139511367850399,0.0227602544551112,-0.00306423751127832,0,0,0,0,0,0,0,0,0,0,0,0
15.2627759700969,0.349347196026324,0.0568238068442468,-0.00770108779473368,0.139738878410529,0.0227295227376986,-0.00308043511789352,0,0,0,0,0,0,0,0,0,0,0,0
15.2727786757207,0.349915201902135,0.0567465731273178,-0.00774145646681205,0.139966080760854,0.022698629250927,-0.00309658258672486,0,0,0,0,0,0,0,0,0,0,0,0
15.2827813813446,0.350482433214385,0.0566689362441461,-0.00778169912074392,0.140192973285754,0.0226675744976583,-0.00311267964829764,0,0,0,0,0,0,0,0,0,0,0,0
15.2927840869685,0.351048885936634,0.0565908974586156,-0.00782181508464022,0.140419554374654,0.0226363589834462,-0.00312872603385611,0,0,0,0,0,0,0,0,0,0,0,0
15.3027867925924,0.351614556055122,0.0565124580413226,-0.00786180368841988,0.140645822422049,0.022604983216529,-0.00314472147536799,0,0,0,0,0,0,0,0,0,0,0,0
15.3127894982162,0.35217943956883,0.0564336192695566,-0.00790166426382175,0.140871775827532,0.0225734477078226,-0.00316066570552874,0,0,0,0,0,0,0,0,0,0,0,0
15.3227922038401,0.352743532489547,0.0563543824272824,-0.00794139614441489,0.141097412995819,0.0225417529709128,-0.00317655845776602,0,0,0,0,0,0,0,0,0,0,0,0
15.332794909464,0.353306830841943,0.0562747488051211,-0.00798099866560996,0.141322732336777,0.0225098995220484,-0.00319239946624401,0,0,0,0,0,0,0,0,0,0,0,0
15.3427976150879,0.353869330663625,0.0561947197003335,-0.00802047116466986,0.14154773226545,0.0224778878801333,-0.00320818846586801,0,0,0,0,0,0,0,0,0,0,0,0
15.3528003207118,0.354431028005214,0.0561142964167993,-0.00805981298072138,0.141772411202086,0.0224457185667196,-0.00322392519228857,0,0,0,0,0,0,0,0,0,0,0,0
15.3628030263356,0.354991918930405,0.0560334802649997,-0.00809902345476524,0.141996767572162,0.0224133921059997,-0.00323960938190618,0,0,0,0,0,0,0,0,0,0,0,0
15.3728057319595,0.355551999516034,0.0559522725619979,-0.00813810192968808,0.142220799806414,0.0223809090247991,-0.00325524077187527,0,0,0,0,0,0,0,0,0,0,0,0
15.3828084375834,0.356111265852143,0.055870674631421,-0.00817704775027255,0.142444506340857,0.0223482698525683,-0.00327081910010909,0,0,0,0,0,0,0,0,0,0,0,0
15.3928111432073,0.356669714042049,0.0557886878034405,-0.00821586026320906,0.142667885616819,0.022315475121376,-0.00328634410528368,0,0,0,0,0,0,0,0,0,0,0,0
15.4028138488311,0.357227340202404,0.0557063134147526,-0.00825453881710629,0.142890936080962,0.0222825253659009,-0.00330181552684258,0,0,0,0,0,0,0,0,0,0,0,0
15.412816554455,0.357784140463267,0.0556235528085603,-0.00829308276250231,0.143113656185306,0.022249421123424,-0.003317233105001,0,0,0,0,0,0,0,0,0,0,0,0
15.4228192600789,0.35834011096816,0.0555404073345527,-0.00833149145187569,0.143336044387264,0.022216162933821,-0.00333259658075036,0,0,0,0,0,0,0,0,0,0,0,0
15.4328219657028,0.358895247874143,0.0554568783488866,-0.00836976423965644,0.143558099149657,0.0221827513395545,-0.00334790569586262,0,0,0,0,0,0,0,0,0,0,0,0
15.4428246713266,0.35944954735187,0.0553729672141658,-0.0084079004822368,0.143779818940748,0.0221491868856662,-0.00336316019289477,0,0,0,0,0,0,0,0,0,0,0,0
15.4528273769505,0.36000300558566,0.0552886752994226,-0.00844589953798253,0.144001202234264,0.0221154701197689,-0.00337835981519306,0,0,0,0,0,0,0,0,0,0,0,0
15.4628300825744,0.360555618773554,0.0552040039800973,-0.00848376076724379,0.144222247509422,0.0220816015920388,-0.00339350430689757,0,0,0,0,0,0,0,0,0,0,0,0
15.4728327881983,0.361107383127387,0.0551189546380186,-0.00852148353236597,0.144442953250955,0.0220475818552073,-0.00340859341294643,0,0,0,0,0,0,0,0,0,0,0,0
15.4828354938221,0.361658294872845,0.055033528661383,-0.00855906719770107,0.144663317949138,0.0220134114645531,-0.00342362687908047,0,0,0,0,0,0,0,0,0,0,0,0
15.492838199446,0.362208350249533,0.0549477274447357,-0.00859651112961827,0.144883340099813,0.0219790909778942,-0.00343860445184736,0,0,0,0,0,0,0,0,0,0,0,0
15.5028409050699,0.362757545511038,0.0548615523889494,-0.00863381469651527,0.145103018204415,0.0219446209555796,-0.00345352587860617,0,0,0,0,0,0,0,0,0,0,0,0
15.5128436106938,0.363305876924988,0.0547750049012043,-0.00867097726882891,0.145322350769995,0.0219100019604816,-0.0034683909075316,0,0,0,0,0,0,0,0,0,0,0,0
15.5228463163176,0.363853340773121,0.054688086394968,-0.00870799821904655,0.145541336309248,0.0218752345579871,-0.00348319928761865,0,0,0,0,0,0,0,0,0,0,0,0
15.5328490219415,0.364399933351342,0.0546007982899747,-0.00874487692171687,0.145759973340537,0.0218403193159897,-0.0034979507686868,0,0,0,0,0,0,0,0,0,0,0,0
15.5428517275654,0.364945650969792,0.0545131420122037,-0.00878161275346081,0.145978260387917,0.0218052568048814,-0.0035126451013844,0,0,0,0,0,0,0,0,0,0,0,0
15.5528544331893,0.365490489952903,0.0544251189938601,-0.00881820509298278,0.146196195981161,0.0217700475975439,-0.00352728203719318,0,0,0,0,0,0,0,0,0,0,0,0
15.5628571388131,0.366034446639467,0.0543367306733531,-0.00885465332108136,0.146413778655787,0.0217346922693411,-0.00354186132843261,0,0,0,0,0,0,0,0,0,0,0,0
15.572859844437,0.366577517382695,0.0542479784952748,-0.00889095682066057,0.146631006953078,0.0216991913981099,-0.0035563827282643,0,0,0,0,0,0,0,0,0,0,0,0
15.5828625500609,0.367119698550275,0.0541588639103795,-0.00892711497674071,0.14684787942011,0.0216635455641517,-0.00357084599069632,0,0,0,0,0,0,0,0,0,0,0,0
15.5928652556848,0.367660986524441,0.0540693883755623,-0.00896312717646928,0.147064394609776,0.0216277553502248,-0.00358525087058777,0,0,0,0,0,0,0,0,0,0,0,0
15.6028679613087,0.368201377702027,0.0539795533538377,-0.00899899280913224,0.147280551080811,0.021591821341535,-0.00359959712365294,0,0,0,0,0,0,0,0,0,0,0,0
15.6128706669325,0.368740868494538,0.0538893603143183,-0.00903471126616483,0.147496347397815,0.0215557441257272,-0.00361388450646599,0,0,0,0,0,0,0,0,0,0,0,0
15.6228733725564,0.369279455328196,0.0537988107321936,-0.00907028194116244,0.147711782131278,0.0215195242928773,-0.003628112776465,0,0,0,0,0,0,0,0,0,0,0,0
15.6328760781803,0.369817134644016,0.0537079060887075,-0.00910570422989177,0.147926853857606,0.0214831624354828,-0.00364228169195677,0,0,0,0,0,0,0,0,0,0,0,0
15.6428787838042,0.370353902897857,0.0536166478711366,-0.00914097753030205,0.148141561159143,0.0214466591484545,-0.00365639101212085,0,0,0,0,0,0,0,0,0,0,0,0
15.652881489428,0.370889756560484,0.0535250375727696,-0.00917610124253546,0.148355902624193,0.0214100150291077,-0.00367044049701423,0,0,0,0,0,0,0,0,0,0,0,0
15.6628841950519,0.371424692117629,0.0534330766928839,-0.0092110747689386,0.148569876847052,0.0213732306771534,-0.00368442990757544,0,0,0,0,0,0,0,0,0,0,0,0
15.6728869006758,0.371958706070054,0.0533407667367237,-0.00924589751407315,0.148783482428022,0.0213363066946893,-0.00369835900562935,0,0,0,0,0,0,0,0,0,0,0,0
15.6828896062997,0.372491794933603,0.0532481092154787,-0.00928056888472745,0.148996717973441,0.0212992436861913,-0.00371222755389101,0,0,0,0,0,0,0,0,0,0,0,0
15.6928923119235,0.373023955239269,0.0531551056462604,-0.00931508828992661,0.149209582095708,0.021262042258504,-0.00372603531597072,0,0,0,0,0,0,0,0,0,0,0,0
15.7028950175474,0.373555183533247,0.0530617575520812,-0.00934945514094434,0.149422073413299,0.0212247030208324,-0.0037397820563778,0,0,0,0,0,0,0,0,0,0,0,0
15.7128977231713,0.374085476376996,0.0529680664618305,-0.00938366885131341,0.149634190550799,0.0211872265847321,-0.00375346754052539,0,0,0,0,0,0,0,0,0,0,0,0
15.7229004287952,0.374614830347301,0.0528740339102529,-0.00941772883683668,0.14984593213892,0.0211496135641011,-0.00376709153473473,0,0,0,0,0,0,0,0,0,0,0,0
15.732903134419,0.375143242036323,0.0527796614379252,-0.00945163451559858,0.150057296814529,0.0211118645751699,-0.00378065380623947,0,0,0,0,0,0,0,0,0,0,0,0
15.7429058400429,0.375670708051663,0.0526849505912328,-0.00948538530797539,0.150268283220665,0.0210739802364931,-0.00379415412319024,0,0,0,0,0,0,0,0,0,0,0,0
15.7529085456668,0.376197225016422,0.0525899029223485,-0.00951898063664698,0.150478890006569,0.0210359611689393,-0.00380759225465888,0,0,0,0,0,0,0,0,0,0,0,0
15.7629112512907,0.376722789569253,0.0524945199892074,-0.00955241992660713,0.150689115827701,0.0209978079956829,-0.00382096797064293,0,0,0,0,0,0,0,0,0,0,0,0
15.7729139569145,0.377247398364423,0.052398803355485,-0.00958570260517491,0.150898959345769,0.0209595213421938,-0.00383428104207004,0,0,0,0,0,0,0,0,0,0,0,0
15.7829166625384,0.377771048071867,0.0523027545905735,-0.00961882810200559,0.151108419228747,0.0209211018362292,-0.00384753124080227,0,0,0,0,0,0,0,0,0,0,0,0
15.7929193681623,0.378293735377246,0.0522063752695579,-0.00965179584910145,0.151317494150898,0.020882550107823,-0.00386071833964067,0,0,0,0,0,0,0,0,0,0,0,0
15.8029220737862,0.378815456982006,0.0521096669731937,-0.0096846052808234,0.151526182792802,0.0208438667892773,-0.0038738421123294,0,0,0,0,0,0,0,0,0,0,0,0
15.8129247794101,0.379336209603436,0.0520126312878819,-0.00971725583390094,0.151734483841374,0.0208050525151527,-0.00388690233356045,0,0,0,0,0,0,0,0,0,0,0,0
15.8229274850339,0.379855989974714,0.0519152698056461,-0.00974974694744423,0.151942395989886,0.0207661079222583,-0.00389989877897774,0,0,0,0,0,0,0,0,0,0,0,0
15.8329301906578,0.380374794844978,0.0518175841241081,-0.00978207806295424,0.152149917937991,0.0207270336496431,-0.00391283122518173,0,0,0,0,0,0,0,0,0,0,0,0
15.8429328962817,0.38089262097937,0.0517195758464645,-0.00981424862433428,0.152357048391748,0.0206878303385857,-0.00392569944973376,0,0,0,0,0,0,0,0,0,0,0,0
15.8529356019056,0.381409465159098,0.0516212465814623,-0.00984625807790075,0.152563786063639,0.0206484986325848,-0.00393850323116036,0,0,0,0,0,0,0,0,0,0,0,0
15.8629383075294,0.381925324181488,0.0515225979433742,-0.00987810587239427,0.152770129672595,0.0206090391773496,-0.00395124234895778,0,0,0,0,0,0,0,0,0,0,0,0
15.8729410131533,0.382440194860042,0.0514236315519757,-0.00990979145899037,0.152976077944017,0.0205694526207901,-0.00396391658359622,0,0,0,0,0,0,0,0,0,0,0,0
15.8829437187772,0.382954074024492,0.0513243490325191,-0.00994131429131105,0.153181629609797,0.0205297396130075,-0.00397652571652449,0,0,0,0,0,0,0,0,0,0,0,0
15.8929464244011,0.383466958520852,0.0512247520157098,-0.00997267382543517,0.153386783408341,0.0204899008062837,-0.00398906953017411,0,0,0,0,0,0,0,0,0,0,0,0
15.9029491300249,0.383978845211477,0.0511248421376818,-0.0100038695199097,0.153591538084591,0.0204499368550725,-0.00400154780796395,0,0,0,0,0,0,0,0,0,0,0,0
15.9129518356488,0.384489730975113,0.0510246210399725,-0.010034900835761,0.153795892390045,0.0204098484159888,-0.00401396033430442,0,0,0,0,0,0,0,0,0,0,0,0
15.9229545412727,0.384999612706954,0.050924090369498,-0.0100657672365051,0.153999845082781,0.020369636147799,-0.00402630689460212,0,0,0,0,0,0,0,0,0,0,0,0
15.9329572468966,0.385508487318692,0.0508232517785285,-0.0100964681881595,0.154203394927477,0.0203293007114112,-0.00403858727526383,0,0,0,0,0,0,0,0,0,0,0,0
15.9429599525204,0.386016351738578,0.0507221069246624,-0.0101270031592536,0.154406540695431,0.0202888427698649,-0.00405080126370152,0,0,0,0,0,0,0,0,0,0,0,0
15.9529626581443,0.386523202911465,0.0506206574708023,-0.01015737162084,0.154609281164586,0.0202482629883208,-0.00406294864833603,0,0,0,0,0,0,0,0,0,0,0,0
15.9629653637682,0.387029037798867,0.0505189050851286,-0.0101875730465052,0.154811615119546,0.0202075620340513,-0.00407502921860212,0,0,0,0,0,0,0,0,0,0,0,0
15.9729680693921,0.387533853379012,0.0504168514410745,-0.010217606912381,0.155013541351605,0.0201667405764297,-0.00408704276495243,0,0,0,0,0,0,0,0,0,0,0,0
15.9829707750159,0.388037646646892,0.0503144982173008,-0.0102474726971551,0.155215058658757,0.0201257992869202,-0.0040989890788621,0,0,0,0,0,0,0,0,0,0,0,0
15.9929734806398,0.388540414614317,0.0502118470976697,-0.0102771698820824,0.155416165845727,0.0200847388390677,-0.00411086795283296,0,0,0,0,0,0,0,0,0,0,0,0
16.0029761862637,0.389042154309966,0.0501088997712194,-0.0103066979509956,0.155616861723986,0.0200435599084877,-0.00412267918039829,0,0,0,0,0,0,0,0,0,0,0,0
16.0129788918876,0.389542862779438,0.0500056579321389,-0.0103360563903168,0.155817145111775,0.0200022631728554,-0.00413442255612678,0,0,0,0,0,0,0,0,0,0,0,0
16.0229815975114,0.390042537085305,0.0499021232797403,-0.0103652446890679,0.156017014834122,0.0199608493118959,-0.00414609787562719,0,0,0,0,0,0,0,0,0,0,0,0
16.0329843031353,0.390541174307159,0.0497982975184344,-0.0103942623388818,0.156216469722864,0.0199193190073737,-0.00415770493555278,0,0,0,0,0,0,0,0,0,0,0,0
16.0429870087592,0.391038771541672,0.0496941823577042,-0.0104231088340136,0.156415508616669,0.0198776729430816,-0.00416924353360552,0,0,0,0,0,0,0,0,0,0,0,0
16.0529897143831,0.391535325902636,0.0495897795120777,-0.0104517836713515,0.156614130361054,0.019835911804831,-0.00418071346854064,0,0,0,0,0,0,0,0,0,0,0,0
16.0629924200069,0.39203083452102,0.0494850907011027,-0.0104802863504273,0.156812333808408,0.019794036280441,-0.00419211454017099,0,0,0,0,0,0,0,0,0,0,0,0
16.0729951256308,0.392525294545018,0.0493801176493194,-0.0105086163734282,0.157010117818007,0.0197520470597276,-0.00420344654937136,0,0,0,0,0,0,0,0,0,0,0,0
16.0829978312547,0.393018703140098,0.0492748620862345,-0.0105367732452073,0.157207481256039,0.0197099448344937,-0.00421470929808298,0,0,0,0,0,0,0,0,0,0,0,0
16.0930005368786,0.393511057489053,0.0491693257462941,-0.0105647564732947,0.157404422995621,0.0196677302985175,-0.00422590258931792,0,0,0,0,0,0,0,0,0,0,0,0
16.1030032425025,0.39400235479205,0.0490635103688564,-0.0105925655679084,0.15760094191682,0.0196254041475424,-0.00423702622716343,0,0,0,0,0,0,0,0,0,0,0,0
16.1130059481263,0.394492592266678,0.0489574176981656,-0.0106202000419655,0.157797036906671,0.0195829670792661,-0.00424808001678627,0,0,0,0,0,0,0,0,0,0,0,0
16.1230086537502,0.394981767148,0.0488510494833247,-0.010647659411093,0.1579927068592,0.0195404197933297,-0.00425906376443727,0,0,0,0,0,0,0,0,0,0,0,0
16.1330113593741,0.395469876688595,0.0487444074782679,-0.0106749431936391,0.158187950675438,0.019497762991307,-0.00426997727745567,0,0,0,0,0,0,0,0,0,0,0,0
16.143014064998,0.395956918158613,0.0486374934417335,-0.0107020509106834,0.158382767263445,0.0194549973766933,-0.00428082036427341,0,0,0,0,0,0,0,0,0,0,0,0
16.1530167706218,0.396442888845819,0.0485303091372371,-0.0107289820860492,0.158577155538328,0.0194121236548947,-0.00429159283441974,0,0,0,0,0,0,0,0,0,0,0,0
16.1630194762457,0.396927786055643,0.0484228563330426,-0.0107557362463132,0.158771114422257,0.019369142533217,-0.00430229449852536,0,0,0,0,0,0,0,0,0,0,0,0
16.1730221818696,0.397411607111222,0.0483151368021367,-0.0107823129208175,0.158964642844489,0.0193260547208546,-0.00431292516832705,0,0,0,0,0,0,0,0,0,0,0,0
16.1830248874935,0.397894349353457,0.0482071523221995,-0.0108087116416796,0.159157739741383,0.0192828609288796,-0.0043234846566719,0,0,0,0,0,0,0,0,0,0,0,0
16.1930275931173,0.398376010141051,0.048098904675577,-0.0108349319438043,0.15935040405642,0.0192395618702306,-0.00433397277752182,0,0,0,0,0,0,0,0,0,0,0,0
16.2030302987412,0.398856586850557,0.0479903956492539,-0.0108609733648944,0.159542634740223,0.0191961582597014,-0.00434438934595779,0,0,0,0,0,0,0,0,0,0,0,0
16.2130330043651,0.399336076876429,0.0478816270348252,-0.0108868354454613,0.159734430750571,0.0191526508139299,-0.00435473417818462,0,0,0,0,0,0,0,0,0,0,0,0
16.223035709989,0.399814477631061,0.0477726006284674,-0.0109125177288366,0.159925791052424,0.0191090402513868,-0.00436500709153472,0,0,0,0,0,0,0,0,0,0,0,0
16.2330384156128,0.40029178654484,0.0476633182309109,-0.0109380197611828,0.160116714617936,0.0190653272923643,-0.00437520790447318,0,0,0,0,0,0,0,0,0,0,0,0
16.2430411212367,0.400768001066186,0.0475537816474122,-0.0109633410915041,0.160307200426475,0.0190215126589648,-0.00438533643660166,0,0,0,0,0,0,0,0,0,0,0,0
16.2530438268606,0.4012431186616,0.0474439926877237,-0.0109884812716577,0.16049724746464,0.0189775970750893,-0.00439539250866313,0,0,0,0,0,0,0,0,0,0,0,0
16.2630465324845,0.401717136815707,0.0473339531660667,-0.0110134398563648,0.160686854726282,0.0189335812664265,-0.00440537594254594,0,0,0,0,0,0,0,0,0,0,0,0
16.2730492381083,0.4021900530313,0.0472236649011021,-0.0110382164032213,0.16087602121252,0.0188894659604407,-0.00441528656128861,0,0,0,0,0,0,0,0,0,0,0,0
16.2830519437322,0.402661864829389,0.0471131297159015,-0.0110628104727092,0.161064745931756,0.0188452518863604,-0.00442512418908377,0,0,0,0,0,0,0,0,0,0,0,0
16.2930546493561,0.403132569749238,0.0470023494379182,-0.0110872216282073,0.161253027899695,0.0188009397751671,-0.004434888651283,0,0,0,0,0,0,0,0,0,0,0,0
16.30305735498,0.403602165348415,0.046891325898959,-0.011111449436002,0.161440866139366,0.0187565303595834,-0.00444457977440087,0,0,0,0,0,0,0,0,0,0,0,0
16.3130600606039,0.404070649202832,0.0467800609351533,-0.011135493465299,0.161628259681133,0.0187120243740612,-0.00445419738611971,0,0,0,0,0,0,0,0,0,0,0,0
16.3230627662277,0.404538018906786,0.0466685563869264,-0.0111593532882337,0.161815207562714,0.0186674225547705,-0.00446374131529357,0,0,0,0,0,0,0,0,0,0,0,0
16.3330654718516,0.40500427207301,0.0465568140989679,-0.0111830284798821,0.162001708829204,0.018622725639587,-0.00447321139195287,0,0,0,0,0,0,0,0,0,0,0,0
16.3430681774755,0.405469406332705,0.0464448359202025,-0.0112065186182723,0.162187762533082,0.0185779343680809,-0.00448260744730899,0,0,0,0,0,0,0,0,0,0,0,0
16.3530708830994,0.405933419335591,0.0463326237037622,-0.0112298232843952,0.162373367734236,0.0185330494815048,-0.00449192931375816,0,0,0,0,0,0,0,0,0,0,0,0
16.3630735887232,0.406396308749942,0.0462201793069542,-0.0112529420622156,0.162558523499977,0.0184880717227816,-0.00450117682488631,0,0,0,0,0,0,0,0,0,0,0,0
16.3730762943471,0.406858072262633,0.0461075045912334,-0.0112758745386829,0.162743228905053,0.0184430018364932,-0.00451034981547323,0,0,0,0,0,0,0,0,0,0,0,0
16.383078999971,0.407318707579179,0.04599460142217,-0.0112986203037426,0.162927483031672,0.0183978405688679,-0.00451944812149715,0,0,0,0,0,0,0,0,0,0,0,0
16.3930817055949,0.407778212423777,0.0458814716694221,-0.0113211789503468,0.163111284969511,0.0183525886677686,-0.0045284715801388,0,0,0,0,0,0,0,0,0,0,0,0
16.4030844112187,0.408236584539342,0.0457681172067035,-0.0113435500744656,0.163294633815737,0.0183072468826812,-0.00453742002978633,0,0,0,0,0,0,0,0,0,0,0,0
16.4130871168426,0.408693821687556,0.0456545399117542,-0.0113657332750975,0.163477528675023,0.0182618159647016,-0.00454629331003908,0,0,0,0,0,0,0,0,0,0,0,0
16.4230898224665,0.409149921648903,0.0455407416663111,-0.0113877281542813,0.163659968659561,0.0182162966665242,-0.0045550912617126,0,0,0,0,0,0,0,0,0,0,0,0
16.4330925280904,0.409604882222705,0.0454267243560753,-0.0114095343171065,0.163841952889082,0.01817068974243,-0.00456381372684262,0,0,0,0,0,0,0,0,0,0,0,0
16.4430952337142,0.41005870122717,0.0453124898706835,-0.0114311513717239,0.164023480490868,0.0181249959482734,-0.00457246054868965,0,0,0,0,0,0,0,0,0,0,0,0
16.4530979393381,0.410511376499428,0.0451980401036766,-0.0114525789293577,0.164204550599771,0.0180792160414705,-0.00458103157174311,0,0,0,0,0,0,0,0,0,0,0,0
16.463100644962,0.410962905895563,0.0450833769524681,-0.0114738166043154,0.164385162358225,0.0180333507809872,-0.00458952664172625,0,0,0,0,0,0,0,0,0,0,0,0
16.4731033505859,0.411413287290665,0.0449685023183155,-0.0114948640139996,0.164565314916266,0.0179874009273261,-0.00459794560559993,0,0,0,0,0,0,0,0,0,0,0,0
16.4831060562097,0.411862518578855,0.0448534181062861,-0.0115157207789186,0.164745007431542,0.0179413672425142,-0.0046062883115675,0,0,0,0,0,0,0,0,0,0,0,0
16.4931087618336,0.412310597673331,0.0447381262252287,-0.0115363865226972,0.164924239069332,0.0178952504900913,-0.00461455460907893,0,0,0,0,0,0,0,0,0,0,0,0
16.5031114674575,0.412757522506403,0.0446226285877408,-0.0115568608720882,0.165103009002561,0.0178490514350962,-0.00462274434883533,0,0,0,0,0,0,0,0,0,0,0,0
16.5131141730814,0.413203291029533,0.0445069271101377,-0.011577143456983,0.165281316411813,0.0178027708440549,-0.00463085738279327,0,0,0,0,0,0,0,0,0,0,0,0
16.5231168787053,0.413647901213366,0.0443910237124214,-0.0115972339104229,0.165459160485346,0.0177564094849684,-0.00463889356416925,0,0,0,0,0,0,0,0,0,0,0,0
16.5331195843291,0.414091351047773,0.0442749203182483,-0.0116171318686098,0.165636540419109,0.0177099681272991,-0.00464685274744399,0,0,0,0,0,0,0,0,0,0,0,0
16.543122289953,0.414533638541885,0.0441586188548978,-0.0116368369709172,0.165813455416754,0.0176634475419589,-0.00465473478836695,0,0,0,0,0,0,0,0,0,0,0,0
16.5531249955769,0.414974761724126,0.044042121253241,-0.0116563488599015,0.165989904689651,0.0176168485012962,-0.0046625395439607,0,0,0,0,0,0,0,0,0,0,0,0
16.5631277012008,0.415414718642257,0.0439254294477082,-0.011675667181313,0.166165887456903,0.0175701717790832,-0.00467026687252528,0,0,0,0,0,0,0,0,0,0,0,0
16.5731304068246,0.415853507363402,0.0438085453762576,-0.0116947915841062,0.166341402945361,0.0175234181505029,-0.00467791663364253,0,0,0,0,0,0,0,0,0,0,0,0
16.5831331124485,0.416291125974088,0.043691470980342,-0.0117137217204517,0.166516450389635,0.0174765883921365,-0.00468548868818073,0,0,0,0,0,0,0,0,0,0,0,0
16.5931358180724,0.41672757258028,0.0435742082048777,-0.0117324572457467,0.166691029032112,0.0174296832819508,-0.00469298289829875,0,0,0,0,0,0,0,0,0,0,0,0
16.6031385236963,0.417162845307416,0.0434567589982118,-0.0117509978186258,0.166865138122966,0.0173827035992845,-0.0047003991274504,0,0,0,0,0,0,0,0,0,0,0,0
16.6131412293201,0.417596942300436,0.0433391253120894,-0.0117693431009727,0.167038776920174,0.0173356501248356,-0.00470773724038919,0,0,0,0,0,0,0,0,0,0,0,0
16.623143934944,0.418029861723822,0.0432213091016221,-0.0117874927579306,0.167211944689529,0.0172885236406487,-0.00471499710317233,0,0,0,0,0,0,0,0,0,0,0,0
16.6331466405679,0.418461601761631,0.0431033123252541,-0.0118054464579133,0.167384640704652,0.0172413249301015,-0.00472217858316541,0,0,0,0,0,0,0,0,0,0,0,0
16.6431493461918,0.418892160617521,0.0429851369447297,-0.0118232038726164,0.167556864247008,0.0171940547778918,-0.00472928154904661,0,0,0,0,0,0,0,0,0,0,0,0
16.6531520518156,0.419321536514794,0.0428667849250616,-0.0118407646770281,0.167728614605917,0.0171467139700245,-0.00473630587081129,0,0,0,0,0,0,0,0,0,0,0,0
16.6631547574395,0.419749727696422,0.042748258234496,-0.01185812854944,0.167899891078568,0.0170993032937983,-0.00474325141977599,0,0,0,0,0,0,0,0,0,0,0,0
16.6731574630634,0.420176732425079,0.0426295588444811,-0.0118752951714586,0.168070692970032,0.0170518235377922,-0.00475011806858352,0,0,0,0,0,0,0,0,0,0,0,0
16.6831601686873,0.420602548983178,0.0425106887296327,-0.0118922642280161,0.168241019593271,0.0170042754918529,-0.00475690569120654,0,0,0,0,0,0,0,0,0,0,0,0
16.6931628743111,0.421027175672898,0.0423916498677022,-0.0119090354073813,0.168410870269159,0.0169566599470808,-0.0047636141629526,0,0,0,0,0,0,0,0,0,0,0,0
16.703165579935,0.421450610816215,0.0422724442395417,-0.0119256084011703,0.168580244326486,0.0169089776958164,-0.00477024336046821,0,0,0,0,0,0,0,0,0,0,0,0
16.7131682855589,0.421872852754935,0.0421530738290717,-0.0119419829043584,0.168749141101974,0.0168612295316286,-0.00477679316174343,0,0,0,0,0,0,0,0,0,0,0,0
16.7231709911828,0.422293899850724,0.0420335406232469,-0.0119581586152898,0.168917559940289,0.0168134162492986,-0.00478326344611599,0,0,0,0,0,0,0,0,0,0,0,0
16.7331736968067,0.422713750485138,0.0419138466120221,-0.0119741352356899,0.169085500194055,0.0167655386448087,-0.00478965409427604,0,0,0,0,0,0,0,0,0,0,0,0
16.7431764024305,0.423132403059654,0.0417939937883191,-0.0119899124706754,0.169252961223861,0.0167175975153275,-0.00479596498827021,0,0,0,0,0,0,0,0,0,0,0,0
16.7531791080544,0.423549855995695,0.0416739841479916,-0.0120054900287656,0.169419942398278,0.0166695936591965,-0.00480219601150633,0,0,0,0,0,0,0,0,0,0,0,0
16.7631818136783,0.423966107734667,0.0415538196897932,-0.0120208676218937,0.169586443093867,0.0166215278759171,-0.00480834704875755,0,0,0,0,0,0,0,0,0,0,0,0
16.7731845193022,0.424381156737979,0.0414335024153408,-0.012036044965417,0.169752462695191,0.0165734009661362,-0.00481441798616689,0,0,0,0,0,0,0,0,0,0,0,0
16.783187224926,0.424795001487078,0.0413130343290812,-0.0120510217781288,0.169918000594831,0.0165252137316322,-0.00482040871125152,0,0,0,0,0,0,0,0,0,0,0,0
16.7931899305499,0.425207640483475,0.041192417438257,-0.0120657977822684,0.17008305619339,0.0164769669753027,-0.00482631911290745,0,0,0,0,0,0,0,0,0,0,0,0
16.8031926361738,0.425619072248772,0.0410716537528726,-0.0120803727035333,0.170247628899509,0.0164286615011488,-0.00483214908141339,0,0,0,0,0,0,0,0,0,0,0,0
16.8131953417977,0.426029295324689,0.0409507452856576,-0.0120947462710893,0.170411718129876,0.0163802981142628,-0.00483789850843581,0,0,0,0,0,0,0,0,0,0,0,0
16.8231980474215,0.426438308273096,0.0408296940520345,-0.0121089182175816,0.170575323309239,0.0163318776208137,-0.00484356728703275,0,0,0,0,0,0,0,0,0,0,0,0
16.8332007530454,0.426846109676032,0.0407085020700818,-0.0121228882791463,0.170738443870413,0.0162834008280326,-0.00484915531165861,0,0,0,0,0,0,0,0,0,0,0,0
16.8432034586693,0.427252698135737,0.0405871713605,-0.0121366561954207,0.170901079254295,0.0162348685441998,-0.00485466247816839,0,0,0,0,0,0,0,0,0,0,0,0
16.8532061642932,0.427658072274677,0.0404657039465764,-0.0121502217095547,0.171063228909871,0.0161862815786305,-0.0048600886838219,0,0,0,0,0,0,0,0,0,0,0,0
16.863208869917,0.428062230735568,0.0403441018541503,-0.0121635845682217,0.171224892294227,0.01613764074166,-0.00486543382728877,0,0,0,0,0,0,0,0,0,0,0,0
16.8732115755409,0.428465172181404,0.0402223671115769,-0.0121767445216299,0.171386068872561,0.0160889468446305,-0.00487069780865197,0,0,0,0,0,0,0,0,0,0,0,0
16.8832142811648,0.428866895295478,0.0401005017496917,-0.0121897013235325,0.171546758118191,0.0160402006998765,-0.00487588052941306,0,0,0,0,0,0,0,0,0,0,0,0
16.8932169867887,0.429267398781411,0.0399785078017768,-0.0122024547312397,0.171706959512564,0.0159914031207104,-0.00488098189249595,0,0,0,0,0,0,0,0,0,0,0,0
16.9032196924125,0.429666681363175,0.039856387303523,-0.012215004505629,0.17186667254527,0.0159425549214089,-0.00488600180225169,0,0,0,0,0,0,0,0,0,0,0,0
16.9132223980364,0.430064741785114,0.0397341422929955,-0.0122273504111566,0.172025896714046,0.0158936569171981,-0.00489094016446263,0,0,0,0,0,0,0,0,0,0,0,0
16.9232251036603,0.430461578811973,0.039611774810598,-0.0122394922158674,0.172184631524789,0.015844709924239,-0.00489579688634705,0,0,0,0,0,0,0,0,0,0,0,0
16.9332278092842,0.430857191228915,0.0394892868990353,-0.0122514296914078,0.172342876491566,0.0157957147596139,-0.00490057187656321,0,0,0,0,0,0,0,0,0,0,0,0
16.943230514908,0.431251577841547,0.0393666806032798,-0.0122631626130353,0.172500631136619,0.0157466722413117,-0.00490526504521423,0,0,0,0,0,0,0,0,0,0,0,0
16.9532332205319,0.431644737475946,0.039243957970532,-0.0122746907596295,0.172657894990379,0.0156975831882126,-0.00490987630385191,0,0,0,0,0,0,0,0,0,0,0,0
16.9632359261558,0.432036668978676,0.0391211210501877,-0.012286013913704,0.17281466759147,0.0156484484200749,-0.00491440556548172,0,0,0,0,0,0,0,0,0,0,0,0
16.9732386317797,0.432427371216807,0.0389981718937995,-0.0122971318614166,0.172970948486723,0.0155992687575197,-0.0049188527445667,0,0,0,0,0,0,0,0,0,0,0,0
16.9832413374036,0.432816843077947,0.0388751125550399,-0.0123080443925805,0.173126737231179,0.0155500450220157,-0.00492321775703229,0,0,0,0,0,0,0,0,0,0,0,0
16.9932440430274,0.433205083470254,0.0387519450896666,-0.0123187513006753,0.173282033388101,0.0155007780358664,-0.00492750052027022,0,0,0,0,0,0,0,0,0,0,0,0
17.0032467486513,0.433592091322458,0.0386286715554837,-0.0123292523828585,0.173436836528983,0.0154514686221933,-0.00493170095314349,0,0,0,0,0,0,0,0,0,0,0,0
17.0132494542752,0.433977865583885,0.0385052940123064,-0.0123395474399754,0.173591146233554,0.0154021176049224,-0.00493581897599025,0,0,0,0,0,0,0,0,0,0,0,0
17.0232521598991,0.434362405224473,0.038381814521924,-0.0123496362765711,0.173744962089789,0.0153527258087694,-0.00493985451062852,0,0,0,0,0,0,0,0,0,0,0,0
17.0332548655229,0.434745709234795,0.0382582351480609,-0.0123595187009009,0.173898283693918,0.0153032940592243,-0.00494380748036047,0,0,0,0,0,0,0,0,0,0,0,0
17.0432575711468,0.435127776626076,0.0381345579563426,-0.0123691945249419,0.17405111065043,0.0152538231825368,-0.00494767780997687,0,0,0,0,0,0,0,0,0,0,0,0
17.0532602767707,0.435508606430208,0.0380107850142549,-0.0123786635644033,0.174203442572083,0.0152043140057017,-0.00495146542576138,0,0,0,0,0,0,0,0,0,0,0,0
17.0632629823946,0.435888197699781,0.0378869183911096,-0.0123879256387376,0.174355279079912,0.0151547673564438,-0.00495517025549514,0,0,0,0,0,0,0,0,0,0,0,0
17.0732656880184,0.436266549508084,0.0377629601580056,-0.0123969805711519,0.174506619803234,0.015105184063202,-0.00495879222846085,0,0,0,0,0,0,0,0,0,0,0,0
17.0832683936423,0.436643660949136,0.0376389123877909,-0.0124058281886187,0.174657464379654,0.015055564955116,-0.00496233127544754,0,0,0,0,0,0,0,0,0,0,0,0
17.0932710992662,0.437019531137699,0.0375147771550248,-0.0124144683218867,0.174807812455079,0.0150059108620098,-0.00496578732875478,0,0,0,0,0,0,0,0,0,0,0,0
17.1032738048901,0.437394159209292,0.0373905565359425,-0.0124229008054922,0.174957663683717,0.0149562226143768,-0.004969160322197,0,0,0,0,0,0,0,0,0,0,0,0
17.1132765105139,0.437767544320212,0.0372662526084133,-0.0124311254777698,0.175107017728085,0.014906501043365,-0.00497245019110801,0,0,0,0,0,0,0,0,0,0,0,0
17.1232792161378,0.438139685647549,0.0371418674519059,-0.0124391421808633,0.17525587425902,0.0148567469807622,-0.0049756568723454,0,0,0,0,0,0,0,0,0,0,0,0
17.1332819217617,0.438510582389199,0.0370174031474481,-0.0124469507607372,0.17540423295568,0.014806961258979,-0.00497878030429491,0,0,0,0,0,0,0,0,0,0,0,0
17.1432846273856,0.438880233763883,0.0368928617775898,-0.0124545510671867,0.175552093505553,0.0147571447110357,-0.00498182042687478,0,0,0,0,0,0,0,0,0,0,0,0
17.1532873330094,0.439248639011161,0.0367682454263638,-0.0124619429538502,0.175699455604464,0.0147072981705453,-0.00498477718154023,0,0,0,0,0,0,0,0,0,0,0,0
17.1632900386333,0.439615797391444,0.0366435561792482,-0.0124691262782189,0.175846318956577,0.0146574224716991,-0.00498765051128766,0,0,0,0,0,0,0,0,0,0,0,0
17.1732927442572,0.439981708186012,0.0365187961231265,-0.0124761009016485,0.175992683274405,0.0146075184492503,-0.00499044036065948,0,0,0,0,0,0,0,0,0,0,0,0
17.1832954498811,0.440346370697029,0.0363939673462502,-0.0124828666893699,0.176138548278811,0.0145575869384998,-0.00499314667574801,0,0,0,0,0,0,0,0,0,0,0,0
17.1932981555049,0.440709784247547,0.0362690719381989,-0.0124894235105003,0.176283913699019,0.0145076287752793,-0.00499576940420021,0,0,0,0,0,0,0,0,0,0,0,0
17.2033008611288,0.441071948181533,0.0361441119898429,-0.0124957712380546,0.176428779272613,0.0144576447959369,-0.00499830849522187,0,0,0,0,0,0,0,0,0,0,0,0
17.2133035667527,0.441432861863872,0.0360190895933017,-0.0125019097489553,0.176573144745549,0.0144076358373205,-0.00500076389958223,0,0,0,0,0,0,0,0,0,0,0,0
17.2233062723766,0.441792524680379,0.0358940068419079,-0.012507838924045,0.176717009872152,0.014357602736763,-0.00500313556961804,0,0,0,0,0,0,0,0,0,0,0,0
17.2333089780005,0.44215093603782,0.0357688658301651,-0.012513558648096,0.176860374415128,0.0143075463320658,-0.00500542345923852,0,0,0,0,0,0,0,0,0,0,0,0
17.2433116836243,0.442508095363912,0.0356436686537106,-0.0125190688098224,0.177003238145564,0.014257467461484,-0.00500762752392901,0,0,0,0,0,0,0,0,0,0,0,0
17.2533143892482,0.442864002107341,0.035518417409274,-0.0125243693018901,0.177145600842936,0.0142073669637094,-0.00500974772075611,0,0,0,0,0,0,0,0,0,0,0,0
17.2633170948721,0.443218655737772,0.03539311419464,-0.0125294600209283,0.177287462295109,0.0141572456778559,-0.0050117840083714,0,0,0,0,0,0,0,0,0,0,0,0
17.273319800496,0.44357205574586,0.0352677611086075,-0.0125343408675409,0.177428822298344,0.0141071044434428,-0.00501373634701649,0,0,0,0,0,0,0,0,0,0,0,0
17.2833225061198,0.443924201643256,0.0351423602509483,-0.0125390117463167,0.177569680657302,0.0140569441003792,-0.00501560469852677,0,0,0,0,0,0,0,0,0,0,0,0
17.2933252117437,0.444275092962619,0.0350169137223695,-0.0125434725658409,0.177710037185048,0.0140067654889475,-0.00501738902633649,0,0,0,0,0,0,0,0,0,0,0,0
17.3033279173676,0.444624729257628,0.0348914236244725,-0.0125477232387059,0.177849891703051,0.0139565694497888,-0.00501908929548248,0,0,0,0,0,0,0,0,0,0,0,0
17.3133306229915,0.444973110102986,0.0347658920597131,-0.0125517636815225,0.177989244041194,0.0139063568238851,-0.00502070547260908,0,0,0,0,0,0,0,0,0,0,0,0
17.3233333286153,0.44532023509443,0.0346403211313604,-0.0125555938149302,0.178128094037772,0.013856128452544,-0.0050222375259722,0,0,0,0,0,0,0,0,0,0,0,0
17.3333360342392,0.445666103848741,0.0345147129434582,-0.0125592135636097,0.178266441539496,0.0138058851773831,-0.00502368542544396,0,0,0,0,0,0,0,0,0,0,0,0
17.3433387398631,0.446010716003748,0.0343890696007824,-0.0125626228562919,0.178404286401499,0.0137556278403128,-0.00502504914251685,0,0,0,0,0,0,0,0,0,0,0,0
17.353341445487,0.446354071218338,0.0342633932088019,-0.0125658216257707,0.178541628487335,0.0137053572835206,-0.00502632865030836,0,0,0,0,0,0,0,0,0,0,0,0
17.3633441511108,0.446696169172462,0.0341376858736379,-0.0125688098089127,0.178678467668984,0.0136550743494549,-0.00502752392356516,0,0,0,0,0,0,0,0,0,0,0,0
17.3733468567347,0.447037009567139,0.0340119497020218,-0.012571587346669,0.178814803826856,0.0136047798808084,-0.00502863493866767,0,0,0,0,0,0,0,0,0,0,0,0
17.3833495623586,0.447376592124467,0.0338861868012557,-0.0125741541840858,0.178950636849787,0.013554474720502,-0.00502966167363442,0,0,0,0,0,0,0,0,0,0,0,0
17.3933522679825,0.447714916587624,0.0337603992791709,-0.0125765102703156,0.179085966635049,0.0135041597116681,-0.00503060410812628,0,0,0,0,0,0,0,0,0,0,0,0
17.4033549736063,0.448051982720872,0.0336345892440868,-0.0125786555586279,0.179220793088348,0.0134538356976344,-0.00503146222345121,0,0,0,0,0,0,0,0,0,0,0,0
17.4133576792302,0.448387790309567,0.0335087588047691,-0.0125805900064205,0.179355116123827,0.0134035035219075,-0.00503223600256825,0,0,0,0,0,0,0,0,0,0,0,0
17.4233603848541,0.448722339160163,0.0333829100703894,-0.0125823135752304,0.179488935664065,0.0133531640281555,-0.00503292543009221,0,0,0,0,0,0,0,0,0,0,0,0
17.433363090478,0.449055629100206,0.0332570451504835,-0.0125838262307447,0.179622251640082,0.0133028180601932,-0.00503353049229795,0,0,0,0,0,0,0,0,0,0,0,0
17.4433657961019,0.449387659978352,0.0331311661549086,-0.0125851279428119,0.17975506399134,0.0132524664619633,-0.00503405117712486,0,0,0,0,0,0,0,0,0,0,0,0
17.4533685017257,0.449718431664356,0.0330052751938039,-0.0125862186854522,0.179887372665742,0.0132021100775213,-0.00503448747418098,0,0,0,0,0,0,0,0,0,0,0,0
17.4633712073496,0.450047944049088,0.0328793743775467,-0.0125870984368693,0.180019177619635,0.0131517497510186,-0.00503483937474784,0,0,0,0,0,0,0,0,0,0,0,0
17.4733739129735,0.450376197044526,0.0327534658167118,-0.0125877671794611,0.18015047881781,0.0131013863266847,-0.00503510687178453,0,0,0,0,0,0,0,0,0,0,0,0
17.4833766185974,0.450703190583757,0.0326275516220293,-0.0125882248998304,0.180281276233503,0.0130510206488114,-0.00503528995993229,0,0,0,0,0,0,0,0,0,0,0,0
17.4933793242212,0.451028924620986,0.0325016339043404,-0.0125884715887963,0.180411569848394,0.013000653561736,-0.00503538863551859,0,0,0,0,0,0,0,0,0,0,0,0
17.5033820298451,0.451353399131529,0.0323757147745602,-0.0125885072414048,0.180541359652611,0.0129502859098238,-0.00503540289656209,0,0,0,0,0,0,0,0,0,0,0,0
17.513384735469,0.45167661411182,0.0322497963436288,-0.0125883318569407,0.180670645644728,0.0128999185374513,-0.00503533274277634,0,0,0,0,0,0,0,0,0,0,0,0
17.5233874410929,0.451998569579408,0.0321238807224747,-0.0125879454389368,0.180799427831763,0.0128495522889895,-0.00503517817557486,0,0,0,0,0,0,0,0,0,0,0,0
17.5333901467167,0.452319265572954,0.0319979700219685,-0.0125873479951871,0.180927706229181,0.0127991880087872,-0.00503493919807488,0,0,0,0,0,0,0,0,0,0,0,0
17.5433928523406,0.452638702152235,0.0318720663528819,-0.0125865395377559,0.181055480860894,0.0127488265411526,-0.00503461581510242,0,0,0,0,0,0,0,0,0,0,0,0
17.5533955579645,0.45295687939814,0.0317461718258448,-0.0125855200829899,0.181182751759256,0.0126984687303377,-0.00503420803319608,0,0,0,0,0,0,0,0,0,0,0,0
17.5633982635884,0.453273797412671,0.0316202885513009,-0.0125842896515294,0.181309518965068,0.0126481154205203,-0.00503371586061189,0,0,0,0,0,0,0,0,0,0,0,0
17.5734009692122,0.453589456318937,0.0314944186394681,-0.0125828482683179,0.181435782527574,0.0125977674557871,-0.00503313930732722,0,0,0,0,0,0,0,0,0,0,0,0
17.5834036748361,0.453903856261152,0.0313685642002913,-0.0125811959626144,0.181561542504461,0.0125474256801163,-0.0050324783850459,0,0,0,0,0,0,0,0,0,0,0,0
17.59340638046,0.454216997404639,0.0312427273434013,-0.0125793327680044,0.181686798961855,0.0124970909373602,-0.00503173310720182,0,0,0,0,0,0,0,0,0,0,0,0
17.6034090860839,0.454528879935815,0.0311169101780723,-0.0125772587224093,0.181811551974326,0.0124467640712287,-0.00503090348896381,0,0,0,0,0,0,0,0,0,0,0,0
17.6134117917077,0.454839504062198,0.0309911148131764,-0.0125749738680999,0.181935801624879,0.0123964459252703,-0.00502998954724008,0,0,0,0,0,0,0,0,0,0,0,0
17.6234144973316,0.455148870012396,0.0308653433571423,-0.0125724782517052,0.182059548004958,0.0123461373428566,-0.00502899130068213,0,0,0,0,0,0,0,0,0,0,0,0
17.6334172029555,0.455456978036107,0.0307395979179083,-0.0125697719242244,0.182182791214442,0.0122958391671631,-0.00502790876968988,0,0,0,0,0,0,0,0,0,0,0,0
17.6434199085794,0.455763828404107,0.0306138806028834,-0.0125668549410382,0.182305531361643,0.0122455522411531,-0.00502674197641537,0,0,0,0,0,0,0,0,0,0,0,0
17.6534226142033,0.456069421408255,0.0304881935188989,-0.0125637273619186,0.182427768563302,0.0121952774075593,-0.00502549094476758,0,0,0,0,0,0,0,0,0,0,0,0
17.6634253198271,0.456373757361474,0.0303625387721665,-0.0125603892510413,0.18254950294459,0.0121450155088664,-0.00502415570041661,0,0,0,0,0,0,0,0,0,0,0,0
17.673428025451,0.456676836597758,0.0302369184682343,-0.0125568406769955,0.182670734639103,0.0120947673872934,-0.00502273627079827,0,0,0,0,0,0,0,0,0,0,0,0
17.6834307310749,0.456978659472155,0.0301113347119418,-0.0125530817127958,0.182791463788862,0.0120445338847764,-0.00502123268511838,0,0,0,0,0,0,0,0,0,0,0,0
17.6934334366988,0.457279226360763,0.0299857896073758,-0.0125491124358926,0.182911690544305,0.0119943158429501,-0.00501964497435712,0,0,0,0,0,0,0,0,0,0,0,0
17.7034361423226,0.457578537660725,0.0298602852578269,-0.0125449329281834,0.18303141506429,0.0119441141031305,-0.00501797317127347,0,0,0,0,0,0,0,0,0,0,0,0
17.7134388479465,0.457876593790219,0.0297348237657436,-0.0125405432760238,0.183150637516087,0.0118939295062971,-0.00501621731040959,0,0,0,0,0,0,0,0,0,0,0,0
17.7234415535704,0.458173395188443,0.0296094072326886,-0.012535943570238,0.183269358075377,0.0118437628930751,-0.00501437742809529,0,0,0,0,0,0,0,0,0,0,0,0
17.7334442591943,0.458468942315618,0.0294840377592932,-0.0125311339061307,0.183387576926247,0.011793615103717,-0.00501245356245234,0,0,0,0,0,0,0,0,0,0,0,0
17.7434469648181,0.458763235652971,0.0293587174452139,-0.012526114383497,0.183505294261188,0.0117434869780853,-0.00501044575339888,0,0,0,0,0,0,0,0,0,0,0,0
17.753449670442,0.459056275702722,0.0292334483890852,-0.0125208851066347,0.183622510281089,0.011693379355634,-0.005008354042654,0,0,0,0,0,0,0,0,0,0,0,0
17.7634523760659,0.459348062988084,0.0291082326884772,-0.0125154461843539,0.183739225195233,0.0116432930753907,-0.00500617847374165,0,0,0,0,0,0,0,0,0,0,0,0
17.7734550816898,0.45963859805324,0.028983072439848,-0.0125097977299892,0.183855439221296,0.011593228975939,-0.00500391909199577,0,0,0,0,0,0,0,0,0,0,0,0
17.7834577873136,0.459927881463342,0.0288579697384995,-0.0125039398614096,0.183971152585337,0.0115431878953997,-0.00500157594456394,0,0,0,0,0,0,0,0,0,0,0,0
17.7934604929375,0.460215913804493,0.0287329266785317,-0.0124978727010305,0.184086365521797,0.0114931706714125,-0.00499914908041232,0,0,0,0,0,0,0,0,0,0,0,0
17.8034631985614,0.460502695683735,0.0286079453527987,-0.0124915963758243,0.184201078273494,0.0114431781411192,-0.00499663855032978,0,0,0,0,0,0,0,0,0,0,0,0
17.8134659041853,0.460788227729039,0.0284830278528594,-0.0124851110173307,0.184315291091616,0.0113932111411435,-0.00499404440693239,0,0,0,0,0,0,0,0,0,0,0,0
17.8234686098091,0.461072510589292,0.0283581762689361,-0.012478416761669,0.184429004235717,0.011343270507574,-0.0049913667046677,0,0,0,0,0,0,0,0,0,0,0,0
17.833471315433,0.461355544934279,0.0282333926898646,-0.0124715137495481,0.184542217973712,0.0112933570759457,-0.00498860549981941,0,0,0,0,0,0,0,0,0,0,0,0
17.8434740210569,0.461637331454676,0.028108679203053,-0.0124644021262782,0.18465493258187,0.011243471681221,-0.00498576085051134,0,0,0,0,0,0,0,0,0,0,0,0
17.8534767266808,0.461917870862027,0.0279840378944304,-0.0124570820417808,0.184767148344811,0.011193615157772,-0.0049828328167124,0,0,0,0,0,0,0,0,0,0,0,0
17.8634794323046,0.462197163888737,0.0278594708484039,-0.0124495536506007,0.184878865555494,0.0111437883393615,-0.00497982146024033,0,0,0,0,0,0,0,0,0,0,0,0
17.8734821379285,0.462475211288048,0.0277349801478128,-0.0124418171119166,0.184990084515219,0.0110939920591248,-0.00497672684476675,0,0,0,0,0,0,0,0,0,0,0,0
17.8834848435524,0.462752013834035,0.0276105678738781,-0.012433872589552,0.185100805533614,0.0110442271495509,-0.00497354903582087,0,0,0,0,0,0,0,0,0,0,0,0
17.8934875491763,0.463027572321577,0.0274862361061618,-0.0124257202519862,0.18521102892863,0.0109944944424645,-0.00497028810079455,0,0,0,0,0,0,0,0,0,0,0,0
17.9034902548002,0.463301887566346,0.0273619869225158,-0.0124173602723656,0.185320755026538,0.010944794769006,-0.0049669441089464,0,0,0,0,0,0,0,0,0,0,0,0
17.913492960424,0.463574960404794,0.027237822399037,-0.0124087928285146,0.185429984161918,0.0108951289596145,-0.00496351713140588,0,0,0,0,0,0,0,0,0,0,0,0
17.9234956660479,0.463846791694126,0.0271137446100199,-0.0124000181029459,0.18553871667765,0.0108454978440077,-0.00496000724117847,0,0,0,0,0,0,0,0,0,0,0,0
17.9334983716718,0.464117382312287,0.02698975562791,-0.0123910362828725,0.185646952924915,0.0107959022511636,-0.00495641451314905,0,0,0,0,0,0,0,0,0,0,0,0
17.9435010772957,0.464386733157945,0.0268658575232573,-0.0123818475602183,0.185754693263178,0.0107463430093027,-0.00495273902408738,0,0,0,0,0,0,0,0,0,0,0,0
17.9535037829195,0.464654845150467,0.0267420523646674,-0.0123724521316287,0.185861938060187,0.0106968209458668,-0.00494898085265157,0,0,0,0,0,0,0,0,0,0,0,0
17.9635064885434,0.464921719229904,0.0266183422187559,-0.0123628501984823,0.185968687691961,0.0106473368875023,-0.00494514007939303,0,0,0,0,0,0,0,0,0,0,0,0
17.9735091941673,0.465187356356966,0.0264947291501007,-0.0123530419669013,0.186074942542786,0.0105978916600399,-0.00494121678676065,0,0,0,0,0,0,0,0,0,0,0,0
17.9835118997912,0.465451757513006,0.0263712152211925,-0.0123430276477631,0.186180703005202,0.0105484860884768,-0.00493721105910536,0,0,0,0,0,0,0,0,0,0,0,0
17.993514605415,0.465714923699994,0.0262478024923906,-0.0123328074567104,0.186285969479998,0.010499120996956,-0.00493312298268432,0,0,0,0,0,0,0,0,0,0,0,0
18.0035173110389,0.465976855940503,0.0261244930218727,-0.0123223816141633,0.186390742376201,0.0104497972087489,-0.00492895264566541,0,0,0,0,0,0,0,0,0,0,0,0
18.0135200166628,0.466237555277679,0.0260012888655879,-0.012311750345329,0.186495022111071,0.0104005155462347,-0.00492470013813169,0,0,0,0,0,0,0,0,0,0,0,0
18.0235227222867,0.46649702277522,0.0258781920772081,-0.012300913880214,0.186598809110088,0.0103512768308829,-0.00492036555208574,0,0,0,0,0,0,0,0,0,0,0,0
18.0335254279105,0.466755259517361,0.0257552047080808,-0.0122898724536348,0.186702103806944,0.0103020818832321,-0.00491594898145397,0,0,0,0,0,0,0,0,0,0,0,0
18.0435281335344,0.467012266608837,0.0256323288071818,-0.012278626305228,0.186804906643535,0.0102529315228724,-0.00491145052209135,0,0,0,0,0,0,0,0,0,0,0,0
18.0535308391583,0.467268045174872,0.0255095664210639,-0.0122671756794629,0.186907218069949,0.0102038265684253,-0.00490687027178524,0,0,0,0,0,0,0,0,0,0,0,0
18.0635335447822,0.467522596361143,0.0253869195938104,-0.0122555208256506,0.187009038544457,0.010154767837524,-0.00490220833026037,0,0,0,0,0,0,0,0,0,0,0,0
18.073536250406,0.467775921333767,0.0252643903669885,-0.0122436619979568,0.187110368533507,0.0101057561467952,-0.00489746479918284,0,0,0,0,0,0,0,0,0,0,0,0
18.0835389560299,0.468028021279265,0.0251419807795968,-0.0122315994554114,0.187211208511706,0.0100567923118384,-0.00489263978216467,0,0,0,0,0,0,0,0,0,0,0,0
18.0935416616538,0.468278897404543,0.0250196928680192,-0.0122193334619204,0.187311558961817,0.0100078771472074,-0.00488773338476826,0,0,0,0,0,0,0,0,0,0,0,0
18.1035443672777,0.46852855093686,0.0248975286659753,-0.0122068642862764,0.187411420374744,0.00995901146638977,-0.00488274571451073,0,0,0,0,0,0,0,0,0,0,0,0
18.1135470729016,0.468776983123807,0.0247754902044714,-0.01219419220217,0.187510793249522,0.00991019608178837,-0.00487767688086816,0,0,0,0,0,0,0,0,0,0,0,0
18.1235497785254,0.469024195233277,0.024653579511753,-0.0121813174882002,0.18760967809331,0.00986143180470086,-0.00487252699528018,0,0,0,0,0,0,0,0,0,0,0,0
18.1335524841493,0.469270188553433,0.0245317986132517,-0.0121682404278859,0.187708075421373,0.00981271944530026,-0.00486729617115445,0,0,0,0,0,0,0,0,0,0,0,0
18.1435551897732,0.46951496439269,0.0244101495315404,-0.0121549613096768,0.187805985757076,0.00976405981261584,-0.00486198452387081,0,0,0,0,0,0,0,0,0,0,0,0
18.1535578953971,0.469758524079673,0.0242886342862819,-0.0121414804269642,0.187903409631869,0.00971545371451264,-0.00485659217078579,0,0,0,0,0,0,0,0,0,0,0,0
18.1635606010209,0.470000868963199,0.0241672548941786,-0.0121277980780921,0.18800034758528,0.00966690195767118,-0.00485111923123701,0,0,0,0,0,0,0,0,0,0,0,0
18.1735633066448,0.470242000412242,0.0240460133689249,-0.0121139145663686,0.188096800164897,0.00961840534756955,-0.00484556582654757,0,0,0,0,0,0,0,0,0,0,0,0
18.1835660122687,0.470481919815898,0.0239249117211551,-0.0120998302000762,0.188192767926359,0.009569964688462,-0.00483993208003046,0,0,0,0,0,0,0,0,0,0,0,0
18.1935687178926,0.470720628583368,0.0238039519583967,-0.0120855452924825,0.188288251433347,0.00952158078335846,-0.00483421811699308,0,0,0,0,0,0,0,0,0,0,0,0
18.2035714235164,0.470958128143909,0.0236831360850173,-0.0120710601618531,0.188383251257564,0.00947325443400658,-0.00482842406474135,0,0,0,0,0,0,0,0,0,0,0,0
18.2135741291403,0.471194419946818,0.0235624661021761,-0.0120563751314604,0.188477767978727,0.0094249864408701,-0.00482255005258426,0,0,0,0,0,0,0,0,0,0,0,0
18.2235768347642,0.47142950546139,0.0234419440077739,-0.0120414905295955,0.188571802184555,0.00937677760310926,-0.00481659621183829,0,0,0,0,0,0,0,0,0,0,0,0
18.2335795403881,0.471663386176886,0.0233215717964029,-0.0120264066895797,0.188665354470754,0.00932862871856088,-0.00481056267583202,0,0,0,0,0,0,0,0,0,0,0,0
18.2435822460119,0.471896063602505,0.0232013514592955,-0.0120111239497743,0.188758425441002,0.00928054058371777,-0.00480444957990983,0,0,0,0,0,0,0,0,0,0,0,0
18.2535849516358,0.472127539267346,0.0230812849842736,-0.0119956426535929,0.188851015706938,0.00923251399370934,-0.00479825706143732,0,0,0,0,0,0,0,0,0,0,0,0
18.2635876572597,0.472357814720372,0.0229613743557011,-0.0119799631495113,0.188943125888148,0.00918454974228025,-0.00479198525980461,0,0,0,0,0,0,0,0,0,0,0,0
18.2735903628836,0.472586891530379,0.0228416215544288,-0.0119640857910793,0.189034756612151,0.00913664862177119,-0.00478563431643186,0,0,0,0,0,0,0,0,0,0,0,0
18.2835930685074,0.47281477128596,0.0227220285577454,-0.011948010936931,0.189125908514384,0.00908881142309787,-0.00477920437477254,0,0,0,0,0,0,0,0,0,0,0,0
18.2935957741313,0.473041455595467,0.0226025973393275,-0.0119317389507964,0.189216582238187,0.00904103893573063,-0.00477269558031871,0,0,0,0,0,0,0,0,0,0,0,0
18.3035984797552,0.473266946086976,0.022483329869189,-0.011915270201512,0.18930677843479,0.00899333194767531,-0.00476610808060483,0,0,0,0,0,0,0,0,0,0,0,0
18.3136011853791,0.473491244408251,0.0223642281136271,-0.011898605063032,0.1893964977633,0.00894569124545061,-0.00475944202521295,0,0,0,0,0,0,0,0,0,0,0,0
18.3236038910029,0.473714352226704,0.0222452940351731,-0.0118817439144392,0.189485740890681,0.00889811761406889,-0.00475269756577578,0,0,0,0,0,0,0,0,0,0,0,0
18.3336065966268,0.473936271229358,0.0221265295925409,-0.0118646871399562,0.189574508491743,0.00885061183701611,-0.00474587485598258,0,0,0,0,0,0,0,0,0,0,0,0
18.3436093022507,0.474157003122811,0.0220079367405767,-0.0118474351289557,0.189662801249125,0.00880317469623052,-0.00473897405158236,0,0,0,0,0,0,0,0,0,0,0,0
18.3536120078746,0.474376549633197,0.021889517430205,-0.0118299882759726,0.189750619853279,0.00875580697208161,-0.00473199531038914,0,0,0,0,0,0,0,0,0,0,0,0
18.3636147134984,0.474594912506139,0.0217712736083766,-0.011812346980714,0.189837965002455,0.00870850944335061,-0.00472493879228572,0,0,0,0,0,0,0,0,0,0,0,0
18.3736174191223,0.474812093506718,0.0216532072180212,-0.0117945116480708,0.189924837402687,0.00866128288720821,-0.00471780465922849,0,0,0,0,0,0,0,0,0,0,0,0
18.3836201247462,0.475028094419431,0.0215353201979906,-0.0117764826881287,0.190011237767772,0.00861412807919586,-0.00471059307525155,0,0,0,0,0,0,0,0,0,0,0,0
18.3936228303701,0.475242917048145,0.0214176144830083,-0.0117582605161781,0.190097166819258,0.00856704579320308,-0.00470330420647133,0,0,0,0,0,0,0,0,0,0,0,0
18.403625535994,0.47545656321606,0.0213000920036189,-0.0117398455527271,0.190182625286424,0.00852003680144718,-0.00469593822109091,0,0,0,0,0,0,0,0,0,0,0,0
18.4136282416178,0.475669034765667,0.0211827546861341,-0.0117212382235105,0.190267613906266,0.00847310187445332,-0.0046884952894043,0,0,0,0,0,0,0,0,0,0,0,0
18.4236309472417,0.475880333558699,0.0210656044525815,-0.0117024389595022,0.19035213342348,0.00842624178103224,-0.00468097558380101,0,0,0,0,0,0,0,0,0,0,0,0
18.4336336528656,0.476090461476098,0.0209486432206492,-0.0116834481969254,0.190436184590439,0.00837945728825935,-0.00467337927877024,0,0,0,0,0,0,0,0,0,0,0,0
18.4436363584895,0.476299420417967,0.0208318729036395,-0.0116642663772639,0.190519768167187,0.00833274916145556,-0.00466570655090572,0,0,0,0,0,0,0,0,0,0,0,0
18.4536390641133,0.476507212303518,0.0207152954104091,-0.0116448939472731,0.190602884921407,0.00828611816416342,-0.00465795757890937,0,0,0,0,0,0,0,0,0,0,0,0
18.4636417697372,0.476713839071039,0.0205989126453206,-0.011625331358991,0.190685535628416,0.00823956505812804,-0.00465013254359653,0,0,0,0,0,0,0,0,0,0,0,0
18.4736444753611,0.476919302677849,0.0204827265081893,-0.0116055790697489,0.190767721071139,0.00819309060327559,-0.00464223162789956,0,0,0,0,0,0,0,0,0,0,0,0
18.483647180985,0.477123605100234,0.0203667388942284,-0.0115856375421825,0.190849442040094,0.00814669555769074,-0.00463425501687315,0,0,0,0,0,0,0,0,0,0,0,0
18.4936498866088,0.477326748333429,0.0202509516939958,-0.0115655072442437,0.190930699333372,0.0081003806775982,-0.0046262028976976,0,0,0,0,0,0,0,0,0,0,0,0
18.5036525922327,0.477528734391546,0.0201353667933455,-0.0115451886492102,0.191011493756618,0.00805414671733801,-0.00461807545968425,0,0,0,0,0,0,0,0,0,0,0,0
18.5136552978566,0.477729565307542,0.0200199860733677,-0.0115246822356978,0.191091826123017,0.00800799442934656,-0.00460987289427915,0,0,0,0,0,0,0,0,0,0,0,0
18.5236580034805,0.477929243133162,0.0199048114103388,-0.01150398848767,0.191171697253265,0.00796192456413511,-0.00460159539506813,0,0,0,0,0,0,0,0,0,0,0,0
18.5336607091043,0.478127769938897,0.0197898446756687,-0.0114831078944508,0.191251107975558,0.00791593787026729,-0.00459324315778037,0,0,0,0,0,0,0,0,0,0,0,0
18.5436634147282,0.478325147813934,0.019675087735845,-0.0114620409507339,0.191330059125573,0.0078700350943376,-0.00458481638029366,0,0,0,0,0,0,0,0,0,0,0,0
18.5536661203521,0.478521378866102,0.0195605424523799,-0.0114407881565947,0.19140855154644,0.00782421698095185,-0.00457631526263793,0,0,0,0,0,0,0,0,0,0,0,0
18.563668825976,0.478716465221825,0.0194462106817577,-0.0114193500175013,0.191486586088729,0.00777848427270285,-0.0045677400070006,0,0,0,0,0,0,0,0,0,0,0,0
18.5736715315998,0.478910409026075,0.0193320942753788,-0.0113977270443248,0.19156416361043,0.00773283771015114,-0.0045590908177301,0,0,0,0,0,0,0,0,0,0,0,0
18.5836742372237,0.479103212442316,0.0192181950795059,-0.0113759197533516,0.191641284976926,0.00768727803180225,-0.00455036790134077,0,0,0,0,0,0,0,0,0,0,0,0
18.5936769428476,0.47929487765245,0.0191045149352119,-0.0113539286662926,0.19171795106098,0.0076418059740845,-0.00454157146651715,0,0,0,0,0,0,0,0,0,0,0,0
18.6036796484715,0.479485406856773,0.0189910556783218,-0.0113317543102957,0.19179416274271,0.0075964222713283,-0.00453270172411835,0,0,0,0,0,0,0,0,0,0,0,0
18.6136823540954,0.479674802273919,0.0188778191393623,-0.0113093972179558,0.191869920909568,0.00755112765574459,-0.00452375888718244,0,0,0,0,0,0,0,0,0,0,0,0
18.6236850597192,0.479863066140799,0.0187648071435052,-0.0112868579273271,0.191945226456319,0.00750592285740185,-0.00451474317093099,0,0,0,0,0,0,0,0,0,0,0,0
18.6336877653431,0.480050200712557,0.0186520215105115,-0.0112641369819324,0.192020080285023,0.00746080860420431,-0.0045056547927731,0,0,0,0,0,0,0,0,0,0,0,0
18.643690470967,0.480236208262516,0.0185394640546802,-0.0112412349307753,0.192094483305006,0.00741578562187152,-0.0044964939723102,0,0,0,0,0,0,0,0,0,0,0,0
18.6536931765909,0.480421091082111,0.0184271365847895,-0.0112181523283506,0.192168436432845,0.00737085463391553,-0.00448726093134031,0,0,0,0,0,0,0,0,0,0,0,0
18.6636958822147,0.480604851480852,0.0183150409040449,-0.0111948897346558,0.192241940592341,0.00732601636161778,-0.00447795589386242,0,0,0,0,0,0,0,0,0,0,0,0
18.6736985878386,0.480787491786251,0.0182031788100227,-0.0111714477152017,0.1923149967145,0.0072812715240087,-0.00446857908608071,0,0,0,0,0,0,0,0,0,0,0,0
18.6837012934625,0.480969014343772,0.0180915520946143,-0.011147826841023,0.192387605737509,0.0072366208378455,-0.00445913073640935,0,0,0,0,0,0,0,0,0,0,0,0
18.6937039990864,0.481149421516777,0.0179801625439715,-0.0111240276886909,0.192459768606711,0.00719206501758826,-0.00444961107547644,0,0,0,0,0,0,0,0,0,0,0,0
18.7037067047102,0.481328715686466,0.0178690119384515,-0.011100050840322,0.192531486274586,0.00714760477538048,-0.00444002033612887,0,0,0,0,0,0,0,0,0,0,0,0
18.7137094103341,0.481506899251813,0.0177581020525618,-0.0110758968835906,0.192602759700725,0.00710324082102433,-0.00443035875343635,0,0,0,0,0,0,0,0,0,0,0,0
18.723712115958,0.481683974629518,0.0176474346549013,-0.0110515664117394,0.192673589851808,0.00705897386196021,-0.00442062656469589,0,0,0,0,0,0,0,0,0,0,0,0
18.7337148215819,0.481859944253943,0.0175370115081096,-0.0110270600235908,0.192743977701577,0.0070148046032436,-0.00441082400943643,0,0,0,0,0,0,0,0,0,0,0,0
18.7437175272057,0.482034810577044,0.0174268343688073,-0.0110023783235569,0.192813924230817,0.00697073374752272,-0.00440095132942279,0,0,0,0,0,0,0,0,0,0,0,0
18.7537202328296,0.482208576068321,0.0173169049875416,-0.0109775219216516,0.192883430427329,0.00692676199501617,-0.00439100876866073,0,0,0,0,0,0,0,0,0,0,0,0
18.7637229384535,0.482381243214758,0.0172072251087283,-0.010952491433501,0.192952497285903,0.00688289004349114,-0.00438099657340043,0,0,0,0,0,0,0,0,0,0,0,0
18.7737256440774,0.482552814520751,0.0170977964706,-0.0109272874803546,0.1930211258083,0.00683911858823986,-0.00437091499214193,0,0,0,0,0,0,0,0,0,0,0,0
18.7837283497012,0.482723292508054,0.0169886208051454,-0.0109019106890962,0.193089317003221,0.0067954483220579,-0.00436076427563863,0,0,0,0,0,0,0,0,0,0,0,0
18.7937310553251,0.482892679715715,0.0168796998380534,-0.0108763616922554,0.193157071886285,0.00675187993522105,-0.00435054467690228,0,0,0,0,0,0,0,0,0,0,0,0
18.803733760949,0.483060978700011,0.0167710352886593,-0.0108506411280171,0.193224391480004,0.00670841411546325,-0.00434025645120689,0,0,0,0,0,0,0,0,0,0,0,0
18.8137364665729,0.483228192034383,0.0166626288698854,-0.0108247496402344,0.193291276813753,0.00666505154795397,-0.00432989985609391,0,0,0,0,0,0,0,0,0,0,0,0
18.8237391721968,0.48339432230938,0.016554482288187,-0.0107986878784386,0.193357728923752,0.00662179291527408,-0.00431947515137547,0,0,0,0,0,0,0,0,0,0,0,0
18.8337418778206,0.48355937213258,0.0164465972434904,-0.0107724564978497,0.193423748853032,0.00657863889739595,-0.00430898259914003,0,0,0,0,0,0,0,0,0,0,0,0
18.8437445834445,0.483723344128535,0.0163389754291446,-0.0107460561593889,0.193489337651413,0.0065355901716574,-0.00429842246375567,0,0,0,0,0,0,0,0,0,0,0,0
18.8537472890684,0.483886240938703,0.0162316185318541,-0.0107194875296879,0.19355449637548,0.00649264741274112,-0.00428779501187537,0,0,0,0,0,0,0,0,0,0,0,0
18.8637499946923,0.48404806522138,0.0161245282316295,-0.0106927512811015,0.193619226088551,0.00644981129265127,-0.00427710051244069,0,0,0,0,0,0,0,0,0,0,0,0
18.8737527003161,0.484208819651629,0.0160177062017258,-0.0106658480917168,0.193683527860652,0.00640708248069027,-0.00426633923668686,0,0,0,0,0,0,0,0,0,0,0,0
18.88375540594,0.484368506921222,0.0159111541085889,-0.010638778645366,0.19374740276849,0.0063644616434352,-0.00425551145814654,0,0,0,0,0,0,0,0,0,0,0,0
18.8937581115639,0.484527129738565,0.0158048736117926,-0.0106115436316362,0.193810851895426,0.0063219494447169,-0.00424461745265462,0,0,0,0,0,0,0,0,0,0,0,0
18.9037608171878,0.484684690828623,0.0156988663639875,-0.0105841437458809,0.193873876331449,0.0062795465455947,-0.00423365749835248,0,0,0,0,0,0,0,0,0,0,0,0
18.9137635228116,0.484841192932864,0.0155931340108364,-0.0105565796892306,0.193936477173145,0.00623725360433423,-0.00422263187569236,0,0,0,0,0,0,0,0,0,0,0,0
18.9237662284355,0.484996638809179,0.0154876781909628,-0.0105288521686044,0.193998655523672,0.00619507127638466,-0.00421154086744189,0,0,0,0,0,0,0,0,0,0,0,0
18.9337689340594,0.485151031231816,0.0153825005358878,-0.0105009618967207,0.194060412492726,0.00615300021435487,-0.00420038475868841,0,0,0,0,0,0,0,0,0,0,0,0
18.9437716396833,0.485304372991302,0.0152776026699777,-0.0104729095921075,0.194121749196521,0.00611104106799074,-0.00418916383684312,0,0,0,0,0,0,0,0,0,0,0,0
18.9537743453071,0.485456666894384,0.0151729862103784,-0.010444695979115,0.194182666757753,0.0060691944841509,-0.00417787839164611,0,0,0,0,0,0,0,0,0,0,0,0
18.963777050931,0.485607915763941,0.0150686527669636,-0.0104163217879246,0.194243166305576,0.00602746110678516,-0.00416652871516995,0,0,0,0,0,0,0,0,0,0,0,0
18.9737797565549,0.485758122438922,0.0149646039422739,-0.0103877877545617,0.194303248975569,0.00598584157690922,-0.00415511510182482,0,0,0,0,0,0,0,0,0,0,0,0
18.9837824621788,0.485907289774271,0.0148608413314578,-0.0103590946209056,0.194362915909708,0.00594433653258281,-0.00414363784836245,0,0,0,0,0,0,0,0,0,0,0,0
18.9937851678026,0.486055420640846,0.0147573665222135,-0.0103302431347011,0.194422168256337,0.00590294660888497,-0.00413209725388057,0,0,0,0,0,0,0,0,0,0,0,0
19.0037878734265,0.486202517925349,0.0146541810947316,-0.0103012340495687,0.194481007170139,0.00586167243789227,-0.00412049361982759,0,0,0,0,0,0,0,0,0,0,0,0
19.0137905790504,0.486348584530254,0.0145512866216331,-0.0102720681250162,0.194539433812102,0.00582051464865272,-0.00410882725000656,0,0,0,0,0,0,0,0,0,0,0,0
19.0237932846743,0.486493623373728,0.0144486846679135,-0.01024274612645,0.194597449349491,0.00577947386716485,-0.00409709845058007,0,0,0,0,0,0,0,0,0,0,0,0
19.0337959902982,0.486637637389548,0.0143463767908832,-0.0102132688251852,0.194655054955819,0.00573855071635308,-0.00408530753007421,0,0,0,0,0,0,0,0,0,0,0,0
19.043798695922,0.486780629527032,0.0142443645401065,-0.0101836369984577,0.194712251810813,0.00569774581604227,-0.0040734547993833,0,0,0,0,0,0,0,0,0,0,0,0
19.0538014015459,0.486922602750964,0.0141426494573449,-0.010153851429434,0.194769041100385,0.00565705978293755,-0.00406154057177377,0,0,0,0,0,0,0,0,0,0,0,0
19.0638041071698,0.487063560041503,0.0140412330764949,-0.0101239129072231,0.194825424016601,0.00561649323059761,-0.0040495651628894,0,0,0,0,0,0,0,0,0,0,0,0
19.0738068127937,0.487203504394116,0.0139401169235307,-0.0100938222268869,0.194881401757646,0.00557604676941196,-0.00403752889075491,0,0,0,0,0,0,0,0,0,0,0,0
19.0838095184175,0.487342438819493,0.013839302516445,-0.0100635801894516,0.194936975527796,0.00553572100657782,-0.00402543207578073,0,0,0,0,0,0,0,0,0,0,0,0
19.0938122240414,0.487480366343467,0.0137387913651867,-0.0100331876019182,0.194992146537387,0.00549551654607426,-0.00401327504076741,0,0,0,0,0,0,0,0,0,0,0,0
19.1038149296653,0.487617290006935,0.0136385849716025,-0.0100026452772746,0.195046916002774,0.00545543398864044,-0.00400105811090999,0,0,0,0,0,0,0,0,0,0,0,0
19.1138176352892,0.487753212865777,0.0135386848293784,-0.00997195403450523,0.19510128514631,0.00541547393175067,-0.00398878161380223,0,0,0,0,0,0,0,0,0,0,0,0
19.123820340913,0.487888137990769,0.0134390924239767,-0.00994111469860304,0.195155255196307,0.00537563696959044,-0.00397644587944132,0,0,0,0,0,0,0,0,0,0,0,0
19.1338230465369,0.488022068467507,0.0133398092325788,-0.00991012810057959,0.195208827387003,0.0053359236930311,-0.00396405124023188,0,0,0,0,0,0,0,0,0,0,0,0
19.1438257521608,0.488155007396324,0.0132408367240225,-0.009878995077477,0.195262002958529,0.00529633468960869,-0.00395159803099091,0,0,0,0,0,0,0,0,0,0,0,0
19.1538284577847,0.488286957892195,0.0131421763587448,-0.0098477164723786,0.195314783156878,0.00525687054349747,-0.00393908658895146,0,0,0,0,0,0,0,0,0,0,0,0
19.1638311634085,0.488417923084671,0.0130438295887156,-0.00981629313441887,0.195367169233869,0.0052175318354859,-0.00392651725376774,0,0,0,0,0,0,0,0,0,0,0,0
19.1738338690324,0.488547906117778,0.0129457978573844,-0.00978472591879685,0.195419162447111,0.00517831914295362,-0.00391389036751887,0,0,0,0,0,0,0,0,0,0,0,0
19.1838365746563,0.488676910149936,0.0128480825996141,-0.00975301568678465,0.195470764059975,0.00513923303984547,-0.00390120627471407,0,0,0,0,0,0,0,0,0,0,0,0
19.1938392802802,0.488804938353882,0.0127506852416237,-0.00972116330573991,0.195521975341552,0.00510027409664905,-0.00388846532229609,0,0,0,0,0,0,0,0,0,0,0,0
19.203841985904,0.488931993916568,0.0126536072009232,-0.00968916964911597,0.195572797566626,0.0050614428803689,-0.00387566785964653,0,0,0,0,0,0,0,0,0,0,0,0
19.2138446915279,0.489058080039082,0.012556849886258,-0.00965703559647354,0.195623232015632,0.00502273995450276,-0.00386281423858958,0,0,0,0,0,0,0,0,0,0,0,0
19.2238473971518,0.489183199936562,0.0124604146975429,-0.00962476203349129,0.195673279974625,0.0049841658790168,-0.00384990481339661,0,0,0,0,0,0,0,0,0,0,0,0
19.2338501027757,0.489307356838105,0.0123643030258039,-0.00959234985197688,0.195722942735242,0.00494572121032077,-0.00383693994079094,0,0,0,0,0,0,0,0,0,0,0,0
19.2438528083995,0.489430553986676,0.012268516253115,-0.00955979994987836,0.195772221594671,0.00490740650124566,-0.00382391997995149,0,0,0,0,0,0,0,0,0,0,0,0
19.2538555140234,0.489552794639018,0.0121730557525392,-0.00952711323129476,0.195821117855607,0.00486922230101538,-0.00381084529251802,0,0,0,0,0,0,0,0,0,0,0,0
19.2638582196473,0.489674082065563,0.0120779228880624,-0.00949429060648652,0.195869632826226,0.00483116915522475,-0.00379771624259468,0,0,0,0,0,0,0,0,0,0,0,0
19.2738609252712,0.489794419550345,0.0119831190145388,-0.00946133299188786,0.195917767820138,0.00479324760581533,-0.00378453319675528,0,0,0,0,0,0,0,0,0,0,0,0
19.2838636308951,0.489913810390901,0.0118886454776204,-0.00942824131011689,0.19596552415636,0.00475545819104783,-0.00377129652404687,0,0,0,0,0,0,0,0,0,0,0,0
19.2938663365189,0.490032257898181,0.0117945036137022,-0.00939501648998626,0.196012903159272,0.00471780144548056,-0.00375800659599461,0,0,0,0,0,0,0,0,0,0,0,0
19.3038690421428,0.490149765396458,0.0117006947498569,-0.00936165946651532,0.196059906158583,0.00468027789994233,-0.00374466378660622,0,0,0,0,0,0,0,0,0,0,0,0
19.3138717477667,0.490266336223233,0.0116072202037729,-0.00932817118093993,0.196106534489293,0.00464288808150861,-0.00373126847237621,0,0,0,0,0,0,0,0,0,0,0,0
19.3238744533906,0.490381973729135,0.0115140812836929,-0.00929455258072454,0.196152789491654,0.00460563251347676,-0.00371782103228985,0,0,0,0,0,0,0,0,0,0,0,0
19.3338771590144,0.490496681277839,0.011421279288352,-0.00926080461957157,0.196198672511136,0.00456851171534046,-0.00370432184782882,0,0,0,0,0,0,0,0,0,0,0,0
19.3438798646383,0.49061046224596,0.0113288155069135,-0.00922692825743458,0.196244184898384,0.00453152620276522,-0.00369077130297398,0,0,0,0,0,0,0,0,0,0,0,0
19.3538825702622,0.490723320022957,0.0112366912189065,-0.00919292446052757,0.196289328009183,0.0044946764875622,-0.00367716978421113,0,0,0,0,0,0,0,0,0,0,0,0
19.3638852758861,0.490835258011043,0.0111449076941669,-0.0091587942013361,0.196334103204418,0.00445796307766604,-0.00366351768053455,0,0,0,0,0,0,0,0,0,0,0,0
19.3738879815099,0.490946279625085,0.0110534661927673,-0.00912453845862959,0.196378511850033,0.00442138647710671,-0.00364981538345202,0,0,0,0,0,0,0,0,0,0,0,0
19.3838906871338,0.491056388292498,0.0109623679649632,-0.00909015821747105,0.196422555317,0.00438494718598496,-0.00363606328698851,0,0,0,0,0,0,0,0,0,0,0,0
19.3938933927577,0.491165587453164,0.0108716142511223,-0.00905565446922823,0.196466234981266,0.00434864570044874,-0.00362226178769143,0,0,0,0,0,0,0,0,0,0,0,0
19.4038960983816,0.491273880559314,0.0107812062816647,-0.00902102821158507,0.196509552223725,0.0043124825126657,-0.0036084112846342,0,0,0,0,0,0,0,0,0,0,0,0
19.4138988040054,0.49138127107544,0.0106911452770006,-0.00898628044855249,0.196552508430175,0.00427645811079983,-0.0035945121794211,0,0,0,0,0,0,0,0,0,0,0,0
19.4239015096293,0.491487762478188,0.0106014324474636,-0.00895141219047914,0.196595104991275,0.00424057297898498,-0.00358056487619176,0,0,0,0,0,0,0,0,0,0,0,0
19.4339042152532,0.491593358256268,0.0105120689932514,-0.00891642445406255,0.196637343302507,0.00420482759729999,-0.00356656978162518,0,0,0,0,0,0,0,0,0,0,0,0
19.4439069208771,0.491698061910331,0.0104230561043589,-0.0088813182623609,0.196679224764133,0.00416922244174308,-0.00355252730494447,0,0,0,0,0,0,0,0,0,0,0,0
19.4539096265009,0.491801876952894,0.0103343949605168,-0.00884609464480247,0.196720750781157,0.00413375798420622,-0.00353843785792119,0,0,0,0,0,0,0,0,0,0,0,0
19.4639123321248,0.491904806908216,0.0102460867311252,-0.00881075463719785,0.196761922763286,0.00409843469244982,-0.00352430185487932,0,0,0,0,0,0,0,0,0,0,0,0
19.4739150377487,0.492006855312197,0.0101581325751938,-0.0087752992817505,0.196802742124878,0.0040632530300771,-0.00351011971270031,0,0,0,0,0,0,0,0,0,0,0,0
19.4839177433726,0.492108025712286,0.0100705336412728,-0.00873972962706765,0.196843210284914,0.00402821345650856,-0.00349589185082718,0,0,0,0,0,0,0,0,0,0,0,0
19.4939204489964,0.492208321667364,0.00998329106739394,-0.0087040467281716,0.196883328666946,0.00399331642695711,-0.0034816186912687,0,0,0,0,0,0,0,0,0,0,0,0
19.5039231546203,0.492307746747643,0.00989640598100121,-0.00866825164651019,0.196923098699057,0.00395856239239995,-0.00346730065860427,0,0,0,0,0,0,0,0,0,0,0,0
19.5139258602442,0.492406304534559,0.00980987949889067,-0.00863234544996884,0.196962521813824,0.00392395179955561,-0.00345293817998771,0,0,0,0,0,0,0,0,0,0,0,0
19.5239285658681,0.492503998620669,0.00972371272714377,-0.00859632921288036,0.197001599448268,0.00388948509085684,-0.00343853168515233,0,0,0,0,0,0,0,0,0,0,0,0
19.533931271492,0.492600832609535,0.00963790676106373,-0.00856020401603659,0.197040333043814,0.00385516270442503,-0.00342408160641479,0,0,0,0,0,0,0,0,0,0,0,0
19.5439339771158,0.49269681011562,0.00955246268511094,-0.00852397094669915,0.197078724046248,0.00382098507404408,-0.00340958837867978,0,0,0,0,0,0,0,0,0,0,0,0
19.5539366827397,0.492791934764187,0.00946738157283715,-0.00848763109861037,0.197116773905674,0.00378695262913456,-0.00339505243944424,0,0,0,0,0,0,0,0,0,0,0,0
19.5639393883636,0.492886210191176,0.00938266448682192,-0.00845118557200476,0.19715448407647,0.0037530657947284,-0.00338047422880202,0,0,0,0,0,0,0,0,0,0,0,0
19.5739420939875,0.492979640043101,0.009298312478606,-0.00841463547361936,0.19719185601724,0.0037193249914419,-0.00336585418944784,0,0,0,0,0,0,0,0,0,0,0,0
19.5839447996113,0.493072227976946,0.00921432658862784,-0.00837798191670567,0.197228891190778,0.00368573063545084,-0.00335119276668245,0,0,0,0,0,0,0,0,0,0,0,0
19.5939475052352,0.493163977660036,0.00913070784615779,-0.00834122602103932,0.197265591064014,0.00365228313846308,-0.00333649040841582,0,0,0,0,0,0,0,0,0,0,0,0
19.6039502108591,0.493254892769942,0.00904745726923337,-0.00830436891293248,0.197301957107977,0.00361898290769294,-0.0033217475651731,0,0,0,0,0,0,0,0,0,0,0,0
19.613952916483,0.493344976994361,0.00896457586459185,-0.0082674117252428,0.197337990797744,0.00358583034583633,-0.00330696469009731,0,0,0,0,0,0,0,0,0,0,0,0
19.6239556221068,0.493434234031003,0.00888206462760642,-0.00823035559738757,0.1973736936124,0.00355282585104206,-0.00329214223895522,0,0,0,0,0,0,0,0,0,0,0,0
19.6339583277307,0.493522667587473,0.0087999245422205,-0.00819320167535171,0.197409067034989,0.00351996981688755,-0.00327728067014075,0,0,0,0,0,0,0,0,0,0,0,0
19.6439610333546,0.493610281381168,0.00871815658088134,-0.00815595111170014,0.197444112552467,0.00348726263235243,-0.00326238044468022,0,0,0,0,0,0,0,0,0,0,0,0
19.6539637389785,0.493697079139151,0.00863676170447579,-0.00811860506558893,0.19747883165566,0.00345470468178991,-0.00324744202623567,0,0,0,0,0,0,0,0,0,0,0,0
19.6639664446023,0.493783064598036,0.00855574086226065,-0.00808116470277561,0.197513225839214,0.00342229634490382,-0.0032324658811104,0,0,0,0,0,0,0,0,0,0,0,0
19.6739691502262,0.493868241503874,0.0084750949918013,-0.00804363119563065,0.19754729660155,0.00339003799672049,-0.00321745247825235,0,0,0,0,0,0,0,0,0,0,0,0
19.6839718558501,0.493952613612042,0.00839482501890141,-0.00800600572314816,0.197581045444817,0.00335793000756036,-0.00320240228925946,0,0,0,0,0,0,0,0,0,0,0,0
19.693974561474,0.494036184687111,0.00831493185753974,-0.007968289470957,0.197614473874844,0.00332597274301541,-0.00318731578838294,0,0,0,0,0,0,0,0,0,0,0,0
19.7039772670978,0.494118958502736,0.00823541640980091,-0.00793048363133227,0.197647583401095,0.00329416656392002,-0.00317219345253308,0,0,0,0,0,0,0,0,0,0,0,0
19.7139799727217,0.494200938841539,0.00815627956581101,-0.0078925894032053,0.197680375536616,0.00326251182632347,-0.00315703576128229,0,0,0,0,0,0,0,0,0,0,0,0
19.7239826783456,0.494282129494985,0.00807752220366881,-0.00785460799217533,0.197712851797994,0.00323100888146711,-0.00314184319687036,0,0,0,0,0,0,0,0,0,0,0,0
19.7339853839695,0.494362534263258,0.00799914518938358,-0.00781654061052068,0.197745013705303,0.00319965807575298,-0.00312661624420838,0,0,0,0,0,0,0,0,0,0,0,0
19.7439880895934,0.494442156955146,0.00792114937680334,-0.00777838847720901,0.197776862782059,0.00316845975072071,-0.0031113553908837,0,0,0,0,0,0,0,0,0,0,0,0
19.7539907952172,0.494521001387921,0.00784353560754858,-0.00774015281790864,0.197808400555168,0.00313741424301915,-0.00309606112716354,0,0,0,0,0,0,0,0,0,0,0,0
19.7639935008411,0.4945990713872,0.00776630471094728,-0.007701834865,0.19783962855488,0.00310652188437835,-0.00308073394600015,0,0,0,0,0,0,0,0,0,0,0,0
19.773996206465,0.494676370786849,0.00768945750396737,-0.00766343585758606,0.19787054831474,0.00307578300158649,-0.0030653743430346,0,0,0,0,0,0,0,0,0,0,0,0
19.7839989120889,0.494752903428836,0.0076129947911473,-0.00762495704150352,0.197901161371534,0.00304519791645861,-0.00304998281660165,0,0,0,0,0,0,0,0,0,0,0,0
19.7940016177127,0.494828673163109,0.00753691736453082,-0.00758639966933417,0.197931469265244,0.00301476694581173,-0.00303455986773383,0,0,0,0,0,0,0,0,0,0,0,0
19.8040043233366,0.494903683847488,0.00746122600359865,-0.00754776500041495,0.197961473538996,0.00298449040143911,-0.00301910600016604,0,0,0,0,0,0,0,0,0,0,0,0
19.8140070289605,0.494977939347517,0.00738592147520161,-0.0075090543008493,0.197991175739007,0.00295436859008033,-0.00300362172033989,0,0,0,0,0,0,0,0,0,0,0,0
19.8240097345844,0.49505144353635,0.0073110045334897,-0.00747026884351924,0.198020577414539,0.00292440181339528,-0.00298810753740774,0,0,0,0,0,0,0,0,0,0,0,0
19.8340124402082,0.495124200294622,0.00723647591984992,-0.00743140990809488,0.198049680117849,0.00289459036793915,-0.00297256396323815,0,0,0,0,0,0,0,0,0,0,0,0
19.8440151458321,0.495196213510319,0.00716233636283224,-0.00739247878104605,0.198078485404127,0.0028649345451324,-0.00295699151241859,0,0,0,0,0,0,0,0,0,0,0,0
19.854017851456,0.49526748707865,0.00708858657808688,-0.0073534767556538,0.198106994831459,0.00283543463123404,-0.00294139070226178,0,0,0,0,0,0,0,0,0,0,0,0
19.8640205570799,0.495338024901915,0.00701522726829191,-0.00731440513201982,0.198135209960766,0.0028060909073162,-0.00292576205280815,0,0,0,0,0,0,0,0,0,0,0,0
19.8740232627037,0.495407830889385,0.00694225912308773,-0.00727526521707982,0.198163132355753,0.00277690364923477,-0.00291010608683212,0,0,0,0,0,0,0,0,0,0,0,0
19.8840259683276,0.495476908957154,0.00686968281900691,-0.00723605832461172,0.198190763582861,0.0027478731276023,-0.00289442332984483,0,0,0,0,0,0,0,0,0,0,0,0
19.8940286739515,0.495545263028022,0.00679749901940753,-0.00719678577524905,0.198218105211209,0.00271899960776269,-0.00287871431009977,0,0,0,0,0,0,0,0,0,0,0,0
19.9040313795754,0.495612897031365,0.00672570837440195,-0.00715744889649081,0.198245158812546,0.00269028334976053,-0.00286297955859642,0,0,0,0,0,0,0,0,0,0,0,0
19.9140340851992,0.495679814902981,0.00665431152078996,-0.00711804902271244,0.198271925961192,0.00266172460831559,-0.00284721960908508,0,0,0,0,0,0,0,0,0,0,0,0
19.9240367908231,0.49574602058498,0.00658330908198988,-0.00707858749517712,0.198298408233992,0.00263332363279527,-0.00283143499807095,0,0,0,0,0,0,0,0,0,0,0,0
19.934039496447,0.495811518025642,0.0065127016679693,-0.00703906566204706,0.198324607210257,0.00260508066718703,-0.00281562626481894,0,0,0,0,0,0,0,0,0,0,0,0
19.9440422020709,0.495876311179279,0.00644248987517633,-0.00699948487839329,0.198350524471711,0.00257699595007006,-0.00279979395135742,0,0,0,0,0,0,0,0,0,0,0,0
19.9540449076948,0.495940404006095,0.00637267428646866,-0.00695984650620817,0.198376161602438,0.00254906971458739,-0.00278393860248337,0,0,0,0,0,0,0,0,0,0,0,0
19.9640476133186,0.496003800472063,0.00630325547104791,-0.00692015191441507,0.198401520188826,0.00252130218841895,-0.00276806076576617,0,0,0,0,0,0,0,0,0,0,0,0
19.9740503189425,0.496066504548784,0.00623423398438656,-0.00688040247888065,0.198426601819512,0.00249369359375429,-0.00275216099155236,0,0,0,0,0,0,0,0,0,0,0,0
19.9840530245664,0.496128520213332,0.00616561036816032,-0.0068405995824245,0.198451408085333,0.00246624414726362,-0.00273623983297005,0,0,0,0,0,0,0,0,0,0,0,0
19.9940557301903,0.496189851448145,0.00609738515017741,-0.00680074461483147,0.198475940579258,0.00243895406007038,-0.00272029784593281,0,0,0,0,0,0,0,0,0,0,0,0
20.0040584358141,0.496250502240864,0.00602955884431102,-0.00676083897286162,0.198500200896346,0.002411823537724,-0.00270433558914479,0,0,0,0,0,0,0,0,0,0,0,0
20.014061141438,0.496310476584204,0.00596213195042656,-0.00672088406026139,0.198524190633681,0.00238485278016974,-0.00268835362410462,0,0,0,0,0,0,0,0,0,0,0,0
20.0240638470619,0.496369778475803,0.00589510495431392,-0.0066808812877749,0.19854791139032,0.00235804198172491,-0.00267235251511012,0,0,0,0,0,0,0,0,0,0,0,0
20.0340665526858,0.496428411918089,0.00582847832761708,-0.00664083207315512,0.198571364767236,0.00233139133104628,-0.00265633282926218,0,0,0,0,0,0,0,0,0,0,0,0
20.0440692583096,0.496486380918147,0.00576225252776204,-0.00660073784117461,0.198594552367259,0.00230490101110441,-0.00264029513647013,0,0,0,0,0,0,0,0,0,0,0,0
20.0540719639335,0.496543689487552,0.00569642799789068,-0.00656060002363625,0.198617475795021,0.00227857119915572,-0.00262424000945465,0,0,0,0,0,0,0,0,0,0,0,0
20.0640746695574,0.496600341642247,0.00563100516678518,-0.00652042005938442,0.198640136656898,0.00225240206671378,-0.00260816802375397,0,0,0,0,0,0,0,0,0,0,0,0
20.0740773751813,0.496656341402393,0.00556598444880123,-0.00648019939431611,0.198662536560957,0.0022263937795202,-0.00259207975772655,0,0,0,0,0,0,0,0,0,0,0,0
20.0840800808051,0.496711692792219,0.00550136624379631,-0.00643993948139184,0.198684677116888,0.00220054649751841,-0.00257597579255693,0,0,0,0,0,0,0,0,0,0,0,0
20.094082786429,0.496766399839883,0.00543715093705975,-0.00639964178064691,0.198706559935953,0.00217486037482375,-0.00255985671225888,0,0,0,0,0,0,0,0,0,0,0,0
20.1040854920529,0.496820466577327,0.00537333889923927,-0.0063593077592019,0.19872818663093,0.00214933555969507,-0.00254372310368094,0,0,0,0,0,0,0,0,0,0,0,0
20.1140881976768,0.496873897040119,0.00530993048627343,-0.00631893889127402,0.198749558816047,0.00212397219450885,-0.00252757555650974,0,0,0,0,0,0,0,0,0,0,0,0
20.1240909033006,0.496926695267319,0.00524692603931798,-0.00627853665818752,0.198770678106928,0.00209877041572682,-0.00251141466327525,0,0,0,0,0,0,0,0,0,0,0,0
20.1340936089245,0.496978865301329,0.00518432588467805,-0.00623810254838613,0.198791546120531,0.00207373035387013,-0.00249524101935457,0,0,0,0,0,0,0,0,0,0,0,0
20.1440963145484,0.497030411187732,0.00512213033373056,-0.00619763805744238,0.198812164475092,0.002048852133492,-0.0024790552229771,0,0,0,0,0,0,0,0,0,0,0,0
20.1540990201723,0.497081336975151,0.00506033968286181,-0.00615714468806902,0.198832534790061,0.00202413587314424,-0.00246285787522776,0,0,0,0,0,0,0,0,0,0,0,0
20.1641017257962,0.497131646715113,0.00499895421338704,-0.00611662395013118,0.198852658686045,0.0019995816853547,-0.0024466495800526,0,0,0,0,0,0,0,0,0,0,0,0
20.17410443142,0.49718134446186,0.00493797419148706,-0.00607607736065565,0.198872537784744,0.00197518967659452,-0.00243043094426241,0,0,0,0,0,0,0,0,0,0,0,0
20.1841071370439,0.497230434272239,0.00487739986812831,-0.00603550644384333,0.198892173708896,0.00195095994725109,-0.00241420257753754,0,0,0,0,0,0,0,0,0,0,0,0
20.1941098426678,0.497278920205525,0.00481723147899742,-0.00599491273107937,0.19891156808221,0.00192689259159863,-0.00239796509243191,0,0,0,0,0,0,0,0,0,0,0,0
20.2041125482917,0.497326806323269,0.00475746924442707,-0.00595429776094389,0.198930722529307,0.0019029876977701,-0.00238171910437775,0,0,0,0,0,0,0,0,0,0,0,0
20.2141152539155,0.497374096689156,0.0046981133693224,-0.00591366307922428,0.198949638675663,0.0018792453477285,-0.00236546523168985,0,0,0,0,0,0,0,0,0,0,0,0
20.2241179595394,0.497420795368843,0.00463916404309233,-0.00587301023892516,0.198968318147536,0.0018556656172364,-0.00234920409557014,0,0,0,0,0,0,0,0,0,0,0,0
20.2341206651633,0.497466906429795,0.00458062143957347,-0.00583234080027872,0.198986762571918,0.00183224857582897,-0.00233293632011166,0,0,0,0,0,0,0,0,0,0,0,0
20.2441233707872,0.497512433941148,0.00452248571696237,-0.00579165633075797,0.199004973576461,0.00180899428678449,-0.00231666253230334,0,0,0,0,0,0,0,0,0,0,0,0
20.254126076411,0.49755738197354,0.00446475701773845,-0.00575095840508537,0.199022952789416,0.00178590280709495,-0.0023003833620343,0,0,0,0,0,0,0,0,0,0,0,0
20.2641287820349,0.497601754598946,0.00440743546859215,-0.00571024860524539,0.199040701839578,0.00176297418743609,-0.00228409944209828,0,0,0,0,0,0,0,0,0,0,0,0
20.2741314876588,0.497645555890542,0.00435052118035654,-0.00566952852049455,0.199058222356217,0.00174020847214192,-0.00226781140819802,0,0,0,0,0,0,0,0,0,0,0,0
20.2841341932827,0.497688789922525,0.00429401424792869,-0.00562879974737285,0.199075515969009,0.00171760569917105,-0.00225151989894918,0,0,0,0,0,0,0,0,0,0,0,0
20.2941368989065,0.497731460769961,0.00423791475020103,-0.00558806388971461,0.199092584307984,0.00169516590007999,-0.00223522555588602,0,0,0,0,0,0,0,0,0,0,0,0
20.3041396045304,0.497773572508628,0.00418222274998716,-0.00554732255865988,0.199109429003451,0.00167288909999432,-0.00221892902346405,0,0,0,0,0,0,0,0,0,0,0,0
20.3141423101543,0.497815129214851,0.00412693829394562,-0.00550657737266478,0.19912605168594,0.00165077531757774,-0.00220263094906615,0,0,0,0,0,0,0,0,0,0,0,0
20.3241450157782,0.497856134965344,0.0040720614125125,-0.00546582995751312,0.199142453986137,0.0016288245650043,-0.00218633198300541,0,0,0,0,0,0,0,0,0,0,0,0
20.334147721402,0.497896593837034,0.00401759211982415,-0.00542508194632711,0.199158637534814,0.00160703684792903,-0.00217003277853103,0,0,0,0,0,0,0,0,0,0,0,0
20.3441504270259,0.497936509906917,0.00396353041364143,-0.00538433497957793,0.199174603962766,0.0015854121654565,-0.00215373399183131,0,0,0,0,0,0,0,0,0,0,0,0
20.3541531326498,0.497975887251882,0.00390987627528512,-0.00534359070509713,0.199190354900753,0.00156395051011362,-0.00213743628203909,0,0,0,0,0,0,0,0,0,0,0,0
20.3641558382737,0.498014729948545,0.00385662966955205,-0.00530285077808812,0.199205891979418,0.00154265186782027,-0.00212114031123539,0,0,0,0,0,0,0,0,0,0,0,0
20.3741585438975,0.49805304207309,0.00380379054464561,-0.00526211686113619,0.199221216829236,0.00152151621785797,-0.00210484674445472,0,0,0,0,0,0,0,0,0,0,0,0
20.3841612495214,0.498090827701101,0.00375135883210425,-0.00522139062422087,0.19923633108044,0.00150054353284111,-0.00208855624968845,0,0,0,0,0,0,0,0,0,0,0,0
20.3941639551453,0.498128090907391,0.00369933444672469,-0.00518067374472444,0.199251236362955,0.00147973377868912,-0.00207226949788997,0,0,0,0,0,0,0,0,0,0,0,0
20.4041666607692,0.498164835765837,0.00364771728648505,-0.00513996790744612,0.199265934306334,0.0014590869145935,-0.0020559871629785,0,0,0,0,0,0,0,0,0,0,0,0
20.4141693663931,0.49820106634921,0.00359650723247691,-0.00509927480461067,0.199280426539685,0.00143860289299025,-0.00203970992184436,0,0,0,0,0,0,0,0,0,0,0,0
20.4241720720169,0.498236786729015,0.00354570414882749,-0.00505859613588017,0.199294714691606,0.00141828165953036,-0.00202343845435213,0,0,0,0,0,0,0,0,0,0,0,0
20.4341747776408,0.498272000975298,0.00349530788262429,-0.00501793360836481,0.19930880039012,0.00139812315304904,-0.00200717344334614,0,0,0,0,0,0,0,0,0,0,0,0
20.4441774832647,0.498306713156503,0.00344531826384344,-0.00497728893663505,0.199322685262602,0.0013781273055369,-0.00199091557465425,0,0,0,0,0,0,0,0,0,0,0,0
20.4541801888886,0.498340927339283,0.00339573510527175,-0.00493666384273102,0.199336370935713,0.00135829404210826,-0.00197466553709267,0,0,0,0,0,0,0,0,0,0,0,0
20.4641828945124,0.498374647588328,0.00334655820243478,-0.00489606005617415,0.199349859035332,0.00133862328097327,-0.00195842402246977,0,0,0,0,0,0,0,0,0,0,0,0
20.4741856001363,0.498407877966199,0.0032977873335195,-0.00485547931397767,0.199363151186481,0.00131911493340752,-0.00194219172559124,0,0,0,0,0,0,0,0,0,0,0,0
20.4841883057602,0.49844062253316,0.00324942225930217,-0.00481492336065944,0.199376249013264,0.00129976890372047,-0.00192596934426386,0,0,0,0,0,0,0,0,0,0,0,0
20.4941910113841,0.498472885346977,0.00320146272307077,-0.00477439394825014,0.199389154138791,0.00128058508922819,-0.00190975757930016,0,0,0,0,0,0,0,0,0,0,0,0
20.5041937170079,0.498504670462774,0.00315390845054937,-0.00473389283630648,0.19940186818511,0.00126156338021926,-0.00189355713452284,0,0,0,0,0,0,0,0,0,0,0,0
20.5141964226318,0.498535981932843,0.00310675914982607,-0.00469342179192194,0.199414392773137,0.0012427036599301,-0.00187736871676894,0,0,0,0,0,0,0,0,0,0,0,0
20.5241991282557,0.498566823806457,0.00306001451127431,-0.00465298258973626,0.199426729522582,0.00122400580450952,-0.00186119303589462,0,0,0,0,0,0,0,0,0,0,0,0
20.5342018338796,0.498597200129712,0.00301367420747933,-0.00461257701194782,0.199438880051886,0.00120546968299112,-0.00184503080477929,0,0,0,0,0,0,0,0,0,0,0,0
20.5442045395034,0.498627114945343,0.00296773789316052,-0.00457220684832449,0.199450845978136,0.00118709515726347,-0.00182888273932991,0,0,0,0,0,0,0,0,0,0,0,0
20.5542072451273,0.498656572292528,0.00292220520509763,-0.00453187389621385,0.199462628917011,0.00116888208203836,-0.00181274955848572,0,0,0,0,0,0,0,0,0,0,0,0
20.5642099507512,0.498685576206734,0.00287707576205455,-0.00449157996055548,0.199474230482694,0.00115083030482125,-0.00179663198422238,0,0,0,0,0,0,0,0,0,0,0,0
20.5742126563751,0.498714130719525,0.00283234916470123,-0.00445132685389053,0.199485652287809,0.00113293966588008,-0.0017805307415564,0,0,0,0,0,0,0,0,0,0,0,0
20.5842153619989,0.498742239858364,0.00278802499554251,-0.00441111639637393,0.199496895943346,0.00111520999821647,-0.00176444655854982,0,0,0,0,0,0,0,0,0,0,0,0
20.5942180676228,0.498769907646467,0.00274410281883496,-0.00437095041578452,0.199507963058587,0.00109764112753337,-0.00174838016631391,0,0,0,0,0,0,0,0,0,0,0,0
20.6042207732467,0.498797138102589,0.00270058218051587,-0.00433083074753604,0.199518855241035,0.00108023287220577,-0.00173233229901465,0,0,0,0,0,0,0,0,0,0,0,0
20.6142234788706,0.498823935240847,0.0026574626081256,-0.00429075923468918,0.199529574096339,0.00106298504324954,-0.00171630369387573,0,0,0,0,0,0,0,0,0,0,0,0
20.6242261844944,0.498850303070552,0.00261474361073023,-0.00425073772796108,0.19954012122822,0.00104589744429139,-0.00170029509118461,0,0,0,0,0,0,0,0,0,0,0,0
20.6342288901183,0.498876245596003,0.00257242467884407,-0.00421076808573742,0.1995504982384,0.0010289698715368,-0.00168430723429514,0,0,0,0,0,0,0,0,0,0,0,0
20.6442315957422,0.498901766816309,0.00253050528435581,-0.00417085217408338,0.199560706726524,0.00101220211374178,-0.00166834086963362,0,0,0,0,0,0,0,0,0,0,0,0
20.6542343013661,0.498926870725209,0.00248898488045038,-0.00413099186675423,0.199570748290084,0.000995593952179655,-0.00165239674670188,0,0,0,0,0,0,0,0,0,0,0,0
20.66423700699,0.498951561310876,0.00244786290152997,-0.00409118904520587,0.19958062452435,0.000979145160611695,-0.00163647561808255,0,0,0,0,0,0,0,0,0,0,0,0
20.6742397126138,0.49897584255573,0.00240713876313891,-0.00405144559860682,0.199590337022292,0.000962855505255273,-0.00162057823944292,0,0,0,0,0,0,0,0,0,0,0,0
20.6842424182377,0.498999718436247,0.00236681186188826,-0.00401176342384865,0.199599887374498,0.000946724744754843,-0.00160470536953966,0,0,0,0,0,0,0,0,0,0,0,0
20.6942451238616,0.499023192922778,0.00232688157537256,-0.00397214442555722,0.199609277169112,0.000930752630148521,-0.00158885777022312,0,0,0,0,0,0,0,0,0,0,0,0
20.7042478294855,0.49904626997936,0.00228734726209874,-0.00393259051610331,0.199618507991743,0.000914938904838992,-0.00157303620644162,0,0,0,0,0,0,0,0,0,0,0,0
20.7142505351093,0.499068953563494,0.00224820826140648,-0.00389310361561428,0.199627581425398,0.000899283304562086,-0.00155724144624587,0,0,0,0,0,0,0,0,0,0,0,0
20.7242532407332,0.499091247626,0.00220946389338805,-0.00385368565198422,0.1996364990504,0.000883785557354673,-0.00154147426079383,0,0,0,0,0,0,0,0,0,0,0,0
20.7342559463571,0.499113156110787,0.00217111345881437,-0.00381433856088535,0.199645262444315,0.000868445383524819,-0.0015257354243543,0,0,0,0,0,0,0,0,0,0,0,0
20.744258651981,0.49913468295468,0.00213315623905375,-0.00377506428577933,0.199653873181871,0.000853262495621499,-0.00151002571431187,0,0,0,0,0,0,0,0,0,0,0,0
20.7542613576048,0.499155832087214,0.00209559149599942,-0.00373586477792755,0.199662332834886,0.000838236598399175,-0.0014943459111711,0,0,0,0,0,0,0,0,0,0,0,0
20.7642640632287,0.499176607430448,0.00205841847198303,-0.00369674199640302,0.199670642972181,0.00082336738879249,-0.0014786967985613,0,0,0,0,0,0,0,0,0,0,0,0
20.7742667688526,0.499197012898764,0.00202163638970319,-0.00365769790810035,0.199678805159505,0.000808654555880765,-0.00146307916324041,0,0,0,0,0,0,0,0,0,0,0,0
20.7842694744765,0.499217052398655,0.00198524445214634,-0.00361873448774778,0.199686820959462,0.000794097780857728,-0.00144749379509925,0,0,0,0,0,0,0,0,0,0,0,0
20.7942721801003,0.499236729828566,0.0019492418425037,-0.00357985371791702,0.199694691931428,0.000779696737000797,-0.00143194148716701,0,0,0,0,0,0,0,0,0,0,0,0
20.8042748857242,0.499256049078661,0.00191362772410036,-0.00354105758903573,0.199702419631464,0.00076545108963946,-0.00141642303561437,0,0,0,0,0,0,0,0,0,0,0,0
20.8142775913481,0.499275014030632,0.00187840124030903,-0.00350234809939657,0.199710005612253,0.000751360496123183,-0.00140093923975886,0,0,0,0,0,0,0,0,0,0,0,0
20.824280296972,0.499293628557502,0.00184356151447596,-0.00346372725517039,0.199717451423001,0.000737424605789482,-0.00138549090206827,0,0,0,0,0,0,0,0,0,0,0,0
20.8342830025958,0.499311896523443,0.00180910764984084,-0.0034251970704151,0.199724758609377,0.000723643059935603,-0.00137007882816629,0,0,0,0,0,0,0,0,0,0,0,0
20.8442857082197,0.49932982178353,0.00177503872945695,-0.00338675956708836,0.199731928713411,0.000710015491782219,-0.00135470382683547,0,0,0,0,0,0,0,0,0,0,0,0
20.8542884138436,0.499347408183575,0.00174135381611471,-0.00334841677505779,0.199738963273431,0.000696541526445021,-0.00133936671002339,0,0,0,0,0,0,0,0,0,0,0,0
20.8642911194675,0.49936465955993,0.00170805195225948,-0.00331017073211205,0.19974586382397,0.000683220780903273,-0.00132406829284501,0,0,0,0,0,0,0,0,0,0,0,0
20.8742938250913,0.499381579739234,0.00167513215991354,-0.00327202348397198,0.199752631895695,0.000670052863965286,-0.00130880939358889,0,0,0,0,0,0,0,0,0,0,0,0
20.8842965307152,0.499398172538266,0.00164259344059845,-0.00323397708430045,0.199759269015308,0.000657037376238599,-0.00129359083372033,0,0,0,0,0,0,0,0,0,0,0,0
20.8942992363391,0.499414441763718,0.00161043477525122,-0.00319603359471595,0.199765776705487,0.000644173910100139,-0.00127841343788656,0,0,0,0,0,0,0,0,0,0,0,0
20.904301941963,0.499430391211962,0.00157865512414855,-0.00315819508480085,0.199772156484784,0.00063146204965894,-0.00126327803392049,0,0,0,0,0,0,0,0,0,0,0,0
20.9143046475869,0.499446024668882,0.00154725342682629,-0.00312046363211414,0.199778409867554,0.000618901370729686,-0.00124818545284595,0,0,0,0,0,0,0,0,0,0,0,0
20.9243073532107,0.499461345909654,0.00151622860199783,-0.0030828413222016,0.199784538363861,0.000606491440798608,-0.00123313652888074,0,0,0,0,0,0,0,0,0,0,0,0
20.9343100588346,0.499476358698521,0.0014855795474759,-0.00304533024860712,0.199790543479409,0.000594231818990185,-0.00121813209944308,0,0,0,0,0,0,0,0,0,0,0,0
20.9443127644585,0.499491066788605,0.00145530514009515,-0.00300793251288361,0.199796426715441,0.000582122056037312,-0.00120317300515348,0,0,0,0,0,0,0,0,0,0,0,0
20.9543154700824,0.499505473921691,0.00142540423562321,-0.00297065022460333,0.199802189568675,0.000570161694248579,-0.00118826008984155,0,0,0,0,0,0,0,0,0,0,0,0
20.9643181757062,0.499519583827997,0.00139587566869051,-0.00293348550137062,0.199807833531199,0.000558350267475941,-0.00117339420054845,0,0,0,0,0,0,0,0,0,0,0,0
20.9743208813301,0.499533400225997,0.00136671825270199,-0.00289644046883128,0.199813360090398,0.000546687301080352,-0.00115857618753273,0,0,0,0,0,0,0,0,0,0,0,0
20.984323586954,0.499546926822185,0.00133793077976582,-0.00285951726068395,0.199818770728872,0.000535172311905972,-0.00114380690427386,0,0,0,0,0,0,0,0,0,0,0,0
20.9943262925779,0.499560167310848,0.00130951202060048,-0.00282271801869151,0.19982406692434,0.000523804808240193,-0.00112908720747684,0,0,0,0,0,0,0,0,0,0,0,0
21.0043289982017,0.499573125373898,0.00128146072446642,-0.002786044892692,0.199829250149558,0.000512584289785991,-0.00111441795707697,0,0,0,0,0,0,0,0,0,0,0,0
21.0143317038256,0.49958580468061,0.00125377561907323,-0.00274950004060867,0.199834321872243,0.000501510247628713,-0.00109980001624365,0,0,0,0,0,0,0,0,0,0,0,0
21.0243344094495,0.499598208887426,0.00122645541051205,-0.00271308562846204,0.19983928355497,0.000490582164204152,-0.00108523425138514,0,0,0,0,0,0,0,0,0,0,0,0
21.0343371150734,0.49961034163774,0.00119949878316031,-0.00267680383038172,0.199844136655095,0.000479799513263452,-0.0010707215321528,0,0,0,0,0,0,0,0,0,0,0,0
21.0443398206972,0.499622206561681,0.00117290439961343,-0.00264065682861393,0.199848882624674,0.000469161759844656,-0.00105626273144591,0,0,0,0,0,0,0,0,0,0,0,0
21.0543425263211,0.499633807275884,0.00114667090059517,-0.00260464681353758,0.199853522910354,0.000458668360237752,-0.00104185872541524,0,0,0,0,0,0,0,0,0,0,0,0
21.064345231945,0.499645147383285,0.00112079690487749,-0.00256877598366998,0.199858058953314,0.000448318761950995,-0.00102751039346823,0,0,0,0,0,0,0,0,0,0,0,0
21.0743479375689,0.499656230472886,0.00109528100920497,-0.00253304654568227,0.199862492189154,0.000438112403681223,-0.00101321861827302,0,0,0,0,0,0,0,0,0,0,0,0
21.0843506431927,0.499667060119544,0.00107012178820421,-0.00249746071440749,0.199866824047819,0.000428048715281008,-0.000998984285763183,0,0,0,0,0,0,0,0,0,0,0,0
21.0943533488166,0.499677639883758,0.00104531779430885,-0.00246202071285238,0.199871055953502,0.000418127117723043,-0.000984808285141066,0,0,0,0,0,0,0,0,0,0,0,0
21.1043560544405,0.499687973311417,0.00102086755767416,-0.00242672877220982,0.199875189324567,0.000408347023068985,-0.000970691508884199,0,0,0,0,0,0,0,0,0,0,0,0
21.1143587600644,0.499698063933612,0.000996769586098743,-0.00239158713186747,0.199879225573445,0.000398707834438953,-0.000956634852747214,0,0,0,0,0,0,0,0,0,0,0,0
21.1243614656883,0.499707915266393,0.000973022364937048,-0.00235659803942057,0.199883166106556,0.000389208945973956,-0.00094263921576843,0,0,0,0,0,0,0,0,0,0,0,0
21.1343641713121,0.499717530810538,0.000949624357023582,-0.00232176375068134,0.199887012324216,0.000379849742808249,-0.00092870550027276,0,0,0,0,0,0,0,0,0,0,0,0
21.144366876936,0.499726914051346,0.000926574002584742,-0.00228708652969235,0.199890765620539,0.00037062960103303,-0.000914834611877206,0,0,0,0,0,0,0,0,0,0,0,0
21.1543695825599,0.499736068458398,0.000903869719161005,-0.00225256864873437,0.199894427383359,0.000361547887663945,-0.000901027459493845,0,0,0,0,0,0,0,0,0,0,0,0
21.1643722881838,0.499744997485326,0.000881509901522171,-0.0022182123883404,0.19989799899413,0.000352603960608319,-0.000887284955336379,0,0,0,0,0,0,0,0,0,0,0,0
21.1743749938076,0.499753704569599,0.000859492921586154,-0.00218402003730414,0.19990148182784,0.000343797168633498,-0.000873608014921952,0,0,0,0,0,0,0,0,0,0,0,0
21.1843776994315,0.499762193132287,0.000837817128331692,-0.00214999389269378,0.199904877252913,0.000335126851332631,-0.000859997557077787,0,0,0,0,0,0,0,0,0,0,0,0
21.1943804050554,0.499770466577818,0.000816480847724726,-0.00211613625985942,0.199908186631129,0.000326592339089246,-0.000846454503943883,0,0,0,0,0,0,0,0,0,0,0,0
21.2043831106793,0.499778528293778,0.000795482382626763,-0.0020824494524476,0.199911411317512,0.000318192953049598,-0.000832979780979146,0,0,0,0,0,0,0,0,0,0,0,0
21.2143858163031,0.49978638165065,0.000774820012712743,-0.0020489357924092,0.199914552660259,0.000309928005084866,-0.000819574316963793,0,0,0,0,0,0,0,0,0,0,0,0
21.224388521927,0.499794030001586,0.00075449199439669,-0.00201559761001379,0.199917612000634,0.000301796797757889,-0.000806239044005687,0,0,0,0,0,0,0,0,0,0,0,0
21.2343912275509,0.499801476682197,0.000734496560735523,-0.00198243724385705,0.199920590672878,0.000293798624293096,-0.000792974897542969,0,0,0,0,0,0,0,0,0,0,0,0
21.2443939331748,0.499808725010294,0.000714831921354015,-0.0019494570408745,0.199923490004118,0.00028593276854156,-0.000779782816350048,0,0,0,0,0,0,0,0,0,0,0,0
21.2543966387986,0.499815778285658,0.000695496262363671,-0.00191665935635139,0.199926311314262,0.000278198504945049,-0.000766663742540806,0,0,0,0,0,0,0,0,0,0,0,0
21.2643993444225,0.499822639789815,0.000676487746270325,-0.00188404655393317,0.199929055915926,0.00027059509850701,-0.00075361862157345,0,0,0,0,0,0,0,0,0,0,0,0
21.2744020500464,0.499829312785794,0.000657804511893219,-0.0018516210056378,0.199931725114317,0.000263121804757475,-0.000740648402255306,0,0,0,0,0,0,0,0,0,0,0,0
21.2844047556703,0.499835800517881,0.000639444674291488,-0.00181938509186538,0.199934320207152,0.000255777869715799,-0.000727754036746421,0,0,0,0,0,0,0,0,0,0,0,0
21.2944074612941,0.49984210621139,0.000621406324663447,-0.00178734120141056,0.199936842484557,0.000248562529864347,-0.000714936480564389,0,0,0,0,0,0,0,0,0,0,0,0
21.304410166918,0.499848233072435,0.000603687530274242,-0.0017554917314721,0.199939293228973,0.000241475012109509,-0.000702196692589032,0,0,0,0,0,0,0,0,0,0,0,0
21.3144128725419,0.499854184287651,0.00058628633436941,-0.0017238390876648,0.19994167371506,0.000234514533747105,-0.000689535635066082,0,0,0,0,0,0,0,0,0,0,0,0
21.3244155781658,0.499859963024005,0.000569200756088281,-0.00169238568403031,0.199943985209601,0.000227680302434794,-0.000676954273612384,0,0,0,0,0,0,0,0,0,0,0,0
21.3344182837897,0.499865572428521,0.000552428790381522,-0.0016611339430483,0.199946228971408,0.000220971516151758,-0.000664453577219489,0,0,0,0,0,0,0,0,0,0,0,0
21.3444209894135,0.499871015628041,0.000535968407924783,-0.00163008629564639,0.199948406251214,0.000214387363169629,-0.000652034518258651,0,0,0,0,0,0,0,0,0,0,0,0
21.3544236950374,0.499876295728982,0.000519817555038865,-0.00159924518121277,0.199950518291593,0.000207927022015119,-0.000639698072485287,0,0,0,0,0,0,0,0,0,0,0,0
21.3644264006613,0.499881415817115,0.000503974153597475,-0.00156861304760555,0.199952566326847,0.00020158966143899,-0.000627445219042395,0,0,0,0,0,0,0,0,0,0,0,0
21.3744291062852,0.499886378957293,0.000488436100951917,-0.00153819235116588,0.199954551582916,0.000195374440380719,-0.000615276940466648,0,0,0,0,0,0,0,0,0,0,0,0
21.384431811909,0.499891188193202,0.000473201269835756,-0.00150798555672624,0.19995647527728,0.000189280507934064,-0.000603194222690689,0,0,0,0,0,0,0,0,0,0,0,0
21.3944345175329,0.499895846547143,0.000458267508288364,-0.00147799513762379,0.199958338618856,0.000183307003315202,-0.000591198055049899,0,0,0,0,0,0,0,0,0,0,0,0
21.4044372231568,0.499900357019749,0.000443632639566004,-0.00144822357571027,0.199960142807898,0.000177453055825588,-0.000579289430284241,0,0,0,0,0,0,0,0,0,0,0,0
21.4144399287807,0.499904722589777,0.000429294462054687,-0.00141867336136258,0.19996188903591,0.000171717784820724,-0.000567469344545305,0,0,0,0,0,0,0,0,0,0,0,0
21.4244426344045,0.499908946213828,0.000415250749189614,-0.0013893469934949,0.19996357848553,0.000166100299675077,-0.000555738797397967,0,0,0,0,0,0,0,0,0,0,0,0
21.4344453400284,0.499913030826097,0.00040149924936783,-0.00136024697956844,0.199965212330439,0.000160599699746458,-0.000544098791827673,0,0,0,0,0,0,0,0,0,0,0,0
21.4444480456523,0.499916979338145,0.00038803768585978,-0.00133137583560436,0.199966791735258,0.000155215074342996,-0.000532550334241861,0,0,0,0,0,0,0,0,0,0,0,0
21.4544507512762,0.499920794638626,0.000374863756727968,-0.00130273608619214,0.199968317855449,0.000149945502690318,-0.00052109443447716,0,0,0,0,0,0,0,0,0,0,0,0
21.4644534569,0.499924479593043,0.000361975134738784,-0.00127433026450298,0.199969791837216,0.000144790053895078,-0.000509732105801305,0,0,0,0,0,0,0,0,0,0,0,0
21.4744561625239,0.499928037043499,0.000349369467276607,-0.00124616091229932,0.199971214817398,0.00013974778691011,-0.000498464364919876,0,0,0,0,0,0,0,0,0,0,0,0
21.4844588681478,0.499931469808427,0.000337044376259757,-0.0012182305799459,0.19997258792337,0.000134817750503417,-0.000487292231978436,0,0,0,0,0,0,0,0,0,0,0,0
21.4944615737717,0.499934780682345,0.000324997458051476,-0.0011905418264216,0.199973912272939,0.000129998983219617,-0.00047621673056893,0,0,0,0,0,0,0,0,0,0,0,0
21.5044642793955,0.499937972435624,0.000313226283374194,-0.00116309721933033,0.199975188974248,0.000125290513349093,-0.000465238887732339,0,0,0,0,0,0,0,0,0,0,0,0
21.5144669850194,0.499941047814171,0.000301728397226607,-0.0011358993349113,0.199976419125669,0.000120691358890057,-0.000454359733964708,0,0,0,0,0,0,0,0,0,0,0,0
21.5244696906433,0.499944009539232,0.000290501318793847,-0.00110895075804918,0.199977603815692,0.000116200527517392,-0.000443580303219883,0,0,0,0,0,0,0,0,0,0,0,0
21.5344723962672,0.499946860307106,0.0002795425413619,-0.00108225408228853,0.199978744122841,0.000111817016544123,-0.000432901632915686,0,0,0,0,0,0,0,0,0,0,0,0
21.544475101891,0.499949602788871,0.000268849532230959,-0.00105581190984104,0.199979841115548,0.000107539812891156,-0.000422324763936622,0,0,0,0,0,0,0,0,0,0,0,0
21.5544778075149,0.499952239630161,0.000258419732627179,-0.00102962685159858,0.199980895852065,0.000103367893050626,-0.000411850740639498,0,0,0,0,0,0,0,0,0,0,0,0
21.5644805131388,0.499954773450885,0.000248250557619732,-0.00100370152714297,0.199981909380353,9.93002230474492e-05,-0.000401480610857367,0,0,0,0,0,0,0,0,0,0,0,0
21.5744832187627,0.49995720684494,0.000238339396030389,-0.000978038564758466,0.199982882737977,9.53357584114151e-05,-0.000391215425903517,0,0,0,0,0,0,0,0,0,0,0,0
21.5844859243866,0.499959542380002,0.000228683610346911,-0.0009526406014417,0.199983816952,9.14734441386656e-05,-0.000381056240576877,0,0,0,0,0,0,0,0,0,0,0,0
21.5944886300104,0.499961782597216,0.000219280536637327,-0.000927510282912676,0.199984713038887,8.77122146545841e-05,-0.00037100411316522,0,0,0,0,0,0,0,0,0,0,0,0
21.6044913356343,0.49996393001095,0.000210127484461634,-0.00090265026362636,0.199985572004379,8.40509937835618e-05,-0.000361060105450669,0,0,0,0,0,0,0,0,0,0,0,0
21.6144940412582,0.49996598710853,0.000201221736780395,-0.00087806320678259,0.199986394843412,8.04886947120585e-05,-0.000351225282713287,0,0,0,0,0,0,0,0,0,0,0,0
21.6244967468821,0.499967956349974,0.000192560549879124,-0.000853751784338995,0.19998718253999,7.70242199508524e-05,-0.000341500713735892,0,0,0,0,0,0,0,0,0,0,0,0
21.6344994525059,0.499969840167713,0.000184141153264245,-0.000829718677019829,0.199987936067084,7.36564613051989e-05,-0.000331887470808094,0,0,0,0,0,0,0,0,0,0,0,0
21.6445021581298,0.499971640966334,0.00017596074959076,-0.00080596657432804,0.199988656386533,7.03842998355041e-05,-0.000322386629731474,0,0,0,0,0,0,0,0,0,0,0,0
21.6545048637537,0.499973361122319,0.000168016514562426,-0.000782498174556386,0.199989344448926,6.72066058244194e-05,-0.000312999269822783,0,0,0,0,0,0,0,0,0,0,0,0
21.6645075693776,0.499975002983741,0.000160305596850258,-0.000759316184798315,0.199990001193496,6.41222387394009e-05,-0.000303726473919597,0,0,0,0,0,0,0,0,0,0,0,0
21.6745102750014,0.499976568870045,0.000152825118003958,-0.000736423320958467,0.199990627548018,6.11300472014826e-05,-0.000294569328383483,0,0,0,0,0,0,0,0,0,0,0,0
21.6845129806253,0.499978061071727,0.000145572172364229,-0.000713822307764038,0.199991224428692,5.82288689452383e-05,-0.000285528923105935,0,0,0,0,0,0,0,0,0,0,0,0
21.6945156862492,0.499979481850094,0.000138543826968434,-0.00069151587877625,0.199991792740036,5.54175307864655e-05,-0.000276606351510627,0,0,0,0,0,0,0,0,0,0,0,0
21.7045183918731,0.499980833436967,0.00013173712146871,-0.000669506776400382,0.199992333374786,5.26948485870796e-05,-0.000267802710560437,0,0,0,0,0,0,0,0,0,0,0,0
21.7145210974969,0.499982118034423,0.000125149068044473,-0.000647797751897371,0.19999284721377,5.00596272171816e-05,-0.000259119100759039,0,0,0,0,0,0,0,0,0,0,0,0
21.7245238031208,0.499983337814528,0.000118776651305191,-0.000626391565394556,0.19999333512581,4.75106605211126e-05,-0.000250556626158047,0,0,0,0,0,0,0,0,0,0,0,0
21.7345265087447,0.49998449491902,0.000112616828211749,-0.000605290985897163,0.199993797967608,4.50467312837343e-05,-0.000242116394359084,0,0,0,0,0,0,0,0,0,0,0,0
21.7445292143686,0.499985591459091,0.000106666527981531,-0.000584498791298933,0.199994236583637,4.26666111915945e-05,-0.000233799516519816,0,0,0,0,0,0,0,0,0,0,0,0
21.7545319199924,0.499986629515052,0.000100922652000459,-0.00056401776839251,0.199994651806019,4.03690607986028e-05,-0.000225607107357077,0,0,0,0,0,0,0,0,0,0,0,0
21.7645346256163,0.499987611136094,9.53820737328932e-05,-0.000543850712881526,0.199995044454438,3.81528294924421e-05,-0.000217540285152751,0,0,0,0,0,0,0,0,0,0,0,0
21.7745373312402,0.499988538339989,9.00416386390883e-05,-0.000524000429391353,0.199995415335995,3.60166554550724e-05,-0.000209600171756865,0,0,0,0,0,0,0,0,0,0,0,0
21.7845400368641,0.499989413112818,8.4898164076716e-05,-0.00050446973147949,0.199995765245126,3.39592656300712e-05,-0.000201787892591894,0,0,0,0,0,0,0,0,0,0,0,0
21.794542742488,0.499990237408685,7.99484392150199e-05,-0.000485261441646308,0.199996094963475,3.19793756853403e-05,-0.000194104576658713,0,0,0,0,0,0,0,0,0,0,0,0
21.8045454481118,0.499991013149432,7.51892249494125e-05,-0.000466378391347879,0.199996405259774,3.00756899790961e-05,-0.000186551356539317,0,0,0,0,0,0,0,0,0,0,0,0
21.8145481537357,0.499991742224369,7.06172538051831e-05,-0.000447823421005011,0.199996696889747,2.82469015214547e-05,-0.000179129368402133,0,0,0,0,0,0,0,0,0,0,0,0
21.8245508593596,0.499992426489966,6.62292298513506e-05,-0.00042959938001535,0.199996970595986,2.6491691939301e-05,-0.000171839752006207,0,0,0,0,0,0,0,0,0,0,0,0
21.8345535649835,0.499993067769587,6.20218286108243e-05,-0.000411709126763507,0.199997227107836,2.48087314431917e-05,-0.000164683650705569,0,0,0,0,0,0,0,0,0,0,0,0
21.8445562706073,0.499993667853211,5.79916969704543e-05,-0.000394155528632917,0.199997467141285,2.31966787869899e-05,-0.00015766221145329,0,0,0,0,0,0,0,0,0,0,0,0
21.8545589762312,0.499994228497121,5.41354530873389e-05,-0.000376941462016339,0.199997691398849,2.16541812336378e-05,-0.000150776584806652,0,0,0,0,0,0,0,0,0,0,0,0
21.8645616818551,0.499994751423628,5.04496863074633e-05,-0.000360069812326972,0.199997900569452,2.01798745224653e-05,-0.000144027924931085,0,0,0,0,0,0,0,0,0,0,0,0
21.874564387479,0.499995238320788,4.69309570650476e-05,-0.000343543474010192,0.199998095328316,1.87723828252897e-05,-0.000137417389604188,0,0,0,0,0,0,0,0,0,0,0,0
21.8845670931028,0.499995690842109,4.35757967983738e-05,-0.000327365350552077,0.199998276336842,1.74303187188276e-05,-0.000130946140220905,0,0,0,0,0,0,0,0,0,0,0,0
21.8945697987267,0.499996110606241,4.03807078582508e-05,-0.000311538354493483,0.199998444242497,1.61522831435617e-05,-0.00012461534179761,0,0,0,0,0,0,0,0,0,0,0,0
21.9045725043506,0.499996499196729,3.73421634168811e-05,-0.000296065407439561,0.199998599678693,1.49368653661763e-05,-0.000118426162976072,0,0,0,0,0,0,0,0,0,0,0,0
21.9145752099745,0.499996858161682,3.44566073734647e-05,-0.000280949440070748,0.199998743264673,1.37826429484939e-05,-0.00011237977602838,0,0,0,0,0,0,0,0,0,0,0,0
21.9245779155983,0.499997189013483,3.17204542738449e-05,-0.000266193392153268,0.199998875605392,1.26881817085393e-05,-0.000106477356861462,0,0,0,0,0,0,0,0,0,0,0,0
21.9345806212222,0.499997493228506,2.91300892059354e-05,-0.000251800212551607,0.199998997291405,1.16520356815317e-05,-0.000100720085020836,0,0,0,0,0,0,0,0,0,0,0,0
21.9445833268461,0.49999777224684,2.66818677186275e-05,-0.000237772859238398,0.199999108898736,1.06727470863433e-05,-9.51091436956209e-05,0,0,0,0,0,0,0,0,0,0,0,0
21.95458603247,0.499998027471939,2.43721157295988e-05,-0.000224114299305536,0.199999210988775,9.74884629088838e-06,-8.96457197225075e-05,0,0,0,0,0,0,0,0,0,0,0,0
21.9645887380938,0.499998260270382,2.21971294277051e-05,-0.000210827508975543,0.199999304108153,8.87885177113498e-06,-8.43310035902423e-05,0,0,0,0,0,0,0,0,0,0,0,0
21.9745914437177,0.499998471971539,2.01531751895145e-05,-0.000197915473611567,0.199999388788615,8.06127007532855e-06,-7.91661894447769e-05,0,0,0,0,0,0,0,0,0,0,0,0
21.9845941493416,0.499998663867288,1.82364894809406e-05,-0.000185381187729746,0.199999465546914,7.29459579216374e-06,-7.41524750921049e-05,0,0,0,0,0,0,0,0,0,0,0,0
21.9945968549655,0.499998837211705,1.64432787714646e-05,-0.000173227655009955,0.199999534884683,6.57731150831975e-06,-6.92910620042828e-05,0,0,0,0,0,0,0,0,0,0,0,0
22.0045995605893,0.499998993220791,1.47697194381808e-05,-0.000161457888305675,0.199999597288315,5.9078877746859e-06,-6.45831553223891e-05,0,0,0,0,0,0,0,0,0,0,0,0
22.0146022662132,0.499999133072115,1.32119576755611e-05,-0.000150074909655983,0.199999653228846,5.28478306963701e-06,-6.0029963862613e-05,0,0,0,0,0,0,0,0,0,0,0,0
22.0246049718371,0.49999925790458,1.17661094051269e-05,-0.000139081750296553,0.199999703161833,4.70644376119479e-06,-5.56327001187718e-05,0,0,0,0,0,0,0,0,0,0,0,0
22.034607677461,0.499999368818074,1.04282601785961e-05,-0.000128481450669638,0.199999747527229,4.17130407074175e-06,-5.13925802682137e-05,0,0,0,0,0,0,0,0,0,0,0,0
22.0446103830849,0.499999466873161,9.19446509321832e-06,-0.000118277060437333,0.199999786749264,3.67778603642833e-06,-4.73108241750215e-05,0,0,0,0,0,0,0,0,0,0,0,0
22.0546130887087,0.499999553090821,8.06074869094383e-06,-0.00010847163848917,0.199999821236327,3.22429947573215e-06,-4.33886553958887e-05,0,0,0,0,0,0,0,0,0,0,0,0
22.0646157943326,0.499999628452082,7.02310487193935e-06,-9.90682529562552e-05,0.199999851380833,2.80924194850636e-06,-3.96273011827547e-05,0,0,0,0,0,0,0,0,0,0,0,0
22.0746184999565,0.499999693897791,6.07749680373802e-06,-9.00699812205044e-05,0.199999877559116,2.43099872079358e-06,-3.60279924883661e-05,0,0,0,0,0,0,0,0,0,0,0,0
22.0846212055804,0.49999975032822,5.21985682164615e-06,-8.14799099266436e-05,0.199999900131289,2.0879427277934e-06,-3.25919639710878e-05,0,0,0,0,0,0,0,0,0,0,0,0
22.0946239112042,0.499999798602821,4.4460863397982e-06,-7.33011349924469e-05,0.199999919441127,1.77843453570263e-06,-2.93204539971499e-05,0,0,0,0,0,0,0,0,0,0,0,0
22.1046266168281,0.499999839539883,3.75205576051396e-06,-6.55367616193475e-05,0.199999935815952,1.50082230322897e-06,-2.62147046480499e-05,0,0,0,0,0,0,0,0,0,0,0,0
22.114629322452,0.499999873916238,3.13360437650289e-06,-5.81899043049522e-05,0.199999949566496,1.25344174984023e-06,-2.32759617221333e-05,0,0,0,0,0,0,0,0,0,0,0,0
22.1246320280759,0.499999902466948,2.58654028325201e-06,-5.12636868525149e-05,0.199999960986779,1.03461611259299e-06,-2.05054747413366e-05,0,0,0,0,0,0,0,0,0,0,0,0
22.1346347336997,0.499999925884986,2.10664028154334e-06,-4.47612423834537e-05,0.199999970353994,8.42656111308316e-07,-1.79044969535216e-05,0,0,0,0,0,0,0,0,0,0,0,0
22.1446374393236,0.499999944820913,1.6896497863722e-06,-3.86857133463114e-05,0.199999977928366,6.75859913729307e-07,-1.54742853388114e-05,0,0,0,0,0,0,0,0,0,0,0,0
22.1546401449475,0.499999959882591,1.33128273249437e-06,-3.30402515297836e-05,0.199999983953036,5.3251309245041e-07,-1.32161006121113e-05,0,0,0,0,0,0,0,0,0,0,0,0
22.1646428505714,0.499999971634847,1.02722148204505e-06,-2.78280180719297e-05,0.199999988653938,4.10888591885918e-07,-1.11312072290977e-05,0,0,0,0,0,0,0,0,0,0,0,0
22.1746455561952,0.499999980599149,7.73116730960774e-07,-2.30521834734637e-05,0.19999999223966,3.09246691121024e-07,-9.22087338966052e-06,0,0,0,0,0,0,0,0,0,0,0,0
22.1846482618191,0.499999987253323,5.64587414190981e-07,-1.87159276060668e-05,0.199999994901328,2.25834964520941e-07,-7.4863710425548e-06,0,0,0,0,0,0,0,0,0,0,0,0
22.194650967443,0.499999992031206,3.97220609685735e-07,-1.48224397246562e-05,0.199999996812481,1.58888243378236e-07,-5.92897589005481e-06,0,0,0,0,0,0,0,0,0,0,0,0
22.2046536730669,0.499999995322317,2.66571454397411e-07,-1.13749184792772e-05,0.199999998128926,1.06628580820329e-07,-4.5499673919676e-06,0,0,0,0,0,0,0,0,0,0,0,0
22.2146563786907,0.499999997471574,1.68163034833695e-07,-8.37657192456013e-06,0.19999999898863,6.7265213656927e-08,-3.35062877009394e-06,0,0,0,0,0,0,0,0,0,0,0,0
22.2246590843146,0.499999998778954,9.74863078124425e-08,-5.83061753212613e-06,0.199999999511582,3.89945219614366e-08,-2.33224701301129e-06,0,0,0,0,0,0,0,0,0,0,0,0
22.2346617899385,0.499999999499158,4.99999951762449e-08,-3.74028219952388e-06,0.199999999799662,1.99999971824456e-08,-1.49611287989329e-06,0,0,0,0,0,0,0,0,0,0,0,0
22.2446644955624,0.499999999841297,2.1130494961184e-08,-2.10880226289286e-06,0.199999999936519,8.45219692807426e-09,-8.43520905486012e-07,0,0,0,0,0,0,0,0,0,0,0,0
22.2546672011863,0.499999999968598,6.27178471602062e-09,-9.39423508604896e-07,0.19999999998744,2.50871299525988e-09,-3.75769403764751e-07,0,0,0,0,0,0,0,0,0,0,0,0
22.2646699068101,0.499999999998021,7.85333615178183e-10,-2.35401182325006e-07,0.19999999999921,3.14132441784793e-10,-9.41604732014625e-08,0,0,0,0,0,0,0,0,0,0,0,0
22.274672612434,0.499999999999987,-4.47125806424315e-15,-7.76499473748315e-16,0.199999999999994,-2.23562903212157e-15,-6.14728750050749e-16,0,0,0,0,0,0,0,0,0,0,0,0
