t,x,vx,ax,y,vy,ay,z,vz,az,roll,wx,alphax,pitch,wy,alphay,yaw,wz,alphaz

0,0,0,0,0,0,0,0,0,0,0,0,0,0,0,0,0,0,0
0.01,0,0,0,0,0,0,0,0,0,0,0,0,0,0,0,0,0,0
0.02,0,0,0,0,0,0,0,0,0,0,0,0,0,0,0,0,0,0
0.03,0,0,0,0,0,0,0,0,0,0,0,0,0,0,0,0,0,0
0.04,0,0,0,0,0,0,0,0,0,0,0,0,0,0,0,0,0,0
0.05,0,0,0,0,0,0,0,0,0,0,0,0,0,0,0,0,0,0
0.06,0,0,0,0,0,0,0,0,0,0,0,0,0,0,0,0,0,0
0.07,0,0,0,0,0,0,0,0,0,0,0,0,0,0,0,0,0,0
0.08,0,0,0,0,0,0,0,0,0,0,0,0,0,0,0,0,0,0
0.09,0,0,0,0,0,0,0,0,0,0,0,0,0,0,0,0,0,0
0.1,0,0,0,0,0,0,0,0,0,0,0,0,0,0,0,0,0,0
0.11,0,0,0,0,0,0,0,0,0,0,0,0,0,0,0,0,0,0
0.12,0,0,0,0,0,0,0,0,0,0,0,0,0,0,0,0,0,0
0.13,0,0,0,0,0,0,0,0,0,0,0,0,0,0,0,0,0,0
0.14,0,0,0,0,0,0,0,0,0,0,0,0,0,0,0,0,0,0
0.15,0,0,0,0,0,0,0,0,0,0,0,0,0,0,0,0,0,0
0.16,0,0,0,0,0,0,0,0,0,0,0,0,0,0,0,0,0,0
0.17,0,0,0,0,0,0,0,0,0,0,0,0,0,0,0,0,0,0
0.18,0,0,0,0,0,0,0,0,0,0,0,0,0,0,0,0,0,0
0.19,0,0,0,0,0,0,0,0,0,0,0,0,0,0,0,0,0,0
0.2,0,0,0,0,0,0,0,0,0,0,0,0,0,0,0,0,0,0
0.21,0,0,0,0,0,0,0,0,0,0,0,0,0,0,0,0,0,0
0.22,0,0,0,0,0,0,0,0,0,0,0,0,0,0,0,0,0,0
0.23,0,0,0,0,0,0,0,0,0,0,0,0,0,0,0,0,0,0
0.24,0,0,0,0,0,0,0,0,0,0,0,0,0,0,0,0,0,0
0.25,0,0,0,0,0,0,0,0,0,0,0,0,0,0,0,0,0,0
0.26,0,0,0,0,0,0,0,0,0,0,0,0,0,0,0,0,0,0
0.27,0,0,0,0,0,0,0,0,0,0,0,0,0,0,0,0,0,0
0.28,0,0,0,0,0,0,0,0,0,0,0,0,0,0,0,0,0,0
0.29,0,0,0,0,0,0,0,0,0,0,0,0,0,0,0,0,0,0
0.3,0,0,0,0,0,0,0,0,0,0,0,0,0,0,0,0,0,0
0.31,0,0,0,0,0,0,0,0,0,0,0,0,0,0,0,0,0,0
0.32,0,0,0,0,0,0,0,0,0,0,0,0,0,0,0,0,0,0
0.33,0,0,0,0,0,0,0,0,0,0,0,0,0,0,0,0,0,0
0.34,0,0,0,0,0,0,0,0,0,0,0,0,0,0,0,0,0,0
0.35,0,0,0,0,0,0,0,0,0,0,0,0,0,0,0,0,0,0
0.36,0,0,0,0,0,0,0,0,0,0,0,0,0,0,0,0,0,0
0.37,0,0,0,0,0,0,0,0,0,0,0,0,0,0,0,0,0,0
0.38,0,0,0,0,0,0,0,0,0,0,0,0,0,0,0,0,0,0
0.39,0,0,0,0,0,0,0,0,0,0,0,0,0,0,0,0,0,0
0.4,0,0,0,0,0,0,0,0,0,0,0,0,0,0,0,0,0,0
0.41,0,0,0,0,0,0,0,0,0,0,0,0,0,0,0,0,0,0
0.42,0,0,0,0,0,0,0,0,0,0,0,0,0,0,0,0,0,0
0.43,0,0,0,0,0,0,0,0,0,0,0,0,0,0,0,0,0,0
0.44,0,0,0,0,0,0,0,0,0,0,0,0,0,0,0,0,0,0
0.45,0,0,0,0,0,0,0,0,0,0,0,0,0,0,0,0,0,0
0.46,0,0,0,0,0,0,0,0,0,0,0,0,0,0,0,0,0,0
0.47,0,0,0,0,0,0,0,0,0,0,0,0,0,0,0,0,0,0
0.48,0,0,0,0,0,0,0,0,0,0,0,0,0,0,0,0,0,0
0.49,0,0,0,0,0,0,0,0,0,0,0,0,0,0,0,0,0,0
0.5,0,0,0,0,0,0,0,0,0,0,0,0,0,0,0,0,0,0
0.51,0,0,0,0,0,0,0,0,0,0,0,0,0,0,0,0,0,0
0.52,0,0,0,0,0,0,0,0,0,0,0,0,0,0,0,0,0,0
0.53,0,0,0,0,0,0,0,0,0,0,0,0,0,0,0,0,0,0
0.54,0,0,0,0,0,0,0,0,0,0,0,0,0,0,0,0,0,0
0.55,0,0,0,0,0,0,0,0,0,0,0,0,0,0,0,0,0,0
0.56,0,0,0,0,0,0,0,0,0,0,0,0,0,0,0,0,0,0
0.57,0,0,0,0,0,0,0,0,0,0,0,0,0,0,0,0,0,0
0.58,0,0,0,0,0,0,0,0,0,0,0,0,0,0,0,0,0,0
0.59,0,0,0,0,0,0,0,0,0,0,0,0,0,0,0,0,0,0
0.6,0,0,0,0,0,0,0,0,0,0,0,0,0,0,0,0,0,0
0.61,0,0,0,0,0,0,0,0,0,0,0,0,0,0,0,0,0,0
0.62,0,0,0,0,0,0,0,0,0,0,0,0,0,0,0,0,0,0
0.63,0,0,0,0,0,0,0,0,0,0,0,0,0,0,0,0,0,0
0.64,0,0,0,0,0,0,0,0,0,0,0,0,0,0,0,0,0,0
0.65,0,0,0,0,0,0,0,0,0,0,0,0,0,0,0,0,0,0
0.66,0,0,0,0,0,0,0,0,0,0,0,0,0,0,0,0,0,0
0.67,0,0,0,0,0,0,0,0,0,0,0,0,0,0,0,0,0,0
0.68,0,0,0,0,0,0,0,0,0,0,0,0,0,0,0,0,0,0
0.69,0,0,0,0,0,0,0,0,0,0,0,0,0,0,0,0,0,0
0.7,0,0,0,0,0,0,0,0,0,0,0,0,0,0,0,0,0,0
0.71,0,0,0,0,0,0,0,0,0,0,0,0,0,0,0,0,0,0
0.72,0,0,0,0,0,0,0,0,0,0,0,0,0,0,0,0,0,0
0.73,0,0,0,0,0,0,0,0,0,0,0,0,0,0,0,0,0,0
0.74,0,0,0,0,0,0,0,0,0,0,0,0,0,0,0,0,0,0
0.75,0,0,0,0,0,0,0,0,0,0,0,0,0,0,0,0,0,0
0.76,0,0,0,0,0,0,0,0,0,0,0,0,0,0,0,0,0,0
0.77,0,0,0,0,0,0,0,0,0,0,0,0,0,0,0,0,0,0
0.78,0,0,0,0,0,0,0,0,0,0,0,0,0,0,0,0,0,0
0.79,0,0,0,0,0,0,0,0,0,0,0,0,0,0,0,0,0,0
0.8,0,0,0,0,0,0,0,0,0,0,0,0,0,0,0,0,0,0
0.81,0,0,0,0,0,0,0,0,0,0,0,0,0,0,0,0,0,0
0.82,0,0,0,0,0,0,0,0,0,0,0,0,0,0,0,0,0,0
0.83,0,0,0,0,0,0,0,0,0,0,0,0,0,0,0,0,0,0
0.84,0,0,0,0,0,0,0,0,0,0,0,0,0,0,0,0,0,0
0.85,0,0,0,0,0,0,0,0,0,0,0,0,0,0,0,0,0,0
0.86,0,0,0,0,0,0,0,0,0,0,0,0,0,0,0,0,0,0
0.87,0,0,0,0,0,0,0,0,0,0,0,0,0,0,0,0,0,0
0.88,0,0,0,0,0,0,0,0,0,0,0,0,0,0,0,0,0,0
0.89,0,0,0,0,0,0,0,0,0,0,0,0,0,0,0,0,0,0
0.9,0,0,0,0,0,0,0,0,0,0,0,0,0,0,0,0,0,0
0.91,0,0,0,0,0,0,0,0,0,0,0,0,0,0,0,0,0,0
0.92,0,0,0,0,0,0,0,0,0,0,0,0,0,0,0,0,0,0
0.93,0,0,0,0,0,0,0,0,0,0,0,0,0,0,0,0,0,0
0.94,0,0,0,0,0,0,0,0,0,0,0,0,0,0,0,0,0,0
0.95,0,0,0,0,0,0,0,0,0,0,0,0,0,0,0,0,0,0
0.96,0,0,0,0,0,0,0,0,0,0,0,0,0,0,0,0,0,0
0.97,0,0,0,0,0,0,0,0,0,0,0,0,0,0,0,0,0,0
0.98,0,0,0,0,0,0,0,0,0,0,0,0,0,0,0,0,0,0
0.99,0,0,0,0,0,0,0,0,0,0,0,0,0,0,0,0,0,0
1,0,0,0,0,0,0,0,0,0,0,0,0,0,0,0,0,0,0
1.01,0,0,0,0,0,0,0,0,0,0,0,0,0,0,0,0,0,0
1.02,0,0,0,0,0,0,0,0,0,0,0,0,0,0,0,0,0,0
1.03,0,0,0,0,0,0,0,0,0,0,0,0,0,0,0,0,0,0
1.04,0,0,0,0,0,0,0,0,0,0,0,0,0,0,0,0,0,0
1.05,0,0,0,0,0,0,0,0,0,0,0,0,0,0,0,0,0,0
1.06,0,0,0,0,0,0,0,0,0,0,0,0,0,0,0,0,0,0
1.07,0,0,0,0,0,0,0,0,0,0,0,0,0,0,0,0,0,0
1.08,0,0,0,0,0,0,0,0,0,0,0,0,0,0,0,0,0,0
1.09,0,0,0,0,0,0,0,0,0,0,0,0,0,0,0,0,0,0
1.1,0,0,0,0,0,0,0,0,0,0,0,0,0,0,0,0,0,0
1.11,0,0,0,0,0,0,0,0,0,0,0,0,0,0,0,0,0,0
1.12,0,0,0,0,0,0,0,0,0,0,0,0,0,0,0,0,0,0
1.13,0,0,0,0,0,0,0,0,0,0,0,0,0,0,0,0,0,0
1.14,0,0,0,0,0,0,0,0,0,0,0,0,0,0,0,0,0,0
1.15,0,0,0,0,0,0,0,0,0,0,0,0,0,0,0,0,0,0
1.16,0,0,0,0,0,0,0,0,0,0,0,0,0,0,0,0,0,0
1.17,0,0,0,0,0,0,0,0,0,0,0,0,0,0,0,0,0,0
1.18,0,0,0,0,0,0,0,0,0,0,0,0,0,0,0,0,0,0
1.19,0,0,0,0,0,0,0,0,0,0,0,0,0,0,0,0,0,0
1.2,0,0,0,0,0,0,0,0,0,0,0,0,0,0,0,0,0,0
1.21,0,0,0,0,0,0,0,0,0,0,0,0,0,0,0,0,0,0
1.22,0,0,0,0,0,0,0,0,0,0,0,0,0,0,0,0,0,0
1.23,0,0,0,0,0,0,0,0,0,0,0,0,0,0,0,0,0,0
1.24,0,0,0,0,0,0,0,0,0,0,0,0,0,0,0,0,0,0
1.25,0,0,0,0,0,0,0,0,0,0,0,0,0,0,0,0,0,0
1.26,0,0,0,0,0,0,0,0,0,0,0,0,0,0,0,0,0,0
1.27,0,0,0,0,0,0,0,0,0,0,0,0,0,0,0,0,0,0
1.28,0,0,0,0,0,0,0,0,0,0,0,0,0,0,0,0,0,0
1.29,0,0,0,0,0,0,0,0,0,0,0,0,0,0,0,0,0,0
1.3,0,0,0,0,0,0,0,0,0,0,0,0,0,0,0,0,0,0
1.31,0,0,0,0,0,0,0,0,0,0,0,0,0,0,0,0,0,0
1.32,0,0,0,0,0,0,0,0,0,0,0,0,0,0,0,0,0,0
1.33,0,0,0,0,0,0,0,0,0,0,0,0,0,0,0,0,0,0
1.34,0,0,0,0,0,0,0,0,0,0,0,0,0,0,0,0,0,0
1.35,0,0,0,0,0,0,0,0,0,0,0,0,0,0,0,0,0,0
1.36,0,0,0,0,0,0,0,0,0,0,0,0,0,0,0,0,0,0
1.37,0,0,0,0,0,0,0,0,0,0,0,0,0,0,0,0,0,0
1.38,0,0,0,0,0,0,0,0,0,0,0,0,0,0,0,0,0,0
1.39,0,0,0,0,0,0,0,0,0,0,0,0,0,0,0,0,0,0
1.4,0,0,0,0,0,0,0,0,0,0,0,0,0,0,0,0,0,0
1.41,0,0,0,0,0,0,0,0,0,0,0,0,0,0,0,0,0,0
1.42,0,0,0,0,0,0,0,0,0,0,0,0,0,0,0,0,0,0
1.43,0,0,0,0,0,0,0,0,0,0,0,0,0,0,0,0,0,0
1.44,0,0,0,0,0,0,0,0,0,0,0,0,0,0,0,0,0,0
1.45,0,0,0,0,0,0,0,0,0,0,0,0,0,0,0,0,0,0
1.46,0,0,0,0,0,0,0,0,0,0,0,0,0,0,0,0,0,0
1.47,0,0,0,0,0,0,0,0,0,0,0,0,0,0,0,0,0,0
1.48,0,0,0,0,0,0,0,0,0,0,0,0,0,0,0,0,0,0
1.49,0,0,0,0,0,0,0,0,0,0,0,0,0,0,0,0,0,0
1.5,0,0,0,0,0,0,0,0,0,0,0,0,0,0,0,0,0,0
1.51,0,0,0,0,0,0,0,0,0,0,0,0,0,0,0,0,0,0
1.52,0,0,0,0,0,0,0,0,0,0,0,0,0,0,0,0,0,0
1.53,0,0,0,0,0,0,0,0,0,0,0,0,0,0,0,0,0,0
1.54,0,0,0,0,0,0,0,0,0,0,0,0,0,0,0,0,0,0
1.55,0,0,0,0,0,0,0,0,0,0,0,0,0,0,0,0,0,0
1.56,0,0,0,0,0,0,0,0,0,0,0,0,0,0,0,0,0,0
1.57,0,0,0,0,0,0,0,0,0,0,0,0,0,0,0,0,0,0
1.58,0,0,0,0,0,0,0,0,0,0,0,0,0,0,0,0,0,0
1.59,0,0,0,0,0,0,0,0,0,0,0,0,0,0,0,0,0,0
1.6,0,0,0,0,0,0,0,0,0,0,0,0,0,0,0,0,0,0
1.61,0,0,0,0,0,0,0,0,0,0,0,0,0,0,0,0,0,0
1.62,0,0,0,0,0,0,0,0,0,0,0,0,0,0,0,0,0,0
1.63,0,0,0,0,0,0,0,0,0,0,0,0,0,0,0,0,0,0
1.64,0,0,0,0,0,0,0,0,0,0,0,0,0,0,0,0,0,0
1.65,0,0,0,0,0,0,0,0,0,0,0,0,0,0,0,0,0,0
1.66,0,0,0,0,0,0,0,0,0,0,0,0,0,0,0,0,0,0
1.67,0,0,0,0,0,0,0,0,0,0,0,0,0,0,0,0,0,0
1.68,0,0,0,0,0,0,0,0,0,0,0,0,0,0,0,0,0,0
1.69,0,0,0,0,0,0,0,0,0,0,0,0,0,0,0,0,0,0
1.7,0,0,0,0,0,0,0,0,0,0,0,0,0,0,0,0,0,0
1.71,0,0,0,0,0,0,0,0,0,0,0,0,0,0,0,0,0,0
1.72,0,0,0,0,0,0,0,0,0,0,0,0,0,0,0,0,0,0
1.73,0,0,0,0,0,0,0,0,0,0,0,0,0,0,0,0,0,0
1.74,0,0,0,0,0,0,0,0,0,0,0,0,0,0,0,0,0,0
1.75,0,0,0,0,0,0,0,0,0,0,0,0,0,0,0,0,0,0
1.76,0,0,0,0,0,0,0,0,0,0,0,0,0,0,0,0,0,0
1.77,0,0,0,0,0,0,0,0,0,0,0,0,0,0,0,0,0,0
1.78,0,0,0,0,0,0,0,0,0,0,0,0,0,0,0,0,0,0
1.79,0,0,0,0,0,0,0,0,0,0,0,0,0,0,0,0,0,0
1.8,0,0,0,0,0,0,0,0,0,0,0,0,0,0,0,0,0,0
1.81,0,0,0,0,0,0,0,0,0,0,0,0,0,0,0,0,0,0
1.82,0,0,0,0,0,0,0,0,0,0,0,0,0,0,0,0,0,0
1.83,0,0,0,0,0,0,0,0,0,0,0,0,0,0,0,0,0,0
1.84,0,0,0,0,0,0,0,0,0,0,0,0,0,0,0,0,0,0
1.85,0,0,0,0,0,0,0,0,0,0,0,0,0,0,0,0,0,0
1.86,0,0,0,0,0,0,0,0,0,0,0,0,0,0,0,0,0,0
1.87,0,0,0,0,0,0,0,0,0,0,0,0,0,0,0,0,0,0
1.88,0,0,0,0,0,0,0,0,0,0,0,0,0,0,0,0,0,0
1.89,0,0,0,0,0,0,0,0,0,0,0,0,0,0,0,0,0,0
1.9,0,0,0,0,0,0,0,0,0,0,0,0,0,0,0,0,0,0
1.91,0,0,0,0,0,0,0,0,0,0,0,0,0,0,0,0,0,0
1.92,0,0,0,0,0,0,0,0,0,0,0,0,0,0,0,0,0,0
1.93,0,0,0,0,0,0,0,0,0,0,0,0,0,0,0,0,0,0
1.94,0,0,0,0,0,0,0,0,0,0,0,0,0,0,0,0,0,0
1.95,0,0,0,0,0,0,0,0,0,0,0,0,0,0,0,0,0,0
1.96,0,0,0,0,0,0,0,0,0,0,0,0,0,0,0,0,0,0
1.97,0,0,0,0,0,0,0,0,0,0,0,0,0,0,0,0,0,0
1.98,0,0,0,0,0,0,0,0,0,0,0,0,0,0,0,0,0,0
1.99,0,0,0,0,0,0,0,0,0,0,0,0,0,0,0,0,0,0
2,0,0,0,0,0,0,0,0,0,0,0,0,0,0,0,0,0,0
2.01,0,0,0,0,0,0,0,0,0,0,0,0,0,0,0,0,0,0
2.02,0,0,0,0,0,0,0,0,0,0,0,0,0,0,0,0,0,0
2.03,0,0,0,0,0,0,0,0,0,0,0,0,0,0,0,0,0,0
2.04,0,0,0,0,0,0,0,0,0,0,0,0,0,0,0,0,0,0
2.05,0,0,0,0,0,0,0,0,0,0,0,0,0,0,0,0,0,0
2.06,0,0,0,0,0,0,0,0,0,0,0,0,0,0,0,0,0,0
2.07,0,0,0,0,0,0,0,0,0,0,0,0,0,0,0,0,0,0
2.08,0,0,0,0,0,0,0,0,0,0,0,0,0,0,0,0,0,0
2.09,0,0,0,0,0,0,0,0,0,0,0,0,0,0,0,0,0,0
2.1,0,0,0,0,0,0,0,0,0,0,0,0,0,0,0,0,0,0
2.11,0,0,0,0,0,0,0,0,0,0,0,0,0,0,0,0,0,0
2.12,0,0,0,0,0,0,0,0,0,0,0,0,0,0,0,0,0,0
2.13,0,0,0,0,0,0,0,0,0,0,0,0,0,0,0,0,0,0
2.14,0,0,0,0,0,0,0,0,0,0,0,0,0,0,0,0,0,0
2.15,0,0,0,0,0,0,0,0,0,0,0,0,0,0,0,0,0,0
2.16,0,0,0,0,0,0,0,0,0,0,0,0,0,0,0,0,0,0
2.17,0,0,0,0,0,0,0,0,0,0,0,0,0,0,0,0,0,0
2.18,0,0,0,0,0,0,0,0,0,0,0,0,0,0,0,0,0,0
2.19,0,0,0,0,0,0,0,0,0,0,0,0,0,0,0,0,0,0
2.2,0,0,0,0,0,0,0,0,0,0,0,0,0,0,0,0,0,0
2.21,0,0,0,0,0,0,0,0,0,0,0,0,0,0,0,0,0,0
2.22,0,0,0,0,0,0,0,0,0,0,0,0,0,0,0,0,0,0
2.23,0,0,0,0,0,0,0,0,0,0,0,0,0,0,0,0,0,0
2.24,0,0,0,0,0,0,0,0,0,0,0,0,0,0,0,0,0,0
2.25,0,0,0,0,0,0,0,0,0,0,0,0,0,0,0,0,0,0
2.26,0,0,0,0,0,0,0,0,0,0,0,0,0,0,0,0,0,0
2.27,0,0,0,0,0,0,0,0,0,0,0,0,0,0,0,0,0,0
2.28,0,0,0,0,0,0,0,0,0,0,0,0,0,0,0,0,0,0
2.29,0,0,0,0,0,0,0,0,0,0,0,0,0,0,0,0,0,0
2.3,0,0,0,0,0,0,0,0,0,0,0,0,0,0,0,0,0,0
2.31,0,0,0,0,0,0,0,0,0,0,0,0,0,0,0,0,0,0
2.32,0,0,0,0,0,0,0,0,0,0,0,0,0,0,0,0,0,0
2.33,0,0,0,0,0,0,0,0,0,0,0,0,0,0,0,0,0,0
2.34,0,0,0,0,0,0,0,0,0,0,0,0,0,0,0,0,0,0
2.35,0,0,0,0,0,0,0,0,0,0,0,0,0,0,0,0,0,0
2.36,0,0,0,0,0,0,0,0,0,0,0,0,0,0,0,0,0,0
2.37,0,0,0,0,0,0,0,0,0,0,0,0,0,0,0,0,0,0
2.38,0,0,0,0,0,0,0,0,0,0,0,0,0,0,0,0,0,0
2.39,0,0,0,0,0,0,0,0,0,0,0,0,0,0,0,0,0,0
2.4,0,0,0,0,0,0,0,0,0,0,0,0,0,0,0,0,0,0
2.41,0,0,0,0,0,0,0,0,0,0,0,0,0,0,0,0,0,0
2.42,0,0,0,0,0,0,0,0,0,0,0,0,0,0,0,0,0,0
2.43,0,0,0,0,0,0,0,0,0,0,0,0,0,0,0,0,0,0
2.44,0,0,0,0,0,0,0,0,0,0,0,0,0,0,0,0,0,0
2.45,0,0,0,0,0,0,0,0,0,0,0,0,0,0,0,0,0,0
2.46,0,0,0,0,0,0,0,0,0,0,0,0,0,0,0,0,0,0
2.47,0,0,0,0,0,0,0,0,0,0,0,0,0,0,0,0,0,0
2.48,0,0,0,0,0,0,0,0,0,0,0,0,0,0,0,0,0,0
2.49,0,0,0,0,0,0,0,0,0,0,0,0,0,0,0,0,0,0
2.5,0,0,0,0,0,0,0,0,0,0,0,0,0,0,0,0,0,0
2.51,0,0,0,0,0,0,0,0,0,0,0,0,0,0,0,0,0,0
2.52,0,0,0,0,0,0,0,0,0,0,0,0,0,0,0,0,0,0
2.53,0,0,0,0,0,0,0,0,0,0,0,0,0,0,0,0,0,0
2.54,0,0,0,0,0,0,0,0,0,0,0,0,0,0,0,0,0,0
2.55,0,0,0,0,0,0,0,0,0,0,0,0,0,0,0,0,0,0
2.56,0,0,0,0,0,0,0,0,0,0,0,0,0,0,0,0,0,0
2.57,0,0,0,0,0,0,0,0,0,0,0,0,0,0,0,0,0,0
2.58,0,0,0,0,0,0,0,0,0,0,0,0,0,0,0,0,0,0
2.59,0,0,0,0,0,0,0,0,0,0,0,0,0,0,0,0,0,0
2.6,0,0,0,0,0,0,0,0,0,0,0,0,0,0,0,0,0,0
2.61,0,0,0,0,0,0,0,0,0,0,0,0,0,0,0,0,0,0
2.62,0,0,0,0,0,0,0,0,0,0,0,0,0,0,0,0,0,0
2.63,0,0,0,0,0,0,0,0,0,0,0,0,0,0,0,0,0,0
2.64,0,0,0,0,0,0,0,0,0,0,0,0,0,0,0,0,0,0
2.65,0,0,0,0,0,0,0,0,0,0,0,0,0,0,0,0,0,0
2.66,0,0,0,0,0,0,0,0,0,0,0,0,0,0,0,0,0,0
2.67,0,0,0,0,0,0,0,0,0,0,0,0,0,0,0,0,0,0
2.68,0,0,0,0,0,0,0,0,0,0,0,0,0,0,0,0,0,0
2.69,0,0,0,0,0,0,0,0,0,0,0,0,0,0,0,0,0,0
2.7,0,0,0,0,0,0,0,0,0,0,0,0,0,0,0,0,0,0
2.71,0,0,0,0,0,0,0,0,0,0,0,0,0,0,0,0,0,0
2.72,0,0,0,0,0,0,0,0,0,0,0,0,0,0,0,0,0,0
2.73,0,0,0,0,0,0,0,0,0,0,0,0,0,0,0,0,0,0
2.74,0,0,0,0,0,0,0,0,0,0,0,0,0,0,0,0,0,0
2.75,0,0,0,0,0,0,0,0,0,0,0,0,0,0,0,0,0,0
2.76,0,0,0,0,0,0,0,0,0,0,0,0,0,0,0,0,0,0
2.77,0,0,0,0,0,0,0,0,0,0,0,0,0,0,0,0,0,0
2.78,0,0,0,0,0,0,0,0,0,0,0,0,0,0,0,0,0,0
2.79,0,0,0,0,0,0,0,0,0,0,0,0,0,0,0,0,0,0
2.8,0,0,0,0,0,0,0,0,0,0,0,0,0,0,0,0,0,0
2.81,0,0,0,0,0,0,0,0,0,0,0,0,0,0,0,0,0,0
2.82,0,0,0,0,0,0,0,0,0,0,0,0,0,0,0,0,0,0
2.83,0,0,0,0,0,0,0,0,0,0,0,0,0,0,0,0,0,0
2.84,0,0,0,0,0,0,0,0,0,0,0,0,0,0,0,0,0,0
2.85,0,0,0,0,0,0,0,0,0,0,0,0,0,0,0,0,0,0
2.86,0,0,0,0,0,0,0,0,0,0,0,0,0,0,0,0,0,0
2.87,0,0,0,0,0,0,0,0,0,0,0,0,0,0,0,0,0,0
2.88,0,0,0,0,0,0,0,0,0,0,0,0,0,0,0,0,0,0
2.89,0,0,0,0,0,0,0,0,0,0,0,0,0,0,0,0,0,0
2.9,0,0,0,0,0,0,0,0,0,0,0,0,0,0,0,0,0,0
2.91,0,0,0,0,0,0,0,0,0,0,0,0,0,0,0,0,0,0
2.92,0,0,0,0,0,0,0,0,0,0,0,0,0,0,0,0,0,0
2.93,0,0,0,0,0,0,0,0,0,0,0,0,0,0,0,0,0,0
2.94,0,0,0,0,0,0,0,0,0,0,0,0,0,0,0,0,0,0
2.95,0,0,0,0,0,0,0,0,0,0,0,0,0,0,0,0,0,0
2.96,0,0,0,0,0,0,0,0,0,0,0,0,0,0,0,0,0,0
2.97,0,0,0,0,0,0,0,0,0,0,0,0,0,0,0,0,0,0
2.98,0,0,0,0,0,0,0,0,0,0,0,0,0,0,0,0,0,0
2.99,0,0,0,0,0,0,0,0,0,0,0,0,0,0,0,0,0,0
3,0,0,0,0,0,0,0,0,0,0,0,0,0,0,0,0,0,0
3.01,0,0,0,0,0,0,0,0,0,0,0,0,0,0,0,0,0,0
3.02,0,0,0,0,0,0,0,0,0,0,0,0,0,0,0,0,0,0
3.03,0,0,0,0,0,0,0,0,0,0,0,0,0,0,0,0,0,0
3.04,0,0,0,0,0,0,0,0,0,0,0,0,0,0,0,0,0,0
3.05,0,0,0,0,0,0,0,0,0,0,0,0,0,0,0,0,0,0
3.06,0,0,0,0,0,0,0,0,0,0,0,0,0,0,0,0,0,0
3.07,0,0,0,0,0,0,0,0,0,0,0,0,0,0,0,0,0,0
3.08,0,0,0,0,0,0,0,0,0,0,0,0,0,0,0,0,0,0
3.09,0,0,0,0,0,0,0,0,0,0,0,0,0,0,0,0,0,0
3.1,0,0,0,0,0,0,0,0,0,0,0,0,0,0,0,0,0,0
3.11,0,0,0,0,0,0,0,0,0,0,0,0,0,0,0,0,0,0
3.12,0,0,0,0,0,0,0,0,0,0,0,0,0,0,0,0,0,0
3.13,0,0,0,0,0,0,0,0,0,0,0,0,0,0,0,0,0,0
3.14,0,0,0,0,0,0,0,0,0,0,0,0,0,0,0,0,0,0
3.15,0,0,0,0,0,0,0,0,0,0,0,0,0,0,0,0,0,0
3.16,0,0,0,0,0,0,0,0,0,0,0,0,0,0,0,0,0,0
3.17,0,0,0,0,0,0,0,0,0,0,0,0,0,0,0,0,0,0
3.18,0,0,0,0,0,0,0,0,0,0,0,0,0,0,0,0,0,0
3.19,0,0,0,0,0,0,0,0,0,0,0,0,0,0,0,0,0,0
3.2,0,0,0,0,0,0,0,0,0,0,0,0,0,0,0,0,0,0
3.21,0,0,0,0,0,0,0,0,0,0,0,0,0,0,0,0,0,0
3.22,0,0,0,0,0,0,0,0,0,0,0,0,0,0,0,0,0,0
3.23,0,0,0,0,0,0,0,0,0,0,0,0,0,0,0,0,0,0
3.24,0,0,0,0,0,0,0,0,0,0,0,0,0,0,0,0,0,0
3.25,0,0,0,0,0,0,0,0,0,0,0,0,0,0,0,0,0,0
3.26,0,0,0,0,0,0,0,0,0,0,0,0,0,0,0,0,0,0
3.27,0,0,0,0,0,0,0,0,0,0,0,0,0,0,0,0,0,0
3.28,0,0,0,0,0,0,0,0,0,0,0,0,0,0,0,0,0,0
3.29,0,0,0,0,0,0,0,0,0,0,0,0,0,0,0,0,0,0
3.3,0,0,0,0,0,0,0,0,0,0,0,0,0,0,0,0,0,0
3.31,0,0,0,0,0,0,0,0,0,0,0,0,0,0,0,0,0,0
3.32,0,0,0,0,0,0,0,0,0,0,0,0,0,0,0,0,0,0
3.33,0,0,0,0,0,0,0,0,0,0,0,0,0,0,0,0,0,0
3.34,0,0,0,0,0,0,0,0,0,0,0,0,0,0,0,0,0,0
3.35,0,0,0,0,0,0,0,0,0,0,0,0,0,0,0,0,0,0
3.36,0,0,0,0,0,0,0,0,0,0,0,0,0,0,0,0,0,0
3.37,0,0,0,0,0,0,0,0,0,0,0,0,0,0,0,0,0,0
3.38,0,0,0,0,0,0,0,0,0,0,0,0,0,0,0,0,0,0
3.39,0,0,0,0,0,0,0,0,0,0,0,0,0,0,0,0,0,0
3.4,0,0,0,0,0,0,0,0,0,0,0,0,0,0,0,0,0,0
3.41,0,0,0,0,0,0,0,0,0,0,0,0,0,0,0,0,0,0
3.42,0,0,0,0,0,0,0,0,0,0,0,0,0,0,0,0,0,0
3.43,0,0,0,0,0,0,0,0,0,0,0,0,0,0,0,0,0,0
3.44,0,0,0,0,0,0,0,0,0,0,0,0,0,0,0,0,0,0
3.45,0,0,0,0,0,0,0,0,0,0,0,0,0,0,0,0,0,0
3.46,0,0,0,0,0,0,0,0,0,0,0,0,0,0,0,0,0,0
3.47,0,0,0,0,0,0,0,0,0,0,0,0,0,0,0,0,0,0
3.48,0,0,0,0,0,0,0,0,0,0,0,0,0,0,0,0,0,0
3.49,0,0,0,0,0,0,0,0,0,0,0,0,0,0,0,0,0,0
3.5,0,0,0,0,0,0,0,0,0,0,0,0,0,0,0,0,0,0
3.51,0,0,0,0,0,0,0,0,0,0,0,0,0,0,0,0,0,0
3.52,0,0,0,0,0,0,0,0,0,0,0,0,0,0,0,0,0,0
3.53,0,0,0,0,0,0,0,0,0,0,0,0,0,0,0,0,0,0
3.54,0,0,0,0,0,0,0,0,0,0,0,0,0,0,0,0,0,0
3.55,0,0,0,0,0,0,0,0,0,0,0,0,0,0,0,0,0,0
3.56,0,0,0,0,0,0,0,0,0,0,0,0,0,0,0,0,0,0
3.57,0,0,0,0,0,0,0,0,0,0,0,0,0,0,0,0,0,0
3.58,0,0,0,0,0,0,0,0,0,0,0,0,0,0,0,0,0,0
3.59,0,0,0,0,0,0,0,0,0,0,0,0,0,0,0,0,0,0
3.6,0,0,0,0,0,0,0,0,0,0,0,0,0,0,0,0,0,0
3.61,0,0,0,0,0,0,0,0,0,0,0,0,0,0,0,0,0,0
3.62,0,0,0,0,0,0,0,0,0,0,0,0,0,0,0,0,0,0
3.63,0,0,0,0,0,0,0,0,0,0,0,0,0,0,0,0,0,0
3.64,0,0,0,0,0,0,0,0,0,0,0,0,0,0,0,0,0,0
3.65,0,0,0,0,0,0,0,0,0,0,0,0,0,0,0,0,0,0
3.66,0,0,0,0,0,0,0,0,0,0,0,0,0,0,0,0,0,0
3.67,0,0,0,0,0,0,0,0,0,0,0,0,0,0,0,0,0,0
3.68,0,0,0,0,0,0,0,0,0,0,0,0,0,0,0,0,0,0
3.69,0,0,0,0,0,0,0,0,0,0,0,0,0,0,0,0,0,0
3.7,0,0,0,0,0,0,0,0,0,0,0,0,0,0,0,0,0,0
3.71,0,0,0,0,0,0,0,0,0,0,0,0,0,0,0,0,0,0
3.72,0,0,0,0,0,0,0,0,0,0,0,0,0,0,0,0,0,0
3.73,0,0,0,0,0,0,0,0,0,0,0,0,0,0,0,0,0,0
3.74,0,0,0,0,0,0,0,0,0,0,0,0,0,0,0,0,0,0
3.75,0,0,0,0,0,0,0,0,0,0,0,0,0,0,0,0,0,0
3.76,0,0,0,0,0,0,0,0,0,0,0,0,0,0,0,0,0,0
3.77,0,0,0,0,0,0,0,0,0,0,0,0,0,0,0,0,0,0
3.78,0,0,0,0,0,0,0,0,0,0,0,0,0,0,0,0,0,0
3.79,0,0,0,0,0,0,0,0,0,0,0,0,0,0,0,0,0,0
3.8,0,0,0,0,0,0,0,0,0,0,0,0,0,0,0,0,0,0
3.81,0,0,0,0,0,0,0,0,0,0,0,0,0,0,0,0,0,0
3.82,0,0,0,0,0,0,0,0,0,0,0,0,0,0,0,0,0,0
3.83,0,0,0,0,0,0,0,0,0,0,0,0,0,0,0,0,0,0
3.84,0,0,0,0,0,0,0,0,0,0,0,0,0,0,0,0,0,0
3.85,0,0,0,0,0,0,0,0,0,0,0,0,0,0,0,0,0,0
3.86,0,0,0,0,0,0,0,0,0,0,0,0,0,0,0,0,0,0
3.87,0,0,0,0,0,0,0,0,0,0,0,0,0,0,0,0,0,0
3.88,0,0,0,0,0,0,0,0,0,0,0,0,0,0,0,0,0,0
3.89,0,0,0,0,0,0,0,0,0,0,0,0,0,0,0,0,0,0
3.9,0,0,0,0,0,0,0,0,0,0,0,0,0,0,0,0,0,0
3.91,0,0,0,0,0,0,0,0,0,0,0,0,0,0,0,0,0,0
3.92,0,0,0,0,0,0,0,0,0,0,0,0,0,0,0,0,0,0
3.93,0,0,0,0,0,0,0,0,0,0,0,0,0,0,0,0,0,0
3.94,0,0,0,0,0,0,0,0,0,0,0,0,0,0,0,0,0,0
3.95,0,0,0,0,0,0,0,0,0,0,0,0,0,0,0,0,0,0
3.96,0,0,0,0,0,0,0,0,0,0,0,0,0,0,0,0,0,0
3.97,0,0,0,0,0,0,0,0,0,0,0,0,0,0,0,0,0,0
3.98,0,0,0,0,0,0,0,0,0,0,0,0,0,0,0,0,0,0
3.99,0,0,0,0,0,0,0,0,0,0,0,0,0,0,0,0,0,0
4,0,0,0,0,0,0,0,0,0,0,0,0,0,0,0,0,0,0
4.01,0,0,0,0,0,0,0,0,0,0,0,0,0,0,0,0,0,0
4.02,0,0,0,0,0,0,0,0,0,0,0,0,0,0,0,0,0,0
4.03,0,0,0,0,0,0,0,0,0,0,0,0,0,0,0,0,0,0
4.04,0,0,0,0,0,0,0,0,0,0,0,0,0,0,0,0,0,0
4.05,0,0,0,0,0,0,0,0,0,0,0,0,0,0,0,0,0,0
4.06,0,0,0,0,0,0,0,0,0,0,0,0,0,0,0,0,0,0
4.07,0,0,0,0,0,0,0,0,0,0,0,0,0,0,0,0,0,0
4.08,0,0,0,0,0,0,0,0,0,0,0,0,0,0,0,0,0,0
4.09,0,0,0,0,0,0,0,0,0,0,0,0,0,0,0,0,0,0
4.1,0,0,0,0,0,0,0,0,0,0,0,0,0,0,0,0,0,0
4.11,0,0,0,0,0,0,0,0,0,0,0,0,0,0,0,0,0,0
4.12,0,0,0,0,0,0,0,0,0,0,0,0,0,0,0,0,0,0
4.13,0,0,0,0,0,0,0,0,0,0,0,0,0,0,0,0,0,0
4.14,0,0,0,0,0,0,0,0,0,0,0,0,0,0,0,0,0,0
4.15,0,0,0,0,0,0,0,0,0,0,0,0,0,0,0,0,0,0
4.16,0,0,0,0,0,0,0,0,0,0,0,0,0,0,0,0,0,0
4.17,0,0,0,0,0,0,0,0,0,0,0,0,0,0,0,0,0,0
4.18,0,0,0,0,0,0,0,0,0,0,0,0,0,0,0,0,0,0
4.19,0,0,0,0,0,0,0,0,0,0,0,0,0,0,0,0,0,0
4.2,0,0,0,0,0,0,0,0,0,0,0,0,0,0,0,0,0,0
4.21,0,0,0,0,0,0,0,0,0,0,0,0,0,0,0,0,0,0
4.22,0,0,0,0,0,0,0,0,0,0,0,0,0,0,0,0,0,0
4.23,0,0,0,0,0,0,0,0,0,0,0,0,0,0,0,0,0,0
4.24,0,0,0,0,0,0,0,0,0,0,0,0,0,0,0,0,0,0
4.25,0,0,0,0,0,0,0,0,0,0,0,0,0,0,0,0,0,0
4.26,0,0,0,0,0,0,0,0,0,0,0,0,0,0,0,0,0,0
4.27,0,0,0,0,0,0,0,0,0,0,0,0,0,0,0,0,0,0
4.28,0,0,0,0,0,0,0,0,0,0,0,0,0,0,0,0,0,0
4.29,0,0,0,0,0,0,0,0,0,0,0,0,0,0,0,0,0,0
4.3,0,0,0,0,0,0,0,0,0,0,0,0,0,0,0,0,0,0
4.31,0,0,0,0,0,0,0,0,0,0,0,0,0,0,0,0,0,0
4.32,0,0,0,0,0,0,0,0,0,0,0,0,0,0,0,0,0,0
4.33,0,0,0,0,0,0,0,0,0,0,0,0,0,0,0,0,0,0
4.34,0,0,0,0,0,0,0,0,0,0,0,0,0,0,0,0,0,0
4.35,0,0,0,0,0,0,0,0,0,0,0,0,0,0,0,0,0,0
4.36,0,0,0,0,0,0,0,0,0,0,0,0,0,0,0,0,0,0
4.37,0,0,0,0,0,0,0,0,0,0,0,0,0,0,0,0,0,0
4.38,0,0,0,0,0,0,0,0,0,0,0,0,0,0,0,0,0,0
4.39,0,0,0,0,0,0,0,0,0,0,0,0,0,0,0,0,0,0
4.4,0,0,0,0,0,0,0,0,0,0,0,0,0,0,0,0,0,0
4.41,0,0,0,0,0,0,0,0,0,0,0,0,0,0,0,0,0,0
4.42,0,0,0,0,0,0,0,0,0,0,0,0,0,0,0,0,0,0
4.43,0,0,0,0,0,0,0,0,0,0,0,0,0,0,0,0,0,0
4.44,0,0,0,0,0,0,0,0,0,0,0,0,0,0,0,0,0,0
4.45,0,0,0,0,0,0,0,0,0,0,0,0,0,0,0,0,0,0
4.46,0,0,0,0,0,0,0,0,0,0,0,0,0,0,0,0,0,0
4.47,0,0,0,0,0,0,0,0,0,0,0,0,0,0,0,0,0,0
4.48,0,0,0,0,0,0,0,0,0,0,0,0,0,0,0,0,0,0
4.49,0,0,0,0,0,0,0,0,0,0,0,0,0,0,0,0,0,0
4.5,0,0,0,0,0,0,0,0,0,0,0,0,0,0,0,0,0,0
4.51,0,0,0,0,0,0,0,0,0,0,0,0,0,0,0,0,0,0
4.52,0,0,0,0,0,0,0,0,0,0,0,0,0,0,0,0,0,0
4.53,0,0,0,0,0,0,0,0,0,0,0,0,0,0,0,0,0,0
4.54,0,0,0,0,0,0,0,0,0,0,0,0,0,0,0,0,0,0
4.55,0,0,0,0,0,0,0,0,0,0,0,0,0,0,0,0,0,0
4.56,0,0,0,0,0,0,0,0,0,0,0,0,0,0,0,0,0,0
4.57,0,0,0,0,0,0,0,0,0,0,0,0,0,0,0,0,0,0
4.58,0,0,0,0,0,0,0,0,0,0,0,0,0,0,0,0,0,0
4.59,0,0,0,0,0,0,0,0,0,0,0,0,0,0,0,0,0,0
4.6,0,0,0,0,0,0,0,0,0,0,0,0,0,0,0,0,0,0
4.61,0,0,0,0,0,0,0,0,0,0,0,0,0,0,0,0,0,0
4.62,0,0,0,0,0,0,0,0,0,0,0,0,0,0,0,0,0,0
4.63,0,0,0,0,0,0,0,0,0,0,0,0,0,0,0,0,0,0
4.64,0,0,0,0,0,0,0,0,0,0,0,0,0,0,0,0,0,0
4.65,0,0,0,0,0,0,0,0,0,0,0,0,0,0,0,0,0,0
4.66,0,0,0,0,0,0,0,0,0,0,0,0,0,0,0,0,0,0
4.67,0,0,0,0,0,0,0,0,0,0,0,0,0,0,0,0,0,0
4.68,0,0,0,0,0,0,0,0,0,0,0,0,0,0,0,0,0,0
4.69,0,0,0,0,0,0,0,0,0,0,0,0,0,0,0,0,0,0
4.7,0,0,0,0,0,0,0,0,0,0,0,0,0,0,0,0,0,0
4.71,0,0,0,0,0,0,0,0,0,0,0,0,0,0,0,0,0,0
4.72,0,0,0,0,0,0,0,0,0,0,0,0,0,0,0,0,0,0
4.73,0,0,0,0,0,0,0,0,0,0,0,0,0,0,0,0,0,0
4.74,0,0,0,0,0,0,0,0,0,0,0,0,0,0,0,0,0,0
4.75,0,0,0,0,0,0,0,0,0,0,0,0,0,0,0,0,0,0
4.76,0,0,0,0,0,0,0,0,0,0,0,0,0,0,0,0,0,0
4.77,0,0,0,0,0,0,0,0,0,0,0,0,0,0,0,0,0,0
4.78,0,0,0,0,0,0,0,0,0,0,0,0,0,0,0,0,0,0
4.79,0,0,0,0,0,0,0,0,0,0,0,0,0,0,0,0,0,0
4.8,0,0,0,0,0,0,0,0,0,0,0,0,0,0,0,0,0,0
4.81,0,0,0,0,0,0,0,0,0,0,0,0,0,0,0,0,0,0
4.82,0,0,0,0,0,0,0,0,0,0,0,0,0,0,0,0,0,0
4.83,0,0,0,0,0,0,0,0,0,0,0,0,0,0,0,0,0,0
4.84,0,0,0,0,0,0,0,0,0,0,0,0,0,0,0,0,0,0
4.85,0,0,0,0,0,0,0,0,0,0,0,0,0,0,0,0,0,0
4.86,0,0,0,0,0,0,0,0,0,0,0,0,0,0,0,0,0,0
4.87,0,0,0,0,0,0,0,0,0,0,0,0,0,0,0,0,0,0
4.88,0,0,0,0,0,0,0,0,0,0,0,0,0,0,0,0,0,0
4.89,0,0,0,0,0,0,0,0,0,0,0,0,0,0,0,0,0,0
4.9,0,0,0,0,0,0,0,0,0,0,0,0,0,0,0,0,0,0
4.91,0,0,0,0,0,0,0,0,0,0,0,0,0,0,0,0,0,0
4.92,0,0,0,0,0,0,0,0,0,0,0,0,0,0,0,0,0,0
4.93,0,0,0,0,0,0,0,0,0,0,0,0,0,0,0,0,0,0
4.94,0,0,0,0,0,0,0,0,0,0,0,0,0,0,0,0,0,0
4.95,0,0,0,0,0,0,0,0,0,0,0,0,0,0,0,0,0,0
4.96,0,0,0,0,0,0,0,0,0,0,0,0,0,0,0,0,0,0
4.97,0,0,0,0,0,0,0,0,0,0,0,0,0,0,0,0,0,0
4.98,0,0,0,0,0,0,0,0,0,0,0,0,0,0,0,0,0,0
4.99,0,0,0,0,0,0,0,0,0,0,0,0,0,0,0,0,0,0
5,0,0,0,0,0,0,0,0,0,0,0,0,0,0,0,0,0,0
5.01000067400854,2.75682783627649e-11,1.10191450688174e-08,3.30181082591954e-06,0,0,0,0,0,0,0,0,0,0,0,0,0,0,0
5.02000134801709,4.39905791869451e-10,8.78566815598501e-08,1.31480014356849e-05,0,0,0,0,0,0,0,0,0,0,0,0,0,0,0
5.03000202202563,2.2210268299167e-09,2.95517929722934e-07,2.94500831758471e-05,0,0,0,0,0,0,0,0,0,0,0,0,0,0,0
5.04000269603418,7.00062597467779e-09,6.98125754571225e-07,5.212006536044e-05,0,0,0,0,0,0,0,0,0,0,0,0,0,0,0
5.05000337004272,1.7045277836989e-08,1.35892554028354e-06,8.10704541494319e-05,0,0,0,0,0,0,0,0,0,0,0,0,0,0,0
5.06000404405127,3.52496864835274e-08,2.34029015339046e-06,0.000116214251427177,0,0,0,0,0,0,0,0,0,0,0,0,0,0,0
5.07000471805981,6.51279844431097e-08,3.7037248947442e-06,0.000157464953680867,0,0,0,0,0,0,0,0,0,0,0,0,0,0,0
5.08000539206835,1.10805081179942e-07,5.5098724402722e-06,0.000204736550878982,0,0,0,0,0,0,0,0,0,0,0,0,0,0,0
5.0900060660769,1.77008060921653e-07,7.81851777051457e-06,0.000257943525349745,0,0,0,0,0,0,0,0,0,0,0,0,0,0,0
5.10000674008544,2.69057629729935e-07,1.06885930889451e-05,0.000317000850659569,0,0,0,0,0,0,0,0,0,0,0,0,0,0,0
5.11000741409399,3.9285961170163e-07,1.41781827290765e-05,0.000381823990491513,0,0,0,0,0,0,0,0,0,0,0,0,0,0,0
5.12000808810253,5.54896494188083e-07,1.83445280503485e-05,0.000452328897523731,0,0,0,0,0,0,0,0,0,0,0,0,0,0,0
5.13000876211108,7.62219021920603e-07,2.32440323228007e-05,0.000528432012307924,0,0,0,0,0,0,0,0,0,0,0,0,0,0,0
5.14000943611962,1.02243783992985e-06,2.89322656005288e-05,0.000610050262147791,0,0,0,0,0,0,0,0,0,0,0,0,0,0,0
5.15001011012817,1.34371518514699e-06,3.54639695839243e-05,0.000697101059977483,0,0,0,0,0,0,0,0,0,0,0,0,0,0,0
5.16001078413671,1.73475662657442e-06,4.28930624706981e-05,0.000789502303240054,0,0,0,0,0,0,0,0,0,0,0,0,0,0,0
5.17001145814525,2.20480285391396e-06,5.12726437956886e-05,0.000887172372765908,0,0,0,0,0,0,0,0,0,0,0,0,0,0,0
5.1800121321538,2.76362151454024e-06,6.0654999259452e-05,0.000990030131651259,0,0,0,0,0,0,0,0,0,0,0,0,0,0,0
5.19001280616234,3.42149909870724e-06,7.10916055456381e-05,0.00109799492413657,0,0,0,0,0,0,0,0,0,0,0,0,0,0,0
5.20001348017089,4.18923287287562e-06,8.26331351271486e-05,0.00121098657448503,0,0,0,0,0,0,0,0,0,0,0,0,0,0,0
5.21001415417943,5.07812286104898e-06,9.53294610610796e-05,0.00132892538586096,0,0,0,0,0,0,0,0,0,0,0,0,0,0,0
5.22001482818798,6.09996387400648e-06,0.000109229661772448,0.00145173213920833,0,0,0,0,0,0,0,0,0,0,0,0,0,0,0
5.23001550219652,7.26703758632004e-06,0.000124382025826703,0.00157932809212913,0,0,0,0,0,0,0,0,0,0,0,0,0,0,0
5.24001617620506,8.59210466104363e-06,0.000140834056691014,0.00171163497776191,0,0,0,0,0,0,0,0,0,0,0,0,0,0,0
5.25001685021361,1.00883969219628e-05,0.000158632477484359,0.00184857500366014,0,0,0,0,0,0,0,0,0,0,0,0,0,0,0
5.26001752422215,1.17696095732918e-05,0.000177823235716374,0.00199007085067076,0,0,0,0,0,0,0,0,0,0,0,0,0,0,0
5.2700181982307,1.36498934667068e-05,0.000198451508015006,0.00213604567181253,0,0,0,0,0,0,0,0,0,0,0,0,0,0,0
5.28001887223924,1.57438474156025e-05,0.000220561704842938,0.00228642309115456,0,0,0,0,0,0,0,0,0,0,0,0,0,0,0
5.29001954624779,1.80665105564598e-05,0.000244197475202805,0.00244112720269473,0,0,0,0,0,0,0,0,0,0,0,0,0,0,0
5.30002022025633,2.06333547572133e-05,0.000269401711331187,0.00260008256923815,0,0,0,0,0,0,0,0,0,0,0,0,0,0,0
5.31002089426488,2.34602770725054e-05,0.000296216553381391,0.00276321422127558,0,0,0,0,0,0,0,0,0,0,0,0,0,0,0
5.32002156827342,2.65635922457155e-05,0.000324683394095012,0.00293044765586194,0,0,0,0,0,0,0,0,0,0,0,0,0,0,0
5.33002224228196,2.99600252576515e-05,0.000354842883462285,0.00310170883549471,0,0,0,0,0,0,0,0,0,0,0,0,0,0,0
5.34002291629051,3.36667039217923e-05,0.000386734933371215,0.0032769241869924,0,0,0,0,0,0,0,0,0,0,0,0,0,0,0
5.35002359029905,3.77011515259689e-05,0.00042039872224549,0.00345602060037303,0,0,0,0,0,0,0,0,0,0,0,0,0,0,0
5.3600242643076,4.20812795203705e-05,0.000455872699671181,0.00363892542773252,0,0,0,0,0,0,0,0,0,0,0,0,0,0,0
5.37002493831614,4.68253802517658e-05,0.000493194591012225,0.00382556648212319,0,0,0,0,0,0,0,0,0,0,0,0,0,0,0
5.38002561232469,5.19521197438262e-05,0.000532401402014694,0.0040158720364322,0,0,0,0,0,0,0,0,0,0,0,0,0,0,0
5.39002628633323,5.74805305234373e-05,0.000573529423399839,0.00420977082226,0,0,0,0,0,0,0,0,0,0,0,0,0,0,0
5.40002696034177,6.34300044928897e-05,0.00061661423544593,0.00440719202879877,0,0,0,0,0,0,0,0,0,0,0,0,0,0,0
5.41002763435032,6.98202858478338e-05,0.00066169071255887,0.0046080653017109,0,0,0,0,0,0,0,0,0,0,0,0,0,0,0
5.42002830835886,7.66714640408885e-05,0.000708793027831599,0.00481232074200741,0,0,0,0,0,0,0,0,0,0,0,0,0,0,0
5.43002898236741,8.40039667907906e-05,0.000757954657592276,0.00501988890492642,0,0,0,0,0,0,0,0,0,0,0,0,0,0,0
5.44002965637595,9.18385531369731e-05,0.000809208385941252,0.0052307007988116,0,0,0,0,0,0,0,0,0,0,0,0,0,0,0
5.4500303303845,0.00010019630653946,0.00086258630927682,0.00544468788399061,0,0,0,0,0,0,0,0,0,0,0,0,0,0,0
5.46003100439304,0.000109098628023967,0.000918119840809752,0.00566178207165358,0,0,0,0,0,0,0,0,0,0,0,0,0,0,0
5.47003167840159,0.00011856722937209,0.000975839715066618,0.00588191572273152,0,0,0,0,0,0,0,0,0,0,0,0,0,0,0
5.48003235241013,0.000128624126356481,0.0010357759923819,0.00610502164677481,0,0,0,0,0,0,0,0,0,0,0,0,0,0,0
5.49003302641867,0.000139291632020886,0.00109795806337885,0.00633103310083161,0,0,0,0,0,0,0,0,0,0,0,0,0,0,0
5.50003370042722,0.000150592350004941,0.00116241465343921,0.00655988378832638,0,0,0,0,0,0,0,0,0,0,0,0,0,0,0
5.51003437443576,0.000162549167913612,0.00122917382716162,0.00679150785793826,0,0,0,0,0,0,0,0,0,0,0,0,0,0,0
5.52003504844431,0.000175185250731164,0.0012982629928089,0.00702583990247954,0,0,0,0,0,0,0,0,0,0,0,0,0,0,0
5.53003572245285,0.000188524034279552,0.00136970890674401,0.00726281495777415,0,0,0,0,0,0,0,0,0,0,0,0,0,0,0
5.5400363964614,0.000202589218721121,0.00144353767785494,0.00750236850153607,0,0,0,0,0,0,0,0,0,0,0,0,0,0,0
5.55003707046994,0.000217404762105494,0.00151977477196824,0.00774443645224778,0,0,0,0,0,0,0,0,0,0,0,0,0,0,0
5.56003774447848,0.000232994873960549,0.00159844501625139,0.00798895516803876,0,0,0,0,0,0,0,0,0,0,0,0,0,0,0
5.57003841848703,0.000249384008927366,0.00167957260360402,0.00823586144556388,0,0,0,0,0,0,0,0,0,0,0,0,0,0,0
5.58003909249557,0.000266596860439028,0.00176318109703778,0.00848509251888189,0,0,0,0,0,0,0,0,0,0,0,0,0,0,0
5.59003976650412,0.000284658354443176,0.00184929343404511,0.00873658605833387,0,0,0,0,0,0,0,0,0,0,0,0,0,0,0
5.60004044051266,0.000303593643168187,0.00193793193095672,0.00899028016942166,0,0,0,0,0,0,0,0,0,0,0,0,0,0,0
5.61004111452121,0.000323428098932886,0.00202911828728792,0.00924611339168633,0,0,0,0,0,0,0,0,0,0,0,0,0,0,0
5.62004178852975,0.000344187307999661,0.00212287359007366,0.00950402469758663,0,0,0,0,0,0,0,0,0,0,0,0,0,0,0
5.6300424625383,0.000365897064470876,0.0022192183181924,0.00976395349137742,0,0,0,0,0,0,0,0,0,0,0,0,0,0,0
5.64004313654684,0.000388583364228468,0.00231817234667878,0.0100258396079882,0,0,0,0,0,0,0,0,0,0,0,0,0,0,0
5.65004381055538,0.000412272398916626,0.00241975495102502,0.0102896233119014,0,0,0,0,0,0,0,0,0,0,0,0,0,0,0
5.66004448456393,0.000436990549967418,0.00252398481147112,0.010555245296031,0,0,0,0,0,0,0,0,0,0,0,0,0,0,0
5.67004515857247,0.000462764382669277,0.00263088001728389,0.0108226466806009,0,0,0,0,0,0,0,0,0,0,0,0,0,0,0
5.68004583258102,0.000489620640278219,0.00274045807102472,0.0110917690120234,0,0,0,0,0,0,0,0,0,0,0,0,0,0,0
5.69004650658956,0.000517586238171689,0.00285273589280614,0.0113625542617776,0,0,0,0,0,0,0,0,0,0,0,0,0,0,0
5.70004718059811,0.000546688258044913,0.00296772982453713,0.011634944825288,0,0,0,0,0,0,0,0,0,0,0,0,0,0,0
5.71004785460665,0.000576953942149659,0.00308545563415732,0.0119088835208027,0,0,0,0,0,0,0,0,0,0,0,0,0,0,0
5.72004852861519,0.000608410687575281,0.00320592851985986,0.012184313588272,0,0,0,0,0,0,0,0,0,0,0,0,0,0,0
5.73004920262374,0.000641086040571935,0.00332916311430311,0.0124611786882269,0,0,0,0,0,0,0,0,0,0,0,0,0,0,0
5.74004987663228,0.00067500769091587,0.00345517348881116,0.0127394229006576,0,0,0,0,0,0,0,0,0,0,0,0,0,0,0
5.75005055064083,0.00071020346631666,0.00358397315756306,0.0130189907238917,0,0,0,0,0,0,0,0,0,0,0,0,0,0,0
5.76005122464937,0.000746701326866277,0.00371557508177089,0.0132998270734728,0,0,0,0,0,0,0,0,0,0,0,0,0,0,0
5.77005189865792,0.000784529359529898,0.00384999167384658,0.0135818772810389,0,0,0,0,0,0,0,0,0,0,0,0,0,0,0
5.78005257266646,0.000823715772678322,0.00398723480155753,0.0138650870932012,0,0,0,0,0,0,0,0,0,0,0,0,0,0,0
5.79005324667501,0.000864288890661888,0.00412731579217103,0.0141494026704218,0,0,0,0,0,0,0,0,0,0,0,0,0,0,0
5.80005392068355,0.000906277148425786,0.00427024543658742,0.014434770585893,0,0,0,0,0,0,0,0,0,0,0,0,0,0,0
5.81005459469209,0.000949709086166648,0.00441603399346206,0.0147211378244152,0,0,0,0,0,0,0,0,0,0,0,0,0,0,0
5.82005526870064,0.000994613344030306,0.00456469119331608,0.0150084517812755,0,0,0,0,0,0,0,0,0,0,0,0,0,0,0
5.83005594270918,0.0010410186568506,0.00471622624263595,0.0152966602611262,0,0,0,0,0,0,0,0,0,0,0,0,0,0,0
5.84005661671773,0.00108895384892912,0.00487064782796176,0.0155857114768631,0,0,0,0,0,0,0,0,0,0,0,0,0,0,0
5.85005729072627,0.00113844782885582,0.00502796411996432,0.0158755540485042,0,0,0,0,0,0,0,0,0,0,0,0,0,0,0
5.86005796473482,0.00118952958437027,0.00518818277751109,0.016166137002068,0,0,0,0,0,0,0,0,0,0,0,0,0,0,0
5.87005863874336,0.00124222817726361,0.0053513109517208,0.0164574097684518,0,0,0,0,0,0,0,0,0,0,0,0,0,0,0
5.8800593127519,0.00129657273832091,0.00551735529000695,0.0167493221823106,0,0,0,0,0,0,0,0,0,0,0,0,0,0,0
5.89005998676045,0.00135259246230398,0.00568632194011,0.0170418244809351,0,0,0,0,0,0,0,0,0,0,0,0,0,0,0
5.90006066076899,0.0014103166029744,0.00585821655411846,0.0173348673031303,0,0,0,0,0,0,0,0,0,0,0,0,0,0,0
5.91006133477754,0.00146977446815672,0.0060330442924786,0.017628401688094,0,0,0,0,0,0,0,0,0,0,0,0,0,0,0
5.92006200878608,0.00153099541484173,0.00621080982799314,0.0179223790742953,0,0,0,0,0,0,0,0,0,0,0,0,0,0,0
5.93006268279463,0.00159400884432964,0.00639151734980855,0.0182167512983529,0,0,0,0,0,0,0,0,0,0,0,0,0,0,0
5.94006335680317,0.00165884419741307,0.00657517056739124,0.0185114705939136,0,0,0,0,0,0,0,0,0,0,0,0,0,0,0
5.95006403081171,0.00172553094959977,0.00676177271449251,0.0188064895905308,0,0,0,0,0,0,0,0,0,0,0,0,0,0,0
5.96006470482026,0.00179409860637493,0.00695132655310223,0.0191017613125431,0,0,0,0,0,0,0,0,0,0,0,0,0,0,0
5.9700653788288,0.00186457669850295,0.00714383437739139,0.0193972391779523,0,0,0,0,0,0,0,0,0,0,0,0,0,0,0
5.98006605283735,0.00193699477736864,0.0073392980176434,0.0196928769973023,0,0,0,0,0,0,0,0,0,0,0,0,0,0,0
5.99006672684589,0.00201138241035762,0.00753771884417412,0.0199886289725574,0,0,0,0,0,0,0,0,0,0,0,0,0,0,0
6.00006740085444,0.00208776917627589,0.00773909777124074,0.0202844496959807,0,0,0,0,0,0,0,0,0,0,0,0,0,0,0
6.01006807486298,0.00216618466080844,0.00794343526093946,0.0205802941490125,0,0,0,0,0,0,0,0,0,0,0,0,0,0,0
6.02006874887152,0.00224665845201675,0.00815073132709186,0.020876117701149,0,0,0,0,0,0,0,0,0,0,0,0,0,0,0
6.03006942288007,0.0023292201358752,0.00836098553912013,0.0211718761088206,0,0,0,0,0,0,0,0,0,0,0,0,0,0,0
6.04007009688861,0.00241389929184602,0.00857419702591109,0.0214675255142701,0,0,0,0,0,0,0,0,0,0,0,0,0,0,0
6.05007077089716,0.00250072548849297,0.00879036447966894,0.0217630224444317,0,0,0,0,0,0,0,0,0,0,0,0,0,0,0
6.0600714449057,0.00258972827913343,0.00900948615975683,0.0220583238098089,0,0,0,0,0,0,0,0,0,0,0,0,0,0,0
6.07007211891425,0.00268093719752883,0.00923155989652722,0.0223533869033534,0,0,0,0,0,0,0,0,0,0,0,0,0,0,0
6.08007279292279,0.00277438175361342,0.00945658309514097,0.0226481693993432,0,0,0,0,0,0,0,0,0,0,0,0,0,0,0
6.09007346693134,0.00287009142926105,0.0096845527393753,0.0229426293522612,0,0,0,0,0,0,0,0,0,0,0,0,0,0,0
6.10007414093988,0.00296809567409007,0.00991546539542046,0.0232367251956739,0,0,0,0,0,0,0,0,0,0,0,0,0,0,0
6.11007481494842,0.00306842390130615,0.0101493172156652,0.0235304157411092,0,0,0,0,0,0,0,0,0,0,0,0,0,0,0
6.12007548895697,0.00317110548358282,0.0103861039424712,0.0238236601769357,0,0,0,0,0,0,0,0,0,0,0,0,0,0,0
6.13007616296551,0.00327616974897977,0.0106258209119356,0.0241164180672403,0,0,0,0,0,0,0,0,0,0,0,0,0,0,0
6.14007683697406,0.00338364597689869,0.0108684630576437,0.0244086493507073,0,0,0,0,0,0,0,0,0,0,0,0,0,0,0
6.1500775109826,0.00349356339407663,0.0111140249144087,0.0247003143394967,0,0,0,0,0,0,0,0,0,0,0,0,0,0,0
6.16007818499115,0.00360595117061661,0.0113625006220016,0.0249913737181222,0,0,0,0,0,0,0,0,0,0,0,0,0,0,0
6.17007885899969,0.00372083841605557,0.0116138839288693,0.0252817885423303,0,0,0,0,0,0,0,0,0,0,0,0,0,0,0
6.18007953300823,0.00383825417546943,0.0118681681958415,0.0255715202379785,0,0,0,0,0,0,0,0,0,0,0,0,0,0,0
6.19008020701678,0.00395822742561508,0.0121253463998265,0.0258605305999136,0,0,0,0,0,0,0,0,0,0,0,0,0,0,0
6.20008088102532,0.00408078707110942,0.0123854111374957,0.0261487817908502,0,0,0,0,0,0,0,0,0,0,0,0,0,0,0
6.21008155503387,0.00420596194064504,0.0126483546289568,0.0264362363402494,0,0,0,0,0,0,0,0,0,0,0,0,0,0,0
6.22008222904241,0.0043337807832427,0.0129141687214163,0.0267228571431969,0,0,0,0,0,0,0,0,0,0,0,0,0,0,0
6.23008290305096,0.00446427226454031,0.01318284489283,0.0270086074592819,0,0,0,0,0,0,0,0,0,0,0,0,0,0,0
6.2400835770595,0.00459746496311841,0.0134543742555427,0.0272934509114749,0,0,0,0,0,0,0,0,0,0,0,0,0,0,0
6.25008425106805,0.00473338736686189,0.0137287475599169,0.0275773514850067,0,0,0,0,0,0,0,0,0,0,0,0,0,0,0
6.26008492507659,0.00487206786935813,0.0140059551979498,0.0278602735262469,0,0,0,0,0,0,0,0,0,0,0,0,0,0,0
6.27008559908513,0.00501353476633106,0.0142859872068793,0.0281421817415818,0,0,0,0,0,0,0,0,0,0,0,0,0,0,0
6.28008627309368,0.00515781625211136,0.0145688332727792,0.0284230411962933,0,0,0,0,0,0,0,0,0,0,0,0,0,0,0
6.29008694710222,0.00530494041614247,0.0148544827341422,0.0287028173134372,0,0,0,0,0,0,0,0,0,0,0,0,0,0,0
6.30008762111077,0.00545493523952246,0.0151429245854527,0.0289814758727219,0,0,0,0,0,0,0,0,0,0,0,0,0,0,0
6.31008829511931,0.0056078285915815,0.0154341474807479,0.0292589830093863,0,0,0,0,0,0,0,0,0,0,0,0,0,0,0
6.32008896912786,0.00576364822649495,0.0157281397371675,0.0295353052130789,0,0,0,0,0,0,0,0,0,0,0,0,0,0,0
6.3300896431364,0.00592242177993182,0.0160248893384927,0.0298104093267357,0,0,0,0,0,0,0,0,0,0,0,0,0,0,0
6.34009031714494,0.00608417676573864,0.0163243839386736,0.030084262545459,0,0,0,0,0,0,0,0,0,0,0,0,0,0,0
6.35009099115349,0.00624894057265851,0.0166266108653454,0.0303568324153958,0,0,0,0,0,0,0,0,0,0,0,0,0,0,0
6.36009166516203,0.00641674046108527,0.0169315571233336,0.0306280868326161,0,0,0,0,0,0,0,0,0,0,0,0,0,0,0
6.37009233917058,0.00658760355985267,0.017239209398148,0.0308979940419915,0,0,0,0,0,0,0,0,0,0,0,0,0,0,0
6.38009301317912,0.00676155686305838,0.0175495540594649,0.0311665226360736,0,0,0,0,0,0,0,0,0,0,0,0,0,0,0
6.39009368718767,0.00693862722692288,0.0178625771645989,0.0314336415539723,0,0,0,0,0,0,0,0,0,0,0,0,0,0,0
6.40009436119621,0.0071188413666829,0.018178264461963,0.0316993200802347,0,0,0,0,0,0,0,0,0,0,0,0,0,0,0
6.41009503520476,0.00730222585351944,0.0184966013945176,0.0319635278437231,0,0,0,0,0,0,0,0,0,0,0,0,0,0,0
6.4200957092133,0.00748880711152027,0.0188175731032083,0.0322262348164934,0,0,0,0,0,0,0,0,0,0,0,0,0,0,0
6.43009638322184,0.0076786114146767,0.0191411644303923,0.0324874113126741,0,0,0,0,0,0,0,0,0,0,0,0,0,0,0
6.44009705723039,0.00787166488391462,0.0194673599232542,0.0327470279873443,0,0,0,0,0,0,0,0,0,0,0,0,0,0,0
6.45009773123893,0.00806799348415953,0.0197961438372093,0.0330050558354121,0,0,0,0,0,0,0,0,0,0,0,0,0,0,0
6.46009840524748,0.0082676230214357,0.0201275001392975,0.0332614661904933,0,0,0,0,0,0,0,0,0,0,0,0,0,0,0
6.47009907925602,0.00847057913999912,0.0204614125115642,0.03351623072379,0,0,0,0,0,0,0,0,0,0,0,0,0,0,0
6.48009975326457,0.00867688731950418,0.0207978643544313,0.0337693214429685,0,0,0,0,0,0,0,0,0,0,0,0,0,0,0
6.49010042727311,0.00888657287220413,0.0211368387900562,0.0340207106910381,0,0,0,0,0,0,0,0,0,0,0,0,0,0,0
6.50010110128165,0.00909966094018493,0.0214783186656798,0.0342703711452297,0,0,0,0,0,0,0,0,0,0,0,0,0,0,0
6.5101017752902,0.00931617649263264,0.0218222865569635,0.034518275815874,0,0,0,0,0,0,0,0,0,0,0,0,0,0,0
6.52010244929874,0.00953614432313407,0.0221687247713149,0.0347643980452798,0,0,0,0,0,0,0,0,0,0,0,0,0,0,0
6.53010312330729,0.00975958904701059,0.0225176153512019,0.0350087115066131,0,0,0,0,0,0,0,0,0,0,0,0,0,0,0
6.54010379731583,0.0099865350986852,0.0228689400774559,0.0352511902027748,0,0,0,0,0,0,0,0,0,0,0,0,0,0,0
6.55010447132438,0.0102170067290823,0.0232226804725642,0.0354918084652795,0,0,0,0,0,0,0,0,0,0,0,0,0,0,0
6.56010514533292,0.0104510280030607,0.0235788178039504,0.035730540953134,0,0,0,0,0,0,0,0,0,0,0,0,0,0,0
6.57010581934147,0.0106886227968789,0.0239373330872437,0.0359673626517158,0,0,0,0,0,0,0,0,0,0,0,0,0,0,0
6.58010649335001,0.0109298147956935,0.0242982070895378,0.0362022488716512,0,0,0,0,0,0,0,0,0,0,0,0,0,0,0
6.59010716735855,0.0111746274910898,0.0246614203326377,0.0364351752476941,0,0,0,0,0,0,0,0,0,0,0,0,0,0,0
6.6001078413671,0.0114230841786451,0.0250269530962953,0.0366661177376043,0,0,0,0,0,0,0,0,0,0,0,0,0,0,0
6.61010851537564,0.011675207955524,0.0253947854214347,0.0368950526210261,0,0,0,0,0,0,0,0,0,0,0,0,0,0,0
6.62010918938419,0.0119310217181058,0.0257648971133652,0.0371219564983665,0,0,0,0,0,0,0,0,0,0,0,0,0,0,0
6.63010986339273,0.0121905481596448,0.0261372677449835,0.0373468062896738,0,0,0,0,0,0,0,0,0,0,0,0,0,0,0
6.64011053740128,0.0124538097679616,0.026511876659965,0.0375695792335161,0,0,0,0,0,0,0,0,0,0,0,0,0,0,0
6.65011121140982,0.0127208288231665,0.0268887029759435,0.0377902528858596,0,0,0,0,0,0,0,0,0,0,0,0,0,0,0
6.66011188541836,0.0129916273954152,0.0272677255876797,0.0380088051189474,0,0,0,0,0,0,0,0,0,0,0,0,0,0,0
6.67011255942691,0.0132662273426955,0.0276489231702187,0.0382252141201773,0,0,0,0,0,0,0,0,0,0,0,0,0,0,0
6.68011323343545,0.0135446503086457,0.0280322741820359,0.0384394583909811,0,0,0,0,0,0,0,0,0,0,0,0,0,0,0
6.690113907444,0.0138269177204043,0.0284177568681724,0.0386515167457021,0,0,0,0,0,0,0,0,0,0,0,0,0,0,0
6.70011458145254,0.0141130507864915,0.0288053492633582,0.0388613683104744,0,0,0,0,0,0,0,0,0,0,0,0,0,0,0
6.71011525546109,0.0144030704947214,0.0291950291951251,0.039068992522101,0,0,0,0,0,0,0,0,0,0,0,0,0,0,0
6.72011592946963,0.0146969976101453,0.0295867742869079,0.0392743691269321,0,0,0,0,0,0,0,0,0,0,0,0,0,0,0
6.73011660347817,0.014994852673026,0.0299805619611342,0.0394774781797438,0,0,0,0,0,0,0,0,0,0,0,0,0,0,0
6.74011727748672,0.0152966559968431,0.0303763694423036,0.0396783000426164,0,0,0,0,0,0,0,0,0,0,0,0,0,0,0
6.75011795149526,0.015602427666329,0.0307741737600553,0.0398768153838129,0,0,0,0,0,0,0,0,0,0,0,0,0,0,0
6.76011862550381,0.0159121875355354,0.0311739517522244,0.0400730051766576,0,0,0,0,0,0,0,0,0,0,0,0,0,0,0
6.77011929951235,0.0162259552259303,0.031575680067887,0.0402668506984142,0,0,0,0,0,0,0,0,0,0,0,0,0,0,0
6.7801199735209,0.0165437501245255,0.0319793351703945,0.0404583335291646,0,0,0,0,0,0,0,0,0,0,0,0,0,0,0
6.79012064752944,0.0168655913820343,0.0323848933403962,0.0406474355506873,0,0,0,0,0,0,0,0,0,0,0,0,0,0,0
6.80012132153799,0.0171914979110597,0.0327923306788509,0.0408341389453355,0,0,0,0,0,0,0,0,0,0,0,0,0,0,0
6.81012199554653,0.017521488384312,0.0332016231100271,0.0410184261949161,0,0,0,0,0,0,0,0,0,0,0,0,0,0,0
6.82012266955507,0.0178555812328569,0.0336127463844925,0.0412002800795677,0,0,0,0,0,0,0,0,0,0,0,0,0,0,0
6.83012334356362,0.0181937946443933,0.0340256760820914,0.0413796836766392,0,0,0,0,0,0,0,0,0,0,0,0,0,0,0
6.84012401757216,0.0185361465615609,0.0344403876149118,0.0415566203595685,0,0,0,0,0,0,0,0,0,0,0,0,0,0,0
6.85012469158071,0.018882654680277,0.0348568562302408,0.0417310737967604,0,0,0,0,0,0,0,0,0,0,0,0,0,0,0
6.86012536558925,0.0192333364481035,0.0352750570135087,0.0419030279504656,0,0,0,0,0,0,0,0,0,0,0,0,0,0,0
6.8701260395978,0.0195882090626425,0.035694964891222,0.0420724670756589,0,0,0,0,0,0,0,0,0,0,0,0,0,0,0
6.88012671360634,0.019947289469962,0.0361165546338858,0.0422393757189176,0,0,0,0,0,0,0,0,0,0,0,0,0,0,0
6.89012738761488,0.0203105943630498,0.0365398008589137,0.0424037387173002,0,0,0,0,0,0,0,0,0,0,0,0,0,0,0
6.90012806162343,0.0206781401802976,0.0369646780335274,0.0425655411972244,0,0,0,0,0,0,0,0,0,0,0,0,0,0,0
6.91012873563197,0.0210499431040131,0.0373911604776453,0.0427247685733461,0,0,0,0,0,0,0,0,0,0,0,0,0,0,0
6.92012940964052,0.0214260190589611,0.0378192223667589,0.0428814065474376,0,0,0,0,0,0,0,0,0,0,0,0,0,0,0
6.93013008364906,0.0218063837109338,0.0382488377347988,0.0430354411072657,0,0,0,0,0,0,0,0,0,0,0,0,0,0,0
6.94013075765761,0.0221910524653494,0.0386799804769893,0.0431868585254708,0,0,0,0,0,0,0,0,0,0,0,0,0,0,0
6.95013143166615,0.0225800404658787,0.0391126243526916,0.043335645358445,0,0,0,0,0,0,0,0,0,0,0,0,0,0,0
6.9601321056747,0.0229733625931012,0.0395467429882361,0.0434817884452105,0,0,0,0,0,0,0,0,0,0,0,0,0,0,0
6.97013277968324,0.0233710334631882,0.0399823098797428,0.0436252749062982,0,0,0,0,0,0,0,0,0,0,0,0,0,0,0
6.98013345369178,0.0237730674266151,0.0404192983959315,0.0437660921426261,0,0,0,0,0,0,0,0,0,0,0,0,0,0,0
6.99013412770033,0.0241794785669013,0.0408576817809201,0.0439042278343778,0,0,0,0,0,0,0,0,0,0,0,0,0,0,0
7.00013480170887,0.0245902806993777,0.0412974331570117,0.0440396699398808,0,0,0,0,0,0,0,0,0,0,0,0,0,0,0
7.01013547571742,0.0250054873699826,0.0417385255274706,0.044172406694485,0,0,0,0,0,0,0,0,0,0,0,0,0,0,0
7.02013614972596,0.0254251118540851,0.0421809317792874,0.0443024266094414,0,0,0,0,0,0,0,0,0,0,0,0,0,0,0
7.03013682373451,0.025849167155336,0.0426246246859322,0.0444297184707802,0,0,0,0,0,0,0,0,0,0,0,0,0,0,0
7.04013749774305,0.0262776660045463,0.0430695769100973,0.0445542713381894,0,0,0,0,0,0,0,0,0,0,0,0,0,0,0
7.05013817175159,0.0267106208585927,0.0435157610064281,0.0446760745438934,0,0,0,0,0,0,0,0,0,0,0,0,0,0,0
7.06013884576014,0.0271480438993512,0.0439631494242434,0.0447951176915312,0,0,0,0,0,0,0,0,0,0,0,0,0,0,0
7.07013951976868,0.027589947032657,0.0444117145102435,0.0449113906550349,0,0,0,0,0,0,0,0,0,0,0,0,0,0,0
7.08014019377723,0.0280363418872916,0.0448614285112084,0.0450248835775085,0,0,0,0,0,0,0,0,0,0,0,0,0,0,0
7.09014086778577,0.0284872398139975,0.0453122635766835,0.0451355868701056,0,0,0,0,0,0,0,0,0,0,0,0,0,0,0
7.10014154179432,0.0289426518845184,0.0457641917616552,0.0452434912109086,0,0,0,0,0,0,0,0,0,0,0,0,0,0,0
7.11014221580286,0.0294025888906677,0.0462171850292144,0.045348587543807,0,0,0,0,0,0,0,0,0,0,0,0,0,0,0
7.12014288981141,0.029867061343422,0.0466712152532091,0.0454508670773755,0,0,0,0,0,0,0,0,0,0,0,0,0,0,0
7.13014356381995,0.0303360794720424,0.0471262542208861,0.0455503212837526,0,0,0,0,0,0,0,0,0,0,0,0,0,0,0
7.14014423782849,0.0308096532232215,0.0475822736355212,0.0456469418975194,0,0,0,0,0,0,0,0,0,0,0,0,0,0,0
7.15014491183704,0.0312877922602564,0.0480392451190379,0.0457407209145776,0,0,0,0,0,0,0,0,0,0,0,0,0,0,0
7.16014558584558,0.0317705059622485,0.0484971402146153,0.045831650591028,0,0,0,0,0,0,0,0,0,0,0,0,0,0,0
7.17014625985413,0.0322578034233287,0.0489559303892847,0.0459197234420494,0,0,0,0,0,0,0,0,0,0,0,0,0,0,0
7.18014693386267,0.0327496934519094,0.0494155870365152,0.0460049322407765,0,0,0,0,0,0,0,0,0,0,0,0,0,0,0
7.19014760787122,0.0332461845699608,0.0498760814787872,0.0460872700171786,0,0,0,0,0,0,0,0,0,0,0,0,0,0,0
7.20014828187976,0.0337472850123147,0.050337384970156,0.046166730056938,0,0,0,0,0,0,0,0,0,0,0,0,0,0,0
7.2101489558883,0.0342530027259923,0.050799468698803,0.0462433059003287,0,0,0,0,0,0,0,0,0,0,0,0,0,0,0
7.22014962989685,0.0347633453695586,0.0512623037895763,0.0463169913410944,0,0,0,0,0,0,0,0,0,0,0,0,0,0,0
7.23015030390539,0.0352783203125014,0.0517258613065203,0.0463877804253273,0,0,0,0,0,0,0,0,0,0,0,0,0,0,0
7.24015097791394,0.0357979346346358,0.0521901122553931,0.0464556674503464,0,0,0,0,0,0,0,0,0,0,0,0,0,0,0
7.25015165192248,0.036322195125534,0.0526550275861739,0.0465206469635759,0,0,0,0,0,0,0,0,0,0,0,0,0,0,0
7.26015232593103,0.0368511082839799,0.0531205781955585,0.046582713761424,0,0,0,0,0,0,0,0,0,0,0,0,0,0,0
7.27015299993957,0.0373846803174489,0.0535867349294433,0.0466418628881608,0,0,0,0,0,0,0,0,0,0,0,0,0,0,0
7.28015367394812,0.0379229171416115,0.054053468585399,0.0466980896347972,0,0,0,0,0,0,0,0,0,0,0,0,0,0,0
7.29015434795666,0.0384658243798633,0.0545207499151325,0.0467513895379632,0,0,0,0,0,0,0,0,0,0,0,0,0,0,0
7.3001550219652,0.039013407362878,0.054988549626937,0.0468017583787864,0,0,0,0,0,0,0,0,0,0,0,0,0,0,0
7.31015569597375,0.0395656711281855,0.0554568383881325,0.0468491921817702,0,0,0,0,0,0,0,0,0,0,0,0,0,0,0
7.32015636998229,0.0401226204197743,0.0559255868274934,0.0468936872136726,0,0,0,0,0,0,0,0,0,0,0,0,0,0,0
7.33015704399084,0.0406842596877185,0.056394765537666,0.0469352399823844,0,0,0,0,0,0,0,0,0,0,0,0,0,0,0
7.34015771799938,0.041250593087828,0.056864345077574,0.046973847235808,0,0,0,0,0,0,0,0,0,0,0,0,0,0,0
7.35015839200793,0.0418216244813233,0.0573342959748137,0.0470095059607353,0,0,0,0,0,0,0,0,0,0,0,0,0,0,0
7.36015906601647,0.0423973574345347,0.0578045887280369,0.0470422133817266,0,0,0,0,0,0,0,0,0,0,0,0,0,0,0
7.37015974002501,0.0429777952186239,0.0582751938093236,0.047071966959989,0,0,0,0,0,0,0,0,0,0,0,0,0,0,0
7.38016041403356,0.0435629408093307,0.0587460816665424,0.0470987643922545,0,0,0,0,0,0,0,0,0,0,0,0,0,0,0
7.3901610880421,0.0441527968867422,0.0592172227257011,0.047122603609659,0,0,0,0,0,0,0,0,0,0,0,0,0,0,0
7.40016176205065,0.0447473658350864,0.0596885873932849,0.0471434827766203,0,0,0,0,0,0,0,0,0,0,0,0,0,0,0
7.41016243605919,0.045346649742548,0.0601601460585834,0.0471614002897167,0,0,0,0,0,0,0,0,0,0,0,0,0,0,0
7.42016311006774,0.0459506504011085,0.0606318690960073,0.0471763547765656,0,0,0,0,0,0,0,0,0,0,0,0,0,0,0
7.43016378407628,0.0465593693064085,0.0611037268673933,0.0471883450947017,0,0,0,0,0,0,0,0,0,0,0,0,0,0,0
7.44016445808483,0.0471728076576339,0.0615756897242975,0.0471973703304556,0,0,0,0,0,0,0,0,0,0,0,0,0,0,0
7.45016513209337,0.0477909663574242,0.0620477280102781,0.0472034297978323,0,0,0,0,0,0,0,0,0,0,0,0,0,0,0
7.46016580610191,0.0484138460118041,0.0625198120631666,0.0472065230373894,0,0,0,0,0,0,0,0,0,0,0,0,0,0,0
7.47016648011046,0.0490414469301372,0.0629919122173281,0.0472066498151159,0,0,0,0,0,0,0,0,0,0,0,0,0,0,0
7.480167154119,0.0496737691251031,0.0634639988059099,0.0472038101213103,0,0,0,0,0,0,0,0,0,0,0,0,0,0,0
7.49016782812755,0.0503108123126956,0.0639360421630791,0.0471980041694595,0,0,0,0,0,0,0,0,0,0,0,0,0,0,0
7.50016850213609,0.0509525759122451,0.0644080126262494,0.0471892323951167,0,0,0,0,0,0,0,0,0,0,0,0,0,0,0
7.51016917614464,0.0515990590464613,0.0648798805382959,0.0471774954547803,0,0,0,0,0,0,0,0,0,0,0,0,0,0,0
7.52016985015318,0.0522502605414993,0.0653516162497592,0.0471627942247722,0,0,0,0,0,0,0,0,0,0,0,0,0,0,0
7.53017052416172,0.052906178927047,0.0658231901210385,0.0471451298001159,0,0,0,0,0,0,0,0,0,0,0,0,0,0,0
7.54017119817027,0.0535668124364347,0.0662945725245725,0.0471245034934158,0,0,0,0,0,0,0,0,0,0,0,0,0,0,0
7.55017187217881,0.0542321590067666,0.0667657338470105,0.0471009168337348,0,0,0,0,0,0,0,0,0,0,0,0,0,0,0
7.56017254618736,0.0549022162790731,0.0672366444913709,0.0470743715654733,0,0,0,0,0,0,0,0,0,0,0,0,0,0,0
7.5701732201959,0.055576981598486,0.0677072748791894,0.0470448696472471,0,0,0,0,0,0,0,0,0,0,0,0,0,0,0
7.58017389420445,0.0562564520144339,0.0681775954526559,0.0470124132507666,0,0,0,0,0,0,0,0,0,0,0,0,0,0,0
7.59017456821299,0.0569406242808593,0.0686475766767393,0.0469770047597146,0,0,0,0,0,0,0,0,0,0,0,0,0,0,0
7.60017524222154,0.0576294948564575,0.0691171890413026,0.046938646768625,0,0,0,0,0,0,0,0,0,0,0,0,0,0,0
7.61017591623008,0.0583230599049357,0.0695864030632053,0.0468973420817614,0,0,0,0,0,0,0,0,0,0,0,0,0,0,0
7.62017659023862,0.0590213152952935,0.0700551892883956,0.0468530937119952,0,0,0,0,0,0,0,0,0,0,0,0,0,0,0
7.63017726424717,0.0597242566021242,0.0705235182939908,0.0468059048796844,0,0,0,0,0,0,0,0,0,0,0,0,0,0,0
7.64017793825571,0.060431879105937,0.0709913606903469,0.0467557790115519,0,0,0,0,0,0,0,0,0,0,0,0,0,0,0
7.65017861226426,0.0611441777934998,0.0714586871231164,0.0467027197395639,0,0,0,0,0,0,0,0,0,0,0,0,0,0,0
7.6601792862728,0.0618611473582019,0.0719254682752958,0.0466467308998083,0,0,0,0,0,0,0,0,0,0,0,0,0,0,0
7.67017996028135,0.0625827822004383,0.072391674869261,0.0465878165313736,0,0,0,0,0,0,0,0,0,0,0,0,0,0,0
7.68018063428989,0.0633090764280133,0.0728572776687917,0.0465259808752265,0,0,0,0,0,0,0,0,0,0,0,0,0,0,0
7.69018130829843,0.0640400238565648,0.0733222474810853,0.0464612283730914,0,0,0,0,0,0,0,0,0,0,0,0,0,0,0
7.70018198230698,0.0647756180100082,0.0737865551587583,0.0463935636663279,0,0,0,0,0,0,0,0,0,0,0,0,0,0,0
7.71018265631552,0.0655158521210011,0.0742501716018375,0.0463229915948099,0,0,0,0,0,0,0,0,0,0,0,0,0,0,0
7.72018333032407,0.066260719131427,0.0747130677597399,0.0462495171958037,0,0,0,0,0,0,0,0,0,0,0,0,0,0,0
7.73018400433261,0.0670102116928991,0.0751752146332407,0.0461731457028466,0,0,0,0,0,0,0,0,0,0,0,0,0,0,0
7.74018467834116,0.0677643221672838,0.0756365832764308,0.0460938825446254,0,0,0,0,0,0,0,0,0,0,0,0,0,0,0
7.7501853523497,0.0685230426272436,0.0760971447986629,0.0460117333438546,0,0,0,0,0,0,0,0,0,0,0,0,0,0,0
7.76018602635824,0.0692863648567996,0.0765568703664859,0.0459267039161551,0,0,0,0,0,0,0,0,0,0,0,0,0,0,0
7.77018670036679,0.0700542803519126,0.0770157312055691,0.0458388002689327,0,0,0,0,0,0,0,0,0,0,0,0,0,0,0
7.78018737437533,0.0708267803210848,0.0774736986026137,0.0457480286002562,0,0,0,0,0,0,0,0,0,0,0,0,0,0,0
7.79018804838388,0.0716038556859788,0.0779307439072551,0.0456543952977363,0,0,0,0,0,0,0,0,0,0,0,0,0,0,0
7.80018872239242,0.072385497082057,0.0783868385339519,0.0455579069374036,0,0,0,0,0,0,0,0,0,0,0,0,0,0,0
7.81018939640097,0.0731716948592389,0.0788419539638648,0.0454585702825876,0,0,0,0,0,0,0,0,0,0,0,0,0,0,0
7.82019007040951,0.0739624390825778,0.0792960617467243,0.0453563922827943,0,0,0,0,0,0,0,0,0,0,0,0,0,0,0
7.83019074441806,0.0747577195329559,0.0797491335026873,0.0452513800725858,0,0,0,0,0,0,0,0,0,0,0,0,0,0,0
7.8401914184266,0.0755575257077974,0.0802011409241812,0.0451435409704578,0,0,0,0,0,0,0,0,0,0,0,0,0,0,0
7.85019209243514,0.0763618468218009,0.0806520557777388,0.0450328824777184,0,0,0,0,0,0,0,0,0,0,0,0,0,0,0
7.86019276644369,0.0771706718076896,0.0811018499058202,0.0449194122773665,0,0,0,0,0,0,0,0,0,0,0,0,0,0,0
7.87019344045223,0.0779839893169791,0.0815504952286248,0.0448031382329705,0,0,0,0,0,0,0,0,0,0,0,0,0,0,0
7.88019411446078,0.0788017877207647,0.0819979637458909,0.0446840683875464,0,0,0,0,0,0,0,0,0,0,0,0,0,0,0
7.89019478846932,0.0796240551105251,0.0824442275386852,0.0445622109624362,0,0,0,0,0,0,0,0,0,0,0,0,0,0,0
7.90019546247787,0.0804507792989453,0.0828892587711804,0.044437574356187,0,0,0,0,0,0,0,0,0,0,0,0,0,0,0
7.91019613648641,0.0812819478207558,0.0833330296924216,0.0443101671434287,0,0,0,0,0,0,0,0,0,0,0,0,0,0,0
7.92019681049495,0.0821175479335907,0.0837755126380819,0.0441799980737526,0,0,0,0,0,0,0,0,0,0,0,0,0,0,0
7.9301974845035,0.0829575666188627,0.0842166800322064,0.0440470760705904,0,0,0,0,0,0,0,0,0,0,0,0,0,0,0
7.94019815851204,0.0838019905826555,0.084656504388945,0.0439114102300919,0,0,0,0,0,0,0,0,0,0,0,0,0,0,0
7.95019883252059,0.0846508062566332,0.0850949583142744,0.043773009820004,0,0,0,0,0,0,0,0,0,0,0,0,0,0,0
7.96019950652913,0.0855039997989679,0.085532014507708,0.043631884278549,0,0,0,0,0,0,0,0,0,0,0,0,0,0,0
7.97020018053768,0.0863615570952831,0.0859676457639962,0.0434880432133027,0,0,0,0,0,0,0,0,0,0,0,0,0,0,0
7.98020085454622,0.0872234637596147,0.0864018249748131,0.0433414964000735,0,0,0,0,0,0,0,0,0,0,0,0,0,0,0
7.99020152855477,0.0880897051353886,0.0868345251304345,0.0431922537817803,0,0,0,0,0,0,0,0,0,0,0,0,0,0,0
8.00020220256331,0.0889602662964153,0.0872657193214027,0.0430403254673313,0,0,0,0,0,0,0,0,0,0,0,0,0,0,0
8.01020287657185,0.089835132047901,0.0876953807401815,0.0428857217305022,0,0,0,0,0,0,0,0,0,0,0,0,0,0,0
8.0202035505804,0.0907142869274748,0.0881234826827988,0.0427284530088148,0,0,0,0,0,0,0,0,0,0,0,0,0,0,0
8.03020422458894,0.0915977152062329,0.0885499985504792,0.0425685299024154,0,0,0,0,0,0,0,0,0,0,0,0,0,0,0
8.04020489859749,0.0924854008897984,0.0889749018512642,0.0424059631729534,0,0,0,0,0,0,0,0,0,0,0,0,0,0,0
8.05020557260603,0.0933773277193978,0.089398166201622,0.0422407637424595,0,0,0,0,0,0,0,0,0,0,0,0,0,0,0
8.06020624661457,0.0942734791729535,0.0898197653280457,0.0420729426922241,0,0,0,0,0,0,0,0,0,0,0,0,0,0,0
8.07020692062312,0.0951738384661919,0.0902396730686406,0.0419025112616763,0,0,0,0,0,0,0,0,0,0,0,0,0,0,0
8.08020759463166,0.0960783885537673,0.0906578633746997,0.0417294808472617,0,0,0,0,0,0,0,0,0,0,0,0,0,0,0
8.09020826864021,0.0969871121304021,0.0910743103122688,0.0415538630013213,0,0,0,0,0,0,0,0,0,0,0,0,0,0,0
8.10020894264875,0.0978999916320417,0.0914889880636998,0.0413756694309695,0,0,0,0,0,0,0,0,0,0,0,0,0,0,0
8.1102096166573,0.0988170092370258,0.0919018709291926,0.041194911996973,0,0,0,0,0,0,0,0,0,0,0,0,0,0,0
8.12021029066584,0.0997381468672744,0.0923129333283266,0.0410116027126293,0,0,0,0,0,0,0,0,0,0,0,0,0,0,0
8.13021096467439,0.100663386189489,0.0927221498015803,0.0408257537426445,0,0,0,0,0,0,0,0,0,0,0,0,0,0,0
8.14021163868293,0.101592708616371,0.09312949501184,0.0406373774020126,0,0,0,0,0,0,0,0,0,0,0,0,0,0,0
8.15021231269148,0.10252609530785,0.0935349437458967,0.0404464861548933,0,0,0,0,0,0,0,0,0,0,0,0,0,0,0
8.16021298670002,0.103463527172332,0.0939384709159329,0.0402530926134906,0,0,0,0,0,0,0,0,0,0,0,0,0,0,0
8.17021366070856,0.104404984867964,0.0943400515609972,0.0400572095369316,0,0,0,0,0,0,0,0,0,0,0,0,0,0,0
8.18021433471711,0.105350448803904,0.0947396608484679,0.0398588498301444,0,0,0,0,0,0,0,0,0,0,0,0,0,0,0
8.19021500872565,0.106299899141617,0.0951372740755059,0.0396580265427372,0,0,0,0,0,0,0,0,0,0,0,0,0,0,0
8.2002156827342,0.107253315796177,0.0955328666704956,0.0394547528678759,0,0,0,0,0,0,0,0,0,0,0,0,0,0,0
8.21021635674274,0.108210678437586,0.0959264141944751,0.0392490421411637,0,0,0,0,0,0,0,0,0,0,0,0,0,0,0
8.22021703075129,0.109171966492112,0.0963178923425552,0.0390409078395183,0,0,0,0,0,0,0,0,0,0,0,0,0,0,0
8.23021770475983,0.110137159143632,0.0967072769453268,0.0388303635800512,0,0,0,0,0,0,0,0,0,0,0,0,0,0,0
8.24021837876837,0.111106235334997,0.0970945439702574,0.0386174231189458,0,0,0,0,0,0,0,0,0,0,0,0,0,0,0
8.25021905277692,0.112079173769405,0.0974796695230765,0.0384021003503363,0,0,0,0,0,0,0,0,0,0,0,0,0,0,0
8.26021972678546,0.113055952911794,0.0978626298491493,0.0381844093051852,0,0,0,0,0,0,0,0,0,0,0,0,0,0,0
8.27022040079401,0.114036550990243,0.0982434013348398,0.0379643641501629,0,0,0,0,0,0,0,0,0,0,0,0,0,0,0
8.28022107480255,0.11502094599739,0.0986219605088617,0.0377419791865254,0,0,0,0,0,0,0,0,0,0,0,0,0,0,0
8.2902217488111,0.116009115691859,0.0989982840436197,0.0375172688489929,0,0,0,0,0,0,0,0,0,0,0,0,0,0,0
8.30022242281964,0.117001037599711,0.0993723487565379,0.0372902477046283,0,0,0,0,0,0,0,0,0,0,0,0,0,0,0
8.31022309682819,0.117996689015892,0.0997441316113779,0.0370609304517157,0,0,0,0,0,0,0,0,0,0,0,0,0,0,0
8.32022377083673,0.118996047005709,0.100113609719546,0.036829331918639,0,0,0,0,0,0,0,0,0,0,0,0,0,0,0
8.33022444484527,0.119999088406312,0.100480760341387,0.03659546706276,0,0,0,0,0,0,0,0,0,0,0,0,0,0,0
8.34022511885382,0.121005789828188,0.100845560887471,0.0363593509692968,0,0,0,0,0,0,0,0,0,0,0,0,0,0,0
8.35022579286236,0.122016127656672,0.101207988919864,0.0361209988502027,0,0,0,0,0,0,0,0,0,0,0,0,0,0,0
8.36022646687091,0.123030078053466,0.101568022153392,0.0358804260430447,0,0,0,0,0,0,0,0,0,0,0,0,0,0,0
8.37022714087945,0.124047616958175,0.10192563845689,0.0356376480098811,0,0,0,0,0,0,0,0,0,0,0,0,0,0,0
8.38022781488799,0.125068720089854,0.102280815854441,0.0353926803361408,0,0,0,0,0,0,0,0,0,0,0,0,0,0,0
8.39022848889654,0.126093362948564,0.102633532526606,0.0351455387295016,0,0,0,0,0,0,0,0,0,0,0,0,0,0,0
8.40022916290508,0.127121520816943,0.102983766811639,0.0348962390187683,0,0,0,0,0,0,0,0,0,0,0,0,0,0,0
8.41022983691363,0.128153168761794,0.103331497206696,0.0346447971527516,0,0,0,0,0,0,0,0,0,0,0,0,0,0,0
8.42023051092217,0.129188281635673,0.103676702369024,0.0343912291991459,0,0,0,0,0,0,0,0,0,0,0,0,0,0,0
8.43023118493072,0.130226834078503,0.104019361117149,0.0341355513434088,0,0,0,0,0,0,0,0,0,0,0,0,0,0,0
8.44023185893926,0.131268800519187,0.104359452432048,0.0338777798876385,0,0,0,0,0,0,0,0,0,0,0,0,0,0,0
8.45023253294781,0.132314155177241,0.104696955458307,0.0336179312494527,0,0,0,0,0,0,0,0,0,0,0,0,0,0,0
8.46023320695635,0.133362872064436,0.105031849505273,0.0333560219608672,0,0,0,0,0,0,0,0,0,0,0,0,0,0,0
8.47023388096489,0.134414924986451,0.10536411404819,0.0330920686671741,0,0,0,0,0,0,0,0,0,0,0,0,0,0,0
8.48023455497344,0.135470287544539,0.10569372872933,0.0328260881258205,0,0,0,0,0,0,0,0,0,0,0,0,0,0,0
8.49023522898198,0.136528933137201,0.106020673359107,0.0325580972052865,0,0,0,0,0,0,0,0,0,0,0,0,0,0,0
8.50023590299053,0.137590834961872,0.106344927917178,0.0322881128839641,0,0,0,0,0,0,0,0,0,0,0,0,0,0,0
8.51023657699907,0.138655966016624,0.106666472553546,0.0320161522490354,0,0,0,0,0,0,0,0,0,0,0,0,0,0,0
8.52023725100762,0.139724299101871,0.106985287589631,0.0317422324953515,0,0,0,0,0,0,0,0,0,0,0,0,0,0,0
8.53023792501616,0.140795806822088,0.107301353519352,0.03146637092431,0,0,0,0,0,0,0,0,0,0,0,0,0,0,0
8.54023859902471,0.141870461587545,0.107614651010178,0.0311885849427345,0,0,0,0,0,0,0,0,0,0,0,0,0,0,0
8.55023927303325,0.142948235616045,0.107925160904181,0.0309088920617526,0,0,0,0,0,0,0,0,0,0,0,0,0,0,0
8.56023994704179,0.144029100934676,0.108232864219075,0.0306273098956739,0,0,0,0,0,0,0,0,0,0,0,0,0,0,0
8.57024062105034,0.145113029381573,0.108537742149238,0.0303438561608696,0,0,0,0,0,0,0,0,0,0,0,0,0,0,0
8.58024129505888,0.146199992607691,0.10883977606673,0.0300585486746496,0,0,0,0,0,0,0,0,0,0,0,0,0,0,0
8.59024196906743,0.147289962078583,0.109138947522297,0.029771405354142,0,0,0,0,0,0,0,0,0,0,0,0,0,0,0
8.60024264307597,0.148382909076197,0.109435238246362,0.029482444215171,0,0,0,0,0,0,0,0,0,0,0,0,0,0,0
8.61024331708452,0.149478804700675,0.109728630150007,0.0291916833711357,0,0,0,0,0,0,0,0,0,0,0,0,0,0,0
8.62024399109306,0.150577619872165,0.110019105325944,0.028899141031888,0,0,0,0,0,0,0,0,0,0,0,0,0,0,0
8.6302446651016,0.15167932533264,0.110306646049474,0.0286048355026118,0,0,0,0,0,0,0,0,0,0,0,0,0,0,0
8.64024533911015,0.152783891647736,0.110591234779432,0.0283087851827008,0,0,0,0,0,0,0,0,0,0,0,0,0,0,0
8.65024601311869,0.153891289208581,0.110872854159129,0.0280110085646372,0,0,0,0,0,0,0,0,0,0,0,0,0,0,0
8.66024668712724,0.155001488233657,0.111151487017271,0.0277115242328706,0,0,0,0,0,0,0,0,0,0,0,0,0,0,0
8.67024736113578,0.156114458770647,0.111427116368877,0.0274103508626952,0,0,0,0,0,0,0,0,0,0,0,0,0,0,0
8.68024803514433,0.157230170698311,0.111699725416183,0.0271075072191299,0,0,0,0,0,0,0,0,0,0,0,0,0,0,0
8.69024870915287,0.158348593728359,0.111969297549529,0.0268030121557958,0,0,0,0,0,0,0,0,0,0,0,0,0,0,0
8.70024938316141,0.159469697407339,0.112235816348245,0.0264968846137941,0,0,0,0,0,0,0,0,0,0,0,0,0,0,0
8.71025005716996,0.160593451118527,0.112499265581516,0.0261891436205859,0,0,0,0,0,0,0,0,0,0,0,0,0,0,0
8.7202507311785,0.161719824083835,0.112759629209241,0.0258798082888697,0,0,0,0,0,0,0,0,0,0,0,0,0,0,0
8.73025140518705,0.16284878536572,0.113016891382881,0.0255688978154603,0,0,0,0,0,0,0,0,0,0,0,0,0,0,0
8.74025207919559,0.163980303869105,0.113271036446296,0.0252564314801669,0,0,0,0,0,0,0,0,0,0,0,0,0,0,0
8.75025275320414,0.165114348343303,0.113522048936565,0.0249424286446717,0,0,0,0,0,0,0,0,0,0,0,0,0,0,0
8.76025342721268,0.166250887383962,0.113769913584801,0.0246269087514088,0,0,0,0,0,0,0,0,0,0,0,0,0,0,0
8.77025410122123,0.167389889435001,0.114014615316956,0.0243098913224414,0,0,0,0,0,0,0,0,0,0,0,0,0,0,0
8.78025477522977,0.168531322790567,0.114256139254607,0.0239913959583422,0,0,0,0,0,0,0,0,0,0,0,0,0,0,0
8.79025544923831,0.169675155596994,0.114494470715741,0.0236714423370698,0,0,0,0,0,0,0,0,0,0,0,0,0,0,0
8.80025612324686,0.170821355854771,0.114729595215516,0.0233500502128485,0,0,0,0,0,0,0,0,0,0,0,0,0,0,0
8.8102567972554,0.171969891420519,0.114961498467026,0.0230272394150463,0,0,0,0,0,0,0,0,0,0,0,0,0,0,0
8.82025747126395,0.173120730008972,0.11519016638204,0.0227030298470534,0,0,0,0,0,0,0,0,0,0,0,0,0,0,0
8.83025814527249,0.174273839194969,0.115415585071742,0.0223774414851606,0,0,0,0,0,0,0,0,0,0,0,0,0,0,0
8.84025881928104,0.175429186415452,0.115637740847451,0.0220504943774377,0,0,0,0,0,0,0,0,0,0,0,0,0,0,0
8.85025949328958,0.176586738971471,0.115856620221335,0.0217222086426124,0,0,0,0,0,0,0,0,0,0,0,0,0,0,0
8.86026016729813,0.177746464030195,0.116072209907111,0.0213926044689479,0,0,0,0,0,0,0,0,0,0,0,0,0,0,0
8.87026084130667,0.178908328626931,0.116284496820737,0.0210617021131223,0,0,0,0,0,0,0,0,0,0,0,0,0,0,0
8.88026151531521,0.180072299667153,0.116493468081086,0.0207295218991064,0,0,0,0,0,0,0,0,0,0,0,0,0,0,0
8.89026218932376,0.181238343928532,0.116699111010619,0.0203960842170423,0,0,0,0,0,0,0,0,0,0,0,0,0,0,0
8.9002628633323,0.182406428062974,0.116901413136036,0.020061409522122,0,0,0,0,0,0,0,0,0,0,0,0,0,0,0
8.91026353734085,0.18357651859867,0.117100362188925,0.0197255183334659,0,0,0,0,0,0,0,0,0,0,0,0,0,0,0
8.92026421134939,0.184748581942145,0.117295946106393,0.0193884312330005,0,0,0,0,0,0,0,0,0,0,0,0,0,0,0
8.93026488535794,0.185922584380316,0.11748815303169,0.0190501688643383,0,0,0,0,0,0,0,0,0,0,0,0,0,0,0
8.94026555936648,0.187098492082559,0.11767697131482,0.0187107519316551,0,0,0,0,0,0,0,0,0,0,0,0,0,0,0
8.95026623337503,0.188276271102777,0.117862389513141,0.0183702011985685,0,0,0,0,0,0,0,0,0,0,0,0,0,0,0
8.96026690738357,0.189455887381482,0.118044396391952,0.0180285374870166,0,0,0,0,0,0,0,0,0,0,0,0,0,0,0
8.97026758139211,0.190637306747869,0.118222980925075,0.017685781676137,0,0,0,0,0,0,0,0,0,0,0,0,0,0,0
8.98026825540066,0.191820494921911,0.118398132295417,0.0173419547011444,0,0,0,0,0,0,0,0,0,0,0,0,0,0,0
8.9902689294092,0.193005417516452,0.118569839895527,0.016997077552209,0,0,0,0,0,0,0,0,0,0,0,0,0,0,0
9.00026960341775,0.194192040039301,0.118738093328142,0.016651171273336,0,0,0,0,0,0,0,0,0,0,0,0,0,0,0
9.01027027742629,0.195380327895345,0.118902882406715,0.016304256961243,0,0,0,0,0,0,0,0,0,0,0,0,0,0,0
9.02027095143483,0.196570246388651,0.11906419715594,0.0159563557642387,0,0,0,0,0,0,0,0,0,0,0,0,0,0,0
9.03027162544338,0.197761760724587,0.119222027812264,0.015607488881102,0,0,0,0,0,0,0,0,0,0,0,0,0,0,0
9.04027229945192,0.198954836011938,0.11937636482438,0.0152576775599592,0,0,0,0,0,0,0,0,0,0,0,0,0,0,0
9.05027297346047,0.200149437265034,0.119527198853721,0.0149069430971639,0,0,0,0,0,0,0,0,0,0,0,0,0,0,0
9.06027364746901,0.201345529405879,0.119674520774935,0.0145553068361742,0,0,0,0,0,0,0,0,0,0,0,0,0,0,0
9.07027432147756,0.202543077266284,0.119818321676348,0.014202790166432,0,0,0,0,0,0,0,0,0,0,0,0,0,0,0
9.0802749954861,0.20374204559001,0.119958592860422,0.0138494145222407,0,0,0,0,0,0,0,0,0,0,0,0,0,0,0
9.09027566949464,0.204942399034906,0.120095325844193,0.013495201381645,0,0,0,0,0,0,0,0,0,0,0,0,0,0,0
9.10027634350319,0.206144102175064,0.12022851235971,0.0131401722653073,0,0,0,0,0,0,0,0,0,0,0,0,0,0,0
9.11027701751173,0.207347119502964,0.120358144354448,0.0127843487353882,0,0,0,0,0,0,0,0,0,0,0,0,0,0,0
9.12027769152028,0.208551415431639,0.120484213991723,0.0124277523944234,0,0,0,0,0,0,0,0,0,0,0,0,0,0,0
9.13027836552882,0.209756954296826,0.120606713651088,0.0120704048842031,0,0,0,0,0,0,0,0,0,0,0,0,0,0,0
9.14027903953737,0.210963700359138,0.12072563592872,0.0117123278846504,0,0,0,0,0,0,0,0,0,0,0,0,0,0,0
9.15027971354591,0.212171617806229,0.120840973637795,0.0113535431126989,0,0,0,0,0,0,0,0,0,0,0,0,0,0,0
9.16028038755445,0.213380670754967,0.120952719808854,0.0109940723211721,0,0,0,0,0,0,0,0,0,0,0,0,0,0,0
9.170281061563,0.214590823253608,0.121060867690156,0.0106339372976616,0,0,0,0,0,0,0,0,0,0,0,0,0,0,0
9.18028173557154,0.215802039283976,0.12116541074802,0.0102731598634052,0,0,0,0,0,0,0,0,0,0,0,0,0,0,0
9.19028240958009,0.217014282763648,0.121266342667153,0.00991176187216585,0,0,0,0,0,0,0,0,0,0,0,0,0,0,0
9.20028308358863,0.218227517548133,0.121363657350977,0.00954976520910954,0,0,0,0,0,0,0,0,0,0,0,0,0,0,0
9.21028375759718,0.21944170743307,0.121457348921928,0.00918719178968438,0,0,0,0,0,0,0,0,0,0,0,0,0,0,0
9.22028443160572,0.22065681615641,0.121547411721762,0.00882406355849851,0,0,0,0,0,0,0,0,0,0,0,0,0,0,0
9.23028510561427,0.22187280740062,0.121633840311834,0.00846040248819899,0,0,0,0,0,0,0,0,0,0,0,0,0,0,0
9.24028577962281,0.223089644794872,0.121716629473377,0.00809623057834984,0,0,0,0,0,0,0,0,0,0,0,0,0,0,0
9.25028645363136,0.22430729191725,0.121795774207764,0.00773156985431067,0,0,0,0,0,0,0,0,0,0,0,0,0,0,0
9.2602871276399,0.22552571229695,0.121871269736763,0.00736644236611551,0,0,0,0,0,0,0,0,0,0,0,0,0,0,0
9.27028780164844,0.226744869416484,0.121943111502773,0.0070008701873507,0,0,0,0,0,0,0,0,0,0,0,0,0,0,0
9.28028847565699,0.227964726713891,0.122011295169057,0.006634875414033,0,0,0,0,0,0,0,0,0,0,0,0,0,0,0
9.29028914966553,0.229185247584944,0.122075816619963,0.00626848016348951,0,0,0,0,0,0,0,0,0,0,0,0,0,0,0
9.30028982367408,0.230406395385363,0.122136671961126,0.00590170657323491,0,0,0,0,0,0,0,0,0,0,0,0,0,0,0
9.31029049768262,0.23162813343303,0.122193857519669,0.00553457679984973,0,0,0,0,0,0,0,0,0,0,0,0,0,0,0
9.32029117169117,0.232850425010202,0.122247369844388,0.00516711301785976,0,0,0,0,0,0,0,0,0,0,0,0,0,0,0
9.33029184569971,0.234073233365733,0.122297205705921,0.0047993374186139,0,0,0,0,0,0,0,0,0,0,0,0,0,0,0
9.34029251970825,0.23529652171729,0.122343362096915,0.00443127220916259,0,0,0,0,0,0,0,0,0,0,0,0,0,0,0
9.3502931937168,0.236520253253576,0.122385836232178,0.00406293961113667,0,0,0,0,0,0,0,0,0,0,0,0,0,0,0
9.36029386772534,0.237744391136551,0.122424625548815,0.00369436185962556,0,0,0,0,0,0,0,0,0,0,0,0,0,0,0
9.37029454173389,0.238968898503657,0.122459727706362,0.00332556120205503,0,0,0,0,0,0,0,0,0,0,0,0,0,0,0
9.38029521574243,0.24019373847004,0.122491140586898,0.00295655989706743,0,0,0,0,0,0,0,0,0,0,0,0,0,0,0
9.39029588975098,0.241418874130784,0.12251886229516,0.00258738021339809,0,0,0,0,0,0,0,0,0,0,0,0,0,0,0
9.40029656375952,0.242644268563127,0.122542891158627,0.00221804442875525,0,0,0,0,0,0,0,0,0,0,0,0,0,0,0
9.41029723776806,0.243869884828698,0.122563225727614,0.0018485748286979,0,0,0,0,0,0,0,0,0,0,0,0,0,0,0
9.42029791177661,0.245095685975743,0.122579864775342,0.00147899370551427,0,0,0,0,0,0,0,0,0,0,0,0,0,0,0
9.43029858578515,0.246321635041352,0.122592807297995,0.00110932335710009,0,0,0,0,0,0,0,0,0,0,0,0,0,0,0
9.4402992597937,0.247547695053693,0.122602052514779,0.000739586085837961,0,0,0,0,0,0,0,0,0,0,0,0,0,0,0
9.45029993380224,0.248773829034241,0.122607599867953,0.000369804197474299,0,0,0,0,0,0,0,0,0,0,0,0,0,0,0
9.46030060781079,0.250000000000009,0.122609449022862,-6.90221543532449e-16,0,0,0,0,0,0,0,0,0,0,0,0,0,0,0
9.47030128181933,0.251226170965776,0.122607599867953,-0.000369804197475803,0,0,0,0,0,0,0,0,0,0,0,0,0,0,0
9.48030195582788,0.252452304946324,0.122602052514779,-0.000739586085839424,0,0,0,0,0,0,0,0,0,0,0,0,0,0,0
9.49030262983642,0.253678364958666,0.122592807297995,-0.00110932335710162,0,0,0,0,0,0,0,0,0,0,0,0,0,0,0
9.50030330384496,0.254904314024275,0.122579864775342,-0.00147899370551556,0,0,0,0,0,0,0,0,0,0,0,0,0,0,0
9.51030397785351,0.25613011517132,0.122563225727614,-0.00184857482869934,0,0,0,0,0,0,0,0,0,0,0,0,0,0,0
9.52030465186205,0.257355731436891,0.122542891158627,-0.00221804442875668,0,0,0,0,0,0,0,0,0,0,0,0,0,0,0
9.5303053258706,0.258581125869234,0.122518862295159,-0.00258738021339947,0,0,0,0,0,0,0,0,0,0,0,0,0,0,0
9.54030599987914,0.259806261529977,0.122491140586898,-0.00295655989706888,0,0,0,0,0,0,0,0,0,0,0,0,0,0,0
9.55030667388769,0.261031101496361,0.122459727706361,-0.00332556120205652,0,0,0,0,0,0,0,0,0,0,0,0,0,0,0
9.56030734789623,0.262255608863466,0.122424625548815,-0.00369436185962692,0,0,0,0,0,0,0,0,0,0,0,0,0,0,0
9.57030802190478,0.263479746746441,0.122385836232178,-0.00406293961113815,0,0,0,0,0,0,0,0,0,0,0,0,0,0,0
9.58030869591332,0.264703478282727,0.122343362096915,-0.00443127220916402,0,0,0,0,0,0,0,0,0,0,0,0,0,0,0
9.59030936992186,0.265926766634285,0.12229720570592,-0.00479933741861526,0,0,0,0,0,0,0,0,0,0,0,0,0,0,0
9.60031004393041,0.267149574989816,0.122247369844388,-0.00516711301786115,0,0,0,0,0,0,0,0,0,0,0,0,0,0,0
9.61031071793895,0.268371866566988,0.122193857519669,-0.00553457679985113,0,0,0,0,0,0,0,0,0,0,0,0,0,0,0
9.6203113919475,0.269593604614655,0.122136671961126,-0.00590170657323629,0,0,0,0,0,0,0,0,0,0,0,0,0,0,0
9.63031206595604,0.270814752415074,0.122075816619962,-0.00626848016349096,0,0,0,0,0,0,0,0,0,0,0,0,0,0,0
9.64031273996459,0.272035273286127,0.122011295169057,-0.00663487541403438,0,0,0,0,0,0,0,0,0,0,0,0,0,0,0
9.65031341397313,0.273255130583534,0.121943111502772,-0.00700087018735184,0,0,0,0,0,0,0,0,0,0,0,0,0,0,0
9.66031408798167,0.274474287703068,0.121871269736763,-0.00736644236611708,0,0,0,0,0,0,0,0,0,0,0,0,0,0,0
9.67031476199022,0.275692708082768,0.121795774207764,-0.00773156985431219,0,0,0,0,0,0,0,0,0,0,0,0,0,0,0
9.68031543599876,0.276910355205146,0.121716629473376,-0.00809623057835134,0,0,0,0,0,0,0,0,0,0,0,0,0,0,0
9.69031611000731,0.278127192599398,0.121633840311833,-0.00846040248820039,0,0,0,0,0,0,0,0,0,0,0,0,0,0,0
9.70031678401585,0.279343183843607,0.121547411721761,-0.00882406355850008,0,0,0,0,0,0,0,0,0,0,0,0,0,0,0
9.7103174580244,0.280558292566948,0.121457348921928,-0.00918719178968582,0,0,0,0,0,0,0,0,0,0,0,0,0,0,0
9.72031813203294,0.281772482451884,0.121363657350976,-0.00954976520911094,0,0,0,0,0,0,0,0,0,0,0,0,0,0,0
9.73031880604148,0.28298571723637,0.121266342667153,-0.0099117618721672,0,0,0,0,0,0,0,0,0,0,0,0,0,0,0
9.74031948005003,0.284197960716042,0.121165410748019,-0.0102731598634066,0,0,0,0,0,0,0,0,0,0,0,0,0,0,0
9.75032015405857,0.28540917674641,0.121060867690156,-0.0106339372976629,0,0,0,0,0,0,0,0,0,0,0,0,0,0,0
9.76032082806712,0.286619329245051,0.120952719808854,-0.0109940723211735,0,0,0,0,0,0,0,0,0,0,0,0,0,0,0
9.77032150207566,0.287828382193789,0.120840973637795,-0.0113535431127002,0,0,0,0,0,0,0,0,0,0,0,0,0,0,0
9.7803221760842,0.28903629964088,0.12072563592872,-0.0117123278846518,0,0,0,0,0,0,0,0,0,0,0,0,0,0,0
9.79032285009275,0.290243045703192,0.120606713651088,-0.0120704048842045,0,0,0,0,0,0,0,0,0,0,0,0,0,0,0
9.80032352410129,0.291448584568379,0.120484213991723,-0.0124277523944246,0,0,0,0,0,0,0,0,0,0,0,0,0,0,0
9.81032419810984,0.292652880497053,0.120358144354447,-0.0127843487353895,0,0,0,0,0,0,0,0,0,0,0,0,0,0,0
9.82032487211838,0.293855897824954,0.120228512359709,-0.0131401722653087,0,0,0,0,0,0,0,0,0,0,0,0,0,0,0
9.83032554612693,0.295057600965111,0.120095325844193,-0.0134952013816462,0,0,0,0,0,0,0,0,0,0,0,0,0,0,0
9.84032622013547,0.296257954410008,0.119958592860421,-0.0138494145222421,0,0,0,0,0,0,0,0,0,0,0,0,0,0,0
9.85032689414402,0.297456922733733,0.119818321676348,-0.0142027901664334,0,0,0,0,0,0,0,0,0,0,0,0,0,0,0
9.86032756815256,0.298654470594139,0.119674520774935,-0.0145553068361756,0,0,0,0,0,0,0,0,0,0,0,0,0,0,0
9.87032824216111,0.299850562734983,0.119527198853721,-0.0149069430971655,0,0,0,0,0,0,0,0,0,0,0,0,0,0,0
9.88032891616965,0.30104516398808,0.119376364824379,-0.0152576775599607,0,0,0,0,0,0,0,0,0,0,0,0,0,0,0
9.89032959017819,0.302238239275431,0.119222027812263,-0.0156074888811032,0,0,0,0,0,0,0,0,0,0,0,0,0,0,0
9.90033026418674,0.303429753611367,0.119064197155939,-0.0159563557642401,0,0,0,0,0,0,0,0,0,0,0,0,0,0,0
9.91033093819528,0.304619672104673,0.118902882406714,-0.0163042569612444,0,0,0,0,0,0,0,0,0,0,0,0,0,0,0
9.92033161220383,0.305807959960717,0.118738093328141,-0.0166511712733374,0,0,0,0,0,0,0,0,0,0,0,0,0,0,0
9.93033228621237,0.306994582483566,0.118569839895527,-0.0169970775522104,0,0,0,0,0,0,0,0,0,0,0,0,0,0,0
9.94033296022092,0.308179505078106,0.118398132295416,-0.0173419547011456,0,0,0,0,0,0,0,0,0,0,0,0,0,0,0
9.95033363422946,0.309362693252149,0.118222980925074,-0.0176857816761385,0,0,0,0,0,0,0,0,0,0,0,0,0,0,0
9.96033430823801,0.310544112618536,0.118044396391951,-0.0180285374870181,0,0,0,0,0,0,0,0,0,0,0,0,0,0,0
9.97033498224655,0.31172372889724,0.11786238951314,-0.01837020119857,0,0,0,0,0,0,0,0,0,0,0,0,0,0,0
9.98033565625509,0.312901507917459,0.117676971314819,-0.0187107519316566,0,0,0,0,0,0,0,0,0,0,0,0,0,0,0
9.99033633026364,0.314077415619702,0.117488153031689,-0.0190501688643398,0,0,0,0,0,0,0,0,0,0,0,0,0,0,0
10.0003370042722,0.315251418057872,0.117295946106392,-0.0193884312330018,0,0,0,0,0,0,0,0,0,0,0,0,0,0,0
10.0103376782807,0.316423481401347,0.117100362188924,-0.0197255183334672,0,0,0,0,0,0,0,0,0,0,0,0,0,0,0
10.0203383522893,0.317593571937043,0.116901413136035,-0.0200614095221234,0,0,0,0,0,0,0,0,0,0,0,0,0,0,0
10.0303390262978,0.318761656071486,0.116699111010618,-0.0203960842170437,0,0,0,0,0,0,0,0,0,0,0,0,0,0,0
10.0403397003064,0.319927700332864,0.116493468081085,-0.0207295218991078,0,0,0,0,0,0,0,0,0,0,0,0,0,0,0
10.0503403743149,0.321091671373087,0.116284496820736,-0.0210617021131236,0,0,0,0,0,0,0,0,0,0,0,0,0,0,0
10.0603410483234,0.322253535969823,0.11607220990711,-0.0213926044689492,0,0,0,0,0,0,0,0,0,0,0,0,0,0,0
10.070341722332,0.323413261028546,0.115856620221334,-0.0217222086426137,0,0,0,0,0,0,0,0,0,0,0,0,0,0,0
10.0803423963405,0.324570813584565,0.11563774084745,-0.022050494377439,0,0,0,0,0,0,0,0,0,0,0,0,0,0,0
10.0903430703491,0.325726160805048,0.11541558507174,-0.0223774414851618,0,0,0,0,0,0,0,0,0,0,0,0,0,0,0
10.1003437443576,0.326879269991045,0.115190166382039,-0.0227030298470548,0,0,0,0,0,0,0,0,0,0,0,0,0,0,0
10.1103444183662,0.328030108579498,0.114961498467025,-0.0230272394150476,0,0,0,0,0,0,0,0,0,0,0,0,0,0,0
10.1203450923747,0.329178644145246,0.114729595215515,-0.0233500502128497,0,0,0,0,0,0,0,0,0,0,0,0,0,0,0
10.1303457663833,0.330324844403024,0.11449447071574,-0.0236714423370711,0,0,0,0,0,0,0,0,0,0,0,0,0,0,0
10.1403464403918,0.331468677209451,0.114256139254606,-0.0239913959583435,0,0,0,0,0,0,0,0,0,0,0,0,0,0,0
10.1503471144003,0.332610110565016,0.114014615316954,-0.0243098913224427,0,0,0,0,0,0,0,0,0,0,0,0,0,0,0
10.1603477884089,0.333749112616055,0.1137699135848,-0.02462690875141,0,0,0,0,0,0,0,0,0,0,0,0,0,0,0
10.1703484624174,0.334885651656714,0.113522048936564,-0.0249424286446729,0,0,0,0,0,0,0,0,0,0,0,0,0,0,0
10.180349136426,0.336019696130913,0.113271036446295,-0.0252564314801682,0,0,0,0,0,0,0,0,0,0,0,0,0,0,0
10.1903498104345,0.337151214634297,0.113016891382881,-0.0255688978154614,0,0,0,0,0,0,0,0,0,0,0,0,0,0,0
10.2003504844431,0.338280175916182,0.11275962920924,-0.0258798082888711,0,0,0,0,0,0,0,0,0,0,0,0,0,0,0
10.2103511584516,0.33940654888149,0.112499265581515,-0.0261891436205872,0,0,0,0,0,0,0,0,0,0,0,0,0,0,0
10.2203518324602,0.340530302592678,0.112235816348244,-0.0264968846137954,0,0,0,0,0,0,0,0,0,0,0,0,0,0,0
10.2303525064687,0.341651406271658,0.111969297549528,-0.0268030121557971,0,0,0,0,0,0,0,0,0,0,0,0,0,0,0
10.2403531804772,0.342769829301706,0.111699725416181,-0.0271075072191312,0,0,0,0,0,0,0,0,0,0,0,0,0,0,0
10.2503538544858,0.343885541229371,0.111427116368876,-0.0274103508626964,0,0,0,0,0,0,0,0,0,0,0,0,0,0,0
10.2603545284943,0.34499851176636,0.111151487017269,-0.027711524232872,0,0,0,0,0,0,0,0,0,0,0,0,0,0,0
10.2703552025029,0.346108710791436,0.110872854159128,-0.0280110085646385,0,0,0,0,0,0,0,0,0,0,0,0,0,0,0
10.2803558765114,0.347216108352282,0.110591234779431,-0.028308785182702,0,0,0,0,0,0,0,0,0,0,0,0,0,0,0
10.29035655052,0.348320674667377,0.110306646049473,-0.0286048355026131,0,0,0,0,0,0,0,0,0,0,0,0,0,0,0
10.3003572245285,0.349422380127853,0.110019105325943,-0.0288991410318894,0,0,0,0,0,0,0,0,0,0,0,0,0,0,0
10.3103578985371,0.350521195299342,0.109728630150005,-0.029191683371137,0,0,0,0,0,0,0,0,0,0,0,0,0,0,0
10.3203585725456,0.35161709092382,0.10943523824636,-0.0294824442151723,0,0,0,0,0,0,0,0,0,0,0,0,0,0,0
10.3303592465541,0.352710037921434,0.109138947522295,-0.0297714053541433,0,0,0,0,0,0,0,0,0,0,0,0,0,0,0
10.3403599205627,0.353800007392327,0.108839776066728,-0.0300585486746508,0,0,0,0,0,0,0,0,0,0,0,0,0,0,0
10.3503605945712,0.354886970618444,0.108537742149236,-0.0303438561608711,0,0,0,0,0,0,0,0,0,0,0,0,0,0,0
10.3603612685798,0.355970899065341,0.108232864219074,-0.0306273098956751,0,0,0,0,0,0,0,0,0,0,0,0,0,0,0
10.3703619425883,0.357051764383972,0.10792516090418,-0.030908892061754,0,0,0,0,0,0,0,0,0,0,0,0,0,0,0
10.3803626165969,0.358129538412472,0.107614651010177,-0.0311885849427356,0,0,0,0,0,0,0,0,0,0,0,0,0,0,0
10.3903632906054,0.359204193177929,0.107301353519351,-0.0314663709243113,0,0,0,0,0,0,0,0,0,0,0,0,0,0,0
10.400363964614,0.360275700898146,0.10698528758963,-0.0317422324953526,0,0,0,0,0,0,0,0,0,0,0,0,0,0,0
10.4103646386225,0.361344033983393,0.106666472553544,-0.0320161522490368,0,0,0,0,0,0,0,0,0,0,0,0,0,0,0
10.420365312631,0.362409165038145,0.106344927917177,-0.032288112883965,0,0,0,0,0,0,0,0,0,0,0,0,0,0,0
10.4303659866396,0.363471066862816,0.106020673359105,-0.0325580972052879,0,0,0,0,0,0,0,0,0,0,0,0,0,0,0
10.4403666606481,0.364529712455478,0.105693728729329,-0.0328260881258216,0,0,0,0,0,0,0,0,0,0,0,0,0,0,0
10.4503673346567,0.365585075013566,0.105364114048189,-0.0330920686671756,0,0,0,0,0,0,0,0,0,0,0,0,0,0,0
10.4603680086652,0.366637127935581,0.105031849505271,-0.0333560219608683,0,0,0,0,0,0,0,0,0,0,0,0,0,0,0
10.4703686826738,0.367685844822776,0.104696955458306,-0.0336179312494539,0,0,0,0,0,0,0,0,0,0,0,0,0,0,0
10.4803693566823,0.36873119948083,0.104359452432047,-0.0338777798876396,0,0,0,0,0,0,0,0,0,0,0,0,0,0,0
10.4903700306909,0.369773165921514,0.104019361117148,-0.0341355513434099,0,0,0,0,0,0,0,0,0,0,0,0,0,0,0
10.5003707046994,0.370811718364344,0.103676702369022,-0.0343912291991471,0,0,0,0,0,0,0,0,0,0,0,0,0,0,0
10.5103713787079,0.371846831238223,0.103331497206694,-0.0346447971527526,0,0,0,0,0,0,0,0,0,0,0,0,0,0,0
10.5203720527165,0.372878479183074,0.102983766811638,-0.0348962390187697,0,0,0,0,0,0,0,0,0,0,0,0,0,0,0
10.530372726725,0.373906637051453,0.102633532526604,-0.0351455387295028,0,0,0,0,0,0,0,0,0,0,0,0,0,0,0
10.5403734007336,0.374931279910162,0.10228081585444,-0.0353926803361422,0,0,0,0,0,0,0,0,0,0,0,0,0,0,0
10.5503740747421,0.375952383041842,0.101925638456889,-0.0356376480098823,0,0,0,0,0,0,0,0,0,0,0,0,0,0,0
10.5603747487507,0.376969921946551,0.101568022153391,-0.0358804260430459,0,0,0,0,0,0,0,0,0,0,0,0,0,0,0
10.5703754227592,0.377983872343345,0.101207988919863,-0.036120998850204,0,0,0,0,0,0,0,0,0,0,0,0,0,0,0
10.5803760967678,0.378994210171829,0.100845560887469,-0.0363593509692978,0,0,0,0,0,0,0,0,0,0,0,0,0,0,0
10.5903767707763,0.380000911593705,0.100480760341385,-0.0365954670627611,0,0,0,0,0,0,0,0,0,0,0,0,0,0,0
10.6003774447848,0.381003952994308,0.100113609719544,-0.0368293319186404,0,0,0,0,0,0,0,0,0,0,0,0,0,0,0
10.6103781187934,0.382003310984125,0.0997441316113766,-0.0370609304517171,0,0,0,0,0,0,0,0,0,0,0,0,0,0,0
10.6203787928019,0.382998962400306,0.0993723487565364,-0.0372902477046294,0,0,0,0,0,0,0,0,0,0,0,0,0,0,0
10.6303794668105,0.383990884308157,0.0989982840436182,-0.037517268848994,0,0,0,0,0,0,0,0,0,0,0,0,0,0,0
10.640380140819,0.384979054002627,0.0986219605088603,-0.0377419791865268,0,0,0,0,0,0,0,0,0,0,0,0,0,0,0
10.6503808148276,0.385963449009773,0.098243401334838,-0.0379643641501639,0,0,0,0,0,0,0,0,0,0,0,0,0,0,0
10.6603814888361,0.386944047088222,0.0978626298491476,-0.0381844093051862,0,0,0,0,0,0,0,0,0,0,0,0,0,0,0
10.6703821628447,0.387920826230611,0.0974796695230751,-0.0384021003503375,0,0,0,0,0,0,0,0,0,0,0,0,0,0,0
10.6803828368532,0.38889376466502,0.0970945439702555,-0.038617423118947,0,0,0,0,0,0,0,0,0,0,0,0,0,0,0
10.6903835108617,0.389862840856384,0.0967072769453247,-0.0388303635800522,0,0,0,0,0,0,0,0,0,0,0,0,0,0,0
10.7003841848703,0.390828033507904,0.0963178923425533,-0.0390409078395194,0,0,0,0,0,0,0,0,0,0,0,0,0,0,0
10.7103848588788,0.391789321562431,0.0959264141944734,-0.0392490421411649,0,0,0,0,0,0,0,0,0,0,0,0,0,0,0
10.7203855328874,0.39274668420384,0.0955328666704942,-0.039454752867877,0,0,0,0,0,0,0,0,0,0,0,0,0,0,0
10.7303862068959,0.393700100858399,0.0951372740755039,-0.0396580265427382,0,0,0,0,0,0,0,0,0,0,0,0,0,0,0
10.7403868809045,0.394649551196112,0.0947396608484661,-0.0398588498301455,0,0,0,0,0,0,0,0,0,0,0,0,0,0,0
10.750387554913,0.395595015132052,0.0943400515609952,-0.0400572095369326,0,0,0,0,0,0,0,0,0,0,0,0,0,0,0
10.7603882289216,0.396536472827684,0.0939384709159312,-0.0402530926134917,0,0,0,0,0,0,0,0,0,0,0,0,0,0,0
10.7703889029301,0.397473904692167,0.0935349437458949,-0.0404464861548946,0,0,0,0,0,0,0,0,0,0,0,0,0,0,0
10.7803895769386,0.398407291383645,0.093129495011838,-0.0406373774020137,0,0,0,0,0,0,0,0,0,0,0,0,0,0,0
10.7903902509472,0.399336613810527,0.0927221498015785,-0.0408257537426457,0,0,0,0,0,0,0,0,0,0,0,0,0,0,0
10.8003909249557,0.400261853132742,0.0923129333283249,-0.0410116027126303,0,0,0,0,0,0,0,0,0,0,0,0,0,0,0
10.8103915989643,0.40118299076299,0.0919018709291905,-0.041194911996974,0,0,0,0,0,0,0,0,0,0,0,0,0,0,0
10.8203922729728,0.402100008367975,0.0914889880636979,-0.0413756694309704,0,0,0,0,0,0,0,0,0,0,0,0,0,0,0
10.8303929469814,0.403012887869614,0.091074310312267,-0.041553863001322,0,0,0,0,0,0,0,0,0,0,0,0,0,0,0
10.8403936209899,0.403921611446249,0.0906578633746978,-0.0417294808472627,0,0,0,0,0,0,0,0,0,0,0,0,0,0,0
10.8503942949985,0.404826161533824,0.0902396730686387,-0.0419025112616776,0,0,0,0,0,0,0,0,0,0,0,0,0,0,0
10.860394969007,0.405726520827063,0.089819765328044,-0.0420729426922252,0,0,0,0,0,0,0,0,0,0,0,0,0,0,0
10.8703956430155,0.406622672280618,0.0893981662016201,-0.0422407637424604,0,0,0,0,0,0,0,0,0,0,0,0,0,0,0
10.8803963170241,0.407514599110218,0.088974901851262,-0.0424059631729544,0,0,0,0,0,0,0,0,0,0,0,0,0,0,0
10.8903969910326,0.408402284793783,0.0885499985504776,-0.0425685299024164,0,0,0,0,0,0,0,0,0,0,0,0,0,0,0
10.9003976650412,0.409285713072541,0.0881234826827969,-0.0427284530088159,0,0,0,0,0,0,0,0,0,0,0,0,0,0,0
10.9103983390497,0.410164867952115,0.0876953807401795,-0.0428857217305035,0,0,0,0,0,0,0,0,0,0,0,0,0,0,0
10.9203990130583,0.411039733703601,0.0872657193214008,-0.0430403254673321,0,0,0,0,0,0,0,0,0,0,0,0,0,0,0
10.9303996870668,0.411910294864627,0.0868345251304325,-0.0431922537817813,0,0,0,0,0,0,0,0,0,0,0,0,0,0,0
10.9404003610754,0.412776536240402,0.0864018249748107,-0.0433414964000746,0,0,0,0,0,0,0,0,0,0,0,0,0,0,0
10.9504010350839,0.413638442904733,0.0859676457639938,-0.0434880432133036,0,0,0,0,0,0,0,0,0,0,0,0,0,0,0
10.9604017090924,0.414496000201048,0.0855320145077061,-0.0436318842785501,0,0,0,0,0,0,0,0,0,0,0,0,0,0,0
10.970402383101,0.415349193743383,0.0850949583142721,-0.0437730098200049,0,0,0,0,0,0,0,0,0,0,0,0,0,0,0
10.9804030571095,0.416198009417361,0.0846565043889428,-0.0439114102300927,0,0,0,0,0,0,0,0,0,0,0,0,0,0,0
10.9904037311181,0.417042433381153,0.0842166800322043,-0.0440470760705913,0,0,0,0,0,0,0,0,0,0,0,0,0,0,0
11.0004044051266,0.417882452066425,0.0837755126380798,-0.0441799980737537,0,0,0,0,0,0,0,0,0,0,0,0,0,0,0
11.0104050791352,0.41871805217926,0.0833330296924194,-0.0443101671434299,0,0,0,0,0,0,0,0,0,0,0,0,0,0,0
11.0204057531437,0.419549220701071,0.0828892587711783,-0.0444375743561881,0,0,0,0,0,0,0,0,0,0,0,0,0,0,0
11.0304064271523,0.420375944889491,0.0824442275386828,-0.0445622109624374,0,0,0,0,0,0,0,0,0,0,0,0,0,0,0
11.0404071011608,0.421198212279251,0.0819979637458886,-0.0446840683875472,0,0,0,0,0,0,0,0,0,0,0,0,0,0,0
11.0504077751693,0.422016010683037,0.0815504952286226,-0.0448031382329717,0,0,0,0,0,0,0,0,0,0,0,0,0,0,0
11.0604084491779,0.422829328192326,0.0811018499058178,-0.0449194122773676,0,0,0,0,0,0,0,0,0,0,0,0,0,0,0
11.0704091231864,0.423638153178215,0.0806520557777363,-0.0450328824777191,0,0,0,0,0,0,0,0,0,0,0,0,0,0,0
11.080409797195,0.424442474292219,0.0802011409241792,-0.045143540970459,0,0,0,0,0,0,0,0,0,0,0,0,0,0,0
11.0904104712035,0.42524228046706,0.0797491335026854,-0.0452513800725864,0,0,0,0,0,0,0,0,0,0,0,0,0,0,0
11.1004111452121,0.426037560917438,0.0792960617467222,-0.0453563922827956,0,0,0,0,0,0,0,0,0,0,0,0,0,0,0
11.1104118192206,0.426828305140777,0.0788419539638628,-0.0454585702825885,0,0,0,0,0,0,0,0,0,0,0,0,0,0,0
11.1204124932291,0.427614502917959,0.0783868385339496,-0.0455579069374047,0,0,0,0,0,0,0,0,0,0,0,0,0,0,0
11.1304131672377,0.428396144314037,0.0779307439072527,-0.0456543952977368,0,0,0,0,0,0,0,0,0,0,0,0,0,0,0
11.1404138412462,0.429173219678931,0.0774736986026117,-0.0457480286002573,0,0,0,0,0,0,0,0,0,0,0,0,0,0,0
11.1504145152548,0.429945719648103,0.077015731205567,-0.0458388002689332,0,0,0,0,0,0,0,0,0,0,0,0,0,0,0
11.1604151892633,0.430713635143216,0.0765568703664833,-0.0459267039161559,0,0,0,0,0,0,0,0,0,0,0,0,0,0,0
11.1704158632719,0.431476957372773,0.0760971447986612,-0.0460117333438555,0,0,0,0,0,0,0,0,0,0,0,0,0,0,0
11.1804165372804,0.432235677832732,0.0756365832764286,-0.0460938825446264,0,0,0,0,0,0,0,0,0,0,0,0,0,0,0
11.190417211289,0.432989788307117,0.0751752146332382,-0.0461731457028473,0,0,0,0,0,0,0,0,0,0,0,0,0,0,0
11.2004178852975,0.433739280868589,0.0747130677597376,-0.0462495171958044,0,0,0,0,0,0,0,0,0,0,0,0,0,0,0
11.2104185593061,0.434484147879014,0.0742501716018353,-0.0463229915948107,0,0,0,0,0,0,0,0,0,0,0,0,0,0,0
11.2204192333146,0.435224381990007,0.0737865551587556,-0.046393563666329,0,0,0,0,0,0,0,0,0,0,0,0,0,0,0
11.2304199073231,0.435959976143451,0.0733222474810829,-0.046461228373092,0,0,0,0,0,0,0,0,0,0,0,0,0,0,0
11.2404205813317,0.436690923572002,0.0728572776687899,-0.0465259808752274,0,0,0,0,0,0,0,0,0,0,0,0,0,0,0
11.2504212553402,0.437417217799577,0.0723916748692586,-0.0465878165313746,0,0,0,0,0,0,0,0,0,0,0,0,0,0,0
11.2604219293488,0.438138852641814,0.0719254682752936,-0.0466467308998094,0,0,0,0,0,0,0,0,0,0,0,0,0,0,0
11.2704226033573,0.438855822206516,0.071458687123114,-0.0467027197395647,0,0,0,0,0,0,0,0,0,0,0,0,0,0,0
11.2804232773659,0.439568120894078,0.070991360690344,-0.0467557790115529,0,0,0,0,0,0,0,0,0,0,0,0,0,0,0
11.2904239513744,0.440275743397891,0.0705235182939881,-0.0468059048796856,0,0,0,0,0,0,0,0,0,0,0,0,0,0,0
11.300424625383,0.440978684704722,0.0700551892883935,-0.0468530937119957,0,0,0,0,0,0,0,0,0,0,0,0,0,0,0
11.3104252993915,0.44167694009508,0.069586403063203,-0.0468973420817625,0,0,0,0,0,0,0,0,0,0,0,0,0,0,0
11.3204259734,0.442370505143558,0.0691171890413001,-0.0469386467686259,0,0,0,0,0,0,0,0,0,0,0,0,0,0,0
11.3304266474086,0.443059375719156,0.0686475766767366,-0.0469770047597156,0,0,0,0,0,0,0,0,0,0,0,0,0,0,0
11.3404273214171,0.443743547985581,0.068177595452653,-0.0470124132507675,0,0,0,0,0,0,0,0,0,0,0,0,0,0,0
11.3504279954257,0.44442301840153,0.067707274879187,-0.0470448696472483,0,0,0,0,0,0,0,0,0,0,0,0,0,0,0
11.3604286694342,0.445097783720943,0.0672366444913685,-0.0470743715654741,0,0,0,0,0,0,0,0,0,0,0,0,0,0,0
11.3704293434428,0.445767840993249,0.0667657338470079,-0.0471009168337357,0,0,0,0,0,0,0,0,0,0,0,0,0,0,0
11.3804300174513,0.446433187563581,0.0662945725245706,-0.0471245034934163,0,0,0,0,0,0,0,0,0,0,0,0,0,0,0
11.3904306914598,0.447093821072968,0.0658231901210364,-0.047145129800117,0,0,0,0,0,0,0,0,0,0,0,0,0,0,0
11.4004313654684,0.447749739458516,0.0653516162497569,-0.0471627942247726,0,0,0,0,0,0,0,0,0,0,0,0,0,0,0
11.4104320394769,0.448400940953554,0.0648798805382928,-0.0471774954547811,0,0,0,0,0,0,0,0,0,0,0,0,0,0,0
11.4204327134855,0.44904742408777,0.0644080126262469,-0.047189232395117,0,0,0,0,0,0,0,0,0,0,0,0,0,0,0
11.430433387494,0.44968918768732,0.0639360421630766,-0.0471980041694602,0,0,0,0,0,0,0,0,0,0,0,0,0,0,0
11.4404340615026,0.450326230874912,0.0634639988059072,-0.0472038101213111,0,0,0,0,0,0,0,0,0,0,0,0,0,0,0
11.4504347355111,0.450958553069878,0.0629919122173256,-0.0472066498151167,0,0,0,0,0,0,0,0,0,0,0,0,0,0,0
11.4604354095197,0.451586153988211,0.0625198120631644,-0.0472065230373901,0,0,0,0,0,0,0,0,0,0,0,0,0,0,0
11.4704360835282,0.452209033642591,0.062047728010276,-0.0472034297978333,0,0,0,0,0,0,0,0,0,0,0,0,0,0,0
11.4804367575367,0.452827192342381,0.0615756897242952,-0.0471973703304563,0,0,0,0,0,0,0,0,0,0,0,0,0,0,0
11.4904374315453,0.453440630693607,0.061103726867391,-0.0471883450947023,0,0,0,0,0,0,0,0,0,0,0,0,0,0,0
11.5004381055538,0.454049349598907,0.060631869096004,-0.0471763547765667,0,0,0,0,0,0,0,0,0,0,0,0,0,0,0
11.5104387795624,0.454653350257467,0.0601601460585808,-0.0471614002897177,0,0,0,0,0,0,0,0,0,0,0,0,0,0,0
11.5204394535709,0.455252634164928,0.0596885873932825,-0.0471434827766212,0,0,0,0,0,0,0,0,0,0,0,0,0,0,0
11.5304401275795,0.455847203113273,0.0592172227256981,-0.0471226036096593,0,0,0,0,0,0,0,0,0,0,0,0,0,0,0
11.540440801588,0.456437059190685,0.0587460816665399,-0.0470987643922553,0,0,0,0,0,0,0,0,0,0,0,0,0,0,0
11.5504414755966,0.457022204781391,0.0582751938093218,-0.0470719669599895,0,0,0,0,0,0,0,0,0,0,0,0,0,0,0
11.5604421496051,0.45760264256548,0.0578045887280342,-0.0470422133817278,0,0,0,0,0,0,0,0,0,0,0,0,0,0,0
11.5704428236136,0.458178375518692,0.0573342959748114,-0.0470095059607357,0,0,0,0,0,0,0,0,0,0,0,0,0,0,0
11.5804434976222,0.458749406912187,0.0568643450775714,-0.0469738472358087,0,0,0,0,0,0,0,0,0,0,0,0,0,0,0
11.5904441716307,0.459315740312297,0.0563947655376629,-0.0469352399823852,0,0,0,0,0,0,0,0,0,0,0,0,0,0,0
11.6004448456393,0.459877379580241,0.0559255868274906,-0.0468936872136735,0,0,0,0,0,0,0,0,0,0,0,0,0,0,0
11.6104455196478,0.460434328871829,0.0554568383881303,-0.0468491921817709,0,0,0,0,0,0,0,0,0,0,0,0,0,0,0
11.6204461936564,0.460986592637137,0.054988549626934,-0.0468017583787873,0,0,0,0,0,0,0,0,0,0,0,0,0,0,0
11.6304468676649,0.461534175620151,0.0545207499151299,-0.046751389537964,0,0,0,0,0,0,0,0,0,0,0,0,0,0,0
11.6404475416735,0.462077082858403,0.0540534685853964,-0.0466980896347982,0,0,0,0,0,0,0,0,0,0,0,0,0,0,0
11.650448215682,0.462615319682566,0.0535867349294413,-0.0466418628881617,0,0,0,0,0,0,0,0,0,0,0,0,0,0,0
11.6604488896905,0.463148891716034,0.053120578195555,-0.0465827137614248,0,0,0,0,0,0,0,0,0,0,0,0,0,0,0
11.6704495636991,0.46367780487448,0.0526550275861711,-0.0465206469635768,0,0,0,0,0,0,0,0,0,0,0,0,0,0,0
11.6804502377076,0.464202065365378,0.0521901122553903,-0.0464556674503468,0,0,0,0,0,0,0,0,0,0,0,0,0,0,0
11.6904509117162,0.464721679687513,0.0517258613065171,-0.0463877804253281,0,0,0,0,0,0,0,0,0,0,0,0,0,0,0
11.7004515857247,0.465236654630456,0.0512623037895735,-0.046316991341095,0,0,0,0,0,0,0,0,0,0,0,0,0,0,0
11.7104522597333,0.465746997274022,0.0507994686988005,-0.0462433059003294,0,0,0,0,0,0,0,0,0,0,0,0,0,0,0
11.7204529337418,0.4662527149877,0.0503373849701526,-0.0461667300569388,0,0,0,0,0,0,0,0,0,0,0,0,0,0,0
11.7304536077504,0.466753815430054,0.0498760814787838,-0.0460872700171794,0,0,0,0,0,0,0,0,0,0,0,0,0,0,0
11.7404542817589,0.467250306548105,0.0494155870365124,-0.0460049322407769,0,0,0,0,0,0,0,0,0,0,0,0,0,0,0
11.7504549557674,0.467742196576686,0.0489559303892819,-0.0459197234420503,0,0,0,0,0,0,0,0,0,0,0,0,0,0,0
11.760455629776,0.468229494037766,0.0484971402146124,-0.0458316505910288,0,0,0,0,0,0,0,0,0,0,0,0,0,0,0
11.7704563037845,0.468712207739758,0.0480392451190354,-0.0457407209145783,0,0,0,0,0,0,0,0,0,0,0,0,0,0,0
11.7804569777931,0.469190346776793,0.0475822736355185,-0.0456469418975198,0,0,0,0,0,0,0,0,0,0,0,0,0,0,0
11.7904576518016,0.469663920527972,0.0471262542208839,-0.0455503212837533,0,0,0,0,0,0,0,0,0,0,0,0,0,0,0
11.8004583258102,0.470132938656593,0.0466712152532061,-0.0454508670773758,0,0,0,0,0,0,0,0,0,0,0,0,0,0,0
11.8104589998187,0.470597411109346,0.0462171850292114,-0.0453485875438074,0,0,0,0,0,0,0,0,0,0,0,0,0,0,0
11.8204596738273,0.471057348115496,0.0457641917616521,-0.0452434912109087,0,0,0,0,0,0,0,0,0,0,0,0,0,0,0
11.8304603478358,0.471512760186016,0.0453122635766815,-0.0451355868701063,0,0,0,0,0,0,0,0,0,0,0,0,0,0,0
11.8404610218443,0.471963658112723,0.0448614285112055,-0.0450248835775088,0,0,0,0,0,0,0,0,0,0,0,0,0,0,0
11.8504616958529,0.472410052967357,0.0444117145102408,-0.0449113906550355,0,0,0,0,0,0,0,0,0,0,0,0,0,0,0
11.8604623698614,0.472851956100663,0.0439631494242411,-0.0447951176915316,0,0,0,0,0,0,0,0,0,0,0,0,0,0,0
11.87046304387,0.473289379141422,0.0435157610064256,-0.0446760745438939,0,0,0,0,0,0,0,0,0,0,0,0,0,0,0
11.8804637178785,0.473722333995467,0.0430695769100941,-0.0445542713381899,0,0,0,0,0,0,0,0,0,0,0,0,0,0,0
11.8904643918871,0.474150832844678,0.0426246246859287,-0.0444297184707809,0,0,0,0,0,0,0,0,0,0,0,0,0,0,0
11.9004650658956,0.474574888145929,0.0421809317792848,-0.0443024266094421,0,0,0,0,0,0,0,0,0,0,0,0,0,0,0
11.9104657399042,0.474994512630031,0.0417385255274676,-0.0441724066944854,0,0,0,0,0,0,0,0,0,0,0,0,0,0,0
11.9204664139127,0.475409719300636,0.0412974331570087,-0.0440396699398806,0,0,0,0,0,0,0,0,0,0,0,0,0,0,0
11.9304670879212,0.475820521433112,0.0408576817809175,-0.0439042278343781,0,0,0,0,0,0,0,0,0,0,0,0,0,0,0
11.9404677619298,0.476226932573399,0.0404192983959285,-0.0437660921426268,0,0,0,0,0,0,0,0,0,0,0,0,0,0,0
11.9504684359383,0.476628966536825,0.0399823098797396,-0.0436252749062991,0,0,0,0,0,0,0,0,0,0,0,0,0,0,0
11.9604691099469,0.477026637406912,0.039546742988233,-0.0434817884452108,0,0,0,0,0,0,0,0,0,0,0,0,0,0,0
11.9704697839554,0.477419959534135,0.0391126243526883,-0.0433356453584455,0,0,0,0,0,0,0,0,0,0,0,0,0,0,0
11.980470457964,0.477808947534663,0.0386799804769865,-0.0431868585254713,0,0,0,0,0,0,0,0,0,0,0,0,0,0,0
11.9904711319725,0.47819361628908,0.0382488377347965,-0.0430354411072658,0,0,0,0,0,0,0,0,0,0,0,0,0,0,0
12.0004718059811,0.478573980941053,0.0378192223667556,-0.042881406547438,0,0,0,0,0,0,0,0,0,0,0,0,0,0,0
12.0104724799896,0.478950056896,0.0373911604776421,-0.0427247685733466,0,0,0,0,0,0,0,0,0,0,0,0,0,0,0
12.0204731539981,0.479321859819715,0.036964678033525,-0.0425655411972247,0,0,0,0,0,0,0,0,0,0,0,0,0,0,0
12.0304738280067,0.479689405636964,0.0365398008589107,-0.0424037387173008,0,0,0,0,0,0,0,0,0,0,0,0,0,0,0
12.0404745020152,0.480052710530051,0.0361165546338835,-0.0422393757189187,0,0,0,0,0,0,0,0,0,0,0,0,0,0,0
12.0504751760238,0.480411790937371,0.0356949648912189,-0.0420724670756592,0,0,0,0,0,0,0,0,0,0,0,0,0,0,0
12.0604758500323,0.48076666355191,0.0352750570135053,-0.0419030279504665,0,0,0,0,0,0,0,0,0,0,0,0,0,0,0
12.0704765240409,0.481117345319736,0.0348568562302381,-0.0417310737967605,0,0,0,0,0,0,0,0,0,0,0,0,0,0,0
12.0804771980494,0.481463853438452,0.0344403876149084,-0.0415566203595688,0,0,0,0,0,0,0,0,0,0,0,0,0,0,0
12.090477872058,0.481806205355619,0.034025676082088,-0.0413796836766396,0,0,0,0,0,0,0,0,0,0,0,0,0,0,0
12.1004785460665,0.482144418767156,0.0336127463844896,-0.0412002800795684,0,0,0,0,0,0,0,0,0,0,0,0,0,0,0
12.110479220075,0.482478511615702,0.0332016231100247,-0.0410184261949162,0,0,0,0,0,0,0,0,0,0,0,0,0,0,0
12.1204798940836,0.482808502088954,0.0327923306788475,-0.0408341389453361,0,0,0,0,0,0,0,0,0,0,0,0,0,0,0
12.1304805680921,0.483134408617979,0.0323848933403924,-0.0406474355506874,0,0,0,0,0,0,0,0,0,0,0,0,0,0,0
12.1404812421007,0.483456249875488,0.0319793351703924,-0.0404583335291656,0,0,0,0,0,0,0,0,0,0,0,0,0,0,0
12.1504819161092,0.483774044774083,0.0315756800678839,-0.0402668506984143,0,0,0,0,0,0,0,0,0,0,0,0,0,0,0
12.1604825901178,0.484087812464477,0.0311739517522212,-0.0400730051766577,0,0,0,0,0,0,0,0,0,0,0,0,0,0,0
12.1704832641263,0.484397572333684,0.0307741737600518,-0.0398768153838125,0,0,0,0,0,0,0,0,0,0,0,0,0,0,0
12.1804839381349,0.48470334400317,0.0303763694423011,-0.0396783000426167,0,0,0,0,0,0,0,0,0,0,0,0,0,0,0
12.1904846121434,0.485005147326987,0.0299805619611304,-0.0394774781797439,0,0,0,0,0,0,0,0,0,0,0,0,0,0,0
12.2004852861519,0.485303002389867,0.0295867742869054,-0.0392743691269324,0,0,0,0,0,0,0,0,0,0,0,0,0,0,0
12.2104859601605,0.485596929505291,0.0291950291951222,-0.0390689925221014,0,0,0,0,0,0,0,0,0,0,0,0,0,0,0
12.220486634169,0.485886949213521,0.0288053492633554,-0.0388613683104746,0,0,0,0,0,0,0,0,0,0,0,0,0,0,0
12.2304873081776,0.486173082279608,0.0284177568681699,-0.0386515167457022,0,0,0,0,0,0,0,0,0,0,0,0,0,0,0
12.2404879821861,0.486455349691367,0.0280322741820328,-0.0384394583909813,0,0,0,0,0,0,0,0,0,0,0,0,0,0,0
12.2504886561947,0.486733772657318,0.027648923170215,-0.0382252141201779,0,0,0,0,0,0,0,0,0,0,0,0,0,0,0
12.2604893302032,0.487008372604597,0.0272677255876772,-0.0380088051189481,0,0,0,0,0,0,0,0,0,0,0,0,0,0,0
12.2704900042118,0.487279171176847,0.0268887029759408,-0.0377902528858601,0,0,0,0,0,0,0,0,0,0,0,0,0,0,0
12.2804906782203,0.487546190232052,0.026511876659961,-0.0375695792335162,0,0,0,0,0,0,0,0,0,0,0,0,0,0,0
12.2904913522288,0.487809451840368,0.0261372677449807,-0.0373468062896747,0,0,0,0,0,0,0,0,0,0,0,0,0,0,0
12.3004920262374,0.488068978281908,0.0257648971133625,-0.0371219564983666,0,0,0,0,0,0,0,0,0,0,0,0,0,0,0
12.3104927002459,0.488324792044488,0.0253947854214312,-0.0368950526210272,0,0,0,0,0,0,0,0,0,0,0,0,0,0,0
12.3204933742545,0.488576915821367,0.025026953096293,-0.0366661177376042,0,0,0,0,0,0,0,0,0,0,0,0,0,0,0
12.330494048263,0.488825372508923,0.0246614203326349,-0.0364351752476944,0,0,0,0,0,0,0,0,0,0,0,0,0,0,0
12.3404947222716,0.489070185204318,0.0242982070895353,-0.0362022488716508,0,0,0,0,0,0,0,0,0,0,0,0,0,0,0
12.3504953962801,0.489311377203134,0.0239373330872402,-0.0359673626517159,0,0,0,0,0,0,0,0,0,0,0,0,0,0,0
12.3604960702887,0.489548971996953,0.0235788178039472,-0.0357305409531342,0,0,0,0,0,0,0,0,0,0,0,0,0,0,0
12.3704967442972,0.48978299327093,0.0232226804725608,-0.0354918084652803,0,0,0,0,0,0,0,0,0,0,0,0,0,0,0
12.3804974183057,0.490013464901327,0.0228689400774534,-0.0352511902027749,0,0,0,0,0,0,0,0,0,0,0,0,0,0,0
12.3904980923143,0.490240410953002,0.0225176153511997,-0.0350087115066136,0,0,0,0,0,0,0,0,0,0,0,0,0,0,0
12.4004987663228,0.490463855676878,0.0221687247713113,-0.0347643980452803,0,0,0,0,0,0,0,0,0,0,0,0,0,0,0
12.4104994403314,0.49068382350738,0.0218222865569591,-0.0345182758158745,0,0,0,0,0,0,0,0,0,0,0,0,0,0,0
12.4205001143399,0.490900339059826,0.0214783186656762,-0.0342703711452299,0,0,0,0,0,0,0,0,0,0,0,0,0,0,0
12.4305007883485,0.491113427127807,0.0211368387900527,-0.0340207106910384,0,0,0,0,0,0,0,0,0,0,0,0,0,0,0
12.440501462357,0.491323112680509,0.0207978643544273,-0.033769321442969,0,0,0,0,0,0,0,0,0,0,0,0,0,0,0
12.4505021363656,0.491529420860014,0.0204614125115608,-0.0335162307237899,0,0,0,0,0,0,0,0,0,0,0,0,0,0,0
12.4605028103741,0.491732376978577,0.0201275001392948,-0.0332614661904939,0,0,0,0,0,0,0,0,0,0,0,0,0,0,0
12.4705034843826,0.491932006515853,0.0197961438372063,-0.0330050558354123,0,0,0,0,0,0,0,0,0,0,0,0,0,0,0
12.4805041583912,0.492128335116097,0.0194673599232515,-0.032747027987345,0,0,0,0,0,0,0,0,0,0,0,0,0,0,0
12.4905048323997,0.492321388585336,0.0191411644303888,-0.0324874113126741,0,0,0,0,0,0,0,0,0,0,0,0,0,0,0
12.5005055064083,0.492511192888492,0.0188175731032037,-0.0322262348164934,0,0,0,0,0,0,0,0,0,0,0,0,0,0,0
12.5105061804168,0.492697774146492,0.0184966013945136,-0.0319635278437234,0,0,0,0,0,0,0,0,0,0,0,0,0,0,0
12.5205068544254,0.49288115863333,0.0181782644619601,-0.0316993200802356,0,0,0,0,0,0,0,0,0,0,0,0,0,0,0
12.5305075284339,0.49306137277309,0.0178625771645957,-0.0314336415539724,0,0,0,0,0,0,0,0,0,0,0,0,0,0,0
12.5405082024425,0.493238443136953,0.0175495540594625,-0.0311665226360744,0,0,0,0,0,0,0,0,0,0,0,0,0,0,0
12.550508876451,0.49341239644016,0.0172392093981441,-0.0308979940419913,0,0,0,0,0,0,0,0,0,0,0,0,0,0,0
12.5605095504595,0.493583259538926,0.0169315571233307,-0.0306280868326172,0,0,0,0,0,0,0,0,0,0,0,0,0,0,0
12.5705102244681,0.493751059427353,0.0166266108653433,-0.0303568324153965,0,0,0,0,0,0,0,0,0,0,0,0,0,0,0
12.5805108984766,0.493915823234273,0.0163243839386703,-0.0300842625454593,0,0,0,0,0,0,0,0,0,0,0,0,0,0,0
12.5905115724852,0.494077578220079,0.0160248893384894,-0.0298104093267353,0,0,0,0,0,0,0,0,0,0,0,0,0,0,0
12.6005122464937,0.494236351773518,0.0157281397371643,-0.0295353052130796,0,0,0,0,0,0,0,0,0,0,0,0,0,0,0
12.6105129205023,0.494392171408432,0.0154341474807451,-0.0292589830093863,0,0,0,0,0,0,0,0,0,0,0,0,0,0,0
12.6205135945108,0.49454506476049,0.0151429245854495,-0.028981475872722,0,0,0,0,0,0,0,0,0,0,0,0,0,0,0
12.6305142685194,0.494695059583869,0.0148544827341374,-0.0287028173134375,0,0,0,0,0,0,0,0,0,0,0,0,0,0,0
12.6405149425279,0.494842183747899,0.0145688332727756,-0.0284230411962936,0,0,0,0,0,0,0,0,0,0,0,0,0,0,0
12.6505156165364,0.494986465233679,0.0142859872068757,-0.0281421817415821,0,0,0,0,0,0,0,0,0,0,0,0,0,0,0
12.660516290545,0.495127932130655,0.0140059551979465,-0.0278602735262471,0,0,0,0,0,0,0,0,0,0,0,0,0,0,0
12.6705169645535,0.49526661263315,0.0137287475599133,-0.0275773514850069,0,0,0,0,0,0,0,0,0,0,0,0,0,0,0
12.6805176385621,0.495402535036893,0.0134543742555407,-0.0272934509114748,0,0,0,0,0,0,0,0,0,0,0,0,0,0,0
12.6905183125706,0.495535727735472,0.0131828448928265,-0.0270086074592824,0,0,0,0,0,0,0,0,0,0,0,0,0,0,0
12.7005189865792,0.495666219216767,0.0129141687214122,-0.0267228571431976,0,0,0,0,0,0,0,0,0,0,0,0,0,0,0
12.7105196605877,0.495794038059366,0.0126483546289544,-0.0264362363402498,0,0,0,0,0,0,0,0,0,0,0,0,0,0,0
12.7205203345962,0.495919212928903,0.0123854111374919,-0.0261487817908502,0,0,0,0,0,0,0,0,0,0,0,0,0,0,0
12.7305210086048,0.496041772574396,0.0121253463998236,-0.0258605305999135,0,0,0,0,0,0,0,0,0,0,0,0,0,0,0
12.7405216826133,0.496161745824543,0.0118681681958386,-0.0255715202379789,0,0,0,0,0,0,0,0,0,0,0,0,0,0,0
12.7505223566219,0.496279161583954,0.0116138839288652,-0.0252817885423305,0,0,0,0,0,0,0,0,0,0,0,0,0,0,0
12.7605230306304,0.496394048829395,0.0113625006219987,-0.0249913737181218,0,0,0,0,0,0,0,0,0,0,0,0,0,0,0
12.770523704639,0.496506436605936,0.0111140249144064,-0.0247003143394973,0,0,0,0,0,0,0,0,0,0,0,0,0,0,0
12.7805243786475,0.496616354023111,0.0108684630576403,-0.024408649350707,0,0,0,0,0,0,0,0,0,0,0,0,0,0,0
12.7905250526561,0.496723830251032,0.0106258209119329,-0.0241164180672409,0,0,0,0,0,0,0,0,0,0,0,0,0,0,0
12.8005257266646,0.496828894516429,0.0103861039424671,-0.0238236601769363,0,0,0,0,0,0,0,0,0,0,0,0,0,0,0
12.8105264006731,0.496931576098706,0.0101493172156607,-0.0235304157411099,0,0,0,0,0,0,0,0,0,0,0,0,0,0,0
12.8205270746817,0.497031904325922,0.00991546539541842,-0.0232367251956736,0,0,0,0,0,0,0,0,0,0,0,0,0,0,0
12.8305277486902,0.497129908570749,0.00968455273937067,-0.0229426293522613,0,0,0,0,0,0,0,0,0,0,0,0,0,0,0
12.8405284226988,0.497225618246398,0.00945658309513736,-0.0226481693993427,0,0,0,0,0,0,0,0,0,0,0,0,0,0,0
12.8505290967073,0.497319062802484,0.00923155989652278,-0.0223533869033533,0,0,0,0,0,0,0,0,0,0,0,0,0,0,0
12.8605297707159,0.497410271720878,0.00900948615975341,-0.0220583238098094,0,0,0,0,0,0,0,0,0,0,0,0,0,0,0
12.8705304447244,0.497499274511518,0.00879036447966538,-0.0217630224444323,0,0,0,0,0,0,0,0,0,0,0,0,0,0,0
12.880531118733,0.497586100708167,0.00857419702590659,-0.0214675255142701,0,0,0,0,0,0,0,0,0,0,0,0,0,0,0
12.8905317927415,0.497670779864134,0.00836098553911765,-0.0211718761088214,0,0,0,0,0,0,0,0,0,0,0,0,0,0,0
12.90053246675,0.497753341547993,0.00815073132708878,-0.020876117701149,0,0,0,0,0,0,0,0,0,0,0,0,0,0,0
12.9105331407586,0.497833815339204,0.00794343526093608,-0.0205802941490125,0,0,0,0,0,0,0,0,0,0,0,0,0,0,0
12.9205338147671,0.497912230823736,0.00773909777123857,-0.0202844496959802,0,0,0,0,0,0,0,0,0,0,0,0,0,0,0
12.9305344887757,0.497988617589654,0.00753771884417161,-0.0199886289725577,0,0,0,0,0,0,0,0,0,0,0,0,0,0,0
12.9405351627842,0.498063005222643,0.00733929801763849,-0.0196928769973023,0,0,0,0,0,0,0,0,0,0,0,0,0,0,0
12.9505358367928,0.498135423301508,0.00714383437738759,-0.0193972391779527,0,0,0,0,0,0,0,0,0,0,0,0,0,0,0
12.9605365108013,0.498205901393638,0.00695132655309997,-0.0191017613125436,0,0,0,0,0,0,0,0,0,0,0,0,0,0,0
12.9705371848099,0.498274469050409,0.00676177271448821,-0.0188064895905306,0,0,0,0,0,0,0,0,0,0,0,0,0,0,0
12.9805378588184,0.498341155802597,0.00657517056738872,-0.0185114705939135,0,0,0,0,0,0,0,0,0,0,0,0,0,0,0
12.9905385328269,0.498405991155682,0.00639151734980584,-0.0182167512983525,0,0,0,0,0,0,0,0,0,0,0,0,0,0,0
13.0005392068355,0.498469004585169,0.00621080982798862,-0.0179223790742959,0,0,0,0,0,0,0,0,0,0,0,0,0,0,0
13.010539880844,0.498530225531855,0.00603304429247551,-0.017628401688094,0,0,0,0,0,0,0,0,0,0,0,0,0,0,0
13.0205405548526,0.498589683397036,0.00585821655411505,-0.0173348673031313,0,0,0,0,0,0,0,0,0,0,0,0,0,0,0
13.0305412288611,0.498647407537704,0.0056863219401076,-0.0170418244809354,0,0,0,0,0,0,0,0,0,0,0,0,0,0,0
13.0405419028697,0.498703427261688,0.00551735529000187,-0.0167493221823108,0,0,0,0,0,0,0,0,0,0,0,0,0,0,0
13.0505425768782,0.498757771822747,0.00535131095171786,-0.0164574097684519,0,0,0,0,0,0,0,0,0,0,0,0,0,0,0
13.0605432508868,0.498810470415642,0.00518818277750644,-0.0161661370020683,0,0,0,0,0,0,0,0,0,0,0,0,0,0,0
13.0705439248953,0.498861552171156,0.00502796411996178,-0.0158755540485038,0,0,0,0,0,0,0,0,0,0,0,0,0,0,0
13.0805445989038,0.49891104615108,0.00487064782796008,-0.0155857114768632,0,0,0,0,0,0,0,0,0,0,0,0,0,0,0
13.0905452729124,0.49895898134316,0.00471622624263334,-0.0152966602611265,0,0,0,0,0,0,0,0,0,0,0,0,0,0,0
13.1005459469209,0.49900538665598,0.00456469119331297,-0.0150084517812762,0,0,0,0,0,0,0,0,0,0,0,0,0,0,0
13.1105466209295,0.499050290913842,0.0044160339934602,-0.0147211378244146,0,0,0,0,0,0,0,0,0,0,0,0,0,0,0
13.120547294938,0.499093722851584,0.00427024543658528,-0.0144347705858929,0,0,0,0,0,0,0,0,0,0,0,0,0,0,0
13.1305479689466,0.499135711109349,0.00412731579216745,-0.0141494026704221,0,0,0,0,0,0,0,0,0,0,0,0,0,0,0
13.1405486429551,0.499176284227331,0.00398723480155453,-0.0138650870932018,0,0,0,0,0,0,0,0,0,0,0,0,0,0,0
13.1505493169637,0.499215470640481,0.00384999167384381,-0.0135818772810389,0,0,0,0,0,0,0,0,0,0,0,0,0,0,0
13.1605499909722,0.499253298673145,0.0037155750817665,-0.0132998270734731,0,0,0,0,0,0,0,0,0,0,0,0,0,0,0
13.1705506649807,0.499289796533692,0.00358397315756034,-0.0130189907238922,0,0,0,0,0,0,0,0,0,0,0,0,0,0,0
13.1805513389893,0.499324992309094,0.00345517348880906,-0.012739422900657,0,0,0,0,0,0,0,0,0,0,0,0,0,0,0
13.1905520129978,0.499358913959439,0.00332916311430005,-0.012461178688227,0,0,0,0,0,0,0,0,0,0,0,0,0,0,0
13.2005526870064,0.499391589312433,0.00320592851985559,-0.0121843135882727,0,0,0,0,0,0,0,0,0,0,0,0,0,0,0
13.2105533610149,0.499423046057861,0.00308545563415393,-0.0119088835208039,0,0,0,0,0,0,0,0,0,0,0,0,0,0,0
13.2205540350235,0.499453311741966,0.00296772982453329,-0.0116349448252878,0,0,0,0,0,0,0,0,0,0,0,0,0,0,0
13.230554709032,0.499482413761839,0.00285273589280187,-0.0113625542617776,0,0,0,0,0,0,0,0,0,0,0,0,0,0,0
13.2405553830406,0.499510379359732,0.00274045807102146,-0.0110917690120232,0,0,0,0,0,0,0,0,0,0,0,0,0,0,0
13.2505560570491,0.499537235617339,0.00263088001728056,-0.010822646680602,0,0,0,0,0,0,0,0,0,0,0,0,0,0,0
13.2605567310576,0.499563009450043,0.00252398481146803,-0.0105552452960302,0,0,0,0,0,0,0,0,0,0,0,0,0,0,0
13.2705574050662,0.499587727601094,0.00241975495102292,-0.010289623311902,0,0,0,0,0,0,0,0,0,0,0,0,0,0,0
13.2805580790747,0.499611416635781,0.00231817234667391,-0.0100258396079887,0,0,0,0,0,0,0,0,0,0,0,0,0,0,0
13.2905587530833,0.499634102935539,0.0022192183181883,-0.00976395349137807,0,0,0,0,0,0,0,0,0,0,0,0,0,0,0
13.3005594270918,0.49965581269201,0.00212287359007136,-0.00950402469758624,0,0,0,0,0,0,0,0,0,0,0,0,0,0,0
13.3105601011004,0.499676571901077,0.00202911828728292,-0.0092461133916865,0,0,0,0,0,0,0,0,0,0,0,0,0,0,0
13.3205607751089,0.499696406356841,0.00193793193095289,-0.00899028016942154,0,0,0,0,0,0,0,0,0,0,0,0,0,0,0
13.3305614491175,0.499715341645564,0.00184929343404377,-0.00873658605833446,0,0,0,0,0,0,0,0,0,0,0,0,0,0,0
13.340562123126,0.499733403139573,0.00176318109703469,-0.00848509251888219,0,0,0,0,0,0,0,0,0,0,0,0,0,0,0
13.3505627971345,0.499750615991083,0.00167957260359832,-0.00823586144556427,0,0,0,0,0,0,0,0,0,0,0,0,0,0,0
13.3605634711431,0.499767005126048,0.00159844501624772,-0.00798895516803859,0,0,0,0,0,0,0,0,0,0,0,0,0,0,0
13.3705641451516,0.499782595237903,0.00151977477196563,-0.00774443645224874,0,0,0,0,0,0,0,0,0,0,0,0,0,0,0
13.3805648191602,0.499797410781286,0.0014435376778498,-0.0075023685015364,0,0,0,0,0,0,0,0,0,0,0,0,0,0,0
13.3905654931687,0.499811475965731,0.00136970890674131,-0.00726281495777493,0,0,0,0,0,0,0,0,0,0,0,0,0,0,0
13.4005661671773,0.49982481474928,0.0012982629928059,-0.00702583990248033,0,0,0,0,0,0,0,0,0,0,0,0,0,0,0
13.4105668411858,0.499837450832095,0.00122917382715806,-0.00679150785793853,0,0,0,0,0,0,0,0,0,0,0,0,0,0,0
13.4205675151944,0.499849407650004,0.00116241465343629,-0.00655988378832701,0,0,0,0,0,0,0,0,0,0,0,0,0,0,0
13.4305681892029,0.499860708367988,0.00109795806337513,-0.00633103310083145,0,0,0,0,0,0,0,0,0,0,0,0,0,0,0
13.4405688632114,0.499871375873652,0.00103577599237843,-0.00610502164677557,0,0,0,0,0,0,0,0,0,0,0,0,0,0,0
13.45056953722,0.499881432770638,0.000975839715063887,-0.00588191572273192,0,0,0,0,0,0,0,0,0,0,0,0,0,0,0
13.4605702112285,0.499890901371986,0.000918119840806588,-0.00566178207165373,0,0,0,0,0,0,0,0,0,0,0,0,0,0,0
13.4705708852371,0.49989980369347,0.000862586309272495,-0.00544468788399055,0,0,0,0,0,0,0,0,0,0,0,0,0,0,0
13.4805715592456,0.499908161446872,0.000809208385938656,-0.00523070079881179,0,0,0,0,0,0,0,0,0,0,0,0,0,0,0
13.4905722332542,0.499915996033218,0.000757954657589474,-0.00501988890492627,0,0,0,0,0,0,0,0,0,0,0,0,0,0,0
13.5005729072627,0.499923328535967,0.000708793027828157,-0.00481232074200775,0,0,0,0,0,0,0,0,0,0,0,0,0,0,0
13.5105735812713,0.499930179714159,0.000661690712555879,-0.00460806530171048,0,0,0,0,0,0,0,0,0,0,0,0,0,0,0
13.5205742552798,0.499936569995514,0.000616614235443876,-0.0044071920287998,0,0,0,0,0,0,0,0,0,0,0,0,0,0,0
13.5305749292883,0.499942519469486,0.000573529423396446,-0.00420977082226057,0,0,0,0,0,0,0,0,0,0,0,0,0,0,0
13.5405756032969,0.499948047880266,0.000532401402011364,-0.00401587203643186,0,0,0,0,0,0,0,0,0,0,0,0,0,0,0
13.5505762773054,0.49995317461976,0.000493194591009757,-0.00382556648212291,0,0,0,0,0,0,0,0,0,0,0,0,0,0,0
13.560576951314,0.49995791872049,0.000455872699667581,-0.00363892542773374,0,0,0,0,0,0,0,0,0,0,0,0,0,0,0
13.5705776253225,0.499962298848482,0.000420398722240304,-0.00345602060037303,0,0,0,0,0,0,0,0,0,0,0,0,0,0,0
13.5805782993311,0.499966333296086,0.000386734933367741,-0.00327692418699247,0,0,0,0,0,0,0,0,0,0,0,0,0,0,0
13.5905789733396,0.499970039974751,0.000354842883457727,-0.00310170883549504,0,0,0,0,0,0,0,0,0,0,0,0,0,0,0
13.6005796473482,0.499973436407763,0.000324683394089225,-0.00293044765586316,0,0,0,0,0,0,0,0,0,0,0,0,0,0,0
13.6105803213567,0.499976539722936,0.000296216553376917,-0.00276321422127621,0,0,0,0,0,0,0,0,0,0,0,0,0,0,0
13.6205809953652,0.499979366645253,0.000269401711328849,-0.00260008256923816,0,0,0,0,0,0,0,0,0,0,0,0,0,0,0
13.6305816693738,0.499981933489452,0.000244197475199449,-0.00244112720269558,0,0,0,0,0,0,0,0,0,0,0,0,0,0,0
13.6405823433823,0.499984256152593,0.000220561704839215,-0.00228642309115452,0,0,0,0,0,0,0,0,0,0,0,0,0,0,0
13.6505830173909,0.499986350106542,0.000198451508010929,-0.00213604567181238,0,0,0,0,0,0,0,0,0,0,0,0,0,0,0
13.6605836913994,0.499988230390433,0.000177823235711315,-0.00199007085067123,0,0,0,0,0,0,0,0,0,0,0,0,0,0,0
13.670584365408,0.499989911603086,0.000158632477481558,-0.00184857500366033,0,0,0,0,0,0,0,0,0,0,0,0,0,0,0
13.6805850394165,0.499991407895345,0.000140834056686288,-0.00171163497776237,0,0,0,0,0,0,0,0,0,0,0,0,0,0,0
13.6905857134251,0.499992732962424,0.000124382025822004,-0.00157932809212934,0,0,0,0,0,0,0,0,0,0,0,0,0,0,0
13.7005863874336,0.499993900036135,0.000109229661767956,-0.0014517321392087,0,0,0,0,0,0,0,0,0,0,0,0,0,0,0
13.7105870614421,0.499994921877147,9.53294610574639e-05,-0.00132892538586238,0,0,0,0,0,0,0,0,0,0,0,0,0,0,0
13.7205877354507,0.499995810767135,8.26331351244287e-05,-0.0012109865744862,0,0,0,0,0,0,0,0,0,0,0,0,0,0,0
13.7305884094592,0.499996578500912,7.10916055420188e-05,-0.00109799492413664,0,0,0,0,0,0,0,0,0,0,0,0,0,0,0
13.7405890834678,0.499997236378493,6.0654999258249e-05,-0.000990030131650883,0,0,0,0,0,0,0,0,0,0,0,0,0,0,0
13.7505897574763,0.499997795197153,5.12726437914503e-05,-0.000887172372766208,0,0,0,0,0,0,0,0,0,0,0,0,0,0,0
13.7605904314849,0.499998265243381,4.28930624665803e-05,-0.000789502303240481,0,0,0,0,0,0,0,0,0,0,0,0,0,0,0
13.7705911054934,0.499998656284823,3.54639695801054e-05,-0.000697101059978478,0,0,0,0,0,0,0,0,0,0,0,0,0,0,0
13.780591779502,0.499998977562168,2.89322655976916e-05,-0.000610050262148115,0,0,0,0,0,0,0,0,0,0,0,0,0,0,0
13.7905924535105,0.499999237780986,2.32440323162476e-05,-0.0005284320123084,0,0,0,0,0,0,0,0,0,0,0,0,0,0,0
13.800593127519,0.499999445103511,1.83445280464812e-05,-0.000452328897524573,0,0,0,0,0,0,0,0,0,0,0,0,0,0,0
13.8105938015276,0.499999607140397,1.4178182725379e-05,-0.000381823990493399,0,0,0,0,0,0,0,0,0,0,0,0,0,0,0
13.8205944755361,0.499999730942375,1.06885930869564e-05,-0.000317000850658785,0,0,0,0,0,0,0,0,0,0,0,0,0,0,0
13.8305951495447,0.499999822991948,7.81851776871701e-06,-0.000257943525350051,0,0,0,0,0,0,0,0,0,0,0,0,0,0,0
13.8405958235532,0.499999889194927,5.5098724376457e-06,-0.000204736550879206,0,0,0,0,0,0,0,0,0,0,0,0,0,0,0
13.8505964975618,0.499999934872022,3.70372488957031e-06,-0.000157464953680839,0,0,0,0,0,0,0,0,0,0,0,0,0,0,0
13.8605971715703,0.49999996475032,2.34029014927683e-06,-0.000116214251428282,0,0,0,0,0,0,0,0,0,0,0,0,0,0,0
13.8705978455789,0.49999998295473,1.35892553654951e-06,-8.1070454149711e-05,0,0,0,0,0,0,0,0,0,0,0,0,0,0,0
13.8805985195874,0.499999992999379,6.98125748619309e-07,-5.21200653611268e-05,0,0,0,0,0,0,0,0,0,0,0,0,0,0,0
13.8905991935959,0.499999997778985,2.95517925546324e-07,-2.94500831759118e-05,0,0,0,0,0,0,0,0,0,0,0,0,0,0,0
13.9005998676045,0.499999999560098,8.78566788231653e-08,-1.31480014373107e-05,0,0,0,0,0,0,0,0,0,0,0,0,0,0,0
13.910600541613,0.499999999972438,1.10191402766103e-08,-3.30181082681891e-06,0,0,0,0,0,0,0,0,0,0,0,0,0,0,0
13.9206012156216,0.500000000000007,-3.69431468417026e-15,0,0,0,0,0,0,0,0,0,0,0,0,0,0,0,0
