t,x,vx,ax,y,vy,ay,z,vz,az,roll,wx,alphax,pitch,wy,alphay,yaw,wz,alphaz

0,0,0,0,0,0,0,0,0,0,0,0,0,0,0,0,0,0,0
0.01,0,0,0,0,0,0,0,0,0,0,0,0,0,0,0,0,0,0
0.02,0,0,0,0,0,0,0,0,0,0,0,0,0,0,0,0,0,0
0.03,0,0,0,0,0,0,0,0,0,0,0,0,0,0,0,0,0,0
0.04,0,0,0,0,0,0,0,0,0,0,0,0,0,0,0,0,0,0
0.05,0,0,0,0,0,0,0,0,0,0,0,0,0,0,0,0,0,0
0.06,0,0,0,0,0,0,0,0,0,0,0,0,0,0,0,0,0,0
0.07,0,0,0,0,0,0,0,0,0,0,0,0,0,0,0,0,0,0
0.08,0,0,0,0,0,0,0,0,0,0,0,0,0,0,0,0,0,0
0.09,0,0,0,0,0,0,0,0,0,0,0,0,0,0,0,0,0,0
0.1,0,0,0,0,0,0,0,0,0,0,0,0,0,0,0,0,0,0
0.11,0,0,0,0,0,0,0,0,0,0,0,0,0,0,0,0,0,0
0.12,0,0,0,0,0,0,0,0,0,0,0,0,0,0,0,0,0,0
0.13,0,0,0,0,0,0,0,0,0,0,0,0,0,0,0,0,0,0
0.14,0,0,0,0,0,0,0,0,0,0,0,0,0,0,0,0,0,0
0.15,0,0,0,0,0,0,0,0,0,0,0,0,0,0,0,0,0,0
0.16,0,0,0,0,0,0,0,0,0,0,0,0,0,0,0,0,0,0
0.17,0,0,0,0,0,0,0,0,0,0,0,0,0,0,0,0,0,0
0.18,0,0,0,0,0,0,0,0,0,0,0,0,0,0,0,0,0,0
0.19,0,0,0,0,0,0,0,0,0,0,0,0,0,0,0,0,0,0
0.2,0,0,0,0,0,0,0,0,0,0,0,0,0,0,0,0,0,0
0.21,0,0,0,0,0,0,0,0,0,0,0,0,0,0,0,0,0,0
0.22,0,0,0,0,0,0,0,0,0,0,0,0,0,0,0,0,0,0
0.23,0,0,0,0,0,0,0,0,0,0,0,0,0,0,0,0,0,0
0.24,0,0,0,0,0,0,0,0,0,0,0,0,0,0,0,0,0,0
0.25,0,0,0,0,0,0,0,0,0,0,0,0,0,0,0,0,0,0
0.26,0,0,0,0,0,0,0,0,0,0,0,0,0,0,0,0,0,0
0.27,0,0,0,0,0,0,0,0,0,0,0,0,0,0,0,0,0,0
0.28,0,0,0,0,0,0,0,0,0,0,0,0,0,0,0,0,0,0
0.29,0,0,0,0,0,0,0,0,0,0,0,0,0,0,0,0,0,0
0.3,0,0,0,0,0,0,0,0,0,0,0,0,0,0,0,0,0,0
0.31,0,0,0,0,0,0,0,0,0,0,0,0,0,0,0,0,0,0
0.32,0,0,0,0,0,0,0,0,0,0,0,0,0,0,0,0,0,0
0.33,0,0,0,0,0,0,0,0,0,0,0,0,0,0,0,0,0,0
0.34,0,0,0,0,0,0,0,0,0,0,0,0,0,0,0,0,0,0
0.35,0,0,0,0,0,0,0,0,0,0,0,0,0,0,0,0,0,0
0.36,0,0,0,0,0,0,0,0,0,0,0,0,0,0,0,0,0,0
0.37,0,0,0,0,0,0,0,0,0,0,0,0,0,0,0,0,0,0
0.38,0,0,0,0,0,0,0,0,0,0,0,0,0,0,0,0,0,0
0.39,0,0,0,0,0,0,0,0,0,0,0,0,0,0,0,0,0,0
0.4,0,0,0,0,0,0,0,0,0,0,0,0,0,0,0,0,0,0
0.41,0,0,0,0,0,0,0,0,0,0,0,0,0,0,0,0,0,0
0.42,0,0,0,0,0,0,0,0,0,0,0,0,0,0,0,0,0,0
0.43,0,0,0,0,0,0,0,0,0,0,0,0,0,0,0,0,0,0
0.44,0,0,0,0,0,0,0,0,0,0,0,0,0,0,0,0,0,0
0.45,0,0,0,0,0,0,0,0,0,0,0,0,0,0,0,0,0,0
0.46,0,0,0,0,0,0,0,0,0,0,0,0,0,0,0,0,0,0
0.47,0,0,0,0,0,0,0,0,0,0,0,0,0,0,0,0,0,0
0.48,0,0,0,0,0,0,0,0,0,0,0,0,0,0,0,0,0,0
0.49,0,0,0,0,0,0,0,0,0,0,0,0,0,0,0,0,0,0
0.5,0,0,0,0,0,0,0,0,0,0,0,0,0,0,0,0,0,0
0.51,0,0,0,0,0,0,0,0,0,0,0,0,0,0,0,0,0,0
0.52,0,0,0,0,0,0,0,0,0,0,0,0,0,0,0,0,0,0
0.53,0,0,0,0,0,0,0,0,0,0,0,0,0,0,0,0,0,0
0.54,0,0,0,0,0,0,0,0,0,0,0,0,0,0,0,0,0,0
0.55,0,0,0,0,0,0,0,0,0,0,0,0,0,0,0,0,0,0
0.56,0,0,0,0,0,0,0,0,0,0,0,0,0,0,0,0,0,0
0.57,0,0,0,0,0,0,0,0,0,0,0,0,0,0,0,0,0,0
0.58,0,0,0,0,0,0,0,0,0,0,0,0,0,0,0,0,0,0
0.59,0,0,0,0,0,0,0,0,0,0,0,0,0,0,0,0,0,0
0.6,0,0,0,0,0,0,0,0,0,0,0,0,0,0,0,0,0,0
0.61,0,0,0,0,0,0,0,0,0,0,0,0,0,0,0,0,0,0
0.62,0,0,0,0,0,0,0,0,0,0,0,0,0,0,0,0,0,0
0.63,0,0,0,0,0,0,0,0,0,0,0,0,0,0,0,0,0,0
0.64,0,0,0,0,0,0,0,0,0,0,0,0,0,0,0,0,0,0
0.65,0,0,0,0,0,0,0,0,0,0,0,0,0,0,0,0,0,0
0.66,0,0,0,0,0,0,0,0,0,0,0,0,0,0,0,0,0,0
0.67,0,0,0,0,0,0,0,0,0,0,0,0,0,0,0,0,0,0
0.68,0,0,0,0,0,0,0,0,0,0,0,0,0,0,0,0,0,0
0.69,0,0,0,0,0,0,0,0,0,0,0,0,0,0,0,0,0,0
0.7,0,0,0,0,0,0,0,0,0,0,0,0,0,0,0,0,0,0
0.71,0,0,0,0,0,0,0,0,0,0,0,0,0,0,0,0,0,0
0.72,0,0,0,0,0,0,0,0,0,0,0,0,0,0,0,0,0,0
0.73,0,0,0,0,0,0,0,0,0,0,0,0,0,0,0,0,0,0
0.74,0,0,0,0,0,0,0,0,0,0,0,0,0,0,0,0,0,0
0.75,0,0,0,0,0,0,0,0,0,0,0,0,0,0,0,0,0,0
0.76,0,0,0,0,0,0,0,0,0,0,0,0,0,0,0,0,0,0
0.77,0,0,0,0,0,0,0,0,0,0,0,0,0,0,0,0,0,0
0.78,0,0,0,0,0,0,0,0,0,0,0,0,0,0,0,0,0,0
0.79,0,0,0,0,0,0,0,0,0,0,0,0,0,0,0,0,0,0
0.8,0,0,0,0,0,0,0,0,0,0,0,0,0,0,0,0,0,0
0.81,0,0,0,0,0,0,0,0,0,0,0,0,0,0,0,0,0,0
0.82,0,0,0,0,0,0,0,0,0,0,0,0,0,0,0,0,0,0
0.83,0,0,0,0,0,0,0,0,0,0,0,0,0,0,0,0,0,0
0.84,0,0,0,0,0,0,0,0,0,0,0,0,0,0,0,0,0,0
0.85,0,0,0,0,0,0,0,0,0,0,0,0,0,0,0,0,0,0
0.86,0,0,0,0,0,0,0,0,0,0,0,0,0,0,0,0,0,0
0.87,0,0,0,0,0,0,0,0,0,0,0,0,0,0,0,0,0,0
0.88,0,0,0,0,0,0,0,0,0,0,0,0,0,0,0,0,0,0
0.89,0,0,0,0,0,0,0,0,0,0,0,0,0,0,0,0,0,0
0.9,0,0,0,0,0,0,0,0,0,0,0,0,0,0,0,0,0,0
0.91,0,0,0,0,0,0,0,0,0,0,0,0,0,0,0,0,0,0
0.92,0,0,0,0,0,0,0,0,0,0,0,0,0,0,0,0,0,0
0.93,0,0,0,0,0,0,0,0,0,0,0,0,0,0,0,0,0,0
0.94,0,0,0,0,0,0,0,0,0,0,0,0,0,0,0,0,0,0
0.95,0,0,0,0,0,0,0,0,0,0,0,0,0,0,0,0,0,0
0.96,0,0,0,0,0,0,0,0,0,0,0,0,0,0,0,0,0,0
0.97,0,0,0,0,0,0,0,0,0,0,0,0,0,0,0,0,0,0
0.98,0,0,0,0,0,0,0,0,0,0,0,0,0,0,0,0,0,0
0.99,0,0,0,0,0,0,0,0,0,0,0,0,0,0,0,0,0,0
1,0,0,0,0,0,0,0,0,0,0,0,0,0,0,0,0,0,0
1.01,0,0,0,0,0,0,0,0,0,0,0,0,0,0,0,0,0,0
1.02,0,0,0,0,0,0,0,0,0,0,0,0,0,0,0,0,0,0
1.03,0,0,0,0,0,0,0,0,0,0,0,0,0,0,0,0,0,0
1.04,0,0,0,0,0,0,0,0,0,0,0,0,0,0,0,0,0,0
1.05,0,0,0,0,0,0,0,0,0,0,0,0,0,0,0,0,0,0
1.06,0,0,0,0,0,0,0,0,0,0,0,0,0,0,0,0,0,0
1.07,0,0,0,0,0,0,0,0,0,0,0,0,0,0,0,0,0,0
1.08,0,0,0,0,0,0,0,0,0,0,0,0,0,0,0,0,0,0
1.09,0,0,0,0,0,0,0,0,0,0,0,0,0,0,0,0,0,0
1.1,0,0,0,0,0,0,0,0,0,0,0,0,0,0,0,0,0,0
1.11,0,0,0,0,0,0,0,0,0,0,0,0,0,0,0,0,0,0
1.12,0,0,0,0,0,0,0,0,0,0,0,0,0,0,0,0,0,0
1.13,0,0,0,0,0,0,0,0,0,0,0,0,0,0,0,0,0,0
1.14,0,0,0,0,0,0,0,0,0,0,0,0,0,0,0,0,0,0
1.15,0,0,0,0,0,0,0,0,0,0,0,0,0,0,0,0,0,0
1.16,0,0,0,0,0,0,0,0,0,0,0,0,0,0,0,0,0,0
1.17,0,0,0,0,0,0,0,0,0,0,0,0,0,0,0,0,0,0
1.18,0,0,0,0,0,0,0,0,0,0,0,0,0,0,0,0,0,0
1.19,0,0,0,0,0,0,0,0,0,0,0,0,0,0,0,0,0,0
1.2,0,0,0,0,0,0,0,0,0,0,0,0,0,0,0,0,0,0
1.21,0,0,0,0,0,0,0,0,0,0,0,0,0,0,0,0,0,0
1.22,0,0,0,0,0,0,0,0,0,0,0,0,0,0,0,0,0,0
1.23,0,0,0,0,0,0,0,0,0,0,0,0,0,0,0,0,0,0
1.24,0,0,0,0,0,0,0,0,0,0,0,0,0,0,0,0,0,0
1.25,0,0,0,0,0,0,0,0,0,0,0,0,0,0,0,0,0,0
1.26,0,0,0,0,0,0,0,0,0,0,0,0,0,0,0,0,0,0
1.27,0,0,0,0,0,0,0,0,0,0,0,0,0,0,0,0,0,0
1.28,0,0,0,0,0,0,0,0,0,0,0,0,0,0,0,0,0,0
1.29,0,0,0,0,0,0,0,0,0,0,0,0,0,0,0,0,0,0
1.3,0,0,0,0,0,0,0,0,0,0,0,0,0,0,0,0,0,0
1.31,0,0,0,0,0,0,0,0,0,0,0,0,0,0,0,0,0,0
1.32,0,0,0,0,0,0,0,0,0,0,0,0,0,0,0,0,0,0
1.33,0,0,0,0,0,0,0,0,0,0,0,0,0,0,0,0,0,0
1.34,0,0,0,0,0,0,0,0,0,0,0,0,0,0,0,0,0,0
1.35,0,0,0,0,0,0,0,0,0,0,0,0,0,0,0,0,0,0
1.36,0,0,0,0,0,0,0,0,0,0,0,0,0,0,0,0,0,0
1.37,0,0,0,0,0,0,0,0,0,0,0,0,0,0,0,0,0,0
1.38,0,0,0,0,0,0,0,0,0,0,0,0,0,0,0,0,0,0
1.39,0,0,0,0,0,0,0,0,0,0,0,0,0,0,0,0,0,0
1.4,0,0,0,0,0,0,0,0,0,0,0,0,0,0,0,0,0,0
1.41,0,0,0,0,0,0,0,0,0,0,0,0,0,0,0,0,0,0
1.42,0,0,0,0,0,0,0,0,0,0,0,0,0,0,0,0,0,0
1.43,0,0,0,0,0,0,0,0,0,0,0,0,0,0,0,0,0,0
1.44,0,0,0,0,0,0,0,0,0,0,0,0,0,0,0,0,0,0
1.45,0,0,0,0,0,0,0,0,0,0,0,0,0,0,0,0,0,0
1.46,0,0,0,0,0,0,0,0,0,0,0,0,0,0,0,0,0,0
1.47,0,0,0,0,0,0,0,0,0,0,0,0,0,0,0,0,0,0
1.48,0,0,0,0,0,0,0,0,0,0,0,0,0,0,0,0,0,0
1.49,0,0,0,0,0,0,0,0,0,0,0,0,0,0,0,0,0,0
1.5,0,0,0,0,0,0,0,0,0,0,0,0,0,0,0,0,0,0
1.51,0,0,0,0,0,0,0,0,0,0,0,0,0,0,0,0,0,0
1.52,0,0,0,0,0,0,0,0,0,0,0,0,0,0,0,0,0,0
1.53,0,0,0,0,0,0,0,0,0,0,0,0,0,0,0,0,0,0
1.54,0,0,0,0,0,0,0,0,0,0,0,0,0,0,0,0,0,0
1.55,0,0,0,0,0,0,0,0,0,0,0,0,0,0,0,0,0,0
1.56,0,0,0,0,0,0,0,0,0,0,0,0,0,0,0,0,0,0
1.57,0,0,0,0,0,0,0,0,0,0,0,0,0,0,0,0,0,0
1.58,0,0,0,0,0,0,0,0,0,0,0,0,0,0,0,0,0,0
1.59,0,0,0,0,0,0,0,0,0,0,0,0,0,0,0,0,0,0
1.6,0,0,0,0,0,0,0,0,0,0,0,0,0,0,0,0,0,0
1.61,0,0,0,0,0,0,0,0,0,0,0,0,0,0,0,0,0,0
1.62,0,0,0,0,0,0,0,0,0,0,0,0,0,0,0,0,0,0
1.63,0,0,0,0,0,0,0,0,0,0,0,0,0,0,0,0,0,0
1.64,0,0,0,0,0,0,0,0,0,0,0,0,0,0,0,0,0,0
1.65,0,0,0,0,0,0,0,0,0,0,0,0,0,0,0,0,0,0
1.66,0,0,0,0,0,0,0,0,0,0,0,0,0,0,0,0,0,0
1.67,0,0,0,0,0,0,0,0,0,0,0,0,0,0,0,0,0,0
1.68,0,0,0,0,0,0,0,0,0,0,0,0,0,0,0,0,0,0
1.69,0,0,0,0,0,0,0,0,0,0,0,0,0,0,0,0,0,0
1.7,0,0,0,0,0,0,0,0,0,0,0,0,0,0,0,0,0,0
1.71,0,0,0,0,0,0,0,0,0,0,0,0,0,0,0,0,0,0
1.72,0,0,0,0,0,0,0,0,0,0,0,0,0,0,0,0,0,0
1.73,0,0,0,0,0,0,0,0,0,0,0,0,0,0,0,0,0,0
1.74,0,0,0,0,0,0,0,0,0,0,0,0,0,0,0,0,0,0
1.75,0,0,0,0,0,0,0,0,0,0,0,0,0,0,0,0,0,0
1.76,0,0,0,0,0,0,0,0,0,0,0,0,0,0,0,0,0,0
1.77,0,0,0,0,0,0,0,0,0,0,0,0,0,0,0,0,0,0
1.78,0,0,0,0,0,0,0,0,0,0,0,0,0,0,0,0,0,0
1.79,0,0,0,0,0,0,0,0,0,0,0,0,0,0,0,0,0,0
1.8,0,0,0,0,0,0,0,0,0,0,0,0,0,0,0,0,0,0
1.81,0,0,0,0,0,0,0,0,0,0,0,0,0,0,0,0,0,0
1.82,0,0,0,0,0,0,0,0,0,0,0,0,0,0,0,0,0,0
1.83,0,0,0,0,0,0,0,0,0,0,0,0,0,0,0,0,0,0
1.84,0,0,0,0,0,0,0,0,0,0,0,0,0,0,0,0,0,0
1.85,0,0,0,0,0,0,0,0,0,0,0,0,0,0,0,0,0,0
1.86,0,0,0,0,0,0,0,0,0,0,0,0,0,0,0,0,0,0
1.87,0,0,0,0,0,0,0,0,0,0,0,0,0,0,0,0,0,0
1.88,0,0,0,0,0,0,0,0,0,0,0,0,0,0,0,0,0,0
1.89,0,0,0,0,0,0,0,0,0,0,0,0,0,0,0,0,0,0
1.9,0,0,0,0,0,0,0,0,0,0,0,0,0,0,0,0,0,0
1.91,0,0,0,0,0,0,0,0,0,0,0,0,0,0,0,0,0,0
1.92,0,0,0,0,0,0,0,0,0,0,0,0,0,0,0,0,0,0
1.93,0,0,0,0,0,0,0,0,0,0,0,0,0,0,0,0,0,0
1.94,0,0,0,0,0,0,0,0,0,0,0,0,0,0,0,0,0,0
1.95,0,0,0,0,0,0,0,0,0,0,0,0,0,0,0,0,0,0
1.96,0,0,0,0,0,0,0,0,0,0,0,0,0,0,0,0,0,0
1.97,0,0,0,0,0,0,0,0,0,0,0,0,0,0,0,0,0,0
1.98,0,0,0,0,0,0,0,0,0,0,0,0,0,0,0,0,0,0
1.99,0,0,0,0,0,0,0,0,0,0,0,0,0,0,0,0,0,0
2,0,0,0,0,0,0,0,0,0,0,0,0,0,0,0,0,0,0
2.01,0,0,0,0,0,0,0,0,0,0,0,0,0,0,0,0,0,0
2.02,0,0,0,0,0,0,0,0,0,0,0,0,0,0,0,0,0,0
2.03,0,0,0,0,0,0,0,0,0,0,0,0,0,0,0,0,0,0
2.04,0,0,0,0,0,0,0,0,0,0,0,0,0,0,0,0,0,0
2.05,0,0,0,0,0,0,0,0,0,0,0,0,0,0,0,0,0,0
2.06,0,0,0,0,0,0,0,0,0,0,0,0,0,0,0,0,0,0
2.07,0,0,0,0,0,0,0,0,0,0,0,0,0,0,0,0,0,0
2.08,0,0,0,0,0,0,0,0,0,0,0,0,0,0,0,0,0,0
2.09,0,0,0,0,0,0,0,0,0,0,0,0,0,0,0,0,0,0
2.1,0,0,0,0,0,0,0,0,0,0,0,0,0,0,0,0,0,0
2.11,0,0,0,0,0,0,0,0,0,0,0,0,0,0,0,0,0,0
2.12,0,0,0,0,0,0,0,0,0,0,0,0,0,0,0,0,0,0
2.13,0,0,0,0,0,0,0,0,0,0,0,0,0,0,0,0,0,0
2.14,0,0,0,0,0,0,0,0,0,0,0,0,0,0,0,0,0,0
2.15,0,0,0,0,0,0,0,0,0,0,0,0,0,0,0,0,0,0
2.16,0,0,0,0,0,0,0,0,0,0,0,0,0,0,0,0,0,0
2.17,0,0,0,0,0,0,0,0,0,0,0,0,0,0,0,0,0,0
2.18,0,0,0,0,0,0,0,0,0,0,0,0,0,0,0,0,0,0
2.19,0,0,0,0,0,0,0,0,0,0,0,0,0,0,0,0,0,0
2.2,0,0,0,0,0,0,0,0,0,0,0,0,0,0,0,0,0,0
2.21,0,0,0,0,0,0,0,0,0,0,0,0,0,0,0,0,0,0
2.22,0,0,0,0,0,0,0,0,0,0,0,0,0,0,0,0,0,0
2.23,0,0,0,0,0,0,0,0,0,0,0,0,0,0,0,0,0,0
2.24,0,0,0,0,0,0,0,0,0,0,0,0,0,0,0,0,0,0
2.25,0,0,0,0,0,0,0,0,0,0,0,0,0,0,0,0,0,0
2.26,0,0,0,0,0,0,0,0,0,0,0,0,0,0,0,0,0,0
2.27,0,0,0,0,0,0,0,0,0,0,0,0,0,0,0,0,0,0
2.28,0,0,0,0,0,0,0,0,0,0,0,0,0,0,0,0,0,0
2.29,0,0,0,0,0,0,0,0,0,0,0,0,0,0,0,0,0,0
2.3,0,0,0,0,0,0,0,0,0,0,0,0,0,0,0,0,0,0
2.31,0,0,0,0,0,0,0,0,0,0,0,0,0,0,0,0,0,0
2.32,0,0,0,0,0,0,0,0,0,0,0,0,0,0,0,0,0,0
2.33,0,0,0,0,0,0,0,0,0,0,0,0,0,0,0,0,0,0
2.34,0,0,0,0,0,0,0,0,0,0,0,0,0,0,0,0,0,0
2.35,0,0,0,0,0,0,0,0,0,0,0,0,0,0,0,0,0,0
2.36,0,0,0,0,0,0,0,0,0,0,0,0,0,0,0,0,0,0
2.37,0,0,0,0,0,0,0,0,0,0,0,0,0,0,0,0,0,0
2.38,0,0,0,0,0,0,0,0,0,0,0,0,0,0,0,0,0,0
2.39,0,0,0,0,0,0,0,0,0,0,0,0,0,0,0,0,0,0
2.4,0,0,0,0,0,0,0,0,0,0,0,0,0,0,0,0,0,0
2.41,0,0,0,0,0,0,0,0,0,0,0,0,0,0,0,0,0,0
2.42,0,0,0,0,0,0,0,0,0,0,0,0,0,0,0,0,0,0
2.43,0,0,0,0,0,0,0,0,0,0,0,0,0,0,0,0,0,0
2.44,0,0,0,0,0,0,0,0,0,0,0,0,0,0,0,0,0,0
2.45,0,0,0,0,0,0,0,0,0,0,0,0,0,0,0,0,0,0
2.46,0,0,0,0,0,0,0,0,0,0,0,0,0,0,0,0,0,0
2.47,0,0,0,0,0,0,0,0,0,0,0,0,0,0,0,0,0,0
2.48,0,0,0,0,0,0,0,0,0,0,0,0,0,0,0,0,0,0
2.49,0,0,0,0,0,0,0,0,0,0,0,0,0,0,0,0,0,0
2.5,0,0,0,0,0,0,0,0,0,0,0,0,0,0,0,0,0,0
2.51,0,0,0,0,0,0,0,0,0,0,0,0,0,0,0,0,0,0
2.52,0,0,0,0,0,0,0,0,0,0,0,0,0,0,0,0,0,0
2.53,0,0,0,0,0,0,0,0,0,0,0,0,0,0,0,0,0,0
2.54,0,0,0,0,0,0,0,0,0,0,0,0,0,0,0,0,0,0
2.55,0,0,0,0,0,0,0,0,0,0,0,0,0,0,0,0,0,0
2.56,0,0,0,0,0,0,0,0,0,0,0,0,0,0,0,0,0,0
2.57,0,0,0,0,0,0,0,0,0,0,0,0,0,0,0,0,0,0
2.58,0,0,0,0,0,0,0,0,0,0,0,0,0,0,0,0,0,0
2.59,0,0,0,0,0,0,0,0,0,0,0,0,0,0,0,0,0,0
2.6,0,0,0,0,0,0,0,0,0,0,0,0,0,0,0,0,0,0
2.61,0,0,0,0,0,0,0,0,0,0,0,0,0,0,0,0,0,0
2.62,0,0,0,0,0,0,0,0,0,0,0,0,0,0,0,0,0,0
2.63,0,0,0,0,0,0,0,0,0,0,0,0,0,0,0,0,0,0
2.64,0,0,0,0,0,0,0,0,0,0,0,0,0,0,0,0,0,0
2.65,0,0,0,0,0,0,0,0,0,0,0,0,0,0,0,0,0,0
2.66,0,0,0,0,0,0,0,0,0,0,0,0,0,0,0,0,0,0
2.67,0,0,0,0,0,0,0,0,0,0,0,0,0,0,0,0,0,0
2.68,0,0,0,0,0,0,0,0,0,0,0,0,0,0,0,0,0,0
2.69,0,0,0,0,0,0,0,0,0,0,0,0,0,0,0,0,0,0
2.7,0,0,0,0,0,0,0,0,0,0,0,0,0,0,0,0,0,0
2.71,0,0,0,0,0,0,0,0,0,0,0,0,0,0,0,0,0,0
2.72,0,0,0,0,0,0,0,0,0,0,0,0,0,0,0,0,0,0
2.73,0,0,0,0,0,0,0,0,0,0,0,0,0,0,0,0,0,0
2.74,0,0,0,0,0,0,0,0,0,0,0,0,0,0,0,0,0,0
2.75,0,0,0,0,0,0,0,0,0,0,0,0,0,0,0,0,0,0
2.76,0,0,0,0,0,0,0,0,0,0,0,0,0,0,0,0,0,0
2.77,0,0,0,0,0,0,0,0,0,0,0,0,0,0,0,0,0,0
2.78,0,0,0,0,0,0,0,0,0,0,0,0,0,0,0,0,0,0
2.79,0,0,0,0,0,0,0,0,0,0,0,0,0,0,0,0,0,0
2.8,0,0,0,0,0,0,0,0,0,0,0,0,0,0,0,0,0,0
2.81,0,0,0,0,0,0,0,0,0,0,0,0,0,0,0,0,0,0
2.82,0,0,0,0,0,0,0,0,0,0,0,0,0,0,0,0,0,0
2.83,0,0,0,0,0,0,0,0,0,0,0,0,0,0,0,0,0,0
2.84,0,0,0,0,0,0,0,0,0,0,0,0,0,0,0,0,0,0
2.85,0,0,0,0,0,0,0,0,0,0,0,0,0,0,0,0,0,0
2.86,0,0,0,0,0,0,0,0,0,0,0,0,0,0,0,0,0,0
2.87,0,0,0,0,0,0,0,0,0,0,0,0,0,0,0,0,0,0
2.88,0,0,0,0,0,0,0,0,0,0,0,0,0,0,0,0,0,0
2.89,0,0,0,0,0,0,0,0,0,0,0,0,0,0,0,0,0,0
2.9,0,0,0,0,0,0,0,0,0,0,0,0,0,0,0,0,0,0
2.91,0,0,0,0,0,0,0,0,0,0,0,0,0,0,0,0,0,0
2.92,0,0,0,0,0,0,0,0,0,0,0,0,0,0,0,0,0,0
2.93,0,0,0,0,0,0,0,0,0,0,0,0,0,0,0,0,0,0
2.94,0,0,0,0,0,0,0,0,0,0,0,0,0,0,0,0,0,0
2.95,0,0,0,0,0,0,0,0,0,0,0,0,0,0,0,0,0,0
2.96,0,0,0,0,0,0,0,0,0,0,0,0,0,0,0,0,0,0
2.97,0,0,0,0,0,0,0,0,0,0,0,0,0,0,0,0,0,0
2.98,0,0,0,0,0,0,0,0,0,0,0,0,0,0,0,0,0,0
2.99,0,0,0,0,0,0,0,0,0,0,0,0,0,0,0,0,0,0
3,0,0,0,0,0,0,0,0,0,0,0,0,0,0,0,0,0,0
3.01,0,0,0,0,0,0,0,0,0,0,0,0,0,0,0,0,0,0
3.02,0,0,0,0,0,0,0,0,0,0,0,0,0,0,0,0,0,0
3.03,0,0,0,0,0,0,0,0,0,0,0,0,0,0,0,0,0,0
3.04,0,0,0,0,0,0,0,0,0,0,0,0,0,0,0,0,0,0
3.05,0,0,0,0,0,0,0,0,0,0,0,0,0,0,0,0,0,0
3.06,0,0,0,0,0,0,0,0,0,0,0,0,0,0,0,0,0,0
3.07,0,0,0,0,0,0,0,0,0,0,0,0,0,0,0,0,0,0
3.08,0,0,0,0,0,0,0,0,0,0,0,0,0,0,0,0,0,0
3.09,0,0,0,0,0,0,0,0,0,0,0,0,0,0,0,0,0,0
3.1,0,0,0,0,0,0,0,0,0,0,0,0,0,0,0,0,0,0
3.11,0,0,0,0,0,0,0,0,0,0,0,0,0,0,0,0,0,0
3.12,0,0,0,0,0,0,0,0,0,0,0,0,0,0,0,0,0,0
3.13,0,0,0,0,0,0,0,0,0,0,0,0,0,0,0,0,0,0
3.14,0,0,0,0,0,0,0,0,0,0,0,0,0,0,0,0,0,0
3.15,0,0,0,0,0,0,0,0,0,0,0,0,0,0,0,0,0,0
3.16,0,0,0,0,0,0,0,0,0,0,0,0,0,0,0,0,0,0
3.17,0,0,0,0,0,0,0,0,0,0,0,0,0,0,0,0,0,0
3.18,0,0,0,0,0,0,0,0,0,0,0,0,0,0,0,0,0,0
3.19,0,0,0,0,0,0,0,0,0,0,0,0,0,0,0,0,0,0
3.2,0,0,0,0,0,0,0,0,0,0,0,0,0,0,0,0,0,0
3.21,0,0,0,0,0,0,0,0,0,0,0,0,0,0,0,0,0,0
3.22,0,0,0,0,0,0,0,0,0,0,0,0,0,0,0,0,0,0
3.23,0,0,0,0,0,0,0,0,0,0,0,0,0,0,0,0,0,0
3.24,0,0,0,0,0,0,0,0,0,0,0,0,0,0,0,0,0,0
3.25,0,0,0,0,0,0,0,0,0,0,0,0,0,0,0,0,0,0
3.26,0,0,0,0,0,0,0,0,0,0,0,0,0,0,0,0,0,0
3.27,0,0,0,0,0,0,0,0,0,0,0,0,0,0,0,0,0,0
3.28,0,0,0,0,0,0,0,0,0,0,0,0,0,0,0,0,0,0
3.29,0,0,0,0,0,0,0,0,0,0,0,0,0,0,0,0,0,0
3.3,0,0,0,0,0,0,0,0,0,0,0,0,0,0,0,0,0,0
3.31,0,0,0,0,0,0,0,0,0,0,0,0,0,0,0,0,0,0
3.32,0,0,0,0,0,0,0,0,0,0,0,0,0,0,0,0,0,0
3.33,0,0,0,0,0,0,0,0,0,0,0,0,0,0,0,0,0,0
3.34,0,0,0,0,0,0,0,0,0,0,0,0,0,0,0,0,0,0
3.35,0,0,0,0,0,0,0,0,0,0,0,0,0,0,0,0,0,0
3.36,0,0,0,0,0,0,0,0,0,0,0,0,0,0,0,0,0,0
3.37,0,0,0,0,0,0,0,0,0,0,0,0,0,0,0,0,0,0
3.38,0,0,0,0,0,0,0,0,0,0,0,0,0,0,0,0,0,0
3.39,0,0,0,0,0,0,0,0,0,0,0,0,0,0,0,0,0,0
3.4,0,0,0,0,0,0,0,0,0,0,0,0,0,0,0,0,0,0
3.41,0,0,0,0,0,0,0,0,0,0,0,0,0,0,0,0,0,0
3.42,0,0,0,0,0,0,0,0,0,0,0,0,0,0,0,0,0,0
3.43,0,0,0,0,0,0,0,0,0,0,0,0,0,0,0,0,0,0
3.44,0,0,0,0,0,0,0,0,0,0,0,0,0,0,0,0,0,0
3.45,0,0,0,0,0,0,0,0,0,0,0,0,0,0,0,0,0,0
3.46,0,0,0,0,0,0,0,0,0,0,0,0,0,0,0,0,0,0
3.47,0,0,0,0,0,0,0,0,0,0,0,0,0,0,0,0,0,0
3.48,0,0,0,0,0,0,0,0,0,0,0,0,0,0,0,0,0,0
3.49,0,0,0,0,0,0,0,0,0,0,0,0,0,0,0,0,0,0
3.5,0,0,0,0,0,0,0,0,0,0,0,0,0,0,0,0,0,0
3.51,0,0,0,0,0,0,0,0,0,0,0,0,0,0,0,0,0,0
3.52,0,0,0,0,0,0,0,0,0,0,0,0,0,0,0,0,0,0
3.53,0,0,0,0,0,0,0,0,0,0,0,0,0,0,0,0,0,0
3.54,0,0,0,0,0,0,0,0,0,0,0,0,0,0,0,0,0,0
3.55,0,0,0,0,0,0,0,0,0,0,0,0,0,0,0,0,0,0
3.56,0,0,0,0,0,0,0,0,0,0,0,0,0,0,0,0,0,0
3.57,0,0,0,0,0,0,0,0,0,0,0,0,0,0,0,0,0,0
3.58,0,0,0,0,0,0,0,0,0,0,0,0,0,0,0,0,0,0
3.59,0,0,0,0,0,0,0,0,0,0,0,0,0,0,0,0,0,0
3.6,0,0,0,0,0,0,0,0,0,0,0,0,0,0,0,0,0,0
3.61,0,0,0,0,0,0,0,0,0,0,0,0,0,0,0,0,0,0
3.62,0,0,0,0,0,0,0,0,0,0,0,0,0,0,0,0,0,0
3.63,0,0,0,0,0,0,0,0,0,0,0,0,0,0,0,0,0,0
3.64,0,0,0,0,0,0,0,0,0,0,0,0,0,0,0,0,0,0
3.65,0,0,0,0,0,0,0,0,0,0,0,0,0,0,0,0,0,0
3.66,0,0,0,0,0,0,0,0,0,0,0,0,0,0,0,0,0,0
3.67,0,0,0,0,0,0,0,0,0,0,0,0,0,0,0,0,0,0
3.68,0,0,0,0,0,0,0,0,0,0,0,0,0,0,0,0,0,0
3.69,0,0,0,0,0,0,0,0,0,0,0,0,0,0,0,0,0,0
3.7,0,0,0,0,0,0,0,0,0,0,0,0,0,0,0,0,0,0
3.71,0,0,0,0,0,0,0,0,0,0,0,0,0,0,0,0,0,0
3.72,0,0,0,0,0,0,0,0,0,0,0,0,0,0,0,0,0,0
3.73,0,0,0,0,0,0,0,0,0,0,0,0,0,0,0,0,0,0
3.74,0,0,0,0,0,0,0,0,0,0,0,0,0,0,0,0,0,0
3.75,0,0,0,0,0,0,0,0,0,0,0,0,0,0,0,0,0,0
3.76,0,0,0,0,0,0,0,0,0,0,0,0,0,0,0,0,0,0
3.77,0,0,0,0,0,0,0,0,0,0,0,0,0,0,0,0,0,0
3.78,0,0,0,0,0,0,0,0,0,0,0,0,0,0,0,0,0,0
3.79,0,0,0,0,0,0,0,0,0,0,0,0,0,0,0,0,0,0
3.8,0,0,0,0,0,0,0,0,0,0,0,0,0,0,0,0,0,0
3.81,0,0,0,0,0,0,0,0,0,0,0,0,0,0,0,0,0,0
3.82,0,0,0,0,0,0,0,0,0,0,0,0,0,0,0,0,0,0
3.83,0,0,0,0,0,0,0,0,0,0,0,0,0,0,0,0,0,0
3.84,0,0,0,0,0,0,0,0,0,0,0,0,0,0,0,0,0,0
3.85,0,0,0,0,0,0,0,0,0,0,0,0,0,0,0,0,0,0
3.86,0,0,0,0,0,0,0,0,0,0,0,0,0,0,0,0,0,0
3.87,0,0,0,0,0,0,0,0,0,0,0,0,0,0,0,0,0,0
3.88,0,0,0,0,0,0,0,0,0,0,0,0,0,0,0,0,0,0
3.89,0,0,0,0,0,0,0,0,0,0,0,0,0,0,0,0,0,0
3.9,0,0,0,0,0,0,0,0,0,0,0,0,0,0,0,0,0,0
3.91,0,0,0,0,0,0,0,0,0,0,0,0,0,0,0,0,0,0
3.92,0,0,0,0,0,0,0,0,0,0,0,0,0,0,0,0,0,0
3.93,0,0,0,0,0,0,0,0,0,0,0,0,0,0,0,0,0,0
3.94,0,0,0,0,0,0,0,0,0,0,0,0,0,0,0,0,0,0
3.95,0,0,0,0,0,0,0,0,0,0,0,0,0,0,0,0,0,0
3.96,0,0,0,0,0,0,0,0,0,0,0,0,0,0,0,0,0,0
3.97,0,0,0,0,0,0,0,0,0,0,0,0,0,0,0,0,0,0
3.98,0,0,0,0,0,0,0,0,0,0,0,0,0,0,0,0,0,0
3.99,0,0,0,0,0,0,0,0,0,0,0,0,0,0,0,0,0,0
4,0,0,0,0,0,0,0,0,0,0,0,0,0,0,0,0,0,0
4.01,0,0,0,0,0,0,0,0,0,0,0,0,0,0,0,0,0,0
4.02,0,0,0,0,0,0,0,0,0,0,0,0,0,0,0,0,0,0
4.03,0,0,0,0,0,0,0,0,0,0,0,0,0,0,0,0,0,0
4.04,0,0,0,0,0,0,0,0,0,0,0,0,0,0,0,0,0,0
4.05,0,0,0,0,0,0,0,0,0,0,0,0,0,0,0,0,0,0
4.06,0,0,0,0,0,0,0,0,0,0,0,0,0,0,0,0,0,0
4.07,0,0,0,0,0,0,0,0,0,0,0,0,0,0,0,0,0,0
4.08,0,0,0,0,0,0,0,0,0,0,0,0,0,0,0,0,0,0
4.09,0,0,0,0,0,0,0,0,0,0,0,0,0,0,0,0,0,0
4.1,0,0,0,0,0,0,0,0,0,0,0,0,0,0,0,0,0,0
4.11,0,0,0,0,0,0,0,0,0,0,0,0,0,0,0,0,0,0
4.12,0,0,0,0,0,0,0,0,0,0,0,0,0,0,0,0,0,0
4.13,0,0,0,0,0,0,0,0,0,0,0,0,0,0,0,0,0,0
4.14,0,0,0,0,0,0,0,0,0,0,0,0,0,0,0,0,0,0
4.15,0,0,0,0,0,0,0,0,0,0,0,0,0,0,0,0,0,0
4.16,0,0,0,0,0,0,0,0,0,0,0,0,0,0,0,0,0,0
4.17,0,0,0,0,0,0,0,0,0,0,0,0,0,0,0,0,0,0
4.18,0,0,0,0,0,0,0,0,0,0,0,0,0,0,0,0,0,0
4.19,0,0,0,0,0,0,0,0,0,0,0,0,0,0,0,0,0,0
4.2,0,0,0,0,0,0,0,0,0,0,0,0,0,0,0,0,0,0
4.21,0,0,0,0,0,0,0,0,0,0,0,0,0,0,0,0,0,0
4.22,0,0,0,0,0,0,0,0,0,0,0,0,0,0,0,0,0,0
4.23,0,0,0,0,0,0,0,0,0,0,0,0,0,0,0,0,0,0
4.24,0,0,0,0,0,0,0,0,0,0,0,0,0,0,0,0,0,0
4.25,0,0,0,0,0,0,0,0,0,0,0,0,0,0,0,0,0,0
4.26,0,0,0,0,0,0,0,0,0,0,0,0,0,0,0,0,0,0
4.27,0,0,0,0,0,0,0,0,0,0,0,0,0,0,0,0,0,0
4.28,0,0,0,0,0,0,0,0,0,0,0,0,0,0,0,0,0,0
4.29,0,0,0,0,0,0,0,0,0,0,0,0,0,0,0,0,0,0
4.3,0,0,0,0,0,0,0,0,0,0,0,0,0,0,0,0,0,0
4.31,0,0,0,0,0,0,0,0,0,0,0,0,0,0,0,0,0,0
4.32,0,0,0,0,0,0,0,0,0,0,0,0,0,0,0,0,0,0
4.33,0,0,0,0,0,0,0,0,0,0,0,0,0,0,0,0,0,0
4.34,0,0,0,0,0,0,0,0,0,0,0,0,0,0,0,0,0,0
4.35,0,0,0,0,0,0,0,0,0,0,0,0,0,0,0,0,0,0
4.36,0,0,0,0,0,0,0,0,0,0,0,0,0,0,0,0,0,0
4.37,0,0,0,0,0,0,0,0,0,0,0,0,0,0,0,0,0,0
4.38,0,0,0,0,0,0,0,0,0,0,0,0,0,0,0,0,0,0
4.39,0,0,0,0,0,0,0,0,0,0,0,0,0,0,0,0,0,0
4.4,0,0,0,0,0,0,0,0,0,0,0,0,0,0,0,0,0,0
4.41,0,0,0,0,0,0,0,0,0,0,0,0,0,0,0,0,0,0
4.42,0,0,0,0,0,0,0,0,0,0,0,0,0,0,0,0,0,0
4.43,0,0,0,0,0,0,0,0,0,0,0,0,0,0,0,0,0,0
4.44,0,0,0,0,0,0,0,0,0,0,0,0,0,0,0,0,0,0
4.45,0,0,0,0,0,0,0,0,0,0,0,0,0,0,0,0,0,0
4.46,0,0,0,0,0,0,0,0,0,0,0,0,0,0,0,0,0,0
4.47,0,0,0,0,0,0,0,0,0,0,0,0,0,0,0,0,0,0
4.48,0,0,0,0,0,0,0,0,0,0,0,0,0,0,0,0,0,0
4.49,0,0,0,0,0,0,0,0,0,0,0,0,0,0,0,0,0,0
4.5,0,0,0,0,0,0,0,0,0,0,0,0,0,0,0,0,0,0
4.51,0,0,0,0,0,0,0,0,0,0,0,0,0,0,0,0,0,0
4.52,0,0,0,0,0,0,0,0,0,0,0,0,0,0,0,0,0,0
4.53,0,0,0,0,0,0,0,0,0,0,0,0,0,0,0,0,0,0
4.54,0,0,0,0,0,0,0,0,0,0,0,0,0,0,0,0,0,0
4.55,0,0,0,0,0,0,0,0,0,0,0,0,0,0,0,0,0,0
4.56,0,0,0,0,0,0,0,0,0,0,0,0,0,0,0,0,0,0
4.57,0,0,0,0,0,0,0,0,0,0,0,0,0,0,0,0,0,0
4.58,0,0,0,0,0,0,0,0,0,0,0,0,0,0,0,0,0,0
4.59,0,0,0,0,0,0,0,0,0,0,0,0,0,0,0,0,0,0
4.6,0,0,0,0,0,0,0,0,0,0,0,0,0,0,0,0,0,0
4.61,0,0,0,0,0,0,0,0,0,0,0,0,0,0,0,0,0,0
4.62,0,0,0,0,0,0,0,0,0,0,0,0,0,0,0,0,0,0
4.63,0,0,0,0,0,0,0,0,0,0,0,0,0,0,0,0,0,0
4.64,0,0,0,0,0,0,0,0,0,0,0,0,0,0,0,0,0,0
4.65,0,0,0,0,0,0,0,0,0,0,0,0,0,0,0,0,0,0
4.66,0,0,0,0,0,0,0,0,0,0,0,0,0,0,0,0,0,0
4.67,0,0,0,0,0,0,0,0,0,0,0,0,0,0,0,0,0,0
4.68,0,0,0,0,0,0,0,0,0,0,0,0,0,0,0,0,0,0
4.69,0,0,0,0,0,0,0,0,0,0,0,0,0,0,0,0,0,0
4.7,0,0,0,0,0,0,0,0,0,0,0,0,0,0,0,0,0,0
4.71,0,0,0,0,0,0,0,0,0,0,0,0,0,0,0,0,0,0
4.72,0,0,0,0,0,0,0,0,0,0,0,0,0,0,0,0,0,0
4.73,0,0,0,0,0,0,0,0,0,0,0,0,0,0,0,0,0,0
4.74,0,0,0,0,0,0,0,0,0,0,0,0,0,0,0,0,0,0
4.75,0,0,0,0,0,0,0,0,0,0,0,0,0,0,0,0,0,0
4.76,0,0,0,0,0,0,0,0,0,0,0,0,0,0,0,0,0,0
4.77,0,0,0,0,0,0,0,0,0,0,0,0,0,0,0,0,0,0
4.78,0,0,0,0,0,0,0,0,0,0,0,0,0,0,0,0,0,0
4.79,0,0,0,0,0,0,0,0,0,0,0,0,0,0,0,0,0,0
4.8,0,0,0,0,0,0,0,0,0,0,0,0,0,0,0,0,0,0
4.81,0,0,0,0,0,0,0,0,0,0,0,0,0,0,0,0,0,0
4.82,0,0,0,0,0,0,0,0,0,0,0,0,0,0,0,0,0,0
4.83,0,0,0,0,0,0,0,0,0,0,0,0,0,0,0,0,0,0
4.84,0,0,0,0,0,0,0,0,0,0,0,0,0,0,0,0,0,0
4.85,0,0,0,0,0,0,0,0,0,0,0,0,0,0,0,0,0,0
4.86,0,0,0,0,0,0,0,0,0,0,0,0,0,0,0,0,0,0
4.87,0,0,0,0,0,0,0,0,0,0,0,0,0,0,0,0,0,0
4.88,0,0,0,0,0,0,0,0,0,0,0,0,0,0,0,0,0,0
4.89,0,0,0,0,0,0,0,0,0,0,0,0,0,0,0,0,0,0
4.9,0,0,0,0,0,0,0,0,0,0,0,0,0,0,0,0,0,0
4.91,0,0,0,0,0,0,0,0,0,0,0,0,0,0,0,0,0,0
4.92,0,0,0,0,0,0,0,0,0,0,0,0,0,0,0,0,0,0
4.93,0,0,0,0,0,0,0,0,0,0,0,0,0,0,0,0,0,0
4.94,0,0,0,0,0,0,0,0,0,0,0,0,0,0,0,0,0,0
4.95,0,0,0,0,0,0,0,0,0,0,0,0,0,0,0,0,0,0
4.96,0,0,0,0,0,0,0,0,0,0,0,0,0,0,0,0,0,0
4.97,0,0,0,0,0,0,0,0,0,0,0,0,0,0,0,0,0,0
4.98,0,0,0,0,0,0,0,0,0,0,0,0,0,0,0,0,0,0
4.99,0,0,0,0,0,0,0,0,0,0,0,0,0,0,0,0,0,0
5,0,0,0,0,0,0,0,0,0,0,0,0,0,0,0,0,0,0
5.01000067329044,2.75682783627638e-11,1.10191458600531e-08,3.30181130009635e-06,1.10273113451055e-11,4.40765834402125e-09,1.32072452003854e-06,0,0,0,0,0,0,0,0,0,0,0,0
5.02000134658088,4.39905791869433e-10,8.7856687868447e-08,1.31480033238843e-05,1.75962316747773e-10,3.51426751473788e-08,5.25920132955372e-06,0,0,0,0,0,0,0,0,0,0,0,0
5.03000201987132,2.22102682991661e-09,2.9551795094276e-07,2.9450087405207e-05,8.88410731966645e-10,1.18207180377104e-07,1.17800349620828e-05,0,0,0,0,0,0,0,0,0,0,0,0
5.04000269316176,7.0006259746775e-09,6.98125804700525e-07,5.21200728454619e-05,2.800250389871e-09,2.7925032188021e-07,2.08480291381847e-05,0,0,0,0,0,0,0,0,0,0,0,0
5.0500033664522,1.70452778369883e-08,1.35892563786193e-06,8.1070465792052e-05,6.81811113479533e-09,5.43570255144772e-07,3.24281863168208e-05,0,0,0,0,0,0,0,0,0,0,0,0
5.06000403974264,3.5249686483526e-08,2.34029032143627e-06,0.000116214268116838,1.40998745934104e-08,9.36116128574509e-07,4.6485707246735e-05,0,0,0,0,0,0,0,0,0,0,0,0
5.07000471303308,6.5127984443107e-08,3.70372516069218e-06,0.000157464976294588,2.60511937772428e-08,1.48149006427687e-06,6.2985990517835e-05,0,0,0,0,0,0,0,0,0,0,0,0
5.08000538632352,1.10805081179938e-07,5.5098728359116e-06,0.000204736580281431,4.43220324719751e-08,2.20394913436464e-06,8.18946321125723e-05,0,0,0,0,0,0,0,0,0,0,0,0
5.09000605961396,1.77008060921646e-07,7.8185183319275e-06,0.000257943562393308,7.08032243686585e-08,3.127407332771e-06,0.000103177424957323,0,0,0,0,0,0,0,0,0,0,0,0
5.1000067329044,2.69057629729925e-07,1.06885938564454e-05,0.000317000896184422,1.0762305189197e-07,4.27543754257816e-06,0.000126800358473769,0,0,0,0,0,0,0,0,0,0,0,0
5.11000740619484,3.92859611701614e-07,1.41781837471486e-05,0.000381824045325691,1.57143844680646e-07,5.67127349885945e-06,0.000152729618130276,0,0,0,0,0,0,0,0,0,0,0,0
5.12000807948528,5.5489649418806e-07,1.83445293675873e-05,0.000452328962483198,2.21958597675224e-07,7.33781174703492e-06,0.000180931584993279,0,0,0,0,0,0,0,0,0,0,0,0
5.13000875277572,7.62219021920572e-07,2.32440339918511e-05,0.000528432088196646,3.04887608768229e-07,9.29761359674045e-06,0.000211372835278658,0,0,0,0,0,0,0,0,0,0,0,0
5.14000942606616,1.02243783992981e-06,2.89322676780259e-05,0.000610050349757803,4.08975135971923e-07,1.15729070712104e-05,0.000244020139903121,0,0,0,0,0,0,0,0,0,0,0,0
5.1500100993566,1.34371518514693e-06,3.54639721304339e-05,0.000697101160088959,5.37486074058773e-07,1.41855888521736e-05,0.000278840464035584,0,0,0,0,0,0,0,0,0,0,0,0
5.16001077264704,1.73475662657435e-06,4.28930655506579e-05,0.000789502416621377,6.93902650629739e-07,1.71572262202632e-05,0.000315800966648551,0,0,0,0,0,0,0,0,0,0,0,0
5.17001144593748,2.20480285391387e-06,5.12726474773487e-05,0.000887172500173741,8.81921141565547e-07,2.05090589909395e-05,0.000354869000069496,0,0,0,0,0,0,0,0,0,0,0,0
5.18001211922792,2.76362151454013e-06,6.06550036148173e-05,0.000990030273830611,1.10544860581605e-06,2.42620014459269e-05,0.000396012109532244,0,0,0,0,0,0,0,0,0,0,0,0
5.19001279251836,3.4214990987071e-06,7.10916106504096e-05,0.00109799508182087,1.36859963948284e-06,2.84366442601639e-05,0.000439198032728349,0,0,0,0,0,0,0,0,0,0,0,0
5.2000134658088,4.18923287287546e-06,8.26331410606659e-05,0.00121098674839619,1.67569314915018e-06,3.30532564242664e-05,0.000484394699358475,0,0,0,0,0,0,0,0,0,0,0,0
5.21001413909924,5.07812286104878e-06,9.53294679062636e-05,0.00132892557670945,2.03124914441951e-06,3.81317871625054e-05,0.00053157023068378,0,0,0,0,0,0,0,0,0,0,0,0
5.22001481238968,6.09996387400624e-06,0.000109229669615744,0.00145173234769323,2.43998554960249e-06,4.36918678462975e-05,0.000580692939077293,0,0,0,0,0,0,0,0,0,0,0,0
5.23001548568012,7.26703758631974e-06,0.000124382034758022,0.00157932831893824,2.9068150345279e-06,4.97528139032087e-05,0.000631731327575294,0,0,0,0,0,0,0,0,0,0,0,0
5.24001615897056,8.59210466104329e-06,0.000140834066803681,0.00171163522357175,3.43684186441731e-06,5.63336267214723e-05,0.000684654089428701,0,0,0,0,0,0,0,0,0,0,0,0
5.250016832261,1.00883969219624e-05,0.00015863248887505,0.0018485752691361,4.03535876878495e-06,6.34529955500202e-05,0.000739430107654441,0,0,0,0,0,0,0,0,0,0,0,0
5.26001750555144,1.17696095732913e-05,0.000177823248485068,0.00199007113646709,4.70784382931652e-06,7.11292993940272e-05,0.000796028454586837,0,0,0,0,0,0,0,0,0,0,0,0
5.27001817884188,1.36498934667063e-05,0.000198451522264924,0.00213604597857247,5.4599573866825e-06,7.93806089059697e-05,0.00085441839142899,0,0,0,0,0,0,0,0,0,0,0,0
5.28001885213232,1.57438474156018e-05,0.000220561720680492,0.00228642341951038,6.29753896624073e-06,8.82246882721967e-05,0.000914569367804152,0,0,0,0,0,0,0,0,0,0,0,0
5.29001952542276,1.8066510556459e-05,0.000244197492737538,0.00244112755326778,7.22660422258361e-06,9.76789970950153e-05,0.000976451021307114,0,0,0,0,0,0,0,0,0,0,0,0
5.3000201987132,2.06333547572125e-05,0.000269401730675724,0.00260008294263896,8.25334190288498e-06,0.00010776069227029,0.00104003317705558,0,0,0,0,0,0,0,0,0,0,0,0
5.31002087200365,2.34602770725045e-05,0.000296216574651382,0.00276321461810391,9.3841108290018e-06,0.000118486629860553,0.00110528584724157,0,0,0,0,0,0,0,0,0,0,0,0
5.32002154529409,2.65635922457144e-05,0.00032468341740908,0.00293044807670686,1.06254368982858e-05,0.000129873366963632,0.00117217923068274,0,0,0,0,0,0,0,0,0,0,0,0
5.33002221858453,2.99600252576503e-05,0.000354842908941972,0.00310170928093464,1.19840101030601e-05,0.000141937163576789,0.00124068371237386,0,0,0,0,0,0,0,0,0,0,0,0
5.34002289187497,3.3666703921791e-05,0.000386734961140928,0.00327692465759521,1.34666815687164e-05,0.000154693984456371,0.00131076986303808,0,0,0,0,0,0,0,0,0,0,0,0
5.35002356516541,3.77011515259674e-05,0.000420398752432449,0.00345602109669608,1.5080460610387e-05,0.00016815950097298,0.00138240843867843,0,0,0,0,0,0,0,0,0,0,0,0
5.36002423845585,4.20812795203688e-05,0.000455872732405369,0.00363892595032274,1.68325118081475e-05,0.000182349092962147,0.00145557038012909,0,0,0,0,0,0,0,0,0,0,0,0
5.37002491174629,4.6825380251764e-05,0.000493194626426332,0.00382556703151714,1.87301521007056e-05,0.000197277850570533,0.00153022681260686,0,0,0,0,0,0,0,0,0,0,0,0
5.38002558503673,5.19521197438241e-05,0.000532401440244067,0.00401587261315615,2.07808478975297e-05,0.000212960576097627,0.00160634904526246,0,0,0,0,0,0,0,0,0,0,0,0
5.39002625832717,5.7480530523435e-05,0.000573529464582432,0.00420977142682997,2.2992212209374e-05,0.000229411785832973,0.00168390857073199,0,0,0,0,0,0,0,0,0,0,0,0
5.40002693161761,6.34300044928872e-05,0.000616614279722252,0.00440719266172063,2.53720017971549e-05,0.000246645711888901,0.00176287706468825,0,0,0,0,0,0,0,0,0,0,0,0
5.41002760490805,6.9820285847831e-05,0.000661690760071933,0.00460806596348039,2.79281143391324e-05,0.000264676304028773,0.00184322638539216,0,0,0,0,0,0,0,0,0,0,0,0
5.42002827819849,7.66714640408854e-05,0.000708793078726869,0.00481232143311026,3.06685856163542e-05,0.000283517231490748,0.0019249285732441,0,0,0,0,0,0,0,0,0,0,0,0
5.43002895148893,8.40039667907872e-05,0.000757954712017624,0.00501988962583837,3.36015867163149e-05,0.000303181884807049,0.00200795585033535,0,0,0,0,0,0,0,0,0,0,0,0
5.44002962477937,9.18385531369694e-05,0.000809208444046902,0.00523070154999849,3.67354212547877e-05,0.000323683377618761,0.00209228061999939,0,0,0,0,0,0,0,0,0,0,0,0
5.45003029806981,0.000100196306539456,0.000862586371215301,0.00544468866590843,4.00785226157824e-05,0.00034503454848612,0.00217787546636337,0,0,0,0,0,0,0,0,0,0,0,0
5.46003097136025,0.000109098628023962,0.000918119906735847,0.00566178288474854,4.36394512095848e-05,0.000367247962694339,0.00226471315389942,0,0,0,0,0,0,0,0,0,0,0,0
5.47003164465069,0.000118567229372085,0.000975839785137321,0.00588191656744013,4.74268917488339e-05,0.000390335914054928,0.00235276662697605,0,0,0,0,0,0,0,0,0,0,0,0
5.48003231794113,0.000128624126356476,0.00103577606675636,0.00610502252352391,5.14496505425902e-05,0.000414310426702542,0.00244200900940956,0,0,0,0,0,0,0,0,0,0,0,0
5.49003299123157,0.000139291632020881,0.00109795814221833,0.00633103401003848,5.57166528083522e-05,0.000439183256887331,0.00253241360401539,0,0,0,0,0,0,0,0,0,0,0,0
5.50003366452201,0.000150592350004935,0.00116241473690703,0.00655988473039876,6.02369400019742e-05,0.000464965894762812,0.0026239538921595,0,0,0,0,0,0,0,0,0,0,0,0
5.51003433781245,0.000162549167913606,0.00122917391542312,0.00679150883327443,6.50196671654423e-05,0.000491669566169249,0.00271660353330977,0,0,0,0,0,0,0,0,0,0,0,0
5.52003501110289,0.000175185250731157,0.00129826308603138,0.0070258409114684,7.00741002924627e-05,0.000519305234412552,0.00281033636458736,0,0,0,0,0,0,0,0,0,0,0,0
5.53003568439333,0.000188524034279545,0.00136970900509671,0.00726281600079526,7.54096137118178e-05,0.000547883602038683,0.00290512640031811,0,0,0,0,0,0,0,0,0,0,0,0
5.54003635768377,0.000202589218721113,0.00144353778150895,0.00750236957895974,8.10356874884451e-05,0.000577415112603581,0.00300094783158389,0,0,0,0,0,0,0,0,0,0,0,0
5.55003703097421,0.000217404762105485,0.00151977488109649,0.00774443756443511,8.6961904842194e-05,0.000607909952438598,0.00309777502577404,0,0,0,0,0,0,0,0,0,0,0,0
5.56003770426465,0.000232994873960539,0.00159844513102861,0.00798895631534169,9.31979495842158e-05,0.000639378052411444,0.00319558252613668,0,0,0,0,0,0,0,0,0,0,0,0
5.57003837755509,0.000249384008927356,0.00167957272420665,0.00823586262832531,9.97536035709423e-05,0.00067182908968266,0.00329434505133012,0,0,0,0,0,0,0,0,0,0,0,0
5.58003905084553,0.000266596860439018,0.00176318122364396,0.00848509373743568,0.000106638744175607,0.000705272489457585,0.00339403749497427,0,0,0,0,0,0,0,0,0,0,0,0
5.59003972413597,0.000284658354443164,0.00184929356683463,0.00873658731300493,0.000113863341777266,0.000739717426733852,0.00349463492520197,0,0,0,0,0,0,0,0,0,0,0,0
5.60004039742641,0.000303593643168175,0.00193793207011098,0.00899028146052602,0.00012143745726727,0.000775172828044392,0.00359611258421041,0,0,0,0,0,0,0,0,0,0,0,0
5.61004107071685,0.000323428098932873,0.00202911843298986,0.00924611471953119,0.000129371239573149,0.000811647373195946,0.00369844588781248,0,0,0,0,0,0,0,0,0,0,0,0
5.62004174400729,0.000344187307999647,0.00212287374250775,0.00950402606247042,0.000137674923199859,0.000849149497003102,0.00380161042498817,0,0,0,0,0,0,0,0,0,0,0,0
5.63004241729773,0.000365897064470861,0.00221921847754458,0.00976395489358988,0.000146358825788344,0.000887687391017834,0.00390558195743595,0,0,0,0,0,0,0,0,0,0,0,0
5.64004309058817,0.000388583364228453,0.00231817251313641,0.0100258410478104,0.000155433345691381,0.000927269005254566,0.00401033641912416,0,0,0,0,0,0,0,0,0,0,0,0
5.65004376387861,0.00041227239891661,0.00241975512477684,0.0102896247896059,0.000164908959566644,0.000967902049910737,0.00411584991584235,0,0,0,0,0,0,0,0,0,0,0,0
5.66004443716905,0.000436990549967401,0.00252398499270722,0.0105552468118817,0.00017479621998696,0.00100959399708289,0.0042220987247527,0,0,0,0,0,0,0,0,0,0,0,0
5.67004511045949,0.000462764382669259,0.00263088020619567,0.0108226482348535,0.000185105753067704,0.00105235208247827,0.00432905929394139,0,0,0,0,0,0,0,0,0,0,0,0
5.68004578374993,0.0004896206402782,0.00274045826780481,0.0110917706049249,0.00019584825611128,0.00109618330712193,0.00443670824196998,0,0,0,0,0,0,0,0,0,0,0,0
5.69004645704037,0.000517586238171668,0.0028527360976484,0.011362555893567,0.000207034495268667,0.00114109443905936,0.00454502235742678,0,0,0,0,0,0,0,0,0,0,0,0
5.70004713033081,0.000546688258044891,0.00296773003763659,0.0116349464961957,0.000218675303217957,0.00118709201505464,0.00465397859847826,0,0,0,0,0,0,0,0,0,0,0,0
5.71004780362125,0.000576953942149637,0.00308545585571015,0.011908885231051,0.000230781576859855,0.00123418234228406,0.00476355409242039,0,0,0,0,0,0,0,0,0,0,0,0
5.72004847691169,0.000608410687575257,0.00320592875006331,0.0121843153380751,0.000243364275030103,0.00128237150002532,0.00487372613523005,0,0,0,0,0,0,0,0,0,0,0,0
5.73004915020213,0.00064108604057191,0.00332916335335548,0.012461180477791,0.000256434416228764,0.00133166534134219,0.0049844721911164,0,0,0,0,0,0,0,0,0,0,0,0
5.74004982349257,0.000675007690915844,0.00345517373691178,0.0127394247301807,0.000270003076366337,0.00138206949476471,0.00509576989207226,0,0,0,0,0,0,0,0,0,0,0,0
5.75005049678301,0.000710203466316631,0.00358397341491221,0.0130189925935638,0.000284081386526653,0.00143358936596488,0.00520759703742551,0,0,0,0,0,0,0,0,0,0,0,0
5.76005117007345,0.000746701326866247,0.00371557534856979,0.0132998289834761,0.000298680530746499,0.00148623013942791,0.00531993159339043,0,0,0,0,0,0,0,0,0,0,0,0
5.77005184336389,0.000784529359529867,0.00384999195029733,0.0135818792315478,0.000313811743811947,0.00153999678011893,0.00543275169261911,0,0,0,0,0,0,0,0,0,0,0,0
5.78005251665433,0.00082371577267829,0.0039872350878631,0.0138650890843821,0.000329486309071316,0.00159489403514524,0.00554603563375283,0,0,0,0,0,0,0,0,0,0,0,0
5.79005318994477,0.000864288890661854,0.0041273160885352,0.0141494047024336,0.000345715556264742,0.00165092643541408,0.00565976188097345,0,0,0,0,0,0,0,0,0,0,0,0
5.80005386323521,0.00090627714842575,0.00427024574321473,0.0144347726588869,0.0003625108593703,0.00170809829728589,0.00577390906355475,0,0,0,0,0,0,0,0,0,0,0,0
5.81005453652565,0.00094970908616661,0.00441603431055779,0.0147211399385346,0.000379883634466644,0.00176641372422312,0.00588845597541384,0,0,0,0,0,0,0,0,0,0,0,0
5.82005520981609,0.000994613344030266,0.00456469152108623,0.0150084539366564,0.000397845337612106,0.00182587660843449,0.00600338157466254,0,0,0,0,0,0,0,0,0,0,0,0
5.83005588310653,0.00104101865685055,0.00471622658128716,0.015296662457897,0.000416407462740222,0.00188649063251486,0.00611866498315879,0,0,0,0,0,0,0,0,0,0,0,0
5.84005655639697,0.00108895384892908,0.00487064817770129,0.0155857137151448,0.00043558153957163,0.00194825927108051,0.00623428548605794,0,0,0,0,0,0,0,0,0,0,0,0
5.85005722968741,0.00113844782885577,0.00502796448100003,0.0158755563284106,0.000455379131542308,0.00201118579240001,0.00635022253136423,0,0,0,0,0,0,0,0,0,0,0,0
5.86005790297785,0.00118952958437022,0.00518818315005138,0.0161661393237053,0.000475811833748088,0.00207527326002055,0.00646645572948211,0,0,0,0,0,0,0,0,0,0,0,0
5.87005857626829,0.00124222817726356,0.0053513113359746,0.0164574121319192,0.000496891270905423,0.00214052453438984,0.00658296485276766,0,0,0,0,0,0,0,0,0,0,0,0
5.88005924955873,0.00129657273832086,0.00551735568618366,0.0167493245876999,0.000518629095328344,0.00220694227447346,0.00669972983507994,0,0,0,0,0,0,0,0,0,0,0,0
5.89005992284917,0.00135259246230393,0.00568632234841946,0.0170418269283309,0.000541036984921572,0.00227452893936778,0.00681673077133237,0,0,0,0,0,0,0,0,0,0,0,0
5.90006059613961,0.00141031660297434,0.0058582169747709,0.0173348697926103,0.000564126641189737,0.00234328678990836,0.00693394791704413,0,0,0,0,0,0,0,0,0,0,0,0
5.91006126943005,0.00146977446815666,0.00603304472568464,0.0176284042197288,0.000587909787262664,0.00241321789027386,0.00705136168789154,0,0,0,0,0,0,0,0,0,0,0,0
5.9200619427205,0.00153099541484167,0.00621081027396373,0.0179223816481486,0.000612398165936668,0.00248432410958549,0.00716895265925942,0,0,0,0,0,0,0,0,0,0,0,0
5.93006261601094,0.00159400884432958,0.00639151780875494,0.0182167539144813,0.000637603537731832,0.00255660712350198,0.0072867015657925,0,0,0,0,0,0,0,0,0,0,0,0
5.94006328930138,0.00165884419741301,0.00657517103952495,0.0185114732523669,0.000663537678965203,0.00263006841580998,0.00740458930094677,0,0,0,0,0,0,0,0,0,0,0,0
5.95006396259182,0.0017255309495997,0.00676177320002529,0.0188064922913522,0.000690212379839881,0.00270470928001012,0.00752259691654087,0,0,0,0,0,0,0,0,0,0,0,0
5.96006463588226,0.00179409860637485,0.00695132705224602,0.0191017640557687,0.000717639442549942,0.00278053082089841,0.00764070562230749,0,0,0,0,0,0,0,0,0,0,0,0
5.9700653091727,0.00186457669850287,0.00714383489035832,0.0193972419636119,0.000745830679401149,0.00285753395614333,0.00775889678544474,0,0,0,0,0,0,0,0,0,0,0,0
5.98006598246314,0.00193699477736856,0.00733929854464571,0.0196928798254188,0.000774797910947426,0.00293571941785828,0.0078771519301675,0,0,0,0,0,0,0,0,0,0,0,0
5.99006665575358,0.00201138241035754,0.00753771938542414,0.0199886318431471,0.000804552964143018,0.00301508775416966,0.00799545273725885,0,0,0,0,0,0,0,0,0,0,0,0
6.00006732904402,0.00208776917627581,0.00773909832695089,0.0202844526090536,0.000835107670510325,0.00309563933078036,0.00811378104362143,0,0,0,0,0,0,0,0,0,0,0,0
6.01006800233446,0.00216618466080835,0.00794343583132217,0.020580297104572,0.00086647386432334,0.00317737433252887,0.00823211884182879,0,0,0,0,0,0,0,0,0,0,0,0
6.0200686756249,0.00224665845201667,0.00815073191235957,0.0208761206991921,0.000898663380806666,0.00326029276494383,0.00835044827967682,0,0,0,0,0,0,0,0,0,0,0,0
6.03006934891534,0.00232922013587511,0.00836098613948526,0.0211718791493378,0.000931688054350042,0.00334439445579411,0.00846875165973512,0,0,0,0,0,0,0,0,0,0,0,0
6.04007002220578,0.00241389929184592,0.00857419764158599,0.0214675285972459,0.000965559716738368,0.0034296790566344,0.00858701143889835,0,0,0,0,0,0,0,0,0,0,0,0
6.05007069549622,0.00250072548849287,0.00879036511086587,0.0217630255698441,0.00100029019539715,0.00351614604434635,0.00870521022793764,0,0,0,0,0,0,0,0,0,0,0,0
6.06007136878666,0.00258972827913332,0.00900948680668791,0.0220583269776299,0.00103589131165333,0.00360379472267516,0.00882333079105196,0,0,0,0,0,0,0,0,0,0,0,0
6.0700720420771,0.00268093719752873,0.00923156055940442,0.0223533901135487,0.00107237487901149,0.00369262422376177,0.00894135604541949,0,0,0,0,0,0,0,0,0,0,0,0
6.08007271536754,0.00277438175361331,0.00945658377417608,0.0226481726518726,0.00110975270144533,0.00378263350967043,0.00905926906074902,0,0,0,0,0,0,0,0,0,0,0,0
6.09007338865798,0.00287009142926093,0.00968455343477989,0.0229426326470783,0.00114803657170437,0.00387382137391196,0.00917705305883133,0,0,0,0,0,0,0,0,0,0,0,0
6.10007406194842,0.00296809567408996,0.00991546610740587,0.0232367285327264,0.00118723826963598,0.00396618644296235,0.00929469141309057,0,0,0,0,0,0,0,0,0,0,0,0
6.11007473523886,0.00306842390130603,0.0101493179444425,0.023530419120339,0.00122736956052241,0.004059727177777,0.00941216764813561,0,0,0,0,0,0,0,0,0,0,0,0
6.1200754085293,0.00317110548358269,0.010386104688251,0.0238236635982786,0.00126844219343308,0.00415444187530041,0.00952946543931145,0,0,0,0,0,0,0,0,0,0,0,0
6.13007608181974,0.00327616974897964,0.0106258216749285,0.0241164215306265,0.00131046789959185,0.0042503286699714,0.00964656861225061,0,0,0,0,0,0,0,0,0,0,0,0
6.14007675511018,0.00338364597689856,0.0108684638380596,0.0244086528560612,0.00135345839075942,0.00434738553522385,0.0097634611424245,0,0,0,0,0,0,0,0,0,0,0,0
6.15007742840062,0.00349356339407649,0.0111140257124573,0.0247003178867369,0.0013974253576306,0.00444561028498293,0.00988012715469476,0,0,0,0,0,0,0,0,0,0,0,0
6.16007810169106,0.00360595117061646,0.0113625014378922,0.0249913773071618,0.00144238046824658,0.00454500057515687,0.00999655092286471,0,0,0,0,0,0,0,0,0,0,0,0
6.1700787749815,0.00372083841605542,0.0116138847628106,0.0252817921730767,0.00148833536642217,0.00464555390512424,0.0101127168692307,0,0,0,0,0,0,0,0,0,0,0,0
6.18007944827194,0.00383825417546927,0.0118681690480418,0.0255715239103336,0.00153530167018771,0.00474726761921673,0.0102286095641335,0,0,0,0,0,0,0,0,0,0,0,0
6.19008012156238,0.00395822742561493,0.0121253472704936,0.0258605343137738,0.00158329097024597,0.00485013890819745,0.0103442137255095,0,0,0,0,0,0,0,0,0,0,0,0
6.20008079485282,0.00408078707110925,0.0123854120268369,0.0261487855461065,0.0016323148284437,0.00495416481073475,0.0104595142184426,0,0,0,0,0,0,0,0,0,0,0,0
6.21008146814326,0.00420596194064487,0.0126483555371788,0.0264362401367874,0.00168238477625795,0.00505934221487153,0.010574496054715,0,0,0,0,0,0,0,0,0,0,0,0
6.2200821414337,0.00433378078324253,0.0129141696487253,0.0267228609808969,0.00173351231329701,0.00516566785949011,0.0106891443923587,0,0,0,0,0,0,0,0,0,0,0,0
6.23008281472414,0.00446427226454014,0.0131828458394314,0.0270086113380187,0.00178570890581606,0.00527313833577256,0.0108034445352075,0,0,0,0,0,0,0,0,0,0,0,0
6.24008348801458,0.00459746496311822,0.0134543752216414,0.0272934548311184,0.00183898598524729,0.00538175008865657,0.0109173819324474,0,0,0,0,0,0,0,0,0,0,0,0
6.25008416130502,0.00473338736686171,0.0137287485457171,0.0275773554454216,0.00189335494674468,0.00549149941828686,0.0110309421781686,0,0,0,0,0,0,0,0,0,0,0,0
6.26008483459546,0.00487206786935794,0.014005956203655,0.0278602775272925,0.00194882714774317,0.00560238248146201,0.011144111010917,0,0,0,0,0,0,0,0,0,0,0,0
6.2700855078859,0.00501353476633087,0.0142859882326924,0.0281421857831125,0.00200541390653235,0.00571439529307698,0.011256874313245,0,0,0,0,0,0,0,0,0,0,0,0
6.28008618117634,0.00515781625211115,0.0145688343189022,0.0284230452781586,0.00206312650084446,0.00582753372756089,0.0113692181112634,0,0,0,0,0,0,0,0,0,0,0,0
6.29008685446678,0.00530494041614226,0.0148544838007764,0.0287028214354815,0.0021219761664569,0.00594179352031057,0.0114811285741926,0,0,0,0,0,0,0,0,0,0,0,0
6.30008752775722,0.00545493523952224,0.0151429256727987,0.0289814800347846,0.0021819740958089,0.00605717026911947,0.0115925920139138,0,0,0,0,0,0,0,0,0,0,0,0
6.31008820104766,0.00560782859158128,0.0154341485890053,0.0292589872113022,0.00224313143663251,0.00617365943560211,0.0117035948845209,0,0,0,0,0,0,0,0,0,0,0,0
6.3200888743381,0.00576364822649472,0.0157281408665352,0.0295353094546777,0.00230545929059789,0.00629125634661406,0.0118141237818711,0,0,0,0,0,0,0,0,0,0,0,0
6.33008954762854,0.00592242177993158,0.0160248904891686,0.0298104136078425,0.00236896871197263,0.00640995619566745,0.011924165443137,0,0,0,0,0,0,0,0,0,0,0,0
6.34009022091898,0.0060841767657384,0.0163243851108549,0.0300842668658942,0.00243367070629536,0.00652975404434195,0.0120337067463577,0,0,0,0,0,0,0,0,0,0,0,0
6.35009089420942,0.00624894057265826,0.0166266120592283,0.0303568367749751,0.0024995762290633,0.0066506448236913,0.01214273470999,0,0,0,0,0,0,0,0,0,0,0,0
6.36009156749986,0.00641674046108502,0.0169315583391134,0.0306280912311505,0.00256669618443401,0.00677262333564535,0.0122512364924602,0,0,0,0,0,0,0,0,0,0,0,0
6.3700922407903,0.00658760355985241,0.0172392106360189,0.0308979984792876,0.00263504142394096,0.00689568425440755,0.012359199391715,0,0,0,0,0,0,0,0,0,0,0,0
6.38009291408074,0.00676155686305812,0.0175495553196202,0.0311665271119334,0.00270462274522325,0.00701982212784809,0.0124666108447733,0,0,0,0,0,0,0,0,0,0,0,0
6.39009358737118,0.00693862722692261,0.017862578447231,0.0314336460681934,0.00277545089076904,0.0071450313788924,0.0125734584272774,0,0,0,0,0,0,0,0,0,0,0,0
6.40009426066162,0.00711884136668262,0.0181782657672632,0.0316993246326102,0.00284753654667305,0.00727130630690529,0.0126797298530441,0,0,0,0,0,0,0,0,0,0,0,0
6.41009493395206,0.00730222585351915,0.0184966027226762,0.0319635324340417,0.00292089034140766,0.00739864108907047,0.0127854129736167,0,0,0,0,0,0,0,0,0,0,0,0
6.4200956072425,0.00748880711151997,0.0188175744544144,0.0322262394445397,0.00299552284460799,0.00752702978176577,0.0128904957778159,0,0,0,0,0,0,0,0,0,0,0,0
6.43009628053294,0.0076786114146764,0.0191411658048341,0.0324874159782282,0.00307144456587056,0.00765646632193365,0.0129949663912913,0,0,0,0,0,0,0,0,0,0,0,0
6.44009695382338,0.00787166488391431,0.0194673613211186,0.0327470326901822,0.00314866595356573,0.00778694452844743,0.0130988130760729,0,0,0,0,0,0,0,0,0,0,0,0
6.45009762711382,0.00806799348415921,0.0197961452586822,0.0330050605753057,0.00322719739366368,0.00791845810347289,0.0132020242301223,0,0,0,0,0,0,0,0,0,0,0,0
6.46009830040426,0.00826762302143538,0.0201275015845636,0.0332614709672104,0.00330704920857415,0.00805100063382545,0.0133045883868841,0,0,0,0,0,0,0,0,0,0,0,0
6.4700989736947,0.00847057913999878,0.0204614139808071,0.0335162355370941,0.00338823165599951,0.00818456559232285,0.0134064942148376,0,0,0,0,0,0,0,0,0,0,0,0
6.48009964698514,0.00867688731950383,0.0207978658478333,0.0337693262926192,0.00347075492780153,0.00831914633913334,0.0135077305170477,0,0,0,0,0,0,0,0,0,0,0,0
6.49010032027558,0.00888657287220377,0.0211368403077985,0.0340207155767911,0.00355462914888151,0.00845473612311938,0.0136082862307164,0,0,0,0,0,0,0,0,0,0,0,0
6.50010099356602,0.00909966094018457,0.0214783202079422,0.0342703760668367,0.00363986437607383,0.00859132808317688,0.0137081504267347,0,0,0,0,0,0,0,0,0,0,0,0
6.51010166685646,0.00931617649263228,0.0218222881239248,0.0345182807730829,0.00372647059705291,0.0087289152495699,0.0138073123092331,0,0,0,0,0,0,0,0,0,0,0,0
6.5201023401469,0.00953614432313369,0.0221687263631523,0.0347644030378346,0.00381445772925348,0.00886749054526093,0.0139057612151339,0,0,0,0,0,0,0,0,0,0,0,0
6.53010301343734,0.00975958904701022,0.0225176169680915,0.0350087165342541,0.00390383561880409,0.00900704678723662,0.0140034866137016,0,0,0,0,0,0,0,0,0,0,0,0
6.54010368672778,0.00998653509868481,0.0228689417195727,0.0352511952652384,0.00399461403947392,0.00914757668782907,0.0141004781060953,0,0,0,0,0,0,0,0,0,0,0,0
6.55010436001822,0.0102170067290819,0.0232226821400815,0.0354918135622985,0.00408680269163277,0.00928907285603261,0.0141967254249194,0,0,0,0,0,0,0,0,0,0,0,0
6.56010503330867,0.0104510280030603,0.0235788194970403,0.0357305460844377,0.00418041120122411,0.00943152779881612,0.0142922184337751,0,0,0,0,0,0,0,0,0,0,0,0
6.57010570659911,0.0106886227968785,0.023937334806077,0.0359673678170297,0.00427544911875139,0.0095749339224308,0.0143869471268119,0,0,0,0,0,0,0,0,0,0,0,0
6.58010637988955,0.0109298147956931,0.0242982088342839,0.0362022540706974,0.00437192591827722,0.00971928353371356,0.014480901628279,0,0,0,0,0,0,0,0,0,0,0,0
6.59010705317999,0.0111746274910894,0.0246614221034645,0.0364351804801911,0.00446985099643576,0.00986456884138578,0.0145740721920764,0,0,0,0,0,0,0,0,0,0,0,0
6.60010772647043,0.0114230841786447,0.0250269548933694,0.0366661230032673,0.00456923367145788,0.0100107819573478,0.0146664492013069,0,0,0,0,0,0,0,0,0,0,0,0
6.61010839976087,0.0116752079555235,0.0253947872449212,0.0368950579195667,0.0046700831822094,0.0101579148979685,0.0147580231678267,0,0,0,0,0,0,0,0,0,0,0,0
6.62010907305131,0.0119310217181053,0.0257648989634277,0.0371219618294929,0.00477240868724212,0.0103059595853711,0.0148487847317972,0,0,0,0,0,0,0,0,0,0,0,0
6.63010974634175,0.0121905481596443,0.0261372696217843,0.0373468116530912,0.00487621926385773,0.0104549078487137,0.0149387246612365,0,0,0,0,0,0,0,0,0,0,0,0
6.64011041963219,0.0124538097679611,0.0265118785636648,0.0375695846289261,0.00498152390718443,0.0106047514254659,0.0150278338515705,0,0,0,0,0,0,0,0,0,0,0,0
6.65011109292263,0.012720828823166,0.0268887049067015,0.0377902583129609,0.0050883315292664,0.0107554819626806,0.0151161033251844,0,0,0,0,0,0,0,0,0,0,0,0
6.66011176621307,0.0129916273954147,0.0272677275456536,0.0380088105774352,0.00519665095816589,0.0109070910182615,0.0152035242309741,0,0,0,0,0,0,0,0,0,0,0,0
6.67011243950351,0.013266227342695,0.0276489251555647,0.0382252196097439,0.00530649093707801,0.0110595700622259,0.0152900878438976,0,0,0,0,0,0,0,0,0,0,0,0
6.68011311279395,0.0135446503086451,0.0280322761949087,0.0384394639113155,0.00541786012345805,0.0112129104779635,0.0153757855645262,0,0,0,0,0,0,0,0,0,0,0,0
6.69011378608439,0.0138269177204037,0.028417758908725,0.0386515222964904,0.00553076708816149,0.01136710356349,0.0154606089185962,0,0,0,0,0,0,0,0,0,0,0,0
6.70011445937483,0.0141130507864909,0.0288053513317421,0.0388613738913998,0.00564522031459638,0.0115221405326968,0.0155445495565599,0,0,0,0,0,0,0,0,0,0,0,0
6.71011513266527,0.0144030704947209,0.0291950312914902,0.0390689981328436,0.00576122819788835,0.0116780125165961,0.0156275992531374,0,0,0,0,0,0,0,0,0,0,0,0
6.72011580595571,0.0146969976101447,0.0295867764114024,0.039274374767169,0.00587879904405789,0.011834710564561,0.0157097499068676,0,0,0,0,0,0,0,0,0,0,0,0
6.73011647924615,0.0149948526730254,0.0299805641139048,0.0394774838491494,0.00599794106921015,0.0119922256455619,0.0157909935396598,0,0,0,0,0,0,0,0,0,0,0,0
6.74011715253659,0.0152966559968425,0.0303763716234954,0.0396783057408623,0.00611866239873699,0.0121505486493982,0.0158713222963449,0,0,0,0,0,0,0,0,0,0,0,0
6.75011782582703,0.0156024276663284,0.0307741759698117,0.0398768211105678,0.00624097106653136,0.0123096703879247,0.0159507284442271,0,0,0,0,0,0,0,0,0,0,0,0
6.76011849911747,0.0159121875355348,0.031173953990687,0.0400730109315875,0.00636487501421392,0.0124695815962748,0.016029204372635,0,0,0,0,0,0,0,0,0,0,0,0
6.77011917240791,0.0162259552259297,0.0315756823351959,0.0402668564811825,0.00649038209037188,0.0126302729340784,0.016106742592473,0,0,0,0,0,0,0,0,0,0,0,0
6.78011984569835,0.0165437501245249,0.0319793374666881,0.040458339339432,0.00661750004980994,0.0127917349866753,0.0161833357357728,0,0,0,0,0,0,0,0,0,0,0,0
6.79012051898879,0.0168655913820337,0.0323848956658112,0.0406474413881118,0.00674623655281348,0.0129539582663245,0.0162589765552447,0,0,0,0,0,0,0,0,0,0,0,0
6.80012119227923,0.0171914979110591,0.0327923330335221,0.0408341448095728,0.00687659916442362,0.0131169332134088,0.0163336579238291,0,0,0,0,0,0,0,0,0,0,0,0
6.81012186556967,0.0175214883843113,0.0332016254940878,0.041018432085619,0.00700859535372452,0.0132806501976351,0.0164073728342476,0,0,0,0,0,0,0,0,0,0,0,0
6.82012253886011,0.0178555812328562,0.0336127487980741,0.0412002859963868,0.00714223249314247,0.0134450995192296,0.0164801143985547,0,0,0,0,0,0,0,0,0,0,0,0
6.83012321215055,0.0181937946443926,0.0340256785253237,0.0413796896192227,0.00727751785775704,0.0136102714101295,0.0165518758476891,0,0,0,0,0,0,0,0,0,0,0,0
6.84012388544099,0.0185361465615602,0.0344403900879227,0.041556626327562,0.00741445862462406,0.0137761560351691,0.0166226505310248,0,0,0,0,0,0,0,0,0,0,0,0
6.85012455873143,0.0188826546802763,0.0348568587331565,0.0417310797898074,0.00755306187211052,0.0139427434932626,0.016692431915923,0,0,0,0,0,0,0,0,0,0,0,0
6.86012523202187,0.0192333364481028,0.0352750595464534,0.0419030339682072,0.0076933345792411,0.0141100238185814,0.0167612135872829,0,0,0,0,0,0,0,0,0,0,0,0
6.87012590531231,0.0195882090626418,0.0356949674543185,0.0420724731177338,0.00783528362505671,0.0142779869817274,0.0168289892470935,0,0,0,0,0,0,0,0,0,0,0,0
6.88012657860275,0.0199472894699612,0.0361165572272548,0.0422393817849625,0.00797891578798448,0.0144466228909019,0.016895752713985,0,0,0,0,0,0,0,0,0,0,0,0
6.89012725189319,0.020310594363049,0.0365398034826741,0.0424037448069494,0.00812423774521961,0.0146159213930696,0.0169614979227798,0,0,0,0,0,0,0,0,0,0,0,0
6.90012792518363,0.0206781401802968,0.0369646806877964,0.0425655473101103,0.00827125607211874,0.0147858722751185,0.0170262189240441,0,0,0,0,0,0,0,0,0,0,0,0
6.91012859847407,0.0210499431040123,0.0373911631625381,0.0427247747090989,0.00841997724160491,0.0149564652650152,0.0170899098836395,0,0,0,0,0,0,0,0,0,0,0,0
6.92012927176451,0.0214260190589602,0.0378192250823888,0.0428814127056852,0.0085704076235841,0.0151276900329555,0.0171525650822741,0,0,0,0,0,0,0,0,0,0,0,0
6.93012994505495,0.021806383710933,0.0382488404812775,0.0430354472876344,0.00872255348437318,0.015299536192511,0.0172141789150538,0,0,0,0,0,0,0,0,0,0,0,0
6.94013061834539,0.0221910524653485,0.0386799832544264,0.0431868647275848,0.0088764209861394,0.0154719933017706,0.0172747458910339,0,0,0,0,0,0,0,0,0,0,0,0
6.95013129163583,0.0225800404658778,0.039112627161195,0.0433356515819264,0.00903201618635112,0.015645050864478,0.0173342606327706,0,0,0,0,0,0,0,0,0,0,0,0
6.96013196492627,0.0229733625931003,0.0395467458279116,0.0434817946896797,0.0091893450372401,0.0158186983311646,0.0173927178758719,0,0,0,0,0,0,0,0,0,0,0,0
6.97013263821671,0.0233710334631873,0.0399823127506944,0.0436252811713737,0.00934841338527491,0.0159929251002778,0.0174501124685495,0,0,0,0,0,0,0,0,0,0,0,0
6.98013331150715,0.0237730674266142,0.0404193012982613,0.0437660984279245,0.00950922697064569,0.0161677205193045,0.0175064393711698,0,0,0,0,0,0,0,0,0,0,0,0
6.99013398479759,0.0241794785669004,0.0408576847147283,0.043904234139514,0.00967179142676016,0.0163430738858913,0.0175616936558056,0,0,0,0,0,0,0,0,0,0,0,0
7.00013465808803,0.0245902806993768,0.0412974361223965,0.044039676264468,0.00983611227975071,0.0165189744489586,0.0176158705057872,0,0,0,0,0,0,0,0,0,0,0,0
7.01013533137847,0.0250054873699817,0.0417385285245283,0.0441724130381347,0.0100021949479927,0.0166954114098113,0.0176689652152539,0,0,0,0,0,0,0,0,0,0,0,0
7.02013600466891,0.0254251118540841,0.0421809348081123,0.0443024329717634,0.0101700447416337,0.0168723739232449,0.0177209731887053,0,0,0,0,0,0,0,0,0,0,0,0
7.03013667795935,0.025849167155335,0.0426246277466167,0.0444297248513827,0.010339666862134,0.0170498510986467,0.0177718899405531,0,0,0,0,0,0,0,0,0,0,0,0
7.04013735124979,0.0262776660045452,0.0430695800027318,0.0445542777366791,0.0105110664018181,0.0172278320010927,0.0178217110946716,0,0,0,0,0,0,0,0,0,0,0,0
7.05013802454023,0.0267106208585916,0.0435157641311012,0.0446760809598754,0.0106842483434367,0.0174063056524405,0.0178704323839502,0,0,0,0,0,0,0,0,0,0,0,0
7.06013869783067,0.0271480438993502,0.0439631525810414,0.0447951241246091,0.0108592175597401,0.0175852610324166,0.0179180496498437,0,0,0,0,0,0,0,0,0,0,0,0
7.07013937112111,0.0275899470326559,0.044411717699251,0.044911397104811,0.0110359788130624,0.0177646870797004,0.0179645588419244,0,0,0,0,0,0,0,0,0,0,0,0
7.08014004441155,0.0280363418872906,0.0448614317325078,0.0450248900435833,0.0112145367549162,0.0179445726930031,0.0180099560174333,0,0,0,0,0,0,0,0,0,0,0,0
7.09014071770199,0.0284872398139964,0.0453122668303554,0.0451355933520787,0.0113948959255986,0.0181249067321422,0.0180542373408315,0,0,0,0,0,0,0,0,0,0,0,0
7.10014139099243,0.0289426518845173,0.0457641950477781,0.045243497708378,0.0115770607538069,0.0183056780191112,0.0180973990833512,0,0,0,0,0,0,0,0,0,0,0,0
7.11014206428287,0.0294025888906665,0.0462171883478646,0.0453485940563694,0.0117610355562666,0.0184868753391459,0.0181394376225478,0,0,0,0,0,0,0,0,0,0,0,0
7.12014273757331,0.0298670613434208,0.0466712186044612,0.0454508736046263,0.0119468245373683,0.0186684874417845,0.0181803494418505,0,0,0,0,0,0,0,0,0,0,0,0
7.13014341086375,0.0303360794720413,0.0471262576048126,0.0455503278252862,0.0121344317888165,0.0188505030419251,0.0182201311301145,0,0,0,0,0,0,0,0,0,0,0,0
7.14014408415419,0.0308096532232204,0.0475822770521925,0.0456469484529288,0.0123238612892881,0.019032910820877,0.0182587793811715,0,0,0,0,0,0,0,0,0,0,0,0
7.15014475744463,0.0312877922602552,0.0480392485685222,0.0457407274834547,0.0125151169041021,0.0192156994274089,0.0182962909933819,0,0,0,0,0,0,0,0,0,0,0,0
7.16014543073507,0.0317705059622473,0.048497143696979,0.0458316571729636,0.0127082023848989,0.0193988574787916,0.0183326628691855,0,0,0,0,0,0,0,0,0,0,0,0
7.17014610402551,0.0322578034233275,0.0489559339045921,0.0459197300366333,0.012903121369331,0.0195823735618369,0.0183678920146533,0,0,0,0,0,0,0,0,0,0,0,0
7.18014677731595,0.0327496934519081,0.0494155905848285,0.0460049388475973,0.0130998773807632,0.0197662362339314,0.0184019755390389,0,0,0,0,0,0,0,0,0,0,0,0
7.19014745060639,0.0332461845699595,0.0498760850601666,0.046087276635824,0.0132984738279838,0.0199504340240666,0.0184349106543296,0,0,0,0,0,0,0,0,0,0,0,0
7.20014812389684,0.0337472850123134,0.0503373885846595,0.0461667366869948,0.0134989140049254,0.0201349554338638,0.0184666946747979,0,0,0,0,0,0,0,0,0,0,0,0
7.21014879718728,0.034253002725991,0.0507994723464867,0.0462433125413826,0.0137012010903964,0.0203197889385947,0.0184973250165531,0,0,0,0,0,0,0,0,0,0,0,0
7.22014947047772,0.0347633453695573,0.0512623074704941,0.0463169979927304,0.0139053381478229,0.0205049229881977,0.0185267991970922,0,0,0,0,0,0,0,0,0,0,0,0
7.23015014376816,0.0352783203125,0.0517258650207241,0.0463877870871294,0.014111328125,0.0206903460082896,0.0185551148348518,0,0,0,0,0,0,0,0,0,0,0,0
7.2401508170586,0.0357979346346344,0.0521901160029327,0.0464556741218978,0.0143191738538537,0.0208760464011731,0.0185822696487591,0,0,0,0,0,0,0,0,0,0,0,0
7.25015149034904,0.0363221951255326,0.052655031367097,0.0465206536444591,0.014528878050213,0.0210620125468388,0.0186082614577836,0,0,0,0,0,0,0,0,0,0,0,0
7.26015216363948,0.0368511082839785,0.0531205820099107,0.0465827204512206,0.0147404433135914,0.0212482328039643,0.0186330881804883,0,0,0,0,0,0,0,0,0,0,0,0
7.27015283692992,0.0373846803174474,0.0535867387772682,0.0466418695864519,0.014953872126979,0.0214346955109073,0.0186567478345808,0,0,0,0,0,0,0,0,0,0,0,0
7.28015351022036,0.0379229171416101,0.054053472466738,0.0466980963411631,0.015169166856644,0.0216213889866952,0.0186792385364653,0,0,0,0,0,0,0,0,0,0,0,0
7.2901541835108,0.0384658243798618,0.0545207538300248,0.0467513962519836,0.0153863297519447,0.0218083015320099,0.0187005585007935,0,0,0,0,0,0,0,0,0,0,0,0
7.30015485680124,0.0390134073628765,0.0549885535754199,0.0468017651000403,0.0156053629451506,0.021995421430168,0.0187207060400161,0,0,0,0,0,0,0,0,0,0,0,0
7.31015553009168,0.0395656711281839,0.0554568423702411,0.0468491989098361,0.0158262684512736,0.0221827369480965,0.0187396795639345,0,0,0,0,0,0,0,0,0,0,0,0
7.32015620338212,0.0401226204197728,0.0559255908432608,0.0468936939481285,0.0160490481679091,0.0223702363373043,0.0187574775792514,0,0,0,0,0,0,0,0,0,0,0,0
7.33015687667256,0.0406842596877169,0.056394769587123,0.0469352467228078,0.0162737038750868,0.0225579078348492,0.0187740986891231,0,0,0,0,0,0,0,0,0,0,0,0
7.340157549963,0.0412505930878264,0.0568643491607495,0.0469738539817758,0.0165002372351305,0.0227457396642998,0.0187895415927103,0,0,0,0,0,0,0,0,0,0,0,0
7.35015822325344,0.0418216244813217,0.0573343000917342,0.0470095127118241,0.0167286497925287,0.0229337200366937,0.0188038050847296,0,0,0,0,0,0,0,0,0,0,0,0
7.36015889654388,0.042397357434533,0.0578045928787271,0.0470422201375126,0.0169589429738132,0.0231218371514908,0.018816888055005,0,0,0,0,0,0,0,0,0,0,0,0
7.37015956983432,0.0429777952186222,0.0582751979938058,0.0470719737200479,0.0171911180874489,0.0233100791975223,0.0188287894880191,0,0,0,0,0,0,0,0,0,0,0,0
7.38016024312476,0.043562940809329,0.058746085884837,0.0470987711561618,0.0174251763237316,0.0234984343539348,0.0188395084624647,0,0,0,0,0,0,0,0,0,0,0,0
7.3901609164152,0.0441527968867405,0.0592172269778263,0.0471226103769899,0.0176611187546962,0.0236868907911305,0.018849044150796,0,0,0,0,0,0,0,0,0,0,0,0
7.40016158970564,0.0447473658350847,0.0596885916792566,0.0471434895469496,0.0178989463340339,0.0238754366717026,0.0188573958187799,0,0,0,0,0,0,0,0,0,0,0,0
7.41016226299608,0.0453466497425463,0.0601601503784156,0.0471614070626193,0.0181386598970185,0.0240640601513662,0.0188645628250477,0,0,0,0,0,0,0,0,0,0,0,0
7.42016293628652,0.0459506504011067,0.0606318734497119,0.0471763615516158,0.0183802601604427,0.0242527493798848,0.0188705446206463,0,0,0,0,0,0,0,0,0,0,0,0
7.43016360957696,0.0465593693064067,0.0611037312549799,0.0471883518714738,0.0186237477225627,0.024441492501992,0.0188753407485895,0,0,0,0,0,0,0,0,0,0,0,0
7.4401642828674,0.0471728076576321,0.0615756941457737,0.0471973771085238,0.0188691230630528,0.0246302776583095,0.0188789508434095,0,0,0,0,0,0,0,0,0,0,0,0
7.45016495615784,0.0477909663574224,0.0620477324656492,0.0472034365767707,0.019116386542969,0.0248190929862597,0.0188813746307083,0,0,0,0,0,0,0,0,0,0,0,0
7.46016562944828,0.0484138460118023,0.062519816552436,0.0472065298167721,0.0193655384047209,0.0250079266209744,0.0188826119267088,0,0,0,0,0,0,0,0,0,0,0,0
7.47016630273872,0.0490414469301354,0.0629919167404969,0.0472066565945167,0.0196165787720542,0.0251967666961988,0.0188826626378067,0,0,0,0,0,0,0,0,0,0,0,0
7.48016697602916,0.0496737691251012,0.0634640033629771,0.0472038169003034,0.0198695076500405,0.0253856013451908,0.0188815267601214,0,0,0,0,0,0,0,0,0,0,0,0
7.4901676493196,0.0503108123126937,0.0639360467540417,0.0471980109476188,0.0201243249250775,0.0255744187016167,0.0188792043790475,0,0,0,0,0,0,0,0,0,0,0,0
7.50016832261004,0.0509525759122432,0.0644080172511021,0.0471892391720163,0.0203810303648973,0.0257632069004408,0.0188756956688065,0,0,0,0,0,0,0,0,0,0,0,0
7.51016899590048,0.0515990590464593,0.0648798851970313,0.0471775022299943,0.0206396236185837,0.0259519540788125,0.0188710008919977,0,0,0,0,0,0,0,0,0,0,0,0
7.52016966919092,0.0522502605414972,0.0653516209423678,0.0471628009978749,0.0209001042165989,0.0261406483769471,0.0188651203991499,0,0,0,0,0,0,0,0,0,0,0,0
7.53017034248136,0.0529061789270449,0.0658231948475087,0.0471451365706818,0.021162471570818,0.0263292779390035,0.0188580546282727,0,0,0,0,0,0,0,0,0,0,0,0
7.5401710157718,0.0535668124364327,0.0662945772848907,0.0471245102610196,0.0214267249745731,0.0265178309139563,0.0188498041044078,0,0,0,0,0,0,0,0,0,0,0,0
7.55017168906224,0.0542321590067645,0.0667657386411606,0.0471009235979513,0.0216928636027058,0.0267062954564642,0.0188403694391805,0,0,0,0,0,0,0,0,0,0,0,0
7.56017236235268,0.0549022162790711,0.067236649319335,0.0470743783258775,0.0219608865116284,0.026894659727734,0.018829751330351,0,0,0,0,0,0,0,0,0,0,0,0
7.57017303564312,0.0555769815984839,0.0677072797409474,0.0470448764034146,0.0222307926393936,0.027082911896379,0.0188179505613658,0,0,0,0,0,0,0,0,0,0,0,0
7.58017370893356,0.0562564520144317,0.0681776003481855,0.0470124200022729,0.0225025808057727,0.0272710401392742,0.0188049680009092,0,0,0,0,0,0,0,0,0,0,0,0
7.590174382224,0.0569406242808571,0.0686475816060162,0.0469770115061359,0.0227762497123428,0.0274590326424065,0.0187908046024544,0,0,0,0,0,0,0,0,0,0,0,0
7.60017505551444,0.0576294948564553,0.0691171940043002,0.0469386535095377,0.0230517979425821,0.0276468776017201,0.0187754614038151,0,0,0,0,0,0,0,0,0,0,0,0
7.61017572880488,0.0583230599049335,0.0695864080598951,0.0468973488167422,0.0233292239619734,0.0278345632239581,0.0187589395266969,0,0,0,0,0,0,0,0,0,0,0,0
7.62017640209532,0.0590213152952912,0.0700551943187469,0.0468531004406215,0.0236085261181165,0.0280220777274988,0.0187412401762486,0,0,0,0,0,0,0,0,0,0,0,0
7.63017707538576,0.0597242566021219,0.0705235233579708,0.0468059116015339,0.0238897026408488,0.0282094093431883,0.0187223646406135,0,0,0,0,0,0,0,0,0,0,0,0
7.6401777486762,0.0604318791059348,0.0709913657879205,0.0467557857262027,0.0241727516423739,0.0283965463151682,0.0187023142904811,0,0,0,0,0,0,0,0,0,0,0,0
7.65017842196664,0.0611441777934975,0.0714586922542466,0.0467027264465948,0.024457671117399,0.0285834769016987,0.0186810905786379,0,0,0,0,0,0,0,0,0,0,0,0
7.66017909525708,0.0618611473581995,0.0719254734399435,0.0466467375987986,0.0247444589432798,0.0287701893759774,0.0186586950395194,0,0,0,0,0,0,0,0,0,0,0,0
7.67017976854752,0.062582782200436,0.0723916800673849,0.0465878232219031,0.0250331128801744,0.028956672026954,0.0186351292887612,0,0,0,0,0,0,0,0,0,0,0,0
7.68018044183796,0.0633090764280109,0.0728572829003485,0.0465259875568758,0.0253236305712044,0.0291429131601394,0.0186103950227503,0,0,0,0,0,0,0,0,0,0,0,0
7.6901811151284,0.0640400238565623,0.0733222527460295,0.0464612350454415,0.0256160095426249,0.0293289010984118,0.0185844940181766,0,0,0,0,0,0,0,0,0,0,0,0
7.70018178841884,0.0647756180100057,0.0737865604570423,0.0463935703289606,0.0259102472040023,0.0295146241828169,0.0185574281315843,0,0,0,0,0,0,0,0,0,0,0,0
7.71018246170928,0.0655158521209986,0.0742501769334118,0.0463229982473077,0.0262063408483994,0.0297000707733647,0.0185291992989231,0,0,0,0,0,0,0,0,0,0,0,0
7.72018313499972,0.0662607191314244,0.0747130731245527,0.0462495238377497,0.0265042876525698,0.0298852292498211,0.0184998095350999,0,0,0,0,0,0,0,0,0,0,0,0
7.73018380829016,0.0670102116928965,0.0751752200312382,0.0461731523338249,0.0268040846771586,0.0300700880124953,0.01846926093353,0,0,0,0,0,0,0,0,0,0,0,0
7.7401844815806,0.0677643221672812,0.0756365887075572,0.0460938891642205,0.0271057288669125,0.0302546354830229,0.0184375556656882,0,0,0,0,0,0,0,0,0,0,0,0
7.75018515487104,0.068523042627241,0.0760971502628602,0.0460117399516522,0.0274092170508964,0.0304388601051441,0.0184046959806609,0,0,0,0,0,0,0,0,0,0,0,0
7.76018582816148,0.0692863648567969,0.076556875863694,0.0459267105117416,0.0277145459427188,0.0306227503454776,0.0183706842046966,0,0,0,0,0,0,0,0,0,0,0,0
7.77018650145192,0.07005428035191,0.0770157367357259,0.0458388068518952,0.028021712140764,0.0308062946942903,0.0183355227407581,0,0,0,0,0,0,0,0,0,0,0,0
7.78018717474236,0.0708267803210821,0.0774737041656552,0.0457480351701829,0.0283307121284328,0.0309894816662621,0.0182992140680732,0,0,0,0,0,0,0,0,0,0,0,0
7.7901878480328,0.0716038556859761,0.077930749503115,0.0456544018542162,0.0286415422743905,0.031172299801246,0.0182617607416865,0,0,0,0,0,0,0,0,0,0,0,0
7.80018852132324,0.0723854970820542,0.0783868441625618,0.0455579134800267,0.0289541988328217,0.0313547376650247,0.0182231653920107,0,0,0,0,0,0,0,0,0,0,0,0
7.81018919461368,0.0731716948592361,0.0788419596251545,0.0454585768109448,0.0292686779436944,0.0315367838500618,0.0181834307243779,0,0,0,0,0,0,0,0,0,0,0,0
7.82018986790412,0.073962439082575,0.0792960674406216,0.0453563987964777,0.02958497563303,0.0317184269762486,0.0181425595185911,0,0,0,0,0,0,0,0,0,0,0,0
7.83019054119457,0.074757719532953,0.0797491392291175,0.0452513865711883,0.0299030878131812,0.031899655691647,0.0181005546284753,0,0,0,0,0,0,0,0,0,0,0,0
7.84019121448501,0.0755575257077945,0.0802011466830681,0.0451435474535733,0.0302230102831178,0.0320804586732273,0.0180574189814293,0,0,0,0,0,0,0,0,0,0,0,0
7.85019188777545,0.0763618468217981,0.0806520615690039,0.0450328889449421,0.0305447387287192,0.0322608246276016,0.0180131555779769,0,0,0,0,0,0,0,0,0,0,0,0
7.86019256106589,0.0771706718076866,0.0811018557293831,0.0449194187282947,0.0308682687230747,0.0324407422917532,0.0179677674913179,0,0,0,0,0,0,0,0,0,0,0,0
7.87019323435633,0.0779839893169762,0.0815505010844029,0.0448031446672005,0.0311935957267905,0.0326202004337611,0.0179212578668802,0,0,0,0,0,0,0,0,0,0,0,0
7.88019390764677,0.0788017877207617,0.0819979696337997,0.0446840748046765,0.0315207150883047,0.0327991878535199,0.0178736299218706,0,0,0,0,0,0,0,0,0,0,0,0
7.89019458093721,0.0796240551105221,0.0824442334586382,0.0445622173620664,0.0318496220442088,0.0329776933834553,0.0178248869448265,0,0,0,0,0,0,0,0,0,0,0,0
7.90019525422765,0.0804507792989422,0.0828892647230891,0.0444375807379179,0.0321803117195769,0.0331557058892357,0.0177750322951672,0,0,0,0,0,0,0,0,0,0,0,0
7.91019592751809,0.0812819478207526,0.0833330356761956,0.0443101735068624,0.0325127791283011,0.0333332142704782,0.017724069402745,0,0,0,0,0,0,0,0,0,0,0,0
7.92019660080853,0.0821175479335876,0.0837755186536286,0.0441800044184927,0.032847019173435,0.0335102074614515,0.0176720017673971,0,0,0,0,0,0,0,0,0,0,0,0
7.93019727409897,0.0829575666188595,0.0842166860794313,0.0440470823962414,0.0331830266475438,0.0336866744317725,0.0176188329584966,0,0,0,0,0,0,0,0,0,0,0,0
7.94019794738941,0.0838019905826522,0.0846565104677518,0.0439114165362598,0.0335207962330609,0.0338626041871007,0.0175645666145039,0,0,0,0,0,0,0,0,0,0,0,0
7.95019862067985,0.0846508062566299,0.0850949644245645,0.0437730161062961,0.033860322502652,0.0340379857698258,0.0175092064425184,0,0,0,0,0,0,0,0,0,0,0,0
7.96019929397029,0.0855039997989647,0.0855320206493813,0.0436318905445738,0.0342015999195859,0.0342128082597525,0.0174527562178295,0,0,0,0,0,0,0,0,0,0,0,0
7.97019996726073,0.0863615570952799,0.0859676519369502,0.0434880494586704,0.034544622838112,0.0343870607747801,0.0173952197834681,0,0,0,0,0,0,0,0,0,0,0,0
7.98020064055117,0.0872234637596114,0.0864018311789436,0.0433415026243954,0.0348893855038446,0.0345607324715774,0.0173366010497582,0,0,0,0,0,0,0,0,0,0,0,0
7.99020131384161,0.0880897051353852,0.0868345313656352,0.0431922599846693,0.0352358820541541,0.0347338125462541,0.0172769039938677,0,0,0,0,0,0,0,0,0,0,0,0
8.00020198713205,0.088960266296412,0.0872657255875656,0.0430403316484017,0.0355841065185648,0.0349062902350262,0.0172161326593607,0,0,0,0,0,0,0,0,0,0,0,0
8.01020266042249,0.0898351320478976,0.0876953870371964,0.0428857278893698,0.035934052819159,0.0350781548148786,0.0171542911557479,0,0,0,0,0,0,0,0,0,0,0,0
8.02020333371293,0.0907142869274714,0.0881234890105539,0.0427284591450968,0.0362857147709886,0.0352493956042216,0.0170913836580387,0,0,0,0,0,0,0,0,0,0,0,0
8.03020400700337,0.0915977152062294,0.0885500049088605,0.0425685360157307,0.0366390860824918,0.0354200019635442,0.0170274144062923,0,0,0,0,0,0,0,0,0,0,0,0
8.04020468029381,0.0924854008897949,0.0889749082401559,0.0424059692629223,0.036994160355918,0.0355899632960624,0.016962387705169,0,0,0,0,0,0,0,0,0,0,0,0
8.05020535358425,0.0933773277193943,0.0893981726209065,0.0422407698087039,0.0373509310877577,0.0357592690483626,0.0168963079234816,0,0,0,0,0,0,0,0,0,0,0,0
8.06020602687469,0.09427347917295,0.0898197717776033,0.0420729487343676,0.03770939166918,0.0359279087110414,0.016829179493747,0,0,0,0,0,0,0,0,0,0,0,0
8.07020670016513,0.0951738384661883,0.0902396795483498,0.0419025172793439,0.0380695353864753,0.03609587181934,0.0167610069117376,0,0,0,0,0,0,0,0,0,0,0,0
8.08020737345557,0.0960783885537637,0.0906578698844374,0.0417294868400803,0.0384313554215055,0.036263147953775,0.0166917947360321,0,0,0,0,0,0,0,0,0,0,0,0
8.09020804674601,0.0969871121303984,0.0910743168519098,0.0415538689689191,0.0387948448521594,0.0364297267407639,0.0166215475875677,0,0,0,0,0,0,0,0,0,0,0,0
8.10020872003645,0.097899991632038,0.0914889946331168,0.0413756753729767,0.0391599966528152,0.0365955978532467,0.0165502701491907,0,0,0,0,0,0,0,0,0,0,0,0
8.11020939332689,0.098817009237022,0.0919018775282569,0.0411949179130215,0.0395268036948088,0.0367607510113027,0.0164779671652086,0,0,0,0,0,0,0,0,0,0,0,0
8.12021006661733,0.0997381468672706,0.0923129399569075,0.0410116086023526,0.0398952587469083,0.036925175982763,0.016404643440941,0,0,0,0,0,0,0,0,0,0,0,0
8.13021073990777,0.100663386189486,0.0927221564595453,0.0408257596056778,0.0402653544757942,0.0370888625838181,0.0163303038422711,0,0,0,0,0,0,0,0,0,0,0,0
8.14021141319821,0.101592708616367,0.0931295016990545,0.040637383237993,0.0406370834465468,0.0372518006796218,0.0162549532951972,0,0,0,0,0,0,0,0,0,0,0,0
8.15021208648865,0.102526095307846,0.0935349504622247,0.0404464919634596,0.0410104381231383,0.0374139801848899,0.0161785967853838,0,0,0,0,0,0,0,0,0,0,0,0
8.16021275977909,0.103463527172328,0.0939384776612364,0.0402530983942834,0.0413854108689313,0.0375753910644946,0.0161012393577134,0,0,0,0,0,0,0,0,0,0,0,0
8.17021343306953,0.10440498486796,0.0943400583351365,0.0400572152895933,0.0417619939471841,0.0377360233340546,0.0160228861158373,0,0,0,0,0,0,0,0,0,0,0,0
8.18021410635997,0.105350448803901,0.0947396676513014,0.0398588555543195,0.0421401795215602,0.0378958670605205,0.0159435422217278,0,0,0,0,0,0,0,0,0,0,0,0
8.19021477965041,0.106299899141613,0.0951372809068902,0.0396580322380718,0.0425199596566454,0.0380549123627561,0.0158632128952287,0,0,0,0,0,0,0,0,0,0,0,0
8.20021545294085,0.107253315796173,0.0955328735302857,0.0394547585340182,0.0429013263184692,0.0382131494121143,0.0157819034136073,0,0,0,0,0,0,0,0,0,0,0,0
8.21021612623129,0.108210678437582,0.0959264210825241,0.0392490477777636,0.043284271375033,0.0383705684330096,0.0156996191111054,0,0,0,0,0,0,0,0,0,0,0,0
8.22021679952173,0.109171966492108,0.0963178992587144,0.0390409134462277,0.0436687865968433,0.0385271597034858,0.0156163653784911,0,0,0,0,0,0,0,0,0,0,0,0
8.23021747281217,0.110137159143628,0.096707283889446,0.0388303691565242,0.0440548636574513,0.0386829135557784,0.0155321476626097,0,0,0,0,0,0,0,0,0,0,0,0
8.24021814610261,0.111106235334993,0.0970945509421845,0.0386174286648382,0.0444424941339971,0.0388378203768738,0.0154469714659353,0,0,0,0,0,0,0,0,0,0,0,0
8.25021881939305,0.112079173769401,0.0974796765226578,0.0384021058653059,0.0448316695077604,0.0389918706090631,0.0153608423461224,0,0,0,0,0,0,0,0,0,0,0,0
8.26021949268349,0.11305595291179,0.0978626368762293,0.038184414788892,0.045222381164716,0.0391450547504917,0.0152737659155568,0,0,0,0,0,0,0,0,0,0,0,0
8.27022016597393,0.114036550990239,0.0982434083892612,0.0379643696022688,0.0456146203960956,0.0392973633557045,0.0151857478409075,0,0,0,0,0,0,0,0,0,0,0,0
8.28022083926437,0.115020945997385,0.0986219675904658,0.0377419846066944,0.0460083783989541,0.0394487870361863,0.0150967938426777,0,0,0,0,0,0,0,0,0,0,0,0
8.29022151255481,0.116009115691855,0.0989982911522459,0.0375172742368909,0.046403646276742,0.0395993164608984,0.0150069096947564,0,0,0,0,0,0,0,0,0,0,0,0
8.30022218584525,0.117001037599706,0.0993723558920241,0.0372902530599235,0.0468004150398826,0.0397489423568096,0.0149161012239694,0,0,0,0,0,0,0,0,0,0,0,0
8.31022285913569,0.117996689015887,0.0997441387735602,0.0370609357740785,0.0471986756063549,0.0398976555094241,0.0148243743096314,0,0,0,0,0,0,0,0,0,0,0,0
8.32022353242613,0.118996047005704,0.100113616908258,0.0368293372077416,0.0475984188022818,0.0400454467633034,0.0147317348830967,0,0,0,0,0,0,0,0,0,0,0,0
8.33022420571657,0.119999088406307,0.100480767556463,0.036595472318277,0.047999635362523,0.0401923070225852,0.0146381889273108,0,0,0,0,0,0,0,0,0,0,0,0
8.34022487900701,0.121005789828184,0.100845568128742,0.0363593561909049,0.0484023159312734,0.0403382272514967,0.014543742476362,0,0,0,0,0,0,0,0,0,0,0,0
8.35022555229745,0.122016127656667,0.101207996187159,0.0361210040375809,0.0488064510626669,0.0404831984748638,0.0144484016150324,0,0,0,0,0,0,0,0,0,0,0,0
8.36022622558789,0.123030078053461,0.10156802944654,0.0358804311958739,0.0492120312213845,0.040627211778616,0.0143521724783495,0,0,0,0,0,0,0,0,0,0,0,0
8.37022689887833,0.124047616958171,0.101925645775716,0.0356376531278446,0.0496190467832683,0.0407702583102866,0.0142550612511379,0,0,0,0,0,0,0,0,0,0,0,0
8.38022757216877,0.12506872008985,0.102280823198771,0.0353926854189243,0.0500274880359399,0.0409123292795085,0.0141570741675697,0,0,0,0,0,0,0,0,0,0,0,0
8.39022824545921,0.126093362948559,0.102633539896263,0.0351455437767928,0.0504373451794235,0.0410534159585052,0.0140582175107171,0,0,0,0,0,0,0,0,0,0,0,0
8.40022891874965,0.127121520816938,0.102983774206445,0.0348962440302573,0.0508486083267753,0.0411935096825781,0.0139584976121029,0,0,0,0,0,0,0,0,0,0,0,0
8.41022959204009,0.128153168761789,0.103331504626471,0.0346448021281307,0.0512612675047155,0.0413326018505882,0.0138579208512523,0,0,0,0,0,0,0,0,0,0,0,0
8.42023026533053,0.129188281635668,0.103676709813586,0.0343912341381098,0.0516753126542674,0.0414706839254345,0.0137564936552439,0,0,0,0,0,0,0,0,0,0,0,0
8.43023093862097,0.130226834078498,0.104019368586316,0.0341355562456545,0.0520907336313993,0.0416077474345266,0.0136542224982618,0,0,0,0,0,0,0,0,0,0,0,0
8.44023161191141,0.131268800519182,0.104359459925636,0.0338777847528653,0.0525075202076727,0.0417437839702544,0.0135511139011461,0,0,0,0,0,0,0,0,0,0,0,0
8.45023228520185,0.132314155177236,0.10469696297613,0.0336179360773624,0.0529256620708943,0.0418787851904519,0.013447174430945,0,0,0,0,0,0,0,0,0,0,0,0
8.46023295849229,0.133362872064431,0.105031857047143,0.0333560267511639,0.0533451488257723,0.042012742818857,0.0133424107004656,0,0,0,0,0,0,0,0,0,0,0,0
8.47023363178273,0.134414924986446,0.105364121613918,0.0330920734195642,0.0537659699945785,0.0421456486455674,0.0132368293678257,0,0,0,0,0,0,0,0,0,0,0,0
8.48023430507317,0.135470287544534,0.105693736318727,0.0328260928400128,0.0541881150178137,0.0422774945274907,0.0131304371360051,0,0,0,0,0,0,0,0,0,0,0,0
8.49023497836362,0.136528933137195,0.106020680971979,0.0325581018809922,0.0546115732548782,0.0424082723887917,0.0130232407523969,0,0,0,0,0,0,0,0,0,0,0,0
8.50023565165406,0.137590834961867,0.106344935553334,0.0322881175208971,0.0550363339847467,0.0425379742213337,0.0129152470083588,0,0,0,0,0,0,0,0,0,0,0,0
8.5102363249445,0.138655966016619,0.10666648021279,0.0320161568469119,0.0554623864066475,0.0426665920851162,0.0128064627387648,0,0,0,0,0,0,0,0,0,0,0,0
8.52023699823494,0.139724299101865,0.106985295271769,0.03174223705389,0.0558897196407461,0.0427941181087076,0.012696894821556,0,0,0,0,0,0,0,0,0,0,0,0
8.53023767152538,0.140795806822082,0.107301361224185,0.0314663754432317,0.056318322728833,0.042920544489674,0.0125865501772927,0,0,0,0,0,0,0,0,0,0,0,0
8.54023834481582,0.141870461587539,0.107614658737507,0.0311885894217631,0.0567481846350158,0.0430458634950028,0.0124754357687052,0,0,0,0,0,0,0,0,0,0,0,0
8.55023901810626,0.142948235616039,0.107925168653807,0.0309088965006141,0.0571792942464157,0.0431700674615226,0.0123635586002456,0,0,0,0,0,0,0,0,0,0,0,0
8.5602396913967,0.14402910093467,0.108232871990795,0.0306273142940972,0.0576116403738681,0.043293148796318,0.0122509257176389,0,0,0,0,0,0,0,0,0,0,0,0
8.57024036468714,0.145113029381568,0.10853774994285,0.0303438605185857,0.0580452117526271,0.0434150999771399,0.0121375442074343,0,0,0,0,0,0,0,0,0,0,0,0
8.58024103797758,0.146199992607685,0.10883978388203,0.0300585529913924,0.0584799970430741,0.0435359135528119,0.012023421196557,0,0,0,0,0,0,0,0,0,0,0,0
8.59024171126802,0.147289962078577,0.109138955359079,0.0297714096296479,0.058915984831431,0.0436555821436316,0.0119085638518592,0,0,0,0,0,0,0,0,0,0,0,0
8.60024238455846,0.148382909076192,0.109435246104419,0.0294824484491789,0.0593531636304767,0.0437740984417676,0.0117929793796715,0,0,0,0,0,0,0,0,0,0,0,0
8.6102430578489,0.14947880470067,0.109728638029131,0.029191687563387,0.0597915218802678,0.0438914552116526,0.0116766750253548,0,0,0,0,0,0,0,0,0,0,0,0
8.62024373113934,0.150577619872159,0.110019113225927,0.028899145182127,0.0602310479488636,0.0440076452903706,0.0115596580728508,0,0,0,0,0,0,0,0,0,0,0,0
8.63024440442978,0.151679325332635,0.110306653970103,0.0286048396105852,0.0606717301330539,0.0441226615880413,0.0114419358442341,0,0,0,0,0,0,0,0,0,0,0,0
8.64024507772022,0.15278389164773,0.110591242720497,0.0283087892481581,0.061113556659092,0.0442364970881987,0.0113235156992632,0,0,0,0,0,0,0,0,0,0,0,0
8.65024575101066,0.153891289208576,0.110872862120415,0.0280110125873305,0.0615565156834303,0.0443491448481661,0.0112044050349322,0,0,0,0,0,0,0,0,0,0,0,0
8.6602464243011,0.155001488233651,0.111151494998564,0.0277115282125545,0.0620005952934604,0.0444605979994257,0.0110846112850218,0,0,0,0,0,0,0,0,0,0,0,0
8.67024709759154,0.156114458770641,0.111427124369962,0.0274103547991274,0.0624457835082564,0.044570849747985,0.0109641419196509,0,0,0,0,0,0,0,0,0,0,0,0
8.68024777088198,0.157230170698305,0.111699733436843,0.0271075111120704,0.062892068279322,0.0446798933747372,0.0108430044448282,0,0,0,0,0,0,0,0,0,0,0,0
8.69024844417242,0.158348593728353,0.111969305589546,0.0268030160050073,0.0633394374913414,0.0447877222358185,0.0107212064020029,0,0,0,0,0,0,0,0,0,0,0,0
8.70024911746286,0.159469697407333,0.1122358244074,0.0264968884190423,0.0637878789629332,0.0448943297629599,0.0105987553676169,0,0,0,0,0,0,0,0,0,0,0,0
8.7102497907533,0.160593451118521,0.112499273659587,0.0261891473816391,0.0642373804474084,0.044999709463835,0.0104756589526556,0,0,0,0,0,0,0,0,0,0,0,0
8.72025046404374,0.161719824083829,0.112759637306008,0.0258798120054988,0.0646879296335317,0.0451038549224032,0.0103519248021996,0,0,0,0,0,0,0,0,0,0,0,0
8.73025113733418,0.162848785365714,0.113016899498122,0.0255689014874392,0.0651395141462857,0.0452067597992487,0.0102275605949757,0,0,0,0,0,0,0,0,0,0,0,0
8.74025181062462,0.163980303869099,0.113271044579785,0.0252564351072721,0.0655921215476394,0.0453084178319142,0.0101025740429089,0,0,0,0,0,0,0,0,0,0,0,0
8.75025248391506,0.165114348343297,0.113522057088078,0.0249424322266827,0.0660457393373189,0.0454088228352311,0.0099769728906731,0,0,0,0,0,0,0,0,0,0,0,0
8.7602531572055,0.166250887383956,0.113769921754112,0.0246269122881075,0.0665003549535824,0.0455079687016449,0.00985076491524302,0,0,0,0,0,0,0,0,0,0,0,0
8.77025383049594,0.167389889434995,0.114014623503838,0.024309894813613,0.0669559557739979,0.0456058494015352,0.00972395792544525,0,0,0,0,0,0,0,0,0,0,0,0
8.78025450378638,0.168531322790561,0.114256147458832,0.0239913994037743,0.0674125291162243,0.045702458983533,0.00959655976150973,0,0,0,0,0,0,0,0,0,0,0,0
8.79025517707682,0.169675155596988,0.114494478937079,0.023671445736553,0.067870062238795,0.0457977915748318,0.00946857829462122,0,0,0,0,0,0,0,0,0,0,0,0
8.80025585036726,0.170821355854765,0.114729603453738,0.0233500535661763,0.0683285423419059,0.0458918413814953,0.0093400214264705,0,0,0,0,0,0,0,0,0,0,0,0
8.8102565236577,0.171969891420513,0.114961506721899,0.0230272427220148,0.0687879565682051,0.0459846026887598,0.00921089708880594,0,0,0,0,0,0,0,0,0,0,0,0
8.82025719694814,0.173120730008966,0.115190174653333,0.0227030331074618,0.0692482920035863,0.0460760698613333,0.00908121324298473,0,0,0,0,0,0,0,0,0,0,0,0
8.83025787023858,0.174273839194963,0.115415593359221,0.0223774446988109,0.0697095356779851,0.0461662373436885,0.00895097787952436,0,0,0,0,0,0,0,0,0,0,0,0
8.84025854352902,0.175429186415446,0.115637749150882,0.0220504975441348,0.0701716745661784,0.046255099660353,0.00882019901765391,0,0,0,0,0,0,0,0,0,0,0,0
8.85025921681946,0.176586738971465,0.115856628540483,0.0217222117621639,0.0706346955885858,0.0463426514161933,0.00868888470486557,0,0,0,0,0,0,0,0,0,0,0,0
8.8602598901099,0.177746464030188,0.11607221824174,0.0213926075411646,0.0710985856120752,0.0464288872966962,0.00855704301646587,0,0,0,0,0,0,0,0,0,0,0,0
8.87026056340034,0.178908328626924,0.116284505170609,0.0210617051378177,0.0715633314507697,0.0465138020682438,0.00842468205512714,0,0,0,0,0,0,0,0,0,0,0,0
8.88026123669078,0.180072299667146,0.116493476445964,0.020729524876097,0.0720289198668585,0.0465973905783856,0.00829180995043884,0,0,0,0,0,0,0,0,0,0,0,0
8.89026190998122,0.181238343928525,0.116699119390263,0.0203960871461476,0.07249533757141,0.0466796477561052,0.00815843485845908,0,0,0,0,0,0,0,0,0,0,0,0
8.90026258327166,0.182406428062967,0.116901421530206,0.0200614124031645,0.072962571225187,0.0467605686120826,0.00802456496126575,0,0,0,0,0,0,0,0,0,0,0,0
8.9102632565621,0.183576518598664,0.117100370597381,0.0197255211662704,0.0734306074394655,0.0468401482389524,0.00789020846650817,0,0,0,0,0,0,0,0,0,0,0,0
8.92026392985254,0.184748581942138,0.117295954528893,0.0193884340173957,0.0738994327768553,0.0469183818115573,0.00775537360695827,0,0,0,0,0,0,0,0,0,0,0,0
8.93026460314298,0.185922584380309,0.117488161467992,0.0190501716001554,0.0743690337521236,0.0469952645871967,0.00762006864006213,0,0,0,0,0,0,0,0,0,0,0,0
8.94026527643342,0.187098492082552,0.11767697976468,0.0187107546187279,0.0748393968330207,0.047070791905872,0.00748430184749121,0,0,0,0,0,0,0,0,0,0,0,0
8.95026594972386,0.188276271102771,0.117862397976315,0.0183702038367343,0.0753105084411082,0.0471449591905258,0.00734808153469376,0,0,0,0,0,0,0,0,0,0,0,0
8.9602666230143,0.189455887381475,0.118044404868195,0.0180285400761158,0.07578235495259,0.0472177619472781,0.00721141603044637,0,0,0,0,0,0,0,0,0,0,0,0
8.97026729630474,0.190637306747862,0.118222989414141,0.0176857842160127,0.0762549226991448,0.0472891957656566,0.00707431368640509,0,0,0,0,0,0,0,0,0,0,0,0
8.98026796959518,0.191820494921904,0.11839814079706,0.0173419571916427,0.0767281979687618,0.0473592563188241,0.00693678287665708,0,0,0,0,0,0,0,0,0,0,0,0
8.99026864288562,0.193005417516445,0.1185698484095,0.0169970799931791,0.0772021670065779,0.0474279393638001,0.00679883199727163,0,0,0,0,0,0,0,0,0,0,0,0
9.00026931617606,0.194192040039294,0.118738101854196,0.0166511736646301,0.0776768160157177,0.0474952407416785,0.00666046946585208,0,0,0,0,0,0,0,0,0,0,0,0
9.0102699894665,0.195380327895338,0.118902890944602,0.0163042593027163,0.0781521311581351,0.0475611563778407,0.00652170372108658,0,0,0,0,0,0,0,0,0,0,0,0
9.02027066275694,0.196570246388644,0.11906420570541,0.0159563580557496,0.0786280985554575,0.0476256822821642,0.00638254322229987,0,0,0,0,0,0,0,0,0,0,0,0
9.03027133604738,0.19776176072458,0.119222036373067,0.0156074911225116,0.0791047042898318,0.0476888145492268,0.00624299644900469,0,0,0,0,0,0,0,0,0,0,0,0
9.04027200933782,0.198954836011931,0.119376373396265,0.0152576797511323,0.0795819344047723,0.0477505493585062,0.00610307190045289,0,0,0,0,0,0,0,0,0,0,0,0
9.05027268262826,0.200149437265027,0.119527207436438,0.0149069452379675,0.0800597749060108,0.0478108829745751,0.005962778095187,0,0,0,0,0,0,0,0,0,0,0,0
9.0602733559187,0.201345529405872,0.11967452936823,0.0145553089264789,0.0805382117623487,0.0478698117472921,0.00582212357059157,0,0,0,0,0,0,0,0,0,0,0,0
9.07027402920914,0.202543077266277,0.119818330279969,0.0142027922061111,0.0810172309065108,0.0479273321119877,0.00568111688244451,0,0,0,0,0,0,0,0,0,0,0,0
9.08027470249959,0.203742045590002,0.119958601474115,0.0138494165111714,0.081496818236001,0.0479834405896459,0.0055397666044686,0,0,0,0,0,0,0,0,0,0,0,0
9.09027537579002,0.204942399034899,0.120095334467704,0.0134952033197065,0.0819769596139594,0.0480381337870818,0.00539808132788267,0,0,0,0,0,0,0,0,0,0,0,0
9.10027604908047,0.206144102175056,0.120228520992784,0.0131401741523828,0.0824576408700224,0.0480914083971137,0.00525606966095316,0,0,0,0,0,0,0,0,0,0,0,0
9.11027672237091,0.207347119502957,0.120358152996831,0.0127843505713634,0.0829388478011827,0.0481432611987323,0.00511374022854537,0,0,0,0,0,0,0,0,0,0,0,0
9.12027739566135,0.208551415431631,0.120484222643159,0.0124277541791873,0.0834205661726524,0.0481936890572635,0.00497110167167498,0,0,0,0,0,0,0,0,0,0,0,0
9.13027806895179,0.209756954296818,0.12060672231132,0.0120704066176481,0.0839027817187272,0.048242688924528,0.00482816264705928,0,0,0,0,0,0,0,0,0,0,0,0
9.14027874224223,0.21096370035913,0.120725644597491,0.0117123295666715,0.0843854801436521,0.0482902578389965,0.00468493182666861,0,0,0,0,0,0,0,0,0,0,0,0
9.15027941553267,0.212171617806221,0.120840982314848,0.0113535447431946,0.0848686471224885,0.0483363929259392,0.00454141789727781,0,0,0,0,0,0,0,0,0,0,0,0
9.16028008882311,0.213380670754959,0.120952728493931,0.0109940739000438,0.0853522683019836,0.0483810913975725,0.00439762956001755,0,0,0,0,0,0,0,0,0,0,0,0
9.17028076211355,0.2145908232536,0.121060876382999,0.010633938824814,0.0858363293014399,0.0484243505531996,0.00425357552992558,0,0,0,0,0,0,0,0,0,0,0,0
9.18028143540399,0.215802039283968,0.121165419448369,0.0102731613387459,0.0863208157135873,0.0484661677793476,0.00410926453549839,0,0,0,0,0,0,0,0,0,0,0,0
9.19028210869443,0.21701428276364,0.12126635137475,0.00991176329560573,0.0868057131054558,0.0485065405499,0.00396470531824232,0,0,0,0,0,0,0,0,0,0,0,0
9.20028278198487,0.218227517548125,0.121363666065561,0.0095497665805627,0.0872910070192501,0.0485454664262245,0.00381990663222507,0,0,0,0,0,0,0,0,0,0,0,0
9.21028345527531,0.219441707433062,0.12145735764324,0.00918719310906795,0.0877766829732247,0.0485829430572961,0.00367487724362719,0,0,0,0,0,0,0,0,0,0,0,0
9.22028412856575,0.220656816156402,0.121547420449541,0.0088240648257328,0.0882627264625609,0.0486189681798163,0.00352962593029318,0,0,0,0,0,0,0,0,0,0,0,0
9.23028480185619,0.221872807400612,0.121633849045819,0.00846040370320751,0.0887491229602447,0.0486535396183275,0.00338416148128304,0,0,0,0,0,0,0,0,0,0,0,0
9.24028547514663,0.223089644794864,0.121716638213306,0.00809623174105926,0.0892358579179454,0.0486866552853226,0.00323849269642371,0,0,0,0,0,0,0,0,0,0,0,0
9.25028614843707,0.224307291917242,0.121795782953377,0.00773157096465074,0.0897229167668967,0.048718313181351,0.00309262838586036,0,0,0,0,0,0,0,0,0,0,0,0
9.26028682172751,0.225525712296941,0.121871278487797,0.00736644342401918,0.0902102849187765,0.0487485113951189,0.00294657736960774,0,0,0,0,0,0,0,0,0,0,0,0
9.27028749501795,0.226744869416476,0.121943120258965,0.00700087119275409,0.0906979477665903,0.0487772481035861,0.00280034847710166,0,0,0,0,0,0,0,0,0,0,0,0
9.28028816830839,0.227964726713883,0.122011303930145,0.00663487636687546,0.0911858906855531,0.0488045215720582,0.00265395054675023,0,0,0,0,0,0,0,0,0,0,0,0
9.29028884159883,0.229185247584936,0.122075825385684,0.00626848106371369,0.0916740990339743,0.0488303301542736,0.00250739242548548,0,0,0,0,0,0,0,0,0,0,0,0
9.30028951488927,0.230406395385355,0.122136680731217,0.00590170742078606,0.0921625581541419,0.0488546722924868,0.00236068296831444,0,0,0,0,0,0,0,0,0,0,0,0
9.31029018817971,0.231628133433021,0.122193866293867,0.00553457759467706,0.0926512533732085,0.0488775465175467,0.00221383103787086,0,0,0,0,0,0,0,0,0,0,0,0
9.32029086147015,0.232850425010194,0.122247378622428,0.00516711375991505,0.0931401700040774,0.0488989514489711,0.00206684550396608,0,0,0,0,0,0,0,0,0,0,0,0
9.33029153476059,0.234073233365725,0.122297214487539,0.00479933810785266,0.0936292933462899,0.0489188857950156,0.00191973524314108,0,0,0,0,0,0,0,0,0,0,0,0
9.34029220805103,0.235296521717282,0.122343370881848,0.00443127284554316,0.0941186086869128,0.0489373483527391,0.00177250913821728,0,0,0,0,0,0,0,0,0,0,0,0
9.35029288134147,0.236520253253568,0.12238584502016,0.0040629401946206,0.0946081013014271,0.0489543380080642,0.00162517607784827,0,0,0,0,0,0,0,0,0,0,0,0
9.36029355463191,0.237744391136543,0.122424634339583,0.0036943623901775,0.0950977564546171,0.0489698537358332,0.00147774495607103,0,0,0,0,0,0,0,0,0,0,0,0
9.37029422792235,0.238968898503648,0.12245973649965,0.00332556167964324,0.0955875594014592,0.0489838945998601,0.0013302246718573,0,0,0,0,0,0,0,0,0,0,0,0
9.38029490121279,0.240193738470032,0.122491149382442,0.00295656032166274,0.0960774953880128,0.048996459752977,0.00118262412866516,0,0,0,0,0,0,0,0,0,0,0,0
9.39029557450323,0.241418874130775,0.122518871092694,0.00258738058497521,0.09656754965231,0.0490075484370777,0.00103495223399011,0,0,0,0,0,0,0,0,0,0,0,0
9.40029624779367,0.242644268563118,0.122542899957887,0.0022180447472916,0.0970577074252472,0.0490171599831547,0.00088721789891666,0,0,0,0,0,0,0,0,0,0,0,0
9.41029692108411,0.243869884828689,0.122563234528334,0.00184857509417424,0.0975479539314757,0.0490252938113338,0.000739430037669743,0,0,0,0,0,0,0,0,0,0,0,0
9.42029759437455,0.245095685975734,0.122579873577257,0.00147899391791461,0.0980382743902935,0.0490319494309027,0.000591597567165877,0,0,0,0,0,0,0,0,0,0,0,0
9.43029826766499,0.246321635041343,0.12259281610084,0.00110932351641179,0.0985286540165371,0.0490371264403359,0.000443729406564779,0,0,0,0,0,0,0,0,0,0,0,0
9.44029894095543,0.247547695053684,0.122602061318287,0.000739586192051217,0.0990190780214737,0.0490408245273148,0.000295834476820507,0,0,0,0,0,0,0,0,0,0,0,0
9.45029961424587,0.248773829034233,0.122607608671859,0.000369804250582807,0.0995095316136931,0.0490430434687437,0.00014792170023315,0,0,0,0,0,0,0,0,0,0,0,0
9.46030028753631,0.25,0.122609457826901,-2.76088577763574e-16,0.0999999999999999,0.0490437831307605,-3.45110722204467e-17,0,0,0,0,0,0,0,0,0,0,0,0
9.47030096082675,0.251226170965767,0.122607608671859,-0.000369804250583321,0.100490468386307,0.0490430434687438,-0.000147921700233273,0,0,0,0,0,0,0,0,0,0,0,0
9.48030163411719,0.252452304946315,0.122602061318287,-0.000739586192051756,0.100980921978526,0.0490408245273148,-0.000295834476820619,0,0,0,0,0,0,0,0,0,0,0,0
9.49030230740763,0.253678364958657,0.12259281610084,-0.00110932351641228,0.101471345983463,0.0490371264403359,-0.000443729406564883,0,0,0,0,0,0,0,0,0,0,0,0
9.50030298069807,0.254904314024266,0.122579873577256,-0.00147899391791524,0.101961725609706,0.0490319494309027,-0.000591597567166012,0,0,0,0,0,0,0,0,0,0,0,0
9.51030365398851,0.256130115171311,0.122563234528334,-0.0018485750941748,0.102452046068524,0.0490252938113338,-0.000739430037669879,0,0,0,0,0,0,0,0,0,0,0,0
9.52030432727895,0.257355731436882,0.122542899957886,-0.00221804474729202,0.102942292574753,0.0490171599831547,-0.0008872178989168,0,0,0,0,0,0,0,0,0,0,0,0
9.53030500056939,0.258581125869225,0.122518871092694,-0.00258738058497569,0.10343245034769,0.0490075484370777,-0.00103495223399026,0,0,0,0,0,0,0,0,0,0,0,0
9.54030567385983,0.259806261529968,0.122491149382442,-0.00295656032166334,0.103922504611987,0.048996459752977,-0.00118262412866525,0,0,0,0,0,0,0,0,0,0,0,0
9.55030634715027,0.261031101496352,0.12245973649965,-0.00332556167964361,0.104412440598541,0.04898389459986,-0.00133022467185744,0,0,0,0,0,0,0,0,0,0,0,0
9.56030702044071,0.262255608863457,0.122424634339583,-0.00369436239017797,0.104902243545383,0.0489698537358332,-0.00147774495607112,0,0,0,0,0,0,0,0,0,0,0,0
9.57030769373115,0.263479746746432,0.12238584502016,-0.0040629401946211,0.105391898698573,0.0489543380080641,-0.00162517607784839,0,0,0,0,0,0,0,0,0,0,0,0
9.58030836702159,0.264703478282718,0.122343370881847,-0.0044312728455436,0.105881391313087,0.0489373483527391,-0.00177250913821743,0,0,0,0,0,0,0,0,0,0,0,0
9.59030904031203,0.265926766634275,0.122297214487539,-0.00479933810785312,0.10637070665371,0.0489188857950156,-0.00191973524314119,0,0,0,0,0,0,0,0,0,0,0,0
9.60030971360247,0.267149574989806,0.122247378622428,-0.00516711375991572,0.106859829995923,0.0488989514489712,-0.00206684550396624,0,0,0,0,0,0,0,0,0,0,0,0
9.61031038689291,0.268371866566978,0.122193866293867,-0.00553457759467745,0.107348746626791,0.0488775465175468,-0.00221383103787099,0,0,0,0,0,0,0,0,0,0,0,0
9.62031106018335,0.269593604614645,0.122136680731216,-0.00590170742078651,0.107837441845858,0.0488546722924868,-0.00236068296831461,0,0,0,0,0,0,0,0,0,0,0,0
9.63031173347379,0.270814752415064,0.122075825385684,-0.00626848106371414,0.108325900966026,0.0488303301542736,-0.00250739242548563,0,0,0,0,0,0,0,0,0,0,0,0
9.64031240676423,0.272035273286117,0.122011303930145,-0.00663487636687593,0.108814109314447,0.0488045215720582,-0.00265395054675032,0,0,0,0,0,0,0,0,0,0,0,0
9.65031308005467,0.273255130583524,0.121943120258965,-0.00700087119275441,0.10930205223341,0.0487772481035861,-0.00280034847710174,0,0,0,0,0,0,0,0,0,0,0,0
9.66031375334511,0.274474287703058,0.121871278487797,-0.00736644342401965,0.109789715081223,0.0487485113951188,-0.00294657736960781,0,0,0,0,0,0,0,0,0,0,0,0
9.67031442663555,0.275692708082758,0.121795782953377,-0.00773157096465131,0.110277083233103,0.0487183131813509,-0.00309262838586046,0,0,0,0,0,0,0,0,0,0,0,0
9.68031509992599,0.276910355205136,0.121716638213306,-0.00809623174105973,0.110764142082054,0.0486866552853226,-0.00323849269642385,0,0,0,0,0,0,0,0,0,0,0,0
9.69031577321643,0.278127192599388,0.121633849045818,-0.00846040370320804,0.111250877039755,0.0486535396183274,-0.00338416148128315,0,0,0,0,0,0,0,0,0,0,0,0
9.70031644650687,0.279343183843598,0.121547420449541,-0.00882406482573333,0.111737273537439,0.0486189681798163,-0.0035296259302933,0,0,0,0,0,0,0,0,0,0,0,0
9.71031711979732,0.280558292566938,0.12145735764324,-0.00918719310906842,0.112223317026775,0.048582943057296,-0.00367487724362727,0,0,0,0,0,0,0,0,0,0,0,0
9.72031779308776,0.281772482451874,0.121363666065561,-0.00954976658056315,0.11270899298075,0.0485454664262246,-0.0038199066322252,0,0,0,0,0,0,0,0,0,0,0,0
9.7303184663782,0.28298571723636,0.12126635137475,-0.0099117632956061,0.113194286894544,0.0485065405498999,-0.00396470531824242,0,0,0,0,0,0,0,0,0,0,0,0
9.74031913966864,0.284197960716031,0.121165419448369,-0.0102731613387462,0.113679184286413,0.0484661677793475,-0.00410926453549844,0,0,0,0,0,0,0,0,0,0,0,0
9.75031981295908,0.2854091767464,0.121060876382999,-0.0106339388248143,0.11416367069856,0.0484243505531995,-0.00425357552992573,0,0,0,0,0,0,0,0,0,0,0,0
9.76032048624952,0.286619329245041,0.120952728493931,-0.0109940739000443,0.114647731698016,0.0483810913975724,-0.0043976295600177,0,0,0,0,0,0,0,0,0,0,0,0
9.77032115953996,0.287828382193778,0.120840982314848,-0.0113535447431949,0.115131352877511,0.0483363929259392,-0.00454141789727796,0,0,0,0,0,0,0,0,0,0,0,0
9.7803218328304,0.28903629964087,0.120725644597491,-0.0117123295666719,0.115614519856348,0.0482902578389964,-0.00468493182666873,0,0,0,0,0,0,0,0,0,0,0,0
9.79032250612084,0.290243045703182,0.12060672231132,-0.0120704066176487,0.116097218281273,0.048242688924528,-0.0048281626470594,0,0,0,0,0,0,0,0,0,0,0,0
9.80032317941128,0.291448584568369,0.120484222643158,-0.0124277541791878,0.116579433827347,0.0481936890572634,-0.00497110167167512,0,0,0,0,0,0,0,0,0,0,0,0
9.81032385270172,0.292652880497043,0.120358152996831,-0.0127843505713639,0.117061152198817,0.0481432611987323,-0.00511374022854553,0,0,0,0,0,0,0,0,0,0,0,0
9.82032452599216,0.293855897824944,0.120228520992784,-0.0131401741523832,0.117542359129977,0.0480914083971138,-0.0052560696609533,0,0,0,0,0,0,0,0,0,0,0,0
9.8303251992826,0.295057600965101,0.120095334467704,-0.0134952033197072,0.11802304038604,0.0480381337870817,-0.0053980813278828,0,0,0,0,0,0,0,0,0,0,0,0
9.84032587257304,0.296257954409997,0.119958601474114,-0.0138494165111721,0.118503181763999,0.0479834405896458,-0.00553976660446876,0,0,0,0,0,0,0,0,0,0,0,0
9.85032654586348,0.297456922733723,0.119818330279969,-0.0142027922061118,0.118982769093489,0.0479273321119877,-0.00568111688244462,0,0,0,0,0,0,0,0,0,0,0,0
9.86032721915392,0.298654470594128,0.11967452936823,-0.0145553089264793,0.119461788237651,0.0478698117472921,-0.00582212357059171,0,0,0,0,0,0,0,0,0,0,0,0
9.87032789244436,0.299850562734973,0.119527207436437,-0.0149069452379679,0.119940225093989,0.047810882974575,-0.00596277809518715,0,0,0,0,0,0,0,0,0,0,0,0
9.8803285657348,0.301045163988069,0.119376373396265,-0.0152576797511325,0.120418065595228,0.0477505493585061,-0.006103071900453,0,0,0,0,0,0,0,0,0,0,0,0
9.89032923902524,0.30223823927542,0.119222036373067,-0.0156074911225122,0.120895295710168,0.0476888145492267,-0.00624299644900481,0,0,0,0,0,0,0,0,0,0,0,0
9.90032991231568,0.303429753611356,0.11906420570541,-0.0159563580557502,0.121371901444542,0.0476256822821641,-0.00638254322229997,0,0,0,0,0,0,0,0,0,0,0,0
9.91033058560612,0.304619672104662,0.118902890944601,-0.0163042593027167,0.121847868841865,0.0475611563778406,-0.00652170372108669,0,0,0,0,0,0,0,0,0,0,0,0
9.92033125889656,0.305807959960706,0.118738101854196,-0.0166511736646306,0.122323183984282,0.0474952407416784,-0.00666046946585217,0,0,0,0,0,0,0,0,0,0,0,0
9.930331932187,0.306994582483555,0.118569848409499,-0.0169970799931797,0.122797832993422,0.0474279393638,-0.00679883199727182,0,0,0,0,0,0,0,0,0,0,0,0
9.94033260547744,0.308179505078095,0.11839814079706,-0.0173419571916432,0.123271802031238,0.047359256318824,-0.00693678287665721,0,0,0,0,0,0,0,0,0,0,0,0
9.95033327876788,0.309362693252138,0.118222989414141,-0.0176857842160131,0.123745077300855,0.0472891957656565,-0.0070743136864052,0,0,0,0,0,0,0,0,0,0,0,0
9.96033395205832,0.310544112618525,0.118044404868195,-0.0180285400761165,0.12421764504741,0.0472177619472779,-0.0072114160304465,0,0,0,0,0,0,0,0,0,0,0,0
9.97033462534876,0.311723728897229,0.117862397976314,-0.0183702038367349,0.124689491558892,0.0471449591905257,-0.0073480815346939,0,0,0,0,0,0,0,0,0,0,0,0
9.9803352986392,0.312901507917448,0.11767697976468,-0.0187107546187285,0.125160603166979,0.0470707919058719,-0.00748430184749134,0,0,0,0,0,0,0,0,0,0,0,0
9.99033597192964,0.314077415619691,0.117488161467991,-0.0190501716001556,0.125630966247876,0.0469952645871967,-0.00762006864006228,0,0,0,0,0,0,0,0,0,0,0,0
10.0003366452201,0.315251418057862,0.117295954528892,-0.0193884340173961,0.126100567223145,0.0469183818115571,-0.00775537360695845,0,0,0,0,0,0,0,0,0,0,0,0
10.0103373185105,0.316423481401336,0.11710037059738,-0.0197255211662709,0.126569392560534,0.0468401482389523,-0.0078902084665083,0,0,0,0,0,0,0,0,0,0,0,0
10.020337991801,0.317593571937032,0.116901421530206,-0.0200614124031647,0.127037428774813,0.0467605686120826,-0.00802456496126593,0,0,0,0,0,0,0,0,0,0,0,0
10.0303386650914,0.318761656071475,0.116699119390263,-0.0203960871461482,0.12750466242859,0.0466796477561052,-0.00815843485845917,0,0,0,0,0,0,0,0,0,0,0,0
10.0403393383818,0.319927700332853,0.116493476445964,-0.0207295248760977,0.127971080133141,0.0465973905783856,-0.00829180995043893,0,0,0,0,0,0,0,0,0,0,0,0
10.0503400116723,0.321091671373076,0.116284505170609,-0.0210617051378184,0.12843666854923,0.0465138020682438,-0.00842468205512726,0,0,0,0,0,0,0,0,0,0,0,0
10.0603406849627,0.322253535969812,0.11607221824174,-0.0213926075411651,0.128901414387925,0.0464288872966961,-0.008557043016466,0,0,0,0,0,0,0,0,0,0,0,0
10.0703413582532,0.323413261028535,0.115856628540483,-0.0217222117621645,0.129365304411414,0.0463426514161933,-0.00868888470486571,0,0,0,0,0,0,0,0,0,0,0,0
10.0803420315436,0.324570813584554,0.115637749150882,-0.0220504975441351,0.129828325433821,0.0462550996603527,-0.00882019901765403,0,0,0,0,0,0,0,0,0,0,0,0
10.090342704834,0.325726160805037,0.115415593359221,-0.0223774446988115,0.130290464322015,0.0461662373436885,-0.00895097787952445,0,0,0,0,0,0,0,0,0,0,0,0
10.1003433781245,0.326879269991034,0.115190174653333,-0.0227030331074623,0.130751707996414,0.0460760698613332,-0.00908121324298485,0,0,0,0,0,0,0,0,0,0,0,0
10.1103440514149,0.328030108579487,0.114961506721899,-0.0230272427220153,0.131212043431795,0.0459846026887597,-0.00921089708880605,0,0,0,0,0,0,0,0,0,0,0,0
10.1203447247054,0.329178644145235,0.114729603453738,-0.0233500535661767,0.131671457658094,0.0458918413814951,-0.00934002142647065,0,0,0,0,0,0,0,0,0,0,0,0
10.1303453979958,0.330324844403012,0.114494478937079,-0.0236714457365536,0.132129937761205,0.0457977915748317,-0.00946857829462135,0,0,0,0,0,0,0,0,0,0,0,0
10.1403460712862,0.331468677209439,0.114256147458832,-0.023991399403775,0.132587470883776,0.045702458983533,-0.0095965597615099,0,0,0,0,0,0,0,0,0,0,0,0
10.1503467445767,0.332610110565005,0.114014623503837,-0.0243098948136137,0.133044044226002,0.0456058494015351,-0.0097239579254454,0,0,0,0,0,0,0,0,0,0,0,0
10.1603474178671,0.333749112616044,0.113769921754111,-0.0246269122881079,0.133499645046417,0.0455079687016448,-0.0098507649152431,0,0,0,0,0,0,0,0,0,0,0,0
10.1703480911576,0.334885651656702,0.113522057088078,-0.0249424322266833,0.133954260662681,0.045408822835231,-0.00997697289067322,0,0,0,0,0,0,0,0,0,0,0,0
10.180348764448,0.336019696130901,0.113271044579785,-0.0252564351072726,0.13440787845236,0.045308417831914,-0.010102574042909,0,0,0,0,0,0,0,0,0,0,0,0
10.1903494377384,0.337151214634285,0.113016899498121,-0.0255689014874397,0.134860485853714,0.0452067597992485,-0.0102275605949758,0,0,0,0,0,0,0,0,0,0,0,0
10.2003501110289,0.338280175916171,0.112759637306007,-0.0258798120054994,0.135312070366468,0.0451038549224031,-0.0103519248021997,0,0,0,0,0,0,0,0,0,0,0,0
10.2103507843193,0.339406548881479,0.112499273659587,-0.0261891473816395,0.135762619552592,0.0449997094638349,-0.0104756589526557,0,0,0,0,0,0,0,0,0,0,0,0
10.2203514576098,0.340530302592667,0.112235824407399,-0.0264968884190426,0.136212121037067,0.0448943297629598,-0.010598755367617,0,0,0,0,0,0,0,0,0,0,0,0
10.2303521309002,0.341651406271646,0.111969305589545,-0.0268030160050079,0.136660562508658,0.0447877222358184,-0.010721206402003,0,0,0,0,0,0,0,0,0,0,0,0
10.2403528041906,0.342769829301694,0.111699733436843,-0.027107511112071,0.137107931720678,0.0446798933747371,-0.0108430044448283,0,0,0,0,0,0,0,0,0,0,0,0
10.2503534774811,0.343885541229359,0.111427124369962,-0.0274103547991278,0.137554216491743,0.0445708497479848,-0.0109641419196511,0,0,0,0,0,0,0,0,0,0,0,0
10.2603541507715,0.344998511766349,0.111151494998563,-0.0277115282125551,0.137999404706539,0.0444605979994255,-0.0110846112850219,0,0,0,0,0,0,0,0,0,0,0,0
10.270354824062,0.346108710791424,0.110872862120415,-0.028011012587331,0.138443484316569,0.0443491448481659,-0.0112044050349323,0,0,0,0,0,0,0,0,0,0,0,0
10.2803554973524,0.347216108352269,0.110591242720496,-0.0283087892481584,0.138886443340908,0.0442364970881986,-0.0113235156992633,0,0,0,0,0,0,0,0,0,0,0,0
10.2903561706428,0.348320674667365,0.110306653970102,-0.0286048396105857,0.139328269866946,0.0441226615880412,-0.0114419358442342,0,0,0,0,0,0,0,0,0,0,0,0
10.3003568439333,0.349422380127841,0.110019113225926,-0.0288991451821273,0.139768952051136,0.0440076452903705,-0.0115596580728509,0,0,0,0,0,0,0,0,0,0,0,0
10.3103575172237,0.35052119529933,0.109728638029131,-0.0291916875633876,0.140208478119732,0.0438914552116525,-0.0116766750253549,0,0,0,0,0,0,0,0,0,0,0,0
10.3203581905142,0.351617090923808,0.109435246104418,-0.0294824484491793,0.140646836369523,0.0437740984417675,-0.0117929793796717,0,0,0,0,0,0,0,0,0,0,0,0
10.3303588638046,0.352710037921422,0.109138955359078,-0.0297714096296484,0.141084015168569,0.0436555821436314,-0.0119085638518593,0,0,0,0,0,0,0,0,0,0,0,0
10.340359537095,0.353800007392315,0.108839783882029,-0.030058552991393,0.141520002956926,0.0435359135528119,-0.012023421196557,0,0,0,0,0,0,0,0,0,0,0,0
10.3503602103855,0.354886970618432,0.108537749942849,-0.0303438605185862,0.141954788247373,0.0434150999771398,-0.0121375442074344,0,0,0,0,0,0,0,0,0,0,0,0
10.3603608836759,0.355970899065329,0.108232871990794,-0.0306273142940976,0.142388359626132,0.0432931487963179,-0.012250925717639,0,0,0,0,0,0,0,0,0,0,0,0
10.3703615569664,0.357051764383961,0.107925168653806,-0.0309088965006146,0.142820705753584,0.0431700674615226,-0.0123635586002457,0,0,0,0,0,0,0,0,0,0,0,0
10.3803622302568,0.35812953841246,0.107614658737506,-0.0311885894217636,0.143251815364984,0.0430458634950027,-0.0124754357687054,0,0,0,0,0,0,0,0,0,0,0,0
10.3903629035472,0.359204193177917,0.107301361224184,-0.0314663754432321,0.143681677271167,0.0429205444896737,-0.0125865501772928,0,0,0,0,0,0,0,0,0,0,0,0
10.4003635768377,0.360275700898134,0.106985295271768,-0.0317422370538903,0.144110280359254,0.0427941181087073,-0.012696894821556,0,0,0,0,0,0,0,0,0,0,0,0
10.4103642501281,0.361344033983381,0.10666648021279,-0.0320161568469123,0.144537613593352,0.0426665920851161,-0.0128064627387649,0,0,0,0,0,0,0,0,0,0,0,0
10.4203649234186,0.362409165038133,0.106344935553333,-0.0322881175208977,0.144963666015253,0.0425379742213336,-0.012915247008359,0,0,0,0,0,0,0,0,0,0,0,0
10.430365596709,0.363471066862804,0.106020680971978,-0.032558101880993,0.145388426745122,0.0424082723887916,-0.013023240752397,0,0,0,0,0,0,0,0,0,0,0,0
10.4403662699994,0.364529712455465,0.105693736318726,-0.0328260928400132,0.145811884982186,0.0422774945274906,-0.0131304371360052,0,0,0,0,0,0,0,0,0,0,0,0
10.4503669432899,0.365585075013553,0.105364121613918,-0.0330920734195648,0.146234030005421,0.0421456486455672,-0.0132368293678258,0,0,0,0,0,0,0,0,0,0,0,0
10.4603676165803,0.366637127935569,0.105031857047142,-0.0333560267511644,0.146654851174227,0.0420127428188568,-0.0133424107004657,0,0,0,0,0,0,0,0,0,0,0,0
10.4703682898708,0.367685844822764,0.104696962976129,-0.0336179360773628,0.147074337929105,0.0418787851904517,-0.0134471744309452,0,0,0,0,0,0,0,0,0,0,0,0
10.4803689631612,0.368731199480818,0.104359459925635,-0.0338777847528658,0.147492479792327,0.0417437839702543,-0.0135511139011463,0,0,0,0,0,0,0,0,0,0,0,0
10.4903696364516,0.369773165921501,0.104019368586316,-0.0341355562456551,0.147909266368601,0.0416077474345265,-0.013654222498262,0,0,0,0,0,0,0,0,0,0,0,0
10.5003703097421,0.370811718364331,0.103676709813585,-0.0343912341381105,0.148324687345732,0.0414706839254343,-0.0137564936552441,0,0,0,0,0,0,0,0,0,0,0,0
10.5103709830325,0.37184683123821,0.10333150462647,-0.0346448021281313,0.148738732495284,0.0413326018505881,-0.0138579208512523,0,0,0,0,0,0,0,0,0,0,0,0
10.520371656323,0.372878479183061,0.102983774206445,-0.0348962440302578,0.149151391673224,0.041193509682578,-0.0139584976121031,0,0,0,0,0,0,0,0,0,0,0,0
10.5303723296134,0.373906637051441,0.102633539896262,-0.0351455437767934,0.149562654820576,0.041053415958505,-0.0140582175107173,0,0,0,0,0,0,0,0,0,0,0,0
10.5403730029038,0.37493127991015,0.10228082319877,-0.0353926854189249,0.14997251196406,0.0409123292795083,-0.0141570741675698,0,0,0,0,0,0,0,0,0,0,0,0
10.5503736761943,0.375952383041828,0.101925645775715,-0.0356376531278451,0.150380953216731,0.0407702583102864,-0.0142550612511379,0,0,0,0,0,0,0,0,0,0,0,0
10.5603743494847,0.376969921946538,0.101568029446539,-0.0358804311958746,0.150787968778615,0.0406272117786159,-0.0143521724783498,0,0,0,0,0,0,0,0,0,0,0,0
10.5703750227752,0.377983872343332,0.101207996187158,-0.0361210040375814,0.151193548937333,0.0404831984748635,-0.0144484016150325,0,0,0,0,0,0,0,0,0,0,0,0
10.5803756960656,0.378994210171816,0.100845568128741,-0.0363593561909052,0.151597684068726,0.0403382272514965,-0.014543742476362,0,0,0,0,0,0,0,0,0,0,0,0
10.590376369356,0.380000911593692,0.100480767556462,-0.0365954723182775,0.152000364637477,0.040192307022585,-0.014638188927311,0,0,0,0,0,0,0,0,0,0,0,0
10.6003770426465,0.381003952994295,0.100113616908258,-0.0368293372077423,0.152401581197718,0.0400454467633032,-0.0147317348830968,0,0,0,0,0,0,0,0,0,0,0,0
10.6103777159369,0.382003310984112,0.0997441387735591,-0.0370609357740792,0.152801324393645,0.0398976555094238,-0.0148243743096315,0,0,0,0,0,0,0,0,0,0,0,0
10.6203783892274,0.382998962400293,0.099372355892023,-0.0372902530599243,0.153199584960117,0.0397489423568094,-0.0149161012239695,0,0,0,0,0,0,0,0,0,0,0,0
10.6303790625178,0.383990884308145,0.098998291152245,-0.0375172742368911,0.153596353723258,0.0395993164608983,-0.0150069096947565,0,0,0,0,0,0,0,0,0,0,0,0
10.6403797358082,0.384979054002614,0.0986219675904645,-0.0377419846066947,0.153991621601046,0.039448787036186,-0.0150967938426779,0,0,0,0,0,0,0,0,0,0,0,0
10.6503804090987,0.38596344900976,0.0982434083892601,-0.0379643696022695,0.154385379603904,0.0392973633557043,-0.0151857478409076,0,0,0,0,0,0,0,0,0,0,0,0
10.6603810823891,0.386944047088209,0.0978626368762286,-0.0381844147888928,0.154777618835284,0.0391450547504914,-0.0152737659155569,0,0,0,0,0,0,0,0,0,0,0,0
10.6703817556796,0.387920826230599,0.0974796765226568,-0.0384021058653067,0.155168330492239,0.0389918706090628,-0.0153608423461225,0,0,0,0,0,0,0,0,0,0,0,0
10.68038242897,0.388893764665007,0.0970945509421835,-0.038617428664839,0.155557505866003,0.0388378203768736,-0.0154469714659354,0,0,0,0,0,0,0,0,0,0,0,0
10.6903831022605,0.389862840856371,0.0967072838894448,-0.0388303691565247,0.155945136342548,0.0386829135557782,-0.0155321476626098,0,0,0,0,0,0,0,0,0,0,0,0
10.7003837755509,0.390828033507891,0.0963178992587133,-0.0390409134462283,0.156331213403156,0.0385271597034856,-0.0156163653784913,0,0,0,0,0,0,0,0,0,0,0,0
10.7103844488413,0.391789321562417,0.0959264210825228,-0.0392490477777643,0.156715728624967,0.0383705684330094,-0.0156996191111056,0,0,0,0,0,0,0,0,0,0,0,0
10.7203851221318,0.392746684203826,0.0955328735302843,-0.0394547585340188,0.15709867368153,0.0382131494121141,-0.0157819034136074,0,0,0,0,0,0,0,0,0,0,0,0
10.7303857954222,0.393700100858386,0.0951372809068891,-0.0396580322380726,0.157480040343354,0.0380549123627559,-0.0158632128952289,0,0,0,0,0,0,0,0,0,0,0,0
10.7403864687127,0.394649551196099,0.0947396676513,-0.0398588555543201,0.157859820478439,0.0378958670605202,-0.015943542221728,0,0,0,0,0,0,0,0,0,0,0,0
10.7503871420031,0.39559501513204,0.0943400583351353,-0.0400572152895939,0.158238006052816,0.0377360233340543,-0.0160228861158373,0,0,0,0,0,0,0,0,0,0,0,0
10.7603878152935,0.396536472827671,0.0939384776612354,-0.0402530983942841,0.158614589131068,0.0375753910644943,-0.0161012393577134,0,0,0,0,0,0,0,0,0,0,0,0
10.770388488584,0.397473904692154,0.0935349504622235,-0.0404464919634599,0.158989561876862,0.0374139801848898,-0.016178596785384,0,0,0,0,0,0,0,0,0,0,0,0
10.7803891618744,0.398407291383632,0.0931295016990536,-0.0406373832379936,0.159362916553453,0.0372518006796215,-0.0162549532951973,0,0,0,0,0,0,0,0,0,0,0,0
10.7903898351649,0.399336613810513,0.092722156459544,-0.0408257596056784,0.159734645524205,0.0370888625838179,-0.0163303038422712,0,0,0,0,0,0,0,0,0,0,0,0
10.8003905084553,0.400261853132729,0.0923129399569066,-0.0410116086023532,0.160104741253091,0.0369251759827628,-0.0164046434409411,0,0,0,0,0,0,0,0,0,0,0,0
10.8103911817457,0.401182990762977,0.0919018775282561,-0.0411949179130223,0.160473196305191,0.0367607510113024,-0.0164779671652087,0,0,0,0,0,0,0,0,0,0,0,0
10.8203918550362,0.402100008367961,0.0914889946331156,-0.0413756753729772,0.160840003347184,0.0365955978532465,-0.0165502701491908,0,0,0,0,0,0,0,0,0,0,0,0
10.8303925283266,0.403012887869601,0.0910743168519084,-0.0415538689689197,0.16120515514784,0.0364297267407637,-0.0166215475875677,0,0,0,0,0,0,0,0,0,0,0,0
10.8403932016171,0.403921611446236,0.0906578698844362,-0.0417294868400812,0.161568644578494,0.0362631479537748,-0.0166917947360323,0,0,0,0,0,0,0,0,0,0,0,0
10.8503938749075,0.404826161533811,0.090239679548349,-0.0419025172793448,0.161930464613524,0.0360958718193397,-0.0167610069117377,0,0,0,0,0,0,0,0,0,0,0,0
10.8603945481979,0.405726520827049,0.0898197717776019,-0.0420729487343683,0.16229060833082,0.035927908711041,-0.0168291794937471,0,0,0,0,0,0,0,0,0,0,0,0
10.8703952214884,0.406622672280605,0.0893981726209054,-0.0422407698087046,0.162649068912242,0.0357592690483623,-0.0168963079234817,0,0,0,0,0,0,0,0,0,0,0,0
10.8803958947788,0.407514599110204,0.0889749082401549,-0.0424059692629229,0.163005839644082,0.0355899632960621,-0.016962387705169,0,0,0,0,0,0,0,0,0,0,0,0
10.8903965680693,0.40840228479377,0.0885500049088592,-0.0425685360157313,0.163360913917508,0.0354200019635439,-0.0170274144062925,0,0,0,0,0,0,0,0,0,0,0,0
10.9003972413597,0.409285713072528,0.0881234890105523,-0.0427284591450975,0.163714285229011,0.0352493956042213,-0.0170913836580389,0,0,0,0,0,0,0,0,0,0,0,0
10.9103979146501,0.410164867952101,0.087695387037195,-0.0428857278893706,0.164065947180841,0.0350781548148784,-0.0171542911557481,0,0,0,0,0,0,0,0,0,0,0,0
10.9203985879406,0.411039733703587,0.0872657255875643,-0.0430403316484025,0.164415893481435,0.034906290235026,-0.0172161326593608,0,0,0,0,0,0,0,0,0,0,0,0
10.930399261231,0.411910294864614,0.0868345313656342,-0.0431922599846701,0.164764117945846,0.0347338125462538,-0.0172769039938678,0,0,0,0,0,0,0,0,0,0,0,0
10.9403999345215,0.412776536240388,0.0864018311789425,-0.043341502624396,0.165110614496155,0.0345607324715772,-0.0173366010497583,0,0,0,0,0,0,0,0,0,0,0,0
10.9504006078119,0.413638442904719,0.0859676519369485,-0.0434880494586712,0.165455377161888,0.0343870607747797,-0.0173952197834683,0,0,0,0,0,0,0,0,0,0,0,0
10.9604012811023,0.414496000201034,0.0855320206493803,-0.0436318905445747,0.165798400080414,0.0342128082597523,-0.0174527562178296,0,0,0,0,0,0,0,0,0,0,0,0
10.9704019543928,0.415349193743369,0.0850949644245632,-0.0437730161062968,0.166139677497348,0.0340379857698255,-0.0175092064425185,0,0,0,0,0,0,0,0,0,0,0,0
10.9804026276832,0.416198009417347,0.0846565104677502,-0.0439114165362606,0.166479203766939,0.0338626041871006,-0.017564566614504,0,0,0,0,0,0,0,0,0,0,0,0
10.9904033009737,0.41704243338114,0.0842166860794304,-0.044047082396242,0.166816973352456,0.0336866744317722,-0.0176188329584967,0,0,0,0,0,0,0,0,0,0,0,0
11.0004039742641,0.417882452066411,0.0837755186536268,-0.044180004418493,0.167152980826565,0.0335102074614512,-0.0176720017673971,0,0,0,0,0,0,0,0,0,0,0,0
11.0104046475545,0.418718052179246,0.0833330356761944,-0.0443101735068633,0.167487220871698,0.033333214270478,-0.0177240694027452,0,0,0,0,0,0,0,0,0,0,0,0
11.020405320845,0.419549220701057,0.0828892647230878,-0.0444375807379186,0.167819688280423,0.0331557058892352,-0.0177750322951673,0,0,0,0,0,0,0,0,0,0,0,0
11.0304059941354,0.420375944889477,0.0824442334586366,-0.0445622173620669,0.168150377955791,0.0329776933834549,-0.0178248869448267,0,0,0,0,0,0,0,0,0,0,0,0
11.0404066674259,0.421198212279237,0.0819979696337981,-0.0446840748046776,0.168479284911695,0.0327991878535197,-0.0178736299218707,0,0,0,0,0,0,0,0,0,0,0,0
11.0504073407163,0.422016010683023,0.0815505010844011,-0.0448031446672011,0.168806404273209,0.0326202004337609,-0.0179212578668803,0,0,0,0,0,0,0,0,0,0,0,0
11.0604080140067,0.422829328192313,0.0811018557293818,-0.0449194187282951,0.169131731276925,0.032440742291753,-0.017967767491318,0,0,0,0,0,0,0,0,0,0,0,0
11.0704086872972,0.423638153178201,0.0806520615690021,-0.0450328889449427,0.16945526127128,0.0322608246276012,-0.018013155577977,0,0,0,0,0,0,0,0,0,0,0,0
11.0804093605876,0.424442474292204,0.080201146683067,-0.0451435474535739,0.169776989716882,0.0320804586732269,-0.0180574189814295,0,0,0,0,0,0,0,0,0,0,0,0
11.0904100338781,0.425242280467046,0.0797491392291161,-0.0452513865711891,0.170096912186818,0.0318996556916466,-0.0181005546284755,0,0,0,0,0,0,0,0,0,0,0,0
11.1004107071685,0.426037560917424,0.0792960674406202,-0.0453563987964788,0.17041502436697,0.0317184269762484,-0.0181425595185913,0,0,0,0,0,0,0,0,0,0,0,0
11.1104113804589,0.426828305140763,0.0788419596251527,-0.0454585768109455,0.170731322056305,0.0315367838500615,-0.0181834307243781,0,0,0,0,0,0,0,0,0,0,0,0
11.1204120537494,0.427614502917945,0.0783868441625605,-0.0455579134800278,0.171045801167178,0.0313547376650246,-0.0182231653920109,0,0,0,0,0,0,0,0,0,0,0,0
11.1304127270398,0.428396144314023,0.0779307495031135,-0.0456544018542169,0.171358457725609,0.0311722998012457,-0.0182617607416867,0,0,0,0,0,0,0,0,0,0,0,0
11.1404134003303,0.429173219678917,0.0774737041656539,-0.0457480351701838,0.171669287871566,0.0309894816662616,-0.0182992140680733,0,0,0,0,0,0,0,0,0,0,0,0
11.1504140736207,0.429945719648088,0.0770157367357243,-0.0458388068518962,0.171978287859236,0.0308062946942901,-0.0183355227407582,0,0,0,0,0,0,0,0,0,0,0,0
11.1604147469111,0.430713635143202,0.0765568758636923,-0.0459267105117423,0.172285454057281,0.0306227503454772,-0.0183706842046967,0,0,0,0,0,0,0,0,0,0,0,0
11.1704154202016,0.431476957372758,0.0760971502628584,-0.0460117399516529,0.172590782949103,0.0304388601051437,-0.0184046959806609,0,0,0,0,0,0,0,0,0,0,0,0
11.180416093492,0.432235677832718,0.0756365887075551,-0.0460938891642211,0.172894271133087,0.0302546354830225,-0.0184375556656884,0,0,0,0,0,0,0,0,0,0,0,0
11.1904167667825,0.432989788307102,0.0751752200312364,-0.0461731523338254,0.173195915322841,0.030070088012495,-0.0184692609335301,0,0,0,0,0,0,0,0,0,0,0,0
11.2004174400729,0.433739280868574,0.0747130731245511,-0.0462495238377508,0.17349571234743,0.0298852292498206,-0.0184998095351,0,0,0,0,0,0,0,0,0,0,0,0
11.2104181133633,0.434484147879,0.0742501769334101,-0.0463229982473083,0.1737936591516,0.0297000707733645,-0.0185291992989232,0,0,0,0,0,0,0,0,0,0,0,0
11.2204187866538,0.435224381989993,0.0737865604570408,-0.0463935703289612,0.174089752795997,0.0295146241828166,-0.0185574281315845,0,0,0,0,0,0,0,0,0,0,0,0
11.2304194599442,0.435959976143436,0.0733222527460281,-0.0464612350454423,0.174383990457374,0.0293289010984113,-0.0185844940181767,0,0,0,0,0,0,0,0,0,0,0,0
11.2404201332347,0.436690923571988,0.0728572829003467,-0.0465259875568767,0.174676369428795,0.029142913160139,-0.0186103950227505,0,0,0,0,0,0,0,0,0,0,0,0
11.2504208065251,0.437417217799563,0.0723916800673833,-0.0465878232219036,0.174966887119825,0.0289566720269536,-0.0186351292887614,0,0,0,0,0,0,0,0,0,0,0,0
11.2604214798155,0.438138852641799,0.0719254734399416,-0.0466467375987996,0.17525554105672,0.0287701893759773,-0.0186586950395197,0,0,0,0,0,0,0,0,0,0,0,0
11.270422153106,0.438855822206501,0.0714586922542453,-0.0467027264465957,0.1755423288826,0.0285834769016983,-0.0186810905786381,0,0,0,0,0,0,0,0,0,0,0,0
11.2804228263964,0.439568120894064,0.0709913657879182,-0.0467557857262034,0.175827248357626,0.0283965463151679,-0.0187023142904812,0,0,0,0,0,0,0,0,0,0,0,0
11.2904234996869,0.440275743397877,0.0705235233579695,-0.0468059116015345,0.17611029735915,0.0282094093431879,-0.0187223646406137,0,0,0,0,0,0,0,0,0,0,0,0
11.3004241729773,0.440978684704708,0.0700551943187452,-0.046853100440622,0.176391473881883,0.0280220777274982,-0.0187412401762487,0,0,0,0,0,0,0,0,0,0,0,0
11.3104248462677,0.441676940095065,0.0695864080598936,-0.0468973488167432,0.176670776038026,0.0278345632239577,-0.0187589395266971,0,0,0,0,0,0,0,0,0,0,0,0
11.3204255195582,0.442370505143543,0.0691171940042987,-0.0469386535095387,0.176948202057417,0.0276468776017199,-0.0187754614038151,0,0,0,0,0,0,0,0,0,0,0,0
11.3304261928486,0.443059375719141,0.0686475816060141,-0.0469770115061366,0.177223750287657,0.0274590326424063,-0.0187908046024544,0,0,0,0,0,0,0,0,0,0,0,0
11.3404268661391,0.443743547985567,0.0681776003481833,-0.0470124200022736,0.177497419194227,0.0272710401392738,-0.0188049680009093,0,0,0,0,0,0,0,0,0,0,0,0
11.3504275394295,0.444423018401515,0.0677072797409458,-0.0470448764034154,0.177769207360606,0.0270829118963785,-0.018817950561366,0,0,0,0,0,0,0,0,0,0,0,0
11.3604282127199,0.445097783720928,0.0672366493193332,-0.0470743783258784,0.178039113488371,0.0268946597277337,-0.0188297513303512,0,0,0,0,0,0,0,0,0,0,0,0
11.3704288860104,0.445767840993234,0.0667657386411589,-0.0471009235979521,0.178307136397294,0.0267062954564637,-0.0188403694391806,0,0,0,0,0,0,0,0,0,0,0,0
11.3804295593008,0.446433187563566,0.0662945772848887,-0.0471245102610206,0.178573275025426,0.0265178309139557,-0.0188498041044079,0,0,0,0,0,0,0,0,0,0,0,0
11.3904302325913,0.447093821072953,0.0658231948475066,-0.0471451365706828,0.178837528429182,0.0263292779390031,-0.0188580546282729,0,0,0,0,0,0,0,0,0,0,0,0
11.4004309058817,0.447749739458501,0.0653516209423657,-0.0471628009978758,0.179099895783401,0.026140648376947,-0.0188651203991502,0,0,0,0,0,0,0,0,0,0,0,0
11.4104315791721,0.448400940953539,0.0648798851970294,-0.0471775022299951,0.179360376381416,0.0259519540788123,-0.018871000891998,0,0,0,0,0,0,0,0,0,0,0,0
11.4204322524626,0.449047424087755,0.0644080172510997,-0.0471892391720167,0.179618969635102,0.0257632069004405,-0.0188756956688067,0,0,0,0,0,0,0,0,0,0,0,0
11.430432925753,0.449689187687304,0.06393604675404,-0.0471980109476197,0.179875675074922,0.0255744187016164,-0.0188792043790478,0,0,0,0,0,0,0,0,0,0,0,0
11.4404335990435,0.450326230874897,0.0634640033629751,-0.0472038169003041,0.180130492349959,0.0253856013451904,-0.0188815267601214,0,0,0,0,0,0,0,0,0,0,0,0
11.4504342723339,0.450958553069863,0.0629919167404953,-0.0472066565945176,0.180383421227945,0.0251967666961984,-0.0188826626378068,0,0,0,0,0,0,0,0,0,0,0,0
11.4604349456243,0.451586153988196,0.0625198165524341,-0.047206529816773,0.180634461595278,0.0250079266209739,-0.018882611926709,0,0,0,0,0,0,0,0,0,0,0,0
11.4704356189148,0.452209033642576,0.0620477324656473,-0.0472034365767713,0.18088361345703,0.0248190929862594,-0.0188813746307085,0,0,0,0,0,0,0,0,0,0,0,0
11.4804362922052,0.452827192342367,0.0615756941457718,-0.0471973771085247,0.181130876936946,0.0246302776583092,-0.0188789508434096,0,0,0,0,0,0,0,0,0,0,0,0
11.4904369654957,0.453440630693592,0.0611037312549772,-0.0471883518714746,0.181376252277437,0.0244414925019915,-0.0188753407485897,0,0,0,0,0,0,0,0,0,0,0,0
11.5004376387861,0.454049349598891,0.0606318734497104,-0.0471763615516163,0.181619739839557,0.0242527493798842,-0.0188705446206465,0,0,0,0,0,0,0,0,0,0,0,0
11.5104383120765,0.454653350257452,0.0601601503784134,-0.0471614070626202,0.181861340102981,0.0240640601513657,-0.0188645628250478,0,0,0,0,0,0,0,0,0,0,0,0
11.520438985367,0.455252634164914,0.0596885916792546,-0.0471434895469509,0.182101053665965,0.023875436671702,-0.01885739581878,0,0,0,0,0,0,0,0,0,0,0,0
11.5304396586574,0.455847203113259,0.059217226977824,-0.0471226103769904,0.182338881245303,0.0236868907911302,-0.0188490441507961,0,0,0,0,0,0,0,0,0,0,0,0
11.5404403319479,0.456437059190669,0.0587460858848347,-0.0470987711561628,0.182574823676268,0.0234984343539346,-0.0188395084624648,0,0,0,0,0,0,0,0,0,0,0,0
11.5504410052383,0.457022204781376,0.0582751979938043,-0.0470719737200489,0.182808881912551,0.0233100791975217,-0.0188287894880193,0,0,0,0,0,0,0,0,0,0,0,0
11.5604416785287,0.457602642565465,0.0578045928787252,-0.0470422201375134,0.183041057026186,0.0231218371514905,-0.0188168880550053,0,0,0,0,0,0,0,0,0,0,0,0
11.5704423518192,0.458178375518676,0.0573343000917321,-0.0470095127118251,0.18327135020747,0.0229337200366934,-0.0188038050847299,0,0,0,0,0,0,0,0,0,0,0,0
11.5804430251096,0.458749406912172,0.0568643491607473,-0.0469738539817766,0.183499762764869,0.0227457396642991,-0.0187895415927105,0,0,0,0,0,0,0,0,0,0,0,0
11.5904436984001,0.459315740312282,0.0563947695871204,-0.0469352467228088,0.183726296124913,0.0225579078348486,-0.0187740986891232,0,0,0,0,0,0,0,0,0,0,0,0
11.6004443716905,0.459877379580225,0.0559255908432588,-0.0468936939481293,0.18395095183209,0.022370236337304,-0.0187574775792516,0,0,0,0,0,0,0,0,0,0,0,0
11.6104450449809,0.460434328871815,0.0554568423702393,-0.0468491989098372,0.184173731548726,0.0221827369480962,-0.0187396795639347,0,0,0,0,0,0,0,0,0,0,0,0
11.6204457182714,0.460986592637122,0.0549885535754182,-0.0468017651000415,0.184394637054849,0.0219954214301678,-0.0187207060400162,0,0,0,0,0,0,0,0,0,0,0,0
11.6304463915618,0.461534175620136,0.0545207538300221,-0.0467513962519852,0.184613670248054,0.0218083015320094,-0.0187005585007936,0,0,0,0,0,0,0,0,0,0,0,0
11.6404470648523,0.462077082858388,0.0540534724667352,-0.046698096341164,0.184830833143355,0.0216213889866947,-0.0186792385364656,0,0,0,0,0,0,0,0,0,0,0,0
11.6504477381427,0.462615319682551,0.0535867387772657,-0.0466418695864527,0.18504612787302,0.0214346955109067,-0.0186567478345809,0,0,0,0,0,0,0,0,0,0,0,0
11.6604484114331,0.46314889171602,0.0531205820099087,-0.0465827204512217,0.185259556686408,0.0212482328039637,-0.0186330881804883,0,0,0,0,0,0,0,0,0,0,0,0
11.6704490847236,0.463677804874466,0.0526550313670947,-0.0465206536444599,0.185471121949786,0.0210620125468382,-0.0186082614577838,0,0,0,0,0,0,0,0,0,0,0,0
11.680449758014,0.464202065365364,0.0521901160029302,-0.0464556741218986,0.185680826146146,0.0208760464011727,-0.0185822696487594,0,0,0,0,0,0,0,0,0,0,0,0
11.6904504313045,0.464721679687498,0.0517258650207216,-0.0463877870871303,0.185888671874999,0.020690346008289,-0.0185551148348519,0,0,0,0,0,0,0,0,0,0,0,0
11.7004511045949,0.465236654630441,0.0512623074704923,-0.0463169979927312,0.186094661852176,0.020504922988197,-0.0185267991970924,0,0,0,0,0,0,0,0,0,0,0,0
11.7104517778853,0.465746997274007,0.0507994723464849,-0.0462433125413836,0.186298798909603,0.0203197889385943,-0.0184973250165534,0,0,0,0,0,0,0,0,0,0,0,0
11.7204524511758,0.466252714987685,0.0503373885846573,-0.0461667366869956,0.186501085995074,0.020134955433863,-0.0184666946747981,0,0,0,0,0,0,0,0,0,0,0,0
11.7304531244662,0.466753815430039,0.0498760850601638,-0.046087276635825,0.186701526172015,0.0199504340240661,-0.0184349106543296,0,0,0,0,0,0,0,0,0,0,0,0
11.7404537977567,0.46725030654809,0.0494155905848255,-0.0460049388475988,0.186900122619236,0.019766236233931,-0.018401975539039,0,0,0,0,0,0,0,0,0,0,0,0
11.7504544710471,0.467742196576671,0.0489559339045893,-0.0459197300366343,0.187096878630668,0.0195823735618363,-0.0183678920146535,0,0,0,0,0,0,0,0,0,0,0,0
11.7604551443375,0.46822949403775,0.0484971436969772,-0.0458316571729646,0.1872917976151,0.0193988574787908,-0.0183326628691856,0,0,0,0,0,0,0,0,0,0,0,0
11.770455817628,0.468712207739743,0.0480392485685195,-0.0457407274834555,0.187484883095897,0.0192156994274083,-0.018296290993382,0,0,0,0,0,0,0,0,0,0,0,0
11.7804564909184,0.469190346776777,0.0475822770521901,-0.0456469484529298,0.187676138710711,0.0190329108208765,-0.0182587793811719,0,0,0,0,0,0,0,0,0,0,0,0
11.7904571642089,0.469663920527957,0.0471262576048108,-0.0455503278252874,0.187865568211183,0.0188505030419244,-0.0182201311301145,0,0,0,0,0,0,0,0,0,0,0,0
11.8004578374993,0.470132938656577,0.0466712186044589,-0.0454508736046274,0.188053175462631,0.018668487441784,-0.0181803494418506,0,0,0,0,0,0,0,0,0,0,0,0
11.8104585107897,0.470597411109332,0.0462171883478618,-0.0453485940563705,0.188238964443732,0.0184868753391454,-0.0181394376225479,0,0,0,0,0,0,0,0,0,0,0,0
11.8204591840802,0.47105734811548,0.0457641950477752,-0.0452434977083792,0.188422939246192,0.0183056780191109,-0.0180973990833516,0,0,0,0,0,0,0,0,0,0,0,0
11.8304598573706,0.471512760186002,0.0453122668303536,-0.0451355933520793,0.1886051040744,0.0181249067321417,-0.0180542373408315,0,0,0,0,0,0,0,0,0,0,0,0
11.8404605306611,0.471963658112707,0.0448614317325047,-0.0450248900435839,0.188785463245083,0.0179445726930027,-0.0180099560174335,0,0,0,0,0,0,0,0,0,0,0,0
11.8504612039515,0.472410052967342,0.0444117176992492,-0.0449113971048118,0.188964021186937,0.0177646870796999,-0.0179645588419247,0,0,0,0,0,0,0,0,0,0,0,0
11.8604618772419,0.472851956100647,0.0439631525810395,-0.0447951241246105,0.189140782440259,0.0175852610324159,-0.0179180496498437,0,0,0,0,0,0,0,0,0,0,0,0
11.8704625505324,0.473289379141406,0.0435157641310989,-0.0446760809598765,0.189315751656562,0.0174063056524398,-0.0178704323839503,0,0,0,0,0,0,0,0,0,0,0,0
11.8804632238228,0.473722333995453,0.0430695800027304,-0.0445542777366803,0.189488933598181,0.0172278320010919,-0.0178217110946721,0,0,0,0,0,0,0,0,0,0,0,0
11.8904638971133,0.474150832844663,0.0426246277466141,-0.0444297248513839,0.189660333137865,0.0170498510986461,-0.0177718899405533,0,0,0,0,0,0,0,0,0,0,0,0
11.9004645704037,0.474574888145913,0.0421809348081103,-0.0443024329717647,0.189829955258365,0.0168723739232442,-0.0177209731887055,0,0,0,0,0,0,0,0,0,0,0,0
11.9104652436942,0.474994512630016,0.0417385285245258,-0.0441724130381358,0.189997805052006,0.0166954114098106,-0.017668965215254,0,0,0,0,0,0,0,0,0,0,0,0
11.9204659169846,0.47540971930062,0.041297436122394,-0.0440396762644689,0.190163887720248,0.0165189744489579,-0.0176158705057874,0,0,0,0,0,0,0,0,0,0,0,0
11.930466590275,0.475820521433098,0.0408576847147258,-0.0439042341395154,0.190328208573238,0.0163430738858905,-0.017561693655806,0,0,0,0,0,0,0,0,0,0,0,0
11.9404672635655,0.476226932573383,0.040419301298258,-0.0437660984279251,0.190490773029353,0.016167720519304,-0.0175064393711699,0,0,0,0,0,0,0,0,0,0,0,0
11.9504679368559,0.47662896653681,0.0399823127506919,-0.0436252811713747,0.190651586614724,0.0159929251002772,-0.0174501124685495,0,0,0,0,0,0,0,0,0,0,0,0
11.9604686101463,0.477026637406898,0.0395467458279084,-0.0434817946896809,0.190810654962759,0.0158186983311641,-0.0173927178758721,0,0,0,0,0,0,0,0,0,0,0,0
11.9704692834368,0.47741995953412,0.0391126271611926,-0.0433356515819277,0.190967983813648,0.0156450508644773,-0.0173342606327708,0,0,0,0,0,0,0,0,0,0,0,0
11.9804699567272,0.477808947534649,0.0386799832544233,-0.0431868647275858,0.191123579013859,0.0154719933017698,-0.0172747458910342,0,0,0,0,0,0,0,0,0,0,0,0
11.9904706300177,0.478193616289064,0.0382488404812749,-0.0430354472876359,0.191277446515626,0.0152995361925107,-0.0172141789150541,0,0,0,0,0,0,0,0,0,0,0,0
12.0004713033081,0.478573980941038,0.0378192250823857,-0.0428814127056857,0.191429592376415,0.0151276900329544,-0.0171525650822744,0,0,0,0,0,0,0,0,0,0,0,0
12.0104719765986,0.478950056895986,0.037391163162535,-0.0427247747091,0.191580022758394,0.0149564652650145,-0.0170899098836398,0,0,0,0,0,0,0,0,0,0,0,0
12.020472649889,0.479321859819701,0.0369646806877928,-0.0425655473101111,0.19172874392788,0.0147858722751181,-0.0170262189240445,0,0,0,0,0,0,0,0,0,0,0,0
12.0304733231794,0.479689405636948,0.0365398034826705,-0.0424037448069505,0.191875762254779,0.0146159213930693,-0.01696149792278,0,0,0,0,0,0,0,0,0,0,0,0
12.0404739964699,0.480052710530036,0.0361165572272523,-0.0422393817849636,0.192021084212015,0.0144466228909017,-0.0168957527139849,0,0,0,0,0,0,0,0,0,0,0,0
12.0504746697603,0.480411790937355,0.035694967454315,-0.0420724731177351,0.192164716374942,0.0142779869817268,-0.0168289892470935,0,0,0,0,0,0,0,0,0,0,0,0
12.0604753430508,0.480766663551893,0.0352750595464505,-0.0419030339682085,0.192306665420758,0.0141100238185808,-0.0167612135872833,0,0,0,0,0,0,0,0,0,0,0,0
12.0704760163412,0.481117345319721,0.0348568587331538,-0.0417310797898094,0.192446938127888,0.0139427434932617,-0.0166924319159233,0,0,0,0,0,0,0,0,0,0,0,0
12.0804766896316,0.481463853438437,0.03444039008792,-0.0415566263275632,0.192585541375375,0.0137761560351683,-0.0166226505310247,0,0,0,0,0,0,0,0,0,0,0,0
12.0904773629221,0.481806205355605,0.034025678525321,-0.0413796896192241,0.192722482142242,0.0136102714101288,-0.0165518758476893,0,0,0,0,0,0,0,0,0,0,0,0
12.1004780362125,0.482144418767141,0.033612748798071,-0.0412002859963885,0.192857767506857,0.013445099519229,-0.016480114398555,0,0,0,0,0,0,0,0,0,0,0,0
12.110478709503,0.482478511615686,0.0332016254940855,-0.04101843208562,0.192991404646275,0.0132806501976343,-0.0164073728342478,0,0,0,0,0,0,0,0,0,0,0,0
12.1204793827934,0.482808502088938,0.0327923330335187,-0.0408341448095739,0.193123400835575,0.0131169332134081,-0.0163336579238292,0,0,0,0,0,0,0,0,0,0,0,0
12.1304800560838,0.483134408617964,0.0323848956658085,-0.040647441388113,0.193253763447185,0.012953958266324,-0.0162589765552449,0,0,0,0,0,0,0,0,0,0,0,0
12.1404807293743,0.483456249875473,0.0319793374666848,-0.0404583393394331,0.193382499950189,0.0127917349866745,-0.0161833357357731,0,0,0,0,0,0,0,0,0,0,0,0
12.1504814026647,0.483774044774068,0.031575682335193,-0.0402668564811842,0.193509617909627,0.0126302729340775,-0.016106742592473,0,0,0,0,0,0,0,0,0,0,0,0
12.1604820759552,0.484087812464462,0.0311739539906835,-0.0400730109315891,0.193635124985785,0.0124695815962741,-0.0160292043726354,0,0,0,0,0,0,0,0,0,0,0,0
12.1704827492456,0.484397572333669,0.030774175969808,-0.039876821110569,0.193759028933467,0.0123096703879243,-0.0159507284442273,0,0,0,0,0,0,0,0,0,0,0,0
12.180483422536,0.484703344003154,0.030376371623493,-0.0396783057408636,0.193881337601262,0.0121505486493975,-0.0158713222963453,0,0,0,0,0,0,0,0,0,0,0,0
12.1904840958265,0.485005147326971,0.0299805641139013,-0.0394774838491506,0.194002058930788,0.0119922256455612,-0.0157909935396599,0,0,0,0,0,0,0,0,0,0,0,0
12.2004847691169,0.485303002389852,0.0295867764113992,-0.0392743747671704,0.194121200955941,0.0118347105645603,-0.0157097499068681,0,0,0,0,0,0,0,0,0,0,0,0
12.2104854424074,0.485596929505276,0.0291950312914873,-0.0390689981328452,0.19423877180211,0.0116780125165956,-0.0156275992531375,0,0,0,0,0,0,0,0,0,0,0,0
12.2204861156978,0.485886949213507,0.0288053513317388,-0.0388613738914012,0.194354779685402,0.0115221405326962,-0.0155445495565601,0,0,0,0,0,0,0,0,0,0,0,0
12.2304867889882,0.486173082279592,0.028417758908722,-0.0386515222964918,0.194469232911837,0.0113671035634892,-0.0154606089185964,0,0,0,0,0,0,0,0,0,0,0,0
12.2404874622787,0.486455349691352,0.0280322761949052,-0.038439463911317,0.194582139876541,0.011212910477963,-0.0153757855645265,0,0,0,0,0,0,0,0,0,0,0,0
12.2504881355691,0.486733772657302,0.0276489251555624,-0.0382252196097445,0.194693509062921,0.0110595700622253,-0.0152900878438975,0,0,0,0,0,0,0,0,0,0,0,0
12.2604888088596,0.487008372604582,0.0272677275456503,-0.0380088105774363,0.194803349041833,0.0109070910182607,-0.0152035242309743,0,0,0,0,0,0,0,0,0,0,0,0
12.27048948215,0.487279171176831,0.0268887049066981,-0.0377902583129623,0.194911668470732,0.01075548196268,-0.0151161033251846,0,0,0,0,0,0,0,0,0,0,0,0
12.2804901554404,0.487546190232035,0.0265118785636609,-0.0375695846289271,0.195018476092814,0.0106047514254656,-0.0150278338515708,0,0,0,0,0,0,0,0,0,0,0,0
12.2904908287309,0.487809451840353,0.0261372696217814,-0.0373468116530924,0.195123780736141,0.010454907848713,-0.0149387246612367,0,0,0,0,0,0,0,0,0,0,0,0
12.3004915020213,0.488068978281891,0.025764898963424,-0.0371219618294944,0.195227591312757,0.0103059595853704,-0.0148487847317976,0,0,0,0,0,0,0,0,0,0,0,0
12.3104921753118,0.488324792044472,0.0253947872449174,-0.0368950579195678,0.195329916817789,0.0101579148979677,-0.0147580231678272,0,0,0,0,0,0,0,0,0,0,0,0
12.3204928486022,0.488576915821351,0.0250269548933661,-0.036666123003269,0.195430766328541,0.0100107819573467,-0.0146664492013071,0,0,0,0,0,0,0,0,0,0,0,0
12.3304935218926,0.488825372508907,0.0246614221034617,-0.0364351804801928,0.195530149003563,0.00986456884138474,-0.0145740721920768,0,0,0,0,0,0,0,0,0,0,0,0
12.3404941951831,0.489070185204303,0.0242982088342801,-0.0362022540706983,0.195628074081721,0.00971928353371313,-0.0144809016282793,0,0,0,0,0,0,0,0,0,0,0,0
12.3504948684735,0.489311377203118,0.023937334806074,-0.0359673678170308,0.195724550881247,0.00957493392242994,-0.0143869471268121,0,0,0,0,0,0,0,0,0,0,0,0
12.360495541764,0.489548971996937,0.0235788194970371,-0.0357305460844387,0.195819588798775,0.00943152779881518,-0.0142922184337752,0,0,0,0,0,0,0,0,0,0,0,0
12.3704962150544,0.489782993270915,0.0232226821400778,-0.0354918135622997,0.195913197308366,0.00928907285603203,-0.0141967254249195,0,0,0,0,0,0,0,0,0,0,0,0
12.3804968883448,0.490013464901312,0.0228689417195687,-0.03525119526524,0.196005385960524,0.00914757668782859,-0.0141004781060956,0,0,0,0,0,0,0,0,0,0,0,0
12.3904975616353,0.490240410952986,0.0225176169680882,-0.0350087165342558,0.196096164381194,0.0090070467872357,-0.0140034866137021,0,0,0,0,0,0,0,0,0,0,0,0
12.4004982349257,0.490463855676863,0.0221687263631498,-0.0347644030378358,0.196185542270745,0.00886749054526012,-0.013905761215134,0,0,0,0,0,0,0,0,0,0,0,0
12.4104989082162,0.490683823507365,0.0218222881239209,-0.0345182807730847,0.196273529402946,0.00872891524956908,-0.0138073123092336,0,0,0,0,0,0,0,0,0,0,0,0
12.4204995815066,0.490900339059812,0.0214783202079385,-0.0342703760668377,0.196360135623924,0.00859132808317596,-0.0137081504267348,0,0,0,0,0,0,0,0,0,0,0,0
12.430500254797,0.491113427127791,0.0211368403077941,-0.0340207155767927,0.196445370851117,0.0084547361231187,-0.0136082862307167,0,0,0,0,0,0,0,0,0,0,0,0
12.4405009280875,0.491323112680492,0.0207978658478289,-0.0337693262926205,0.196529245072197,0.00831914633913255,-0.0135077305170481,0,0,0,0,0,0,0,0,0,0,0,0
12.4505016013779,0.491529420859998,0.020461413980803,-0.0335162355370951,0.196611768343999,0.00818456559232237,-0.0134064942148379,0,0,0,0,0,0,0,0,0,0,0,0
12.4605022746684,0.491732376978562,0.0201275015845611,-0.0332614709672122,0.196692950791425,0.00805100063382465,-0.0133045883868843,0,0,0,0,0,0,0,0,0,0,0,0
12.4705029479588,0.491932006515837,0.019796145258678,-0.0330050605753077,0.196772802606335,0.00791845810347192,-0.0132020242301225,0,0,0,0,0,0,0,0,0,0,0,0
12.4805036212492,0.492128335116082,0.0194673613211158,-0.0327470326901836,0.196851334046433,0.00778694452844684,-0.0130988130760734,0,0,0,0,0,0,0,0,0,0,0,0
12.4905042945397,0.49232138858532,0.0191411658048309,-0.0324874159782305,0.196928555434128,0.00765646632193294,-0.0129949663912915,0,0,0,0,0,0,0,0,0,0,0,0
12.5005049678301,0.492511192888477,0.0188175744544109,-0.0322262394445413,0.197004477155391,0.00752702978176485,-0.0128904957778159,0,0,0,0,0,0,0,0,0,0,0,0
12.5105056411206,0.492697774146477,0.0184966027226731,-0.0319635324340431,0.197079109658591,0.00739864108906967,-0.012785412973617,0,0,0,0,0,0,0,0,0,0,0,0
12.520506314411,0.492881158633313,0.0181782657672584,-0.0316993246326121,0.197152463453325,0.0072713063069046,-0.0126797298530444,0,0,0,0,0,0,0,0,0,0,0,0
12.5305069877014,0.493061372773073,0.017862578447228,-0.0314336460681943,0.197224549109229,0.00714503137889151,-0.0125734584272772,0,0,0,0,0,0,0,0,0,0,0,0
12.5405076609919,0.493238443136937,0.0175495553196167,-0.0311665271119352,0.197295377254775,0.00701982212784744,-0.0124666108447738,0,0,0,0,0,0,0,0,0,0,0,0
12.5505083342823,0.493412396440143,0.0172392106360147,-0.030897998479289,0.197364958576058,0.00689568425440691,-0.0123591993917155,0,0,0,0,0,0,0,0,0,0,0,0
12.5605090075728,0.493583259538911,0.0169315583391096,-0.030628091231152,0.197433303815564,0.00677262333564415,-0.0122512364924605,0,0,0,0,0,0,0,0,0,0,0,0
12.5705096808632,0.493751059427339,0.0166266120592239,-0.0303568367749774,0.197500423770934,0.00665064482369014,-0.0121427347099902,0,0,0,0,0,0,0,0,0,0,0,0
12.5805103541536,0.493915823234257,0.0163243851108501,-0.0300842668658959,0.197566329293703,0.00652975404434148,-0.0120337067463578,0,0,0,0,0,0,0,0,0,0,0,0
12.5905110274441,0.494077578220065,0.0160248904891637,-0.0298104136078441,0.197631031288025,0.00640995619566648,-0.0119241654431372,0,0,0,0,0,0,0,0,0,0,0,0
12.6005117007345,0.4942363517735,0.0157281408665326,-0.0295353094546796,0.1976945407094,0.00629125634661295,-0.0118141237818715,0,0,0,0,0,0,0,0,0,0,0,0
12.610512374025,0.494392171408415,0.0154341485890013,-0.0292589872113033,0.197756868563366,0.00617365943560127,-0.0117035948845209,0,0,0,0,0,0,0,0,0,0,0,0
12.6205130473154,0.494545064760473,0.015142925672794,-0.0289814800347866,0.19781802590419,0.0060571702691186,-0.0115925920139146,0,0,0,0,0,0,0,0,0,0,0,0
12.6305137206058,0.494695059583854,0.0148544838007726,-0.0287028214354839,0.197878023833542,0.00594179352030942,-0.0114811285741929,0,0,0,0,0,0,0,0,0,0,0,0
12.6405143938963,0.494842183747886,0.0145688343188975,-0.0284230452781596,0.197936873499154,0.00582753372756,-0.0113692181112633,0,0,0,0,0,0,0,0,0,0,0,0
12.6505150671867,0.494986465233665,0.0142859882326873,-0.0281421857831145,0.197994586093467,0.00571439529307579,-0.0112568743132453,0,0,0,0,0,0,0,0,0,0,0,0
12.6605157404772,0.495127932130638,0.0140059562036501,-0.0278602775272946,0.198051172852255,0.0056023824814612,-0.0111441110109174,0,0,0,0,0,0,0,0,0,0,0,0
12.6705164137676,0.495266612633134,0.0137287485457135,-0.0275773554454232,0.198106645053254,0.00549149941828594,-0.0110309421781686,0,0,0,0,0,0,0,0,0,0,0,0
12.680517087058,0.495402535036876,0.0134543752216378,-0.0272934548311198,0.198161014014751,0.00538175008865553,-0.0109173819324476,0,0,0,0,0,0,0,0,0,0,0,0
12.6905177603485,0.495535727735455,0.0131828458394273,-0.0270086113380207,0.198214291094182,0.00527313833577181,-0.0108034445352081,0,0,0,0,0,0,0,0,0,0,0,0
12.7005184336389,0.495666219216753,0.0129141696487201,-0.0267228609808979,0.198266487686701,0.00516566785948971,-0.010689144392359,0,0,0,0,0,0,0,0,0,0,0,0
12.7105191069294,0.495794038059351,0.012648355537175,-0.026436240136789,0.19831761522374,0.00505934221487041,-0.0105744960547149,0,0,0,0,0,0,0,0,0,0,0,0
12.7205197802198,0.495919212928886,0.0123854120268337,-0.0261487855461074,0.198367685171554,0.00495416481073346,-0.0104595142184429,0,0,0,0,0,0,0,0,0,0,0,0
12.7305204535102,0.496041772574381,0.0121253472704885,-0.0258605343137749,0.198416709029752,0.00485013890819702,-0.0103442137255103,0,0,0,0,0,0,0,0,0,0,0,0
12.7405211268007,0.496161745824526,0.0118681690480379,-0.0255715239103358,0.19846469832981,0.00474726761921581,-0.0102286095641336,0,0,0,0,0,0,0,0,0,0,0,0
12.7505218000911,0.496279161583941,0.0116138847628068,-0.0252817921730785,0.198511664633576,0.00464555390512313,-0.010112716869231,0,0,0,0,0,0,0,0,0,0,0,0
12.7605224733816,0.496394048829379,0.0113625014378882,-0.0249913773071636,0.19855761953175,0.00454500057515634,-0.00999655092286515,0,0,0,0,0,0,0,0,0,0,0,0
12.770523146672,0.496506436605919,0.0111140257124528,-0.0247003178867392,0.198602574642368,0.00444561028498218,-0.00988012715469489,0,0,0,0,0,0,0,0,0,0,0,0
12.7805238199624,0.496616354023098,0.0108684638380541,-0.0244086528560629,0.198646541609239,0.00434738553522253,-0.00976346114242483,0,0,0,0,0,0,0,0,0,0,0,0
12.7905244932529,0.496723830251016,0.0106258216749238,-0.0241164215306277,0.198689532100406,0.00425032866997042,-0.00964656861225088,0,0,0,0,0,0,0,0,0,0,0,0
12.8005251665433,0.496828894516411,0.0103861046882457,-0.0238236635982808,0.198731557806565,0.00415444187529993,-0.00952946543931187,0,0,0,0,0,0,0,0,0,0,0,0
12.8105258398338,0.496931576098689,0.0101493179444383,-0.0235304191203404,0.198772630439475,0.00405972717777598,-0.00941216764813573,0,0,0,0,0,0,0,0,0,0,0,0
12.8205265131242,0.497031904325906,0.00991546610740117,-0.0232367285327283,0.198812761730362,0.00396618644296105,-0.00929469141309076,0,0,0,0,0,0,0,0,0,0,0,0
12.8305271864146,0.497129908570735,0.00968455343477462,-0.0229426326470805,0.198851963428293,0.0038738213739111,-0.00917705305883179,0,0,0,0,0,0,0,0,0,0,0,0
12.8405278597051,0.497225618246382,0.00945658377417176,-0.0226481726518745,0.198890247298552,0.00378263350966954,-0.00905926906074951,0,0,0,0,0,0,0,0,0,0,0,0
12.8505285329955,0.497319062802468,0.00923156055939997,-0.0223533901135508,0.198927625120986,0.00369262422376041,-0.00894135604541971,0,0,0,0,0,0,0,0,0,0,0,0
12.860529206286,0.497410271720862,0.00900948680668471,-0.0220583269776315,0.198964108688345,0.00360379472267422,-0.00882333079105234,0,0,0,0,0,0,0,0,0,0,0,0
12.8705298795764,0.497499274511503,0.00879036511086098,-0.0217630255698459,0.198999709804601,0.00351614604434549,-0.00870521022793803,0,0,0,0,0,0,0,0,0,0,0,0
12.8805305528668,0.497586100708149,0.00857419764158062,-0.0214675285972479,0.199034440283259,0.00342967905663335,-0.00858701143889823,0,0,0,0,0,0,0,0,0,0,0,0
12.8905312261573,0.497670779864119,0.00836098613948053,-0.0211718791493394,0.199068311945648,0.00334439445579306,-0.00846875165973533,0,0,0,0,0,0,0,0,0,0,0,0
12.9005318994477,0.497753341547978,0.00815073191235567,-0.0208761206991934,0.199101336619191,0.00326029276494304,-0.00835044827967731,0,0,0,0,0,0,0,0,0,0,0,0
12.9105325727382,0.497833815339186,0.00794343583131664,-0.0205802971045734,0.199133526135674,0.00317737433252777,-0.00823211884182934,0,0,0,0,0,0,0,0,0,0,0,0
12.9205332460286,0.497912230823718,0.00773909832694633,-0.0202844526090554,0.199164892329487,0.00309563933077888,-0.0081137810436217,0,0,0,0,0,0,0,0,0,0,0,0
12.930533919319,0.497988617589637,0.00753771938541963,-0.0199886318431486,0.199195447035855,0.00301508775416863,-0.00799545273725911,0,0,0,0,0,0,0,0,0,0,0,0
12.9405345926095,0.498063005222627,0.00733929854463935,-0.0196928798254216,0.19922520208905,0.00293571941785731,-0.00787715193016808,0,0,0,0,0,0,0,0,0,0,0,0
12.9505352658999,0.498135423301492,0.00714383489035337,-0.0193972419636132,0.199254169320596,0.00285753395614248,-0.00775889678544471,0,0,0,0,0,0,0,0,0,0,0,0
12.9605359391904,0.49820590139362,0.00695132705224129,-0.0191017640557704,0.199282360557448,0.00278053082089739,-0.007640705622308,0,0,0,0,0,0,0,0,0,0,0,0
12.9705366124808,0.498274469050396,0.00676177320002035,-0.0188064922913545,0.199309787620159,0.00270470928000911,-0.00752259691654146,0,0,0,0,0,0,0,0,0,0,0,0
12.9805372857712,0.498341155802583,0.0065751710395202,-0.018511473252368,0.199336462321032,0.00263006841580878,-0.00740458930094696,0,0,0,0,0,0,0,0,0,0,0,0
12.9905379590617,0.498405991155666,0.00639151780874889,-0.0182167539144833,0.199362396462266,0.00255660712350088,-0.00728670156579254,0,0,0,0,0,0,0,0,0,0,0,0
13.0005386323521,0.498469004585152,0.00621081027395924,-0.0179223816481502,0.199387601834061,0.00248432410958441,-0.00716895265925985,0,0,0,0,0,0,0,0,0,0,0,0
13.0105393056426,0.498530225531836,0.00603304472567917,-0.0176284042197316,0.199412090212735,0.00241321789027274,-0.00705136168789151,0,0,0,0,0,0,0,0,0,0,0,0
13.020539978933,0.498589683397019,0.00585821697476537,-0.017334869792612,0.199435873358807,0.00234328678990677,-0.00693394791704479,0,0,0,0,0,0,0,0,0,0,0,0
13.0305406522234,0.49864740753769,0.00568632234841201,-0.0170418269283332,0.199458963015076,0.00227452893936669,-0.00681673077133257,0,0,0,0,0,0,0,0,0,0,0,0
13.0405413255139,0.498703427261672,0.00551735568617774,-0.0167493245877016,0.199481370904669,0.00220694227447254,-0.00669972983508051,0,0,0,0,0,0,0,0,0,0,0,0
13.0505419988043,0.498757771822731,0.00535131133596818,-0.0164574121319216,0.199503108729092,0.00214052453438881,-0.00658296485276805,0,0,0,0,0,0,0,0,0,0,0,0
13.0605426720948,0.498810470415625,0.00518818315004502,-0.016166139323707,0.19952418816625,0.00207527326001919,-0.00646645572948228,0,0,0,0,0,0,0,0,0,0,0,0
13.0705433453852,0.498861552171137,0.00502796448099514,-0.0158755563284131,0.199544620868455,0.0020111857923986,-0.00635022253136489,0,0,0,0,0,0,0,0,0,0,0,0
13.0805440186756,0.498911046151065,0.00487064817769461,-0.0155857137151468,0.199564418460426,0.00194825927107986,-0.00623428548605818,0,0,0,0,0,0,0,0,0,0,0,0
13.0905446919661,0.498958981343145,0.00471622658128175,-0.0152966624578986,0.199583592537258,0.00188649063251353,-0.00611866498315891,0,0,0,0,0,0,0,0,0,0,0,0
13.1005453652565,0.499005386655965,0.00456469152108049,-0.0150084539366583,0.199602154662386,0.00182587660843339,-0.00600338157466304,0,0,0,0,0,0,0,0,0,0,0,0
13.110546038547,0.499050290913829,0.00441603431055184,-0.0147211399385373,0.19962011636553,0.00176641372422231,-0.00588845597541445,0,0,0,0,0,0,0,0,0,0,0,0
13.1205467118374,0.499093722851569,0.0042702457432086,-0.0144347726588892,0.199637489140627,0.00170809829728502,-0.00577390906355463,0,0,0,0,0,0,0,0,0,0,0,0
13.1305473851278,0.499135711109332,0.00412731608852791,-0.0141494047024365,0.199654284443732,0.00165092643541284,-0.00565976188097377,0,0,0,0,0,0,0,0,0,0,0,0
13.1405480584183,0.499176284227316,0.00398723508785637,-0.0138650890843851,0.199670513690925,0.00159489403514432,-0.00554603563375333,0,0,0,0,0,0,0,0,0,0,0,0
13.1505487317087,0.499215470640462,0.00384999195028997,-0.0135818792315498,0.199686188256186,0.00153999678011815,-0.00543275169261972,0,0,0,0,0,0,0,0,0,0,0,0
13.1605494049992,0.499253298673127,0.00371557534856617,-0.013299828983478,0.199701319469251,0.00148623013942666,-0.00531993159339093,0,0,0,0,0,0,0,0,0,0,0,0
13.1705500782896,0.499289796533677,0.00358397341490532,-0.0130189925935661,0.19971591861347,0.00143358936596307,-0.00520759703742599,0,0,0,0,0,0,0,0,0,0,0,0
13.18055075158,0.499324992309076,0.00345517373690486,-0.0127394247301835,0.19972999692363,0.00138206949476327,-0.00509576989207276,0,0,0,0,0,0,0,0,0,0,0,0
13.1905514248705,0.499358913959419,0.00332916335335078,-0.012461180477794,0.199743565583768,0.00133166534134069,-0.00498447219111657,0,0,0,0,0,0,0,0,0,0,0,0
13.2005520981609,0.499391589312421,0.00320592875005723,-0.0121843153380773,0.199756635724967,0.00128237150002385,-0.00487372613523042,0,0,0,0,0,0,0,0,0,0,0,0
13.2105527714514,0.499423046057842,0.0030854558557038,-0.0119088852310534,0.199769218423138,0.00123418234228277,-0.00476355409242065,0,0,0,0,0,0,0,0,0,0,0,0
13.2205534447418,0.49945331174195,0.00296773003763002,-0.0116349464961983,0.199781324696779,0.00118709201505326,-0.00465397859847921,0,0,0,0,0,0,0,0,0,0,0,0
13.2305541180323,0.499482413761822,0.00285273609764348,-0.0113625558935684,0.199792965504729,0.00114109443905768,-0.00454502235742685,0,0,0,0,0,0,0,0,0,0,0,0
13.2405547913227,0.499510379359716,0.00274045826779753,-0.0110917706049271,0.199804151743887,0.00109618330712076,-0.00443670824197048,0,0,0,0,0,0,0,0,0,0,0,0
13.2505554646131,0.499537235617324,0.00263088020618966,-0.0108226482348555,0.199814894246929,0.00105235208247752,-0.00432905929394218,0,0,0,0,0,0,0,0,0,0,0,0
13.2605561379036,0.499563009450026,0.00252398499270119,-0.0105552468118835,0.19982520378001,0.00100959399708155,-0.00422209872475325,0,0,0,0,0,0,0,0,0,0,0,0
13.270556811194,0.499587727601077,0.00241975512476935,-0.0102896247896079,0.199835091040431,0.000967902049908819,-0.00411584991584267,0,0,0,0,0,0,0,0,0,0,0,0
13.2805574844845,0.499611416635762,0.00231817251313086,-0.0100258410478132,0.199844566654305,0.000927269005253131,-0.00401033641912457,0,0,0,0,0,0,0,0,0,0,0,0
13.2905581577749,0.49963410293552,0.00221921847753638,-0.00976395489359233,0.199853641174208,0.000887687391016531,-0.00390558195743626,0,0,0,0,0,0,0,0,0,0,0,0
13.3005588310653,0.499655812691993,0.00212287374250111,-0.00950402606247356,0.199862325076797,0.000849149497001635,-0.00380161042498837,0,0,0,0,0,0,0,0,0,0,0,0
13.3105595043558,0.49967657190106,0.00202911843298495,-0.00924611471953308,0.199870628760425,0.000811647373194078,-0.00369844588781302,0,0,0,0,0,0,0,0,0,0,0,0
13.3205601776462,0.499696406356824,0.00193793207010486,-0.00899028146052884,0.199878562542729,0.000775172828042942,-0.00359611258421108,0,0,0,0,0,0,0,0,0,0,0,0
13.3305608509367,0.499715341645551,0.00184929356682825,-0.00873658731300734,0.19988613665822,0.000739717426732705,-0.00349463492520228,0,0,0,0,0,0,0,0,0,0,0,0
13.3405615242271,0.499733403139555,0.00176318122363718,-0.00848509373743808,0.199893361255821,0.000705272489456182,-0.00339403749497453,0,0,0,0,0,0,0,0,0,0,0,0
13.3505621975175,0.499750615991065,0.00167957272419922,-0.00823586262832698,0.199900246396426,0.000671829089681508,-0.00329434505133048,0,0,0,0,0,0,0,0,0,0,0,0
13.360562870808,0.499767005126031,0.00159844513102019,-0.00798895631534465,0.199906802050413,0.000639378052410102,-0.00319558252613723,0,0,0,0,0,0,0,0,0,0,0,0
13.3705635440984,0.499782595237887,0.00151977488108967,-0.00774443756443779,0.199913038095154,0.00060790995243719,-0.00309777502577424,0,0,0,0,0,0,0,0,0,0,0,0
13.3805642173889,0.499797410781271,0.00144353778150319,-0.00750236957896285,0.199918964312509,0.000577415112601785,-0.00300094783158473,0,0,0,0,0,0,0,0,0,0,0,0
13.3905648906793,0.499811475965712,0.00136970900509033,-0.0072628160007974,0.199924590386285,0.000547883602037259,-0.00290512640031845,0,0,0,0,0,0,0,0,0,0,0,0
13.4005655639697,0.499824814749261,0.00129826308602465,-0.00702584091146992,0.199929925899703,0.000519305234411301,-0.00281033636458775,0,0,0,0,0,0,0,0,0,0,0,0
13.4105662372602,0.499837450832078,0.00122917391541518,-0.00679150883327698,0.199934980332831,0.000491669566168032,-0.00271660353331033,0,0,0,0,0,0,0,0,0,0,0,0
13.4205669105506,0.499849407649986,0.00116241473689896,-0.00655988473040091,0.199939763059996,0.000464965894761553,-0.00262395389215994,0,0,0,0,0,0,0,0,0,0,0,0
13.4305675838411,0.499860708367972,0.0010979581422101,-0.00633103401004007,0.199944283347188,0.000439183256885496,-0.002532413604016,0,0,0,0,0,0,0,0,0,0,0,0
13.4405682571315,0.499871375873636,0.00103577606675096,-0.00610502252352659,0.199948550349454,0.000414310426700695,-0.00244200900940972,0,0,0,0,0,0,0,0,0,0,0,0
13.4505689304219,0.499881432770619,0.000975839785129287,-0.00588191656744241,0.199952573108248,0.000390335914053704,-0.00235276662697669,0,0,0,0,0,0,0,0,0,0,0,0
13.4605696037124,0.49989090137197,0.000918119906729011,-0.00566178288475074,0.199956360548788,0.000367247962692865,-0.00226471315390032,0,0,0,0,0,0,0,0,0,0,0,0
13.4705702770028,0.499899803693454,0.00086258637120816,-0.00544468866591169,0.19995992147738,0.000345034548484635,-0.00217787546636403,0,0,0,0,0,0,0,0,0,0,0,0
13.4805709502933,0.499908161446857,0.000809208444038892,-0.00523070155000028,0.199963264578742,0.000323683377617038,-0.00209228061999974,0,0,0,0,0,0,0,0,0,0,0,0
13.4905716235837,0.499915996033201,0.000757954712012314,-0.00501988962584149,0.199966398413279,0.000303181884805457,-0.00200795585033627,0,0,0,0,0,0,0,0,0,0,0,0
13.5005722968741,0.499923328535952,0.000708793078719238,-0.00481232143311332,0.19996933141438,0.000283517231489187,-0.00192492857324432,0,0,0,0,0,0,0,0,0,0,0,0
13.5105729701646,0.499930179714142,0.000661690760065353,-0.00460806596348333,0.199972071885657,0.000264676304027745,-0.00184322638539223,0,0,0,0,0,0,0,0,0,0,0,0
13.520573643455,0.499936569995497,0.00061661427971466,-0.00440719266172321,0.199974627998199,0.00024664571188683,-0.00176287706468868,0,0,0,0,0,0,0,0,0,0,0,0
13.5305743167455,0.499942519469467,0.00057352946457379,-0.00420977142683229,0.199977007787788,0.000229411785831024,-0.00168390857073312,0,0,0,0,0,0,0,0,0,0,0,0
13.5405749900359,0.499948047880248,0.000532401440239632,-0.00401587261315863,0.199979219152099,0.000212960576096501,-0.00160634904526257,0,0,0,0,0,0,0,0,0,0,0,0
13.5505756633263,0.49995317461974,0.000493194626418296,-0.00382556703152053,0.199981269847896,0.000197277850568837,-0.00153022681260745,0,0,0,0,0,0,0,0,0,0,0,0
13.5605763366168,0.49995791872047,0.000455872732396615,-0.0036389259503266,0.199983167488189,0.000182349092960714,-0.00145557038012975,0,0,0,0,0,0,0,0,0,0,0,0
13.5705770099072,0.499962298848466,0.000420398752424692,-0.00345602109669927,0.199984919539386,0.000168159500971624,-0.00138240843867917,0,0,0,0,0,0,0,0,0,0,0,0
13.5805776831977,0.499966333296073,0.000386734961134695,-0.00327692465759847,0.199986533318426,0.000154693984454974,-0.00131076986303852,0,0,0,0,0,0,0,0,0,0,0,0
13.5905783564881,0.499970039974734,0.000354842908933287,-0.00310170928093698,0.199988015989893,0.000141937163575295,-0.00124068371237392,0,0,0,0,0,0,0,0,0,0,0,0
13.6005790297785,0.499973436407747,0.000324683417400438,-0.00293044807670967,0.199989374563098,0.000129873366962051,-0.00117217923068323,0,0,0,0,0,0,0,0,0,0,0,0
13.610579703069,0.49997653972292,0.000296216574645195,-0.00276321461810739,0.199990615889169,0.000118486629858964,-0.00110528584724206,0,0,0,0,0,0,0,0,0,0,0,0
13.6205803763594,0.499979366645234,0.000269401730667649,-0.00260008294264209,0.199991746658093,0.000107760692268282,-0.00104003317705627,0,0,0,0,0,0,0,0,0,0,0,0
13.6305810496499,0.499981933489433,0.000244197492730884,-0.00244112755327039,0.199992773395772,9.76789970933574e-05,-0.000976451021307614,0,0,0,0,0,0,0,0,0,0,0,0
13.6405817229403,0.499984256152575,0.000220561720670657,-0.00228642341951366,0.19999370246103,8.82246882706127e-05,-0.000914569367805336,0,0,0,0,0,0,0,0,0,0,0,0
13.6505823962307,0.499986350106525,0.000198451522258376,-0.00213604597857487,0.199994540042611,7.93806089036875e-05,-0.000854418391428959,0,0,0,0,0,0,0,0,0,0,0,0
13.6605830695212,0.499988230390417,0.00017782324847809,-0.00199007113647047,0.199995292156166,7.11292993925882e-05,-0.000796028454587277,0,0,0,0,0,0,0,0,0,0,0,0
13.6705837428116,0.499989911603069,0.000158632488867165,-0.00184857526913852,0.199995964641227,6.34529955487884e-05,-0.000739430107655303,0,0,0,0,0,0,0,0,0,0,0,0
13.6805844161021,0.499991407895332,0.000140834066796564,-0.00171163522357421,0.199996563158132,5.63336267198737e-05,-0.000684654089429239,0,0,0,0,0,0,0,0,0,0,0,0
13.6905850893925,0.499992732962405,0.000124382034749837,-0.00157932831894155,0.199997093184962,4.97528139007318e-05,-0.000631731327575887,0,0,0,0,0,0,0,0,0,0,0,0
13.7005857626829,0.499993900036119,0.000109229669609093,-0.001451732347697,0.199997560014445,4.36918678442083e-05,-0.000580692939077879,0,0,0,0,0,0,0,0,0,0,0,0
13.7105864359734,0.499994921877131,9.53294678979283e-05,-0.00132892557671201,0.199997968750852,3.8131787161579e-05,-0.000531570230684253,0,0,0,0,0,0,0,0,0,0,0,0
13.7205871092638,0.499995810767119,8.26331410530334e-05,-0.00121098674839993,0.199998324306847,3.30532564230541e-05,-0.000484394699358809,0,0,0,0,0,0,0,0,0,0,0,0
13.7305877825543,0.499996578500892,7.10916106423137e-05,-0.00109799508182323,0.199998631400357,2.84366442584262e-05,-0.000439198032728868,0,0,0,0,0,0,0,0,0,0,0,0
13.7405884558447,0.499997236378477,6.06550036072815e-05,-0.00099003027383307,0.199998894551389,2.42620014446502e-05,-0.000396012109533493,0,0,0,0,0,0,0,0,0,0,0,0
13.7505891291351,0.499997795197137,5.12726474712917e-05,-0.000887172500176546,0.199999118078855,2.05090589900278e-05,-0.000354869000069715,0,0,0,0,0,0,0,0,0,0,0,0
13.7605898024256,0.499998265243363,4.28930655410602e-05,-0.000789502416624054,0.199999306097347,1.71572262179403e-05,-0.000315800966649249,0,0,0,0,0,0,0,0,0,0,0,0
13.770590475716,0.499998656284803,3.54639721238118e-05,-0.000697101160092978,0.199999462513921,1.41855888496418e-05,-0.000278840464036631,0,0,0,0,0,0,0,0,0,0,0,0
13.7805911490065,0.49999897756215,2.89322676702768e-05,-0.000610050349760711,0.19999959102486,1.15729070691676e-05,-0.000244020139903937,0,0,0,0,0,0,0,0,0,0,0,0
13.7905918222969,0.499999237780969,2.32440339822484e-05,-0.000528432088200076,0.199999695112388,9.29761359537396e-06,-0.000211372835279012,0,0,0,0,0,0,0,0,0,0,0,0
13.8005924955873,0.499999445103495,1.83445293576444e-05,-0.000452328962485918,0.199999778041399,7.33781174542258e-06,-0.00018093158499383,0,0,0,0,0,0,0,0,0,0,0,0
13.8105931688778,0.49999960714038,1.41781837382768e-05,-0.000381824045327886,0.199999842856151,5.67127349614124e-06,-0.000152729618130562,0,0,0,0,0,0,0,0,0,0,0,0
13.8205938421682,0.499999730942361,1.06885938487617e-05,-0.00031700089618609,0.199999892376944,4.27543754033801e-06,-0.000126800358474085,0,0,0,0,0,0,0,0,0,0,0,0
13.8305945154587,0.499999822991931,7.81851832184777e-06,-0.000257943562395879,0.199999929196772,3.12740733088928e-06,-0.000103177424957784,0,0,0,0,0,0,0,0,0,0,0,0
13.8405951887491,0.499999889194912,5.50987282808641e-06,-0.000204736580284529,0.199999955677963,2.20394913219345e-06,-8.18946321133779e-05,0,0,0,0,0,0,0,0,0,0,0,0
13.8505958620395,0.499999934872009,3.70372515128148e-06,-0.0001574649762971,0.199999973948802,1.48149006363954e-06,-6.29859905187312e-05,0,0,0,0,0,0,0,0,0,0,0,0
13.86059653533,0.499999964750303,2.34029031368151e-06,-0.00011621426812072,0.199999985900122,9.36116126558684e-07,-4.64857072470076e-05,0,0,0,0,0,0,0,0,0,0,0,0
13.8705972086204,0.499999982954714,1.35892563128487e-06,-8.10704657958055e-05,0.199999993181887,5.4357025251395e-07,-3.24281863174759e-05,0,0,0,0,0,0,0,0,0,0,0,0
13.8805978819109,0.499999992999364,6.98125796267496e-07,-5.21200728484809e-05,0.199999997199746,2.79250320086428e-07,-2.08480291392282e-05,0,0,0,0,0,0,0,0,0,0,0,0
13.8905985552013,0.499999997778961,2.95517941125387e-07,-2.94500874094311e-05,0.199999999111585,1.18207179132076e-07,-1.17800349627852e-05,0,0,0,0,0,0,0,0,0,0,0,0
13.9005992284917,0.499999999560082,8.78566782449667e-08,-1.31480033261259e-05,0.199999999824033,3.51426723988427e-08,-5.25920133036789e-06,0,0,0,0,0,0,0,0,0,0,0,0
13.9105999017822,0.49999999997242,1.10191379029032e-08,-3.30181130356411e-06,0.19999999998897,4.40765577481178e-09,-1.32072452081961e-06,0,0,0,0,0,0,0,0,0,0,0,0
13.9206005750726,0.49999999999999,-9.85150370227488e-15,-2.76088577763574e-15,0.199999999999995,-1.84715694417654e-15,-5.52177155527148e-16,0,0,0,0,0,0,0,0,0,0,0,0
